solid OpenSCAD_Model
  facet normal -0.9458172417006342 -0.3246994692046849 0
    outer loop
      vertex -5.276842507238934 -2.8556843582224425 -6.652084228602076
      vertex -5.413224315852299 -2.4584177216098584 -7.336285234854506
      vertex -5.276842507238934 -2.8556843582224425 -18.011327501476558
    endloop
  endfacet
  facet normal -0.9458172417006345 -0.3246994692046839 0
    outer loop
      vertex -5.918167820416334 -0.9875675416844049 -7.427093971941254
      vertex -5.918167820416334 -0.9875675416844049 -18.011327501476558
      vertex -5.276842507238934 -2.8556843582224425 -18.011327501476558
    endloop
  endfacet
  facet normal -0.9458172417006347 -0.32469946920468346 -9.053356023566818e-17
    outer loop
      vertex -5.822478332591696 -1.2663014972887299 -7.601254632246744
      vertex -5.918167820416334 -0.9875675416844049 -7.427093971941254
      vertex -5.276842507238934 -2.8556843582224425 -18.011327501476558
    endloop
  endfacet
  facet normal -0.9458172417006346 -0.3246994692046836 -5.262255563300027e-17
    outer loop
      vertex -5.413224315852299 -2.4584177216098584 -7.336285234854506
      vertex -5.511244820829177 -2.172893745009539 -7.285422183747612
      vertex -5.276842507238934 -2.8556843582224425 -18.011327501476558
    endloop
  endfacet
  facet normal -0.9458172417006345 -0.3246994692046837 -4.50519883073414e-17
    outer loop
      vertex -5.822478332591696 -1.2663014972887299 -7.601254632246744
      vertex -5.276842507238934 -2.8556843582224425 -18.011327501476558
      vertex -5.511244820829177 -2.172893745009539 -7.285422183747612
    endloop
  endfacet
  facet normal -1 0 0
    outer loop
      vertex -5.918167820416334 -0.9875675416844049 -7.427093971941254
      vertex -5.918167820416334 -2.7676772903892743e-17 -7.967121718066103
      vertex -5.918167820416334 -0.9875675416844049 -18.011327501476558
    endloop
  endfacet
  facet normal -1 0 0
    outer loop
      vertex -5.918167820416334 -2.7676772903892743e-17 -7.967121718066103
      vertex -5.918167820416334 0.309957380636622 -7.603545535457525
      vertex -5.918167820416334 -0.9875675416844049 -18.011327501476558
    endloop
  endfacet
  facet normal -0.546948158122427 -0.8371664782625285 -2.9390204668615615e-17
    outer loop
      vertex -2.4608728390062455 -5.461515806554496 -6.563671457333196
      vertex -3.6154595647116214 -4.707186650509232 -6.316412837995243
      vertex -2.4101725479178158 -5.494639959930345 -18.01132750147656
    endloop
  endfacet
  facet normal -0.24548548714079946 -0.9694002659393304 0
    outer loop
      vertex -2.4101725479178158 -5.494639959930345 -6.579854756948715
      vertex -2.4101725479178158 -5.494639959930345 -18.01132750147656
      vertex -0.4954760728339962 -5.9795069580400195 -18.011327501476558
    endloop
  endfacet
  facet normal -0.5469481581224223 -0.8371664782625315 0
    outer loop
      vertex -2.4101725479178158 -5.494639959930345 -6.579854756948715
      vertex -2.4608728390062455 -5.461515806554496 -6.563671457333196
      vertex -2.4101725479178158 -5.494639959930345 -18.01132750147656
    endloop
  endfacet
  facet normal -0.2454854871408023 -0.9694002659393296 -5.141673318189696e-16
    outer loop
      vertex -2.121005163513881 -5.567867086763085 -7.356521995835983
      vertex -2.4101725479178158 -5.494639959930345 -6.579854756948715
      vertex -0.4954760728339962 -5.9795069580400195 -18.011327501476558
    endloop
  endfacet
  facet normal -0.24548548714079874 -0.9694002659393307 8.037784671351007e-17
    outer loop
      vertex -2.121005163513881 -5.567867086763085 -7.356521995835983
      vertex -0.4954760728339962 -5.9795069580400195 -18.011327501476558
      vertex -1.3736911758131103 -5.757112690218839 -7.315497560946428
    endloop
  endfacet
  facet normal -0.24548548714079957 -0.9694002659393304 5.320218315572253e-19
    outer loop
      vertex -1.3736911758131103 -5.757112690218839 -7.315497560946428
      vertex -0.4954760728339962 -5.9795069580400195 -18.011327501476558
      vertex -0.4954760728339962 -5.9795069580400195 -7.284655626379918
    endloop
  endfacet
  facet normal 0 0 -1
    outer loop
      vertex -1.6101005854571928 3.6706596065096333 -20
      vertex -2.7147221204624485 -2.9489743387867784 -20
      vertex -3.525161390461791 -1.9077219434048938 -20
    endloop
  endfacet
  facet normal 0 0 -1
    outer loop
      vertex -0.33099966873294934 3.99457194971498 -20
      vertex -1.6101005854571917 -3.670659606509634 -20
      vertex -2.7147221204624485 -2.9489743387867784 -20
    endloop
  endfacet
  facet normal -0.7891405093963935 -0.614212712689668 0
    outer loop
      vertex -5.276842507238934 -2.8556843582224425 -6.652084228602076
      vertex -5.276842507238934 -2.8556843582224425 -18.011327501476558
      vertex -4.0636894297544455 -4.41434346403879 -18.011327501476558
    endloop
  endfacet
  facet normal -0.5469481581224269 -0.8371664782625285 0
    outer loop
      vertex -4.0636894297544455 -4.41434346403879 -4.574898001825338
      vertex -4.0636894297544455 -4.41434346403879 -18.011327501476558
      vertex -2.4101725479178158 -5.494639959930345 -18.01132750147656
    endloop
  endfacet
  facet normal -0.7891405093963937 -0.6142127126896678 -3.3812560951365194e-17
    outer loop
      vertex -4.427974175450594 -3.946310413200196 -6.027975014015449
      vertex -4.80351071355781 -3.463821059176326 -6.287308067811438
      vertex -4.0636894297544455 -4.41434346403879 -18.011327501476558
    endloop
  endfacet
  facet normal -0.7891405093963932 -0.6142127126896681 3.013893427158981e-18
    outer loop
      vertex -5.022778347178835 -3.182105997740823 -6.4850410534773815
      vertex -5.276842507238934 -2.8556843582224425 -6.652084228602076
      vertex -4.0636894297544455 -4.41434346403879 -18.011327501476558
    endloop
  endfacet
  facet normal -0.7891405093963931 -0.6142127126896683 3.4834974690879284e-17
    outer loop
      vertex -5.022778347178835 -3.182105997740823 -6.4850410534773815
      vertex -4.0636894297544455 -4.41434346403879 -18.011327501476558
      vertex -4.905969518215833 -3.33218198426055 -6.435159232947173
    endloop
  endfacet
  facet normal -0.7891405093963931 -0.6142127126896684 4.315446569487135e-17
    outer loop
      vertex -4.80351071355781 -3.463821059176326 -6.287308067811438
      vertex -4.905969518215833 -3.33218198426055 -6.435159232947173
      vertex -4.0636894297544455 -4.41434346403879 -18.011327501476558
    endloop
  endfacet
  facet normal -0.546948158122434 -0.8371664782625239 -1.0735328845985956e-15
    outer loop
      vertex -3.6154595647116214 -4.707186650509232 -6.316412837995243
      vertex -3.7075896576235254 -4.646995056681448 -5.893760275994823
      vertex -2.4101725479178158 -5.494639959930345 -18.01132750147656
    endloop
  endfacet
  facet normal -0.9458172417006346 -0.3246994692046837 7.621419440521022e-16
    outer loop
      vertex -5.276842507238934 -2.8556843582224425 -6.652084228602076
      vertex -5.417140740504204 -2.447009566337334 -7.13880245230197
      vertex -5.413224315852299 -2.4584177216098584 -7.336285234854506
    endloop
  endfacet
  facet normal -1 0 0
    outer loop
      vertex -5.918167820416334 -0.30995738063661926 -7.603545535457525
      vertex -5.918167820416334 -2.7676772903892743e-17 -7.967121718066103
      vertex -5.918167820416334 -0.9875675416844049 -7.427093971941254
    endloop
  endfacet
  facet normal -0.7891405093963932 -0.6142127126896684 1.6864059807713468e-18
    outer loop
      vertex -4.427974175450594 -3.946310413200196 -6.027975014015449
      vertex -4.0636894297544455 -4.41434346403879 -18.011327501476558
      vertex -4.0636894297544455 -4.41434346403879 -4.574898001825338
    endloop
  endfacet
  facet normal -0.5469481581224267 -0.8371664782625288 5.150361805101567e-17
    outer loop
      vertex -3.7075896576235254 -4.646995056681448 -5.893760275994823
      vertex -4.0636894297544455 -4.41434346403879 -4.574898001825338
      vertex -2.4101725479178158 -5.494639959930345 -18.01132750147656
    endloop
  endfacet
  facet normal -0.7891405093963901 -0.6142127126896721 3.5225712111138414e-15
    outer loop
      vertex -4.427974175450594 -3.946310413200196 -6.027975014015449
      vertex -4.517781632571611 -3.8309257899322597 -5.726684137852517
      vertex -4.550832533818852 -3.788461991141702 -5.81578142564168
    endloop
  endfacet
  facet normal -0.7891405093963902 -0.6142127126896721 -3.4373053984746892e-15
    outer loop
      vertex -4.517781632571611 -3.8309257899322597 -5.726684137852517
      vertex -4.0636894297544455 -4.41434346403879 -4.574898001825338
      vertex -4.562748904455574 -3.773151837834651 -5.6037771400107825
    endloop
  endfacet
  facet normal -0.5469481581224257 -0.8371664782625294 4.383782593975586e-16
    outer loop
      vertex -3.7075896576235254 -4.646995056681448 -5.893760275994823
      vertex -3.5940525235246605 -4.721172568545939 -5.6037771400107825
      vertex -4.0636894297544455 -4.41434346403879 -4.574898001825338
    endloop
  endfacet
  facet normal -0.7891405093963939 -0.6142127126896673 5.058516992323135e-16
    outer loop
      vertex -4.427974175450594 -3.946310413200196 -6.027975014015449
      vertex -4.0636894297544455 -4.41434346403879 -4.574898001825338
      vertex -4.517781632571611 -3.8309257899322597 -5.726684137852517
    endloop
  endfacet
  facet normal -0.7891405093963935 -0.6142127126896679 7.917762647145194e-16
    outer loop
      vertex -4.562748904455574 -3.773151837834651 -5.6037771400107825
      vertex -4.0636894297544455 -4.41434346403879 -4.574898001825338
      vertex -4.56397076387793 -3.771581992816713 -4.711259018743083
    endloop
  endfacet
  facet normal -0.5469481581224265 -0.8371664782625289 -8.767907150886914e-17
    outer loop
      vertex -3.5940525235246605 -4.721172568545939 -5.6037771400107825
      vertex -3.5240455180572656 -4.766910427968508 -4.768575527558243
      vertex -4.0636894297544455 -4.41434346403879 -4.574898001825338
    endloop
  endfacet
  facet normal -0.7891405093963987 -0.6142127126896614 -1.2448183928667449e-15
    outer loop
      vertex -4.414414838776872 -3.9637314493147398 4.7135744801329205
      vertex -4.507580131453295 -3.844032678837022 5.716231672237014
      vertex -4.535817655043468 -3.8077531077866897 5.638776163444238
    endloop
  endfacet
  facet normal -0.546948158122426 -0.837166478262529 -4.792846601936451e-16
    outer loop
      vertex -4.0636894297544455 -4.41434346403879 4.613687874431297
      vertex -3.5585222133928363 -4.744385678708272 5.642319906207303
      vertex -3.7337202907300187 -4.62992306201937 6.0910740286228435
    endloop
  endfacet
  facet normal -0.7891405093963924 -0.6142127126896697 3.361890977208524e-15
    outer loop
      vertex -4.923594801432499 -3.309537019920837 6.468736476725704
      vertex -4.567170204736987 -3.7674713511169613 5.803570574287615
      vertex -4.512687824902663 -3.837470314159117 5.729353876465477
    endloop
  endfacet
  facet normal -0.546948158122427 -0.8371664782625285 1.5160060170402259e-16
    outer loop
      vertex -4.0636894297544455 -4.41434346403879 4.613687874431297
      vertex -3.485669412702487 -4.791982788944154 4.81406856657789
      vertex -3.5585222133928363 -4.744385678708272 5.642319906207303
    endloop
  endfacet
  facet normal -0.5469481581224276 -0.8371664782625281 0
    outer loop
      vertex -4.0636894297544455 -4.41434346403879 4.613687874431297
      vertex -3.7337202907300187 -4.62992306201937 6.0910740286228435
      vertex -4.0636894297544455 -4.41434346403879 18.008262197280892
    endloop
  endfacet
  facet normal -0.7891405093963931 -0.6142127126896685 -2.7420175385107364e-19
    outer loop
      vertex -4.414414838776872 -3.9637314493147398 4.7135744801329205
      vertex -4.0636894297544455 -4.41434346403879 4.613687874431297
      vertex -4.0636894297544455 -4.41434346403879 18.008262197280892
    endloop
  endfacet
  facet normal -0.7891405093963937 -0.6142127126896676 -6.335681794140938e-17
    outer loop
      vertex -4.414414838776872 -3.9637314493147398 4.7135744801329205
      vertex -5.276842507238934 -2.8556843582224425 18.00826219728089
      vertex -4.507580131453295 -3.844032678837022 5.716231672237014
    endloop
  endfacet
  facet normal -0.7891405093963976 -0.6142127126896628 -6.743497975812564e-16
    outer loop
      vertex -4.507580131453295 -3.844032678837022 5.716231672237014
      vertex -5.276842507238934 -2.8556843582224425 18.00826219728089
      vertex -4.512687824902663 -3.837470314159117 5.729353876465477
    endloop
  endfacet
  facet normal -0.9458172417006344 -0.32469946920468434 0
    outer loop
      vertex -5.276842507238934 -2.8556843582224425 6.402346817984935
      vertex -5.276842507238934 -2.8556843582224425 18.00826219728089
      vertex -5.550897156423879 -2.0573904373785443 6.873665186574952
    endloop
  endfacet
  facet normal -0.789140509396393 -0.6142127126896686 0
    outer loop
      vertex -5.276842507238934 -2.8556843582224425 6.402346817984935
      vertex -4.923594801432499 -3.309537019920837 6.468736476725704
      vertex -5.276842507238934 -2.8556843582224425 18.00826219728089
    endloop
  endfacet
  facet normal -0.9458172417006347 -0.32469946920468334 -2.0302749309609026e-17
    outer loop
      vertex -5.550897156423879 -2.0573904373785443 6.873665186574952
      vertex -5.918167820416334 -0.9875675416844049 18.00826219728089
      vertex -5.82299173813726 -1.2648059980254611 7.674742887215564
    endloop
  endfacet
  facet normal -0.9458172417006345 -0.3246994692046841 0
    outer loop
      vertex -5.918167820416334 -0.9875675416844049 7.423025048880976
      vertex -5.82299173813726 -1.2648059980254611 7.674742887215564
      vertex -5.918167820416334 -0.9875675416844049 18.00826219728089
    endloop
  endfacet
  facet normal -0.9458172417006345 -0.32469946920468384 3.8372875463431076e-17
    outer loop
      vertex -5.550897156423879 -2.0573904373785443 6.873665186574952
      vertex -5.276842507238934 -2.8556843582224425 18.00826219728089
      vertex -5.918167820416334 -0.9875675416844049 18.00826219728089
    endloop
  endfacet
  facet normal -1 0 0
    outer loop
      vertex -5.918167820416334 -0.9875675416844049 7.423025048880976
      vertex -5.918167820416334 -0.9875675416844049 18.00826219728089
      vertex -5.918167820416334 0.9875675416844049 18.00826219728089
    endloop
  endfacet
  facet normal -0.5469481581224269 -0.8371664782625284 0
    outer loop
      vertex -2.4101725479178158 -5.494639959930345 6.831411982684724
      vertex -2.4101725479178158 -5.494639959930345 18.00826219728089
      vertex -4.0636894297544455 -4.41434346403879 18.008262197280892
    endloop
  endfacet
  facet normal -0.24548548714079882 -0.9694002659393306 0
    outer loop
      vertex -2.4101725479178158 -5.494639959930345 6.831411982684724
      vertex -2.0687146084463004 -5.581108853693269 7.182661720334234
      vertex -2.4101725479178158 -5.494639959930345 18.00826219728089
    endloop
  endfacet
  facet normal -0.24548548714080728 -0.9694002659393284 -3.070893916125757e-16
    outer loop
      vertex -2.06667391459138 -5.58162562756128 7.223357659200954
      vertex -2.0108342527125957 -5.595766150397643 7.2055460747458815
      vertex -2.4101725479178158 -5.494639959930345 18.00826219728089
    endloop
  endfacet
  facet normal -0.24548548714073823 -0.9694002659393458 2.033563207720858e-15
    outer loop
      vertex -2.0687146084463004 -5.581108853693269 7.182661720334234
      vertex -2.06667391459138 -5.58162562756128 7.223357659200954
      vertex -2.4101725479178158 -5.494639959930345 18.00826219728089
    endloop
  endfacet
  facet normal -0.24548548714080837 -0.9694002659393282 -3.473425966487995e-16
    outer loop
      vertex -2.0108342527125957 -5.595766150397643 7.2055460747458815
      vertex -1.9869444549179685 -5.601815868821876 7.19870153435171
      vertex -2.4101725479178158 -5.494639959930345 18.00826219728089
    endloop
  endfacet
  facet normal -0.2454854871407991 -0.9694002659393304 3.5655420559387315e-17
    outer loop
      vertex -1.9869444549179685 -5.601815868821876 7.19870153435171
      vertex -0.49547607283399486 -5.9795069580400195 7.321502578235304
      vertex -2.4101725479178158 -5.494639959930345 18.00826219728089
    endloop
  endfacet
  facet normal 0.08257934547233234 -0.9965844930066698 1.0294775288681537e-17
    outer loop
      vertex -0.49547607283399486 -5.9795069580400195 7.321502578235304
      vertex -0.2224002045700564 -5.956879246467375 7.469966318571621
      vertex -0.4954760728339962 -5.9795069580400195 18.008262197280892
    endloop
  endfacet
  facet normal 0.082579345472331 -0.9965844930066698 -2.3978034945816774e-17
    outer loop
      vertex -0.2224002045700564 -5.956879246467375 7.469966318571621
      vertex -0.06396237469666063 -5.943750713582493 7.875278995392844
      vertex -0.4954760728339962 -5.9795069580400195 18.008262197280892
    endloop
  endfacet
  facet normal 0.08257934547233405 -0.9965844930066697 1.0491435933072377e-16
    outer loop
      vertex -0.06396237469666063 -5.943750713582493 7.875278995392844
      vertex 0.24259746063684684 -5.91834844139424 7.503689579270728
      vertex -0.4954760728339962 -5.9795069580400195 18.008262197280892
    endloop
  endfacet
  facet normal -0.24548548714079946 -0.9694002659393304 -3.0603511232645686e-17
    outer loop
      vertex -0.49547607283399486 -5.9795069580400195 7.321502578235304
      vertex -0.4954760728339962 -5.9795069580400195 18.008262197280892
      vertex -2.4101725479178158 -5.494639959930345 18.00826219728089
    endloop
  endfacet
  facet normal -0.5469481581224226 -0.8371664782625313 1.9924829135275731e-16
    outer loop
      vertex -3.7337202907300187 -4.62992306201937 6.0910740286228435
      vertex -3.60788265529044 -4.7121368924978695 6.378529861157396
      vertex -4.0636894297544455 -4.41434346403879 18.008262197280892
    endloop
  endfacet
  facet normal -0.7891405093963939 -0.6142127126896676 -6.820866905293654e-17
    outer loop
      vertex -4.923594801432499 -3.309537019920837 6.468736476725704
      vertex -4.512687824902663 -3.837470314159117 5.729353876465477
      vertex -5.276842507238934 -2.8556843582224425 18.00826219728089
    endloop
  endfacet
  facet normal -0.5469481581224274 -0.8371664782625284 -6.43647813698272e-17
    outer loop
      vertex -2.4101725479178158 -5.494639959930345 6.831411982684724
      vertex -4.0636894297544455 -4.41434346403879 18.008262197280892
      vertex -3.60788265529044 -4.7121368924978695 6.378529861157396
    endloop
  endfacet
  facet normal -0.7891405093963934 -0.614212712689668 1.905346275614331e-17
    outer loop
      vertex -4.414414838776872 -3.9637314493147398 4.7135744801329205
      vertex -4.0636894297544455 -4.41434346403879 18.008262197280892
      vertex -5.276842507238934 -2.8556843582224425 18.00826219728089
    endloop
  endfacet
  facet normal 0 0 1
    outer loop
      vertex -3.9566182227316102 0.6602428065873762 20
      vertex -3.9566182227316102 -0.6602428065873762 20
      vertex -3.5278572450413472 -1.9091808669456891 20
    endloop
  endfacet
  facet normal 0 0 1
    outer loop
      vertex -3.9566182227316102 0.6602428065873762 20
      vertex -3.5278572450413472 -1.9091808669456891 20
      vertex -2.7167981945056043 -2.95122955637702 20
    endloop
  endfacet
  facet normal 0 0 1
    outer loop
      vertex -2.7167981945056043 -2.95122955637702 20
      vertex -1.611331904127762 -3.673466730330114 20
      vertex -3.5278572450413472 1.9091808669456896 20
    endloop
  endfacet
  facet normal 0 0 1
    outer loop
      vertex -2.7167981945056043 -2.95122955637702 20
      vertex -3.5278572450413472 1.9091808669456896 20
      vertex -3.9566182227316102 0.6602428065873762 20
    endloop
  endfacet
  facet normal 0 0 1
    outer loop
      vertex -2.7167981945056043 2.95122955637702 20
      vertex -1.611331904127762 -3.673466730330114 20
      vertex -0.33125279954710307 -3.997626784342734 20
    endloop
  endfacet
  facet normal 0 0 1
    outer loop
      vertex -1.6113319041277634 3.673466730330113 20
      vertex -0.33125279954710307 -3.997626784342734 20
      vertex 0.9847226857812598 -3.8885819467011307 20
    endloop
  endfacet
  facet normal -1 0 0
    outer loop
      vertex -5.918167820416334 0.309957380636622 -7.603545535457525
      vertex -5.918167820416334 0.9875675416844049 -18.011327501476558
      vertex -5.918167820416334 -0.9875675416844049 -18.011327501476558
    endloop
  endfacet
  facet normal -0.9458172417006345 0.32469946920468384 2.788116755199802e-17
    outer loop
      vertex -5.4132243158522995 2.4584177216098535 -7.336285234854505
      vertex -5.276842507238934 2.8556843582224425 -18.011327501476558
      vertex -5.918167820416334 0.9875675416844049 -18.011327501476558
    endloop
  endfacet
  facet normal -1 0 0
    outer loop
      vertex -5.918167820416334 0.309957380636622 -7.603545535457525
      vertex -5.918167820416334 0.9875675416844049 -7.427093971941253
      vertex -5.918167820416334 0.9875675416844049 -18.011327501476558
    endloop
  endfacet
  facet normal -0.9458172417006346 0.32469946920468346 -3.3725176504113537e-19
    outer loop
      vertex -5.822478332591696 1.2663014972887299 -7.601254632246744
      vertex -5.918167820416334 0.9875675416844049 -18.011327501476558
      vertex -5.918167820416334 0.9875675416844049 -7.427093971941253
    endloop
  endfacet
  facet normal -0.9458172417006344 0.32469946920468445 -2.862413675888731e-17
    outer loop
      vertex -5.822478332591696 1.2663014972887299 -7.601254632246744
      vertex -5.511244820829174 2.1728937450095445 -7.285422183747609
      vertex -5.918167820416334 0.9875675416844049 -18.011327501476558
    endloop
  endfacet
  facet normal -0.9458172417006347 0.32469946920468346 8.748028904199282e-17
    outer loop
      vertex -5.511244820829174 2.1728937450095445 -7.285422183747609
      vertex -5.4132243158522995 2.4584177216098535 -7.336285234854505
      vertex -5.918167820416334 0.9875675416844049 -18.011327501476558
    endloop
  endfacet
  facet normal -0.9458172417006349 0.3246994692046832 7.080665629282639e-19
    outer loop
      vertex -5.4132243158522995 2.4584177216098535 -7.336285234854505
      vertex -5.276842507238934 2.8556843582224425 -6.6520842286020745
      vertex -5.276842507238934 2.8556843582224425 -18.011327501476558
    endloop
  endfacet
  facet normal -0.7891405093963938 0.6142127126896675 0
    outer loop
      vertex -5.276842507238934 2.8556843582224425 -6.6520842286020745
      vertex -5.0227783471788365 3.182105997740821 -6.485041053477381
      vertex -5.276842507238934 2.8556843582224425 -18.011327501476558
    endloop
  endfacet
  facet normal -0.7891405093963922 0.6142127126896696 -9.581134035258293e-17
    outer loop
      vertex -5.0227783471788365 3.182105997740821 -6.485041053477381
      vertex -4.905969518215833 3.33218198426055 -6.435159232947173
      vertex -5.276842507238934 2.8556843582224425 -18.011327501476558
    endloop
  endfacet
  facet normal 0 0 -1
    outer loop
      vertex -3.9535947252898427 -0.6597382740992039 -20
      vertex -3.9535947252898427 0.6597382740992038 -20
      vertex -3.5251613904617916 1.9077219434048942 -20
    endloop
  endfacet
  facet normal 0 0 -1
    outer loop
      vertex -3.525161390461791 -1.9077219434048938 -20
      vertex -3.9535947252898427 -0.6597382740992039 -20
      vertex -2.7147221204624485 2.9489743387867784 -20
    endloop
  endfacet
  facet normal 0 0 -1
    outer loop
      vertex -3.9535947252898427 -0.6597382740992039 -20
      vertex -3.5251613904617916 1.9077219434048942 -20
      vertex -2.7147221204624485 2.9489743387867784 -20
    endloop
  endfacet
  facet normal 0 0 -1
    outer loop
      vertex -3.525161390461791 -1.9077219434048938 -20
      vertex -2.7147221204624485 2.9489743387867784 -20
      vertex -1.6101005854571928 3.6706596065096333 -20
    endloop
  endfacet
  facet normal 0 0 -1
    outer loop
      vertex -2.7147221204624485 -2.9489743387867784 -20
      vertex -1.6101005854571928 3.6706596065096333 -20
      vertex -0.33099966873294934 3.99457194971498 -20
    endloop
  endfacet
  facet normal 0 0 -1
    outer loop
      vertex -1.6101005854571917 -3.670659606509634 -20
      vertex -0.33099966873294934 3.99457194971498 -20
      vertex 0.9839701980875505 3.885610439998663 -20
    endloop
  endfacet
  facet normal -0.7891405093963935 0.6142127126896681 1.0765092734703944e-17
    outer loop
      vertex -4.4116695157206856 3.967258640449435 -6.0167155578246545
      vertex -4.0636894297544455 4.41434346403879 -18.011327501476554
      vertex -5.276842507238934 2.8556843582224425 -18.011327501476558
    endloop
  endfacet
  facet normal -0.7891405093963931 0.6142127126896684 -1.3571318967937235e-17
    outer loop
      vertex -4.905969518215833 3.33218198426055 -6.435159232947173
      vertex -4.80351071355781 3.463821059176326 -6.287308067811437
      vertex -5.276842507238934 2.8556843582224425 -18.011327501476558
    endloop
  endfacet
  facet normal -0.7891405093963934 0.614212712689668 8.92413828269857e-18
    outer loop
      vertex -4.80351071355781 3.463821059176326 -6.287308067811437
      vertex -4.4116695157206856 3.967258640449435 -6.0167155578246545
      vertex -5.276842507238934 2.8556843582224425 -18.011327501476558
    endloop
  endfacet
  facet normal -0.5469481581224299 0.8371664782625267 1.21402977177923e-16
    outer loop
      vertex -3.766830842360586 4.60829085898809 -6.0450671119988355
      vertex -3.634164373595497 4.694966188949065 -6.360098982416892
      vertex -4.0636894297544455 4.41434346403879 -18.011327501476554
    endloop
  endfacet
  facet normal -0.5469481581224263 0.837166478262529 -7.027317897271646e-17
    outer loop
      vertex -3.634164373595497 4.694966188949065 -6.360098982416892
      vertex -2.4101725479178158 5.494639959930344 -6.834872766473727
      vertex -4.0636894297544455 4.41434346403879 -18.011327501476554
    endloop
  endfacet
  facet normal -0.5469481581224268 0.8371664782625285 4.3465263561410385e-17
    outer loop
      vertex -2.4101725479178158 5.494639959930344 -6.834872766473727
      vertex -2.4101725479178167 5.494639959930344 -18.01132750147656
      vertex -4.0636894297544455 4.41434346403879 -18.011327501476554
    endloop
  endfacet
  facet normal -0.2454854871407996 0.9694002659393304 1.274422306929194e-18
    outer loop
      vertex -0.4954760728339947 5.9795069580400195 -7.318496775225748
      vertex -0.49547607283399475 5.9795069580400195 -18.011327501476558
      vertex -2.4101725479178167 5.494639959930344 -18.01132750147656
    endloop
  endfacet
  facet normal -0.24548548714090426 0.9694002659393037 3.4503417671235627e-15
    outer loop
      vertex -2.0787768152441135 5.578560756870663 -7.204474472090639
      vertex -2.4101725479178167 5.494639959930344 -18.01132750147656
      vertex -2.0799395476594476 5.578266313034178 -7.180699974381649
    endloop
  endfacet
  facet normal -0.24548548714079851 0.9694002659393306 1.960192506528183e-17
    outer loop
      vertex -2.0799395476594476 5.578266313034178 -7.180699974381649
      vertex -2.4101725479178167 5.494639959930344 -18.01132750147656
      vertex -2.4101725479178158 5.494639959930344 -6.834872766473727
    endloop
  endfacet
  facet normal -0.24548548714078267 0.9694002659393345 -5.678021838526768e-16
    outer loop
      vertex -2.0458386178808508 5.5869018412600155 -7.194190750710961
      vertex -2.0316742994243304 5.590488733835238 -7.1902279198300105
      vertex -2.4101725479178167 5.494639959930344 -18.01132750147656
    endloop
  endfacet
  facet normal -0.24548548714079865 0.9694002659393305 5.925465032761945e-18
    outer loop
      vertex -2.0787768152441135 5.578560756870663 -7.204474472090639
      vertex -2.0458386178808508 5.5869018412600155 -7.194190750710961
      vertex -2.4101725479178167 5.494639959930344 -18.01132750147656
    endloop
  endfacet
  facet normal -0.24548548714079999 0.9694002659393303 7.521965149824705e-17
    outer loop
      vertex -2.0316742994243304 5.590488733835238 -7.1902279198300105
      vertex -0.4954760728339947 5.9795069580400195 -7.318496775225748
      vertex -2.4101725479178167 5.494639959930344 -18.01132750147656
    endloop
  endfacet
  facet normal 0.08257934547233195 0.9965844930066698 -4.287054244522024e-19
    outer loop
      vertex -0.4954760728339947 5.9795069580400195 -7.318496775225748
      vertex -0.21836032377750994 5.9565444924008855 -7.469647426351705
      vertex -0.49547607283399475 5.9795069580400195 -18.011327501476558
    endloop
  endfacet
  facet normal 0.0825793454723341 0.9965844930066697 -5.758369942957105e-17
    outer loop
      vertex -0.05882531652687009 5.943325044806497 -7.87793844517337
      vertex -0.49547607283399475 5.9795069580400195 -18.011327501476558
      vertex -0.21836032377750994 5.9565444924008855 -7.469647426351705
    endloop
  endfacet
  facet normal 0.08257934547233337 0.9965844930066698 -2.5541275696565026e-17
    outer loop
      vertex -0.05882531652687009 5.943325044806497 -7.87793844517337
      vertex 0.24539197816590033 5.9181168810698725 -7.502155790563166
      vertex -0.49547607283399475 5.9795069580400195 -18.011327501476558
    endloop
  endfacet
  facet normal -0.9458172417006341 0.3246994692046852 -1.3165314672501376e-15
    outer loop
      vertex -5.4132243158522995 2.4584177216098535 -7.336285234854505
      vertex -5.4171407405042045 2.4470095663373304 -7.138802452301972
      vertex -5.276842507238934 2.8556843582224425 -6.6520842286020745
    endloop
  endfacet
  facet normal -0.7891405093963935 0.6142127126896679 6.722701283976373e-19
    outer loop
      vertex -4.4116695157206856 3.967258640449435 -6.0167155578246545
      vertex -4.0636894297544455 4.41434346403879 -4.57489800182534
      vertex -4.0636894297544455 4.41434346403879 -18.011327501476554
    endloop
  endfacet
  facet normal -0.5469481581224265 0.8371664782625288 -2.361935414730638e-19
    outer loop
      vertex -3.766830842360586 4.60829085898809 -6.0450671119988355
      vertex -4.0636894297544455 4.41434346403879 -18.011327501476554
      vertex -4.0636894297544455 4.41434346403879 -4.57489800182534
    endloop
  endfacet
  facet normal -0.7891405093963919 0.6142127126896701 -1.0829882969167137e-15
    outer loop
      vertex -4.5352434285561944 3.8084908739926226 -5.7744931509677055
      vertex -4.518496543090267 3.8300072728791146 -5.724730105466472
      vertex -4.447403510845499 3.9213476025744978 -5.919045455154974
    endloop
  endfacet
  facet normal -0.7891405093963964 0.6142127126896645 1.697005921616911e-16
    outer loop
      vertex -4.518496543090267 3.8300072728791146 -5.724730105466472
      vertex -4.562748904455574 3.77315183783465 -5.6037771400107825
      vertex -4.56397076387793 3.771581992816713 -4.711259018743083
    endloop
  endfacet
  facet normal -0.7891405093963897 0.6142127126896728 9.398922290997306e-16
    outer loop
      vertex -4.518496543090267 3.8300072728791146 -5.724730105466472
      vertex -4.56397076387793 3.771581992816713 -4.711259018743083
      vertex -4.447403510845499 3.9213476025744978 -5.919045455154974
    endloop
  endfacet
  facet normal -0.7891405093963934 0.614212712689668 -1.0129045104069198e-17
    outer loop
      vertex -4.447403510845499 3.9213476025744978 -5.919045455154974
      vertex -4.56397076387793 3.771581992816713 -4.711259018743083
      vertex -4.0636894297544455 4.41434346403879 -4.57489800182534
    endloop
  endfacet
  facet normal -0.789140509396393 0.6142127126896686 -3.101952002641387e-16
    outer loop
      vertex -4.4116695157206856 3.967258640449435 -6.0167155578246545
      vertex -4.447403510845499 3.9213476025744978 -5.919045455154974
      vertex -4.0636894297544455 4.41434346403879 -4.57489800182534
    endloop
  endfacet
  facet normal -0.5469481581224261 0.837166478262529 1.027495487312467e-16
    outer loop
      vertex -3.766830842360586 4.60829085898809 -6.0450671119988355
      vertex -4.0636894297544455 4.41434346403879 -4.57489800182534
      vertex -3.594052523524662 4.7211725685459385 -5.6037771400107825
    endloop
  endfacet
  facet normal -0.5469481581224271 0.8371664782625284 -6.007955415684942e-16
    outer loop
      vertex -3.594052523524662 4.7211725685459385 -5.6037771400107825
      vertex -4.0636894297544455 4.41434346403879 -4.57489800182534
      vertex -3.5240455180572665 4.766910427968508 -4.7685755275582435
    endloop
  endfacet
  facet normal -0.7891405093963917 0.6142127126896703 1.1507539139374398e-15
    outer loop
      vertex -4.414414838776873 3.963731449314739 4.71357448013292
      vertex -4.535817655043469 3.807753107786689 5.638776163444236
      vertex -4.507580131453295 3.844032678837021 5.716231672237015
    endloop
  endfacet
  facet normal -0.5469481581224266 0.8371664782625289 -4.808154779576823e-16
    outer loop
      vertex -4.0636894297544455 4.41434346403879 4.613687874431295
      vertex -3.6785988572047637 4.665935691911428 5.949885432812477
      vertex -3.5585222133928367 4.744385678708272 5.642319906207302
    endloop
  endfacet
  facet normal -0.5469481581224266 0.8371664782625287 -3.8637378177863617e-16
    outer loop
      vertex -4.0636894297544455 4.41434346403879 4.613687874431295
      vertex -3.5585222133928367 4.744385678708272 5.642319906207302
      vertex -3.485669412702488 4.7919827889441535 4.814068566577889
    endloop
  endfacet
  facet normal -0.7891405093963901 0.6142127126896721 -3.3220204968185105e-16
    outer loop
      vertex -4.0636894297544455 4.41434346403879 18.008262197280892
      vertex -4.512687824902663 3.837470314159116 5.729353876465479
      vertex -4.56717020473699 3.7674713511169577 5.803570574287622
    endloop
  endfacet
  facet normal -0.789140509396393 0.6142127126896687 -1.0220438894655427e-18
    outer loop
      vertex -4.414414838776873 3.963731449314739 4.71357448013292
      vertex -4.0636894297544455 4.41434346403879 18.008262197280892
      vertex -4.0636894297544455 4.41434346403879 4.613687874431295
    endloop
  endfacet
  facet normal -0.7891405093963972 0.6142127126896632 4.402464755043328e-16
    outer loop
      vertex -4.0636894297544455 4.41434346403879 18.008262197280892
      vertex -4.507580131453295 3.844032678837021 5.716231672237015
      vertex -4.512687824902663 3.837470314159116 5.729353876465479
    endloop
  endfacet
  facet normal -0.7891405093963957 0.6142127126896652 1.8950445784987173e-16
    outer loop
      vertex -4.414414838776873 3.963731449314739 4.71357448013292
      vertex -4.507580131453295 3.844032678837021 5.716231672237015
      vertex -4.0636894297544455 4.41434346403879 18.008262197280892
    endloop
  endfacet
  facet normal -0.5469481581224276 0.8371664782625281 0
    outer loop
      vertex -4.0636894297544455 4.41434346403879 4.613687874431295
      vertex -4.0636894297544455 4.41434346403879 18.008262197280892
      vertex -3.6785988572047637 4.665935691911428 5.949885432812477
    endloop
  endfacet
  facet normal -1 0 0
    outer loop
      vertex -5.918167820416334 -0.9875675416844049 7.423025048880976
      vertex -5.918167820416334 0.9875675416844049 18.00826219728089
      vertex -5.918167820416334 0.9875675416844049 7.423025048880976
    endloop
  endfacet
  facet normal -0.9458172417006342 0.32469946920468473 -1.7069176954027336e-16
    outer loop
      vertex -5.918167820416334 0.9875675416844049 7.423025048880976
      vertex -5.276842507238934 2.8556843582224425 18.00826219728089
      vertex -5.82299173813726 1.2648059980254607 7.674742887215564
    endloop
  endfacet
  facet normal -0.9458172417006346 0.3246994692046837 1.7066264051170364e-17
    outer loop
      vertex -5.550897156423879 2.057390437378543 6.873665186574951
      vertex -5.82299173813726 1.2648059980254607 7.674742887215564
      vertex -5.276842507238934 2.8556843582224425 18.00826219728089
    endloop
  endfacet
  facet normal -0.9458172417006346 0.32469946920468384 0
    outer loop
      vertex -5.918167820416334 0.9875675416844049 7.423025048880976
      vertex -5.918167820416334 0.9875675416844049 18.00826219728089
      vertex -5.276842507238934 2.8556843582224425 18.00826219728089
    endloop
  endfacet
  facet normal -0.9458172417006345 0.32469946920468384 -6.872536707325223e-19
    outer loop
      vertex -5.550897156423879 2.057390437378543 6.873665186574951
      vertex -5.276842507238934 2.8556843582224425 18.00826219728089
      vertex -5.276842507238934 2.8556843582224425 6.4023468179849345
    endloop
  endfacet
  facet normal -0.7891405093963936 0.6142127126896679 3.3010056986976644e-17
    outer loop
      vertex -5.276842507238934 2.8556843582224425 6.4023468179849345
      vertex -4.0636894297544455 4.41434346403879 18.008262197280892
      vertex -4.9235948014324995 3.3095370199208367 6.468736476725701
    endloop
  endfacet
  facet normal -0.7891405093963932 0.6142127126896681 -1.2220422298596147e-18
    outer loop
      vertex -4.9235948014324995 3.3095370199208367 6.468736476725701
      vertex -4.0636894297544455 4.41434346403879 18.008262197280892
      vertex -4.56717020473699 3.7674713511169577 5.803570574287622
    endloop
  endfacet
  facet normal -0.5469481581224255 0.8371664782625294 -1.8993840527844682e-16
    outer loop
      vertex -3.6785988572047637 4.665935691911428 5.949885432812477
      vertex -2.410172547917817 5.494639959930344 18.00826219728089
      vertex -3.587845392882069 4.725227889393517 6.331241192462959
    endloop
  endfacet
  facet normal -0.7891405093963934 0.614212712689668 0
    outer loop
      vertex -5.276842507238934 2.8556843582224425 6.4023468179849345
      vertex -5.276842507238934 2.8556843582224425 18.00826219728089
      vertex -4.0636894297544455 4.41434346403879 18.008262197280892
    endloop
  endfacet
  facet normal -0.5469481581224269 0.8371664782625285 3.1163059349788266e-17
    outer loop
      vertex -3.6785988572047637 4.665935691911428 5.949885432812477
      vertex -4.0636894297544455 4.41434346403879 18.008262197280892
      vertex -2.410172547917817 5.494639959930344 18.00826219728089
    endloop
  endfacet
  facet normal 0 0 1
    outer loop
      vertex -1.611331904127762 -3.673466730330114 20
      vertex -2.7167981945056043 2.95122955637702 20
      vertex -3.5278572450413472 1.9091808669456896 20
    endloop
  endfacet
  facet normal 0 0 1
    outer loop
      vertex -0.33125279954710307 -3.997626784342734 20
      vertex -1.6113319041277634 3.673466730330113 20
      vertex -2.7167981945056043 2.95122955637702 20
    endloop
  endfacet
  facet normal -0.5469481581224268 0.8371664782625287 -2.267324316916079e-18
    outer loop
      vertex -3.587845392882069 4.725227889393517 6.331241192462959
      vertex -2.410172547917817 5.494639959930344 18.00826219728089
      vertex -2.410172547917817 5.494639959930344 6.56822693419605
    endloop
  endfacet
  facet normal -0.2454854871408113 0.9694002659393274 0
    outer loop
      vertex -2.410172547917817 5.494639959930344 6.56822693419605
      vertex -2.410172547917817 5.494639959930344 18.00826219728089
      vertex -2.4009895421818617 5.496965412806431 6.580091432022573
    endloop
  endfacet
  facet normal -0.24548548714079907 0.9694002659393305 -6.731148405504938e-17
    outer loop
      vertex -2.4009895421818617 5.496965412806431 6.580091432022573
      vertex -0.4954760728339947 5.9795069580400195 18.008262197280892
      vertex -2.1065093628008036 5.57153792204607 7.367930073063576
    endloop
  endfacet
  facet normal -0.2454854871407993 0.9694002659393304 -3.133376955508729e-17
    outer loop
      vertex -2.1065093628008036 5.57153792204607 7.367930073063576
      vertex -0.4954760728339947 5.9795069580400195 18.008262197280892
      vertex -1.403105642001293 5.749663935751873 7.326831678325101
    endloop
  endfacet
  facet normal -0.24548548714079965 0.9694002659393303 -8.288334841432365e-19
    outer loop
      vertex -1.403105642001293 5.749663935751873 7.326831678325101
      vertex -0.4954760728339947 5.9795069580400195 18.008262197280892
      vertex -0.4954760728339947 5.9795069580400195 7.291685037426964
    endloop
  endfacet
  facet normal -0.24548548714079954 0.9694002659393304 1.0051080326483799e-17
    outer loop
      vertex -2.4009895421818617 5.496965412806431 6.580091432022573
      vertex -2.410172547917817 5.494639959930344 18.00826219728089
      vertex -0.4954760728339947 5.9795069580400195 18.008262197280892
    endloop
  endfacet
  facet normal 0.08257934547233253 -0.9965844930066698 0
    outer loop
      vertex -0.4954760728339962 -5.9795069580400195 -7.284655626379918
      vertex -0.4954760728339962 -5.9795069580400195 -18.011327501476558
      vertex 1.4729129228447957 -5.816401595635982 -18.011327501476554
    endloop
  endfacet
  facet normal 0.40169542465296953 -0.9157733266550574 0
    outer loop
      vertex 1.4729129228447957 -5.816401595635982 -7.056691088593132
      vertex 1.4729129228447957 -5.816401595635982 -18.011327501476554
      vertex 3.2816889487345597 -5.022998869575172 -18.011327501476558
    endloop
  endfacet
  facet normal 0.08257934547233234 -0.9965844930066698 -3.826642601002176e-17
    outer loop
      vertex -0.05934688331487223 -5.943368263062727 -7.907151941582203
      vertex -0.4954760728339962 -5.9795069580400195 -7.284655626379918
      vertex 1.4729129228447957 -5.816401595635982 -18.011327501476554
    endloop
  endfacet
  facet normal 0.08257934547233257 -0.9965844930066697 -6.133942133931802e-19
    outer loop
      vertex -0.05934688331487223 -5.943368263062727 -7.907151941582203
      vertex 1.4729129228447957 -5.816401595635982 -18.011327501476554
      vertex 0.8077769687004577 -5.871516332147327 -7.263398906062686
    endloop
  endfacet
  facet normal 0.0825793454723326 -0.9965844930066698 -3.671062696762147e-19
    outer loop
      vertex 0.8077769687004577 -5.871516332147327 -7.263398906062686
      vertex 1.4729129228447957 -5.816401595635982 -18.011327501476554
      vertex 1.4729129228447957 -5.816401595635982 -7.056691088593132
    endloop
  endfacet
  facet normal 0.40169542465296953 -0.9157733266550573 2.0821197120020954e-17
    outer loop
      vertex 1.4729129228447957 -5.816401595635982 -7.056691088593132
      vertex 3.2816889487345597 -5.022998869575172 -18.011327501476558
      vertex 2.0366589089097875 -5.569119679164438 -7.35030881275202
    endloop
  endfacet
  facet normal 0.40169542465297 -0.9157733266550572 7.96363438466492e-17
    outer loop
      vertex 2.0366589089097875 -5.569119679164438 -7.35030881275202
      vertex 3.2816889487345597 -5.022998869575172 -18.011327501476558
      vertex 2.7890040271881156 -5.239110513166708 -6.566992483603364
    endloop
  endfacet
  facet normal 0.40169542465296887 -0.9157733266550578 1.5040287932864977e-17
    outer loop
      vertex 2.7890040271881156 -5.239110513166708 -6.566992483603364
      vertex 3.2816889487345597 -5.022998869575172 -18.011327501476558
      vertex 3.2816889487345593 -5.022998869575172 -6.165196733499588
    endloop
  endfacet
  facet normal 0 0 -1
    outer loop
      vertex -1.6101005854571917 -3.670659606509634 -20
      vertex 2.1923116260745354 3.3555827476504696 -20
      vertex -0.3309996687329509 -3.99457194971498 -20
    endloop
  endfacet
  facet normal 0 0 -1
    outer loop
      vertex 2.1923116260745354 3.3555827476504696 -20
      vertex 0.9839701980875506 -3.8856104399986626 -20
      vertex -0.3309996687329509 -3.99457194971498 -20
    endloop
  endfacet
  facet normal 0 0 -1
    outer loop
      vertex 3.163082072156552 2.4619255973633454 -20
      vertex 2.192311626074534 -3.3555827476504705 -20
      vertex 0.9839701980875506 -3.8856104399986626 -20
    endloop
  endfacet
  facet normal 0 0 -1
    outer loop
      vertex 2.192311626074534 -3.3555827476504705 -20
      vertex 3.163082072156552 2.4619255973633454 -20
      vertex 3.163082072156552 -2.4619255973633454 -20
    endloop
  endfacet
  facet normal 0 0 -1
    outer loop
      vertex 3.79108349544514 1.3014806078903043 -20
      vertex 3.791083495445139 -1.3014806078903067 -20
      vertex 3.163082072156552 -2.4619255973633454 -20
    endloop
  endfacet
  facet normal 0.6772815716257411 -0.7357239106731317 1.5666352367070828e-17
    outer loop
      vertex 3.2816889487345597 -5.022998869575172 -18.011327501476558
      vertex 4.734843056378361 -3.6852762761380067 -18.01132750147656
      vertex 3.4616249467916638 -4.857356114476099 -6.357035769469717
    endloop
  endfacet
  facet normal 0.6772815716257408 -0.735723910673132 2.5390015008305416e-17
    outer loop
      vertex 3.2816889487345593 -5.022998869575172 -6.165196733499588
      vertex 3.2816889487345597 -5.022998869575172 -18.011327501476558
      vertex 3.4616249467916638 -4.857356114476099 -6.357035769469717
    endloop
  endfacet
  facet normal 0.6772815716257403 -0.7357239106731324 -1.4119546654118e-16
    outer loop
      vertex 3.4616249467916638 -4.857356114476099 -6.357035769469717
      vertex 4.734843056378361 -3.6852762761380067 -18.01132750147656
      vertex 3.8685964089585827 -4.4827124913661045 -5.952671850948245
    endloop
  endfacet
  facet normal 0.879473751206489 -0.47594739303707384 1.5488739368864048e-17
    outer loop
      vertex 4.963413704930956 -3.262914711311466 -6.456044987678017
      vertex 4.776166970660278 -3.6089163707372385 -6.239410823190352
      vertex 4.734843056378361 -3.6852762761380067 -18.01132750147656
    endloop
  endfacet
  facet normal 0.8794737512064889 -0.47594739303707395 -1.4938569912856885e-17
    outer loop
      vertex 5.569537066508209 -2.142896838960793 -7.432495397375485
      vertex 4.734843056378361 -3.6852762761380067 -18.01132750147656
      vertex 5.674903450203807 -1.9481968152281037 -18.01132750147656
    endloop
  endfacet
  facet normal 0.8794737512064886 -0.47594739303707423 3.971567960326986e-17
    outer loop
      vertex 4.963413704930956 -3.262914711311466 -6.456044987678017
      vertex 4.734843056378361 -3.6852762761380067 -18.01132750147656
      vertex 5.569537066508209 -2.142896838960793 -7.432495397375485
    endloop
  endfacet
  facet normal 0.9863613034027223 -0.16459459028073412 -1.515520053635382e-17
    outer loop
      vertex 5.749806894224835 -1.4993250840981793 -7.372750408345169
      vertex 5.674903450203807 -1.9481968152281037 -18.01132750147656
      vertex 6 -1.9268654350097516e-32 -18.01132750147656
    endloop
  endfacet
  facet normal 0.8794737512064893 -0.4759473930370734 7.2428085061372575e-19
    outer loop
      vertex 5.569537066508209 -2.142896838960793 -7.432495397375485
      vertex 5.674903450203807 -1.9481968152281037 -18.01132750147656
      vertex 5.674903450203807 -1.9481968152281037 -7.2323059246784975
    endloop
  endfacet
  facet normal 0.9863613034027222 -0.16459459028073445 0
    outer loop
      vertex 5.674903450203807 -1.9481968152281037 -7.2323059246784975
      vertex 5.674903450203807 -1.9481968152281037 -18.01132750147656
      vertex 5.749806894224835 -1.4993250840981793 -7.372750408345169
    endloop
  endfacet
  facet normal 0.9863613034027223 -0.16459459028073403 -3.941809201004924e-18
    outer loop
      vertex 5.749806894224835 -1.4993250840981793 -7.372750408345169
      vertex 6 -1.9268654350097516e-32 -18.01132750147656
      vertex 6 -1.6738600654666948e-16 -7.982821780569637
    endloop
  endfacet
  facet normal 0.6772815716257412 -0.7357239106731315 -7.766147875989673e-18
    outer loop
      vertex 4.720609492747934 -3.6983791945094255 -4.732902412980111
      vertex 3.8685964089585827 -4.4827124913661045 -5.952671850948245
      vertex 4.734843056378361 -3.6852762761380067 -18.01132750147656
    endloop
  endfacet
  facet normal 0.8794737512064901 -0.4759473930370717 -1.378395997588787e-18
    outer loop
      vertex 4.776166970660278 -3.6089163707372385 -6.239410823190352
      vertex 4.735568162141193 -3.6839363980452 -5.6842513426021135
      vertex 4.734843056378361 -3.6852762761380067 -18.01132750147656
    endloop
  endfacet
  facet normal 0.8794737512064845 -0.475947393037082 4.035632961415883e-21
    outer loop
      vertex 4.735568162141193 -3.6839363980452 -5.6842513426021135
      vertex 4.734843056378361 -3.6852762761380067 -4.961613615953112
      vertex 4.734843056378361 -3.6852762761380067 -18.01132750147656
    endloop
  endfacet
  facet normal 0.6772815716257451 -0.7357239106731278 0
    outer loop
      vertex 4.734843056378361 -3.6852762761380067 -4.961613615953112
      vertex 4.720609492747934 -3.6983791945094255 -4.732902412980111
      vertex 4.734843056378361 -3.6852762761380067 -18.01132750147656
    endloop
  endfacet
  facet normal 0.6772815716257412 -0.7357239106731315 1.0011483961104862e-15
    outer loop
      vertex 3.2816889487345593 -5.022998869575172 -6.165196733499588
      vertex 3.4616249467916638 -4.857356114476099 -6.357035769469717
      vertex 3.547256875747015 -4.778526370624005 -6.22645284172487
    endloop
  endfacet
  facet normal 0.6772815716257281 -0.7357239106731435 -8.46207111978278e-15
    outer loop
      vertex 3.732292245561737 -4.608189313126708 -5.603777140010783
      vertex 3.8255246292562903 -4.522362857796082 -5.802113247913212
      vertex 3.8268589422414663 -4.521134536162749 -5.8000785104238455
    endloop
  endfacet
  facet normal 0.6772815716257412 -0.7357239106731315 1.490764837579572e-16
    outer loop
      vertex 4.720609492747934 -3.6983791945094255 -4.732902412980111
      vertex 3.8268589422414663 -4.521134536162749 -5.8000785104238455
      vertex 3.886058669782315 -4.466637347846553 -5.926043078582319
    endloop
  endfacet
  facet normal 0.6772815716257399 -0.7357239106731327 1.9634400271332576e-15
    outer loop
      vertex 3.732292245561737 -4.608189313126708 -5.603777140010783
      vertex 3.8268589422414663 -4.521134536162749 -5.8000785104238455
      vertex 4.720609492747934 -3.6983791945094255 -4.732902412980111
    endloop
  endfacet
  facet normal 0.6772815716256292 -0.7357239106732346 1.4294534514278338e-13
    outer loop
      vertex 4.720609492747934 -3.6983791945094255 -4.732902412980111
      vertex 3.886058669782315 -4.466637347846553 -5.926043078582319
      vertex 3.8685964089585827 -4.4827124913661045 -5.952671850948245
    endloop
  endfacet
  facet normal 0.6772815716257409 -0.7357239106731317 -3.870213735742653e-16
    outer loop
      vertex 3.732292245561737 -4.608189313126708 -5.603777140010783
      vertex 4.720609492747934 -3.6983791945094255 -4.732902412980111
      vertex 3.8497347657172596 -4.500075857151293 -4.802080477368917
    endloop
  endfacet
  facet normal 0.8794737512064822 -0.4759473930370862 -1.7169614714828082e-15
    outer loop
      vertex 4.7541497018241925 -3.6496007200957528 -5.603777140010783
      vertex 4.754056201113325 -3.6497734942765336 -5.600667187732392
      vertex 4.7426858416209585 -3.6707840783486665 -5.578023572398768
    endloop
  endfacet
  facet normal 0.8794737512064846 -0.4759473930370818 3.015736492125428e-15
    outer loop
      vertex 4.735568162141193 -3.6839363980452 -5.6842513426021135
      vertex 4.7541497018241925 -3.6496007200957528 -5.603777140010783
      vertex 4.7426858416209585 -3.6707840783486665 -5.578023572398768
    endloop
  endfacet
  facet normal 0.8794737512064946 -0.47594739303706324 4.5020051510426755e-17
    outer loop
      vertex 4.735568162141193 -3.6839363980452 -5.6842513426021135
      vertex 4.7426858416209585 -3.6707840783486665 -5.578023572398768
      vertex 4.734843056378361 -3.6852762761380067 -4.961613615953112
    endloop
  endfacet
  facet normal 0.8794737512064611 -0.47594739303712524 -1.8401276675558275e-15
    outer loop
      vertex 4.734843056378361 -3.6852762761380067 -4.961613615953112
      vertex 4.7426858416209585 -3.6707840783486665 -5.578023572398768
      vertex 4.747460689912142 -3.6619609315061306 -5.543516431126366
    endloop
  endfacet
  facet normal 0.87947375120647 -0.4759473930371087 -1.839299588114515e-15
    outer loop
      vertex 4.734843056378361 -3.6852762761380067 -4.961613615953112
      vertex 4.748198887486923 -3.6605968618637226 -5.540491726890192
      vertex 4.752504837124082 -3.6526401638435217 -5.549066853058825
    endloop
  endfacet
  facet normal 0.8794737512066091 -0.47594739303685185 1.2313975104238287e-14
    outer loop
      vertex 4.734843056378361 -3.6852762761380067 -4.961613615953112
      vertex 4.747460689912142 -3.6619609315061306 -5.543516431126366
      vertex 4.748198887486923 -3.6605968618637226 -5.540491726890192
    endloop
  endfacet
  facet normal 0.6772815716257409 -0.7357239106731318 -1.1817726987613844e-16
    outer loop
      vertex 3.727313062081412 -4.612772974421449 4.67896490132585
      vertex 4.603110232243522 -3.8065448836556173 4.621877221888165
      vertex 3.6407433930039304 -4.69246596886861 5.642319906207295
    endloop
  endfacet
  facet normal 0.6772815716257409 -0.7357239106731317 -2.554974370207965e-16
    outer loop
      vertex 4.603110232243522 -3.8065448836556173 4.621877221888165
      vertex 3.832393279318243 -4.516039819980647 6.069652791289577
      vertex 3.6407433930039304 -4.69246596886861 5.642319906207295
    endloop
  endfacet
  facet normal 0.8794737512064846 -0.4759473930370819 2.3679515168386118e-15
    outer loop
      vertex 4.734843056378361 -3.6852762761380067 5.389576673179025
      vertex 4.7561167036628005 -3.6459660190532865 5.638960089411718
      vertex 4.740540399299171 -3.6747485085238147 5.708328306866552
    endloop
  endfacet
  facet normal 0.8794737512064883 -0.47594739303707473 3.9315478558944314e-16
    outer loop
      vertex 4.741253877041455 -3.6734301171310086 5.709761184268478
      vertex 4.812660900704577 -3.5414814944843784 5.872598168134036
      vertex 4.862451031594528 -3.449477391032053 6.695420647257105
    endloop
  endfacet
  facet normal 0.677281571625741 -0.7357239106731316 7.203248581990991e-17
    outer loop
      vertex 4.603110232243522 -3.8065448836556173 4.621877221888165
      vertex 3.2816889487345593 -5.022998869575172 18.008262197280892
      vertex 3.832393279318243 -4.516039819980647 6.069652791289577
    endloop
  endfacet
  facet normal 0.6772815716257422 -0.7357239106731306 2.7082211776893663e-16
    outer loop
      vertex 4.603110232243522 -3.8065448836556173 4.621877221888165
      vertex 4.734843056378361 -3.6852762761380067 5.389576673179025
      vertex 3.2816889487345593 -5.022998869575172 18.008262197280892
    endloop
  endfacet
  facet normal 0.8794737512065145 -0.4759473930370264 0
    outer loop
      vertex 4.734843056378361 -3.6852762761380067 5.389576673179025
      vertex 4.740540399299171 -3.6747485085238147 5.708328306866552
      vertex 4.734843056378361 -3.6852762761380067 18.008262197280892
    endloop
  endfacet
  facet normal 0.8794737512063647 -0.4759473930373032 -3.065175485702046e-16
    outer loop
      vertex 4.734843056378361 -3.6852762761380067 18.008262197280892
      vertex 4.740540399299171 -3.6747485085238147 5.708328306866552
      vertex 4.741253877041455 -3.6734301171310086 5.709761184268478
    endloop
  endfacet
  facet normal 0.08257934547233063 -0.9965844930066701 -1.3774651077723776e-16
    outer loop
      vertex 0.5888330517878942 -5.889658542346927 7.420237568451169
      vertex -0.4954760728339962 -5.9795069580400195 18.008262197280892
      vertex 0.24259746063684684 -5.91834844139424 7.503689579270728
    endloop
  endfacet
  facet normal 0.08257934547233327 -0.9965844930066697 -5.924409416741793e-19
    outer loop
      vertex 0.5888330517878942 -5.889658542346927 7.420237568451169
      vertex 1.4729129228447957 -5.816401595635982 7.2311920175970545
      vertex 1.4729129228447957 -5.816401595635982 18.00826219728089
    endloop
  endfacet
  facet normal 0.4016954246529707 -0.9157733266550568 0
    outer loop
      vertex 1.4729129228447957 -5.816401595635982 7.2311920175970545
      vertex 1.6990124648026366 -5.717225141291831 7.291294991330244
      vertex 1.4729129228447957 -5.816401595635982 18.00826219728089
    endloop
  endfacet
  facet normal 0.4016954246529677 -0.9157733266550583 -7.576789503691978e-17
    outer loop
      vertex 1.6990124648026366 -5.717225141291831 7.291294991330244
      vertex 2.032607782788957 -5.570896667836268 7.415444412527751
      vertex 1.4729129228447957 -5.816401595635982 18.00826219728089
    endloop
  endfacet
  facet normal 0.4016954246529702 -0.9157733266550572 2.545645470826092e-17
    outer loop
      vertex 2.4604767479861125 -5.383215938699419 7.028761262963802
      vertex 3.281688948734561 -5.02299886957517 6.357067646309796
      vertex 1.4729129228447957 -5.816401595635982 18.00826219728089
    endloop
  endfacet
  facet normal 0.4016954246529713 -0.9157733266550566 1.5350827381789281e-16
    outer loop
      vertex 2.032607782788957 -5.570896667836268 7.415444412527751
      vertex 2.4604767479861125 -5.383215938699419 7.028761262963802
      vertex 1.4729129228447957 -5.816401595635982 18.00826219728089
    endloop
  endfacet
  facet normal 0.08257934547233255 -0.9965844930066698 6.04325032664693e-17
    outer loop
      vertex 0.5888330517878942 -5.889658542346927 7.420237568451169
      vertex 1.4729129228447957 -5.816401595635982 18.00826219728089
      vertex -0.4954760728339962 -5.9795069580400195 18.008262197280892
    endloop
  endfacet
  facet normal 0.4016954246529695 -0.9157733266550574 -7.837701046111437e-17
    outer loop
      vertex 3.281688948734561 -5.02299886957517 6.357067646309796
      vertex 3.2816889487345593 -5.022998869575172 18.008262197280892
      vertex 1.4729129228447957 -5.816401595635982 18.00826219728089
    endloop
  endfacet
  facet normal 0.6772815716257398 -0.7357239106731329 -8.910197853380842e-18
    outer loop
      vertex 3.281688948734561 -5.02299886957517 6.357067646309796
      vertex 3.585910765417667 -4.742942958469254 6.3345729102426525
      vertex 3.2816889487345593 -5.022998869575172 18.008262197280892
    endloop
  endfacet
  facet normal 0.6772815716257385 -0.7357239106731339 -1.4234193167966533e-16
    outer loop
      vertex 3.656954297871945 -4.677542779656994 6.254379014544286
      vertex 3.832393279318243 -4.516039819980647 6.069652791289577
      vertex 3.2816889487345593 -5.022998869575172 18.008262197280892
    endloop
  endfacet
  facet normal 0.677281571625746 -0.735723910673127 2.955974468787492e-16
    outer loop
      vertex 3.585910765417667 -4.742942958469254 6.3345729102426525
      vertex 3.656954297871945 -4.677542779656994 6.254379014544286
      vertex 3.2816889487345593 -5.022998869575172 18.008262197280892
    endloop
  endfacet
  facet normal 0.8794737512064892 -0.4759473930370733 -1.986744851581303e-17
    outer loop
      vertex 4.741253877041455 -3.6734301171310086 5.709761184268478
      vertex 4.862451031594528 -3.449477391032053 6.695420647257105
      vertex 4.734843056378361 -3.6852762761380067 18.008262197280892
    endloop
  endfacet
  facet normal 0.8794737512064889 -0.47594739303707384 -3.324557553949042e-17
    outer loop
      vertex 4.862451031594528 -3.449477391032053 6.695420647257105
      vertex 5.285757731757139 -2.667275120467557 6.869425323521108
      vertex 4.734843056378361 -3.6852762761380067 18.008262197280892
    endloop
  endfacet
  facet normal 0.6772815716257409 -0.7357239106731318 0
    outer loop
      vertex 4.734843056378361 -3.6852762761380067 5.389576673179025
      vertex 4.734843056378361 -3.6852762761380067 18.008262197280892
      vertex 3.2816889487345593 -5.022998869575172 18.008262197280892
    endloop
  endfacet
  facet normal 0 0 1
    outer loop
      vertex -1.6113319041277634 3.673466730330113 20
      vertex 0.9847226857812598 -3.8885819467011307 20
      vertex 2.193988188558442 -3.3581489175687635 20
    endloop
  endfacet
  facet normal 0 0 1
    outer loop
      vertex 0.9847226857812595 3.888581946701131 20
      vertex 2.193988188558442 -3.3581489175687635 20
      vertex 3.165501027870979 -2.463808346168588 20
    endloop
  endfacet
  facet normal 0 0 1
    outer loop
      vertex 3.165501027870979 -2.463808346168588 20
      vertex 3.7939827130044623 -1.3024759105355919 20
      vertex 3.165501027870979 2.463808346168588 20
    endloop
  endfacet
  facet normal 0.8794737512064877 -0.47594739303707595 -2.871452100120179e-16
    outer loop
      vertex 5.285757731757139 -2.667275120467557 6.869425323521108
      vertex 5.441901189600531 -2.378747281876826 7.075536298475732
      vertex 4.734843056378361 -3.6852762761380067 18.008262197280892
    endloop
  endfacet
  facet normal 0.879473751206489 -0.47594739303707356 7.590007806641677e-17
    outer loop
      vertex 5.441901189600531 -2.378747281876826 7.075536298475732
      vertex 5.674903450203807 -1.9481968152281037 6.979286590195047
      vertex 4.734843056378361 -3.6852762761380067 18.008262197280892
    endloop
  endfacet
  facet normal 0.8794737512064887 -0.4759473930370739 0
    outer loop
      vertex 5.674903450203807 -1.9481968152281037 6.979286590195047
      vertex 5.674903450203807 -1.9481968152281037 18.008262197280892
      vertex 4.734843056378361 -3.6852762761380067 18.008262197280892
    endloop
  endfacet
  facet normal 0.9863613034027221 -0.16459459028073525 0
    outer loop
      vertex 5.674903450203807 -1.9481968152281037 6.979286590195047
      vertex 5.7153324617199 -1.7059190318193003 7.115793232988099
      vertex 5.674903450203807 -1.9481968152281037 18.008262197280892
    endloop
  endfacet
  facet normal 0.9863613034027223 -0.16459459028073414 2.6256418315583594e-17
    outer loop
      vertex 5.7153324617199 -1.7059190318193003 7.115793232988099
      vertex 5.7836292266011515 -1.2966389582059334 7.821906174399885
      vertex 5.674903450203807 -1.9481968152281037 18.008262197280892
    endloop
  endfacet
  facet normal 0.9863613034027243 -0.16459459028072276 7.748693170152007e-16
    outer loop
      vertex 5.7836292266011515 -1.2966389582059334 7.821906174399885
      vertex 5.787628183592615 -1.2726745227793277 7.823036659431432
      vertex 5.674903450203807 -1.9481968152281037 18.008262197280892
    endloop
  endfacet
  facet normal 0.9863613034027223 -0.16459459028073414 4.952762861537181e-19
    outer loop
      vertex 5.787628183592615 -1.2726745227793277 7.823036659431432
      vertex 6 0 7.900989600985971
      vertex 5.674903450203807 -1.9481968152281037 18.008262197280892
    endloop
  endfacet
  facet normal 0.9863613034027224 -0.16459459028073412 0
    outer loop
      vertex 6 0 7.900989600985971
      vertex 6 0 18.00826219728089
      vertex 5.674903450203807 -1.9481968152281037 18.008262197280892
    endloop
  endfacet
  facet normal 0 0 -1
    outer loop
      vertex -1.6101005854571917 -3.670659606509634 -20
      vertex 0.9839701980875505 3.885610439998663 -20
      vertex 2.1923116260745354 3.3555827476504696 -20
    endloop
  endfacet
  facet normal 0 0 -1
    outer loop
      vertex 0.9839701980875506 -3.8856104399986626 -20
      vertex 2.1923116260745354 3.3555827476504696 -20
      vertex 3.163082072156552 2.4619255973633454 -20
    endloop
  endfacet
  facet normal 0 0 -1
    outer loop
      vertex 3.163082072156552 -2.4619255973633454 -20
      vertex 3.163082072156552 2.4619255973633454 -20
      vertex 3.79108349544514 1.3014806078903043 -20
    endloop
  endfacet
  facet normal 0 0 -1
    outer loop
      vertex 3.79108349544514 1.3014806078903043 -20
      vertex 4.008262197280893 2.241849066834516e-16 -20
      vertex 3.791083495445139 -1.3014806078903067 -20
    endloop
  endfacet
  facet normal 0.6772815716257411 0.7357239106731315 0
    outer loop
      vertex 4.734843056378361 3.6852762761380067 -4.9616136159531345
      vertex 4.734843056378361 3.6852762761380067 -18.01132750147656
      vertex 3.281688948734561 5.022998869575171 -18.011327501476558
    endloop
  endfacet
  facet normal 0.6772815716257413 0.7357239106731314 0
    outer loop
      vertex 3.281688948734561 5.022998869575171 -6.337349940349906
      vertex 3.4383547276195983 4.878777860302618 -6.536623956417206
      vertex 3.281688948734561 5.022998869575171 -18.011327501476558
    endloop
  endfacet
  facet normal 0.6772815716257411 0.7357239106731317 6.718086941125214e-18
    outer loop
      vertex 3.281688948734561 5.022998869575171 -18.011327501476558
      vertex 3.4383547276195983 4.878777860302618 -6.536623956417206
      vertex 3.901358169553384 4.45255316613149 -5.991811037643845
    endloop
  endfacet
  facet normal 0.8794737512064889 0.4759473930370736 -1.5431418529439214e-17
    outer loop
      vertex 4.963413704930958 3.2629147113114634 -6.456044987678016
      vertex 4.734843056378361 3.6852762761380067 -18.01132750147656
      vertex 4.776166970660279 3.6089163707372376 -6.23941082319035
    endloop
  endfacet
  facet normal 0.08257934547233259 0.9965844930066698 0
    outer loop
      vertex 1.4729129228447957 5.816401595635982 -7.221858470320828
      vertex 1.4729129228447957 5.816401595635982 -18.011327501476558
      vertex -0.49547607283399475 5.9795069580400195 -18.011327501476558
    endloop
  endfacet
  facet normal 0.40169542465296953 0.9157733266550573 -2.9315257921431104e-18
    outer loop
      vertex 2.4502317085676206 5.387709829643841 -7.032713635782045
      vertex 3.281688948734561 5.022998869575171 -18.011327501476558
      vertex 1.4729129228447957 5.816401595635982 -18.011327501476558
    endloop
  endfacet
  facet normal 0.08257934547233173 0.99658449300667 9.144220731103463e-17
    outer loop
      vertex 0.24539197816590033 5.9181168810698725 -7.502155790563166
      vertex 0.5715306620508931 5.891092259236578 -7.4209014368590225
      vertex -0.49547607283399475 5.9795069580400195 -18.011327501476558
    endloop
  endfacet
  facet normal 0.08257934547233257 0.9965844930066698 4.621302591788346e-18
    outer loop
      vertex 0.5715306620508931 5.891092259236578 -7.4209014368590225
      vertex 1.4729129228447957 5.816401595635982 -7.221858470320828
      vertex -0.49547607283399475 5.9795069580400195 -18.011327501476558
    endloop
  endfacet
  facet normal 0.4016954246529701 0.9157733266550572 0
    outer loop
      vertex 1.4729129228447957 5.816401595635982 -7.221858470320828
      vertex 1.71566944486918 5.709918712411984 -7.284834230307583
      vertex 1.4729129228447957 5.816401595635982 -18.011327501476558
    endloop
  endfacet
  facet normal 0.4016954246529686 0.9157733266550578 4.069231776580521e-17
    outer loop
      vertex 1.71566944486918 5.709918712411984 -7.284834230307583
      vertex 2.050490921389254 5.56305239595688 -7.4069026785161585
      vertex 1.4729129228447957 5.816401595635982 -18.011327501476558
    endloop
  endfacet
  facet normal 0.40169542465297015 0.9157733266550571 -6.573448999644586e-17
    outer loop
      vertex 2.050490921389254 5.56305239595688 -7.4069026785161585
      vertex 2.4502317085676206 5.387709829643841 -7.032713635782045
      vertex 1.4729129228447957 5.816401595635982 -18.011327501476558
    endloop
  endfacet
  facet normal 0.4016954246529696 0.9157733266550575 -2.021972055456466e-18
    outer loop
      vertex 2.4502317085676206 5.387709829643841 -7.032713635782045
      vertex 3.281688948734561 5.022998869575171 -6.337349940349906
      vertex 3.281688948734561 5.022998869575171 -18.011327501476558
    endloop
  endfacet
  facet normal 0.9863613034027223 0.1645945902807339 2.747251877100764e-18
    outer loop
      vertex 6 -1.6738600654666948e-16 -7.982821780569637
      vertex 6 -1.9268654350097516e-32 -18.01132750147656
      vertex 5.674903450203808 1.9481968152281008 -18.011327501476558
    endloop
  endfacet
  facet normal 0.9863613034027223 0.1645945902807339 -1.7098041737432826e-18
    outer loop
      vertex 6 -1.6738600654666948e-16 -7.982821780569637
      vertex 5.674903450203808 1.9481968152281008 -18.011327501476558
      vertex 5.674903450203808 1.9481968152281008 -7.232305924678497
    endloop
  endfacet
  facet normal 0.8794737512064884 0.4759473930370747 -2.2288630699224035e-19
    outer loop
      vertex 5.569537066508207 2.1428968389607945 -7.432495397375488
      vertex 5.674903450203808 1.9481968152281008 -7.232305924678497
      vertex 5.674903450203808 1.9481968152281008 -18.011327501476558
    endloop
  endfacet
  facet normal 0.879473751206489 0.47594739303707373 2.2682720647352047e-17
    outer loop
      vertex 5.569537066508207 2.1428968389607945 -7.432495397375488
      vertex 5.674903450203808 1.9481968152281008 -18.011327501476558
      vertex 4.734843056378361 3.6852762761380067 -18.01132750147656
    endloop
  endfacet
  facet normal 0.8794737512064892 0.4759473930370735 -2.650162393283912e-17
    outer loop
      vertex 4.963413704930958 3.2629147113114634 -6.456044987678016
      vertex 5.569537066508207 2.1428968389607945 -7.432495397375488
      vertex 4.734843056378361 3.6852762761380067 -18.01132750147656
    endloop
  endfacet
  facet normal 0.6772815716257149 0.7357239106731558 2.2493982480043647e-15
    outer loop
      vertex 3.281688948734561 5.022998869575171 -18.011327501476558
      vertex 3.901358169553384 4.45255316613149 -5.991811037643845
      vertex 3.9095490722990363 4.445012908972343 -5.976036214156514
    endloop
  endfacet
  facet normal 0.8794737512064871 0.4759473930370775 1.642631021752607e-17
    outer loop
      vertex 4.776166970660279 3.6089163707372376 -6.23941082319035
      vertex 4.734843056378361 3.6852762761380067 -18.01132750147656
      vertex 4.735568162141193 3.6839363980451996 -5.684251342602108
    endloop
  endfacet
  facet normal 0.8794737512065505 0.47594739303695993 -3.8229281630573024e-22
    outer loop
      vertex 4.735568162141193 3.6839363980451996 -5.684251342602108
      vertex 4.734843056378361 3.6852762761380067 -18.01132750147656
      vertex 4.734843056378361 3.6852762761380067 -4.9616136159531345
    endloop
  endfacet
  facet normal 0.677281571625744 0.7357239106731289 -5.908971171357519e-16
    outer loop
      vertex 4.734843056378361 3.6852762761380067 -4.9616136159531345
      vertex 3.281688948734561 5.022998869575171 -18.011327501476558
      vertex 4.720609492747932 3.6983791945094273 -4.732902412980107
    endloop
  endfacet
  facet normal 0.6772815716257412 0.7357239106731315 -4.144814313406236e-17
    outer loop
      vertex 4.720609492747932 3.6983791945094273 -4.732902412980107
      vertex 3.281688948734561 5.022998869575171 -18.011327501476558
      vertex 3.9095490722990363 4.445012908972343 -5.976036214156514
    endloop
  endfacet
  facet normal 0.6772815716257417 0.7357239106731311 3.838932680713838e-16
    outer loop
      vertex 3.281688948734561 5.022998869575171 -6.337349940349906
      vertex 3.4504049947086775 4.867684807984753 -6.353583838648234
      vertex 3.4383547276195983 4.878777860302618 -6.536623956417206
    endloop
  endfacet
  facet normal 0.6772815716257418 0.735723910673131 1.958035774938631e-15
    outer loop
      vertex 3.281688948734561 5.022998869575171 -6.337349940349906
      vertex 3.4466619349497205 4.871130537231089 -6.319472877217315
      vertex 3.4504049947086775 4.867684807984753 -6.353583838648234
    endloop
  endfacet
  facet normal 0.8794737512064976 0.4759473930370578 3.234497841688369e-16
    outer loop
      vertex 4.754149701824192 3.649600720095753 -5.6037771400107825
      vertex 4.7426858416209505 3.6707840783486816 -5.578023572398755
      vertex 4.7540562011133245 3.649773494276534 -5.600667187732394
    endloop
  endfacet
  facet normal 0.8794737512064955 0.4759473930370615 -3.666264950258939e-15
    outer loop
      vertex 4.735568162141193 3.6839363980451996 -5.684251342602108
      vertex 4.7426858416209505 3.6707840783486816 -5.578023572398755
      vertex 4.754149701824192 3.649600720095753 -5.6037771400107825
    endloop
  endfacet
  facet normal 0.8794737512064863 0.47594739303707856 -1.0049556961120642e-15
    outer loop
      vertex 4.734843056378361 3.6852762761380067 -4.9616136159531345
      vertex 4.752504837124081 3.6526401638435217 -5.54906685305883
      vertex 4.748198887486915 3.6605968618637363 -5.540491726890181
    endloop
  endfacet
  facet normal 0.8794737512064501 0.4759473930371458 -4.711922006518112e-15
    outer loop
      vertex 4.734843056378361 3.6852762761380067 -4.9616136159531345
      vertex 4.748198887486915 3.6605968618637363 -5.540491726890181
      vertex 4.747460689912133 3.6619609315061448 -5.543516431126355
    endloop
  endfacet
  facet normal 0.8794737512064841 0.47594739303708267 -2.9416439938491986e-16
    outer loop
      vertex 4.735568162141193 3.6839363980451996 -5.684251342602108
      vertex 4.734843056378361 3.6852762761380067 -4.9616136159531345
      vertex 4.7426858416209505 3.6707840783486816 -5.578023572398755
    endloop
  endfacet
  facet normal 0.879473751206513 0.47594739303702926 1.329171743758868e-15
    outer loop
      vertex 4.734843056378361 3.6852762761380067 -4.9616136159531345
      vertex 4.747460689912133 3.6619609315061448 -5.543516431126355
      vertex 4.7426858416209505 3.6707840783486816 -5.578023572398755
    endloop
  endfacet
  facet normal 0.6772815716257418 0.735723910673131 -6.929380944440016e-16
    outer loop
      vertex 4.720609492747932 3.6983791945094273 -4.732902412980107
      vertex 3.9095490722990363 4.445012908972343 -5.976036214156514
      vertex 3.803545033373477 4.542596501187652 -5.700960919859018
    endloop
  endfacet
  facet normal 0.677281571625739 0.7357239106731336 4.116821504004868e-15
    outer loop
      vertex 4.720609492747932 3.6983791945094273 -4.732902412980107
      vertex 3.803545033373477 4.542596501187652 -5.700960919859018
      vertex 3.7697258544859618 4.573729248534509 -5.632032636124944
    endloop
  endfacet
  facet normal 0.6772815716257409 0.7357239106731317 2.877461636898195e-16
    outer loop
      vertex 4.720609492747932 3.6983791945094273 -4.732902412980107
      vertex 3.7697258544859618 4.573729248534509 -5.632032636124944
      vertex 3.743411107300403 4.597953679835733 -5.527876568935999
    endloop
  endfacet
  facet normal 0.677281571625741 0.7357239106731317 4.4044900624871063e-16
    outer loop
      vertex 4.720609492747932 3.6983791945094273 -4.732902412980107
      vertex 3.743411107300403 4.597953679835733 -5.527876568935999
      vertex 3.849734765717258 4.500075857151295 -4.802080477368914
    endloop
  endfacet
  facet normal 0.9863613034027224 0.16459459028073387 5.122310291314654e-16
    outer loop
      vertex 6 -1.6738600654666948e-16 -7.982821780569637
      vertex 5.674903450203808 1.9481968152281008 -7.232305924678497
      vertex 5.749806894224836 1.4993250840981747 -7.372750408345168
    endloop
  endfacet
  facet normal 0.6772815716257412 0.7357239106731315 3.714395001476629e-16
    outer loop
      vertex 3.7273130620814032 4.612772974421457 4.6789649013258465
      vertex 3.657085725906681 4.677421791627884 5.460460966915073
      vertex 4.603110232243522 3.8065448836556164 4.621877221888164
    endloop
  endfacet
  facet normal 0.6772815716257428 0.73572391067313 -2.2968858538150965e-16
    outer loop
      vertex 3.281688948734561 5.022998869575171 6.184868643966877
      vertex 3.3345261410872657 4.974358807511414 6.56532343701597
      vertex 3.3729750881931055 4.938964058278141 6.210989503528627
    endloop
  endfacet
  facet normal 0.6772815716257422 0.7357239106731305 -3.408268926507523e-16
    outer loop
      vertex 3.3729750881931055 4.938964058278141 6.210989503528627
      vertex 3.3345261410872657 4.974358807511414 6.56532343701597
      vertex 3.3862083857961087 4.92678194965243 6.267878831888164
    endloop
  endfacet
  facet normal 0.8794737512064982 0.4759473930370568 -2.262314311848726e-15
    outer loop
      vertex 4.734843056378361 3.6852762761380067 5.389576673179028
      vertex 4.741253877041457 3.673430117131007 5.709761184268481
      vertex 4.7564033127666825 3.645436411816418 5.642319906207301
    endloop
  endfacet
  facet normal 0.8794737512064927 0.4759473930370668 -1.8472668061189534e-15
    outer loop
      vertex 4.812660900704578 3.541481494484376 5.872598168134036
      vertex 4.741253877041457 3.673430117131007 5.709761184268481
      vertex 4.862451031594528 3.449477391032054 6.695420647257107
    endloop
  endfacet
  facet normal 0.6772815716257402 0.7357239106731324 -1.9966999505298715e-15
    outer loop
      vertex 4.603110232243522 3.8065448836556164 4.621877221888164
      vertex 3.6844558553923368 4.652225812477655 5.514989020217046
      vertex 3.7284110091292817 4.611762242961787 5.721442328812116
    endloop
  endfacet
  facet normal 0.6772815716257428 0.7357239106731299 2.351615154468163e-15
    outer loop
      vertex 4.603110232243522 3.8065448836556164 4.621877221888164
      vertex 3.7284110091292817 4.611762242961787 5.721442328812116
      vertex 3.7472453508454087 4.594424010001051 5.761182256864416
    endloop
  endfacet
  facet normal 0.6772815716257417 0.735723910673131 2.4947694375575067e-16
    outer loop
      vertex 4.603110232243522 3.8065448836556164 4.621877221888164
      vertex 3.7472453508454087 4.594424010001051 5.761182256864416
      vertex 3.8070354839269087 4.539383315096761 6.0083106094570375
    endloop
  endfacet
  facet normal 0.67728157162574 0.7357239106731327 -3.1573758205115984e-15
    outer loop
      vertex 4.603110232243522 3.8065448836556164 4.621877221888164
      vertex 3.657085725906681 4.677421791627884 5.460460966915073
      vertex 3.6844558553923368 4.652225812477655 5.514989020217046
    endloop
  endfacet
  facet normal 0.6772815716257403 0.7357239106731324 2.6608151751913068e-17
    outer loop
      vertex 4.603110232243522 3.8065448836556164 4.621877221888164
      vertex 4.734843056378361 3.6852762761380062 18.008262197280892
      vertex 4.734843056378361 3.6852762761380067 5.389576673179028
    endloop
  endfacet
  facet normal 0.8794737512064724 0.4759473930371044 1.6750009444354444e-17
    outer loop
      vertex 4.734843056378361 3.6852762761380067 5.389576673179028
      vertex 4.734843056378361 3.6852762761380062 18.008262197280892
      vertex 4.741253877041457 3.673430117131007 5.709761184268481
    endloop
  endfacet
  facet normal 0.6772815716257413 0.7357239106731314 7.320520470271586e-18
    outer loop
      vertex 4.603110232243522 3.8065448836556164 4.621877221888164
      vertex 3.8070354839269087 4.539383315096761 6.0083106094570375
      vertex 4.734843056378361 3.6852762761380062 18.008262197280892
    endloop
  endfacet
  facet normal 0.6772815716257444 0.7357239106731285 -2.297456009569139e-16
    outer loop
      vertex 4.734843056378361 3.6852762761380062 18.008262197280892
      vertex 3.8070354839269087 4.539383315096761 6.0083106094570375
      vertex 3.778492339503964 4.565659130567031 6.047238332934402
    endloop
  endfacet
  facet normal 0.6772815716257408 0.7357239106731318 8.391298678201377e-17
    outer loop
      vertex 3.3345261410872657 4.974358807511414 6.56532343701597
      vertex 4.734843056378361 3.6852762761380062 18.008262197280892
      vertex 3.778492339503964 4.565659130567031 6.047238332934402
    endloop
  endfacet
  facet normal 0.6772815716257412 0.7357239106731315 -5.414793938279964e-18
    outer loop
      vertex 3.3345261410872657 4.974358807511414 6.56532343701597
      vertex 3.281688948734561 5.022998869575171 18.008262197280892
      vertex 4.734843056378361 3.6852762761380062 18.008262197280892
    endloop
  endfacet
  facet normal 0 0 1
    outer loop
      vertex 2.193988188558442 -3.3581489175687635 20
      vertex -0.33125279954710146 3.997626784342734 20
      vertex -1.6113319041277634 3.673466730330113 20
    endloop
  endfacet
  facet normal 0 0 1
    outer loop
      vertex 2.193988188558442 -3.3581489175687635 20
      vertex 0.9847226857812595 3.888581946701131 20
      vertex -0.33125279954710146 3.997626784342734 20
    endloop
  endfacet
  facet normal 0 0 1
    outer loop
      vertex 3.165501027870979 -2.463808346168588 20
      vertex 2.193988188558443 3.358148917568763 20
      vertex 0.9847226857812595 3.888581946701131 20
    endloop
  endfacet
  facet normal 0 0 1
    outer loop
      vertex 3.165501027870979 -2.463808346168588 20
      vertex 3.165501027870979 2.463808346168588 20
      vertex 2.193988188558443 3.358148917568763 20
    endloop
  endfacet
  facet normal 0 0 1
    outer loop
      vertex 3.7939827130044623 -1.3024759105355919 20
      vertex 3.7939827130044628 1.3024759105355894 20
      vertex 3.165501027870979 2.463808346168588 20
    endloop
  endfacet
  facet normal 0 0 1
    outer loop
      vertex 3.7939827130044623 -1.3024759105355919 20
      vertex 4.011327501476564 1.9585989840614622e-16 20
      vertex 3.7939827130044628 1.3024759105355894 20
    endloop
  endfacet
  facet normal 0.08257934547233156 0.99658449300667 1.9499113679324155e-16
    outer loop
      vertex -0.4954760728339947 5.9795069580400195 7.291685037426964
      vertex 1.4729129228447957 5.816401595635982 18.00826219728089
      vertex -0.06455019221556872 5.9437994215308 7.905758681597963
    endloop
  endfacet
  facet normal 0.08257934547233275 0.9965844930066698 1.2337821478744952e-17
    outer loop
      vertex -0.06455019221556872 5.9437994215308 7.905758681597963
      vertex 1.4729129228447957 5.816401595635982 18.00826219728089
      vertex 0.8080490808945126 5.871493784288076 7.269475051254595
    endloop
  endfacet
  facet normal 0.08257934547233292 0.9965844930066697 1.0031224017101973e-19
    outer loop
      vertex 0.8080490808945126 5.871493784288076 7.269475051254595
      vertex 1.4729129228447957 5.816401595635982 18.00826219728089
      vertex 1.4729129228447957 5.816401595635982 7.069801294040227
    endloop
  endfacet
  facet normal 0.40169542465296965 0.9157733266550574 -5.539975671898029e-19
    outer loop
      vertex 1.4729129228447957 5.816401595635982 7.069801294040227
      vertex 3.281688948734561 5.022998869575171 18.008262197280892
      vertex 2.018846914140237 5.576932744466313 7.358817434239701
    endloop
  endfacet
  facet normal 0.0825793454723326 0.9965844930066698 0
    outer loop
      vertex -0.4954760728339947 5.9795069580400195 7.291685037426964
      vertex -0.4954760728339947 5.9795069580400195 18.008262197280892
      vertex 1.4729129228447957 5.816401595635982 18.00826219728089
    endloop
  endfacet
  facet normal 0.4016954246529696 0.9157733266550574 0
    outer loop
      vertex 1.4729129228447957 5.816401595635982 7.069801294040227
      vertex 1.4729129228447957 5.816401595635982 18.00826219728089
      vertex 3.281688948734561 5.022998869575171 18.008262197280892
    endloop
  endfacet
  facet normal 0.40169542465296953 0.9157733266550574 0
    outer loop
      vertex 3.281688948734561 5.022998869575171 6.184868643966877
      vertex 2.80622740021653 5.231555641299152 6.575518328900664
      vertex 3.281688948734561 5.022998869575171 18.008262197280892
    endloop
  endfacet
  facet normal 0.4016954246529696 0.9157733266550574 -4.748110686757985e-18
    outer loop
      vertex 2.018846914140237 5.576932744466313 7.358817434239701
      vertex 3.281688948734561 5.022998869575171 18.008262197280892
      vertex 2.80622740021653 5.231555641299152 6.575518328900664
    endloop
  endfacet
  facet normal 0.6772815716257419 0.7357239106731309 0
    outer loop
      vertex 3.281688948734561 5.022998869575171 6.184868643966877
      vertex 3.281688948734561 5.022998869575171 18.008262197280892
      vertex 3.3345261410872657 4.974358807511414 6.56532343701597
    endloop
  endfacet
  facet normal 0.9863613034027224 0.1645945902807336 0
    outer loop
      vertex 6 0 7.900989600985971
      vertex 5.787628183592616 1.2726745227793212 7.823036659431429
      vertex 6 0 18.00826219728089
    endloop
  endfacet
  facet normal 0.9863613034027192 0.1645945902807524 2.4213014890130875e-15
    outer loop
      vertex 5.787628183592616 1.2726745227793212 7.823036659431429
      vertex 5.7836292266011515 1.2966389582059332 7.821906174399881
      vertex 6 0 18.00826219728089
    endloop
  endfacet
  facet normal 0.9863613034027222 0.1645945902807347 1.0100616947419894e-16
    outer loop
      vertex 5.7153324617199 1.705919031819299 7.115793232988099
      vertex 6 0 18.00826219728089
      vertex 5.7836292266011515 1.2966389582059332 7.821906174399881
    endloop
  endfacet
  facet normal 0.8794737512064892 0.4759473930370735 1.188069219273274e-18
    outer loop
      vertex 5.441901189600532 2.3787472818768234 7.075536298475734
      vertex 5.674903450203808 1.9481968152281008 18.008262197280892
      vertex 5.674903450203808 1.9481968152281008 6.979286590195048
    endloop
  endfacet
  facet normal 0.8794737512064883 0.475947393037075 8.144287780332767e-17
    outer loop
      vertex 5.441901189600532 2.3787472818768234 7.075536298475734
      vertex 5.28575773175714 2.667275120467555 6.869425323521109
      vertex 5.674903450203808 1.9481968152281008 18.008262197280892
    endloop
  endfacet
  facet normal 0.9863613034027224 0.16459459028073278 -7.071402053749176e-20
    outer loop
      vertex 5.7153324617199 1.705919031819299 7.115793232988099
      vertex 5.674903450203808 1.9481968152281008 6.979286590195048
      vertex 5.674903450203808 1.9481968152281008 18.008262197280892
    endloop
  endfacet
  facet normal 0.9863613034027224 0.16459459028073392 -2.5468787016100497e-17
    outer loop
      vertex 5.7153324617199 1.705919031819299 7.115793232988099
      vertex 5.674903450203808 1.9481968152281008 18.008262197280892
      vertex 6 0 18.00826219728089
    endloop
  endfacet
  facet normal 0.8794737512064893 0.4759473930370731 -7.375875947152552e-17
    outer loop
      vertex 4.862451031594528 3.449477391032054 6.695420647257107
      vertex 5.674903450203808 1.9481968152281008 18.008262197280892
      vertex 5.28575773175714 2.667275120467555 6.869425323521109
    endloop
  endfacet
  facet normal 0.8794737512064896 0.47594739303707245 -1.9328201952317686e-16
    outer loop
      vertex 4.741253877041457 3.673430117131007 5.709761184268481
      vertex 5.674903450203808 1.9481968152281008 18.008262197280892
      vertex 4.862451031594528 3.449477391032054 6.695420647257107
    endloop
  endfacet
  facet normal 0.8794737512064891 0.4759473930370739 5.4938136709164084e-17
    outer loop
      vertex 4.741253877041457 3.673430117131007 5.709761184268481
      vertex 4.734843056378361 3.6852762761380062 18.008262197280892
      vertex 5.674903450203808 1.9481968152281008 18.008262197280892
    endloop
  endfacet
  facet normal -1 0 0
    outer loop
      vertex -20 -3.358148917568764 -2.193988188558442
      vertex -20 -3.888581946701131 -0.9847226857812598
      vertex -20 -2.9512295563770206 2.716798194505604
    endloop
  endfacet
  facet normal -1 0 0
    outer loop
      vertex -20 -1.9091808669456891 3.5278572450413472
      vertex -20 -2.4638083461685873 -3.1655010278709788
      vertex -20 -3.358148917568764 -2.193988188558442
    endloop
  endfacet
  facet normal -1 0 0
    outer loop
      vertex -20 -0.6602428065873762 3.9566182227316102
      vertex -20 -1.3024759105355919 -3.793982713004462
      vertex -20 -2.4638083461685873 -3.1655010278709788
    endloop
  endfacet
  facet normal 0 -0.9157733266550574 -0.4016954246529694
    outer loop
      vertex -7.324705311460204 -5.816401595635982 -1.4729129228447957
      vertex -18.008262197280892 -5.816401595635982 -1.4729129228447957
      vertex -18.00826219728089 -5.022998869575172 -3.2816889487345597
    endloop
  endfacet
  facet normal 0 -0.9965844930066698 -0.08257934547233253
    outer loop
      vertex -7.402329103785077 -5.9795069580400195 0.4954760728339962
      vertex -18.008262197280892 -5.9795069580400195 0.4954760728339962
      vertex -18.008262197280892 -5.816401595635982 -1.4729129228447957
    endloop
  endfacet
  facet normal 5.1069322937684456e-17 -0.9157733266550573 -0.40169542465296953
    outer loop
      vertex -7.2631317476887 -5.661072985842979 -1.8270264849739437
      vertex -18.00826219728089 -5.022998869575172 -3.2816889487345597
      vertex -7.1992730432684615 -5.407855376856592 -2.404304486956257
    endloop
  endfacet
  facet normal 9.654342129596937e-17 -0.9157733266550573 -0.40169542465297003
    outer loop
      vertex -6.943612022991762 -5.232837251313605 -2.8033056236804264
      vertex -7.1992730432684615 -5.407855376856592 -2.404304486956257
      vertex -18.00826219728089 -5.022998869575172 -3.2816889487345597
    endloop
  endfacet
  facet normal 1.5348741430020882e-17 -0.915773326655058 -0.4016954246529685
    outer loop
      vertex -6.943612022991762 -5.232837251313605 -2.8033056236804264
      vertex -18.00826219728089 -5.022998869575172 -3.2816889487345597
      vertex -6.6721745070028415 -5.022998869575172 -3.2816889487345593
    endloop
  endfacet
  facet normal -8.992997131144076e-17 -0.99658449300667 -0.0825793454723305
    outer loop
      vertex -7.582394814143954 -5.832328114776772 -1.2807084204659067
      vertex -18.008262197280892 -5.816401595635982 -1.4729129228447957
      vertex -7.440670697984488 -5.829980698104308 -1.3090375267457182
    endloop
  endfacet
  facet normal 2.784615821699602e-16 -0.9965844930066681 -0.08257934547235411
    outer loop
      vertex -7.440670697984488 -5.829980698104308 -1.3090375267457182
      vertex -18.008262197280892 -5.816401595635982 -1.4729129228447957
      vertex -7.4247906090161235 -5.828422250634042 -1.3278451907341906
    endloop
  endfacet
  facet normal 1.691270601883251e-20 -0.9965844930066696 -0.08257934547233393
    outer loop
      vertex -7.4247906090161235 -5.828422250634042 -1.3278451907341906
      vertex -18.008262197280892 -5.816401595635982 -1.4729129228447957
      vertex -7.324705311460204 -5.816401595635982 -1.4729129228447957
    endloop
  endfacet
  facet normal 1.831618382454961e-16 -0.9157733266550571 -0.4016954246529704
    outer loop
      vertex -7.2631317476887 -5.661072985842979 -1.8270264849739437
      vertex -7.324705311460204 -5.816401595635982 -1.4729129228447957
      vertex -18.00826219728089 -5.022998869575172 -3.2816889487345597
    endloop
  endfacet
  facet normal -6.353695377838985e-17 -0.9965844930066698 -0.08257934547233194
    outer loop
      vertex -7.582394814143954 -5.832328114776772 -1.2807084204659067
      vertex -7.82264801539452 -5.918328040123331 -0.24284366736213928
      vertex -18.008262197280892 -5.816401595635982 -1.4729129228447957
    endloop
  endfacet
  facet normal 8.670721087180215e-17 -0.9965844930066698 -0.08257934547233318
    outer loop
      vertex -7.82264801539452 -5.918328040123331 -0.24284366736213928
      vertex -7.882878968680038 -5.93974107900618 0.015573281533945079
      vertex -18.008262197280892 -5.816401595635982 -1.4729129228447957
    endloop
  endfacet
  facet normal -3.174608010343904e-16 -0.9965844930066701 -0.08257934547233046
    outer loop
      vertex -7.882878968680038 -5.93974107900618 0.015573281533945079
      vertex -7.522517341905019 -5.9548084108065655 0.19740893471530518
      vertex -18.008262197280892 -5.816401595635982 -1.4729129228447957
    endloop
  endfacet
  facet normal 3.1826413897118527e-16 -0.9965844930066696 -0.0825793454723344
    outer loop
      vertex -7.522517341905019 -5.9548084108065655 0.19740893471530518
      vertex -7.46709824850717 -5.960432767959072 0.2652848313969666
      vertex -18.008262197280892 -5.816401595635982 -1.4729129228447957
    endloop
  endfacet
  facet normal 6.968529333639838e-17 -0.9965844930066698 -0.08257934547233291
    outer loop
      vertex -7.46709824850717 -5.960432767959072 0.2652848313969666
      vertex -7.402329103785077 -5.9795069580400195 0.4954760728339962
      vertex -18.008262197280892 -5.816401595635982 -1.4729129228447957
    endloop
  endfacet
  facet normal -1.459248238399244e-17 -0.475947393037074 -0.8794737512064889
    outer loop
      vertex -5.755044024447484 -3.636736927111714 -4.761111238455528
      vertex -18.008262197280892 -3.6852762761380067 -4.734843056378361
      vertex -18.008262197280896 -1.9481968152281037 -5.674903450203807
    endloop
  endfacet
  facet normal -3.732760939922505e-17 -0.16459459028073412 -0.9863613034027223
    outer loop
      vertex -7.115793232988099 -1.705919031819301 -5.7153324617199
      vertex -18.008262197280896 -1.9481968152281037 -5.674903450203807
      vertex -18.008262197280892 0 -6
    endloop
  endfacet
  facet normal -1.0062128984090459e-16 -0.4759473930370749 -0.8794737512064884
    outer loop
      vertex -6.869425323521106 -2.6672751204675587 -5.285757731757139
      vertex -6.695420647257104 -3.4494773910320524 -4.862451031594528
      vertex -18.008262197280896 -1.9481968152281037 -5.674903450203807
    endloop
  endfacet
  facet normal 1.9039609605875847e-15 -0.47594739303706324 -0.8794737512064946
    outer loop
      vertex -6.695420647257104 -3.4494773910320524 -4.862451031594528
      vertex -5.755044024447484 -3.636736927111714 -4.761111238455528
      vertex -18.008262197280896 -1.9481968152281037 -5.674903450203807
    endloop
  endfacet
  facet normal -6.417812771828647e-17 -0.47594739303707445 -0.8794737512064886
    outer loop
      vertex -6.869425323521106 -2.6672751204675587 -5.285757731757139
      vertex -18.008262197280896 -1.9481968152281037 -5.674903450203807
      vertex -7.075536298475733 -2.3787472818768265 -5.441901189600531
    endloop
  endfacet
  facet normal 0 -0.4759473930370733 -0.8794737512064893
    outer loop
      vertex -6.979286590195048 -1.9481968152281037 -5.674903450203807
      vertex -7.075536298475733 -2.3787472818768265 -5.441901189600531
      vertex -18.008262197280896 -1.9481968152281037 -5.674903450203807
    endloop
  endfacet
  facet normal 0 -0.16459459028073573 -0.986361303402722
    outer loop
      vertex -6.979286590195048 -1.9481968152281037 -5.674903450203807
      vertex -18.008262197280896 -1.9481968152281037 -5.674903450203807
      vertex -7.115793232988099 -1.705919031819301 -5.7153324617199
    endloop
  endfacet
  facet normal -6.561542149548389e-17 -0.1645945902807343 -0.9863613034027223
    outer loop
      vertex -7.82190617439989 -1.2966389582059343 -5.7836292266011515
      vertex -7.115793232988099 -1.705919031819301 -5.7153324617199
      vertex -18.008262197280892 0 -6
    endloop
  endfacet
  facet normal -3.616022107599945e-15 -0.16459459028076143 -0.9863613034027178
    outer loop
      vertex -7.82190617439989 -1.2966389582059343 -5.7836292266011515
      vertex -18.008262197280892 0 -6
      vertex -7.823036659431435 -1.272674522779329 -5.7876281835926155
    endloop
  endfacet
  facet normal -1.4987788594607403e-18 -0.16459459028073328 -0.9863613034027225
    outer loop
      vertex -7.823036659431435 -1.272674522779329 -5.7876281835926155
      vertex -18.008262197280892 0 -6
      vertex -7.900989600985975 0 -6
    endloop
  endfacet
  facet normal 1.1856017717901493e-17 -0.7357239106731316 -0.6772815716257411
    outer loop
      vertex -6.702488690172626 -4.911323263764696 -3.403000995120899
      vertex -18.00826219728089 -5.022998869575172 -3.2816889487345597
      vertex -18.008262197280892 -3.6852762761380067 -4.734843056378361
    endloop
  endfacet
  facet normal 5.906487702821493e-18 -0.7357239106731317 -0.677281571625741
    outer loop
      vertex -6.702488690172626 -4.911323263764696 -3.403000995120899
      vertex -18.008262197280892 -3.6852762761380067 -4.734843056378361
      vertex -6.004838380599827 -4.5220197842046606 -3.825897306522148
    endloop
  endfacet
  facet normal 2.6532384558671876e-17 -0.7357239106731324 -0.6772815716257403
    outer loop
      vertex -6.6721745070028415 -5.022998869575172 -3.2816889487345593
      vertex -18.00826219728089 -5.022998869575172 -3.2816889487345597
      vertex -6.702488690172626 -4.911323263764696 -3.403000995120899
    endloop
  endfacet
  facet normal -1.5340141828253004e-18 -0.7357239106731317 -0.6772815716257411
    outer loop
      vertex -6.004838380599827 -4.5220197842046606 -3.825897306522148
      vertex -18.008262197280892 -3.6852762761380067 -4.734843056378361
      vertex -5.12959713706628 -3.6852762761380067 -4.734843056378361
    endloop
  endfacet
  facet normal -1.3493285643558589e-19 -0.4759473930370768 -0.8794737512064873
    outer loop
      vertex -5.755044024447484 -3.636736927111714 -4.761111238455528
      vertex -5.12959713706628 -3.6852762761380067 -4.734843056378361
      vertex -18.008262197280892 -3.6852762761380067 -4.734843056378361
    endloop
  endfacet
  facet normal 1.756064039789718e-15 -0.7357239106731325 -0.67728157162574
    outer loop
      vertex -6.004838380599827 -4.5220197842046606 -3.825897306522148
      vertex -5.12959713706628 -3.6852762761380067 -4.734843056378361
      vertex -5.672318945286195 -4.658622605379417 -3.6775070859489953
    endloop
  endfacet
  facet normal -7.835482106901153e-16 -0.7357239106731317 -0.677281571625741
    outer loop
      vertex -5.672318945286195 -4.658622605379417 -3.6775070859489953
      vertex -4.632393699465531 -3.761046286217195 -4.652534884323138
      vertex -4.69631298477882 -4.510859979249439 -3.8380200863052987
    endloop
  endfacet
  facet normal -2.1064701222724014e-17 -0.7357239106731321 -0.6772815716257405
    outer loop
      vertex -5.672318945286195 -4.658622605379417 -3.6775070859489953
      vertex -5.12959713706628 -3.6852762761380067 -4.734843056378361
      vertex -4.632393699465531 -3.761046286217195 -4.652534884323138
    endloop
  endfacet
  facet normal -9.511225265616524e-16 -0.4759473930370743 -0.8794737512064886
    outer loop
      vertex -6.695420647257104 -3.4494773910320524 -4.862451031594528
      vertex -5.872598168134036 -3.5414814944843758 -4.812660900704579
      vertex -5.755044024447484 -3.636736927111714 -4.761111238455528
    endloop
  endfacet
  facet normal 4.315161636359317e-16 -0.4759473930370725 -0.8794737512064896
    outer loop
      vertex -5.755044024447484 -3.636736927111714 -4.761111238455528
      vertex -5.672318945286195 -3.6024997945711723 -4.779639448030153
      vertex -5.12959713706628 -3.6852762761380067 -4.734843056378361
    endloop
  endfacet
  facet normal -1 0 0
    outer loop
      vertex -20 -3.888581946701131 -0.9847226857812598
      vertex -20 -3.9976267843427333 0.331252799547103
      vertex -20 -3.6734667303301136 1.6113319041277623
    endloop
  endfacet
  facet normal -1 0 0
    outer loop
      vertex -20 -3.888581946701131 -0.9847226857812598
      vertex -20 -3.6734667303301136 1.6113319041277623
      vertex -20 -2.9512295563770206 2.716798194505604
    endloop
  endfacet
  facet normal -1 0 0
    outer loop
      vertex -20 -3.358148917568764 -2.193988188558442
      vertex -20 -2.9512295563770206 2.716798194505604
      vertex -20 -1.9091808669456891 3.5278572450413472
    endloop
  endfacet
  facet normal -1 0 0
    outer loop
      vertex -20 -2.4638083461685873 -3.1655010278709788
      vertex -20 -1.9091808669456891 3.5278572450413472
      vertex -20 -0.6602428065873762 3.9566182227316102
    endloop
  endfacet
  facet normal -1 0 0
    outer loop
      vertex -20 -1.3024759105355919 -3.793982713004462
      vertex -20 -0.6602428065873762 3.9566182227316102
      vertex -20 0.6602428065873762 3.9566182227316102
    endloop
  endfacet
  facet normal 8.014577885095074e-18 -0.9694002659393303 0.24548548714079943
    outer loop
      vertex -7.036317576881388 -5.495874299335548 2.405298251837833
      vertex -18.008262197280917 -5.494639959930345 2.4101725479178158
      vertex -18.008262197280892 -5.9795069580400195 0.4954760728339962
    endloop
  endfacet
  facet normal 6.576617504441288e-19 -0.9694002659393305 0.24548548714079899
    outer loop
      vertex -7.699300308379914 -5.774543973018235 1.3048565967175798
      vertex -18.008262197280892 -5.9795069580400195 0.4954760728339962
      vertex -7.402329103785077 -5.9795069580400195 0.4954760728339962
    endloop
  endfacet
  facet normal -8.441531805166993e-17 -0.9694002659393303 0.2454854871408
    outer loop
      vertex -7.699300308379914 -5.774543973018235 1.3048565967175798
      vertex -7.188970526076879 -5.584507846605578 2.0552922889784786
      vertex -18.008262197280892 -5.9795069580400195 0.4954760728339962
    endloop
  endfacet
  facet normal -1.3973878961550487e-17 -0.9694002659393303 0.24548548714079957
    outer loop
      vertex -7.188970526076879 -5.584507846605578 2.0552922889784786
      vertex -7.036317576881388 -5.495874299335548 2.405298251837833
      vertex -18.008262197280892 -5.9795069580400195 0.4954760728339962
    endloop
  endfacet
  facet normal 9.925640720505176e-23 -0.9694002659393346 0.2454854871407825
    outer loop
      vertex -7.036317576881388 -5.495874299335548 2.405298251837833
      vertex -7.03115636086598 -5.494639959930345 2.4101725479178158
      vertex -18.008262197280917 -5.494639959930345 2.4101725479178158
    endloop
  endfacet
  facet normal 0 -0.8371664782625285 0.5469481581224269
    outer loop
      vertex -7.03115636086598 -5.494639959930345 2.4101725479178158
      vertex -7.021195965722661 -5.480115676286844 2.4324036190102873
      vertex -18.008262197280917 -5.494639959930345 2.4101725479178158
    endloop
  endfacet
  facet normal 1.0672665171869286e-18 -0.8371664782625288 0.5469481581224265
    outer loop
      vertex -7.021195965722661 -5.480115676286844 2.4324036190102873
      vertex -6.626236270390172 -4.878837300760719 3.3527286856904603
      vertex -18.008262197280917 -5.494639959930345 2.4101725479178158
    endloop
  endfacet
  facet normal -9.544629574244462e-16 -0.8371664782625236 0.5469481581224347
    outer loop
      vertex -6.626236270390172 -4.878837300760719 3.3527286856904603
      vertex -6.537366684530512 -4.839344581078796 3.4131767931795136
      vertex -18.008262197280917 -5.494639959930345 2.4101725479178158
    endloop
  endfacet
  facet normal 0 -0.6142127126896681 0.7891405093963935
    outer loop
      vertex -6.549877099751035 -2.8556843582224425 5.276842507238934
      vertex -18.00826219728089 -2.8556843582224425 5.276842507238934
      vertex -18.00826219728089 -4.41434346403879 4.0636894297544455
    endloop
  endfacet
  facet normal 0 -0.8371664782625285 0.5469481581224269
    outer loop
      vertex -4.613687874431297 -4.41434346403879 4.0636894297544455
      vertex -18.00826219728089 -4.41434346403879 4.0636894297544455
      vertex -18.008262197280917 -5.494639959930345 2.4101725479178158
    endloop
  endfacet
  facet normal 1.3764865239921935e-16 -0.8371664782625292 0.5469481581224259
    outer loop
      vertex -6.537366684530512 -4.839344581078796 3.4131767931795136
      vertex -6.174776695314948 -4.608573227500087 3.766398645178367
      vertex -18.008262197280917 -5.494639959930345 2.4101725479178158
    endloop
  endfacet
  facet normal -8.836543461514272e-17 -0.6142127126896669 0.7891405093963942
    outer loop
      vertex -18.00826219728089 -4.41434346403879 4.0636894297544455
      vertex -5.812457058549663 -3.872770879902902 4.4852122917285335
      vertex -6.435651008006403 -3.4061057174674505 4.848432367145121
    endloop
  endfacet
  facet normal 4.324791211434546e-17 -0.6142127126896679 0.7891405093963936
    outer loop
      vertex -6.528205989000333 -3.33218198426055 4.905969518215832
      vertex -18.00826219728089 -4.41434346403879 4.0636894297544455
      vertex -6.435651008006403 -3.4061057174674505 4.848432367145121
    endloop
  endfacet
  facet normal 2.188714011077613e-16 -0.614212712689669 0.7891405093963926
    outer loop
      vertex -6.528205989000333 -3.33218198426055 4.905969518215832
      vertex -6.549877099751035 -2.8556843582224425 5.276842507238934
      vertex -18.00826219728089 -4.41434346403879 4.0636894297544455
    endloop
  endfacet
  facet normal -6.037334730195899e-19 -0.3246994692046839 0.9458172417006345
    outer loop
      vertex -7.452007209965022 -0.9971218469692871 5.91488782326906
      vertex -18.00826219728089 -0.9875675416844049 5.918167820416334
      vertex -18.00826219728089 -2.8556843582224425 5.276842507238934
    endloop
  endfacet
  facet normal 0 -0.3246994692046789 0.9458172417006362
    outer loop
      vertex -6.549877099751035 -2.8556843582224425 5.276842507238934
      vertex -6.562018888408489 -2.8360064629700137 5.283597937211896
      vertex -18.00826219728089 -2.8556843582224425 5.276842507238934
    endloop
  endfacet
  facet normal 6.32332091057759e-18 -0.324699469204684 0.9458172417006345
    outer loop
      vertex -7.684218328512363 -1.26630149728873 5.822478332591696
      vertex -18.00826219728089 -2.8556843582224425 5.276842507238934
      vertex -7.3093603042077895 -1.6482742643533048 5.691346916025949
    endloop
  endfacet
  facet normal 9.964206434822433e-18 -0.32469946920468407 0.9458172417006345
    outer loop
      vertex -6.562018888408489 -2.8360064629700137 5.283597937211896
      vertex -7.3093603042077895 -1.6482742643533048 5.691346916025949
      vertex -18.00826219728089 -2.8556843582224425 5.276842507238934
    endloop
  endfacet
  facet normal -1.5199651886116767e-16 -0.3246994692046831 0.9458172417006349
    outer loop
      vertex -7.684218328512363 -1.26630149728873 5.822478332591696
      vertex -7.452007209965022 -0.9971218469692871 5.91488782326906
      vertex -18.00826219728089 -2.8556843582224425 5.276842507238934
    endloop
  endfacet
  facet normal 0 -0.32469946920468334 0.9458172417006347
    outer loop
      vertex -7.447806873613814 -0.9875675416844049 5.918167820416334
      vertex -18.00826219728089 -0.9875675416844049 5.918167820416334
      vertex -7.452007209965022 -0.9971218469692871 5.91488782326906
    endloop
  endfacet
  facet normal 0 0 1
    outer loop
      vertex -7.447806873613814 -0.9875675416844049 5.918167820416334
      vertex -7.447806873613814 0.9875675416844049 5.918167820416334
      vertex -18.00826219728089 -0.9875675416844049 5.918167820416334
    endloop
  endfacet
  facet normal -6.7499582621934814e-15 -0.969400265939331 0.24548548714079677
    outer loop
      vertex -7.699300308379914 -5.774543973018235 1.3048565967175798
      vertex -7.402329103785077 -5.9795069580400195 0.4954760728339962
      vertex -7.453469032175376 -5.894469162768978 0.8312827321635614
    endloop
  endfacet
  facet normal -4.833506415496574e-16 -0.8371664782625267 0.5469481581224298
    outer loop
      vertex -6.174776695314948 -4.608573227500087 3.766398645178367
      vertex -4.613687874431297 -4.41434346403879 4.0636894297544455
      vertex -18.008262197280917 -5.494639959930345 2.4101725479178158
    endloop
  endfacet
  facet normal -2.145717450114765e-15 -0.6142127126896382 0.7891405093964167
    outer loop
      vertex -5.812457058549663 -3.872770879902902 4.4852122917285335
      vertex -18.00826219728089 -4.41434346403879 4.0636894297544455
      vertex -5.795012552945602 -3.880971849362813 4.478829220984251
    endloop
  endfacet
  facet normal 8.216463760315311e-17 -0.6142127126896699 0.7891405093963919
    outer loop
      vertex -4.7135744801329205 -3.9637314493147398 4.414414838776872
      vertex -5.795012552945602 -3.880971849362813 4.478829220984251
      vertex -18.00826219728089 -4.41434346403879 4.0636894297544455
    endloop
  endfacet
  facet normal 0 -0.6142127126896685 0.7891405093963931
    outer loop
      vertex -4.613687874431297 -4.41434346403879 4.0636894297544455
      vertex -4.7135744801329205 -3.9637314493147398 4.414414838776872
      vertex -18.00826219728089 -4.41434346403879 4.0636894297544455
    endloop
  endfacet
  facet normal 2.8176960266123294e-14 -0.6142127126896453 0.7891405093964111
    outer loop
      vertex -6.528205989000333 -3.33218198426055 4.905969518215832
      vertex -6.435651008006403 -3.4061057174674505 4.848432367145121
      vertex -6.429876996238423 -3.4058710742543488 4.848614997288571
    endloop
  endfacet
  facet normal 3.5166173299152795e-16 -0.8371664782625288 0.5469481581224267
    outer loop
      vertex -5.642319906207303 -4.744385678708271 3.558522213392838
      vertex -4.613687874431297 -4.41434346403879 4.0636894297544455
      vertex -6.174776695314948 -4.608573227500087 3.766398645178367
    endloop
  endfacet
  facet normal -2.1750248932987691e-16 -0.8371664782625282 0.5469481581224274
    outer loop
      vertex -5.642319906207303 -4.744385678708271 3.558522213392838
      vertex -4.7451231883731895 -4.662047684909675 3.684549894941669
      vertex -4.613687874431297 -4.41434346403879 4.0636894297544455
    endloop
  endfacet
  facet normal 4.935212314269046e-16 -0.6142127126896666 0.7891405093963946
    outer loop
      vertex -4.7135744801329205 -3.9637314493147398 4.414414838776872
      vertex -5.638715604147429 -3.8077633173862306 4.535809708593179
      vertex -5.795012552945602 -3.880971849362813 4.478829220984251
    endloop
  endfacet
  facet normal -1 0 0
    outer loop
      vertex -20 1.9091808669456896 3.5278572450413472
      vertex -20 1.678799129195539e-16 -4.011327501476564
      vertex -20 -1.3024759105355919 -3.793982713004462
    endloop
  endfacet
  facet normal -1 0 0
    outer loop
      vertex -20 1.9091808669456896 3.5278572450413472
      vertex -20 1.3024759105355894 -3.7939827130044628
      vertex -20 1.678799129195539e-16 -4.011327501476564
    endloop
  endfacet
  facet normal -1 0 0
    outer loop
      vertex -20 2.9512295563770206 2.7167981945056043
      vertex -20 2.4638083461685873 -3.1655010278709788
      vertex -20 1.3024759105355894 -3.7939827130044628
    endloop
  endfacet
  facet normal -1 0 0
    outer loop
      vertex -20 2.4638083461685873 -3.1655010278709788
      vertex -20 2.9512295563770206 2.7167981945056043
      vertex -20 3.358148917568763 -2.193988188558443
    endloop
  endfacet
  facet normal -1 0 0
    outer loop
      vertex -20 3.6734667303301127 1.6113319041277636
      vertex -20 3.888581946701131 -0.9847226857812595
      vertex -20 3.358148917568763 -2.193988188558443
    endloop
  endfacet
  facet normal 0 0.16459459028073392 -0.9863613034027224
    outer loop
      vertex -7.900989600985975 0 -6
      vertex -18.008262197280892 0 -6
      vertex -18.008262197280892 1.9481968152281008 -5.674903450203808
    endloop
  endfacet
  facet normal 0 0.4759473930370737 -0.879473751206489
    outer loop
      vertex -6.979286590195049 1.9481968152281008 -5.674903450203808
      vertex -18.008262197280892 1.9481968152281008 -5.674903450203808
      vertex -18.008262197280892 3.6852762761380067 -4.734843056378361
    endloop
  endfacet
  facet normal -1.236229082700342e-16 0.1645945902807333 -0.9863613034027224
    outer loop
      vertex -7.900989600985975 0 -6
      vertex -18.008262197280892 1.9481968152281008 -5.674903450203808
      vertex -7.8230366594314305 1.2726745227793237 -5.787628183592616
    endloop
  endfacet
  facet normal 2.0757601566485848e-15 0.1645945902807656 -0.9863613034027171
    outer loop
      vertex -7.8230366594314305 1.2726745227793237 -5.787628183592616
      vertex -18.008262197280892 1.9481968152281008 -5.674903450203808
      vertex -7.821906174399887 1.2966389582059337 -5.7836292266011515
    endloop
  endfacet
  facet normal 5.091884235590364e-18 0.1645945902807341 -0.9863613034027223
    outer loop
      vertex -7.821906174399887 1.2966389582059337 -5.7836292266011515
      vertex -18.008262197280892 1.9481968152281008 -5.674903450203808
      vertex -7.1157932329881 1.7059190318193005 -5.7153324617199
    endloop
  endfacet
  facet normal -7.297691432719553e-20 0.16459459028073384 -0.9863613034027223
    outer loop
      vertex -7.1157932329881 1.7059190318193005 -5.7153324617199
      vertex -18.008262197280892 1.9481968152281008 -5.674903450203808
      vertex -6.979286590195049 1.9481968152281008 -5.674903450203808
    endloop
  endfacet
  facet normal -2.2968749204322898e-16 0.4759473930370725 -0.8794737512064895
    outer loop
      vertex -6.979286590195049 1.9481968152281008 -5.674903450203808
      vertex -18.008262197280892 3.6852762761380067 -4.734843056378361
      vertex -7.075536298475737 2.3787472818768243 -5.441901189600532
    endloop
  endfacet
  facet normal 2.391754559427174e-16 0.4759473930370756 -0.879473751206488
    outer loop
      vertex -7.075536298475737 2.3787472818768243 -5.441901189600532
      vertex -18.008262197280892 3.6852762761380067 -4.734843056378361
      vertex -6.869425323521112 2.6672751204675538 -5.2857577317571405
    endloop
  endfacet
  facet normal 0 0.7357239106731316 -0.6772815716257411
    outer loop
      vertex -5.12959713706628 3.6852762761380067 -4.734843056378361
      vertex -18.008262197280892 3.6852762761380067 -4.734843056378361
      vertex -18.00826219728089 5.022998869575171 -3.281688948734561
    endloop
  endfacet
  facet normal 3.6687870213789224e-17 0.47594739303707384 -0.8794737512064889
    outer loop
      vertex -6.869425323521112 2.6672751204675538 -5.2857577317571405
      vertex -18.008262197280892 3.6852762761380067 -4.734843056378361
      vertex -6.695420647257105 3.449477391032053 -4.862451031594528
    endloop
  endfacet
  facet normal 1.56214415939671e-17 0.4759473930370731 -0.8794737512064893
    outer loop
      vertex -6.695420647257105 3.449477391032053 -4.862451031594528
      vertex -18.008262197280892 3.6852762761380067 -4.734843056378361
      vertex -5.755044024447484 3.636736927111713 -4.761111238455528
    endloop
  endfacet
  facet normal -2.556743921167726e-19 0.7357239106731308 -0.677281571625742
    outer loop
      vertex -6.638282726003569 4.932599014662051 -3.3798893687184033
      vertex -18.00826219728089 5.022998869575171 -3.281688948734561
      vertex -6.545309665199977 5.022998869575171 -3.281688948734561
    endloop
  endfacet
  facet normal 1.1181497500396459e-17 0.7357239106731314 -0.6772815716257413
    outer loop
      vertex -6.638282726003569 4.932599014662051 -3.3798893687184033
      vertex -5.871374997333671 4.576848082167121 -3.7663378980243425
      vertex -18.00826219728089 5.022998869575171 -3.281688948734561
    endloop
  endfacet
  facet normal 0 0.9157733266550574 -0.4016954246529696
    outer loop
      vertex -6.545309665199977 5.022998869575171 -3.281688948734561
      vertex -18.00826219728089 5.022998869575171 -3.281688948734561
      vertex -18.008262197280892 5.816401595635982 -1.4729129228447957
    endloop
  endfacet
  facet normal -2.9358353446709044e-18 0.9965844930066698 -0.08257934547233262
    outer loop
      vertex -7.707758249275529 5.83059299272582 -1.3016482295617677
      vertex -18.008262197280892 5.816401595635982 -1.4729129228447957
      vertex -18.008262197280892 5.9795069580400195 0.49547607283399475
    endloop
  endfacet
  facet normal 9.310433342950734e-17 0.9157733266550581 -0.40169542465296804
    outer loop
      vertex -7.158030246170596 5.4132494697926905 -2.392007193710649
      vertex -18.008262197280892 5.816401595635982 -1.4729129228447957
      vertex -7.183756227729928 5.597893503702484 -1.9710611963130862
    endloop
  endfacet
  facet normal -1.4317986595864454e-16 0.9157733266550571 -0.4016954246529703
    outer loop
      vertex -7.017203396366415 5.328709159835692 -2.5847396873721187
      vertex -18.008262197280892 5.816401595635982 -1.4729129228447957
      vertex -7.158030246170596 5.4132494697926905 -2.392007193710649
    endloop
  endfacet
  facet normal -8.864190008546936e-20 0.9965844930066697 -0.08257934547233277
    outer loop
      vertex -7.707758249275529 5.83059299272582 -1.3016482295617677
      vertex -7.344150462628769 5.816401595635982 -1.4729129228447957
      vertex -18.008262197280892 5.816401595635982 -1.4729129228447957
    endloop
  endfacet
  facet normal -4.080449976403648e-20 0.9157733266550573 -0.40169542465296965
    outer loop
      vertex -7.183756227729928 5.597893503702484 -1.9710611963130862
      vertex -18.008262197280892 5.816401595635982 -1.4729129228447957
      vertex -7.344150462628769 5.816401595635982 -1.4729129228447957
    endloop
  endfacet
  facet normal -1.5185620720906397e-16 0.9157733266550571 -0.4016954246529704
    outer loop
      vertex -7.017203396366415 5.328709159835692 -2.5847396873721187
      vertex -6.545309665199977 5.022998869575171 -3.281688948734561
      vertex -18.008262197280892 5.816401595635982 -1.4729129228447957
    endloop
  endfacet
  facet normal -5.307531332471439e-16 0.9965844930066696 -0.0825793454723356
    outer loop
      vertex -7.707758249275529 5.83059299272582 -1.3016482295617677
      vertex -18.008262197280892 5.9795069580400195 0.49547607283399475
      vertex -7.72586916571186 5.844281897188097 -1.1364477204595853
    endloop
  endfacet
  facet normal 5.2966021882944177e-17 0.9965844930066698 -0.08257934547233194
    outer loop
      vertex -7.72586916571186 5.844281897188097 -1.1364477204595853
      vertex -18.008262197280892 5.9795069580400195 0.49547607283399475
      vertex -7.899712019785247 5.939743459231439 0.015602006580980713
    endloop
  endfacet
  facet normal 1.1219301784801999e-20 0.47594739303707 -0.879473751206491
    outer loop
      vertex -5.755044024447484 3.636736927111713 -4.761111238455528
      vertex -18.008262197280892 3.6852762761380067 -4.734843056378361
      vertex -5.12959713706628 3.6852762761380067 -4.734843056378361
    endloop
  endfacet
  facet normal 3.041457795722272e-16 0.7357239106731328 -0.6772815716257397
    outer loop
      vertex -5.12959713706628 3.6852762761380067 -4.734843056378361
      vertex -18.00826219728089 5.022998869575171 -3.281688948734561
      vertex -4.632393699465531 3.7610462862171947 -4.652534884323138
    endloop
  endfacet
  facet normal -1.9369976996225428e-17 0.7357239106731314 -0.6772815716257413
    outer loop
      vertex -4.632393699465531 3.7610462862171947 -4.652534884323138
      vertex -18.00826219728089 5.022998869575171 -3.281688948734561
      vertex -4.696312984778821 4.51085997924944 -3.8380200863052982
    endloop
  endfacet
  facet normal 6.041259108163348e-16 0.7357239106731388 -0.6772815716257332
    outer loop
      vertex -5.871374997333671 4.576848082167121 -3.7663378980243425
      vertex -4.696312984778821 4.51085997924944 -3.8380200863052982
      vertex -18.00826219728089 5.022998869575171 -3.281688948734561
    endloop
  endfacet
  facet normal -1.6329902367382283e-15 0.47594739303707956 -0.8794737512064857
    outer loop
      vertex -6.695420647257105 3.449477391032053 -4.862451031594528
      vertex -5.755044024447484 3.636736927111713 -4.761111238455528
      vertex -5.8725981681340365 3.5414814944843744 -4.8126609007045795
    endloop
  endfacet
  facet normal -5.431650679948384e-16 0.47594739303707545 -0.879473751206488
    outer loop
      vertex -5.755044024447484 3.636736927111713 -4.761111238455528
      vertex -5.12959713706628 3.6852762761380067 -4.734843056378361
      vertex -5.672318945286196 3.602499794571172 -4.779639448030153
    endloop
  endfacet
  facet normal -3.446828721819733e-16 0.735723910673131 -0.6772815716257418
    outer loop
      vertex -5.871374997333671 4.576848082167121 -3.7663378980243425
      vertex -5.672318945286196 4.658622605379419 -3.677507085948995
      vertex -4.696312984778821 4.51085997924944 -3.8380200863052982
    endloop
  endfacet
  facet normal -1.7720377953518496e-15 0.7357239106731296 -0.6772815716257432
    outer loop
      vertex -6.638282726003569 4.932599014662051 -3.3798893687184033
      vertex -5.928278122641361 4.65348234757933 -3.683090894410624
      vertex -5.871374997333671 4.576848082167121 -3.7663378980243425
    endloop
  endfacet
  facet normal -1 0 0
    outer loop
      vertex -20 -1.3024759105355919 -3.793982713004462
      vertex -20 0.6602428065873762 3.9566182227316102
      vertex -20 1.9091808669456896 3.5278572450413472
    endloop
  endfacet
  facet normal -1 0 0
    outer loop
      vertex -20 1.3024759105355894 -3.7939827130044628
      vertex -20 1.9091808669456896 3.5278572450413472
      vertex -20 2.9512295563770206 2.7167981945056043
    endloop
  endfacet
  facet normal -1 0 0
    outer loop
      vertex -20 3.358148917568763 -2.193988188558443
      vertex -20 2.9512295563770206 2.7167981945056043
      vertex -20 3.6734667303301127 1.6113319041277636
    endloop
  endfacet
  facet normal -1 0 0
    outer loop
      vertex -20 3.6734667303301127 1.6113319041277636
      vertex -20 3.9976267843427333 0.33125279954710146
      vertex -20 3.888581946701131 -0.9847226857812595
    endloop
  endfacet
  facet normal -3.8309279131928167e-17 0.6142127126896681 0.7891405093963934
    outer loop
      vertex -18.0082621972809 2.8556843582224425 5.276842507238934
      vertex -5.795012552945603 3.880971849362812 4.4788292209842515
      vertex -18.008262197280892 4.41434346403879 4.0636894297544455
    endloop
  endfacet
  facet normal 1.214042385617874e-16 0.614212712689667 0.789140509396394
    outer loop
      vertex -18.0082621972809 2.8556843582224425 5.276842507238934
      vertex -6.4356510080064036 3.4061057174674496 4.848432367145122
      vertex -5.812457058549665 3.872770879902901 4.485212291728534
    endloop
  endfacet
  facet normal 1.2132661078661201e-17 0.8371664782625288 0.5469481581224265
    outer loop
      vertex -6.565222033053596 4.894535753642835 3.328700414787041
      vertex -6.6388447146383065 5.11902061753559 2.9851007515694623
      vertex -18.008262197280892 4.41434346403879 4.0636894297544455
    endloop
  endfacet
  facet normal -1.1785878054386176e-16 0.8371664782625297 0.5469481581224251
    outer loop
      vertex -6.565222033053596 4.894535753642835 3.328700414787041
      vertex -18.008262197280892 4.41434346403879 4.0636894297544455
      vertex -6.357310708861803 4.790610644386239 3.4877696362980113
    endloop
  endfacet
  facet normal -2.879832754765509e-17 0.837166478262529 0.5469481581224264
    outer loop
      vertex -6.357310708861803 4.790610644386239 3.4877696362980113
      vertex -18.008262197280892 4.41434346403879 4.0636894297544455
      vertex -6.106811635098309 4.62590890921804 3.739864408986916
    endloop
  endfacet
  facet normal 0 0 1
    outer loop
      vertex -7.447806873613814 0.9875675416844049 5.918167820416334
      vertex -18.00826219728089 0.9875675416844049 5.918167820416334
      vertex -18.00826219728089 -0.9875675416844049 5.918167820416334
    endloop
  endfacet
  facet normal 9.55485188539468e-18 0.3246994692046839 0.9458172417006345
    outer loop
      vertex -6.562018888408488 2.8360064629700137 5.283597937211896
      vertex -18.0082621972809 2.8556843582224425 5.276842507238934
      vertex -18.00826219728089 0.9875675416844049 5.918167820416334
    endloop
  endfacet
  facet normal -5.200289936287876e-19 0.32469946920468346 0.9458172417006347
    outer loop
      vertex -7.684218328512363 1.2663014972887299 5.822478332591696
      vertex -18.00826219728089 0.9875675416844049 5.918167820416334
      vertex -7.452007209965022 0.9971218469692871 5.91488782326906
    endloop
  endfacet
  facet normal 0 0.32469946920468334 0.9458172417006347
    outer loop
      vertex -7.447806873613814 0.9875675416844049 5.918167820416334
      vertex -7.452007209965022 0.9971218469692871 5.91488782326906
      vertex -18.00826219728089 0.9875675416844049 5.918167820416334
    endloop
  endfacet
  facet normal -2.8968511227443163e-18 0.32469946920468357 0.9458172417006346
    outer loop
      vertex -7.684218328512363 1.2663014972887299 5.822478332591696
      vertex -7.30936030420779 1.6482742643533026 5.6913469160259496
      vertex -18.00826219728089 0.9875675416844049 5.918167820416334
    endloop
  endfacet
  facet normal -4.512943596887422e-17 0.32469946920468423 0.9458172417006344
    outer loop
      vertex -7.30936030420779 1.6482742643533026 5.6913469160259496
      vertex -6.562018888408488 2.8360064629700137 5.283597937211896
      vertex -18.00826219728089 0.9875675416844049 5.918167820416334
    endloop
  endfacet
  facet normal -2.0669818465801698e-20 0.32469946920467896 0.9458172417006363
    outer loop
      vertex -6.562018888408488 2.8360064629700137 5.283597937211896
      vertex -6.5498770997510345 2.8556843582224425 5.276842507238934
      vertex -18.0082621972809 2.8556843582224425 5.276842507238934
    endloop
  endfacet
  facet normal -1.0014924624668373e-18 0.614212712689669 0.7891405093963926
    outer loop
      vertex -6.528205989000332 3.33218198426055 4.905969518215832
      vertex -18.0082621972809 2.8556843582224425 5.276842507238934
      vertex -6.5498770997510345 2.8556843582224425 5.276842507238934
    endloop
  endfacet
  facet normal 1.702144865708938e-16 0.6142127126896666 0.7891405093963947
    outer loop
      vertex -6.528205989000332 3.33218198426055 4.905969518215832
      vertex -6.4356510080064036 3.4061057174674496 4.848432367145122
      vertex -18.0082621972809 2.8556843582224425 5.276842507238934
    endloop
  endfacet
  facet normal 2.0685701616411642e-17 0.9694002659393303 0.2454854871407995
    outer loop
      vertex -7.475569123864151 5.920106286952826 0.7300440182534045
      vertex -18.008262197280892 5.9795069580400195 0.49547607283399475
      vertex -18.008262197280892 5.494639959930344 2.410172547917817
    endloop
  endfacet
  facet normal -1.423128330732823e-17 0.8371664782625285 0.546948158122427
    outer loop
      vertex -7.153937623353276 5.475932672579582 2.438806182818509
      vertex -18.008262197280892 5.494639959930344 2.410172547917817
      vertex -18.008262197280892 4.41434346403879 4.0636894297544455
    endloop
  endfacet
  facet normal -7.501218699668933e-19 0.9965844930066698 -0.08257934547233307
    outer loop
      vertex -7.899712019785247 5.939743459231439 0.015602006580980713
      vertex -18.008262197280892 5.9795069580400195 0.49547607283399475
      vertex -7.387293229598176 5.9795069580400195 0.4954760728339947
    endloop
  endfacet
  facet normal 1.2830450821593111e-18 0.96940026593933 0.24548548714080035
    outer loop
      vertex -7.387293229598176 5.9795069580400195 0.4954760728339947
      vertex -18.008262197280892 5.9795069580400195 0.49547607283399475
      vertex -7.475569123864151 5.920106286952826 0.7300440182534045
    endloop
  endfacet
  facet normal -5.983767598175189e-20 0.9694002659393304 0.24548548714079946
    outer loop
      vertex -7.632378960933927 5.735425932466628 1.4593302454673458
      vertex -18.008262197280892 5.494639959930344 2.410172547917817
      vertex -7.1233241512983785 5.494639959930344 2.410172547917817
    endloop
  endfacet
  facet normal 0 0.8371664782625311 0.5469481581224233
    outer loop
      vertex -7.1233241512983785 5.494639959930344 2.410172547917817
      vertex -18.008262197280892 5.494639959930344 2.410172547917817
      vertex -7.153937623353276 5.475932672579582 2.438806182818509
    endloop
  endfacet
  facet normal 1.8127375134836075e-16 0.9694002659393302 0.2454854871408005
    outer loop
      vertex -7.7234016802078065 5.773542914753393 1.308809686407158
      vertex -7.475569123864151 5.920106286952826 0.7300440182534045
      vertex -18.008262197280892 5.494639959930344 2.410172547917817
    endloop
  endfacet
  facet normal -3.9263168144488717e-16 0.9694002659393313 0.24548548714079543
    outer loop
      vertex -7.7234016802078065 5.773542914753393 1.308809686407158
      vertex -18.008262197280892 5.494639959930344 2.410172547917817
      vertex -7.632378960933927 5.735425932466628 1.4593302454673458
    endloop
  endfacet
  facet normal 2.0251566831596878e-16 0.8371664782625279 0.5469481581224279
    outer loop
      vertex -7.153937623353276 5.475932672579582 2.438806182818509
      vertex -18.008262197280892 4.41434346403879 4.0636894297544455
      vertex -6.6388447146383065 5.11902061753559 2.9851007515694623
    endloop
  endfacet
  facet normal 5.7650390182264605e-15 0.614212712689628 0.7891405093964247
    outer loop
      vertex -18.0082621972809 2.8556843582224425 5.276842507238934
      vertex -5.812457058549665 3.872770879902901 4.485212291728534
      vertex -5.795012552945603 3.880971849362812 4.4788292209842515
    endloop
  endfacet
  facet normal -1.937012792550391e-18 0.6142127126896686 0.7891405093963929
    outer loop
      vertex -4.713574480132919 3.963731449314739 4.414414838776873
      vertex -18.008262197280892 4.41434346403879 4.0636894297544455
      vertex -5.795012552945603 3.880971849362812 4.4788292209842515
    endloop
  endfacet
  facet normal -1.1918016800317574e-18 0.8371664782625284 0.546948158122427
    outer loop
      vertex -6.106811635098309 4.62590890921804 3.739864408986916
      vertex -18.008262197280892 4.41434346403879 4.0636894297544455
      vertex -4.613687874431296 4.41434346403879 4.0636894297544455
    endloop
  endfacet
  facet normal 1.0220438894655427e-18 0.6142127126896686 0.789140509396393
    outer loop
      vertex -4.713574480132919 3.963731449314739 4.414414838776873
      vertex -4.613687874431296 4.41434346403879 4.0636894297544455
      vertex -18.008262197280892 4.41434346403879 4.0636894297544455
    endloop
  endfacet
  facet normal 2.879499769990418e-14 0.6142127126896442 0.7891405093964119
    outer loop
      vertex -6.528205989000332 3.33218198426055 4.905969518215832
      vertex -6.429876996238423 3.405871074254348 4.848614997288572
      vertex -6.4356510080064036 3.4061057174674496 4.848432367145122
    endloop
  endfacet
  facet normal 9.140542903639494e-16 0.6142127126896612 0.7891405093963988
    outer loop
      vertex -4.713574480132919 3.963731449314739 4.414414838776873
      vertex -5.795012552945603 3.880971849362812 4.4788292209842515
      vertex -5.638715604147429 3.8077633173862293 4.535809708593179
    endloop
  endfacet
  facet normal -2.549483026729879e-18 0.8371664782625283 0.546948158122427
    outer loop
      vertex -6.106811635098309 4.62590890921804 3.739864408986916
      vertex -4.613687874431296 4.41434346403879 4.0636894297544455
      vertex -5.642319906207302 4.744385678708271 3.558522213392838
    endloop
  endfacet
  facet normal 9.579312717872884e-16 0.8371664782625293 0.5469481581224257
    outer loop
      vertex -5.642319906207302 4.744385678708271 3.558522213392838
      vertex -4.613687874431296 4.41434346403879 4.0636894297544455
      vertex -4.7451231883731895 4.662047684909674 3.684549894941669
    endloop
  endfacet
  facet normal -2.0410233520975735e-16 -0.7357239106731317 -0.6772815716257409
    outer loop
      vertex 4.807538237466701 -4.56332521364241 -3.7810276491283585
      vertex 4.732902412980111 -3.6983791945094255 -4.720609492747934
      vertex 6.003664875066974 -3.8244338377608798 -4.583677647889302
    endloop
  endfacet
  facet normal 3.3982745255285694e-16 -0.7357239106731321 -0.6772815716257405
    outer loop
      vertex 4.807538237466701 -4.56332521364241 -3.7810276491283585
      vertex 6.003664875066974 -3.8244338377608798 -4.583677647889302
      vertex 5.603777140010783 -4.608189313126708 -3.732292245561737
    endloop
  endfacet
  facet normal 2.6398340005626505e-15 -0.7357239106731324 -0.6772815716257403
    outer loop
      vertex 6.00160932472271 -4.436034446363561 -3.919302282631496
      vertex 6.003664875066974 -3.8244338377608798 -4.583677647889302
      vertex 6.194881058526247 -3.6852762761380067 -4.734843056378361
    endloop
  endfacet
  facet normal 1.0064305886539053e-15 -0.7357239106731324 -0.6772815716257403
    outer loop
      vertex 6.00160932472271 -4.436034446363561 -3.919302282631496
      vertex 5.603777140010783 -4.608189313126708 -3.732292245561737
      vertex 6.003664875066974 -3.8244338377608798 -4.583677647889302
    endloop
  endfacet
  facet normal 2.442066526610247e-16 -0.7357239106731298 -0.6772815716257431
    outer loop
      vertex 4.732902412980111 -3.6983791945094255 -4.720609492747934
      vertex 4.961613615953115 -3.6852762761380067 -4.734843056378361
      vertex 6.003664875066974 -3.8244338377608798 -4.583677647889302
    endloop
  endfacet
  facet normal 0 -0.4759473930370719 -0.87947375120649
    outer loop
      vertex 4.961613615953115 -3.6852762761380067 -4.734843056378361
      vertex 5.603777140010783 -3.6496007200957523 -4.7541497018241925
      vertex 5.6873916802196485 -3.6852762761380067 -4.734843056378361
    endloop
  endfacet
  facet normal 0 -0.7357239106731307 -0.6772815716257422
    outer loop
      vertex 4.961613615953115 -3.6852762761380067 -4.734843056378361
      vertex 5.6873916802196485 -3.6852762761380067 -4.734843056378361
      vertex 6.003664875066974 -3.8244338377608798 -4.583677647889302
    endloop
  endfacet
  facet normal -1.6534763074843758e-17 -0.9157733266550574 -0.40169542465296937
    outer loop
      vertex 6.500861466837824 -5.022998869575172 -3.2816889487345593
      vertex 18.011327501476558 -5.816401595635982 -1.4729129228447957
      vertex 6.968381557824502 -5.242507068874885 -2.781260660126534
    endloop
  endfacet
  facet normal -4.216388395731628e-17 -0.9157733266550577 -0.4016954246529688
    outer loop
      vertex 7.492738242262905 -5.710927724660003 -1.7133691286437644
      vertex 7.209420717928593 -5.411439147430682 -2.3961343129906507
      vertex 18.011327501476558 -5.816401595635982 -1.4729129228447957
    endloop
  endfacet
  facet normal -2.5135989718248586e-20 -0.9157733266550484 -0.40169542465299024
    outer loop
      vertex 7.3258053972373585 -5.809592390350805 -1.488436347293233
      vertex 18.011327501476558 -5.816401595635982 -1.4729129228447957
      vertex 7.322216324452593 -5.816401595635982 -1.4729129228447957
    endloop
  endfacet
  facet normal 0 -0.9965844930066701 -0.08257934547233053
    outer loop
      vertex 7.322216324452593 -5.816401595635982 -1.4729129228447957
      vertex 18.011327501476558 -5.816401595635982 -1.4729129228447957
      vertex 7.341441542081453 -5.823045115923184 -1.3927375562403304
    endloop
  endfacet
  facet normal -3.7084343787490976e-17 -0.9157733266550576 -0.4016954246529691
    outer loop
      vertex 7.492738242262905 -5.710927724660003 -1.7133691286437644
      vertex 18.011327501476558 -5.816401595635982 -1.4729129228447957
      vertex 7.3258053972373585 -5.809592390350805 -1.488436347293233
    endloop
  endfacet
  facet normal 3.068053219695293e-16 -0.9157733266550562 -0.4016954246529723
    outer loop
      vertex 7.095440466224589 -5.270858729589683 -2.7166253841051122
      vertex 18.011327501476558 -5.816401595635982 -1.4729129228447957
      vertex 7.209420717928593 -5.411439147430682 -2.3961343129906507
    endloop
  endfacet
  facet normal -1.505294119494067e-15 -0.9157733266550621 -0.40169542465295893
    outer loop
      vertex 6.968381557824502 -5.242507068874885 -2.781260660126534
      vertex 18.011327501476558 -5.816401595635982 -1.4729129228447957
      vertex 7.095440466224589 -5.270858729589683 -2.7166253841051122
    endloop
  endfacet
  facet normal 7.465675436126032e-17 -0.9965844930066697 -0.08257934547233305
    outer loop
      vertex 7.341441542081453 -5.823045115923184 -1.3927375562403304
      vertex 18.011327501476558 -5.9795069580400195 0.4954760728339962
      vertex 7.5172359958513315 -5.866050724396718 -0.8737370450120215
    endloop
  endfacet
  facet normal 5.05148155195775e-17 -0.9965844930066697 -0.08257934547233287
    outer loop
      vertex 7.5172359958513315 -5.866050724396718 -0.8737370450120215
      vertex 18.011327501476558 -5.9795069580400195 0.4954760728339962
      vertex 7.872829422060451 -5.888819221922585 -0.5989621429641253
    endloop
  endfacet
  facet normal -3.2335383676846245e-17 -0.99658449300667 -0.0825793454723321
    outer loop
      vertex 7.643899708731845 -5.930775595087754 -0.09262401882365498
      vertex 7.872829422060451 -5.888819221922585 -0.5989621429641253
      vertex 18.011327501476558 -5.9795069580400195 0.4954760728339962
    endloop
  endfacet
  facet normal 0 -0.9157733266550574 -0.4016954246529695
    outer loop
      vertex 6.500861466837824 -5.022998869575172 -3.2816889487345593
      vertex 18.011327501476558 -5.022998869575172 -3.2816889487345593
      vertex 18.011327501476558 -5.816401595635982 -1.4729129228447957
    endloop
  endfacet
  facet normal -1.511297262566401e-17 -0.9965844930066698 -0.08257934547233253
    outer loop
      vertex 7.341441542081453 -5.823045115923184 -1.3927375562403304
      vertex 18.011327501476558 -5.816401595635982 -1.4729129228447957
      vertex 18.011327501476558 -5.9795069580400195 0.4954760728339962
    endloop
  endfacet
  facet normal 5.552433430559294e-16 -0.47594739303707084 -0.8794737512064905
    outer loop
      vertex 7.093942471618052 -2.32560991967602 -5.470657691972145
      vertex 7.3449964998031145 -2.1195664790383 -5.582162825910913
      vertex 18.011327501476558 -3.685276276138007 -4.734843056378361
    endloop
  endfacet
  facet normal -8.259451892707838e-16 -0.47594739303707806 -0.8794737512064866
    outer loop
      vertex 7.222630762600571 -2.0595320367398426 -5.614651841376341
      vertex 18.011327501476558 -3.685276276138007 -4.734843056378361
      vertex 7.3449964998031145 -2.1195664790383 -5.582162825910913
    endloop
  endfacet
  facet normal 0 -0.47594739303707445 -0.8794737512064885
    outer loop
      vertex 7.189741356820711 -1.9481968152281037 -5.674903450203807
      vertex 18.01132750147656 -1.9481968152281037 -5.674903450203807
      vertex 7.222630762600571 -2.0595320367398426 -5.614651841376341
    endloop
  endfacet
  facet normal 0 -0.16459459028073414 -0.9863613034027222
    outer loop
      vertex 7.189741356820711 -1.9481968152281037 -5.674903450203807
      vertex 7.373464054655067 -1.1247730439042791 -5.812308575284151
      vertex 18.01132750147656 -1.9481968152281037 -5.674903450203807
    endloop
  endfacet
  facet normal -4.475077497622755e-17 -0.16459459028073473 -0.9863613034027222
    outer loop
      vertex 7.373464054655067 -1.1247730439042791 -5.812308575284151
      vertex 7.526479495276075 -0.791239979026131 -5.867965399988559
      vertex 18.01132750147656 -1.9481968152281037 -5.674903450203807
    endloop
  endfacet
  facet normal 5.640610773243095e-17 -0.16459459028073384 -0.9863613034027224
    outer loop
      vertex 7.526479495276075 -0.791239979026131 -5.867965399988559
      vertex 7.967121718066103 0 -6
      vertex 18.01132750147656 -1.9481968152281037 -5.674903450203807
    endloop
  endfacet
  facet normal -8.404252936031347e-18 -0.4759473930370739 -0.8794737512064889
    outer loop
      vertex 7.222630762600571 -2.0595320367398426 -5.614651841376341
      vertex 18.01132750147656 -1.9481968152281037 -5.674903450203807
      vertex 18.011327501476558 -3.685276276138007 -4.734843056378361
    endloop
  endfacet
  facet normal 0 -0.16459459028073412 -0.9863613034027224
    outer loop
      vertex 7.967121718066103 0 -6
      vertex 18.01132750147656 0 -6
      vertex 18.01132750147656 -1.9481968152281037 -5.674903450203807
    endloop
  endfacet
  facet normal -5.374636316683964e-17 -0.735723910673132 -0.6772815716257407
    outer loop
      vertex 6.00160932472271 -4.436034446363561 -3.919302282631496
      vertex 6.194881058526247 -3.6852762761380067 -4.734843056378361
      vertex 18.011327501476558 -5.022998869575172 -3.2816889487345593
    endloop
  endfacet
  facet normal 3.85209293803923e-17 -0.7357239106731311 -0.6772815716257415
    outer loop
      vertex 6.00160932472271 -4.436034446363561 -3.919302282631496
      vertex 18.011327501476558 -5.022998869575172 -3.2816889487345593
      vertex 6.469581953260255 -4.83007521394896 -3.4912599046339876
    endloop
  endfacet
  facet normal 0 -0.735723910673132 -0.6772815716257405
    outer loop
      vertex 6.500861466837824 -5.022998869575172 -3.2816889487345593
      vertex 6.469581953260255 -4.83007521394896 -3.4912599046339876
      vertex 18.011327501476558 -5.022998869575172 -3.2816889487345593
    endloop
  endfacet
  facet normal -1.7887196690179814e-17 -0.47594739303706607 -0.8794737512064931
    outer loop
      vertex 6.194881058526247 -3.6852762761380067 -4.734843056378361
      vertex 6.3109674238773215 -3.6422450127461263 -4.75813041157499
      vertex 18.011327501476558 -3.685276276138007 -4.734843056378361
    endloop
  endfacet
  facet normal -5.676481599541789e-17 -0.47594739303707456 -0.8794737512064885
    outer loop
      vertex 7.093942471618052 -2.32560991967602 -5.470657691972145
      vertex 18.011327501476558 -3.685276276138007 -4.734843056378361
      vertex 6.3109674238773215 -3.6422450127461263 -4.75813041157499
    endloop
  endfacet
  facet normal -2.7650195152668293e-17 -0.7357239106731319 -0.6772815716257409
    outer loop
      vertex 6.194881058526247 -3.6852762761380067 -4.734843056378361
      vertex 18.011327501476558 -3.685276276138007 -4.734843056378361
      vertex 18.011327501476558 -5.022998869575172 -3.2816889487345593
    endloop
  endfacet
  facet normal 1 0 0
    outer loop
      vertex 20 -3.670659606509634 1.6101005854571915
      vertex 20 -3.885610439998663 -0.9839701980875506
      vertex 20 -3.3555827476504705 -2.192311626074534
    endloop
  endfacet
  facet normal 1 0 0
    outer loop
      vertex 20 -3.3555827476504705 -2.192311626074534
      vertex 20 -2.461925597363345 -3.163082072156552
      vertex 20 -2.948974338786778 2.714722120462449
    endloop
  endfacet
  facet normal 1 0 0
    outer loop
      vertex 20 -2.948974338786778 2.714722120462449
      vertex 20 -2.461925597363345 -3.163082072156552
      vertex 20 -1.3014806078903065 -3.7910834954451387
    endloop
  endfacet
  facet normal 1 0 0
    outer loop
      vertex 20 -1.9077219434048942 3.5251613904617916
      vertex 20 -1.3014806078903065 -3.7910834954451387
      vertex 20 2.2418490668345154e-16 -4.008262197280893
    endloop
  endfacet
  facet normal 1 0 0
    outer loop
      vertex 20 -1.9077219434048942 3.5251613904617916
      vertex 20 2.2418490668345154e-16 -4.008262197280893
      vertex 20 1.3014806078903038 -3.7910834954451396
    endloop
  endfacet
  facet normal -7.19153144095347e-16 -0.8371664782625293 0.5469481581224257
    outer loop
      vertex 4.797022719674536 -4.73663969634466 3.5703783220198213
      vertex 5.561908534895496 -4.738474024030942 3.567570674482668
      vertex 4.734843056378361 -4.661573116388661 3.6852762761380067
    endloop
  endfacet
  facet normal -2.6836729851971657e-16 -0.837166478262527 0.5469481581224294
    outer loop
      vertex 4.734843056378361 -4.661573116388661 3.6852762761380067
      vertex 6.092128093560327 -4.602341837521471 3.775936497579199
      vertex 4.662413759781323 -4.6180115999326 3.7519521407107748
    endloop
  endfacet
  facet normal -1.7431040105447394e-16 -0.8371664782625275 0.5469481581224283
    outer loop
      vertex 4.734843056378361 -4.661573116388661 3.6852762761380067
      vertex 5.561908534895496 -4.738474024030942 3.567570674482668
      vertex 6.092128093560327 -4.602341837521471 3.775936497579199
    endloop
  endfacet
  facet normal -2.2151206771692647e-16 -0.8371664782625282 0.5469481581224274
    outer loop
      vertex 4.662413759781323 -4.6180115999326 3.7519521407107748
      vertex 6.092128093560327 -4.602341837521471 3.775936497579199
      vertex 4.5527821953212495 -4.41434346403879 4.0636894297544455
    endloop
  endfacet
  facet normal 2.8861330565508283e-16 -0.837166478262527 0.5469481581224291
    outer loop
      vertex 4.5527821953212495 -4.41434346403879 4.0636894297544455
      vertex 6.092128093560327 -4.602341837521471 3.775936497579199
      vertex 6.099091482577161 -4.580190265318002 3.8098420029075575
    endloop
  endfacet
  facet normal -1.601725401320066e-16 -0.6142127126896683 0.7891405093963931
    outer loop
      vertex 4.5527821953212495 -4.41434346403879 4.0636894297544455
      vertex 5.988854575838904 -4.0190940197194776 4.3713244206005495
      vertex 4.686111364733381 -3.8214361304654454 4.525167731009356
    endloop
  endfacet
  facet normal 2.188941598748181e-16 -0.6142127126896667 0.7891405093963945
    outer loop
      vertex 4.686111364733381 -3.8214361304654454 4.525167731009356
      vertex 5.988854575838904 -4.0190940197194776 4.3713244206005495
      vertex 5.561908534895495 -3.817574933375164 4.528173021335745
    endloop
  endfacet
  facet normal 0 -0.8371664782625278 0.5469481581224283
    outer loop
      vertex 4.5527821953212495 -4.41434346403879 4.0636894297544455
      vertex 6.099091482577161 -4.580190265318002 3.8098420029075575
      vertex 18.01132750147656 -4.41434346403879 4.0636894297544455
    endloop
  endfacet
  facet normal 0 -0.6142127126896687 0.7891405093963929
    outer loop
      vertex 4.5527821953212495 -4.41434346403879 4.0636894297544455
      vertex 18.01132750147656 -4.41434346403879 4.0636894297544455
      vertex 5.988854575838904 -4.0190940197194776 4.3713244206005495
    endloop
  endfacet
  facet normal 1.2873562132279874e-15 -0.32469946920468595 0.945817241700634
    outer loop
      vertex 6.652084228602074 -2.8556843582224425 5.276842507238934
      vertex 7.3362852348545 -2.458417721609857 5.413224315852299
      vertex 7.13880245230197 -2.447009566337334 5.417140740504204
    endloop
  endfacet
  facet normal -7.366049790311563e-20 -0.9965844930066698 -0.08257934547233267
    outer loop
      vertex 7.643899708731845 -5.930775595087754 -0.09262401882365498
      vertex 18.011327501476558 -5.9795069580400195 0.4954760728339962
      vertex 7.592706070539536 -5.9795069580400195 0.4954760728339962
    endloop
  endfacet
  facet normal 0 -0.9694002659393298 0.24548548714080148
    outer loop
      vertex 7.592706070539536 -5.9795069580400195 0.4954760728339962
      vertex 18.011327501476558 -5.9795069580400195 0.4954760728339962
      vertex 7.780266103569354 -5.9456028194303965 0.6293604884359717
    endloop
  endfacet
  facet normal 1.0306823505432689e-16 -0.9694002659393304 0.2454854871407987
    outer loop
      vertex 7.780266103569354 -5.9456028194303965 0.6293604884359717
      vertex 18.011327501476558 -5.494639959930345 2.4101725479178158
      vertex 7.633506874733483 -5.825924054926329 1.101961241697577
    endloop
  endfacet
  facet normal -1.1340250972014703e-16 -0.9694002659393302 0.24548548714080035
    outer loop
      vertex 7.633506874733483 -5.825924054926329 1.101961241697577
      vertex 18.011327501476558 -5.494639959930345 2.4101725479178158
      vertex 7.57218371432147 -5.662029673634919 1.7491655170310847
    endloop
  endfacet
  facet normal -1.0190814634543342e-18 -0.9694002659393304 0.2454854871407993
    outer loop
      vertex 7.273164438073312 -5.6406108479649015 1.8337465468200862
      vertex 18.011327501476558 -5.494639959930345 2.4101725479178158
      vertex 7.002180159848135 -5.494639959930345 2.4101725479178158
    endloop
  endfacet
  facet normal 2.481860520473807e-16 -0.9694002659393316 0.245485487140795
    outer loop
      vertex 7.273164438073312 -5.6406108479649015 1.8337465468200862
      vertex 7.57218371432147 -5.662029673634919 1.7491655170310847
      vertex 18.011327501476558 -5.494639959930345 2.4101725479178158
    endloop
  endfacet
  facet normal 1.433084779319446e-17 -0.8371664782625284 0.5469481581224268
    outer loop
      vertex 7.002180159848135 -5.494639959930345 2.4101725479178158
      vertex 18.01132750147656 -4.41434346403879 4.0636894297544455
      vertex 7.040535731510128 -5.277805242077951 2.7420627909212585
    endloop
  endfacet
  facet normal -2.8517553186038213e-17 -0.9694002659393304 0.24548548714079949
    outer loop
      vertex 7.780266103569354 -5.9456028194303965 0.6293604884359717
      vertex 18.011327501476558 -5.9795069580400195 0.4954760728339962
      vertex 18.011327501476558 -5.494639959930345 2.4101725479178158
    endloop
  endfacet
  facet normal 0 -0.8371664782625285 0.5469481581224269
    outer loop
      vertex 7.002180159848135 -5.494639959930345 2.4101725479178158
      vertex 18.011327501476558 -5.494639959930345 2.4101725479178158
      vertex 18.01132750147656 -4.41434346403879 4.0636894297544455
    endloop
  endfacet
  facet normal 5.813547891307253e-17 -0.8371664782625289 0.5469481581224266
    outer loop
      vertex 6.991212939962309 -5.239533847007308 2.800641521928362
      vertex 18.01132750147656 -4.41434346403879 4.0636894297544455
      vertex 6.487671075922252 -4.791607410615982 3.486243972006409
    endloop
  endfacet
  facet normal -5.642692791341461e-16 -0.8371664782625264 0.5469481581224303
    outer loop
      vertex 6.991212939962309 -5.239533847007308 2.800641521928362
      vertex 7.040535731510128 -5.277805242077951 2.7420627909212585
      vertex 18.01132750147656 -4.41434346403879 4.0636894297544455
    endloop
  endfacet
  facet normal 5.0097371920656017e-17 -0.8371664782625288 0.5469481581224265
    outer loop
      vertex 6.099091482577161 -4.580190265318002 3.8098420029075575
      vertex 6.487671075922252 -4.791607410615982 3.486243972006409
      vertex 18.01132750147656 -4.41434346403879 4.0636894297544455
    endloop
  endfacet
  facet normal -9.020924483219779e-17 -0.6142127126896674 0.789140509396394
    outer loop
      vertex 5.988854575838904 -4.0190940197194776 4.3713244206005495
      vertex 18.011327501476558 -2.8556843582224425 5.276842507238934
      vertex 6.2873080678114315 -3.4638210591763268 4.8035107135578095
    endloop
  endfacet
  facet normal 4.2452243764694373e-16 -0.6142127126896736 0.7891405093963891
    outer loop
      vertex 6.2873080678114315 -3.4638210591763268 4.8035107135578095
      vertex 18.011327501476558 -2.8556843582224425 5.276842507238934
      vertex 6.43515923294717 -3.332181984260549 4.9059695182158345
    endloop
  endfacet
  facet normal 3.3108384600048536e-17 -0.6142127126896681 0.7891405093963934
    outer loop
      vertex 5.988854575838904 -4.0190940197194776 4.3713244206005495
      vertex 18.01132750147656 -4.41434346403879 4.0636894297544455
      vertex 18.011327501476558 -2.8556843582224425 5.276842507238934
    endloop
  endfacet
  facet normal -2.1964988672650803e-16 -0.6142127126896637 0.7891405093963968
    outer loop
      vertex 6.43515923294717 -3.332181984260549 4.9059695182158345
      vertex 18.011327501476558 -2.8556843582224425 5.276842507238934
      vertex 6.48504105347738 -3.18210599774082 5.0227783471788365
    endloop
  endfacet
  facet normal -1.1898942147246903e-19 -0.6142127126896686 0.789140509396393
    outer loop
      vertex 6.48504105347738 -3.18210599774082 5.0227783471788365
      vertex 18.011327501476558 -2.8556843582224425 5.276842507238934
      vertex 6.652084228602074 -2.8556843582224425 5.276842507238934
    endloop
  endfacet
  facet normal 0 -0.3246994692046839 0.9458172417006345
    outer loop
      vertex 6.652084228602074 -2.8556843582224425 5.276842507238934
      vertex 18.011327501476558 -2.8556843582224425 5.276842507238934
      vertex 7.3362852348545 -2.458417721609857 5.413224315852299
    endloop
  endfacet
  facet normal -1.1517259957006593e-16 -0.32469946920468307 0.9458172417006347
    outer loop
      vertex 7.3362852348545 -2.458417721609857 5.413224315852299
      vertex 18.011327501476554 -0.9875675416844049 5.918167820416334
      vertex 7.285422183747606 -2.1728937450095502 5.511244820829172
    endloop
  endfacet
  facet normal 2.6096047812758593e-17 -0.3246994692046843 0.9458172417006344
    outer loop
      vertex 7.285422183747606 -2.1728937450095502 5.511244820829172
      vertex 18.011327501476554 -0.9875675416844049 5.918167820416334
      vertex 7.601254632246742 -1.2663014972887299 5.822478332591696
    endloop
  endfacet
  facet normal 0 -0.32469946920468346 0.9458172417006346
    outer loop
      vertex 7.427093971941255 -0.9875675416844049 5.918167820416334
      vertex 7.601254632246742 -1.2663014972887299 5.822478332591696
      vertex 18.011327501476554 -0.9875675416844049 5.918167820416334
    endloop
  endfacet
  facet normal 0 0 1
    outer loop
      vertex 7.427093971941255 -0.9875675416844049 5.918167820416334
      vertex 18.011327501476554 -0.9875675416844049 5.918167820416334
      vertex 7.603545535457524 -0.30995738063661915 5.918167820416334
    endloop
  endfacet
  facet normal 9.427054446101951e-19 -0.3246994692046839 0.9458172417006346
    outer loop
      vertex 7.3362852348545 -2.458417721609857 5.413224315852299
      vertex 18.011327501476558 -2.8556843582224425 5.276842507238934
      vertex 18.011327501476554 -0.9875675416844049 5.918167820416334
    endloop
  endfacet
  facet normal 0 0 1
    outer loop
      vertex 7.603545535457524 -0.30995738063661915 5.918167820416334
      vertex 18.011327501476554 -0.9875675416844049 5.918167820416334
      vertex 18.011327501476554 0.9875675416844049 5.918167820416334
    endloop
  endfacet
  facet normal 1 0 0
    outer loop
      vertex 20 -3.670659606509634 1.6101005854571915
      vertex 20 -3.9945719497149796 0.3309996687329509
      vertex 20 -3.885610439998663 -0.9839701980875506
    endloop
  endfacet
  facet normal 1 0 0
    outer loop
      vertex 20 -3.3555827476504705 -2.192311626074534
      vertex 20 -2.948974338786778 2.714722120462449
      vertex 20 -3.670659606509634 1.6101005854571915
    endloop
  endfacet
  facet normal 1 0 0
    outer loop
      vertex 20 -1.3014806078903065 -3.7910834954451387
      vertex 20 -1.9077219434048942 3.5251613904617916
      vertex 20 -2.948974338786778 2.714722120462449
    endloop
  endfacet
  facet normal 1 0 0
    outer loop
      vertex 20 1.3014806078903038 -3.7910834954451396
      vertex 20 -0.6597382740992038 3.9535947252898422
      vertex 20 -1.9077219434048942 3.5251613904617916
    endloop
  endfacet
  facet normal 0 0.47594739303707334 -0.8794737512064892
    outer loop
      vertex 4.961613615953135 3.6852762761380067 -4.734843056378361
      vertex 5.687391680219644 3.6852762761380067 -4.734843056378361
      vertex 5.6037771400107825 3.649600720095754 -4.754149701824192
    endloop
  endfacet
  facet normal 8.529280527419011e-16 0.735723910673131 -0.6772815716257418
    outer loop
      vertex 4.732902412980107 3.6983791945094273 -4.720609492747932
      vertex 5.847597237517206 4.500607285902695 -3.849157480204697
      vertex 4.961613615953135 3.6852762761380067 -4.734843056378361
    endloop
  endfacet
  facet normal 0 0.7357239106731314 -0.6772815716257413
    outer loop
      vertex 4.961613615953135 3.6852762761380067 -4.734843056378361
      vertex 5.912915264444986 4.474415237854454 -3.8776096289503577
      vertex 5.687391680219644 3.6852762761380067 -4.734843056378361
    endloop
  endfacet
  facet normal 3.5067442847987364e-16 0.7357239106731315 -0.6772815716257414
    outer loop
      vertex 4.732902412980107 3.6983791945094273 -4.720609492747932
      vertex 4.807538237466697 4.563325213642413 -3.7810276491283568
      vertex 5.847597237517206 4.500607285902695 -3.849157480204697
    endloop
  endfacet
  facet normal -5.901164875625487e-15 0.7357239106731353 -0.6772815716257372
    outer loop
      vertex 4.961613615953135 3.6852762761380067 -4.734843056378361
      vertex 5.849620320736389 4.501805009269817 -3.8478564057971223
      vertex 5.912915264444986 4.474415237854454 -3.8776096289503577
    endloop
  endfacet
  facet normal 5.793170609741119e-13 0.7357239106728043 -0.6772815716260965
    outer loop
      vertex 4.961613615953135 3.6852762761380067 -4.734843056378361
      vertex 5.847597237517206 4.500607285902695 -3.849157480204697
      vertex 5.849620320736389 4.501805009269817 -3.8478564057971223
    endloop
  endfacet
  facet normal 4.541920771898198e-16 0.7357239106731321 -0.6772815716257405
    outer loop
      vertex 4.807538237466697 4.563325213642413 -3.7810276491283568
      vertex 5.568289631138084 4.6061897686138416 -3.734464329921039
      vertex 5.847597237517206 4.500607285902695 -3.849157480204697
    endloop
  endfacet
  facet normal -1.9952847930230825e-15 0.7357239106731316 -0.677281571625741
    outer loop
      vertex 5.687391680219644 3.6852762761380067 -4.734843056378361
      vertex 5.912915264444986 4.474415237854454 -3.8776096289503577
      vertex 6.0036648750669706 3.82443383776088 -4.583677647889302
    endloop
  endfacet
  facet normal 2.8672037879045877e-15 0.7357239106731314 -0.6772815716257413
    outer loop
      vertex 6.194881058526244 3.6852762761380067 -4.734843056378361
      vertex 6.0036648750669706 3.82443383776088 -4.583677647889302
      vertex 6.388016595901816 4.856940401029079 -3.4620765319753963
    endloop
  endfacet
  facet normal 1.6366974707629573e-16 0.7357239106731318 -0.6772815716257409
    outer loop
      vertex 6.0036648750669706 3.82443383776088 -4.583677647889302
      vertex 5.912915264444986 4.474415237854454 -3.8776096289503577
      vertex 6.388016595901816 4.856940401029079 -3.4620765319753963
    endloop
  endfacet
  facet normal 1.2019951560985858e-14 0.7357239106731337 -0.6772815716257389
    outer loop
      vertex 6.388016595901816 4.856940401029079 -3.4620765319753963
      vertex 6.313483331806154 5.014912306974376 -3.2904732973863027
      vertex 6.319797378161085 5.022998869575171 -3.281688948734561
    endloop
  endfacet
  facet normal 3.166215024665205e-15 0.9157733266550555 -0.4016954246529741
    outer loop
      vertex 6.47271917097374 5.1035470082081735 -3.0980576889671823
      vertex 6.357426777679553 5.032918807668026 -3.259073767803998
      vertex 6.329865417130451 5.0329765075003 -3.25894222543606
    endloop
  endfacet
  facet normal 0 0.16459459028073362 -0.9863613034027223
    outer loop
      vertex 7.967121718066103 0 -6
      vertex 7.526479495276075 0.791239979026116 -5.867965399988561
      vertex 18.01132750147656 0 -6
    endloop
  endfacet
  facet normal -1.0195794484846838e-17 0.16459459028073348 -0.9863613034027224
    outer loop
      vertex 7.373464054655068 1.1247730439042773 -5.812308575284152
      vertex 18.01132750147656 0 -6
      vertex 7.526479495276075 0.791239979026116 -5.867965399988561
    endloop
  endfacet
  facet normal -5.756752410517078e-19 0.16459459028073434 -0.9863613034027222
    outer loop
      vertex 7.373464054655068 1.1247730439042773 -5.812308575284152
      vertex 7.189741356820712 1.9481968152281008 -5.674903450203808
      vertex 18.01132750147656 1.9481968152281008 -5.674903450203808
    endloop
  endfacet
  facet normal 0 0.47594739303707084 -0.8794737512064906
    outer loop
      vertex 7.189741356820712 1.9481968152281008 -5.674903450203808
      vertex 7.222630762600572 2.059532036739841 -5.614651841376342
      vertex 18.01132750147656 1.9481968152281008 -5.674903450203808
    endloop
  endfacet
  facet normal 2.3144386597392317e-17 0.4759473930370737 -0.879473751206489
    outer loop
      vertex 7.093942471618027 2.3256099196760704 -5.470657691972116
      vertex 18.01132750147656 1.9481968152281008 -5.674903450203808
      vertex 7.344996499803112 2.1195664790383 -5.582162825910913
    endloop
  endfacet
  facet normal 6.665086795349777e-17 0.47594739303707584 -0.8794737512064877
    outer loop
      vertex 7.222630762600572 2.059532036739841 -5.614651841376342
      vertex 7.344996499803112 2.1195664790383 -5.582162825910913
      vertex 18.01132750147656 1.9481968152281008 -5.674903450203808
    endloop
  endfacet
  facet normal 2.1683517162140036e-17 0.4759473930370736 -0.879473751206489
    outer loop
      vertex 7.093942471618027 2.3256099196760704 -5.470657691972116
      vertex 6.310967423877318 3.6422450127461263 -4.7581304115749905
      vertex 18.01132750147656 1.9481968152281008 -5.674903450203808
    endloop
  endfacet
  facet normal 3.585502695989807e-17 0.1645945902807339 -0.9863613034027223
    outer loop
      vertex 7.373464054655068 1.1247730439042773 -5.812308575284152
      vertex 18.01132750147656 1.9481968152281008 -5.674903450203808
      vertex 18.01132750147656 0 -6
    endloop
  endfacet
  facet normal 4.831451456783622e-17 0.4759473930370738 -0.879473751206489
    outer loop
      vertex 6.310967423877318 3.6422450127461263 -4.7581304115749905
      vertex 18.01132750147656 3.6852762761380062 -4.734843056378361
      vertex 18.01132750147656 1.9481968152281008 -5.674903450203808
    endloop
  endfacet
  facet normal 1.7887196690180338e-17 0.4759473930370802 -0.8794737512064854
    outer loop
      vertex 6.194881058526244 3.6852762761380067 -4.734843056378361
      vertex 18.01132750147656 3.6852762761380062 -4.734843056378361
      vertex 6.310967423877318 3.6422450127461263 -4.7581304115749905
    endloop
  endfacet
  facet normal 2.7650195152668268e-17 0.7357239106731316 -0.6772815716257411
    outer loop
      vertex 6.194881058526244 3.6852762761380067 -4.734843056378361
      vertex 6.388016595901816 4.856940401029079 -3.4620765319753963
      vertex 18.01132750147656 3.6852762761380062 -4.734843056378361
    endloop
  endfacet
  facet normal -7.052750441257559e-18 0.7357239106731315 -0.6772815716257413
    outer loop
      vertex 6.388016595901816 4.856940401029079 -3.4620765319753963
      vertex 6.319797378161085 5.022998869575171 -3.281688948734561
      vertex 18.01132750147656 3.6852762761380062 -4.734843056378361
    endloop
  endfacet
  facet normal 0 0.7357239106731314 -0.6772815716257412
    outer loop
      vertex 6.319797378161085 5.022998869575171 -3.281688948734561
      vertex 18.011327501476558 5.022998869575171 -3.281688948734561
      vertex 18.01132750147656 3.6852762761380062 -4.734843056378361
    endloop
  endfacet
  facet normal 0 0.9157733266550612 -0.4016954246529607
    outer loop
      vertex 6.319797378161085 5.022998869575171 -3.281688948734561
      vertex 6.357426777679553 5.032918807668026 -3.259073767803998
      vertex 18.011327501476558 5.022998869575171 -3.281688948734561
    endloop
  endfacet
  facet normal -2.604492803587563e-17 0.9157733266550563 -0.4016954246529719
    outer loop
      vertex 6.47271917097374 5.1035470082081735 -3.0980576889671823
      vertex 18.011327501476558 5.022998869575171 -3.281688948734561
      vertex 6.357426777679553 5.032918807668026 -3.259073767803998
    endloop
  endfacet
  facet normal 3.328667542438376e-17 0.9157733266550576 -0.4016954246529688
    outer loop
      vertex 6.47271917097374 5.1035470082081735 -3.0980576889671823
      vertex 7.108619157817073 5.268891458972934 -2.7211103093658067
      vertex 18.011327501476558 5.022998869575171 -3.281688948734561
    endloop
  endfacet
  facet normal -2.8617566338906446e-17 0.9157733266550573 -0.4016954246529699
    outer loop
      vertex 7.108619157817073 5.268891458972934 -2.7211103093658067
      vertex 7.4316649095142235 5.645828906755716 -1.8617794847861682
      vertex 18.011327501476558 5.022998869575171 -3.281688948734561
    endloop
  endfacet
  facet normal 6.304549024797813e-16 0.9157733266550591 -0.40169542465296576
    outer loop
      vertex 7.4316649095142235 5.645828906755716 -1.8617794847861682
      vertex 7.4971141082482085 5.710543437680144 -1.7142452147137994
      vertex 18.011327501476558 5.022998869575171 -3.281688948734561
    endloop
  endfacet
  facet normal -4.953099667803958e-16 0.9157733266550563 -0.4016954246529721
    outer loop
      vertex 7.4971141082482085 5.710543437680144 -1.7142452147137994
      vertex 7.323099228623248 5.816401595635982 -1.4729129228447957
      vertex 18.011327501476558 5.022998869575171 -3.281688948734561
    endloop
  endfacet
  facet normal 0 0.9965844930066698 -0.08257934547233256
    outer loop
      vertex 7.323099228623248 5.816401595635982 -1.4729129228447957
      vertex 7.395437617818958 5.834473366386917 -1.2548190836584892
      vertex 18.011327501476558 5.816401595635982 -1.4729129228447957
    endloop
  endfacet
  facet normal -2.3255979012063606e-17 0.9965844930066698 -0.08257934547233368
    outer loop
      vertex 7.395437617818958 5.834473366386917 -1.2548190836584892
      vertex 7.889329070309874 5.888710313945898 -0.6002764667833627
      vertex 18.011327501476558 5.816401595635982 -1.4729129228447957
    endloop
  endfacet
  facet normal 1.0428315188228233e-16 0.9965844930066697 -0.08257934547233219
    outer loop
      vertex 7.889329070309874 5.888710313945898 -0.6002764667833627
      vertex 7.671319892748542 5.965042270923081 0.3209132594030681
      vertex 18.011327501476558 5.816401595635982 -1.4729129228447957
    endloop
  endfacet
  facet normal 0 0.9157733266550574 -0.40169542465296965
    outer loop
      vertex 7.323099228623248 5.816401595635982 -1.4729129228447957
      vertex 18.011327501476558 5.816401595635982 -1.4729129228447957
      vertex 18.011327501476558 5.022998869575171 -3.281688948734561
    endloop
  endfacet
  facet normal 3.3920196619062997e-17 0.9965844930066698 -0.0825793454723326
    outer loop
      vertex 7.671319892748542 5.965042270923081 0.3209132594030681
      vertex 18.011327501476558 5.9795069580400195 0.49547607283399464
      vertex 18.011327501476558 5.816401595635982 -1.4729129228447957
    endloop
  endfacet
  facet normal 1 0 0
    outer loop
      vertex 20 0.659738274099204 3.9535947252898422
      vertex 20 1.3014806078903038 -3.7910834954451396
      vertex 20 2.461925597363345 -3.163082072156552
    endloop
  endfacet
  facet normal 1 0 0
    outer loop
      vertex 20 1.9077219434048938 3.5251613904617916
      vertex 20 2.461925597363345 -3.163082072156552
      vertex 20 3.35558274765047 -2.192311626074536
    endloop
  endfacet
  facet normal 1 0 0
    outer loop
      vertex 20 3.35558274765047 -2.192311626074536
      vertex 20 3.885610439998663 -0.9839701980875506
      vertex 20 2.9489743387867784 2.714722120462449
    endloop
  endfacet
  facet normal 2.0369617249228312e-15 0.8371664782625242 0.5469481581224337
    outer loop
      vertex 4.734843056378361 4.66157311638866 3.6852762761380067
      vertex 4.662413759781323 4.618011599932599 3.7519521407107743
      vertex 5.478953593451891 4.738275083819506 3.5678751751446005
    endloop
  endfacet
  facet normal -3.5525150072779837e-16 0.6142127126896675 0.7891405093963939
    outer loop
      vertex 4.686111364733381 3.821436130465444 4.525167731009356
      vertex 5.561908534895499 3.8175749333751656 4.528173021335744
      vertex 4.552782195321249 4.41434346403879 4.0636894297544455
    endloop
  endfacet
  facet normal -7.127882645615032e-16 0.8371664782625297 0.5469481581224251
    outer loop
      vertex 4.662413759781323 4.618011599932599 3.7519521407107743
      vertex 4.552782195321249 4.41434346403879 4.0636894297544455
      vertex 5.478953593451891 4.738275083819506 3.5678751751446005
    endloop
  endfacet
  facet normal 4.1331638848953114e-15 0.8371664782625254 0.5469481581224315
    outer loop
      vertex 4.552782195321249 4.41434346403879 4.0636894297544455
      vertex 5.562454179733472 4.718868495901656 3.597579169245338
      vertex 5.478953593451891 4.738275083819506 3.5678751751446005
    endloop
  endfacet
  facet normal 7.933027430296921e-16 0.8371664782625278 0.546948158122428
    outer loop
      vertex 4.734843056378361 4.66157311638866 3.6852762761380067
      vertex 5.478953593451891 4.738275083819506 3.5678751751446005
      vertex 4.797022719674539 4.736639696344663 3.5703783220198164
    endloop
  endfacet
  facet normal 3.7481419328019325e-16 0.6142127126896683 0.7891405093963935
    outer loop
      vertex 4.552782195321249 4.41434346403879 4.0636894297544455
      vertex 5.561908534895499 3.8175749333751656 4.528173021335744
      vertex 5.98885457583891 4.019094019719478 4.371324420600548
    endloop
  endfacet
  facet normal -3.893122494351874e-16 0.8371664782625293 0.5469481581224258
    outer loop
      vertex 4.552782195321249 4.41434346403879 4.0636894297544455
      vertex 5.733090488008612 4.670196508938408 3.67207719124424
      vertex 5.598290391724323 4.7143188715848945 3.604542887671151
    endloop
  endfacet
  facet normal -1.5052199095875934e-14 0.8371664782625445 0.5469481581224023
    outer loop
      vertex 4.552782195321249 4.41434346403879 4.0636894297544455
      vertex 5.598290391724323 4.7143188715848945 3.604542887671151
      vertex 5.562454179733472 4.718868495901656 3.597579169245338
    endloop
  endfacet
  facet normal -7.54820812421247e-15 0.8371664782625392 0.5469481581224106
    outer loop
      vertex 4.552782195321249 4.41434346403879 4.0636894297544455
      vertex 5.768166670729757 4.658934057601021 3.689315656321241
      vertex 5.733090488008612 4.670196508938408 3.67207719124424
    endloop
  endfacet
  facet normal -2.5013192396662202e-14 0.8371664782625675 0.5469481581223673
    outer loop
      vertex 4.552782195321249 4.41434346403879 4.0636894297544455
      vertex 5.793122510391304 4.654132935940741 3.6966643200882867
      vertex 5.78822411100413 4.654924167656378 3.6954532497902464
    endloop
  endfacet
  facet normal 1.4782635196321387e-14 0.8371664782625062 0.5469481581224612
    outer loop
      vertex 4.552782195321249 4.41434346403879 4.0636894297544455
      vertex 5.78822411100413 4.654924167656378 3.6954532497902464
      vertex 5.768166670729757 4.658934057601021 3.689315656321241
    endloop
  endfacet
  facet normal -7.993077353446065e-16 0.8371664782625298 0.5469481581224253
    outer loop
      vertex 4.552782195321249 4.41434346403879 4.0636894297544455
      vertex 5.96828730612017 4.59448201338122 3.7879668540170823
      vertex 5.793122510391304 4.654132935940741 3.6966643200882867
    endloop
  endfacet
  facet normal -9.392074263243453e-15 0.8371664782625494 0.5469481581223951
    outer loop
      vertex 4.552782195321249 4.41434346403879 4.0636894297544455
      vertex 5.982269237210815 4.590792473733431 3.7936141148542943
      vertex 5.96828730612017 4.59448201338122 3.7879668540170823
    endloop
  endfacet
  facet normal 1.0996813949957884e-15 0.8371664782625245 0.5469481581224331
    outer loop
      vertex 4.552782195321249 4.41434346403879 4.0636894297544455
      vertex 18.011327501476558 5.494639959930344 2.410172547917817
      vertex 5.982269237210815 4.590792473733431 3.7936141148542943
    endloop
  endfacet
  facet normal 0 0.6142127126896673 0.7891405093963939
    outer loop
      vertex 4.552782195321249 4.41434346403879 4.0636894297544455
      vertex 5.98885457583891 4.019094019719478 4.371324420600548
      vertex 18.01132750147656 4.41434346403879 4.0636894297544455
    endloop
  endfacet
  facet normal 1.197108469035087e-15 0.3246994692046851 0.9458172417006341
    outer loop
      vertex 7.138802452301972 2.4470095663373304 5.4171407405042045
      vertex 7.336285234854513 2.458417721609856 5.413224315852299
      vertex 6.652084228602073 2.8556843582224425 5.276842507238934
    endloop
  endfacet
  facet normal 0 0 1
    outer loop
      vertex 7.427093971941254 0.9875675416844049 5.918167820416334
      vertex 7.603545535457524 0.30995738063661915 5.918167820416334
      vertex 7.967121718066103 0 5.918167820416334
    endloop
  endfacet
  facet normal 7.701559389496984e-16 0.6142127126896634 0.7891405093963972
    outer loop
      vertex 6.4351592329471705 3.3321819842605485 4.9059695182158345
      vertex 6.485041053477381 3.1821059977408206 5.022778347178836
      vertex 18.01132750147656 4.41434346403879 4.0636894297544455
    endloop
  endfacet
  facet normal -3.753163017598602e-16 0.6142127126896709 0.7891405093963911
    outer loop
      vertex 6.4351592329471705 3.3321819842605485 4.9059695182158345
      vertex 18.01132750147656 4.41434346403879 4.0636894297544455
      vertex 6.287308067811435 3.463821059176326 4.80351071355781
    endloop
  endfacet
  facet normal -2.700713682965266e-16 0.6142127126896694 0.7891405093963925
    outer loop
      vertex 6.652084228602073 2.8556843582224425 5.276842507238934
      vertex 18.01132750147656 4.41434346403879 4.0636894297544455
      vertex 6.485041053477381 3.1821059977408206 5.022778347178836
    endloop
  endfacet
  facet normal -9.908189050399948e-16 0.8371664782625328 0.5469481581224205
    outer loop
      vertex 6.018739995115292 4.621183998550486 3.7470964231456994
      vertex 5.982269237210815 4.590792473733431 3.7936141148542943
      vertex 18.011327501476558 5.494639959930344 2.410172547917817
    endloop
  endfacet
  facet normal -2.356485015078011e-16 0.8371664782625297 0.5469481581224251
    outer loop
      vertex 6.018739995115292 4.621183998550486 3.7470964231456994
      vertex 18.011327501476558 5.494639959930344 2.410172547917817
      vertex 6.446242612661837 4.802126012962526 3.4701440525681044
    endloop
  endfacet
  facet normal -5.888370997439778e-17 0.6142127126896685 0.789140509396393
    outer loop
      vertex 5.98885457583891 4.019094019719478 4.371324420600548
      vertex 6.287308067811435 3.463821059176326 4.80351071355781
      vertex 18.01132750147656 4.41434346403879 4.0636894297544455
    endloop
  endfacet
  facet normal 0 0.8371664782625287 0.5469481581224269
    outer loop
      vertex 4.552782195321249 4.41434346403879 4.0636894297544455
      vertex 18.01132750147656 4.41434346403879 4.0636894297544455
      vertex 18.011327501476558 5.494639959930344 2.410172547917817
    endloop
  endfacet
  facet normal 0 0.6142127126896681 0.7891405093963934
    outer loop
      vertex 6.652084228602073 2.8556843582224425 5.276842507238934
      vertex 18.011327501476558 2.8556843582224425 5.276842507238934
      vertex 18.01132750147656 4.41434346403879 4.0636894297544455
    endloop
  endfacet
  facet normal 0 0 1
    outer loop
      vertex 7.603545535457524 -0.30995738063661915 5.918167820416334
      vertex 18.011327501476554 0.9875675416844049 5.918167820416334
      vertex 7.967121718066103 0 5.918167820416334
    endloop
  endfacet
  facet normal 0 0 1
    outer loop
      vertex 7.427093971941254 0.9875675416844049 5.918167820416334
      vertex 7.967121718066103 0 5.918167820416334
      vertex 18.011327501476554 0.9875675416844049 5.918167820416334
    endloop
  endfacet
  facet normal 1.3834113074095135e-16 0.3246994692046832 0.9458172417006347
    outer loop
      vertex 7.427093971941254 0.9875675416844049 5.918167820416334
      vertex 18.011327501476558 2.8556843582224425 5.276842507238934
      vertex 7.601254632246746 1.26630149728873 5.822478332591696
    endloop
  endfacet
  facet normal -2.887478978996099e-17 0.3246994692046839 0.9458172417006344
    outer loop
      vertex 7.285422183747607 2.1728937450095476 5.511244820829173
      vertex 18.011327501476558 2.8556843582224425 5.276842507238934
      vertex 7.336285234854513 2.458417721609856 5.413224315852299
    endloop
  endfacet
  facet normal -5.696926618079384e-17 0.32469946920468434 0.9458172417006344
    outer loop
      vertex 7.285422183747607 2.1728937450095476 5.511244820829173
      vertex 7.601254632246746 1.26630149728873 5.822478332591696
      vertex 18.011327501476558 2.8556843582224425 5.276842507238934
    endloop
  endfacet
  facet normal -3.870297201291111e-19 0.3246994692046833 0.9458172417006349
    outer loop
      vertex 7.336285234854513 2.458417721609856 5.413224315852299
      vertex 18.011327501476558 2.8556843582224425 5.276842507238934
      vertex 6.652084228602073 2.8556843582224425 5.276842507238934
    endloop
  endfacet
  facet normal 0 0.32469946920468384 0.9458172417006344
    outer loop
      vertex 7.427093971941254 0.9875675416844049 5.918167820416334
      vertex 18.011327501476554 0.9875675416844049 5.918167820416334
      vertex 18.011327501476558 2.8556843582224425 5.276842507238934
    endloop
  endfacet
  facet normal -3.6558116510244855e-19 0.99658449300667 -0.08257934547233059
    outer loop
      vertex 7.671319892748542 5.965042270923081 0.3209132594030681
      vertex 7.661008961945716 5.9795069580400195 0.4954760728339947
      vertex 18.011327501476558 5.9795069580400195 0.49547607283399464
    endloop
  endfacet
  facet normal 1.3165954216486844e-18 0.9694002659393308 0.24548548714079743
    outer loop
      vertex 7.661008961945716 5.9795069580400195 0.4954760728339947
      vertex 7.810082484730894 5.94496972651871 0.6318605158066398
      vertex 18.011327501476558 5.9795069580400195 0.49547607283399464
    endloop
  endfacet
  facet normal 5.968527014530053e-17 0.9694002659393298 0.2454854871408015
    outer loop
      vertex 7.780313237470589 5.916706633068864 0.7434689478392602
      vertex 18.011327501476558 5.9795069580400195 0.49547607283399464
      vertex 7.810082484730894 5.94496972651871 0.6318605158066398
    endloop
  endfacet
  facet normal 8.378966429469253e-18 0.9694002659393303 0.2454854871407996
    outer loop
      vertex 7.780313237470589 5.916706633068864 0.7434689478392602
      vertex 7.6006373670480745 5.660495503798915 1.7552238167063146
      vertex 18.011327501476558 5.9795069580400195 0.49547607283399464
    endloop
  endfacet
  facet normal -1.8240391485289637e-16 0.9694002659393307 0.24548548714079851
    outer loop
      vertex 6.83167312765357 5.494639959930344 2.410172547917817
      vertex 18.011327501476558 5.9795069580400195 0.49547607283399464
      vertex 6.960375883505533 5.5522968395776235 2.182490679167478
    endloop
  endfacet
  facet normal 8.22631816741762e-17 0.9694002659393302 0.24548548714080018
    outer loop
      vertex 6.960375883505533 5.5522968395776235 2.182490679167478
      vertex 18.011327501476558 5.9795069580400195 0.49547607283399464
      vertex 7.6006373670480745 5.660495503798915 1.7552238167063146
    endloop
  endfacet
  facet normal -3.7877277223502067e-17 0.8371664782625287 0.5469481581224267
    outer loop
      vertex 6.446242612661837 4.802126012962526 3.4701440525681044
      vertex 18.011327501476558 5.494639959930344 2.410172547917817
      vertex 6.831142987426252 5.1869637287567 2.8811060780369044
    endloop
  endfacet
  facet normal 0 0.8371664782625283 0.5469481581224275
    outer loop
      vertex 6.83167312765357 5.494639959930344 2.410172547917817
      vertex 6.95470552726744 5.296025268904804 2.714174963773532
      vertex 18.011327501476558 5.494639959930344 2.410172547917817
    endloop
  endfacet
  facet normal -7.462945330194015e-18 0.8371664782625283 0.5469481581224273
    outer loop
      vertex 6.831142987426252 5.1869637287567 2.8811060780369044
      vertex 18.011327501476558 5.494639959930344 2.410172547917817
      vertex 6.95470552726744 5.296025268904804 2.714174963773532
    endloop
  endfacet
  facet normal 0 0.9694002659393304 0.2454854871407995
    outer loop
      vertex 6.83167312765357 5.494639959930344 2.410172547917817
      vertex 18.011327501476558 5.494639959930344 2.410172547917817
      vertex 18.011327501476558 5.9795069580400195 0.49547607283399464
    endloop
  endfacet
  facet normal 1 0 0
    outer loop
      vertex 20 1.3014806078903038 -3.7910834954451396
      vertex 20 0.659738274099204 3.9535947252898422
      vertex 20 -0.6597382740992038 3.9535947252898422
    endloop
  endfacet
  facet normal 1 0 0
    outer loop
      vertex 20 2.461925597363345 -3.163082072156552
      vertex 20 1.9077219434048938 3.5251613904617916
      vertex 20 0.659738274099204 3.9535947252898422
    endloop
  endfacet
  facet normal 1 0 0
    outer loop
      vertex 20 3.885610439998663 -0.9839701980875506
      vertex 20 3.6706596065096333 1.6101005854571928
      vertex 20 2.9489743387867784 2.714722120462449
    endloop
  endfacet
  facet normal 1 0 0
    outer loop
      vertex 20 3.35558274765047 -2.192311626074536
      vertex 20 2.9489743387867784 2.714722120462449
      vertex 20 1.9077219434048938 3.5251613904617916
    endloop
  endfacet
  facet normal 1 0 0
    outer loop
      vertex 20 3.885610439998663 -0.9839701980875506
      vertex 20 3.9945719497149796 0.33099966873294934
      vertex 20 3.6706596065096333 1.6101005854571928
    endloop
  endfacet
  facet normal -0.9458172417006345 -1.7877115023466395e-17 -0.32469946920468384
    outer loop
      vertex -5.338868697584378 -6.574837259934556 -2.675008238210847
      vertex -5.276842507238934 -18.00826219728089 -2.8556843582224425
      vertex -5.918167820416334 -18.00826219728089 -0.9875675416844049
    endloop
  endfacet
  facet normal -1 0 0
    outer loop
      vertex -5.918167820416334 -7.457436074951393 -0.705149625936059
      vertex -5.918167820416334 -18.00826219728089 -0.9875675416844049
      vertex -5.918167820416334 -18.00826219728089 0.9875675416844049
    endloop
  endfacet
  facet normal -0.7891405093963939 8.186510636347444e-17 -0.6142127126896673
    outer loop
      vertex -4.952927966652752 -6.452520450586938 -3.2718497684753998
      vertex -4.780954402662777 -6.1984552465892895 -3.492801408006721
      vertex -5.276842507238934 -18.00826219728089 -2.8556843582224425
    endloop
  endfacet
  facet normal -0.9458172417006341 4.8827858908155366e-20 -0.3246994692046849
    outer loop
      vertex -5.338868697584378 -6.574837259934556 -2.675008238210847
      vertex -5.276842507238934 -6.436120830104713 -2.8556843582224425
      vertex -5.276842507238934 -18.00826219728089 -2.8556843582224425
    endloop
  endfacet
  facet normal -0.7891405093963929 0 -0.6142127126896687
    outer loop
      vertex -5.276842507238934 -6.436120830104713 -2.8556843582224425
      vertex -4.952927966652752 -6.452520450586938 -3.2718497684753998
      vertex -5.276842507238934 -18.00826219728089 -2.8556843582224425
    endloop
  endfacet
  facet normal -0.9458172417006345 -4.390477575358328e-17 -0.3246994692046841
    outer loop
      vertex -5.741538000248648 -7.506060086248595 -1.502072630720353
      vertex -5.416484943477992 -7.310756654519257 -2.4489198378138033
      vertex -5.918167820416334 -18.00826219728089 -0.9875675416844049
    endloop
  endfacet
  facet normal -0.9458172417006349 1.3779040654008683e-17 -0.32469946920468307
    outer loop
      vertex -5.81728183749602 -7.610798335072117 -1.2814383703792278
      vertex -5.741538000248648 -7.506060086248595 -1.502072630720353
      vertex -5.918167820416334 -18.00826219728089 -0.9875675416844049
    endloop
  endfacet
  facet normal -0.9458172417006349 1.250376318062565e-16 -0.32469946920468296
    outer loop
      vertex -5.338868697584378 -6.574837259934556 -2.675008238210847
      vertex -5.918167820416334 -18.00826219728089 -0.9875675416844049
      vertex -5.416484943477992 -7.310756654519257 -2.4489198378138033
    endloop
  endfacet
  facet normal -0.9458172417006346 3.116117160758456e-19 -0.3246994692046835
    outer loop
      vertex -5.81728183749602 -7.610798335072117 -1.2814383703792278
      vertex -5.918167820416334 -18.00826219728089 -0.9875675416844049
      vertex -5.918167820416334 -7.398974995764177 -0.9875675416844049
    endloop
  endfacet
  facet normal -1 0 0
    outer loop
      vertex -5.918167820416334 -7.398974995764177 -0.9875675416844049
      vertex -5.918167820416334 -18.00826219728089 -0.9875675416844049
      vertex -5.918167820416334 -7.457436074951393 -0.705149625936059
    endloop
  endfacet
  facet normal 0 -1 0
    outer loop
      vertex -1.611331904127762 -20 -3.673466730330114
      vertex -0.331252799547103 -20 -3.997626784342734
      vertex 0.9847226857812597 -20 -3.888581946701131
    endloop
  endfacet
  facet normal 0 -1 0
    outer loop
      vertex -2.716798194505604 -20 -2.95122955637702
      vertex -1.611331904127762 -20 -3.673466730330114
      vertex 2.193988188558442 -20 -3.3581489175687635
    endloop
  endfacet
  facet normal 0 -1 0
    outer loop
      vertex 3.7939827130044623 -20 -1.3024759105355919
      vertex -3.527857245041347 -20 -1.9091808669456891
      vertex -2.716798194505604 -20 -2.95122955637702
    endloop
  endfacet
  facet normal 0 -1 0
    outer loop
      vertex 3.793982713004463 -20 1.3024759105355892
      vertex -3.9566182227316102 -20 -0.6602428065873763
      vertex -3.527857245041347 -20 -1.9091808669456891
    endloop
  endfacet
  facet normal -0.5469481581224269 0 -0.8371664782625285
    outer loop
      vertex -2.4101725479178158 -6.834872766473729 -5.494639959930345
      vertex -2.4101725479178158 -18.00826219728089 -5.494639959930345
      vertex -4.0636894297544455 -18.008262197280892 -4.41434346403879
    endloop
  endfacet
  facet normal -0.24548548714079946 0 -0.9694002659393305
    outer loop
      vertex -0.4954760728339962 -7.318496775225748 -5.9795069580400195
      vertex -0.4954760728339962 -18.008262197280892 -5.9795069580400195
      vertex -2.4101725479178158 -18.00826219728089 -5.494639959930345
    endloop
  endfacet
  facet normal -0.24548548714042231 -1.2269878213229121e-14 -0.9694002659394257
    outer loop
      vertex -2.0787768152441157 -7.204474472090648 -5.578560756870663
      vertex -2.4101725479178158 -18.00826219728089 -5.494639959930345
      vertex -2.07993954765945 -7.180699974381649 -5.578266313034179
    endloop
  endfacet
  facet normal -0.24548548714080043 1.115876517383382e-19 -0.9694002659393302
    outer loop
      vertex -2.07993954765945 -7.180699974381649 -5.578266313034179
      vertex -2.4101725479178158 -18.00826219728089 -5.494639959930345
      vertex -2.4101725479178158 -6.834872766473729 -5.494639959930345
    endloop
  endfacet
  facet normal -0.24548548714081042 4.191895518868785e-16 -0.9694002659393276
    outer loop
      vertex -2.0458386178808396 -7.194190750710965 -5.586901841260019
      vertex -2.031674299424314 -7.190227919830014 -5.590488733835243
      vertex -2.4101725479178158 -18.00826219728089 -5.494639959930345
    endloop
  endfacet
  facet normal -0.2454854871408037 1.7735039204966841e-16 -0.9694002659393293
    outer loop
      vertex -2.0787768152441157 -7.204474472090648 -5.578560756870663
      vertex -2.0458386178808396 -7.194190750710965 -5.586901841260019
      vertex -2.4101725479178158 -18.00826219728089 -5.494639959930345
    endloop
  endfacet
  facet normal -0.24548548714079954 1.2738348901267747e-17 -0.9694002659393304
    outer loop
      vertex -2.031674299424314 -7.190227919830014 -5.590488733835243
      vertex -0.4954760728339962 -7.318496775225748 -5.9795069580400195
      vertex -2.4101725479178158 -18.00826219728089 -5.494639959930345
    endloop
  endfacet
  facet normal 0.0825793454723319 0 -0.99658449300667
    outer loop
      vertex -0.4954760728339962 -7.318496775225748 -5.9795069580400195
      vertex -0.21836032377751127 -7.469647426351705 -5.9565444924008855
      vertex -0.4954760728339962 -18.008262197280892 -5.9795069580400195
    endloop
  endfacet
  facet normal 0.08257934547233302 -2.9313808027437036e-17 -0.9965844930066698
    outer loop
      vertex -0.05882531652686917 -7.87793844517337 -5.943325044806497
      vertex -0.4954760728339962 -18.008262197280892 -5.9795069580400195
      vertex -0.21836032377751127 -7.469647426351705 -5.9565444924008855
    endloop
  endfacet
  facet normal 0.08257934547233085 6.45982944371266e-17 -0.99658449300667
    outer loop
      vertex -0.05882531652686917 -7.87793844517337 -5.943325044806497
      vertex 0.24539197816589942 -7.502155790563166 -5.918116881069873
      vertex -0.4954760728339962 -18.008262197280892 -5.9795069580400195
    endloop
  endfacet
  facet normal -0.7891405093963934 7.583744187433651e-18 -0.6142127126896681
    outer loop
      vertex -4.423837913336664 -5.983456230387943 -3.951624682872815
      vertex -4.0636894297544455 -18.008262197280892 -4.41434346403879
      vertex -5.276842507238934 -18.00826219728089 -2.8556843582224425
    endloop
  endfacet
  facet normal -0.5469481581224274 1.2746661764370896e-17 -0.8371664782625281
    outer loop
      vertex -3.766830842360585 -6.045067111998836 -4.608290858988091
      vertex -3.6341643735954965 -6.360098982416894 -4.694966188949065
      vertex -4.0636894297544455 -18.008262197280892 -4.41434346403879
    endloop
  endfacet
  facet normal -0.7891405093963935 2.1753996289364225e-17 -0.614212712689668
    outer loop
      vertex -4.423837913336664 -5.983456230387943 -3.951624682872815
      vertex -5.276842507238934 -18.00826219728089 -2.8556843582224425
      vertex -4.780954402662777 -6.1984552465892895 -3.492801408006721
    endloop
  endfacet
  facet normal -0.5469481581224269 -2.2783661379025425e-17 -0.8371664782625287
    outer loop
      vertex -2.4101725479178158 -6.834872766473729 -5.494639959930345
      vertex -4.0636894297544455 -18.008262197280892 -4.41434346403879
      vertex -3.6341643735954965 -6.360098982416894 -4.694966188949065
    endloop
  endfacet
  facet normal -0.5469481581224271 4.938404517354335e-19 -0.8371664782625285
    outer loop
      vertex -3.766830842360585 -6.045067111998836 -4.608290858988091
      vertex -4.0636894297544455 -18.008262197280892 -4.41434346403879
      vertex -4.0636894297544455 -4.574898001825338 -4.41434346403879
    endloop
  endfacet
  facet normal -0.7891405093963935 4.76703848387199e-19 -0.614212712689668
    outer loop
      vertex -4.423837913336664 -5.983456230387943 -3.951624682872815
      vertex -4.0636894297544455 -4.574898001825338 -4.41434346403879
      vertex -4.0636894297544455 -18.008262197280892 -4.41434346403879
    endloop
  endfacet
  facet normal -0.7891405093963946 1.5132672871294556e-15 -0.6142127126896667
    outer loop
      vertex -4.4474035108455015 -5.9190454551549685 -3.9213476025744947
      vertex -4.534478405643179 -5.7757520982403605 -3.809473775451358
      vertex -4.510968424896073 -5.74050808440951 -3.8396793993327445
    endloop
  endfacet
  facet normal -0.7891405093963914 -2.3563894426196072e-15 -0.6142127126896707
    outer loop
      vertex -4.0636894297544455 -4.574898001825338 -4.41434346403879
      vertex -4.510968424896073 -5.74050808440951 -3.8396793993327445
      vertex -4.562469144744084 -5.599716930320573 -3.7735112731193197
    endloop
  endfacet
  facet normal -0.5469481581224257 3.9734407367402547e-16 -0.8371664782625293
    outer loop
      vertex -3.766830842360585 -6.045067111998836 -4.608290858988091
      vertex -4.0636894297544455 -4.574898001825338 -4.41434346403879
      vertex -3.5940525235246605 -5.603777140010783 -4.721172568545939
    endloop
  endfacet
  facet normal -0.7891405093963911 -1.5099328597877687e-15 -0.6142127126896707
    outer loop
      vertex -4.423837913336664 -5.983456230387943 -3.951624682872815
      vertex -4.4474035108455015 -5.9190454551549685 -3.9213476025744947
      vertex -4.0636894297544455 -4.574898001825338 -4.41434346403879
    endloop
  endfacet
  facet normal -0.7891405093963948 1.2175463110992222e-15 -0.6142127126896664
    outer loop
      vertex -4.4474035108455015 -5.9190454551549685 -3.9213476025744947
      vertex -4.510968424896073 -5.74050808440951 -3.8396793993327445
      vertex -4.0636894297544455 -4.574898001825338 -4.41434346403879
    endloop
  endfacet
  facet normal -0.7891405093963938 7.485843836699553e-16 -0.6142127126896677
    outer loop
      vertex -4.500051478564641 -4.6938366242792835 -3.853705492266109
      vertex -4.0636894297544455 -4.574898001825338 -4.41434346403879
      vertex -4.562469144744084 -5.599716930320573 -3.7735112731193197
    endloop
  endfacet
  facet normal -0.5469481581224265 -8.767907150886905e-17 -0.8371664782625289
    outer loop
      vertex -3.5940525235246605 -5.603777140010783 -4.721172568545939
      vertex -4.0636894297544455 -4.574898001825338 -4.41434346403879
      vertex -3.5240455180572656 -4.768575527558243 -4.766910427968508
    endloop
  endfacet
  facet normal -0.9458172417006345 -3.3513505420881944e-17 0.32469946920468384
    outer loop
      vertex -5.812816332210164 -7.601844928073242 1.2944459428973254
      vertex -5.918167820416334 -18.00826219728089 0.9875675416844049
      vertex -5.276842507238934 -18.008262197280892 2.8556843582224425
    endloop
  endfacet
  facet normal -1 0 0
    outer loop
      vertex -5.918167820416334 -7.457436074951393 -0.705149625936059
      vertex -5.918167820416334 -18.00826219728089 0.9875675416844049
      vertex -5.918167820416334 -7.922197917153108 0.020114455911040333
    endloop
  endfacet
  facet normal -1 0 0
    outer loop
      vertex -5.918167820416334 -7.922197917153108 0.020114455911040333
      vertex -5.918167820416334 -18.00826219728089 0.9875675416844049
      vertex -5.918167820416334 -7.386786883951665 0.9875675416844049
    endloop
  endfacet
  facet normal -0.9458172417006349 -5.642715399613345e-19 0.32469946920468284
    outer loop
      vertex -5.812816332210164 -7.601844928073242 1.2944459428973254
      vertex -5.918167820416334 -7.386786883951665 0.9875675416844049
      vertex -5.918167820416334 -18.00826219728089 0.9875675416844049
    endloop
  endfacet
  facet normal -0.9458172417006345 -1.8332824356409704e-17 0.324699469204684
    outer loop
      vertex -5.812816332210164 -7.601844928073242 1.2944459428973254
      vertex -5.276842507238934 -18.008262197280892 2.8556843582224425
      vertex -5.736169390943534 -7.497338597643492 1.5177108553751957
    endloop
  endfacet
  facet normal -0.9458172417006344 -6.3840101096785955e-18 0.32469946920468407
    outer loop
      vertex -5.736169390943534 -7.497338597643492 1.5177108553751957
      vertex -5.276842507238934 -18.008262197280892 2.8556843582224425
      vertex -5.40918887544117 -7.305337797809947 2.470172557945285
    endloop
  endfacet
  facet normal -0.945817241700634 5.251550237433222e-17 0.3246994692046855
    outer loop
      vertex -5.40918887544117 -7.305337797809947 2.470172557945285
      vertex -5.276842507238934 -18.008262197280892 2.8556843582224425
      vertex -5.335661103001215 -6.5585829057646015 2.684351642031532
    endloop
  endfacet
  facet normal -0.9458172417006351 -1.5668727872552834e-19 0.3246994692046824
    outer loop
      vertex -5.335661103001215 -6.5585829057646015 2.684351642031532
      vertex -5.276842507238934 -18.008262197280892 2.8556843582224425
      vertex -5.276842507238934 -6.422954953869825 2.8556843582224425
    endloop
  endfacet
  facet normal 0 -1 0
    outer loop
      vertex 3.793982713004463 -20 1.3024759105355892
      vertex -3.9566182227316102 -20 0.6602428065873763
      vertex -3.9566182227316102 -20 -0.6602428065873763
    endloop
  endfacet
  facet normal 0 -1 0
    outer loop
      vertex 3.165501027870979 -20 2.4638083461685882
      vertex -3.527857245041347 -20 1.9091808669456896
      vertex -3.9566182227316102 -20 0.6602428065873763
    endloop
  endfacet
  facet normal 0 -1 0
    outer loop
      vertex -3.527857245041347 -20 1.9091808669456896
      vertex 2.193988188558443 -20 3.3581489175687627
      vertex -2.716798194505604 -20 2.95122955637702
    endloop
  endfacet
  facet normal 0 -1 0
    outer loop
      vertex 0.9847226857812595 -20 3.888581946701131
      vertex -1.6113319041277634 -20 3.673466730330113
      vertex -2.716798194505604 -20 2.95122955637702
    endloop
  endfacet
  facet normal 0 -1 0
    outer loop
      vertex 0.9847226857812595 -20 3.888581946701131
      vertex -0.33125279954710146 -20 3.997626784342734
      vertex -1.6113319041277634 -20 3.673466730330113
    endloop
  endfacet
  facet normal -0.7891405093963935 0 0.6142127126896681
    outer loop
      vertex -5.276842507238934 -6.422954953869825 2.8556843582224425
      vertex -5.276842507238934 -18.008262197280892 2.8556843582224425
      vertex -4.0636894297544455 -18.008262197280892 4.41434346403879
    endloop
  endfacet
  facet normal -0.5469481581224269 1.1014773645280032e-17 0.8371664782625285
    outer loop
      vertex -3.6785988572047654 -5.949885432812481 4.665935691911426
      vertex -4.0636894297544455 -18.008262197280892 4.41434346403879
      vertex -2.410172547917817 -18.00826219728089 5.494639959930344
    endloop
  endfacet
  facet normal -0.7891405093963931 5.3571953980993665e-17 0.6142127126896683
    outer loop
      vertex -5.276842507238934 -6.422954953869825 2.8556843582224425
      vertex -4.0636894297544455 -18.008262197280892 4.41434346403879
      vertex -4.939370059949426 -6.42015050579939 3.2892689673639413
    endloop
  endfacet
  facet normal -0.789140509396395 -3.0770504375226894e-16 0.614212712689666
    outer loop
      vertex -4.939370059949426 -6.42015050579939 3.2892689673639413
      vertex -4.0636894297544455 -18.008262197280892 4.41434346403879
      vertex -4.772959024303086 -6.170062361289417 3.5030738703332576
    endloop
  endfacet
  facet normal -0.7891405093963895 5.711202677258277e-16 0.6142127126896733
    outer loop
      vertex -4.772959024303086 -6.170062361289417 3.5030738703332576
      vertex -4.0636894297544455 -18.008262197280892 4.41434346403879
      vertex -4.749288366678995 -6.157179129583157 3.5334859318704153
    endloop
  endfacet
  facet normal -0.7891405093963879 6.285173101534185e-16 0.6142127126896751
    outer loop
      vertex -4.0636894297544455 -18.008262197280892 4.41434346403879
      vertex -4.740256643827954 -6.143795722463931 3.5450898896266563
      vertex -4.749288366678995 -6.157179129583157 3.5334859318704153
    endloop
  endfacet
  facet normal -0.7891405093963935 -2.7037829294027598e-17 0.6142127126896681
    outer loop
      vertex -4.455706050849517 -5.989338444585569 3.9106804989592643
      vertex -4.740256643827954 -6.143795722463931 3.5450898896266563
      vertex -4.0636894297544455 -18.008262197280892 4.41434346403879
    endloop
  endfacet
  facet normal -0.5469481581224253 2.5683789518864054e-16 0.8371664782625297
    outer loop
      vertex -3.5878453928820706 -6.331241192462962 4.725227889393516
      vertex -3.6785988572047654 -5.949885432812481 4.665935691911426
      vertex -2.410172547917817 -18.00826219728089 5.494639959930344
    endloop
  endfacet
  facet normal -0.5469481581224266 6.248638152743445e-17 0.8371664782625287
    outer loop
      vertex -3.5878453928820706 -6.331241192462962 4.725227889393516
      vertex -2.410172547917817 -18.00826219728089 5.494639959930344
      vertex -2.4101725479178158 -6.568226934196052 5.494639959930344
    endloop
  endfacet
  facet normal -0.24548548714079954 4.6203872388591797e-17 0.9694002659393304
    outer loop
      vertex -2.4009895421818626 -6.580091432022573 5.49696541280643
      vertex -2.410172547917817 -18.00826219728089 5.494639959930344
      vertex -0.4954760728339947 -18.008262197280892 5.9795069580400195
    endloop
  endfacet
  facet normal -0.24548548714077892 2.8588405587993626e-17 0.9694002659393355
    outer loop
      vertex -2.4101725479178158 -6.568226934196052 5.494639959930344
      vertex -2.410172547917817 -18.00826219728089 5.494639959930344
      vertex -2.4009895421818626 -6.580091432022573 5.49696541280643
    endloop
  endfacet
  facet normal -0.24548548714080062 -1.5245832043523603e-16 0.96940026593933
    outer loop
      vertex -2.1065093628008023 -7.367930073063572 5.57153792204607
      vertex -2.4009895421818626 -6.580091432022573 5.49696541280643
      vertex -0.4954760728339947 -18.008262197280892 5.9795069580400195
    endloop
  endfacet
  facet normal -0.24548548714079954 2.2980548510577263e-17 0.9694002659393303
    outer loop
      vertex -2.1065093628008023 -7.367930073063572 5.57153792204607
      vertex -0.4954760728339947 -18.008262197280892 5.9795069580400195
      vertex -1.403105642001282 -7.326831678325099 5.749663935751876
    endloop
  endfacet
  facet normal -0.24548548714079985 -1.0214947984433051e-18 0.9694002659393302
    outer loop
      vertex -1.403105642001282 -7.326831678325099 5.749663935751876
      vertex -0.4954760728339947 -18.008262197280892 5.9795069580400195
      vertex -0.4954760728339947 -7.291685037426965 5.9795069580400195
    endloop
  endfacet
  facet normal -1 0 0
    outer loop
      vertex -5.918167820416334 -7.922197917153108 0.020114455911040333
      vertex -5.918167820416334 -7.386786883951665 0.9875675416844049
      vertex -5.918167820416334 -7.44773719792362 0.718574632541702
    endloop
  endfacet
  facet normal -0.7891405093963931 -1.3842446959417598e-18 0.6142127126896685
    outer loop
      vertex -4.455706050849517 -5.989338444585569 3.9106804989592643
      vertex -4.0636894297544455 -18.008262197280892 4.41434346403879
      vertex -4.0636894297544455 -4.613687874431296 4.41434346403879
    endloop
  endfacet
  facet normal -0.5469481581224267 5.267568695143905e-21 0.8371664782625288
    outer loop
      vertex -3.6785988572047654 -5.949885432812481 4.665935691911426
      vertex -4.0636894297544455 -4.613687874431296 4.41434346403879
      vertex -4.0636894297544455 -18.008262197280892 4.41434346403879
    endloop
  endfacet
  facet normal -0.7891405093963919 8.658488549739696e-16 0.6142127126896699
    outer loop
      vertex -4.455706050849517 -5.989338444585569 3.9106804989592643
      vertex -4.512726177718961 -5.806636034308415 3.8374210384597305
      vertex -4.53166263770177 -5.858123020057817 3.8130914741764386
    endloop
  endfacet
  facet normal -0.7891405093963862 5.666874335299082e-15 0.6142127126896774
    outer loop
      vertex -4.455706050849517 -5.989338444585569 3.9106804989592643
      vertex -4.487985205662266 -5.769974313502624 3.8692082400080094
      vertex -4.512726177718961 -5.806636034308415 3.8374210384597305
    endloop
  endfacet
  facet normal -0.7891405093963934 -6.267688698398252e-16 0.6142127126896681
    outer loop
      vertex -4.608063404467236 -4.768725596727846 3.7149317670294506
      vertex -4.536791919169016 -5.636122022027076 3.8065013732125967
      vertex -4.487985205662266 -5.769974313502624 3.8692082400080094
    endloop
  endfacet
  facet normal -0.7891405093963931 -5.561124440753041e-16 0.6142127126896685
    outer loop
      vertex -4.608063404467236 -4.768725596727846 3.7149317670294506
      vertex -4.487985205662266 -5.769974313502624 3.8692082400080094
      vertex -4.0636894297544455 -4.613687874431296 4.41434346403879
    endloop
  endfacet
  facet normal -0.7891405093963957 1.9786896213799625e-15 0.6142127126896652
    outer loop
      vertex -4.455706050849517 -5.989338444585569 3.9106804989592643
      vertex -4.0636894297544455 -4.613687874431296 4.41434346403879
      vertex -4.487985205662266 -5.769974313502624 3.8692082400080094
    endloop
  endfacet
  facet normal -0.5469481581224277 -4.774254849691568e-16 0.8371664782625279
    outer loop
      vertex -3.6785988572047654 -5.949885432812481 4.665935691911426
      vertex -3.5585222133928367 -5.642319906207302 4.744385678708272
      vertex -4.0636894297544455 -4.613687874431296 4.41434346403879
    endloop
  endfacet
  facet normal -0.5469481581224269 1.3083960529353141e-16 0.8371664782625287
    outer loop
      vertex -3.5585222133928367 -5.642319906207302 4.744385678708272
      vertex -3.485669412702487 -4.81406856657789 4.791982788944154
      vertex -4.0636894297544455 -4.613687874431296 4.41434346403879
    endloop
  endfacet
  facet normal -0.9458172417006341 8.052038010116767e-16 -0.32469946920468523
    outer loop
      vertex -5.276842507238934 6.650901271909068 -2.8556843582224425
      vertex -5.423160077902096 7.084572332250074 -2.4294758355046824
      vertex -5.420045652951052 7.277157229641122 -2.4385478454586695
    endloop
  endfacet
  facet normal -0.7891405093963926 3.868163941178678e-16 -0.614212712689669
    outer loop
      vertex -4.500051478564643 4.6938366242792835 -3.8537054922661085
      vertex -4.5627489044555745 5.603777140010783 -3.7731518378346496
      vertex -4.0636894297544455 4.57489800182534 -4.41434346403879
    endloop
  endfacet
  facet normal -0.546948158122427 -2.52793214724235e-16 -0.8371664782625285
    outer loop
      vertex -4.0636894297544455 4.57489800182534 -4.41434346403879
      vertex -3.594052523524662 5.603777140010783 -4.721172568545939
      vertex -3.5240455180572665 4.7685755275582435 -4.766910427968508
    endloop
  endfacet
  facet normal -0.7891405093963904 3.3743304071241094e-15 -0.6142127126896719
    outer loop
      vertex -4.0636894297544455 4.57489800182534 -4.41434346403879
      vertex -4.5627489044555745 5.603777140010783 -3.7731518378346496
      vertex -4.517781632571612 5.7266841378525175 -3.8309257899322584
    endloop
  endfacet
  facet normal -0.7891405093963896 -4.1746691354805415e-15 -0.614212712689673
    outer loop
      vertex -4.550832533818852 5.815781425641679 -3.788461991141702
      vertex -4.428251536227005 6.027495973116622 -3.9459540600673777
      vertex -4.517781632571612 5.7266841378525175 -3.8309257899322584
    endloop
  endfacet
  facet normal -0.5469481581224284 6.011985496426515e-16 -0.8371664782625277
    outer loop
      vertex -4.0636894297544455 4.57489800182534 -4.41434346403879
      vertex -3.7075896576235254 5.893760275994823 -4.646995056681448
      vertex -3.594052523524662 5.603777140010783 -4.721172568545939
    endloop
  endfacet
  facet normal -0.7891405093963941 -5.684356509422527e-16 -0.6142127126896672
    outer loop
      vertex -4.0636894297544455 4.57489800182534 -4.41434346403879
      vertex -4.517781632571612 5.7266841378525175 -3.8309257899322584
      vertex -4.428251536227005 6.027495973116622 -3.9459540600673777
    endloop
  endfacet
  facet normal -0.5469481581224268 0 -0.8371664782625287
    outer loop
      vertex -4.0636894297544455 4.57489800182534 -4.41434346403879
      vertex -4.0636894297544455 18.011327501476558 -4.41434346403879
      vertex -3.7075896576235254 5.893760275994823 -4.646995056681448
    endloop
  endfacet
  facet normal -0.7891405093963934 0 -0.6142127126896683
    outer loop
      vertex -4.0636894297544455 4.57489800182534 -4.41434346403879
      vertex -4.428251536227005 6.027495973116622 -3.9459540600673777
      vertex -4.0636894297544455 18.011327501476558 -4.41434346403879
    endloop
  endfacet
  facet normal -0.9458172417006344 0 -0.3246994692046841
    outer loop
      vertex -5.276842507238934 6.650901271909068 -2.8556843582224425
      vertex -5.420045652951052 7.277157229641122 -2.4385478454586695
      vertex -5.276842507238934 18.011327501476558 -2.8556843582224425
    endloop
  endfacet
  facet normal -0.9458172417006346 1.6328913972406137e-17 -0.3246994692046838
    outer loop
      vertex -5.420045652951052 7.277157229641122 -2.4385478454586695
      vertex -5.5151758246132685 7.242996911329095 -2.1614431221757795
      vertex -5.276842507238934 18.011327501476558 -2.8556843582224425
    endloop
  endfacet
  facet normal -0.9458172417006346 1.736668239052858e-17 -0.32469946920468373
    outer loop
      vertex -5.5151758246132685 7.242996911329095 -2.1614431221757795
      vertex -5.816771430465152 7.6201347013958545 -1.2829251352675792
      vertex -5.276842507238934 18.011327501476558 -2.8556843582224425
    endloop
  endfacet
  facet normal -0.9458172417006344 0 -0.32469946920468423
    outer loop
      vertex -5.918167820416334 7.419618136210619 -0.9875675416844049
      vertex -5.918167820416334 18.011327501476558 -0.9875675416844049
      vertex -5.816771430465152 7.6201347013958545 -1.2829251352675792
    endloop
  endfacet
  facet normal -1 0 0
    outer loop
      vertex -5.918167820416334 7.419618136210619 -0.9875675416844049
      vertex -5.918167820416334 7.560347126411928 -0.29168394645689005
      vertex -5.918167820416334 18.011327501476558 -0.9875675416844049
    endloop
  endfacet
  facet normal -1 0 0
    outer loop
      vertex -5.918167820416334 7.560347126411928 -0.29168394645689005
      vertex -5.918167820416334 7.906445143891894 0.02005173917445056
      vertex -5.918167820416334 18.011327501476558 -0.9875675416844049
    endloop
  endfacet
  facet normal -1 0 0
    outer loop
      vertex -5.918167820416334 7.556918483855488 0.3164223764013328
      vertex -5.918167820416334 18.011327501476558 -0.9875675416844049
      vertex -5.918167820416334 7.906445143891894 0.02005173917445056
    endloop
  endfacet
  facet normal -0.9458172417006345 -1.1012476989921166e-17 -0.32469946920468384
    outer loop
      vertex -5.816771430465152 7.6201347013958545 -1.2829251352675792
      vertex -5.918167820416334 18.011327501476558 -0.9875675416844049
      vertex -5.276842507238934 18.011327501476558 -2.8556843582224425
    endloop
  endfacet
  facet normal -0.5469481581224269 -1.707907641302692e-17 -0.8371664782625285
    outer loop
      vertex -2.4608728390062486 6.563671457333194 -5.461515806554494
      vertex -3.615459564711622 6.316412837995242 -4.7071866505092315
      vertex -2.4101725479178158 18.011327501476558 -5.494639959930345
    endloop
  endfacet
  facet normal -0.5469481581224296 0 -0.8371664782625269
    outer loop
      vertex -2.4101725479178158 6.579854756948713 -5.494639959930345
      vertex -2.4608728390062486 6.563671457333194 -5.461515806554494
      vertex -2.4101725479178158 18.011327501476558 -5.494639959930345
    endloop
  endfacet
  facet normal -0.24548548714079996 0 -0.9694002659393303
    outer loop
      vertex -2.4101725479178158 6.579854756948713 -5.494639959930345
      vertex -2.4101725479178158 18.011327501476558 -5.494639959930345
      vertex -2.1210051635138796 7.356521995835974 -5.567867086763085
    endloop
  endfacet
  facet normal -0.24548548714079924 -1.5153551877453775e-17 -0.9694002659393305
    outer loop
      vertex -2.1210051635138796 7.356521995835974 -5.567867086763085
      vertex -0.495476072833996 18.011327501476558 -5.9795069580400195
      vertex -1.3736911758130792 7.315497560946421 -5.757112690218847
    endloop
  endfacet
  facet normal -0.2454854871407991 -2.4223727504973367e-17 -0.9694002659393304
    outer loop
      vertex -1.3736911758130792 7.315497560946421 -5.757112690218847
      vertex -0.495476072833996 18.011327501476558 -5.9795069580400195
      vertex -0.4954760728339948 7.284655626379918 -5.9795069580400195
    endloop
  endfacet
  facet normal -0.24548548714079943 1.5822953449410902e-17 -0.9694002659393304
    outer loop
      vertex -2.1210051635138796 7.356521995835974 -5.567867086763085
      vertex -2.4101725479178158 18.011327501476558 -5.494639959930345
      vertex -0.495476072833996 18.011327501476558 -5.9795069580400195
    endloop
  endfacet
  facet normal -0.789140509396393 -1.4327330115757502e-17 -0.6142127126896684
    outer loop
      vertex -4.428251536227005 6.027495973116622 -3.9459540600673777
      vertex -4.855240639946099 6.3900752491386115 -3.3973584483939323
      vertex -4.0636894297544455 18.011327501476558 -4.41434346403879
    endloop
  endfacet
  facet normal -0.7891405093963936 8.530044784896185e-17 -0.6142127126896677
    outer loop
      vertex -5.040821043819056 6.5458768215666225 -3.158924740623563
      vertex -5.276842507238934 6.650901271909068 -2.8556843582224425
      vertex -4.0636894297544455 18.011327501476558 -4.41434346403879
    endloop
  endfacet
  facet normal -0.7891405093963932 1.0240000354841739e-17 -0.6142127126896684
    outer loop
      vertex -4.855240639946099 6.3900752491386115 -3.3973584483939323
      vertex -4.9341067950510675 6.518447608102469 -3.2960312102435965
      vertex -4.0636894297544455 18.011327501476558 -4.41434346403879
    endloop
  endfacet
  facet normal -0.7891405093963941 1.7271110859873474e-16 -0.6142127126896672
    outer loop
      vertex -5.040821043819056 6.5458768215666225 -3.158924740623563
      vertex -4.0636894297544455 18.011327501476558 -4.41434346403879
      vertex -4.9341067950510675 6.518447608102469 -3.2960312102435965
    endloop
  endfacet
  facet normal -0.5469481581224267 -6.44229892154029e-17 -0.8371664782625288
    outer loop
      vertex -3.7075896576235254 5.893760275994823 -4.646995056681448
      vertex -2.4101725479178158 18.011327501476558 -5.494639959930345
      vertex -3.615459564711622 6.316412837995242 -4.7071866505092315
    endloop
  endfacet
  facet normal -0.7891405093963934 0 -0.6142127126896681
    outer loop
      vertex -5.276842507238934 6.650901271909068 -2.8556843582224425
      vertex -5.276842507238934 18.011327501476558 -2.8556843582224425
      vertex -4.0636894297544455 18.011327501476558 -4.41434346403879
    endloop
  endfacet
  facet normal -0.546948158122427 -6.441285805451698e-18 -0.8371664782625287
    outer loop
      vertex -3.7075896576235254 5.893760275994823 -4.646995056681448
      vertex -4.0636894297544455 18.011327501476558 -4.41434346403879
      vertex -2.4101725479178158 18.011327501476558 -5.494639959930345
    endloop
  endfacet
  facet normal 0 1 0
    outer loop
      vertex -2.7147221204624485 20 -2.9489743387867784
      vertex -3.525161390461791 20 -1.9077219434048938
      vertex 2.192311626074534 20 -3.3555827476504705
    endloop
  endfacet
  facet normal 0 1 0
    outer loop
      vertex 0.9839701980875506 20 -3.885610439998663
      vertex -0.33099966873295095 20 -3.99457194971498
      vertex -1.6101005854571915 20 -3.6706596065096346
    endloop
  endfacet
  facet normal 0 1 0
    outer loop
      vertex 0.9839701980875506 20 -3.885610439998663
      vertex -1.6101005854571915 20 -3.6706596065096346
      vertex -2.7147221204624485 20 -2.9489743387867784
    endloop
  endfacet
  facet normal 0 1 0
    outer loop
      vertex 3.163082072156552 20 -2.4619255973633454
      vertex -3.525161390461791 20 -1.9077219434048938
      vertex -3.9535947252898427 20 -0.6597382740992037
    endloop
  endfacet
  facet normal 0 1 0
    outer loop
      vertex 3.791083495445139 20 -1.3014806078903067
      vertex -3.9535947252898427 20 -0.6597382740992037
      vertex -3.9535947252898427 20 0.6597382740992038
    endloop
  endfacet
  facet normal -0.9458172417006354 -4.513963838475998e-16 0.32469946920468157
    outer loop
      vertex -5.416453737442617 7.078676401475626 2.449010737889416
      vertex -5.276842507238934 6.6428752394607615 2.8556843582224425
      vertex -5.4127412066918055 7.271767120423323 2.459824970518321
    endloop
  endfacet
  facet normal -0.7891405093963937 -6.26660639015456e-16 0.6142127126896677
    outer loop
      vertex -4.608063404467235 4.768725596727846 3.7149317670294506
      vertex -4.0636894297544455 4.613687874431296 4.41434346403879
      vertex -4.536282656739121 5.642319906207301 3.8071556735959025
    endloop
  endfacet
  facet normal -0.7891405093963958 5.715148038135615e-16 0.614212712689665
    outer loop
      vertex -4.495249604029349 5.7548319119711 3.859874940795178
      vertex -4.407290204519776 5.999473948976119 3.97288517959539
      vertex -4.516948391766892 5.818839253184501 3.8319963377400486
    endloop
  endfacet
  facet normal -0.789140509396392 1.5271960595680884e-15 0.61421271268967
    outer loop
      vertex -4.0636894297544455 4.613687874431296 4.41434346403879
      vertex -4.495249604029349 5.7548319119711 3.859874940795178
      vertex -4.536282656739121 5.642319906207301 3.8071556735959025
    endloop
  endfacet
  facet normal -0.7891405093963944 -8.505413156623615e-16 0.6142127126896668
    outer loop
      vertex -4.0636894297544455 4.613687874431296 4.41434346403879
      vertex -4.407290204519776 5.999473948976119 3.97288517959539
      vertex -4.495249604029349 5.7548319119711 3.859874940795178
    endloop
  endfacet
  facet normal -0.5469481581224283 5.253939294097558e-16 0.8371664782625277
    outer loop
      vertex -4.0636894297544455 4.613687874431296 4.41434346403879
      vertex -3.558522213392837 5.642319906207301 4.744385678708272
      vertex -3.733720290730019 6.091074028622842 4.629923062019369
    endloop
  endfacet
  facet normal -0.5469481581224265 -6.709569976259216e-16 0.8371664782625289
    outer loop
      vertex -4.0636894297544455 4.613687874431296 4.41434346403879
      vertex -3.485669412702488 4.814068566577889 4.7919827889441535
      vertex -3.558522213392837 5.642319906207301 4.744385678708272
    endloop
  endfacet
  facet normal -0.789140509396393 0 0.6142127126896685
    outer loop
      vertex -4.0636894297544455 4.613687874431296 4.41434346403879
      vertex -4.0636894297544455 18.011327501476554 4.41434346403879
      vertex -4.407290204519776 5.999473948976119 3.97288517959539
    endloop
  endfacet
  facet normal -0.5469481581224266 0 0.8371664782625288
    outer loop
      vertex -4.0636894297544455 4.613687874431296 4.41434346403879
      vertex -3.733720290730019 6.091074028622842 4.629923062019369
      vertex -4.0636894297544455 18.011327501476554 4.41434346403879
    endloop
  endfacet
  facet normal -1 0 0
    outer loop
      vertex -5.918167820416334 7.408781861375983 0.9875675416844049
      vertex -5.918167820416334 18.011327501476558 0.9875675416844049
      vertex -5.918167820416334 7.556918483855488 0.3164223764013328
    endloop
  endfacet
  facet normal -0.9458172417006347 0 0.32469946920468346
    outer loop
      vertex -5.918167820416334 7.408781861375983 0.9875675416844049
      vertex -5.812272763797383 7.611650283378607 1.2960293035911739
      vertex -5.918167820416334 18.011327501476558 0.9875675416844049
    endloop
  endfacet
  facet normal -0.9458172417006345 2.2794122427089642e-17 0.32469946920468407
    outer loop
      vertex -5.508371349337321 7.23654363919818 2.181263881515117
      vertex -5.918167820416334 18.011327501476558 0.9875675416844049
      vertex -5.812272763797383 7.611650283378607 1.2960293035911739
    endloop
  endfacet
  facet normal -0.9458172417006336 3.2084822582523844e-16 0.32469946920468634
    outer loop
      vertex -5.508371349337321 7.23654363919818 2.181263881515117
      vertex -5.4127412066918055 7.271767120423323 2.459824970518321
      vertex -5.918167820416334 18.011327501476558 0.9875675416844049
    endloop
  endfacet
  facet normal -0.7891405093963931 0 0.6142127126896686
    outer loop
      vertex -5.276842507238934 6.6428752394607615 2.8556843582224425
      vertex -5.0289484150079895 6.516156214214443 3.1741786944318635
      vertex -5.276842507238934 18.011327501476558 2.8556843582224425
    endloop
  endfacet
  facet normal -0.7891405093963947 -9.173387461560757e-17 0.6142127126896665
    outer loop
      vertex -5.0289484150079895 6.516156214214443 3.1741786944318635
      vertex -4.920690543299046 6.4827412982459025 3.31326841084698
      vertex -5.276842507238934 18.011327501476558 2.8556843582224425
    endloop
  endfacet
  facet normal -0.7891405093963939 -2.6003096727134843e-17 0.6142127126896675
    outer loop
      vertex -4.920690543299046 6.4827412982459025 3.31326841084698
      vertex -4.838625928609446 6.354211303947278 3.4187050299556607
      vertex -5.276842507238934 18.011327501476558 2.8556843582224425
    endloop
  endfacet
  facet normal -0.9458172417006352 -6.875877459649405e-19 0.32469946920468223
    outer loop
      vertex -5.4127412066918055 7.271767120423323 2.459824970518321
      vertex -5.276842507238934 6.6428752394607615 2.8556843582224425
      vertex -5.276842507238934 18.011327501476558 2.8556843582224425
    endloop
  endfacet
  facet normal -1 0 0
    outer loop
      vertex -5.918167820416334 7.556918483855488 0.3164223764013328
      vertex -5.918167820416334 18.011327501476558 0.9875675416844049
      vertex -5.918167820416334 18.011327501476558 -0.9875675416844049
    endloop
  endfacet
  facet normal -0.9458172417006345 -6.933941267869038e-17 0.32469946920468384
    outer loop
      vertex -5.4127412066918055 7.271767120423323 2.459824970518321
      vertex -5.276842507238934 18.011327501476558 2.8556843582224425
      vertex -5.918167820416334 18.011327501476558 0.9875675416844049
    endloop
  endfacet
  facet normal -0.7891405093963934 1.6633367994568196e-17 0.614212712689668
    outer loop
      vertex -4.407290204519776 5.999473948976119 3.97288517959539
      vertex -5.276842507238934 18.011327501476558 2.8556843582224425
      vertex -4.838625928609446 6.354211303947278 3.4187050299556607
    endloop
  endfacet
  facet normal -0.5469481581224253 5.337026013317638e-17 0.8371664782625297
    outer loop
      vertex -3.733720290730019 6.091074028622842 4.629923062019369
      vertex -3.607882655290439 6.3785298611573955 4.71213689249787
      vertex -4.0636894297544455 18.011327501476554 4.41434346403879
    endloop
  endfacet
  facet normal -0.5469481581224273 -5.703086372195217e-17 0.8371664782625283
    outer loop
      vertex -3.607882655290439 6.3785298611573955 4.71213689249787
      vertex -2.410172547917817 6.831411982684725 5.494639959930344
      vertex -4.0636894297544455 18.011327501476554 4.41434346403879
    endloop
  endfacet
  facet normal -0.7891405093963935 2.5545470305701947e-17 0.6142127126896681
    outer loop
      vertex -4.407290204519776 5.999473948976119 3.97288517959539
      vertex -4.0636894297544455 18.011327501476554 4.41434346403879
      vertex -5.276842507238934 18.011327501476558 2.8556843582224425
    endloop
  endfacet
  facet normal -0.5469481581224269 0 0.8371664782625284
    outer loop
      vertex -2.410172547917817 6.831411982684725 5.494639959930344
      vertex -2.410172547917817 18.01132750147656 5.494639959930344
      vertex -4.0636894297544455 18.011327501476554 4.41434346403879
    endloop
  endfacet
  facet normal -0.2454854871407997 0 0.9694002659393303
    outer loop
      vertex -2.410172547917817 6.831411982684725 5.494639959930344
      vertex -2.068714608446303 7.182661720334234 5.5811088536932685
      vertex -2.410172547917817 18.01132750147656 5.494639959930344
    endloop
  endfacet
  facet normal -0.2454854871407974 1.174889722642066e-16 0.9694002659393308
    outer loop
      vertex -2.066673914591382 7.223357659200963 5.58162562756128
      vertex -2.0108342527125846 7.205546074745887 5.595766150397646
      vertex -2.410172547917817 18.01132750147656 5.494639959930344
    endloop
  endfacet
  facet normal -0.2454854871409203 -4.0474877673429976e-15 0.9694002659392996
    outer loop
      vertex -2.068714608446303 7.182661720334234 5.5811088536932685
      vertex -2.066673914591382 7.223357659200963 5.58162562756128
      vertex -2.410172547917817 18.01132750147656 5.494639959930344
    endloop
  endfacet
  facet normal -0.24548548714081173 -4.465510828981232e-16 0.9694002659393273
    outer loop
      vertex -2.0108342527125846 7.205546074745887 5.595766150397646
      vertex -1.9869444549179507 7.198701534351714 5.60181586882188
      vertex -2.410172547917817 18.01132750147656 5.494639959930344
    endloop
  endfacet
  facet normal -0.24548548714079907 8.022030829278829e-17 0.9694002659393304
    outer loop
      vertex -1.9869444549179507 7.198701534351714 5.60181586882188
      vertex -0.4954760728339947 7.321502578235305 5.9795069580400195
      vertex -2.410172547917817 18.01132750147656 5.494639959930344
    endloop
  endfacet
  facet normal 0.08257934547233307 4.2882596936891966e-19 0.9965844930066698
    outer loop
      vertex -0.4954760728339947 7.321502578235305 5.9795069580400195
      vertex -0.22240020457005866 7.469966318571621 5.956879246467375
      vertex -0.49547607283399475 18.011327501476558 5.9795069580400195
    endloop
  endfacet
  facet normal 0.08257934547232984 -8.427762838946247e-17 0.9965844930066702
    outer loop
      vertex -0.22240020457005866 7.469966318571621 5.956879246467375
      vertex -0.06396237469666027 7.875278995392844 5.943750713582493
      vertex -0.49547607283399475 18.011327501476558 5.9795069580400195
    endloop
  endfacet
  facet normal 0.08257934547233153 -1.2281750420116738e-17 0.99658449300667
    outer loop
      vertex -0.06396237469666027 7.875278995392844 5.943750713582493
      vertex 0.24259746063684542 7.503689579270727 5.918348441394241
      vertex -0.49547607283399475 18.011327501476558 5.9795069580400195
    endloop
  endfacet
  facet normal -0.2454854871407995 -1.2747806535282369e-18 0.9694002659393303
    outer loop
      vertex -0.4954760728339947 7.321502578235305 5.9795069580400195
      vertex -0.49547607283399475 18.011327501476558 5.9795069580400195
      vertex -2.410172547917817 18.01132750147656 5.494639959930344
    endloop
  endfacet
  facet normal 0 1 0
    outer loop
      vertex 3.791083495445139 20 -1.3014806078903067
      vertex -3.9535947252898427 20 0.6597382740992038
      vertex -3.525161390461791 20 1.9077219434048938
    endloop
  endfacet
  facet normal 0 1 0
    outer loop
      vertex 3.79108349544514 20 1.301480607890304
      vertex -3.525161390461791 20 1.9077219434048938
      vertex -2.714722120462449 20 2.9489743387867784
    endloop
  endfacet
  facet normal 0 1 0
    outer loop
      vertex -2.714722120462449 20 2.9489743387867784
      vertex -1.6101005854571928 20 3.6706596065096333
      vertex 2.1923116260745354 20 3.3555827476504696
    endloop
  endfacet
  facet normal 0 1 0
    outer loop
      vertex -1.6101005854571928 20 3.6706596065096333
      vertex -0.33099966873294934 20 3.99457194971498
      vertex 0.9839701980875505 20 3.885610439998663
    endloop
  endfacet
  facet normal 0 -1 0
    outer loop
      vertex -1.611331904127762 -20 -3.673466730330114
      vertex 0.9847226857812597 -20 -3.888581946701131
      vertex 2.193988188558442 -20 -3.3581489175687635
    endloop
  endfacet
  facet normal 0 -1 0
    outer loop
      vertex -2.716798194505604 -20 -2.95122955637702
      vertex 2.193988188558442 -20 -3.3581489175687635
      vertex 3.165501027870979 -20 -2.463808346168588
    endloop
  endfacet
  facet normal 0 -1 0
    outer loop
      vertex -2.716798194505604 -20 -2.95122955637702
      vertex 3.165501027870979 -20 -2.463808346168588
      vertex 3.7939827130044623 -20 -1.3024759105355919
    endloop
  endfacet
  facet normal 0 -1 0
    outer loop
      vertex -3.527857245041347 -20 -1.9091808669456891
      vertex 3.7939827130044623 -20 -1.3024759105355919
      vertex 4.011327501476564 -20 1.958598984061462e-16
    endloop
  endfacet
  facet normal 0 -1 0
    outer loop
      vertex -3.527857245041347 -20 -1.9091808669456891
      vertex 4.011327501476564 -20 1.958598984061462e-16
      vertex 3.793982713004463 -20 1.3024759105355892
    endloop
  endfacet
  facet normal 0.08257934547233253 -7.980814744078938e-18 -0.9965844930066698
    outer loop
      vertex 0.5715306620508936 -7.4209014368590225 -5.891092259236578
      vertex 1.4729129228447957 -18.00826219728089 -5.816401595635982
      vertex -0.4954760728339962 -18.008262197280892 -5.9795069580400195
    endloop
  endfacet
  facet normal 0.40169542465296953 -4.539880204758308e-17 -0.9157733266550574
    outer loop
      vertex 2.450231708567622 -7.032713635782045 -5.387709829643841
      vertex 3.2816889487345593 -18.008262197280892 -5.022998869575172
      vertex 1.4729129228447957 -18.00826219728089 -5.816401595635982
    endloop
  endfacet
  facet normal 0.08257934547233411 -1.669433809352502e-16 -0.9965844930066697
    outer loop
      vertex 0.24539197816589942 -7.502155790563166 -5.918116881069873
      vertex 0.5715306620508936 -7.4209014368590225 -5.891092259236578
      vertex -0.4954760728339962 -18.008262197280892 -5.9795069580400195
    endloop
  endfacet
  facet normal 0.08257934547233264 -9.835171812742691e-20 -0.9965844930066698
    outer loop
      vertex 0.5715306620508936 -7.4209014368590225 -5.891092259236578
      vertex 1.4729129228447957 -7.221858470320828 -5.816401595635982
      vertex 1.4729129228447957 -18.00826219728089 -5.816401595635982
    endloop
  endfacet
  facet normal 0.40169542465296876 0 -0.9157733266550576
    outer loop
      vertex 1.4729129228447957 -7.221858470320828 -5.816401595635982
      vertex 1.715669444869181 -7.284834230307583 -5.709918712411984
      vertex 1.4729129228447957 -18.00826219728089 -5.816401595635982
    endloop
  endfacet
  facet normal 0.4016954246529702 -3.573187300938365e-17 -0.9157733266550572
    outer loop
      vertex 1.715669444869181 -7.284834230307583 -5.709918712411984
      vertex 2.0504909213892555 -7.406902678516161 -5.563052395956879
      vertex 1.4729129228447957 -18.00826219728089 -5.816401595635982
    endloop
  endfacet
  facet normal 0.40169542465296837 7.810529408112438e-17 -0.9157733266550578
    outer loop
      vertex 2.0504909213892555 -7.406902678516161 -5.563052395956879
      vertex 2.450231708567622 -7.032713635782045 -5.387709829643841
      vertex 1.4729129228447957 -18.00826219728089 -5.816401595635982
    endloop
  endfacet
  facet normal 0.40169542465297 -1.7867105063353375e-18 -0.9157733266550572
    outer loop
      vertex 2.450231708567622 -7.032713635782045 -5.387709829643841
      vertex 3.2816889487345593 -6.337349940349911 -5.022998869575172
      vertex 3.2816889487345593 -18.008262197280892 -5.022998869575172
    endloop
  endfacet
  facet normal 0.6772815716257408 0 -0.7357239106731317
    outer loop
      vertex 4.734843056378361 -18.008262197280892 -3.6852762761380067
      vertex 3.2816889487345593 -18.008262197280892 -5.022998869575172
      vertex 4.734843056378361 -5.722409689793995 -3.6852762761380067
    endloop
  endfacet
  facet normal 0.6772815716257425 0 -0.7357239106731304
    outer loop
      vertex 3.2816889487345593 -6.337349940349911 -5.022998869575172
      vertex 3.4383547276196076 -6.536623956417206 -4.878777860302608
      vertex 3.2816889487345593 -18.008262197280892 -5.022998869575172
    endloop
  endfacet
  facet normal 0.6772815716257401 5.728586437372124e-17 -0.7357239106731325
    outer loop
      vertex 3.2816889487345593 -18.008262197280892 -5.022998869575172
      vertex 3.4383547276196076 -6.536623956417206 -4.878777860302608
      vertex 3.9013581695533865 -5.991811037643848 -4.452553166131487
    endloop
  endfacet
  facet normal 0.8794737512064887 -1.84236507522441e-17 -0.4759473930370741
    outer loop
      vertex 4.803479839628583 -6.570192450042665 -3.5584466094165905
      vertex 5.172551119160301 -6.766175069737304 -2.8764626182844983
      vertex 4.734843056378361 -18.008262197280892 -3.6852762761380067
    endloop
  endfacet
  facet normal 0.8794737512064839 1.1095308250179229e-16 -0.4759473930370831
    outer loop
      vertex 4.803479839628583 -6.570192450042665 -3.5584466094165905
      vertex 4.734843056378361 -18.008262197280892 -3.6852762761380067
      vertex 4.776934704804254 -5.81785227929723 -3.6074977222953946
    endloop
  endfacet
  facet normal 0.8794737512064889 1.9299142127006162e-17 -0.4759473930370741
    outer loop
      vertex 5.674903450203807 -7.0563193433930325 -1.9481968152281037
      vertex 5.674903450203807 -18.0082621972809 -1.9481968152281042
      vertex 4.734843056378361 -18.008262197280892 -3.6852762761380067
    endloop
  endfacet
  facet normal 0.9863613034027223 2.0827789077584775e-17 -0.1645945902807341
    outer loop
      vertex 5.899850339500498 -7.813021268633742 -0.6001640120561827
      vertex 6 -18.00826219728089 0
      vertex 5.674903450203807 -18.0082621972809 -1.9481968152281042
    endloop
  endfacet
  facet normal 0.8794737512064893 -1.343066040257054e-16 -0.47594739303707323
    outer loop
      vertex 5.282234957072996 -6.925226100580465 -2.6737846379298746
      vertex 5.582854687533241 -6.964467811666979 -2.118288030736647
      vertex 4.734843056378361 -18.008262197280892 -3.6852762761380067
    endloop
  endfacet
  facet normal 0.8794737512064887 5.673773788073877e-17 -0.47594739303707423
    outer loop
      vertex 5.582854687533241 -6.964467811666979 -2.118288030736647
      vertex 5.674903450203807 -7.0563193433930325 -1.9481968152281037
      vertex 4.734843056378361 -18.008262197280892 -3.6852762761380067
    endloop
  endfacet
  facet normal 0.8794737512064885 4.358439235133849e-18 -0.47594739303707434
    outer loop
      vertex 5.282234957072996 -6.925226100580465 -2.6737846379298746
      vertex 4.734843056378361 -18.008262197280892 -3.6852762761380067
      vertex 5.172551119160301 -6.766175069737304 -2.8764626182844983
    endloop
  endfacet
  facet normal 0.9863613034027225 6.5495579123469445e-18 -0.16459459028073328
    outer loop
      vertex 5.7074138777517325 -7.580441098217954 -1.753372503957255
      vertex 5.674903450203807 -18.0082621972809 -1.9481968152281042
      vertex 5.674903450203807 -7.0563193433930325 -1.9481968152281037
    endloop
  endfacet
  facet normal 0.9863613034027222 3.488468911456978e-17 -0.16459459028073473
    outer loop
      vertex 5.7074138777517325 -7.580441098217954 -1.753372503957255
      vertex 5.884300533077025 -7.790880899969352 -0.6933488931956983
      vertex 5.674903450203807 -18.0082621972809 -1.9481968152281042
    endloop
  endfacet
  facet normal 0.9863613034027235 -9.207579468655771e-16 -0.16459459028072718
    outer loop
      vertex 5.884300533077025 -7.790880899969352 -0.6933488931956983
      vertex 5.899850339500498 -7.813021268633742 -0.6001640120561827
      vertex 5.674903450203807 -18.0082621972809 -1.9481968152281042
    endloop
  endfacet
  facet normal 0.9863613034027224 -8.477841966911923e-20 -0.16459459028073445
    outer loop
      vertex 5.899850339500498 -7.813021268633742 -0.6001640120561827
      vertex 6 -7.473622310303567 0
      vertex 6 -18.00826219728089 0
    endloop
  endfacet
  facet normal 0.6772815716257187 2.0345681128679068e-15 -0.7357239106731523
    outer loop
      vertex 3.2816889487345593 -18.008262197280892 -5.022998869575172
      vertex 3.9013581695533865 -5.991811037643848 -4.452553166131487
      vertex 3.90954907229904 -5.976036214156517 -4.445012908972339
    endloop
  endfacet
  facet normal 0.6772815716257412 -7.305331848213655e-17 -0.7357239106731316
    outer loop
      vertex 4.645973668261342 -4.738831120877801 -3.7670863110983275
      vertex 3.2816889487345593 -18.008262197280892 -5.022998869575172
      vertex 3.90954907229904 -5.976036214156517 -4.445012908972339
    endloop
  endfacet
  facet normal 0.6772815716256669 1.6910267365117672e-14 -0.7357239106731999
    outer loop
      vertex 3.2816889487345593 -18.008262197280892 -5.022998869575172
      vertex 4.726222651666174 -5.719167233654286 -3.6932119177106424
      vertex 4.728847989301535 -5.720160263932023 -3.690795124163593
    endloop
  endfacet
  facet normal 0.6772815716257584 -4.512042624661821e-15 -0.7357239106731157
    outer loop
      vertex 3.2816889487345593 -18.008262197280892 -5.022998869575172
      vertex 4.728847989301535 -5.720160263932023 -3.690795124163593
      vertex 4.734843056378361 -5.722409689793995 -3.6852762761380067
    endloop
  endfacet
  facet normal 0.6772815716257666 -5.3731979222519464e-15 -0.7357239106731083
    outer loop
      vertex 3.2816889487345593 -18.008262197280892 -5.022998869575172
      vertex 4.721395349385163 -5.710877562496278 -3.697655762511887
      vertex 4.726222651666174 -5.719167233654286 -3.6932119177106424
    endloop
  endfacet
  facet normal 0.6772815716257379 6.237127932046469e-16 -0.7357239106731345
    outer loop
      vertex 4.734843056378361 -5.335470437897263 -3.6852762761380067
      vertex 4.721395349385163 -5.710877562496278 -3.697655762511887
      vertex 3.2816889487345593 -18.008262197280892 -5.022998869575172
    endloop
  endfacet
  facet normal 0.6772815716257412 -6.222372414235051e-17 -0.7357239106731316
    outer loop
      vertex 4.734843056378361 -5.335470437897263 -3.6852762761380067
      vertex 3.2816889487345593 -18.008262197280892 -5.022998869575172
      vertex 4.645973668261342 -4.738831120877801 -3.7670863110983275
    endloop
  endfacet
  facet normal 0.879473751206493 -2.6888152085120274e-17 -0.4759473930370664
    outer loop
      vertex 4.776934704804254 -5.81785227929723 -3.6074977222953946
      vertex 4.734843056378361 -18.008262197280892 -3.6852762761380067
      vertex 4.740579172720478 -5.735432022800896 -3.6746768615166405
    endloop
  endfacet
  facet normal 0.8794737512064799 0 -0.4759473930370907
    outer loop
      vertex 4.734843056378361 -18.008262197280892 -3.6852762761380067
      vertex 4.734843056378361 -5.722409689793995 -3.6852762761380067
      vertex 4.740579172720478 -5.735432022800896 -3.6746768615166405
    endloop
  endfacet
  facet normal 0.677281571625742 -7.3663679363974245e-16 -0.7357239106731308
    outer loop
      vertex 3.2816889487345593 -6.337349940349911 -5.022998869575172
      vertex 3.450404994708689 -6.353583838648221 -4.867684807984741
      vertex 3.4383547276196076 -6.536623956417206 -4.878777860302608
    endloop
  endfacet
  facet normal 0.6772815716257417 -5.232433310621339e-15 -0.735723910673131
    outer loop
      vertex 3.2816889487345593 -6.337349940349911 -5.022998869575172
      vertex 3.4466619349497334 -6.319472877217318 -4.8711305372310765
      vertex 3.450404994708689 -6.353583838648221 -4.867684807984741
    endloop
  endfacet
  facet normal 0.6772815716257411 2.6384325951318133e-16 -0.7357239106731318
    outer loop
      vertex 4.645973668261342 -4.738831120877801 -3.7670863110983275
      vertex 3.769725854485963 -5.632032636124941 -4.573729248534507
      vertex 3.743411107300405 -5.527876568935997 -4.59795367983573
    endloop
  endfacet
  facet normal 0.6772815716257412 4.615484115427355e-17 -0.7357239106731315
    outer loop
      vertex 4.645973668261342 -4.738831120877801 -3.7670863110983275
      vertex 3.90954907229904 -5.976036214156517 -4.445012908972339
      vertex 3.80354503337348 -5.700960919859017 -4.542596501187648
    endloop
  endfacet
  facet normal 0.6772815716257397 3.0594190371705627e-15 -0.735723910673133
    outer loop
      vertex 4.645973668261342 -4.738831120877801 -3.7670863110983275
      vertex 3.80354503337348 -5.700960919859017 -4.542596501187648
      vertex 3.769725854485963 -5.632032636124941 -4.573729248534507
    endloop
  endfacet
  facet normal 0.6772815716257409 1.557879514958877e-17 -0.7357239106731317
    outer loop
      vertex 3.8497347657172596 -4.802080477368917 -4.500075857151293
      vertex 4.645973668261342 -4.738831120877801 -3.7670863110983275
      vertex 3.743411107300405 -5.527876568935997 -4.59795367983573
    endloop
  endfacet
  facet normal 0.6772815716257474 0 -0.7357239106731258
    outer loop
      vertex 4.734843056378361 -5.335470437897263 -3.6852762761380067
      vertex 4.734843056378361 -5.6815004390959984 -3.6852762761380067
      vertex 4.721395349385163 -5.710877562496278 -3.697655762511887
    endloop
  endfacet
  facet normal 0.8794737512064796 0 -0.47594739303709105
    outer loop
      vertex 4.734843056378361 -5.335470437897263 -3.6852762761380067
      vertex 4.753663337004483 -5.597018071421346 -3.650499443565411
      vertex 4.734843056378361 -5.6815004390959984 -3.6852762761380067
    endloop
  endfacet
  facet normal 0 -1 0
    outer loop
      vertex -3.9566182227316102 -20 0.6602428065873763
      vertex 3.793982713004463 -20 1.3024759105355892
      vertex 3.165501027870979 -20 2.4638083461685882
    endloop
  endfacet
  facet normal 0 -1 0
    outer loop
      vertex -3.527857245041347 -20 1.9091808669456896
      vertex 3.165501027870979 -20 2.4638083461685882
      vertex 2.193988188558443 -20 3.3581489175687627
    endloop
  endfacet
  facet normal 0 -1 0
    outer loop
      vertex -2.716798194505604 -20 2.95122955637702
      vertex 2.193988188558443 -20 3.3581489175687627
      vertex 0.9847226857812595 -20 3.888581946701131
    endloop
  endfacet
  facet normal 0.6772815716257413 0 0.7357239106731315
    outer loop
      vertex 3.281688948734561 -6.184868643966878 5.022998869575171
      vertex 3.281688948734561 -18.008262197280892 5.022998869575171
      vertex 4.734843056378361 -18.0082621972809 3.6852762761380062
    endloop
  endfacet
  facet normal 0.8794737512064892 -1.7295929595483728e-17 0.47594739303707356
    outer loop
      vertex 4.785957364287705 -6.498376551421536 3.5908253078692254
      vertex 4.734843056378361 -18.0082621972809 3.6852762761380062
      vertex 5.1696774520155095 -6.814481044497171 2.8817726900708367
    endloop
  endfacet
  facet normal 0.8794737512064887 -1.1917814733174732e-17 0.47594739303707406
    outer loop
      vertex 4.785957364287705 -6.498376551421536 3.5908253078692254
      vertex 4.738919377512471 -5.720153758270803 3.677743894426529
      vertex 4.734843056378361 -18.0082621972809 3.6852762761380062
    endloop
  endfacet
  facet normal 0.6772815716257352 -8.856217964289714e-16 0.735723910673137
    outer loop
      vertex 3.7784923395039605 -6.047238332934405 4.565659130567034
      vertex 4.734843056378361 -18.0082621972809 3.6852762761380062
      vertex 3.8070354839269136 -6.0083106094570295 4.539383315096757
    endloop
  endfacet
  facet normal 0.6772815716257439 6.642122277711429e-16 0.7357239106731289
    outer loop
      vertex 3.281688948734561 -6.184868643966878 5.022998869575171
      vertex 4.734843056378361 -18.0082621972809 3.6852762761380062
      vertex 3.3345261410872764 -6.565323437015966 4.974358807511404
    endloop
  endfacet
  facet normal 0.6772815716257413 2.5865309118591587e-17 0.7357239106731314
    outer loop
      vertex 4.734843056378361 -18.0082621972809 3.6852762761380062
      vertex 3.7784923395039605 -6.047238332934405 4.565659130567034
      vertex 3.3345261410872764 -6.565323437015966 4.974358807511404
    endloop
  endfacet
  facet normal 0.0825793454723326 0 0.9965844930066698
    outer loop
      vertex -0.4954760728339947 -7.291685037426965 5.9795069580400195
      vertex -0.4954760728339947 -18.008262197280892 5.9795069580400195
      vertex 1.4729129228447957 -18.00826219728089 5.816401595635982
    endloop
  endfacet
  facet normal 0.4016954246529696 0 0.9157733266550574
    outer loop
      vertex 1.4729129228447957 -7.0698012940402295 5.816401595635982
      vertex 1.4729129228447957 -18.00826219728089 5.816401595635982
      vertex 3.281688948734561 -18.008262197280892 5.022998869575171
    endloop
  endfacet
  facet normal 0.08257934547233156 -1.9428397362135626e-16 0.99658449300667
    outer loop
      vertex -0.06455019221556875 -7.905758681597963 5.9437994215308
      vertex -0.4954760728339947 -7.291685037426965 5.9795069580400195
      vertex 1.4729129228447957 -18.00826219728089 5.816401595635982
    endloop
  endfacet
  facet normal 0.08257934547233294 1.525320623997519e-17 0.9965844930066698
    outer loop
      vertex -0.06455019221556875 -7.905758681597963 5.9437994215308
      vertex 1.4729129228447957 -18.00826219728089 5.816401595635982
      vertex 0.8080490808945103 -7.269475051254595 5.871493784288076
    endloop
  endfacet
  facet normal 0.08257934547233267 4.526045951862395e-19 0.9965844930066698
    outer loop
      vertex 0.8080490808945103 -7.269475051254595 5.871493784288076
      vertex 1.4729129228447957 -18.00826219728089 5.816401595635982
      vertex 1.4729129228447957 -7.0698012940402295 5.816401595635982
    endloop
  endfacet
  facet normal 0.4016954246529698 2.82393550084141e-17 0.9157733266550573
    outer loop
      vertex 1.4729129228447957 -7.0698012940402295 5.816401595635982
      vertex 3.281688948734561 -18.008262197280892 5.022998869575171
      vertex 2.018846914140235 -7.358817434239701 5.576932744466314
    endloop
  endfacet
  facet normal 0.4016954246529694 -2.284683205935446e-17 0.9157733266550575
    outer loop
      vertex 2.018846914140235 -7.358817434239701 5.576932744466314
      vertex 3.281688948734561 -18.008262197280892 5.022998869575171
      vertex 2.8062274002165344 -6.575518328900664 5.23155564129915
    endloop
  endfacet
  facet normal 0.40169542465296987 2.716821257178986e-19 0.9157733266550573
    outer loop
      vertex 2.8062274002165344 -6.575518328900664 5.23155564129915
      vertex 3.281688948734561 -18.008262197280892 5.022998869575171
      vertex 3.281688948734561 -6.184868643966878 5.022998869575171
    endloop
  endfacet
  facet normal 0.9863613034027223 -2.408074778486737e-17 0.16459459028073392
    outer loop
      vertex 5.70299057918613 -7.484663011269255 1.779879879023874
      vertex 5.674903450203808 -18.008262197280892 1.9481968152281008
      vertex 6 -18.00826219728089 0
    endloop
  endfacet
  facet normal 0.879473751206489 1.4740482273708356e-17 0.47594739303707384
    outer loop
      vertex 5.270964279952471 -6.990869101635843 2.6946110251122324
      vertex 4.734843056378361 -18.0082621972809 3.6852762761380062
      vertex 5.674903450203808 -18.008262197280892 1.9481968152281008
    endloop
  endfacet
  facet normal 0.9863613034027217 -2.582114953047123e-16 0.16459459028073797
    outer loop
      vertex 5.896229512464082 -7.894430975955264 0.6218624388935652
      vertex 5.881789426020213 -7.860666214514445 0.7083971327843459
      vertex 6 -18.00826219728089 0
    endloop
  endfacet
  facet normal 0.9863613034027223 5.444768221175631e-19 0.1645945902807338
    outer loop
      vertex 5.896229512464082 -7.894430975955264 0.6218624388935652
      vertex 6 -18.00826219728089 0
      vertex 6 -7.473622310303567 0
    endloop
  endfacet
  facet normal 0.9863613034027224 6.903593633944695e-17 0.16459459028073337
    outer loop
      vertex 5.881789426020213 -7.860666214514445 0.7083971327843459
      vertex 5.70299057918613 -7.484663011269255 1.779879879023874
      vertex 6 -18.00826219728089 0
    endloop
  endfacet
  facet normal 0.8794737512064892 3.810199130949314e-17 0.47594739303707356
    outer loop
      vertex 5.55054297127702 -6.9629809293163145 2.177994852792009
      vertex 5.270964279952471 -6.990869101635843 2.6946110251122324
      vertex 5.674903450203808 -18.008262197280892 1.9481968152281008
    endloop
  endfacet
  facet normal 0.9863613034027222 -5.152833506945276e-20 0.1645945902807354
    outer loop
      vertex 5.70299057918613 -7.484663011269255 1.779879879023874
      vertex 5.674903450203808 -7.056011940748426 1.9481968152281008
      vertex 5.674903450203808 -18.008262197280892 1.9481968152281008
    endloop
  endfacet
  facet normal 0.8794737512064884 -5.56296228140459e-19 0.475947393037075
    outer loop
      vertex 5.55054297127702 -6.9629809293163145 2.177994852792009
      vertex 5.674903450203808 -18.008262197280892 1.9481968152281008
      vertex 5.674903450203808 -7.056011940748426 1.9481968152281008
    endloop
  endfacet
  facet normal 0.8794737512064892 -3.864132379954455e-17 0.4759473930370733
    outer loop
      vertex 5.270964279952471 -6.990869101635843 2.6946110251122324
      vertex 5.1696774520155095 -6.814481044497171 2.8817726900708367
      vertex 4.734843056378361 -18.0082621972809 3.6852762761380062
    endloop
  endfacet
  facet normal 0.8794737512064914 -1.5809632243414507e-17 0.47594739303706945
    outer loop
      vertex 4.738919377512471 -5.720153758270803 3.677743894426529
      vertex 4.734843056378361 -4.661573116388661 3.6852762761380067
      vertex 4.734843056378361 -18.0082621972809 3.6852762761380062
    endloop
  endfacet
  facet normal 0.6772815716257421 -2.4480007601764457e-17 0.7357239106731308
    outer loop
      vertex 4.734843056378361 -4.661573116388661 3.6852762761380067
      vertex 4.662413759781323 -4.6180115999326 3.7519521407107748
      vertex 4.734843056378361 -18.0082621972809 3.6852762761380062
    endloop
  endfacet
  facet normal 0.6772815716257289 -1.823412499785136e-15 0.7357239106731431
    outer loop
      vertex 3.727313062081412 -4.678964901325849 4.61277297442145
      vertex 3.8070354839269136 -6.0083106094570295 4.539383315096757
      vertex 4.734843056378361 -18.0082621972809 3.6852762761380062
    endloop
  endfacet
  facet normal 0.6772815716257414 -2.8850972565126915e-17 0.7357239106731313
    outer loop
      vertex 3.727313062081412 -4.678964901325849 4.61277297442145
      vertex 4.734843056378361 -18.0082621972809 3.6852762761380062
      vertex 4.662413759781323 -4.6180115999326 3.7519521407107748
    endloop
  endfacet
  facet normal 0.6772815716257392 -5.991363236156893e-16 0.7357239106731333
    outer loop
      vertex 3.281688948734561 -6.184868643966878 5.022998869575171
      vertex 3.3345261410872764 -6.565323437015966 4.974358807511404
      vertex 3.372975088193118 -6.210989503528633 4.93896405827813
    endloop
  endfacet
  facet normal 0.6772815716257522 -3.2099384299420804e-15 0.7357239106731213
    outer loop
      vertex 3.372975088193118 -6.210989503528633 4.93896405827813
      vertex 3.3345261410872764 -6.565323437015966 4.974358807511404
      vertex 3.3862083857961176 -6.267878831888154 4.926781949652422
    endloop
  endfacet
  facet normal 0.6772815716257453 -2.9294630205663383e-16 0.7357239106731278
    outer loop
      vertex 3.727313062081412 -4.678964901325849 4.61277297442145
      vertex 3.7284110091292866 -5.7214423288121115 4.611762242961783
      vertex 3.7472453508454135 -5.76118225686441 4.594424010001046
    endloop
  endfacet
  facet normal 0.6772815716257388 -3.0575563449922425e-16 0.7357239106731338
    outer loop
      vertex 3.727313062081412 -4.678964901325849 4.61277297442145
      vertex 3.684455855392341 -5.514989020217042 4.652225812477652
      vertex 3.7284110091292866 -5.7214423288121115 4.611762242961783
    endloop
  endfacet
  facet normal 0.677281571625741 -5.29737532557557e-16 0.7357239106731317
    outer loop
      vertex 3.727313062081412 -4.678964901325849 4.61277297442145
      vertex 3.6570857259066867 -5.460460966915071 4.6774217916278795
      vertex 3.684455855392341 -5.514989020217042 4.652225812477652
    endloop
  endfacet
  facet normal 0.8794737512064865 -6.03741340217625e-16 0.4759473930370781
    outer loop
      vertex 4.785957364287705 -6.498376551421536 3.5908253078692254
      vertex 4.77270290416339 -5.788405239382453 3.61531740497131
      vertex 4.738919377512471 -5.720153758270803 3.677743894426529
    endloop
  endfacet
  facet normal 0.8794737512064955 -1.449424674414731e-15 0.47594739303706174
    outer loop
      vertex 4.738919377512471 -5.720153758270803 3.677743894426529
      vertex 4.756403312766682 -5.642319906207295 3.6454364118164193
      vertex 4.797022719674536 -4.73663969634466 3.5703783220198213
    endloop
  endfacet
  facet normal 0.87947375120649 -3.702501041173772e-17 0.4759473930370717
    outer loop
      vertex 4.738919377512471 -5.720153758270803 3.677743894426529
      vertex 4.797022719674536 -4.73663969634466 3.5703783220198213
      vertex 4.734843056378361 -4.661573116388661 3.6852762761380067
    endloop
  endfacet
  facet normal 0.6772815716257411 -4.3287193475205413e-16 0.7357239106731317
    outer loop
      vertex 3.727313062081412 -4.678964901325849 4.61277297442145
      vertex 3.7472453508454135 -5.76118225686441 4.594424010001046
      vertex 3.8070354839269136 -6.0083106094570295 4.539383315096757
    endloop
  endfacet
  facet normal 0.986361303403269 -4.987773693048251e-12 0.16459459027745818
    outer loop
      vertex 5.896229512464082 -7.894430975955264 0.6218624388935652
      vertex 6 -7.473622310303567 0
      vertex 5.999414037866912 -7.475966294796496 0.003511478550732506
    endloop
  endfacet
  facet normal 0.6772815716257404 6.498046338953833e-16 -0.7357239106731323
    outer loop
      vertex 3.849734765717258 4.802080477368915 -4.500075857151294
      vertex 4.734843056378361 5.335470437897257 -3.6852762761380067
      vertex 4.645973668261344 4.738831120877797 -3.767086311098326
    endloop
  endfacet
  facet normal 0.6772815716257402 3.153028888489075e-15 -0.7357239106731323
    outer loop
      vertex 3.281688948734561 6.165196733499589 -5.02299886957517
      vertex 3.4616249467916513 6.357035769469738 -4.85735611447611
      vertex 3.547256875747013 6.226452841724875 -4.778526370624006
    endloop
  endfacet
  facet normal 0.6772815716257408 -8.273054702338081e-16 -0.7357239106731318
    outer loop
      vertex 3.849734765717258 4.802080477368915 -4.500075857151294
      vertex 3.7322922455617356 5.603777140010783 -4.60818931312671
      vertex 3.8268589422414663 5.800078510423847 -4.521134536162749
    endloop
  endfacet
  facet normal 0.6772815716257398 -8.743744995640764e-16 -0.7357239106731328
    outer loop
      vertex 3.849734765717258 4.802080477368915 -4.500075857151294
      vertex 3.8268589422414663 5.800078510423847 -4.521134536162749
      vertex 3.8860586697823165 5.926043078582324 -4.466637347846552
    endloop
  endfacet
  facet normal 0.6772815716257284 9.830868250092073e-15 -0.7357239106731432
    outer loop
      vertex 3.7322922455617356 5.603777140010783 -4.60818931312671
      vertex 3.8255246292562903 5.802113247913214 -4.522362857796082
      vertex 3.8268589422414663 5.800078510423847 -4.521134536162749
    endloop
  endfacet
  facet normal 0.6772815716257407 -6.086051491940051e-19 -0.7357239106731319
    outer loop
      vertex 3.849734765717258 4.802080477368915 -4.500075857151294
      vertex 4.734843056378361 5.687391680219647 -3.6852762761380067
      vertex 4.734843056378361 5.335470437897257 -3.6852762761380067
    endloop
  endfacet
  facet normal 0.6772815716257404 3.0969007756294607e-16 -0.7357239106731321
    outer loop
      vertex 3.849734765717258 4.802080477368915 -4.500075857151294
      vertex 4.6111137245400515 5.946262221224795 -3.799177149968494
      vertex 4.734843056378361 5.687391680219647 -3.6852762761380067
    endloop
  endfacet
  facet normal 0.879473751206485 0 -0.4759473930370811
    outer loop
      vertex 4.734843056378361 5.335470437897257 -3.6852762761380067
      vertex 4.734843056378361 5.687391680219647 -3.6852762761380067
      vertex 4.7541497018241925 5.603777140010783 -3.649600720095753
    endloop
  endfacet
  facet normal 0.6772815716257552 -1.7931108209771193e-15 -0.7357239106731186
    outer loop
      vertex 3.849734765717258 4.802080477368915 -4.500075857151294
      vertex 3.8860586697823165 5.926043078582324 -4.466637347846552
      vertex 4.734843056378361 18.01132750147656 -3.6852762761380067
    endloop
  endfacet
  facet normal 0.677281571625721 2.62624177492006e-15 -0.73572391067315
    outer loop
      vertex 3.8685964089585836 5.952671850948249 -4.482712491366103
      vertex 4.734843056378361 18.01132750147656 -3.6852762761380067
      vertex 3.8860586697823165 5.926043078582324 -4.466637347846552
    endloop
  endfacet
  facet normal 0.6772815716257408 -1.1940071334622247e-17 -0.7357239106731319
    outer loop
      vertex 3.849734765717258 4.802080477368915 -4.500075857151294
      vertex 4.734843056378361 18.01132750147656 -3.6852762761380067
      vertex 4.6111137245400515 5.946262221224795 -3.799177149968494
    endloop
  endfacet
  facet normal 0.082579345472333 -7.431173685962871e-17 -0.9965844930066697
    outer loop
      vertex -0.4954760728339948 7.284655626379918 -5.9795069580400195
      vertex 1.4729129228447957 18.011327501476554 -5.816401595635982
      vertex -0.05934688331487358 7.907151941582203 -5.943368263062727
    endloop
  endfacet
  facet normal 0.08257934547233216 5.609219079171926e-17 -0.99658449300667
    outer loop
      vertex -0.05934688331487358 7.907151941582203 -5.943368263062727
      vertex 1.4729129228447957 18.011327501476554 -5.816401595635982
      vertex 0.8077769687004506 7.263398906062685 -5.871516332147328
    endloop
  endfacet
  facet normal 0.08257934547233303 1.785039365345774e-19 -0.9965844930066697
    outer loop
      vertex 0.8077769687004506 7.263398906062685 -5.871516332147328
      vertex 1.4729129228447957 18.011327501476554 -5.816401595635982
      vertex 1.4729129228447957 7.05669108859313 -5.816401595635982
    endloop
  endfacet
  facet normal 0.40169542465297 -9.643554854024988e-17 -0.9157733266550573
    outer loop
      vertex 1.4729129228447957 7.05669108859313 -5.816401595635982
      vertex 3.2816889487345597 18.011327501476558 -5.022998869575172
      vertex 2.036658908909785 7.350308812752016 -5.569119679164439
    endloop
  endfacet
  facet normal 0.08257934547233253 8.974411295310029e-18 -0.9965844930066698
    outer loop
      vertex -0.4954760728339948 7.284655626379918 -5.9795069580400195
      vertex -0.495476072833996 18.011327501476558 -5.9795069580400195
      vertex 1.4729129228447957 18.011327501476554 -5.816401595635982
    endloop
  endfacet
  facet normal 0.4016954246529695 0 -0.9157733266550575
    outer loop
      vertex 1.4729129228447957 7.05669108859313 -5.816401595635982
      vertex 1.4729129228447957 18.011327501476554 -5.816401595635982
      vertex 3.2816889487345597 18.011327501476558 -5.022998869575172
    endloop
  endfacet
  facet normal 0.40169542465296915 -9.214607050356562e-17 -0.9157733266550575
    outer loop
      vertex 3.281688948734561 6.165196733499589 -5.02299886957517
      vertex 2.78900402718812 6.566992483603364 -5.239110513166706
      vertex 3.2816889487345597 18.011327501476558 -5.022998869575172
    endloop
  endfacet
  facet normal 0.4016954246529704 -1.5667230690421612e-16 -0.9157733266550572
    outer loop
      vertex 2.036658908909785 7.350308812752016 -5.569119679164439
      vertex 3.2816889487345597 18.011327501476558 -5.022998869575172
      vertex 2.78900402718812 6.566992483603364 -5.239110513166706
    endloop
  endfacet
  facet normal 0.6772815716257423 -3.2197617439427755e-16 -0.7357239106731305
    outer loop
      vertex 3.281688948734561 6.165196733499589 -5.02299886957517
      vertex 4.734843056378361 18.01132750147656 -3.6852762761380067
      vertex 3.4616249467916513 6.357035769469738 -4.85735611447611
    endloop
  endfacet
  facet normal 0.6772815716257405 6.110689441543789e-17 -0.7357239106731321
    outer loop
      vertex 4.734843056378361 18.01132750147656 -3.6852762761380067
      vertex 3.8685964089585836 5.952671850948249 -4.482712491366103
      vertex 3.4616249467916513 6.357035769469738 -4.85735611447611
    endloop
  endfacet
  facet normal 0.67728157162574 -3.903422396245779e-19 -0.7357239106731326
    outer loop
      vertex 4.6111137245400515 5.946262221224795 -3.799177149968494
      vertex 4.734843056378361 18.01132750147656 -3.6852762761380067
      vertex 4.734843056378361 6.164585024534477 -3.6852762761380067
    endloop
  endfacet
  facet normal 0.8794737512064882 0 -0.4759473930370752
    outer loop
      vertex 4.734843056378361 6.164585024534477 -3.6852762761380067
      vertex 4.734843056378361 18.01132750147656 -3.6852762761380067
      vertex 4.801634121874259 6.578112203475069 -3.5618571971008834
    endloop
  endfacet
  facet normal 0.6772815716257411 -3.415358943701398e-17 -0.7357239106731316
    outer loop
      vertex 3.281688948734561 6.165196733499589 -5.02299886957517
      vertex 3.2816889487345597 18.011327501476558 -5.022998869575172
      vertex 4.734843056378361 18.01132750147656 -3.6852762761380067
    endloop
  endfacet
  facet normal 0 1 0
    outer loop
      vertex -2.7147221204624485 20 -2.9489743387867784
      vertex 2.192311626074534 20 -3.3555827476504705
      vertex 0.9839701980875506 20 -3.885610439998663
    endloop
  endfacet
  facet normal 0 1 0
    outer loop
      vertex -3.525161390461791 20 -1.9077219434048938
      vertex 3.163082072156552 20 -2.4619255973633454
      vertex 2.192311626074534 20 -3.3555827476504705
    endloop
  endfacet
  facet normal 0 1 0
    outer loop
      vertex -3.9535947252898427 20 -0.6597382740992037
      vertex 3.791083495445139 20 -1.3014806078903067
      vertex 3.163082072156552 20 -2.4619255973633454
    endloop
  endfacet
  facet normal 0.8794737512064892 -7.567133718251998e-17 -0.4759473930370734
    outer loop
      vertex 4.801634121874259 6.578112203475069 -3.5618571971008834
      vertex 5.674903450203807 18.011327501476558 -1.9481968152281037
      vertex 5.232092138626945 6.945818013892689 -2.7664404509041
    endloop
  endfacet
  facet normal 0.8794737512064899 -2.2015518728834802e-16 -0.47594739303707195
    outer loop
      vertex 5.232092138626945 6.945818013892689 -2.7664404509041
      vertex 5.674903450203807 18.011327501476558 -1.9481968152281037
      vertex 5.268375222444772 7.00037423586341 -2.6993951843527233
    endloop
  endfacet
  facet normal 0.8794737512064886 -8.131515647639781e-20 -0.4759473930370745
    outer loop
      vertex 5.268375222444772 7.00037423586341 -2.6993951843527233
      vertex 5.674903450203807 18.011327501476558 -1.9481968152281037
      vertex 5.674903450203807 7.171500490320151 -1.9481968152281037
    endloop
  endfacet
  facet normal 0.9863613034027227 0 -0.16459459028073156
    outer loop
      vertex 5.674903450203807 7.171500490320151 -1.9481968152281037
      vertex 5.674903450203807 18.011327501476558 -1.9481968152281037
      vertex 5.71003471324363 7.334838007402625 -1.7376666979074744
    endloop
  endfacet
  facet normal 0.9863613034027214 -1.6077556162516643e-16 -0.1645945902807395
    outer loop
      vertex 5.71003471324363 7.334838007402625 -1.7376666979074744
      vertex 5.674903450203807 18.011327501476558 -1.9481968152281037
      vertex 5.71203815718347 7.4566243833466 -1.72566071659044
    endloop
  endfacet
  facet normal 0.9863613034027224 -4.3828747315275e-17 -0.16459459028073412
    outer loop
      vertex 5.71203815718347 7.4566243833466 -1.72566071659044
      vertex 5.674903450203807 18.011327501476558 -1.9481968152281037
      vertex 5.793276739017334 7.570349464483226 -1.2388245859037208
    endloop
  endfacet
  facet normal 0.9863613034027223 -4.308689387588264e-17 -0.16459459028073412
    outer loop
      vertex 5.793276739017334 7.570349464483226 -1.2388245859037208
      vertex 5.674903450203807 18.011327501476558 -1.9481968152281037
      vertex 5.9002878818771505 7.780954349968533 -0.59754196434372
    endloop
  endfacet
  facet normal 0.986361303402722 -3.6405123962416487e-16 -0.1645945902807365
    outer loop
      vertex 5.961319750956108 7.473452558482133 -0.23179802445391132
      vertex 5.9002878818771505 7.780954349968533 -0.59754196434372
      vertex 5.674903450203807 18.011327501476558 -1.9481968152281037
    endloop
  endfacet
  facet normal 0.9863613034027227 2.0977189083783351e-19 -0.1645945902807327
    outer loop
      vertex 5.961319750956108 7.473452558482133 -0.23179802445391132
      vertex 6 18.011327501476558 0
      vertex 6 7.438497031207258 0
    endloop
  endfacet
  facet normal 0.8794737512064887 1.6517065509600687e-17 -0.47594739303707395
    outer loop
      vertex 4.801634121874259 6.578112203475069 -3.5618571971008834
      vertex 4.734843056378361 18.01132750147656 -3.6852762761380067
      vertex 5.674903450203807 18.011327501476558 -1.9481968152281037
    endloop
  endfacet
  facet normal 0.9863613034027223 3.190210166797528e-17 -0.16459459028073414
    outer loop
      vertex 5.961319750956108 7.473452558482133 -0.23179802445391132
      vertex 5.674903450203807 18.011327501476558 -1.9481968152281037
      vertex 6 18.011327501476558 0
    endloop
  endfacet
  facet normal 0.6772815716257412 -1.5628081137647592e-16 0.7357239106731315
    outer loop
      vertex 3.7273130620814032 4.6789649013258465 4.612772974421457
      vertex 4.662413759781323 4.618011599932599 3.7519521407107743
      vertex 3.6407433930039255 5.6423199062073 4.692465968868614
    endloop
  endfacet
  facet normal 0.8794737512064901 -2.9763183676636067e-16 0.47594739303707173
    outer loop
      vertex 4.734843056378361 4.66157311638866 3.6852762761380067
      vertex 4.797022719674539 4.736639696344663 3.5703783220198164
      vertex 4.756403312766682 5.642319906207299 3.6454364118164206
    endloop
  endfacet
  facet normal 0.8794737512064871 0 0.4759473930370774
    outer loop
      vertex 4.734843056378361 4.66157311638866 3.6852762761380067
      vertex 4.756403312766682 5.642319906207299 3.6454364118164206
      vertex 4.734843056378361 5.738300461029799 3.6852762761380067
    endloop
  endfacet
  facet normal 0.677281571625743 0 0.7357239106731299
    outer loop
      vertex 4.734843056378361 4.66157311638866 3.6852762761380067
      vertex 4.734843056378361 5.738300461029799 3.6852762761380067
      vertex 4.625604926724453 5.980055315129991 3.7858370586002286
    endloop
  endfacet
  facet normal 0.6772815716257411 -3.3931556514483335e-16 0.7357239106731316
    outer loop
      vertex 4.662413759781323 4.618011599932599 3.7519521407107743
      vertex 3.832393279318239 6.069652791289584 4.516039819980651
      vertex 3.6407433930039255 5.6423199062073 4.692465968868614
    endloop
  endfacet
  facet normal 0.6772815716257398 -2.829096823484303e-16 0.7357239106731329
    outer loop
      vertex 4.734843056378361 4.66157311638866 3.6852762761380067
      vertex 3.281688948734561 18.011327501476558 5.022998869575171
      vertex 4.662413759781323 4.618011599932599 3.7519521407107743
    endloop
  endfacet
  facet normal 0.6772815716257354 -1.1693903936103343e-15 0.7357239106731369
    outer loop
      vertex 4.734843056378361 4.66157311638866 3.6852762761380067
      vertex 4.625604926724453 5.980055315129991 3.7858370586002286
      vertex 3.281688948734561 18.011327501476558 5.022998869575171
    endloop
  endfacet
  facet normal 0.6772815716257415 5.471796905822451e-17 0.7357239106731314
    outer loop
      vertex 4.662413759781323 4.618011599932599 3.7519521407107743
      vertex 3.281688948734561 18.011327501476558 5.022998869575171
      vertex 3.832393279318239 6.069652791289584 4.516039819980651
    endloop
  endfacet
  facet normal 0.6772815716257409 -1.004598894069224e-18 0.7357239106731317
    outer loop
      vertex 3.585910765417668 6.334572910242654 4.7429429584692535
      vertex 3.281688948734561 18.011327501476558 5.022998869575171
      vertex 3.281688948734561 6.357067646309797 5.022998869575171
    endloop
  endfacet
  facet normal 0.6772815716257418 7.50893306590268e-17 0.735723910673131
    outer loop
      vertex 3.6569542978719465 6.254379014544286 4.677542779656994
      vertex 3.832393279318239 6.069652791289584 4.516039819980651
      vertex 3.281688948734561 18.011327501476558 5.022998869575171
    endloop
  endfacet
  facet normal 0.6772815716257385 -1.1825520914682427e-16 0.7357239106731341
    outer loop
      vertex 3.6569542978719465 6.254379014544286 4.677542779656994
      vertex 3.281688948734561 18.011327501476558 5.022998869575171
      vertex 3.585910765417668 6.334572910242654 4.7429429584692535
    endloop
  endfacet
  facet normal 0.8794737512064876 0 0.475947393037076
    outer loop
      vertex 4.734843056378361 6.18062294850936 3.6852762761380067
      vertex 4.784030230634873 6.506039006766494 3.5943863389569617
      vertex 4.734843056378361 18.01132750147656 3.6852762761380067
    endloop
  endfacet
  facet normal 0.8794737512064892 2.780679824763229e-17 0.4759473930370733
    outer loop
      vertex 4.784030230634873 6.506039006766494 3.5943863389569617
      vertex 5.225785283230497 7.002871813203139 2.7780944989249052
      vertex 4.734843056378361 18.01132750147656 3.6852762761380067
    endloop
  endfacet
  facet normal 0.6772815716257425 3.292959687506283e-16 0.7357239106731301
    outer loop
      vertex 4.734843056378361 6.18062294850936 3.6852762761380067
      vertex 3.281688948734561 18.011327501476558 5.022998869575171
      vertex 4.625604926724453 5.980055315129991 3.7858370586002286
    endloop
  endfacet
  facet normal 0.6772815716257412 0 0.7357239106731316
    outer loop
      vertex 4.734843056378361 6.18062294850936 3.6852762761380067
      vertex 4.734843056378361 18.01132750147656 3.6852762761380067
      vertex 3.281688948734561 18.011327501476558 5.022998869575171
    endloop
  endfacet
  facet normal 0.08257934547233282 8.018247788967736e-17 0.9965844930066698
    outer loop
      vertex 0.5888330517878945 7.420237568451168 5.889658542346927
      vertex -0.49547607283399475 18.011327501476558 5.9795069580400195
      vertex 0.24259746063684542 7.503689579270727 5.918348441394241
    endloop
  endfacet
  facet normal 0.08257934547233327 -6.091359650234526e-19 0.9965844930066696
    outer loop
      vertex 0.5888330517878945 7.420237568451168 5.889658542346927
      vertex 1.4729129228447957 7.231192017597053 5.816401595635982
      vertex 1.4729129228447957 18.011327501476554 5.816401595635982
    endloop
  endfacet
  facet normal 0.4016954246529701 0 0.9157733266550573
    outer loop
      vertex 1.4729129228447957 7.231192017597053 5.816401595635982
      vertex 1.699012464802637 7.2912949913302425 5.717225141291831
      vertex 1.4729129228447957 18.011327501476554 5.816401595635982
    endloop
  endfacet
  facet normal 0.401695424652968 -5.156461790718813e-17 0.9157733266550582
    outer loop
      vertex 1.699012464802637 7.2912949913302425 5.717225141291831
      vertex 2.032607782788959 7.415444412527749 5.5708966678362675
      vertex 1.4729129228447957 18.011327501476554 5.816401595635982
    endloop
  endfacet
  facet normal 0.4016954246529706 1.133331625871303e-16 0.915773326655057
    outer loop
      vertex 2.032607782788959 7.415444412527749 5.5708966678362675
      vertex 2.4604767479861116 7.028761262963802 5.38321593869942
      vertex 1.4729129228447957 18.011327501476554 5.816401595635982
    endloop
  endfacet
  facet normal 0.0825793454723326 5.750501792696068e-17 0.9965844930066697
    outer loop
      vertex 0.5888330517878945 7.420237568451168 5.889658542346927
      vertex 1.4729129228447957 18.011327501476554 5.816401595635982
      vertex -0.49547607283399475 18.011327501476558 5.9795069580400195
    endloop
  endfacet
  facet normal 0.4016954246529696 1.0746351952543064e-17 0.9157733266550574
    outer loop
      vertex 2.4604767479861116 7.028761262963802 5.38321593869942
      vertex 3.281688948734561 18.011327501476558 5.022998869575171
      vertex 1.4729129228447957 18.011327501476554 5.816401595635982
    endloop
  endfacet
  facet normal 0.40169542465296976 2.6647865025366585e-19 0.9157733266550573
    outer loop
      vertex 2.4604767479861116 7.028761262963802 5.38321593869942
      vertex 3.281688948734561 6.357067646309797 5.022998869575171
      vertex 3.281688948734561 18.011327501476558 5.022998869575171
    endloop
  endfacet
  facet normal 0 1 0
    outer loop
      vertex -3.525161390461791 20 1.9077219434048938
      vertex 4.008262197280892 20 1.681386800125887e-16
      vertex 3.791083495445139 20 -1.3014806078903067
    endloop
  endfacet
  facet normal 0 1 0
    outer loop
      vertex -3.525161390461791 20 1.9077219434048938
      vertex 3.79108349544514 20 1.301480607890304
      vertex 4.008262197280892 20 1.681386800125887e-16
    endloop
  endfacet
  facet normal 0 1 0
    outer loop
      vertex -2.714722120462449 20 2.9489743387867784
      vertex 3.163082072156552 20 2.4619255973633454
      vertex 3.79108349544514 20 1.301480607890304
    endloop
  endfacet
  facet normal 0 1 0
    outer loop
      vertex -1.6101005854571928 20 3.6706596065096333
      vertex 0.9839701980875505 20 3.885610439998663
      vertex 2.1923116260745354 20 3.3555827476504696
    endloop
  endfacet
  facet normal 0 1 0
    outer loop
      vertex -2.714722120462449 20 2.9489743387867784
      vertex 2.1923116260745354 20 3.3555827476504696
      vertex 3.163082072156552 20 2.4619255973633454
    endloop
  endfacet
  facet normal 0.9863613034027225 0 0.16459459028073337
    outer loop
      vertex 6 7.438497031207258 0
      vertex 6 18.011327501476558 0
      vertex 5.9592743755051245 7.50446101555334 0.2440552875409864
    endloop
  endfacet
  facet normal 0.9863613034027217 -6.722455688143708e-16 0.16459459028073803
    outer loop
      vertex 5.9592743755051245 7.50446101555334 0.2440552875409864
      vertex 5.674903450203808 18.01132750147656 1.9481968152281008
      vertex 5.941851505240123 7.601101072982582 0.3484648249036146
    endloop
  endfacet
  facet normal 0.9863613034027221 -2.4548701611891318e-16 0.1645945902807353
    outer loop
      vertex 5.896646147275423 7.862306529636727 0.6193656833510122
      vertex 5.941851505240123 7.601101072982582 0.3484648249036146
      vertex 5.674903450203808 18.01132750147656 1.9481968152281008
    endloop
  endfacet
  facet normal 0.9863613034027305 9.312556139803074e-16 0.16459459028068515
    outer loop
      vertex 5.707604087766705 7.26867234089815 1.7522326378294086
      vertex 5.708698567526007 7.342086871084675 1.7456737802139068
      vertex 5.674903450203808 18.01132750147656 1.9481968152281008
    endloop
  endfacet
  facet normal 0.9863613034027224 -2.8427943270566994e-17 0.16459459028073373
    outer loop
      vertex 5.7727157218910286 7.499917122668358 1.3620400063947464
      vertex 5.896646147275423 7.862306529636727 0.6193656833510122
      vertex 5.674903450203808 18.01132750147656 1.9481968152281008
    endloop
  endfacet
  facet normal 0.9863613034027225 -1.0204862763894826e-17 0.1645945902807334
    outer loop
      vertex 5.7727157218910286 7.499917122668358 1.3620400063947464
      vertex 5.674903450203808 18.01132750147656 1.9481968152281008
      vertex 5.708698567526007 7.342086871084675 1.7456737802139068
    endloop
  endfacet
  facet normal 0.9863613034027223 8.741177764126084e-20 0.1645945902807348
    outer loop
      vertex 5.707604087766705 7.26867234089815 1.7522326378294086
      vertex 5.674903450203808 18.01132750147656 1.9481968152281008
      vertex 5.674903450203808 7.1425385102506915 1.9481968152281008
    endloop
  endfacet
  facet normal 0.8794737512064887 -5.2906963209636706e-17 0.47594739303707395
    outer loop
      vertex 5.674903450203808 7.1425385102506915 1.9481968152281008
      vertex 4.734843056378361 18.01132750147656 3.6852762761380067
      vertex 5.257913900612083 7.065529216504129 2.718726013955684
    endloop
  endfacet
  facet normal 0.8794737512064899 1.4821730864775713e-16 0.47594739303707223
    outer loop
      vertex 5.225785283230497 7.002871813203139 2.7780944989249052
      vertex 5.257913900612083 7.065529216504129 2.718726013955684
      vertex 4.734843056378361 18.01132750147656 3.6852762761380067
    endloop
  endfacet
  facet normal 0.9863613034027224 1.3320796703836788e-17 0.16459459028073395
    outer loop
      vertex 5.9592743755051245 7.50446101555334 0.2440552875409864
      vertex 6 18.011327501476558 0
      vertex 5.674903450203808 18.01132750147656 1.9481968152281008
    endloop
  endfacet
  facet normal 0.8794737512064891 0 0.4759473930370738
    outer loop
      vertex 5.674903450203808 7.1425385102506915 1.9481968152281008
      vertex 5.674903450203808 18.01132750147656 1.9481968152281008
      vertex 4.734843056378361 18.01132750147656 3.6852762761380067
    endloop
  endfacet
  facet normal -0.2249297469992717 -0.5032590096874213 -0.8343482355007887
    outer loop
      vertex -5.321119256193226 -5.898164570019554 -3.180161545960499
      vertex -6.702488690172626 -4.911323263764696 -3.403000995120899
      vertex -5.672318945286195 -4.954980587538007 -3.654388688689829
    endloop
  endfacet
  facet normal -0.5891453553111803 -0.26504766226327514 -0.7633200423439933
    outer loop
      vertex -5.321119256193226 -5.898164570019554 -3.180161545960499
      vertex -4.780954402662777 -6.1984552465892895 -3.492801408006721
      vertex -4.952927966652752 -6.452520450586938 -3.2718497684753998
    endloop
  endfacet
  facet normal -0.22492974699925677 -0.5032590096874189 -0.8343482355007943
    outer loop
      vertex -5.321119256193226 -5.898164570019554 -3.180161545960499
      vertex -5.672318945286195 -4.954980587538007 -3.654388688689829
      vertex -5.6540851787398445 -4.959040675889383 -3.6568553331502467
    endloop
  endfacet
  facet normal -0.3228820274875605 -0.5169058792361293 -0.7928149269133663
    outer loop
      vertex -5.321119256193226 -5.898164570019554 -3.180161545960499
      vertex -5.6540851787398445 -4.959040675889383 -3.6568553331502467
      vertex -4.838489330066237 -5.320830361845886 -3.753132563713293
    endloop
  endfacet
  facet normal -0.2249297469992717 -0.5032590096874214 -0.8343482355007885
    outer loop
      vertex -6.702488690172626 -4.911323263764696 -3.403000995120899
      vertex -6.004838380599827 -4.5220197842046606 -3.825897306522148
      vertex -5.672318945286195 -4.954980587538007 -3.654388688689829
    endloop
  endfacet
  facet normal -0.7158724097643938 -0.2229774948128598 -0.6616704086968835
    outer loop
      vertex -4.423837913336664 -5.983456230387943 -3.951624682872815
      vertex -4.780954402662777 -6.1984552465892895 -3.492801408006721
      vertex -4.466201174372892 -5.9310513565395375 -3.9234511662219878
    endloop
  endfacet
  facet normal -0.5891453553111425 -0.2650476622632781 -0.7633200423440216
    outer loop
      vertex -4.780954402662777 -6.1984552465892895 -3.492801408006721
      vertex -4.788480878692907 -6.144354411977086 -3.505777762348248
      vertex -4.778681559668689 -6.129615231206916 -3.518458955240045
    endloop
  endfacet
  facet normal -0.7158724097644078 -0.22297749481283813 -0.6616704086968757
    outer loop
      vertex -4.780954402662777 -6.1984552465892895 -3.492801408006721
      vertex -4.778681559668689 -6.129615231206916 -3.518458955240045
      vertex -4.579298978825406 -5.791145314608599 -3.848235925492759
    endloop
  endfacet
  facet normal -0.5891453553111807 -0.26504766226327614 -0.7633200423439928
    outer loop
      vertex -5.321119256193226 -5.898164570019554 -3.180161545960499
      vertex -4.788480878692907 -6.144354411977086 -3.505777762348248
      vertex -4.780954402662777 -6.1984552465892895 -3.492801408006721
    endloop
  endfacet
  facet normal -0.5891453553111806 -0.265047662263276 -0.7633200423439929
    outer loop
      vertex -5.321119256193226 -5.898164570019554 -3.180161545960499
      vertex -4.772478768846987 -5.672783046932345 -3.6818722563085386
      vertex -4.788480878692907 -6.144354411977086 -3.505777762348248
    endloop
  endfacet
  facet normal -0.5891453553111986 -0.2650476622632318 -0.7633200423439943
    outer loop
      vertex -5.321119256193226 -5.898164570019554 -3.180161545960499
      vertex -4.763134618967101 -5.65872848723459 -3.693964419727636
      vertex -4.772478768846987 -5.672783046932345 -3.6818722563085386
    endloop
  endfacet
  facet normal -0.5891453553111795 -0.26504766226327714 -0.7633200423439933
    outer loop
      vertex -5.321119256193226 -5.898164570019554 -3.180161545960499
      vertex -4.758083873333098 -5.505751177300879 -3.750981004245369
      vertex -4.763134618967101 -5.65872848723459 -3.693964419727636
    endloop
  endfacet
  facet normal -0.7158724097644651 -0.22297749481277454 -0.6616704086968354
    outer loop
      vertex -4.587474542452011 -5.828333626511168 -3.8268584891241457
      vertex -4.780954402662777 -6.1984552465892895 -3.492801408006721
      vertex -4.579298978825406 -5.791145314608599 -3.848235925492759
    endloop
  endfacet
  facet normal -0.7158724097643986 -0.2229774948128509 -0.6616704086968814
    outer loop
      vertex -4.587474542452011 -5.828333626511168 -3.8268584891241457
      vertex -4.466201174372892 -5.9310513565395375 -3.9234511662219878
      vertex -4.780954402662777 -6.1984552465892895 -3.492801408006721
    endloop
  endfacet
  facet normal -0.5891453553111824 -0.26504766226327264 -0.7633200423439926
    outer loop
      vertex -5.321119256193226 -5.898164570019554 -3.180161545960499
      vertex -4.838489330066237 -5.320830361845886 -3.753132563713293
      vertex -4.758083873333098 -5.505751177300879 -3.750981004245369
    endloop
  endfacet
  facet normal -0.7158724097643961 -0.22297749481285337 -0.6616704086968831
    outer loop
      vertex -4.758083873333098 -5.505751177300879 -3.750981004245369
      vertex -4.730764411474479 -5.603777140010783 -3.7475044476890513
      vertex -4.763134618967101 -5.65872848723459 -3.693964419727636
    endloop
  endfacet
  facet normal -0.34181442756828667 -0.7602161113579482 -0.552480190719961
    outer loop
      vertex -6.943612022991762 -5.232837251313605 -2.8033056236804264
      vertex -7.08189913476161 -5.473460971998076 -2.3866489488249263
      vertex -7.1992730432684615 -5.407855376856592 -2.404304486956257
    endloop
  endfacet
  facet normal -0.42274534213193704 -0.7169309132756685 -0.5543432522322856
    outer loop
      vertex -6.943612022991762 -5.232837251313605 -2.8033056236804264
      vertex -6.6721745070028415 -5.022998869575172 -3.2816889487345593
      vertex -5.321119256193226 -5.898164570019554 -3.180161545960499
    endloop
  endfacet
  facet normal -0.42274534213193693 -0.7169309132756677 -0.5543432522322866
    outer loop
      vertex -6.943612022991762 -5.232837251313605 -2.8033056236804264
      vertex -5.321119256193226 -5.898164570019554 -3.180161545960499
      vertex -7.08189913476161 -5.473460971998076 -2.3866489488249263
    endloop
  endfacet
  facet normal -0.7325141070491067 -0.3947946841098733 -0.5545811395752972
    outer loop
      vertex -5.338868697584378 -6.574837259934556 -2.675008238210847
      vertex -5.689508427593696 -6.502145860452126 -2.263616010191222
      vertex -5.276842507238934 -6.436120830104713 -2.8556843582224425
    endloop
  endfacet
  facet normal -0.7325141070491061 -0.3947946841098745 -0.554581139575297
    outer loop
      vertex -5.276842507238934 -6.436120830104713 -2.8556843582224425
      vertex -5.689508427593696 -6.502145860452126 -2.263616010191222
      vertex -5.321119256193226 -5.898164570019554 -3.180161545960499
    endloop
  endfacet
  facet normal -0.7325141070491059 -0.39479468410987456 -0.554581139575297
    outer loop
      vertex -5.276842507238934 -6.436120830104713 -2.8556843582224425
      vertex -5.321119256193226 -5.898164570019554 -3.180161545960499
      vertex -4.952927966652752 -6.452520450586938 -3.2718497684753998
    endloop
  endfacet
  facet normal -0.4348630921848788 -0.6616690970140878 -0.6108093787033456
    outer loop
      vertex -5.321119256193226 -5.898164570019554 -3.180161545960499
      vertex -5.689508427593696 -6.502145860452126 -2.263616010191222
      vertex -7.08189913476161 -5.473460971998076 -2.3866489488249263
    endloop
  endfacet
  facet normal -0.4227453421319369 -0.7169309132756684 -0.5543432522322859
    outer loop
      vertex -6.6721745070028415 -5.022998869575172 -3.2816889487345593
      vertex -6.702488690172626 -4.911323263764696 -3.403000995120899
      vertex -5.321119256193226 -5.898164570019554 -3.180161545960499
    endloop
  endfacet
  facet normal -0.7659590259155539 -0.11361462086633867 -0.6327704864671662
    outer loop
      vertex -5.338868697584378 -6.574837259934556 -2.675008238210847
      vertex -5.416484943477992 -7.310756654519257 -2.4489198378138033
      vertex -5.689508427593696 -6.502145860452126 -2.263616010191222
    endloop
  endfacet
  facet normal -0.5307850519183245 -0.7029040178479061 -0.4734904121028553
    outer loop
      vertex -7.446496542893632 -5.850892234934175 -1.2608201227812996
      vertex -5.689508427593696 -6.502145860452126 -2.263616010191222
      vertex -6.079038470850991 -6.918349059735199 -1.209090696713846
    endloop
  endfacet
  facet normal -0.06557791874649693 -0.9125438645476927 -0.40368704691783247
    outer loop
      vertex -7.582394814143954 -5.832328114776772 -1.2807084204659067
      vertex -7.440670697984488 -5.829980698104308 -1.3090375267457182
      vertex -7.446496542893632 -5.850892234934175 -1.2608201227812996
    endloop
  endfacet
  facet normal -0.3989239431846137 -0.8227001882059165 -0.4049988739243461
    outer loop
      vertex -7.440670697984488 -5.829980698104308 -1.3090375267457182
      vertex -7.4247906090161235 -5.828422250634042 -1.3278451907341906
      vertex -7.446496542893632 -5.850892234934175 -1.2608201227812996
    endloop
  endfacet
  facet normal -0.3989239431846106 -0.8227001882059168 -0.4049988739243487
    outer loop
      vertex -7.2631317476887 -5.661072985842979 -1.8270264849739437
      vertex -7.1992730432684615 -5.407855376856592 -2.404304486956257
      vertex -7.08189913476161 -5.473460971998076 -2.3866489488249263
    endloop
  endfacet
  facet normal -0.5157040502764926 -0.748005362899728 -0.4177766264424892
    outer loop
      vertex -7.2631317476887 -5.661072985842979 -1.8270264849739437
      vertex -7.08189913476161 -5.473460971998076 -2.3866489488249263
      vertex -5.689508427593696 -6.502145860452126 -2.263616010191222
    endloop
  endfacet
  facet normal -0.5157040502764926 -0.7480053628997277 -0.41777662644248975
    outer loop
      vertex -7.2631317476887 -5.661072985842979 -1.8270264849739437
      vertex -5.689508427593696 -6.502145860452126 -2.263616010191222
      vertex -7.324705311460204 -5.816401595635982 -1.4729129228447957
    endloop
  endfacet
  facet normal -0.5157040502764931 -0.7480053628997256 -0.41777662644249275
    outer loop
      vertex -7.4247906090161235 -5.828422250634042 -1.3278451907341906
      vertex -7.324705311460204 -5.816401595635982 -1.4729129228447957
      vertex -5.689508427593696 -6.502145860452126 -2.263616010191222
    endloop
  endfacet
  facet normal -0.5157040502764911 -0.7480053628997312 -0.4177766264424851
    outer loop
      vertex -7.4247906090161235 -5.828422250634042 -1.3278451907341906
      vertex -5.689508427593696 -6.502145860452126 -2.263616010191222
      vertex -7.446496542893632 -5.850892234934175 -1.2608201227812996
    endloop
  endfacet
  facet normal -0.8592912040865239 -0.28011105823560983 -0.42796778106962535
    outer loop
      vertex -5.81728183749602 -7.610798335072117 -1.2814383703792278
      vertex -6.079038470850991 -6.918349059735199 -1.209090696713846
      vertex -5.741538000248648 -7.506060086248595 -1.502072630720353
    endloop
  endfacet
  facet normal -0.8592912040865236 -0.2801110582356092 -0.42796778106962613
    outer loop
      vertex -5.741538000248648 -7.506060086248595 -1.502072630720353
      vertex -6.079038470850991 -6.918349059735199 -1.209090696713846
      vertex -5.689508427593696 -6.502145860452126 -2.263616010191222
    endloop
  endfacet
  facet normal -0.9066113568407933 -0.2241908878021592 -0.3574832771945779
    outer loop
      vertex -5.741538000248648 -7.506060086248595 -1.502072630720353
      vertex -5.689508427593696 -6.502145860452126 -2.263616010191222
      vertex -5.416484943477992 -7.310756654519257 -2.4489198378138033
    endloop
  endfacet
  facet normal -0.11881848946806482 -0.9868839446279458 -0.10928058563218308
    outer loop
      vertex -7.582394814143954 -5.832328114776772 -1.2807084204659067
      vertex -7.446496542893632 -5.850892234934175 -1.2608201227812996
      vertex -7.82264801539452 -5.918328040123331 -0.24284366736213928
    endloop
  endfacet
  facet normal -0.12017545891206603 -0.9866655705046737 -0.10976753188425618
    outer loop
      vertex -7.82264801539452 -5.918328040123331 -0.24284366736213928
      vertex -7.473123349489767 -5.989593460164042 0.015072755732672484
      vertex -7.882878968680038 -5.93974107900618 0.015573281533945079
    endloop
  endfacet
  facet normal -0.12017545891206635 -0.9866655705046737 -0.10976753188425574
    outer loop
      vertex -7.82264801539452 -5.918328040123331 -0.24284366736213928
      vertex -7.446496542893632 -5.850892234934175 -1.2608201227812996
      vertex -7.473123349489767 -5.989593460164042 0.015072755732672484
    endloop
  endfacet
  facet normal -0.6100472847023368 -0.7862558184986228 -0.09820437008792757
    outer loop
      vertex -7.446496542893632 -5.850892234934175 -1.2608201227812996
      vertex -6.079038470850991 -6.918349059735199 -1.209090696713846
      vertex -7.473123349489767 -5.989593460164042 0.015072755732672484
    endloop
  endfacet
  facet normal -0.6191799939856585 -0.7766498752913112 -0.11589264971477098
    outer loop
      vertex -6.079038470850991 -6.918349059735199 -1.209090696713846
      vertex -6.116222106767663 -7.071673230403446 0.01706611169137374
      vertex -7.473123349489767 -5.989593460164042 0.015072755732672484
    endloop
  endfacet
  facet normal -0.9354474650497653 -0.3461277791345829 -0.07164914963437785
    outer loop
      vertex -5.81728183749602 -7.610798335072117 -1.2814383703792278
      vertex -5.918167820416334 -7.398974995764177 -0.9875675416844049
      vertex -6.079038470850991 -6.918349059735199 -1.209090696713846
    endloop
  endfacet
  facet normal -0.9354474650497656 -0.3461277791345826 -0.071649149634377
    outer loop
      vertex -6.079038470850991 -6.918349059735199 -1.209090696713846
      vertex -5.918167820416334 -7.398974995764177 -0.9875675416844049
      vertex -5.918167820416334 -7.457436074951393 -0.705149625936059
    endloop
  endfacet
  facet normal -0.9354474650497654 -0.346127779134583 -0.0716491496343775
    outer loop
      vertex -6.079038470850991 -6.918349059735199 -1.209090696713846
      vertex -5.918167820416334 -7.457436074951393 -0.705149625936059
      vertex -6.116222106767663 -7.071673230403446 0.01706611169137374
    endloop
  endfacet
  facet normal -0.9636594743895764 -0.22491557240541035 -0.14412981200553818
    outer loop
      vertex -5.918167820416334 -7.457436074951393 -0.705149625936059
      vertex -5.918167820416334 -7.922197917153108 0.020114455911040333
      vertex -6.116222106767663 -7.071673230403446 0.01706611169137374
    endloop
  endfacet
  facet normal -0.11913043646302729 -0.9807327027577901 0.1548266929490154
    outer loop
      vertex -7.882878968680038 -5.93974107900618 0.015573281533945079
      vertex -7.473123349489767 -5.989593460164042 0.015072755732672484
      vertex -7.522517341905019 -5.9548084108065655 0.19740893471530518
    endloop
  endfacet
  facet normal -0.24233401674328062 -0.962982270793435 0.11806511113189506
    outer loop
      vertex -7.699300308379914 -5.774543973018235 1.3048565967175798
      vertex -7.453469032175376 -5.894469162768978 0.8312827321635614
      vertex -7.4428402133353 -5.843027084770098 1.2726792882573323
    endloop
  endfacet
  facet normal -0.609114214679704 -0.7859313305818854 0.10626296196189251
    outer loop
      vertex -7.473123349489767 -5.989593460164042 0.015072755732672484
      vertex -6.075055894958184 -6.91007074244098 1.2210510386634974
      vertex -7.46709824850717 -5.960432767959072 0.2652848313969666
    endloop
  endfacet
  facet normal -0.6091142146797026 -0.7859313305818869 0.10626296196188872
    outer loop
      vertex -7.46709824850717 -5.960432767959072 0.2652848313969666
      vertex -6.075055894958184 -6.91007074244098 1.2210510386634974
      vertex -7.402329103785077 -5.9795069580400195 0.4954760728339962
    endloop
  endfacet
  facet normal -0.6091142146797028 -0.7859313305818868 0.1062629619618894
    outer loop
      vertex -7.402329103785077 -5.9795069580400195 0.4954760728339962
      vertex -6.075055894958184 -6.91007074244098 1.2210510386634974
      vertex -7.453469032175376 -5.894469162768978 0.8312827321635614
    endloop
  endfacet
  facet normal -0.6186874796630445 -0.7755880424840822 0.1252557019217067
    outer loop
      vertex -7.473123349489767 -5.989593460164042 0.015072755732672484
      vertex -6.116222106767663 -7.071673230403446 0.01706611169137374
      vertex -6.075055894958184 -6.91007074244098 1.2210510386634974
    endloop
  endfacet
  facet normal -0.24233401674328067 -0.9629822707934352 0.11806511113189433
    outer loop
      vertex -7.522517341905019 -5.9548084108065655 0.19740893471530518
      vertex -7.473123349489767 -5.989593460164042 0.015072755732672484
      vertex -7.46709824850717 -5.960432767959072 0.2652848313969666
    endloop
  endfacet
  facet normal -0.6091142146797031 -0.785931330581886 0.10626296196189271
    outer loop
      vertex -7.453469032175376 -5.894469162768978 0.8312827321635614
      vertex -6.075055894958184 -6.91007074244098 1.2210510386634974
      vertex -7.4428402133353 -5.843027084770098 1.2726792882573323
    endloop
  endfacet
  facet normal -0.9627581096592036 -0.22364461209185368 0.15192073514738255
    outer loop
      vertex -5.918167820416334 -7.922197917153108 0.020114455911040333
      vertex -5.918167820416334 -7.44773719792362 0.718574632541702
      vertex -6.116222106767663 -7.071673230403446 0.01706611169137374
    endloop
  endfacet
  facet normal -0.9349178302661797 -0.3460910193714431 0.07841974853832581
    outer loop
      vertex -6.075055894958184 -6.91007074244098 1.2210510386634974
      vertex -5.918167820416334 -7.44773719792362 0.718574632541702
      vertex -5.918167820416334 -7.386786883951665 0.9875675416844049
    endloop
  endfacet
  facet normal -0.9349178302661801 -0.3460910193714422 0.07841974853832469
    outer loop
      vertex -6.116222106767663 -7.071673230403446 0.01706611169137374
      vertex -5.918167820416334 -7.44773719792362 0.718574632541702
      vertex -6.075055894958184 -6.91007074244098 1.2210510386634974
    endloop
  endfacet
  facet normal -0.9349178302661799 -0.34609101937144277 0.07841974853832483
    outer loop
      vertex -5.812816332210164 -7.601844928073242 1.2944459428973254
      vertex -6.075055894958184 -6.91007074244098 1.2210510386634974
      vertex -5.918167820416334 -7.386786883951665 0.9875675416844049
    endloop
  endfacet
  facet normal -0.5318002633289838 -0.7044295157962885 0.47007184259241686
    outer loop
      vertex -7.4428402133353 -5.843027084770098 1.2726792882573323
      vertex -6.075055894958184 -6.91007074244098 1.2210510386634974
      vertex -5.682096273994112 -6.496610404917128 2.285206876014896
    endloop
  endfacet
  facet normal -0.19726240043946755 -0.9100305707911552 0.3645982797523641
    outer loop
      vertex -7.699300308379914 -5.774543973018235 1.3048565967175798
      vertex -7.4428402133353 -5.843027084770098 1.2726792882573323
      vertex -7.188970526076879 -5.584507846605578 2.0552922889784786
    endloop
  endfacet
  facet normal -0.5166337344367243 -0.7489205309909873 0.4149790629684126
    outer loop
      vertex -7.4428402133353 -5.843027084770098 1.2726792882573323
      vertex -5.682096273994112 -6.496610404917128 2.285206876014896
      vertex -7.188970526076879 -5.584507846605578 2.0552922889784786
    endloop
  endfacet
  facet normal -0.5166337344367244 -0.7489205309909877 0.41497906296841186
    outer loop
      vertex -7.188970526076879 -5.584507846605578 2.0552922889784786
      vertex -5.682096273994112 -6.496610404917128 2.285206876014896
      vertex -7.036317576881388 -5.495874299335548 2.405298251837833
    endloop
  endfacet
  facet normal -0.8598074306283678 -0.28068204851571404 0.4265545332982252
    outer loop
      vertex -5.812816332210164 -7.601844928073242 1.2944459428973254
      vertex -5.736169390943534 -7.497338597643492 1.5177108553751957
      vertex -6.075055894958184 -6.91007074244098 1.2210510386634974
    endloop
  endfacet
  facet normal -0.8598074306283676 -0.2806820485157135 0.42655453329822607
    outer loop
      vertex -6.075055894958184 -6.91007074244098 1.2210510386634974
      vertex -5.736169390943534 -7.497338597643492 1.5177108553751957
      vertex -5.682096273994112 -6.496610404917128 2.285206876014896
    endloop
  endfacet
  facet normal -0.9068929787018816 -0.22447773693768655 0.3565878163938911
    outer loop
      vertex -5.736169390943534 -7.497338597643492 1.5177108553751957
      vertex -5.40918887544117 -7.305337797809947 2.470172557945285
      vertex -5.682096273994112 -6.496610404917128 2.285206876014896
    endloop
  endfacet
  facet normal -0.42953025801079914 -0.6557579973837707 0.6208745495834105
    outer loop
      vertex -7.036317576881388 -5.495874299335548 2.405298251837833
      vertex -5.682096273994112 -6.496610404917128 2.285206876014896
      vertex -7.03115636086598 -5.494639959930345 2.4101725479178158
    endloop
  endfacet
  facet normal -0.4295302580107888 -0.6557579973837592 0.6208745495834299
    outer loop
      vertex -7.03115636086598 -5.494639959930345 2.4101725479178158
      vertex -5.682096273994112 -6.496610404917128 2.285206876014896
      vertex -7.021195965722661 -5.480115676286844 2.4324036190102873
    endloop
  endfacet
  facet normal -0.7590249705845992 -0.10934465699156228 0.6418137113029341
    outer loop
      vertex -5.682096273994112 -6.496610404917128 2.285206876014896
      vertex -5.40918887544117 -7.305337797809947 2.470172557945285
      vertex -5.335661103001215 -6.5585829057646015 2.684351642031532
    endloop
  endfacet
  facet normal -0.42853170719251255 -0.6611322869826198 0.6158446841857139
    outer loop
      vertex -7.021195965722661 -5.480115676286844 2.4324036190102873
      vertex -5.314860549004678 -5.876282130262296 3.1944470489168726
      vertex -6.626236270390172 -4.878837300760719 3.3527286856904603
    endloop
  endfacet
  facet normal -0.7219890476436748 -0.40004130055540954 0.5645341202553803
    outer loop
      vertex -5.682096273994112 -6.496610404917128 2.285206876014896
      vertex -5.335661103001215 -6.5585829057646015 2.684351642031532
      vertex -5.276842507238934 -6.422954953869825 2.8556843582224425
    endloop
  endfacet
  facet normal -0.7219890476436757 -0.4000413005554072 0.5645341202553805
    outer loop
      vertex -5.682096273994112 -6.496610404917128 2.285206876014896
      vertex -5.276842507238934 -6.422954953869825 2.8556843582224425
      vertex -5.314860549004678 -5.876282130262296 3.1944470489168726
    endloop
  endfacet
  facet normal -0.4295302580107921 -0.6557579973837626 0.6208745495834241
    outer loop
      vertex -7.021195965722661 -5.480115676286844 2.4324036190102873
      vertex -5.682096273994112 -6.496610404917128 2.285206876014896
      vertex -5.314860549004678 -5.876282130262296 3.1944470489168726
    endloop
  endfacet
  facet normal -0.721989047643676 -0.40004130055540715 0.5645341202553804
    outer loop
      vertex -5.276842507238934 -6.422954953869825 2.8556843582224425
      vertex -4.939370059949426 -6.42015050579939 3.2892689673639413
      vertex -5.314860549004678 -5.876282130262296 3.1944470489168726
    endloop
  endfacet
  facet normal -0.30520624531171536 -0.5271188346448068 0.7930919757414179
    outer loop
      vertex -5.642319906207301 -5.090326472926621 3.5908063601801166
      vertex -6.626236270390172 -4.878837300760719 3.3527286856904603
      vertex -5.314860549004678 -5.876282130262296 3.1944470489168726
    endloop
  endfacet
  facet normal -0.5824717053049017 -0.26837108520432307 0.7672702738575591
    outer loop
      vertex -5.314860549004678 -5.876282130262296 3.1944470489168726
      vertex -4.939370059949426 -6.42015050579939 3.2892689673639413
      vertex -4.764735720086917 -5.788400581887356 3.642811889128289
    endloop
  endfacet
  facet normal -0.30520624531171553 -0.5271188346448068 0.7930919757414179
    outer loop
      vertex -5.642319906207301 -5.090326472926621 3.5908063601801166
      vertex -5.314860549004678 -5.876282130262296 3.1944470489168726
      vertex -4.858779220114263 -5.3340824531261255 3.7303275582448334
    endloop
  endfacet
  facet normal -0.30520624531171514 -0.5271188346448017 0.7930919757414213
    outer loop
      vertex -5.642319906207301 -5.090326472926621 3.5908063601801166
      vertex -6.537366684530512 -4.839344581078796 3.4131767931795136
      vertex -6.626236270390172 -4.878837300760719 3.3527286856904603
    endloop
  endfacet
  facet normal -0.3059554508885628 -0.6222147291276109 0.720583161701847
    outer loop
      vertex -5.726608385890726 -5.00146928227224 3.6174273940905906
      vertex -6.174776695314948 -4.608573227500087 3.766398645178367
      vertex -6.537366684530512 -4.839344581078796 3.4131767931795136
    endloop
  endfacet
  facet normal -0.3052062453117156 -0.5271188346448052 0.7930919757414188
    outer loop
      vertex -5.642319906207301 -5.090326472926621 3.5908063601801166
      vertex -5.726608385890726 -5.00146928227224 3.6174273940905906
      vertex -6.537366684530512 -4.839344581078796 3.4131767931795136
    endloop
  endfacet
  facet normal -0.5824717053049047 -0.26837108520432135 0.7672702738575574
    outer loop
      vertex -4.939370059949426 -6.42015050579939 3.2892689673639413
      vertex -4.772959024303086 -6.170062361289417 3.5030738703332576
      vertex -4.764735720086917 -5.788400581887356 3.642811889128289
    endloop
  endfacet
  facet normal -0.582471705304898 -0.26837108520433633 0.7672702738575572
    outer loop
      vertex -5.314860549004678 -5.876282130262296 3.1944470489168726
      vertex -4.764735720086917 -5.788400581887356 3.642811889128289
      vertex -4.756201520104295 -5.775795505615221 3.653699536284913
    endloop
  endfacet
  facet normal -0.5824717053049022 -0.268371085204322 0.767270273857559
    outer loop
      vertex -5.314860549004678 -5.876282130262296 3.1944470489168726
      vertex -4.756201520104295 -5.775795505615221 3.653699536284913
      vertex -4.750152588223847 -5.483654273662389 3.760474937224003
    endloop
  endfacet
  facet normal -0.7206332632984219 -0.2247918782329583 0.6558630278559434
    outer loop
      vertex -4.750152588223847 -5.483654273662389 3.760474937224003
      vertex -4.756201520104295 -5.775795505615221 3.653699536284913
      vertex -4.677301338062232 -5.642319906207301 3.7861392724184553
    endloop
  endfacet
  facet normal -0.720633263298429 -0.22479187823295588 0.6558630278559366
    outer loop
      vertex -4.565735287622255 -5.8979515939521665 3.821107366065728
      vertex -4.54324652202391 -5.810513296281395 3.875785812906721
      vertex -4.740256643827954 -6.143795722463931 3.5450898896266563
    endloop
  endfacet
  facet normal -0.5824717053049024 -0.26837108520432157 0.7672702738575591
    outer loop
      vertex -5.314860549004678 -5.876282130262296 3.1944470489168726
      vertex -4.750152588223847 -5.483654273662389 3.760474937224003
      vertex -4.858779220114263 -5.3340824531261255 3.7303275582448334
    endloop
  endfacet
  facet normal -0.7206332632984299 -0.22479187823295466 0.6558630278559361
    outer loop
      vertex -4.455706050849517 -5.989338444585569 3.9106804989592643
      vertex -4.565735287622255 -5.8979515939521665 3.821107366065728
      vertex -4.740256643827954 -6.143795722463931 3.5450898896266563
    endloop
  endfacet
  facet normal -0.8485555452829893 -0.2256760477475771 -0.47856431965047513
    outer loop
      vertex -3.4376344343355028 -5.075011754758328 -5.649445989398224
      vertex -3.6341643735954965 -6.360098982416894 -4.694966188949065
      vertex -3.6248244226716375 -5.603777140010783 -5.06818496860848
    endloop
  endfacet
  facet normal -0.8485555452829885 -0.22567604774757818 -0.47856431965047586
    outer loop
      vertex -3.4376344343355028 -5.075011754758328 -5.649445989398224
      vertex -3.6248244226716375 -5.603777140010783 -5.06818496860848
      vertex -3.60730774680627 -5.171188032063317 -5.303239835847379
    endloop
  endfacet
  facet normal -0.7706759670017829 -0.4065915783552672 -0.49065450400097177
    outer loop
      vertex -3.4376344343355028 -5.075011754758328 -5.649445989398224
      vertex -3.60730774680627 -5.171188032063317 -5.303239835847379
      vertex -3.604280908360579 -4.944210053414193 -5.496084384231958
    endloop
  endfacet
  facet normal 0.6823234516947475 -0.4712685527837414 -0.5588744567650981
    outer loop
      vertex -4.579298978825406 -5.791145314608599 -3.848235925492759
      vertex -4.541090051199397 -5.780519921602181 -3.810546899731302
      vertex -4.587474542452011 -5.828333626511168 -3.8268584891241457
    endloop
  endfacet
  facet normal -0.23125547081020595 0.5075080751958441 -0.8300340118521407
    outer loop
      vertex -4.587474542452011 -5.828333626511168 -3.8268584891241457
      vertex -4.541090051199397 -5.780519921602181 -3.810546899731302
      vertex -4.534478405643179 -5.7757520982403605 -3.809473775451358
    endloop
  endfacet
  facet normal -0.23125547081021428 0.5075080751958405 -0.8300340118521403
    outer loop
      vertex -4.466201174372892 -5.9310513565395375 -3.9234511662219878
      vertex -4.534478405643179 -5.7757520982403605 -3.809473775451358
      vertex -4.4474035108455015 -5.9190454551549685 -3.9213476025744947
    endloop
  endfacet
  facet normal -0.23125547081020617 0.5075080751958442 -0.8300340118521404
    outer loop
      vertex -4.587474542452011 -5.828333626511168 -3.8268584891241457
      vertex -4.534478405643179 -5.7757520982403605 -3.809473775451358
      vertex -4.466201174372892 -5.9310513565395375 -3.9234511662219878
    endloop
  endfacet
  facet normal -0.8485555452829895 -0.2256760477475769 -0.4785643196504748
    outer loop
      vertex -3.6248244226716375 -5.603777140010783 -5.06818496860848
      vertex -3.6341643735954965 -6.360098982416894 -4.694966188949065
      vertex -3.766830842360585 -6.045067111998836 -4.608290858988091
    endloop
  endfacet
  facet normal -0.3292054751813981 -0.8388997681375024 0.43344080810352253
    outer loop
      vertex -4.427974175450594 -3.946310413200196 -6.027975014015449
      vertex -4.550832533818852 -3.788461991141702 -5.81578142564168
      vertex -4.635132129366729 -3.8063059183731696 -5.914344260585629
    endloop
  endfacet
  facet normal 0.6961229339569253 -0.5126754405177769 -0.5025701478491392
    outer loop
      vertex -4.618445124237719 -3.86072335004918 -5.835719042007054
      vertex -4.635132129366729 -3.8063059183731696 -5.914344260585629
      vertex -4.550832533818852 -3.788461991141702 -5.81578142564168
    endloop
  endfacet
  facet normal 0.6961229339569257 -0.5126754405177775 -0.5025701478491382
    outer loop
      vertex -4.618445124237719 -3.86072335004918 -5.835719042007054
      vertex -4.550832533818852 -3.788461991141702 -5.81578142564168
      vertex -4.517781632571611 -3.8309257899322597 -5.726684137852517
    endloop
  endfacet
  facet normal -0.8160172442888515 -0.5698785901470479 -0.09671736925310744
    outer loop
      vertex -3.4376344343355028 -5.075011754758328 -5.649445989398224
      vertex -3.7075896576235254 -4.646995056681448 -5.893760275994823
      vertex -3.6154595647116214 -4.707186650509232 -6.316412837995243
    endloop
  endfacet
  facet normal -0.8160172442888507 -0.5698785901470486 -0.09671736925310964
    outer loop
      vertex -3.4376344343355028 -5.075011754758328 -5.649445989398224
      vertex -3.617851641288576 -4.81849162757121 -5.640398801987097
      vertex -3.7075896576235254 -4.646995056681448 -5.893760275994823
    endloop
  endfacet
  facet normal -0.7621541124306551 -0.5219398793471404 -0.3830141919722206
    outer loop
      vertex -3.4376344343355028 -5.075011754758328 -5.649445989398224
      vertex -3.606531392767762 -4.861895841602049 -5.6037771400107825
      vertex -3.617851641288576 -4.81849162757121 -5.640398801987097
    endloop
  endfacet
  facet normal -0.7621541124306522 -0.5219398793471355 -0.38301419197223313
    outer loop
      vertex -3.4376344343355028 -5.075011754758328 -5.649445989398224
      vertex -3.604280908360579 -4.944210053414193 -5.496084384231958
      vertex -3.606531392767762 -4.861895841602049 -5.6037771400107825
    endloop
  endfacet
  facet normal -0.6049664394713201 -0.4130779631083151 -0.6807218253498848
    outer loop
      vertex -3.4376344343355028 -5.075011754758328 -5.649445989398224
      vertex -2.073623242966537 -7.183763869334019 -5.582020452800847
      vertex -2.4101725479178158 -6.834872766473729 -5.494639959930345
    endloop
  endfacet
  facet normal -0.5664179130338343 -0.7761613292703056 -0.2770276858722752
    outer loop
      vertex -3.4376344343355028 -5.075011754758328 -5.649445989398224
      vertex -2.4608728390062455 -5.461515806554496 -6.563671457333196
      vertex -1.9705428244130219 -5.798406964490141 -6.622329185169441
    endloop
  endfacet
  facet normal -0.6049664394713199 -0.41307796310831496 -0.680721825349885
    outer loop
      vertex -3.4376344343355028 -5.075011754758328 -5.649445989398224
      vertex -2.4101725479178158 -6.834872766473729 -5.494639959930345
      vertex -3.6341643735954965 -6.360098982416894 -4.694966188949065
    endloop
  endfacet
  facet normal -0.5664179130338342 -0.7761613292703058 -0.27702768587227494
    outer loop
      vertex -3.4376344343355028 -5.075011754758328 -5.649445989398224
      vertex -3.6154595647116214 -4.707186650509232 -6.316412837995243
      vertex -2.4608728390062455 -5.461515806554496 -6.563671457333196
    endloop
  endfacet
  facet normal -0.6049664394712777 -0.41307796310825595 -0.6807218253499583
    outer loop
      vertex -2.073623242966537 -7.183763869334019 -5.582020452800847
      vertex -2.07993954765945 -7.180699974381649 -5.578266313034179
      vertex -2.4101725479178158 -6.834872766473729 -5.494639959930345
    endloop
  endfacet
  facet normal -0.5161060494263499 -0.014634657568806851 -0.8563996570196475
    outer loop
      vertex -2.0787768152441157 -7.204474472090648 -5.578560756870663
      vertex -2.07993954765945 -7.180699974381649 -5.578266313034179
      vertex -2.073623242966537 -7.183763869334019 -5.582020452800847
    endloop
  endfacet
  facet normal -0.572029443909909 -0.8087575580431066 -0.1367242758557224
    outer loop
      vertex -1.9705428244130219 -5.798406964490141 -6.622329185169441
      vertex -2.4608728390062455 -5.461515806554496 -6.563671457333196
      vertex -2.4101725479178158 -5.494639959930345 -6.579854756948715
    endloop
  endfacet
  facet normal -0.5720294439099092 -0.8087575580431104 -0.13672427585569763
    outer loop
      vertex -1.9705428244130219 -5.798406964490141 -6.622329185169441
      vertex -2.4101725479178158 -5.494639959930345 -6.579854756948715
      vertex -2.121005163513881 -5.567867086763085 -7.356521995835983
    endloop
  endfacet
  facet normal -0.6366357191117135 -0.43221772358605415 -0.6386570289045606
    outer loop
      vertex -3.4376344343355028 -5.075011754758328 -5.649445989398224
      vertex -1.9705428244130219 -5.798406964490141 -6.622329185169441
      vertex -2.073623242966537 -7.183763869334019 -5.582020452800847
    endloop
  endfacet
  facet normal -0.213544870568059 -0.11485151800448032 -0.9701586040777751
    outer loop
      vertex -0.05882531652686917 -7.87793844517337 -5.943325044806497
      vertex -0.21836032377751127 -7.469647426351705 -5.9565444924008855
      vertex -0.05283269290569052 -7.495154122685092 -5.989959743866503
    endloop
  endfacet
  facet normal -0.2135448705680653 -0.11485151800451891 -0.9701586040777693
    outer loop
      vertex -2.0458386178808396 -7.194190750710965 -5.586901841260019
      vertex -2.073623242966537 -7.183763869334019 -5.582020452800847
      vertex -2.031674299424314 -7.190227919830014 -5.590488733835243
    endloop
  endfacet
  facet normal -0.21173157509461998 -0.10954657369245964 -0.9711690317860191
    outer loop
      vertex -2.0787768152441157 -7.204474472090648 -5.578560756870663
      vertex -2.073623242966537 -7.183763869334019 -5.582020452800847
      vertex -2.0458386178808396 -7.194190750710965 -5.586901841260019
    endloop
  endfacet
  facet normal -0.24608707378869263 -0.5702360633788671 -0.7837550536591719
    outer loop
      vertex -2.031674299424314 -7.190227919830014 -5.590488733835243
      vertex -2.073623242966537 -7.183763869334019 -5.582020452800847
      vertex -1.9705428244130219 -5.798406964490141 -6.622329185169441
    endloop
  endfacet
  facet normal -0.2460870737886906 -0.5702360633788675 -0.7837550536591721
    outer loop
      vertex -2.031674299424314 -7.190227919830014 -5.590488733835243
      vertex -1.9705428244130219 -5.798406964490141 -6.622329185169441
      vertex -0.4954760728339962 -7.318496775225748 -5.9795069580400195
    endloop
  endfacet
  facet normal -0.22480771025259 -0.9418710443572363 -0.24968065446164753
    outer loop
      vertex -1.9705428244130219 -5.798406964490141 -6.622329185169441
      vertex -2.121005163513881 -5.567867086763085 -7.356521995835983
      vertex -1.3736911758131103 -5.757112690218839 -7.315497560946428
    endloop
  endfacet
  facet normal -0.2811659542412218 -0.5976235970960168 -0.7508606677471134
    outer loop
      vertex -1.9705428244130219 -5.798406964490141 -6.622329185169441
      vertex -0.047928281726747755 -6.138130085962109 -7.071876235855224
      vertex -0.05283269290569052 -7.495154122685092 -5.989959743866503
    endloop
  endfacet
  facet normal -0.24608707378868888 -0.5702360633788663 -0.7837550536591734
    outer loop
      vertex -1.9705428244130219 -5.798406964490141 -6.622329185169441
      vertex -0.05283269290569052 -7.495154122685092 -5.989959743866503
      vertex -0.21836032377751127 -7.469647426351705 -5.9565444924008855
    endloop
  endfacet
  facet normal -0.24608707378869382 -0.5702360633788695 -0.7837550536591696
    outer loop
      vertex -1.9705428244130219 -5.798406964490141 -6.622329185169441
      vertex -0.21836032377751127 -7.469647426351705 -5.9565444924008855
      vertex -0.4954760728339962 -7.318496775225748 -5.9795069580400195
    endloop
  endfacet
  facet normal -0.22480771025259028 -0.9418710443572362 -0.2496806544616478
    outer loop
      vertex -1.9705428244130219 -5.798406964490141 -6.622329185169441
      vertex -1.3736911758131103 -5.757112690218839 -7.315497560946428
      vertex -0.047928281726747755 -6.138130085962109 -7.071876235855224
    endloop
  endfacet
  facet normal -0.23239312524821112 -0.9479111770389826 -0.21784819435088232
    outer loop
      vertex -1.3736911758131103 -5.757112690218839 -7.315497560946428
      vertex -0.4954760728339962 -5.9795069580400195 -7.284655626379918
      vertex -0.047928281726747755 -6.138130085962109 -7.071876235855224
    endloop
  endfacet
  facet normal -0.23239312524821032 -0.9479111770389825 -0.21784819435088398
    outer loop
      vertex -0.05934688331487223 -5.943368263062727 -7.907151941582203
      vertex -0.047928281726747755 -6.138130085962109 -7.071876235855224
      vertex -0.4954760728339962 -5.9795069580400195 -7.284655626379918
    endloop
  endfacet
  facet normal 0.22978276552005072 -0.12124393749091543 -0.965660286172967
    outer loop
      vertex -0.05882531652686917 -7.87793844517337 -5.943325044806497
      vertex -0.05283269290569052 -7.495154122685092 -5.989959743866503
      vertex 0.24539197816589942 -7.502155790563166 -5.918116881069873
    endloop
  endfacet
  facet normal 0.2235244935450876 -0.6081141377904309 -0.7617309211295106
    outer loop
      vertex -0.05283269290569052 -7.495154122685092 -5.989959743866503
      vertex -0.047928281726747755 -6.138130085962109 -7.071876235855224
      vertex 1.9413467174446999 -5.865391699919497 -6.705873477522082
    endloop
  endfacet
  facet normal 0.192944112086116 -0.4921061736498971 -0.8488840223887817
    outer loop
      vertex -0.05283269290569052 -7.495154122685092 -5.989959743866503
      vertex 0.5715306620508936 -7.4209014368590225 -5.891092259236578
      vertex 0.24539197816589942 -7.502155790563166 -5.918116881069873
    endloop
  endfacet
  facet normal 0.19425808608940806 -0.5839370710350309 -0.7882139893835362
    outer loop
      vertex -0.05283269290569052 -7.495154122685092 -5.989959743866503
      vertex 1.9413467174446999 -5.865391699919497 -6.705873477522082
      vertex 0.5715306620508936 -7.4209014368590225 -5.891092259236578
    endloop
  endfacet
  facet normal 0.24403152747102927 -0.9436902840614266 -0.22337694905298597
    outer loop
      vertex -0.05934688331487223 -5.943368263062727 -7.907151941582203
      vertex 0.8077769687004577 -5.871516332147327 -7.263398906062686
      vertex -0.047928281726747755 -6.138130085962109 -7.071876235855224
    endloop
  endfacet
  facet normal 0.19462769336178057 -0.9018137680194332 -0.38581341188100843
    outer loop
      vertex -0.047928281726747755 -6.138130085962109 -7.071876235855224
      vertex 0.8077769687004577 -5.871516332147327 -7.263398906062686
      vertex 1.4729129228447957 -5.816401595635982 -7.056691088593132
    endloop
  endfacet
  facet normal 0.19462769336178043 -0.9018137680194325 -0.3858134118810102
    outer loop
      vertex -0.047928281726747755 -6.138130085962109 -7.071876235855224
      vertex 1.4729129228447957 -5.816401595635982 -7.056691088593132
      vertex 1.9413467174446999 -5.865391699919497 -6.705873477522082
    endloop
  endfacet
  facet normal 0.19425808608940764 -0.5839370710350308 -0.7882139893835366
    outer loop
      vertex 0.5715306620508936 -7.4209014368590225 -5.891092259236578
      vertex 1.9413467174446999 -5.865391699919497 -6.705873477522082
      vertex 1.4729129228447957 -7.221858470320828 -5.816401595635982
    endloop
  endfacet
  facet normal 0.19425808608940798 -0.5839370710350308 -0.7882139893835363
    outer loop
      vertex 1.4729129228447957 -7.221858470320828 -5.816401595635982
      vertex 1.9413467174446999 -5.865391699919497 -6.705873477522082
      vertex 1.715669444869181 -7.284834230307583 -5.709918712411984
    endloop
  endfacet
  facet normal 0.19294411208611503 -0.49210617364990356 -0.8488840223887782
    outer loop
      vertex 1.715669444869181 -7.284834230307583 -5.709918712411984
      vertex 2.0331786805536254 -7.247074305198282 -5.65964135511725
      vertex 2.0504909213892555 -7.406902678516161 -5.563052395956879
    endloop
  endfacet
  facet normal 0.19425808608940692 -0.5839370710350308 -0.7882139893835365
    outer loop
      vertex 1.715669444869181 -7.284834230307583 -5.709918712411984
      vertex 1.9413467174446999 -5.865391699919497 -6.705873477522082
      vertex 2.0331786805536254 -7.247074305198282 -5.65964135511725
    endloop
  endfacet
  facet normal 0.19462769336178024 -0.9018137680194326 -0.3858134118810099
    outer loop
      vertex 1.4729129228447957 -5.816401595635982 -7.056691088593132
      vertex 2.0366589089097875 -5.569119679164438 -7.35030881275202
      vertex 1.9413467174446999 -5.865391699919497 -6.705873477522082
    endloop
  endfacet
  facet normal 0.631197388158255 -0.349942244769448 -0.6921923739163246
    outer loop
      vertex 2.0331786805536254 -7.247074305198282 -5.65964135511725
      vertex 2.450231708567622 -7.032713635782045 -5.387709829643841
      vertex 2.0504909213892555 -7.406902678516161 -5.563052395956879
    endloop
  endfacet
  facet normal 0.6010683844293683 -0.7561562872084117 -0.2587362876649877
    outer loop
      vertex 1.9413467174446999 -5.865391699919497 -6.705873477522082
      vertex 2.0366589089097875 -5.569119679164438 -7.35030881275202
      vertex 2.7890040271881156 -5.239110513166708 -6.566992483603364
    endloop
  endfacet
  facet normal 0.6477311219232829 -0.43209268362049535 -0.6274872958503972
    outer loop
      vertex 2.0331786805536254 -7.247074305198282 -5.65964135511725
      vertex 1.9413467174446999 -5.865391699919497 -6.705873477522082
      vertex 3.4506700140557984 -5.116469826810817 -5.663570287305514
    endloop
  endfacet
  facet normal 0.6374897000544618 -0.42530662680674136 -0.6424337752007933
    outer loop
      vertex 2.0331786805536254 -7.247074305198282 -5.65964135511725
      vertex 3.2816889487345593 -6.337349940349911 -5.022998869575172
      vertex 2.450231708567622 -7.032713635782045 -5.387709829643841
    endloop
  endfacet
  facet normal 0.5946410127270092 -0.7302382052906619 -0.3363840506279539
    outer loop
      vertex 1.9413467174446999 -5.865391699919497 -6.705873477522082
      vertex 2.7890040271881156 -5.239110513166708 -6.566992483603364
      vertex 3.4506700140557984 -5.116469826810817 -5.663570287305514
    endloop
  endfacet
  facet normal 0.6374897000544625 -0.4253066268067436 -0.6424337752007911
    outer loop
      vertex 2.0331786805536254 -7.247074305198282 -5.65964135511725
      vertex 3.4506700140557984 -5.116469826810817 -5.663570287305514
      vertex 3.2816889487345593 -6.337349940349911 -5.022998869575172
    endloop
  endfacet
  facet normal 0.6374897000544616 -0.4253066268067425 -0.6424337752007929
    outer loop
      vertex 3.2816889487345593 -6.337349940349911 -5.022998869575172
      vertex 3.474987724833083 -5.900914069171646 -5.120118746830764
      vertex 3.5147330187956562 -5.982406095009543 -5.026729643605628
    endloop
  endfacet
  facet normal 0.6374897000544645 -0.4253066268067431 -0.6424337752007896
    outer loop
      vertex 3.2816889487345593 -6.337349940349911 -5.022998869575172
      vertex 3.4506700140557984 -5.116469826810817 -5.663570287305514
      vertex 3.474987724833083 -5.900914069171646 -5.120118746830764
    endloop
  endfacet
  facet normal 0.5946410127270084 -0.7302382052906632 -0.33638405062795307
    outer loop
      vertex 2.7890040271881156 -5.239110513166708 -6.566992483603364
      vertex 3.2816889487345593 -5.022998869575172 -6.165196733499588
      vertex 3.4506700140557984 -5.116469826810817 -5.663570287305514
    endloop
  endfacet
  facet normal 0.6374897000544577 -0.42530662680674647 -0.6424337752007941
    outer loop
      vertex 3.4506700140557984 -5.116469826810817 -5.663570287305514
      vertex 3.543323561868655 -5.82801220657381 -5.100571600540958
      vertex 3.474987724833083 -5.900914069171646 -5.120118746830764
    endloop
  endfacet
  facet normal 0.637489700054462 -0.4253066268067469 -0.6424337752007893
    outer loop
      vertex 3.2816889487345593 -6.337349940349911 -5.022998869575172
      vertex 3.439784412282399 -6.30480625381084 -4.887664789320564
      vertex 3.4466619349497334 -6.319472877217318 -4.8711305372310765
    endloop
  endfacet
  facet normal 0.6374897000544628 -0.42530662680674336 -0.642433775200791
    outer loop
      vertex 3.2816889487345593 -6.337349940349911 -5.022998869575172
      vertex 3.5147330187956562 -5.982406095009543 -5.026729643605628
      vertex 3.439784412282399 -6.30480625381084 -4.887664789320564
    endloop
  endfacet
  facet normal 0.5946410127270094 -0.7302382052906621 -0.33638405062795323
    outer loop
      vertex 3.2816889487345593 -5.022998869575172 -6.165196733499588
      vertex 3.547256875747015 -4.778526370624005 -6.22645284172487
      vertex 3.4506700140557984 -5.116469826810817 -5.663570287305514
    endloop
  endfacet
  facet normal 0.5946410127270122 -0.7302382052906606 -0.3363840506279517
    outer loop
      vertex 3.4506700140557984 -5.116469826810817 -5.663570287305514
      vertex 3.547256875747015 -4.778526370624005 -6.22645284172487
      vertex 3.571180644718505 -4.769510129173446 -6.20373461171407
    endloop
  endfacet
  facet normal 0.8108882683367734 -0.29452513419942694 -0.5056828666255152
    outer loop
      vertex 3.4506700140557984 -5.116469826810817 -5.663570287305514
      vertex 3.6802090772769236 -5.6037771400107825 -5.011670040996136
      vertex 3.543323561868655 -5.82801220657381 -5.100571600540958
    endloop
  endfacet
  facet normal 0.8108882683367723 -0.29452513419942855 -0.5056828666255159
    outer loop
      vertex 3.4506700140557984 -5.116469826810817 -5.663570287305514
      vertex 3.730223604067587 -4.8679608696173915 -5.360031048238305
      vertex 3.6802090772769236 -5.6037771400107825 -5.011670040996136
    endloop
  endfacet
  facet normal 0.7688839549753922 -0.6020865710865592 -0.21519578225102082
    outer loop
      vertex 3.4506700140557984 -5.116469826810817 -5.663570287305514
      vertex 3.571180644718505 -4.769510129173446 -6.20373461171407
      vertex 3.835577778313264 -4.562290639796951 -5.838826707292901
    endloop
  endfacet
  facet normal 0.7688839549753924 -0.6020865710865592 -0.2151957822510204
    outer loop
      vertex 3.4506700140557984 -5.116469826810817 -5.663570287305514
      vertex 3.835577778313264 -4.562290639796951 -5.838826707292901
      vertex 3.7060147207120857 -4.811757475396817 -5.603777140010783
    endloop
  endfacet
  facet normal 0.7688839549753923 -0.6020865710865588 -0.2151957822510211
    outer loop
      vertex 3.4506700140557984 -5.116469826810817 -5.663570287305514
      vertex 3.7060147207120857 -4.811757475396817 -5.603777140010783
      vertex 3.730223604067587 -4.8679608696173915 -5.360031048238305
    endloop
  endfacet
  facet normal -0.36595453023504537 -0.7498830260480989 -0.5511376679609129
    outer loop
      vertex -5.927384732799539 -3.2222576484919694 -5.210621636895262
      vertex -5.456861663680745 -3.635669527612693 -4.960556162863947
      vertex -5.672318945286195 -3.6026281429905636 -4.8624492869713425
    endloop
  endfacet
  facet normal -0.5057453585725621 -0.7879964833319748 -0.3511170382347619
    outer loop
      vertex -5.927384732799539 -3.2222576484919694 -5.210621636895262
      vertex -4.905969518215833 -3.33218198426055 -6.435159232947173
      vertex -4.914312605583044 -3.719409022081409 -5.5541053731820735
    endloop
  endfacet
  facet normal -0.505745358572562 -0.787996483331975 -0.3511170382347614
    outer loop
      vertex -5.927384732799539 -3.2222576484919694 -5.210621636895262
      vertex -4.914312605583044 -3.719409022081409 -5.5541053731820735
      vertex -5.456861663680745 -3.635669527612693 -4.960556162863947
    endloop
  endfacet
  facet normal -0.04992444775456243 -0.7824210842101212 -0.6207453556007166
    outer loop
      vertex -5.927384732799539 -3.2222576484919694 -5.210621636895262
      vertex -5.872598168134036 -3.5414814944843758 -4.812660900704579
      vertex -6.695420647257104 -3.4494773910320524 -4.862451031594528
    endloop
  endfacet
  facet normal -0.36595453023504293 -0.7498830260480988 -0.5511376679609147
    outer loop
      vertex -5.927384732799539 -3.2222576484919694 -5.210621636895262
      vertex -5.672318945286195 -3.6026281429905636 -4.8624492869713425
      vertex -5.872598168134036 -3.5414814944843758 -4.812660900704579
    endloop
  endfacet
  facet normal -0.3659545302350428 -0.7498830260481 -0.5511376679609132
    outer loop
      vertex -5.872598168134036 -3.5414814944843758 -4.812660900704579
      vertex -5.672318945286195 -3.6026281429905636 -4.8624492869713425
      vertex -5.755044024447484 -3.636736927111714 -4.761111238455528
    endloop
  endfacet
  facet normal -0.6469754947048383 -0.6843314251392572 -0.3363230735740606
    outer loop
      vertex -4.618445124237719 -3.86072335004918 -5.835719042007054
      vertex -4.883422202438545 -3.7242013967201903 -5.6037771400107825
      vertex -4.635132129366729 -3.8063059183731696 -5.914344260585629
    endloop
  endfacet
  facet normal -0.5057453585725634 -0.7879964833319741 -0.35111703823476165
    outer loop
      vertex -4.80351071355781 -3.463821059176326 -6.287308067811438
      vertex -4.914312605583044 -3.719409022081409 -5.5541053731820735
      vertex -4.905969518215833 -3.33218198426055 -6.435159232947173
    endloop
  endfacet
  facet normal -0.6469754947048446 -0.6843314251392508 -0.33632307357406155
    outer loop
      vertex -4.80351071355781 -3.463821059176326 -6.287308067811438
      vertex -4.883422202438545 -3.7242013967201903 -5.6037771400107825
      vertex -4.914312605583044 -3.719409022081409 -5.5541053731820735
    endloop
  endfacet
  facet normal -0.6469754947048397 -0.6843314251392549 -0.33632307357406244
    outer loop
      vertex -4.635132129366729 -3.8063059183731696 -5.914344260585629
      vertex -4.883422202438545 -3.7242013967201903 -5.6037771400107825
      vertex -4.80351071355781 -3.463821059176326 -6.287308067811438
    endloop
  endfacet
  facet normal -0.6469754947048393 -0.6843314251392552 -0.3363230735740628
    outer loop
      vertex -4.427974175450594 -3.946310413200196 -6.027975014015449
      vertex -4.635132129366729 -3.8063059183731696 -5.914344260585629
      vertex -4.80351071355781 -3.463821059176326 -6.287308067811438
    endloop
  endfacet
  facet normal -0.22937979056402297 -0.5022323449154799 -0.8337551099702498
    outer loop
      vertex -6.869425323521106 -2.6672751204675587 -5.285757731757139
      vertex -5.927384732799539 -3.2222576484919694 -5.210621636895262
      vertex -6.695420647257104 -3.4494773910320524 -4.862451031594528
    endloop
  endfacet
  facet normal -0.30190464314006277 -0.6114803941241532 -0.7313995584167668
    outer loop
      vertex -6.869425323521106 -2.6672751204675587 -5.285757731757139
      vertex -6.474254956444324 -2.2845643210767093 -5.76883693932975
      vertex -5.927384732799539 -3.2222576484919694 -5.210621636895262
    endloop
  endfacet
  facet normal -0.6161988938837135 -0.6815718226308874 -0.39466286089787833
    outer loop
      vertex -5.276842507238934 -2.8556843582224425 -6.652084228602076
      vertex -6.474254956444324 -2.2845643210767093 -5.76883693932975
      vertex -5.44506119146139 -2.409075742010608 -7.160720082882903
    endloop
  endfacet
  facet normal -0.6161988938837173 -0.6815718226308853 -0.3946628608978761
    outer loop
      vertex -5.276842507238934 -2.8556843582224425 -6.652084228602076
      vertex -5.44506119146139 -2.409075742010608 -7.160720082882903
      vertex -5.417140740504204 -2.447009566337334 -7.13880245230197
    endloop
  endfacet
  facet normal -0.6161988938837135 -0.6815718226308877 -0.39466286089787816
    outer loop
      vertex -5.022778347178835 -3.182105997740823 -6.4850410534773815
      vertex -6.474254956444324 -2.2845643210767093 -5.76883693932975
      vertex -5.276842507238934 -2.8556843582224425 -6.652084228602076
    endloop
  endfacet
  facet normal -0.6200140814529752 -0.6355095733013424 -0.4601196812160604
    outer loop
      vertex -5.022778347178835 -3.182105997740823 -6.4850410534773815
      vertex -5.927384732799539 -3.2222576484919694 -5.210621636895262
      vertex -6.474254956444324 -2.2845643210767093 -5.76883693932975
    endloop
  endfacet
  facet normal -0.6200140814529757 -0.6355095733013418 -0.4601196812160606
    outer loop
      vertex -5.022778347178835 -3.182105997740823 -6.4850410534773815
      vertex -4.905969518215833 -3.33218198426055 -6.435159232947173
      vertex -5.927384732799539 -3.2222576484919694 -5.210621636895262
    endloop
  endfacet
  facet normal -0.3019046431400616 -0.6114803941241542 -0.7313995584167665
    outer loop
      vertex -6.869425323521106 -2.6672751204675587 -5.285757731757139
      vertex -7.075536298475733 -2.3787472818768265 -5.441901189600531
      vertex -6.474254956444324 -2.2845643210767093 -5.76883693932975
    endloop
  endfacet
  facet normal -0.8101188381953753 -0.5859958516767 0.017785663290254827
    outer loop
      vertex -5.413224315852299 -2.4584177216098584 -7.336285234854506
      vertex -5.417140740504204 -2.447009566337334 -7.13880245230197
      vertex -5.44506119146139 -2.409075742010608 -7.160720082882903
    endloop
  endfacet
  facet normal -0.7128082755424198 -0.4472249879537588 -0.5402723132532353
    outer loop
      vertex -6.474254956444324 -2.2845643210767093 -5.76883693932975
      vertex -6.98260979011161 -1.192979390189304 -6.001727876233297
      vertex -5.91488782326906 -1.242972731672665 -7.369043513699402
    endloop
  endfacet
  facet normal -0.17323833701984093 -0.4454567052807168 -0.8783830612591802
    outer loop
      vertex -7.82190617439989 -1.2966389582059343 -5.7836292266011515
      vertex -6.98260979011161 -1.192979390189304 -6.001727876233297
      vertex -7.115793232988099 -1.705919031819301 -5.7153324617199
    endloop
  endfacet
  facet normal -0.3997914169216835 -0.36552123074480564 -0.8405718605988158
    outer loop
      vertex -6.979286590195048 -1.9481968152281037 -5.674903450203807
      vertex -7.115793232988099 -1.705919031819301 -5.7153324617199
      vertex -6.98260979011161 -1.192979390189304 -6.001727876233297
    endloop
  endfacet
  facet normal -0.3997914169216854 -0.36552123074480564 -0.840571860598815
    outer loop
      vertex -6.979286590195048 -1.9481968152281037 -5.674903450203807
      vertex -6.474254956444324 -2.2845643210767093 -5.76883693932975
      vertex -7.075536298475733 -2.3787472818768265 -5.441901189600531
    endloop
  endfacet
  facet normal -0.3997914169216852 -0.36552123074480536 -0.8405718605988153
    outer loop
      vertex -6.979286590195048 -1.9481968152281037 -5.674903450203807
      vertex -6.98260979011161 -1.192979390189304 -6.001727876233297
      vertex -6.474254956444324 -2.2845643210767093 -5.76883693932975
    endloop
  endfacet
  facet normal -0.7545077896926224 -0.39731290667260977 -0.5223604593425073
    outer loop
      vertex -6.474254956444324 -2.2845643210767093 -5.76883693932975
      vertex -5.91488782326906 -1.242972731672665 -7.369043513699402
      vertex -5.44506119146139 -2.409075742010608 -7.160720082882903
    endloop
  endfacet
  facet normal -0.8638218249311074 -0.40223025455896055 -0.3033523975348223
    outer loop
      vertex -5.822478332591696 -1.2663014972887299 -7.601254632246744
      vertex -5.511244820829177 -2.172893745009539 -7.285422183747612
      vertex -5.91488782326906 -1.242972731672665 -7.369043513699402
    endloop
  endfacet
  facet normal -0.9469585943863306 -0.31002246479221107 -0.08459014033578262
    outer loop
      vertex -5.413224315852299 -2.4584177216098584 -7.336285234854506
      vertex -5.44506119146139 -2.409075742010608 -7.160720082882903
      vertex -5.511244820829177 -2.172893745009539 -7.285422183747612
    endloop
  endfacet
  facet normal -0.86382182493111 -0.402230254558961 -0.30335239753481436
    outer loop
      vertex -5.44506119146139 -2.409075742010608 -7.160720082882903
      vertex -5.91488782326906 -1.242972731672665 -7.369043513699402
      vertex -5.511244820829177 -2.172893745009539 -7.285422183747612
    endloop
  endfacet
  facet normal -0.22801004178276515 -0.17071407824881388 -0.9585760920938302
    outer loop
      vertex -7.82190617439989 -1.2966389582059343 -5.7836292266011515
      vertex -7.823036659431435 -1.272674522779329 -5.7876281835926155
      vertex -6.98260979011161 -1.192979390189304 -6.001727876233297
    endloop
  endfacet
  facet normal -0.22333723803796207 -0.17373085169639477 -0.9591340204968333
    outer loop
      vertex -7.823036659431435 -1.272674522779329 -5.7876281835926155
      vertex -7.900989600985975 0 -6
      vertex -7.050400342181218 -2.7866726581359872e-18 -6.198062264195162
    endloop
  endfacet
  facet normal -0.92823896712019 -0.09373967815583031 -0.35997957255778296
    outer loop
      vertex -5.918167820416334 -0.30995738063661926 -7.603545535457525
      vertex -5.918167820416334 -0.9875675416844049 -7.427093971941254
      vertex -5.968311996052687 -2.1877763181402294e-17 -7.55495813208737
    endloop
  endfacet
  facet normal -0.9828672911384438 -0.14026173341148493 -0.11957647824962313
    outer loop
      vertex -5.918167820416334 -0.30995738063661926 -7.603545535457525
      vertex -5.968311996052687 -2.1877763181402294e-17 -7.55495813208737
      vertex -5.918167820416334 -2.7676772903892743e-17 -7.967121718066103
    endloop
  endfacet
  facet normal -0.7842232517647691 -0.12462209491154268 -0.6078348664327755
    outer loop
      vertex -6.98260979011161 -1.192979390189304 -6.001727876233297
      vertex -5.968311996052687 -2.1877763181402294e-17 -7.55495813208737
      vertex -5.91488782326906 -1.242972731672665 -7.369043513699402
    endloop
  endfacet
  facet normal -0.7735144404427097 -0.1454738025650061 -0.6168571821693245
    outer loop
      vertex -6.98260979011161 -1.192979390189304 -6.001727876233297
      vertex -7.050400342181218 -2.7866726581359872e-18 -6.198062264195162
      vertex -5.968311996052687 -2.1877763181402294e-17 -7.55495813208737
    endloop
  endfacet
  facet normal -0.22801004178276654 -0.17071407824880344 -0.9585760920938319
    outer loop
      vertex -7.823036659431435 -1.272674522779329 -5.7876281835926155
      vertex -7.050400342181218 -2.7866726581359872e-18 -6.198062264195162
      vertex -6.98260979011161 -1.192979390189304 -6.001727876233297
    endloop
  endfacet
  facet normal -0.92823896712019 -0.09373967815583059 -0.3599795725577831
    outer loop
      vertex -5.822478332591696 -1.2663014972887299 -7.601254632246744
      vertex -5.91488782326906 -1.242972731672665 -7.369043513699402
      vertex -5.918167820416334 -0.9875675416844049 -7.427093971941254
    endloop
  endfacet
  facet normal -0.9282389671201909 -0.09373967815583006 -0.35997957255778074
    outer loop
      vertex -5.91488782326906 -1.242972731672665 -7.369043513699402
      vertex -5.968311996052687 -2.1877763181402294e-17 -7.55495813208737
      vertex -5.918167820416334 -0.9875675416844049 -7.427093971941254
    endloop
  endfacet
  facet normal -0.22333723803796204 0.1737308516963956 -0.959134020496833
    outer loop
      vertex -7.900989600985975 0 -6
      vertex -7.8230366594314305 1.2726745227793237 -5.787628183592616
      vertex -7.050400342181218 -2.7866726581359872e-18 -6.198062264195162
    endloop
  endfacet
  facet normal -0.22801004178276713 0.17071407824880794 -0.958576092093831
    outer loop
      vertex -7.8230366594314305 1.2726745227793237 -5.787628183592616
      vertex -7.821906174399887 1.2966389582059337 -5.7836292266011515
      vertex -6.98260979011161 1.192979390189304 -6.001727876233297
    endloop
  endfacet
  facet normal -0.9828672911384442 0.14026173341148376 -0.11957647824962318
    outer loop
      vertex -5.968311996052687 -2.1877763181402294e-17 -7.55495813208737
      vertex -5.918167820416334 0.309957380636622 -7.603545535457525
      vertex -5.918167820416334 -2.7676772903892743e-17 -7.967121718066103
    endloop
  endfacet
  facet normal -0.9282389671201914 0.09373967815583024 -0.35997957255777946
    outer loop
      vertex -5.968311996052687 -2.1877763181402294e-17 -7.55495813208737
      vertex -5.918167820416334 0.9875675416844049 -7.427093971941253
      vertex -5.918167820416334 0.309957380636622 -7.603545535457525
    endloop
  endfacet
  facet normal -0.7735144404427097 0.1454738025650061 -0.6168571821693245
    outer loop
      vertex -5.968311996052687 -2.1877763181402294e-17 -7.55495813208737
      vertex -7.050400342181218 -2.7866726581359872e-18 -6.198062264195162
      vertex -6.98260979011161 1.192979390189304 -6.001727876233297
    endloop
  endfacet
  facet normal -0.7842232517647688 0.12462209491154315 -0.6078348664327756
    outer loop
      vertex -5.968311996052687 -2.1877763181402294e-17 -7.55495813208737
      vertex -6.98260979011161 1.192979390189304 -6.001727876233297
      vertex -5.91488782326906 1.2429727316726646 -7.369043513699401
    endloop
  endfacet
  facet normal -0.2280100417827677 0.17071407824880344 -0.9585760920938315
    outer loop
      vertex -7.8230366594314305 1.2726745227793237 -5.787628183592616
      vertex -6.98260979011161 1.192979390189304 -6.001727876233297
      vertex -7.050400342181218 -2.7866726581359872e-18 -6.198062264195162
    endloop
  endfacet
  facet normal -0.9282389671201904 0.09373967815583051 -0.35997957255778196
    outer loop
      vertex -5.968311996052687 -2.1877763181402294e-17 -7.55495813208737
      vertex -5.91488782326906 1.2429727316726646 -7.369043513699401
      vertex -5.918167820416334 0.9875675416844049 -7.427093971941253
    endloop
  endfacet
  facet normal -0.9282389671201906 0.09373967815583047 -0.3599795725577818
    outer loop
      vertex -5.822478332591696 1.2663014972887299 -7.601254632246744
      vertex -5.918167820416334 0.9875675416844049 -7.427093971941253
      vertex -5.91488782326906 1.2429727316726646 -7.369043513699401
    endloop
  endfacet
  facet normal -0.7128082755424197 0.44722498795375887 -0.5402723132532357
    outer loop
      vertex -6.98260979011161 1.192979390189304 -6.001727876233297
      vertex -6.474254956444325 2.2845643210767066 -5.768836939329751
      vertex -5.91488782326906 1.2429727316726646 -7.369043513699401
    endloop
  endfacet
  facet normal -0.17323833701984204 0.4454567052807165 -0.8783830612591801
    outer loop
      vertex -7.821906174399887 1.2966389582059337 -5.7836292266011515
      vertex -7.1157932329881 1.7059190318193005 -5.7153324617199
      vertex -6.98260979011161 1.192979390189304 -6.001727876233297
    endloop
  endfacet
  facet normal -0.399791416921684 0.3655212307448051 -0.8405718605988158
    outer loop
      vertex -6.98260979011161 1.192979390189304 -6.001727876233297
      vertex -7.1157932329881 1.7059190318193005 -5.7153324617199
      vertex -6.979286590195049 1.9481968152281008 -5.674903450203808
    endloop
  endfacet
  facet normal -0.39979141692168446 0.365521230744805 -0.8405718605988157
    outer loop
      vertex -6.98260979011161 1.192979390189304 -6.001727876233297
      vertex -6.979286590195049 1.9481968152281008 -5.674903450203808
      vertex -6.474254956444325 2.2845643210767066 -5.768836939329751
    endloop
  endfacet
  facet normal -0.39979141692168385 0.3655212307448038 -0.8405718605988165
    outer loop
      vertex -6.979286590195049 1.9481968152281008 -5.674903450203808
      vertex -7.075536298475737 2.3787472818768243 -5.441901189600532
      vertex -6.474254956444325 2.2845643210767066 -5.768836939329751
    endloop
  endfacet
  facet normal -0.8638218249311076 0.40223025455896133 -0.30335239753482035
    outer loop
      vertex -5.822478332591696 1.2663014972887299 -7.601254632246744
      vertex -5.91488782326906 1.2429727316726646 -7.369043513699401
      vertex -5.511244820829174 2.1728937450095445 -7.285422183747609
    endloop
  endfacet
  facet normal -0.7545077896926227 0.39731290667260916 -0.5223604593425075
    outer loop
      vertex -6.474254956444325 2.2845643210767066 -5.768836939329751
      vertex -5.445061191461391 2.4090757420106046 -7.1607200828829045
      vertex -5.91488782326906 1.2429727316726646 -7.369043513699401
    endloop
  endfacet
  facet normal -0.863821824931106 0.40223025455896116 -0.3033523975348258
    outer loop
      vertex -5.91488782326906 1.2429727316726646 -7.369043513699401
      vertex -5.445061191461391 2.4090757420106046 -7.1607200828829045
      vertex -5.511244820829174 2.1728937450095445 -7.285422183747609
    endloop
  endfacet
  facet normal -0.9469585943863308 0.31002246479220896 -0.08459014033578689
    outer loop
      vertex -5.511244820829174 2.1728937450095445 -7.285422183747609
      vertex -5.445061191461391 2.4090757420106046 -7.1607200828829045
      vertex -5.4132243158522995 2.4584177216098535 -7.336285234854505
    endloop
  endfacet
  facet normal -0.3019046431400596 0.6114803941241546 -0.7313995584167671
    outer loop
      vertex -7.075536298475737 2.3787472818768243 -5.441901189600532
      vertex -6.869425323521112 2.6672751204675538 -5.2857577317571405
      vertex -6.474254956444325 2.2845643210767066 -5.768836939329751
    endloop
  endfacet
  facet normal -0.8101188381953743 0.5859958516767013 0.01778566329025121
    outer loop
      vertex -5.4132243158522995 2.4584177216098535 -7.336285234854505
      vertex -5.445061191461391 2.4090757420106046 -7.1607200828829045
      vertex -5.4171407405042045 2.4470095663373304 -7.138802452301972
    endloop
  endfacet
  facet normal -0.301904643140062 0.6114803941241527 -0.7313995584167676
    outer loop
      vertex -6.474254956444325 2.2845643210767066 -5.768836939329751
      vertex -6.869425323521112 2.6672751204675538 -5.2857577317571405
      vertex -5.92738473279954 3.22225764849197 -5.210621636895261
    endloop
  endfacet
  facet normal -0.2293797905640221 0.5022323449154799 -0.8337551099702502
    outer loop
      vertex -6.869425323521112 2.6672751204675538 -5.2857577317571405
      vertex -6.695420647257105 3.449477391032053 -4.862451031594528
      vertex -5.92738473279954 3.22225764849197 -5.210621636895261
    endloop
  endfacet
  facet normal -0.6161988938837137 0.6815718226308869 -0.3946628608978788
    outer loop
      vertex -6.474254956444325 2.2845643210767066 -5.768836939329751
      vertex -5.276842507238934 2.8556843582224425 -6.6520842286020745
      vertex -5.445061191461391 2.4090757420106046 -7.1607200828829045
    endloop
  endfacet
  facet normal -0.616198893883716 0.6815718226308859 -0.3946628608978772
    outer loop
      vertex -5.445061191461391 2.4090757420106046 -7.1607200828829045
      vertex -5.276842507238934 2.8556843582224425 -6.6520842286020745
      vertex -5.4171407405042045 2.4470095663373304 -7.138802452301972
    endloop
  endfacet
  facet normal -0.6161988938837135 0.6815718226308872 -0.39466286089787844
    outer loop
      vertex -6.474254956444325 2.2845643210767066 -5.768836939329751
      vertex -5.0227783471788365 3.182105997740821 -6.485041053477381
      vertex -5.276842507238934 2.8556843582224425 -6.6520842286020745
    endloop
  endfacet
  facet normal -0.6200140814529755 0.6355095733013418 -0.460119681216061
    outer loop
      vertex -6.474254956444325 2.2845643210767066 -5.768836939329751
      vertex -5.92738473279954 3.22225764849197 -5.210621636895261
      vertex -4.905969518215833 3.33218198426055 -6.435159232947173
    endloop
  endfacet
  facet normal -0.6200140814529754 0.63550957330134 -0.4601196812160635
    outer loop
      vertex -6.474254956444325 2.2845643210767066 -5.768836939329751
      vertex -4.905969518215833 3.33218198426055 -6.435159232947173
      vertex -5.0227783471788365 3.182105997740821 -6.485041053477381
    endloop
  endfacet
  facet normal -0.3659545302350461 0.7498830260480996 -0.5511376679609113
    outer loop
      vertex -5.92738473279954 3.22225764849197 -5.210621636895261
      vertex -5.672318945286196 3.602628142990563 -4.862449286971342
      vertex -5.456861663680746 3.635669527612693 -4.960556162863946
    endloop
  endfacet
  facet normal -0.5057453585725614 0.7879964833319754 -0.3511170382347618
    outer loop
      vertex -5.92738473279954 3.22225764849197 -5.210621636895261
      vertex -4.914312605583044 3.719409022081409 -5.554105373182073
      vertex -4.905969518215833 3.33218198426055 -6.435159232947173
    endloop
  endfacet
  facet normal -0.5057453585725615 0.7879964833319755 -0.3511170382347617
    outer loop
      vertex -5.92738473279954 3.22225764849197 -5.210621636895261
      vertex -5.456861663680746 3.635669527612693 -4.960556162863946
      vertex -4.914312605583044 3.719409022081409 -5.554105373182073
    endloop
  endfacet
  facet normal -0.04992444775456147 0.7824210842101216 -0.6207453556007163
    outer loop
      vertex -5.92738473279954 3.22225764849197 -5.210621636895261
      vertex -6.695420647257105 3.449477391032053 -4.862451031594528
      vertex -5.8725981681340365 3.5414814944843744 -4.8126609007045795
    endloop
  endfacet
  facet normal -0.36595453023504143 0.7498830260480995 -0.5511376679609147
    outer loop
      vertex -5.92738473279954 3.22225764849197 -5.210621636895261
      vertex -5.8725981681340365 3.5414814944843744 -4.8126609007045795
      vertex -5.672318945286196 3.602628142990563 -4.862449286971342
    endloop
  endfacet
  facet normal -0.36595453023504143 0.7498830260481021 -0.5511376679609112
    outer loop
      vertex -5.8725981681340365 3.5414814944843744 -4.8126609007045795
      vertex -5.755044024447484 3.636736927111713 -4.761111238455528
      vertex -5.672318945286196 3.602628142990563 -4.862449286971342
    endloop
  endfacet
  facet normal -0.5057453585725616 0.7879964833319753 -0.35111703823476176
    outer loop
      vertex -4.905969518215833 3.33218198426055 -6.435159232947173
      vertex -4.914312605583044 3.719409022081409 -5.554105373182073
      vertex -4.80351071355781 3.463821059176326 -6.287308067811437
    endloop
  endfacet
  facet normal -0.6469754947048383 0.6843314251392563 -0.3363230735740625
    outer loop
      vertex -4.80351071355781 3.463821059176326 -6.287308067811437
      vertex -4.914312605583044 3.719409022081409 -5.554105373182073
      vertex -4.8834222024385445 3.7242013967201903 -5.6037771400107825
    endloop
  endfacet
  facet normal -0.6469754947048416 0.6843314251392534 -0.33632307357406166
    outer loop
      vertex -4.80351071355781 3.463821059176326 -6.287308067811437
      vertex -4.8834222024385445 3.7242013967201903 -5.6037771400107825
      vertex -4.6244958283717095 3.8398774098541018 -5.866495624034768
    endloop
  endfacet
  facet normal -0.6469754947048396 0.6843314251392572 -0.33632307357405794
    outer loop
      vertex -4.8834222024385445 3.7242013967201903 -5.6037771400107825
      vertex -4.619367008686083 3.860248375132524 -5.834912090576288
      vertex -4.6244958283717095 3.8398774098541018 -5.866495624034768
    endloop
  endfacet
  facet normal -0.64697549470484 0.6843314251392543 -0.33632307357406305
    outer loop
      vertex -4.80351071355781 3.463821059176326 -6.287308067811437
      vertex -4.6244958283717095 3.8398774098541018 -5.866495624034768
      vertex -4.4116695157206856 3.967258640449435 -6.0167155578246545
    endloop
  endfacet
  facet normal -0.6469754947048473 0.6843314251392343 -0.33632307357409014
    outer loop
      vertex -4.491254423978435 3.926254764926958 -5.947052645406582
      vertex -4.4116695157206856 3.967258640449435 -6.0167155578246545
      vertex -4.6244958283717095 3.8398774098541018 -5.866495624034768
    endloop
  endfacet
  facet normal 0.6823234516947495 0.558874456765097 -0.47126855278373975
    outer loop
      vertex -4.6244958283717095 3.8398774098541018 -5.866495624034768
      vertex -4.518496543090267 3.8300072728791146 -5.724730105466472
      vertex -4.5352434285561944 3.8084908739926226 -5.7744931509677055
    endloop
  endfacet
  facet normal -0.23125547081020892 0.83003401185214 0.5075080751958438
    outer loop
      vertex -4.491254423978435 3.926254764926958 -5.947052645406582
      vertex -4.6244958283717095 3.8398774098541018 -5.866495624034768
      vertex -4.5352434285561944 3.8084908739926226 -5.7744931509677055
    endloop
  endfacet
  facet normal 0.6823234516947556 0.5588744567650851 -0.4712685527837452
    outer loop
      vertex -4.6244958283717095 3.8398774098541018 -5.866495624034768
      vertex -4.619367008686083 3.860248375132524 -5.834912090576288
      vertex -4.518496543090267 3.8300072728791146 -5.724730105466472
    endloop
  endfacet
  facet normal -0.23125547081021464 0.8300340118521393 0.507508075195842
    outer loop
      vertex -4.491254423978435 3.926254764926958 -5.947052645406582
      vertex -4.5352434285561944 3.8084908739926226 -5.7744931509677055
      vertex -4.447403510845499 3.9213476025744978 -5.919045455154974
    endloop
  endfacet
  facet normal -0.8485555452829888 0.47856431965047547 -0.22567604774757763
    outer loop
      vertex -3.766830842360586 4.60829085898809 -6.0450671119988355
      vertex -3.624824422671639 5.068184968608478 -5.6037771400107825
      vertex -3.634164373595497 4.694966188949065 -6.360098982416892
    endloop
  endfacet
  facet normal -0.8485555452829888 0.47856431965047547 -0.22567604774757766
    outer loop
      vertex -3.634164373595497 4.694966188949065 -6.360098982416892
      vertex -3.624824422671639 5.068184968608478 -5.6037771400107825
      vertex -3.4376344343355036 5.649445989398223 -5.075011754758327
    endloop
  endfacet
  facet normal -0.848555545282989 0.47856431965047536 -0.22567604774757744
    outer loop
      vertex -3.624824422671639 5.068184968608478 -5.6037771400107825
      vertex -3.607307746806271 5.303239835847378 -5.171188032063317
      vertex -3.4376344343355036 5.649445989398223 -5.075011754758327
    endloop
  endfacet
  facet normal -0.7706759670017828 0.4906545040009716 -0.4065915783552673
    outer loop
      vertex -3.607307746806271 5.303239835847378 -5.171188032063317
      vertex -3.60428090836058 5.496084384231957 -4.944210053414192
      vertex -3.4376344343355036 5.649445989398223 -5.075011754758327
    endloop
  endfacet
  facet normal 0.696122933956926 0.5025701478491356 -0.5126754405177795
    outer loop
      vertex -4.621677676322763 5.8392204207187755 -3.8616802229282228
      vertex -4.640243300471316 5.9203202265517465 -3.8073878140176873
      vertex -4.550832533818852 5.815781425641679 -3.788461991141702
    endloop
  endfacet
  facet normal 0.6961229339569251 0.5025701478491384 -0.5126754405177776
    outer loop
      vertex -4.621677676322763 5.8392204207187755 -3.8616802229282228
      vertex -4.550832533818852 5.815781425641679 -3.788461991141702
      vertex -4.517781632571612 5.7266841378525175 -3.8309257899322584
    endloop
  endfacet
  facet normal -0.3292054751813979 -0.43344080810352353 -0.8388997681375019
    outer loop
      vertex -4.640243300471316 5.9203202265517465 -3.8073878140176873
      vertex -4.428251536227005 6.027495973116622 -3.9459540600673777
      vertex -4.550832533818852 5.815781425641679 -3.788461991141702
    endloop
  endfacet
  facet normal -0.762154112430652 0.38301419197223185 -0.5219398793471365
    outer loop
      vertex -3.4376344343355036 5.649445989398223 -5.075011754758327
      vertex -3.60428090836058 5.496084384231957 -4.944210053414192
      vertex -3.6065313927677627 5.603777140010783 -4.861895841602047
    endloop
  endfacet
  facet normal -0.762154112430651 0.3830141919722363 -0.5219398793471347
    outer loop
      vertex -3.4376344343355036 5.649445989398223 -5.075011754758327
      vertex -3.6065313927677627 5.603777140010783 -4.861895841602047
      vertex -3.617851641288576 5.640398801987096 -4.81849162757121
    endloop
  endfacet
  facet normal -0.8160172442888514 0.09671736925310812 -0.5698785901470479
    outer loop
      vertex -3.4376344343355036 5.649445989398223 -5.075011754758327
      vertex -3.617851641288576 5.640398801987096 -4.81849162757121
      vertex -3.615459564711622 6.316412837995242 -4.7071866505092315
    endloop
  endfacet
  facet normal -0.8160172442888516 0.09671736925310803 -0.5698785901470476
    outer loop
      vertex -3.617851641288576 5.640398801987096 -4.81849162757121
      vertex -3.7075896576235254 5.893760275994823 -4.646995056681448
      vertex -3.615459564711622 6.316412837995242 -4.7071866505092315
    endloop
  endfacet
  facet normal -0.6049664394713198 0.6807218253498851 -0.41307796310831535
    outer loop
      vertex -3.4376344343355036 5.649445989398223 -5.075011754758327
      vertex -2.073623242966537 5.582020452800845 -7.183763869334018
      vertex -2.4101725479178158 5.494639959930344 -6.834872766473727
    endloop
  endfacet
  facet normal -0.6049664394713197 0.6807218253498851 -0.4130779631083153
    outer loop
      vertex -3.634164373595497 4.694966188949065 -6.360098982416892
      vertex -3.4376344343355036 5.649445989398223 -5.075011754758327
      vertex -2.4101725479178158 5.494639959930344 -6.834872766473727
    endloop
  endfacet
  facet normal -0.5664179130338342 0.27702768587227533 -0.7761613292703057
    outer loop
      vertex -3.4376344343355036 5.649445989398223 -5.075011754758327
      vertex -3.615459564711622 6.316412837995242 -4.7071866505092315
      vertex -2.4608728390062486 6.563671457333194 -5.461515806554494
    endloop
  endfacet
  facet normal -0.5664179130338338 0.27702768587227494 -0.7761613292703059
    outer loop
      vertex -3.4376344343355036 5.649445989398223 -5.075011754758327
      vertex -2.4608728390062486 6.563671457333194 -5.461515806554494
      vertex -1.9705428244130219 6.6223291851694395 -5.79840696449014
    endloop
  endfacet
  facet normal -0.6049664394713529 0.6807218253498274 -0.4130779631083618
    outer loop
      vertex -2.073623242966537 5.582020452800845 -7.183763869334018
      vertex -2.0799395476594476 5.578266313034178 -7.180699974381649
      vertex -2.4101725479178158 5.494639959930344 -6.834872766473727
    endloop
  endfacet
  facet normal -0.5161060494264086 0.8563996570196126 -0.01463465756877398
    outer loop
      vertex -2.0787768152441135 5.578560756870663 -7.204474472090639
      vertex -2.0799395476594476 5.578266313034178 -7.180699974381649
      vertex -2.073623242966537 5.582020452800845 -7.183763869334018
    endloop
  endfacet
  facet normal -0.636635719111713 0.6386570289045608 -0.4322177235860543
    outer loop
      vertex -3.4376344343355036 5.649445989398223 -5.075011754758327
      vertex -1.9705428244130219 6.6223291851694395 -5.79840696449014
      vertex -2.073623242966537 5.582020452800845 -7.183763869334018
    endloop
  endfacet
  facet normal -0.5720294439099081 0.13672427585569819 -0.8087575580431112
    outer loop
      vertex -1.9705428244130219 6.6223291851694395 -5.79840696449014
      vertex -2.4608728390062486 6.563671457333194 -5.461515806554494
      vertex -2.4101725479178158 6.579854756948713 -5.494639959930345
    endloop
  endfacet
  facet normal -0.5720294439099083 0.13672427585569935 -0.8087575580431108
    outer loop
      vertex -1.9705428244130219 6.6223291851694395 -5.79840696449014
      vertex -2.4101725479178158 6.579854756948713 -5.494639959930345
      vertex -2.1210051635138796 7.356521995835974 -5.567867086763085
    endloop
  endfacet
  facet normal -0.21354487056806165 0.9701586040777745 -0.11485151800448017
    outer loop
      vertex -0.05882531652687009 5.943325044806497 -7.87793844517337
      vertex -0.21836032377750994 5.9565444924008855 -7.469647426351705
      vertex -0.0528326929056914 5.989959743866503 -7.495154122685092
    endloop
  endfacet
  facet normal -0.21173157509462182 0.9711690317860208 -0.10954657369244113
    outer loop
      vertex -2.0787768152441135 5.578560756870663 -7.204474472090639
      vertex -2.073623242966537 5.582020452800845 -7.183763869334018
      vertex -2.0458386178808508 5.5869018412600155 -7.194190750710961
    endloop
  endfacet
  facet normal -0.21354487056805171 0.9701586040777799 -0.11485151800445491
    outer loop
      vertex -2.0458386178808508 5.5869018412600155 -7.194190750710961
      vertex -2.073623242966537 5.582020452800845 -7.183763869334018
      vertex -2.0316742994243304 5.590488733835238 -7.1902279198300105
    endloop
  endfacet
  facet normal -0.24608707378868683 0.7837550536591729 -0.5702360633788683
    outer loop
      vertex -2.0316742994243304 5.590488733835238 -7.1902279198300105
      vertex -2.073623242966537 5.582020452800845 -7.183763869334018
      vertex -1.9705428244130219 6.6223291851694395 -5.79840696449014
    endloop
  endfacet
  facet normal -0.24608707378869168 0.7837550536591719 -0.5702360633788675
    outer loop
      vertex -2.0316742994243304 5.590488733835238 -7.1902279198300105
      vertex -1.9705428244130219 6.6223291851694395 -5.79840696449014
      vertex -0.4954760728339947 5.9795069580400195 -7.318496775225748
    endloop
  endfacet
  facet normal -0.22480771025259144 0.2496806544616487 -0.9418710443572356
    outer loop
      vertex -1.9705428244130219 6.6223291851694395 -5.79840696449014
      vertex -2.1210051635138796 7.356521995835974 -5.567867086763085
      vertex -1.3736911758130792 7.315497560946421 -5.757112690218847
    endloop
  endfacet
  facet normal -0.24608707378869168 0.7837550536591714 -0.5702360633788679
    outer loop
      vertex -1.9705428244130219 6.6223291851694395 -5.79840696449014
      vertex -0.0528326929056914 5.989959743866503 -7.495154122685092
      vertex -0.21836032377750994 5.9565444924008855 -7.469647426351705
    endloop
  endfacet
  facet normal -0.24608707378869268 0.783755053659171 -0.5702360633788682
    outer loop
      vertex -1.9705428244130219 6.6223291851694395 -5.79840696449014
      vertex -0.21836032377750994 5.9565444924008855 -7.469647426351705
      vertex -0.4954760728339947 5.9795069580400195 -7.318496775225748
    endloop
  endfacet
  facet normal -0.28116595424122287 0.7508606677471131 -0.5976235970960166
    outer loop
      vertex -1.9705428244130219 6.6223291851694395 -5.79840696449014
      vertex -0.047928281726748824 7.071876235855224 -6.138130085962109
      vertex -0.0528326929056914 5.989959743866503 -7.495154122685092
    endloop
  endfacet
  facet normal -0.22480771025259116 0.24968065446164844 -0.9418710443572359
    outer loop
      vertex -1.9705428244130219 6.6223291851694395 -5.79840696449014
      vertex -1.3736911758130792 7.315497560946421 -5.757112690218847
      vertex -0.047928281726748824 7.071876235855224 -6.138130085962109
    endloop
  endfacet
  facet normal -0.23239312524821207 0.21784819435088276 -0.9479111770389823
    outer loop
      vertex -1.3736911758130792 7.315497560946421 -5.757112690218847
      vertex -0.4954760728339948 7.284655626379918 -5.9795069580400195
      vertex -0.047928281726748824 7.071876235855224 -6.138130085962109
    endloop
  endfacet
  facet normal -0.2323931252482115 0.21784819435088376 -0.9479111770389821
    outer loop
      vertex -0.4954760728339948 7.284655626379918 -5.9795069580400195
      vertex -0.05934688331487358 7.907151941582203 -5.943368263062727
      vertex -0.047928281726748824 7.071876235855224 -6.138130085962109
    endloop
  endfacet
  facet normal 0.22978276552005214 0.9656602861729665 -0.12124393749091543
    outer loop
      vertex -0.05882531652687009 5.943325044806497 -7.87793844517337
      vertex -0.0528326929056914 5.989959743866503 -7.495154122685092
      vertex 0.24539197816590033 5.9181168810698725 -7.502155790563166
    endloop
  endfacet
  facet normal 0.19294411208611606 0.8488840223887771 -0.49210617364990494
    outer loop
      vertex -0.0528326929056914 5.989959743866503 -7.495154122685092
      vertex 0.5715306620508931 5.891092259236578 -7.4209014368590225
      vertex 0.24539197816590033 5.9181168810698725 -7.502155790563166
    endloop
  endfacet
  facet normal 0.19425808608940798 0.7882139893835359 -0.5839370710350311
    outer loop
      vertex -0.0528326929056914 5.989959743866503 -7.495154122685092
      vertex 1.9413467174446986 6.705873477522083 -5.865391699919497
      vertex 0.5715306620508931 5.891092259236578 -7.4209014368590225
    endloop
  endfacet
  facet normal 0.22352449354508733 0.7617309211295108 -0.608114137790431
    outer loop
      vertex -0.0528326929056914 5.989959743866503 -7.495154122685092
      vertex -0.047928281726748824 7.071876235855224 -6.138130085962109
      vertex 1.9413467174446986 6.705873477522083 -5.865391699919497
    endloop
  endfacet
  facet normal 0.24403152747103016 0.22337694905298602 -0.9436902840614263
    outer loop
      vertex -0.047928281726748824 7.071876235855224 -6.138130085962109
      vertex -0.05934688331487358 7.907151941582203 -5.943368263062727
      vertex 0.8077769687004506 7.263398906062685 -5.871516332147328
    endloop
  endfacet
  facet normal 0.19462769336178068 0.3858134118810102 -0.9018137680194322
    outer loop
      vertex -0.047928281726748824 7.071876235855224 -6.138130085962109
      vertex 0.8077769687004506 7.263398906062685 -5.871516332147328
      vertex 1.4729129228447957 7.05669108859313 -5.816401595635982
    endloop
  endfacet
  facet normal 0.1946276933617805 0.38581341188101237 -0.9018137680194315
    outer loop
      vertex -0.047928281726748824 7.071876235855224 -6.138130085962109
      vertex 1.4729129228447957 7.05669108859313 -5.816401595635982
      vertex 1.9413467174446986 6.705873477522083 -5.865391699919497
    endloop
  endfacet
  facet normal 0.19425808608940753 0.7882139893835364 -0.5839370710350309
    outer loop
      vertex 0.5715306620508931 5.891092259236578 -7.4209014368590225
      vertex 1.9413467174446986 6.705873477522083 -5.865391699919497
      vertex 1.4729129228447957 5.816401595635982 -7.221858470320828
    endloop
  endfacet
  facet normal 0.1942580860894085 0.7882139893835359 -0.583937071035031
    outer loop
      vertex 1.4729129228447957 5.816401595635982 -7.221858470320828
      vertex 1.9413467174446986 6.705873477522083 -5.865391699919497
      vertex 1.71566944486918 5.709918712411984 -7.284834230307583
    endloop
  endfacet
  facet normal 0.1929441120861151 0.8488840223887765 -0.4921061736499065
    outer loop
      vertex 1.71566944486918 5.709918712411984 -7.284834230307583
      vertex 2.0331786805536245 5.65964135511725 -7.247074305198282
      vertex 2.050490921389254 5.56305239595688 -7.4069026785161585
    endloop
  endfacet
  facet normal 0.19425808608940698 0.7882139893835365 -0.5839370710350311
    outer loop
      vertex 1.71566944486918 5.709918712411984 -7.284834230307583
      vertex 1.9413467174446986 6.705873477522083 -5.865391699919497
      vertex 2.0331786805536245 5.65964135511725 -7.247074305198282
    endloop
  endfacet
  facet normal 0.19462769336178018 0.385813411881012 -0.9018137680194318
    outer loop
      vertex 1.4729129228447957 7.05669108859313 -5.816401595635982
      vertex 2.036658908909785 7.350308812752016 -5.569119679164439
      vertex 1.9413467174446986 6.705873477522083 -5.865391699919497
    endloop
  endfacet
  facet normal 0.6374897000544676 0.6424337752008006 -0.4253066268067216
    outer loop
      vertex 3.281688948734561 5.022998869575171 -6.337349940349906
      vertex 3.439784412282391 4.887664789320566 -6.304806253810844
      vertex 3.4466619349497205 4.871130537231089 -6.319472877217315
    endloop
  endfacet
  facet normal 0.6374897000544631 0.6424337752007899 -0.4253066268067447
    outer loop
      vertex 3.281688948734561 5.022998869575171 -6.337349940349906
      vertex 3.514733018795649 5.026729643605631 -5.982406095009546
      vertex 3.439784412282391 4.887664789320566 -6.304806253810844
    endloop
  endfacet
  facet normal 0.6311973881582557 0.6921923739163227 -0.34994224476945046
    outer loop
      vertex 2.050490921389254 5.56305239595688 -7.4069026785161585
      vertex 2.0331786805536245 5.65964135511725 -7.247074305198282
      vertex 2.4502317085676206 5.387709829643841 -7.032713635782045
    endloop
  endfacet
  facet normal 0.647731121923283 0.6274872958503969 -0.4320926836204954
    outer loop
      vertex 2.0331786805536245 5.65964135511725 -7.247074305198282
      vertex 1.9413467174446986 6.705873477522083 -5.865391699919497
      vertex 3.450670014055796 5.6635702873055145 -5.116469826810817
    endloop
  endfacet
  facet normal 0.6010683844293672 0.25873628766499013 -0.7561562872084117
    outer loop
      vertex 1.9413467174446986 6.705873477522083 -5.865391699919497
      vertex 2.036658908909785 7.350308812752016 -5.569119679164439
      vertex 2.78900402718812 6.566992483603364 -5.239110513166706
    endloop
  endfacet
  facet normal 0.6374897000544623 0.6424337752007936 -0.4253066268067404
    outer loop
      vertex 2.4502317085676206 5.387709829643841 -7.032713635782045
      vertex 2.0331786805536245 5.65964135511725 -7.247074305198282
      vertex 3.281688948734561 5.022998869575171 -6.337349940349906
    endloop
  endfacet
  facet normal 0.6374897000544631 0.6424337752007903 -0.42530662680674397
    outer loop
      vertex 2.0331786805536245 5.65964135511725 -7.247074305198282
      vertex 3.450670014055796 5.6635702873055145 -5.116469826810817
      vertex 3.281688948734561 5.022998869575171 -6.337349940349906
    endloop
  endfacet
  facet normal 0.6374897000544628 0.6424337752007904 -0.42530662680674447
    outer loop
      vertex 3.281688948734561 5.022998869575171 -6.337349940349906
      vertex 3.4749877248330763 5.120118746830766 -5.900914069171652
      vertex 3.514733018795649 5.026729643605631 -5.982406095009546
    endloop
  endfacet
  facet normal 0.6374897000544619 0.6424337752007913 -0.42530662680674425
    outer loop
      vertex 3.281688948734561 5.022998869575171 -6.337349940349906
      vertex 3.450670014055796 5.6635702873055145 -5.116469826810817
      vertex 3.4749877248330763 5.120118746830766 -5.900914069171652
    endloop
  endfacet
  facet normal 0.6374897000544647 0.6424337752007894 -0.42530662680674286
    outer loop
      vertex 3.450670014055796 5.6635702873055145 -5.116469826810817
      vertex 3.5433235618686525 5.100571600540958 -5.82801220657381
      vertex 3.4749877248330763 5.120118746830766 -5.900914069171652
    endloop
  endfacet
  facet normal 0.5946410127270083 0.3363840506279511 -0.730238205290664
    outer loop
      vertex 3.281688948734561 6.165196733499589 -5.02299886957517
      vertex 3.450670014055796 5.6635702873055145 -5.116469826810817
      vertex 2.78900402718812 6.566992483603364 -5.239110513166706
    endloop
  endfacet
  facet normal 0.5946410127270086 0.3363840506279513 -0.7302382052906635
    outer loop
      vertex 1.9413467174446986 6.705873477522083 -5.865391699919497
      vertex 2.78900402718812 6.566992483603364 -5.239110513166706
      vertex 3.450670014055796 5.6635702873055145 -5.116469826810817
    endloop
  endfacet
  facet normal 0.5946410127270079 0.33638405062795096 -0.7302382052906644
    outer loop
      vertex 3.281688948734561 6.165196733499589 -5.02299886957517
      vertex 3.571180644718504 6.203734611714074 -4.7695101291734465
      vertex 3.450670014055796 5.6635702873055145 -5.116469826810817
    endloop
  endfacet
  facet normal 0.5946410127270139 0.33638405062793186 -0.7302382052906683
    outer loop
      vertex 3.281688948734561 6.165196733499589 -5.02299886957517
      vertex 3.547256875747013 6.226452841724875 -4.778526370624006
      vertex 3.571180644718504 6.203734611714074 -4.7695101291734465
    endloop
  endfacet
  facet normal 0.8108882683367705 0.5056828666255178 -0.29452513419943055
    outer loop
      vertex 3.450670014055796 5.6635702873055145 -5.116469826810817
      vertex 3.6802090772769227 5.011670040996136 -5.6037771400107825
      vertex 3.5433235618686525 5.100571600540958 -5.82801220657381
    endloop
  endfacet
  facet normal 0.8108882683367713 0.5056828666255171 -0.2945251341994293
    outer loop
      vertex 3.450670014055796 5.6635702873055145 -5.116469826810817
      vertex 3.7302236040675854 5.360031048238307 -4.8679608696173915
      vertex 3.6802090772769227 5.011670040996136 -5.6037771400107825
    endloop
  endfacet
  facet normal 0.7688839549753902 0.21519578225101768 -0.6020865710865629
    outer loop
      vertex 3.450670014055796 5.6635702873055145 -5.116469826810817
      vertex 3.7060147207120844 5.603777140010783 -4.811757475396819
      vertex 3.7302236040675854 5.360031048238307 -4.8679608696173915
    endloop
  endfacet
  facet normal 0.7688839549753899 0.21519578225102165 -0.6020865710865619
    outer loop
      vertex 3.450670014055796 5.6635702873055145 -5.116469826810817
      vertex 3.8355777783132634 5.838826707292903 -4.562290639796952
      vertex 3.7060147207120844 5.603777140010783 -4.811757475396819
    endloop
  endfacet
  facet normal 0.7688839549753907 0.21519578225101887 -0.6020865710865617
    outer loop
      vertex 3.450670014055796 5.6635702873055145 -5.116469826810817
      vertex 3.571180644718504 6.203734611714074 -4.7695101291734465
      vertex 3.8355777783132634 5.838826707292903 -4.562290639796952
    endloop
  endfacet
  facet normal -0.08214353237480096 0.629958462667764 -0.772272474844376
    outer loop
      vertex -6.638282726003569 4.932599014662051 -3.3798893687184033
      vertex -5.9577216484319635 5.2580941220861765 -3.186764906267112
      vertex -5.928278122641361 4.65348234757933 -3.683090894410624
    endloop
  endfacet
  facet normal -0.2858972315950941 0.5996559512330314 -0.7474459934450579
    outer loop
      vertex -5.871374997333671 4.576848082167121 -3.7663378980243425
      vertex -5.928278122641361 4.65348234757933 -3.683090894410624
      vertex -5.672318945286196 4.795815506693456 -3.6668048940572366
    endloop
  endfacet
  facet normal -0.2858972315950948 0.5996559512330324 -0.7474459934450567
    outer loop
      vertex -5.928278122641361 4.65348234757933 -3.683090894410624
      vertex -5.9577216484319635 5.2580941220861765 -3.186764906267112
      vertex -5.672318945286196 4.795815506693456 -3.6668048940572366
    endloop
  endfacet
  facet normal -0.28589723159509445 0.5996559512330327 -0.7474459934450567
    outer loop
      vertex -5.672318945286196 4.795815506693456 -3.6668048940572366
      vertex -5.9577216484319635 5.2580941220861765 -3.186764906267112
      vertex -5.350759901645334 4.897864233885519 -3.7079298904641793
    endloop
  endfacet
  facet normal -0.49374687891350394 0.33129902597029354 -0.8040242377903221
    outer loop
      vertex -5.350759901645334 4.897864233885519 -3.7079298904641793
      vertex -5.9577216484319635 5.2580941220861765 -3.186764906267112
      vertex -5.071937864043954 5.2830281602672065 -3.720445778314146
    endloop
  endfacet
  facet normal -0.4937468789135039 0.33129902597029454 -0.8040242377903217
    outer loop
      vertex -5.9577216484319635 5.2580941220861765 -3.186764906267112
      vertex -4.9341067950510675 6.518447608102469 -3.2960312102435965
      vertex -5.071937864043954 5.2830281602672065 -3.720445778314146
    endloop
  endfacet
  facet normal -0.6275387647586098 0.328806602310554 -0.7057487633727936
    outer loop
      vertex -4.621677676322763 5.8392204207187755 -3.8616802229282228
      vertex -4.9030179003512115 5.603777140010783 -3.72121013407748
      vertex -4.640243300471316 5.9203202265517465 -3.8073878140176873
    endloop
  endfacet
  facet normal -0.6275387647586059 0.32880660231055364 -0.7057487633727971
    outer loop
      vertex -5.071937864043954 5.2830281602672065 -3.720445778314146
      vertex -4.855240639946099 6.3900752491386115 -3.3973584483939323
      vertex -4.9030179003512115 5.603777140010783 -3.72121013407748
    endloop
  endfacet
  facet normal -0.4937468789135096 0.33129902597029404 -0.8040242377903184
    outer loop
      vertex -5.071937864043954 5.2830281602672065 -3.720445778314146
      vertex -4.9341067950510675 6.518447608102469 -3.2960312102435965
      vertex -4.855240639946099 6.3900752491386115 -3.3973584483939323
    endloop
  endfacet
  facet normal -0.627538764758609 0.3288066023105529 -0.7057487633727948
    outer loop
      vertex -4.640243300471316 5.9203202265517465 -3.8073878140176873
      vertex -4.9030179003512115 5.603777140010783 -3.72121013407748
      vertex -4.855240639946099 6.3900752491386115 -3.3973584483939323
    endloop
  endfacet
  facet normal -0.6275387647586089 0.3288066023105529 -0.7057487633727948
    outer loop
      vertex -4.640243300471316 5.9203202265517465 -3.8073878140176873
      vertex -4.855240639946099 6.3900752491386115 -3.3973584483939323
      vertex -4.428251536227005 6.027495973116622 -3.9459540600673777
    endloop
  endfacet
  facet normal -0.24254922750836305 0.817274507411681 -0.5227162248965405
    outer loop
      vertex -6.638282726003569 4.932599014662051 -3.3798893687184033
      vertex -6.545309665199977 5.022998869575171 -3.281688948734561
      vertex -5.9577216484319635 5.2580941220861765 -3.186764906267112
    endloop
  endfacet
  facet normal -0.2425492275083632 0.8172745074116812 -0.52271622489654
    outer loop
      vertex -7.017203396366415 5.328709159835692 -2.5847396873721187
      vertex -5.9577216484319635 5.2580941220861765 -3.186764906267112
      vertex -6.545309665199977 5.022998869575171 -3.281688948734561
    endloop
  endfacet
  facet normal -0.25143501292935805 0.8052756159309099 -0.5369465677889254
    outer loop
      vertex -7.017203396366415 5.328709159835692 -2.5847396873721187
      vertex -6.480996473457175 5.7110903850188395 -2.26235922641101
      vertex -5.9577216484319635 5.2580941220861765 -3.186764906267112
    endloop
  endfacet
  facet normal -0.6467089075809486 0.47338563288141905 -0.5980582174311415
    outer loop
      vertex -5.9577216484319635 5.2580941220861765 -3.186764906267112
      vertex -6.480996473457175 5.7110903850188395 -2.26235922641101
      vertex -5.040821043819056 6.5458768215666225 -3.158924740623563
    endloop
  endfacet
  facet normal -0.6467089075809446 0.4733856328814163 -0.598058217431148
    outer loop
      vertex -5.9577216484319635 5.2580941220861765 -3.186764906267112
      vertex -5.040821043819056 6.5458768215666225 -3.158924740623563
      vertex -4.9341067950510675 6.518447608102469 -3.2960312102435965
    endloop
  endfacet
  facet normal -0.6420595800357068 0.4161632742886466 -0.6438692606560159
    outer loop
      vertex -5.276842507238934 6.650901271909068 -2.8556843582224425
      vertex -6.480996473457175 5.7110903850188395 -2.26235922641101
      vertex -5.423160077902096 7.084572332250074 -2.4294758355046824
    endloop
  endfacet
  facet normal -0.6420595800357068 0.4161632742886469 -0.6438692606560157
    outer loop
      vertex -5.040821043819056 6.5458768215666225 -3.158924740623563
      vertex -6.480996473457175 5.7110903850188395 -2.26235922641101
      vertex -5.276842507238934 6.650901271909068 -2.8556843582224425
    endloop
  endfacet
  facet normal -0.2514350129293581 0.80527561593091 -0.5369465677889252
    outer loop
      vertex -7.017203396366415 5.328709159835692 -2.5847396873721187
      vertex -7.158030246170596 5.4132494697926905 -2.392007193710649
      vertex -6.480996473457175 5.7110903850188395 -2.26235922641101
    endloop
  endfacet
  facet normal -0.6420595800357056 0.41616327428864547 -0.6438692606560178
    outer loop
      vertex -6.480996473457175 5.7110903850188395 -2.26235922641101
      vertex -5.451749072412605 7.102720111587814 -2.389237422736032
      vertex -5.423160077902096 7.084572332250074 -2.4294758355046824
    endloop
  endfacet
  facet normal -0.8180559565644989 -0.01385557896647736 -0.5749717165746904
    outer loop
      vertex -5.423160077902096 7.084572332250074 -2.4294758355046824
      vertex -5.451749072412605 7.102720111587814 -2.389237422736032
      vertex -5.420045652951052 7.277157229641122 -2.4385478454586695
    endloop
  endfacet
  facet normal -0.30442599099277784 0.8653234660177028 -0.39817096223503606
    outer loop
      vertex -7.158030246170596 5.4132494697926905 -2.392007193710649
      vertex -7.183756227729928 5.597893503702484 -1.9710611963130862
      vertex -6.480996473457175 5.7110903850188395 -2.26235922641101
    endloop
  endfacet
  facet normal -0.17383406232334891 0.8800185235675615 -0.4419831636546026
    outer loop
      vertex -7.707758249275529 5.83059299272582 -1.3016482295617677
      vertex -6.976013813306319 6.021246775247482 -1.2098421254904417
      vertex -7.344150462628769 5.816401595635982 -1.4729129228447957
    endloop
  endfacet
  facet normal -0.3044259909927776 0.8653234660177033 -0.39817096223503534
    outer loop
      vertex -7.183756227729928 5.597893503702484 -1.9710611963130862
      vertex -6.976013813306319 6.021246775247482 -1.2098421254904417
      vertex -6.480996473457175 5.7110903850188395 -2.26235922641101
    endloop
  endfacet
  facet normal -0.1738340623233492 0.8800185235675616 -0.4419831636546023
    outer loop
      vertex -7.183756227729928 5.597893503702484 -1.9710611963130862
      vertex -7.344150462628769 5.816401595635982 -1.4729129228447957
      vertex -6.976013813306319 6.021246775247482 -1.2098421254904417
    endloop
  endfacet
  facet normal -0.6983586889433012 0.5274142434143109 -0.4838691532027057
    outer loop
      vertex -6.480996473457175 5.7110903850188395 -2.26235922641101
      vertex -6.976013813306319 6.021246775247482 -1.2098421254904417
      vertex -5.908708036096156 7.3888983731304165 -1.2595318615754092
    endloop
  endfacet
  facet normal -0.7440300531597864 0.5110417857617982 -0.43041325862528673
    outer loop
      vertex -6.480996473457175 5.7110903850188395 -2.26235922641101
      vertex -5.908708036096156 7.3888983731304165 -1.2595318615754092
      vertex -5.451749072412605 7.102720111587814 -2.389237422736032
    endloop
  endfacet
  facet normal -0.8563680587590641 0.2978054839164578 -0.4218360364958361
    outer loop
      vertex -5.908708036096156 7.3888983731304165 -1.2595318615754092
      vertex -5.816771430465152 7.6201347013958545 -1.2829251352675792
      vertex -5.451749072412605 7.102720111587814 -2.389237422736032
    endloop
  endfacet
  facet normal -0.9456519814196278 0.08299043224192415 -0.3144120197979561
    outer loop
      vertex -5.451749072412605 7.102720111587814 -2.389237422736032
      vertex -5.5151758246132685 7.242996911329095 -2.1614431221757795
      vertex -5.420045652951052 7.277157229641122 -2.4385478454586695
    endloop
  endfacet
  facet normal -0.8563680587590657 0.2978054839164547 -0.4218360364958353
    outer loop
      vertex -5.451749072412605 7.102720111587814 -2.389237422736032
      vertex -5.816771430465152 7.6201347013958545 -1.2829251352675792
      vertex -5.5151758246132685 7.242996911329095 -2.1614431221757795
    endloop
  endfacet
  facet normal -0.22539184235319806 0.9675537567701498 -0.11418513546255034
    outer loop
      vertex -7.72586916571186 5.844281897188097 -1.1364477204595853
      vertex -7.899712019785247 5.939743459231439 0.015602006580980713
      vertex -7.0503851114647675 6.137516270016141 0.014940531998827842
    endloop
  endfacet
  facet normal -0.23821849141440812 0.9653975387200614 -0.10611099180335112
    outer loop
      vertex -7.707758249275529 5.83059299272582 -1.3016482295617677
      vertex -7.72586916571186 5.844281897188097 -1.1364477204595853
      vertex -6.976013813306319 6.021246775247482 -1.2098421254904417
    endloop
  endfacet
  facet normal -0.23821849141440785 0.9653975387200621 -0.10611099180334674
    outer loop
      vertex -7.72586916571186 5.844281897188097 -1.1364477204595853
      vertex -7.0503851114647675 6.137516270016141 0.014940531998827842
      vertex -6.976013813306319 6.021246775247482 -1.2098421254904417
    endloop
  endfacet
  facet normal -0.7772851471330995 0.6201428698939323 -0.10606894439935435
    outer loop
      vertex -6.976013813306319 6.021246775247482 -1.2098421254904417
      vertex -7.0503851114647675 6.137516270016141 0.014940531998827842
      vertex -5.96829833980522 7.4944087331875275 0.01849681070523651
    endloop
  endfacet
  facet normal -0.7868870187035343 0.610915692108169 -0.08712540922061905
    outer loop
      vertex -6.976013813306319 6.021246775247482 -1.2098421254904417
      vertex -5.96829833980522 7.4944087331875275 0.01849681070523651
      vertex -5.908708036096156 7.3888983731304165 -1.2595318615754092
    endloop
  endfacet
  facet normal -0.9292745548131388 0.3620603239951317 -0.07321969383562604
    outer loop
      vertex -5.908708036096156 7.3888983731304165 -1.2595318615754092
      vertex -5.918167820416334 7.419618136210619 -0.9875675416844049
      vertex -5.816771430465152 7.6201347013958545 -1.2829251352675792
    endloop
  endfacet
  facet normal -0.9292745548131351 0.36206032399514093 -0.07321969383562696
    outer loop
      vertex -5.908708036096156 7.3888983731304165 -1.2595318615754092
      vertex -5.96829833980522 7.4944087331875275 0.01849681070523651
      vertex -5.918167820416334 7.419618136210619 -0.9875675416844049
    endloop
  endfacet
  facet normal -0.9292745548131397 0.3620603239951296 -0.07321969383562633
    outer loop
      vertex -5.918167820416334 7.419618136210619 -0.9875675416844049
      vertex -5.96829833980522 7.4944087331875275 0.01849681070523651
      vertex -5.918167820416334 7.560347126411928 -0.29168394645689005
    endloop
  endfacet
  facet normal -0.9837419001278388 0.120190788209797 -0.13343930591237735
    outer loop
      vertex -5.918167820416334 7.560347126411928 -0.29168394645689005
      vertex -5.96829833980522 7.4944087331875275 0.01849681070523651
      vertex -5.918167820416334 7.906445143891894 0.02005173917445056
    endloop
  endfacet
  facet normal -0.2237778417208215 0.9615371332117326 0.1592790601734383
    outer loop
      vertex -7.899712019785247 5.939743459231439 0.015602006580980713
      vertex -7.387293229598176 5.9795069580400195 0.4954760728339947
      vertex -7.0503851114647675 6.137516270016141 0.014940531998827842
    endloop
  endfacet
  facet normal -0.22377784172081971 0.9615371332117328 0.1592790601734396
    outer loop
      vertex -7.387293229598176 5.9795069580400195 0.4954760728339947
      vertex -7.475569123864151 5.920106286952826 0.7300440182534045
      vertex -7.0503851114647675 6.137516270016141 0.014940531998827842
    endloop
  endfacet
  facet normal -0.29000768389360504 0.9499230084652548 0.11636933131622942
    outer loop
      vertex -7.7234016802078065 5.773542914753393 1.308809686407158
      vertex -6.971174427519305 6.013929127220733 1.221185991131363
      vertex -7.475569123864151 5.920106286952826 0.7300440182534045
    endloop
  endfacet
  facet normal -0.29000768389360493 0.9499230084652548 0.11636933131622926
    outer loop
      vertex -7.0503851114647675 6.137516270016141 0.014940531998827842
      vertex -7.475569123864151 5.920106286952826 0.7300440182534045
      vertex -6.971174427519305 6.013929127220733 1.221185991131363
    endloop
  endfacet
  facet normal -0.7768395485306437 0.6192095464799231 0.11445459093821271
    outer loop
      vertex -7.0503851114647675 6.137516270016141 0.014940531998827842
      vertex -6.971174427519305 6.013929127220733 1.221185991131363
      vertex -5.96829833980522 7.4944087331875275 0.01849681070523651
    endloop
  endfacet
  facet normal -0.7866243770090994 0.6100721735508189 0.09504752786909218
    outer loop
      vertex -6.971174427519305 6.013929127220733 1.221185991131363
      vertex -5.904158254572493 7.381748677654805 1.2724475678765415
      vertex -5.96829833980522 7.4944087331875275 0.01849681070523651
    endloop
  endfacet
  facet normal -0.9284024900272757 0.3628426933968241 0.08008742947362422
    outer loop
      vertex -5.96829833980522 7.4944087331875275 0.01849681070523651
      vertex -5.918167820416334 7.408781861375983 0.9875675416844049
      vertex -5.918167820416334 7.556918483855488 0.3164223764013328
    endloop
  endfacet
  facet normal -0.9284024900273172 0.36284269339671915 0.08008742947361687
    outer loop
      vertex -5.96829833980522 7.4944087331875275 0.01849681070523651
      vertex -5.904158254572493 7.381748677654805 1.2724475678765415
      vertex -5.918167820416334 7.408781861375983 0.9875675416844049
    endloop
  endfacet
  facet normal -0.9284024900272754 0.36284269339682435 0.08008742947362499
    outer loop
      vertex -5.918167820416334 7.408781861375983 0.9875675416844049
      vertex -5.904158254572493 7.381748677654805 1.2724475678765415
      vertex -5.812272763797383 7.611650283378607 1.2960293035911739
    endloop
  endfacet
  facet normal -0.9829093629369567 0.11905605622771545 0.14040954286076424
    outer loop
      vertex -5.96829833980522 7.4944087331875275 0.01849681070523651
      vertex -5.918167820416334 7.556918483855488 0.3164223764013328
      vertex -5.918167820416334 7.906445143891894 0.02005173917445056
    endloop
  endfacet
  facet normal -0.2265256629991032 0.9084372109596619 0.3513231528758781
    outer loop
      vertex -7.1233241512983785 5.494639959930344 2.410172547917817
      vertex -7.153937623353276 5.475932672579582 2.438806182818509
      vertex -6.47371528524029 5.705297931575474 2.28431559601508
    endloop
  endfacet
  facet normal -0.24262370622723806 0.8953576740799224 0.37345464603181794
    outer loop
      vertex -7.7234016802078065 5.773542914753393 1.308809686407158
      vertex -7.632378960933927 5.735425932466628 1.4593302454673458
      vertex -6.971174427519305 6.013929127220733 1.221185991131363
    endloop
  endfacet
  facet normal -0.2426237062272359 0.8953576740799211 0.3734546460318226
    outer loop
      vertex -7.632378960933927 5.735425932466628 1.4593302454673458
      vertex -6.47371528524029 5.705297931575474 2.28431559601508
      vertex -6.971174427519305 6.013929127220733 1.221185991131363
    endloop
  endfacet
  facet normal -0.22652566299910643 0.9084372109596652 0.351323152875867
    outer loop
      vertex -7.632378960933927 5.735425932466628 1.4593302454673458
      vertex -7.1233241512983785 5.494639959930344 2.410172547917817
      vertex -6.47371528524029 5.705297931575474 2.28431559601508
    endloop
  endfacet
  facet normal -0.6999898439407805 0.5280319575111245 0.4808289407125283
    outer loop
      vertex -6.971174427519305 6.013929127220733 1.221185991131363
      vertex -6.47371528524029 5.705297931575474 2.28431559601508
      vertex -5.904158254572493 7.381748677654805 1.2724475678765415
    endloop
  endfacet
  facet normal -0.7445153291573842 0.5117284344371688 0.428755097973372
    outer loop
      vertex -6.47371528524029 5.705297931575474 2.28431559601508
      vertex -5.444483515576734 7.097001841971321 2.410505037864486
      vertex -5.904158254572493 7.381748677654805 1.2724475678765415
    endloop
  endfacet
  facet normal -0.8564312542521427 0.29913314293359433 0.420767001485111
    outer loop
      vertex -5.904158254572493 7.381748677654805 1.2724475678765415
      vertex -5.508371349337321 7.23654363919818 2.181263881515117
      vertex -5.812272763797383 7.611650283378607 1.2960293035911739
    endloop
  endfacet
  facet normal -0.8564312542521461 0.29913314293358495 0.4207670014851109
    outer loop
      vertex -5.904158254572493 7.381748677654805 1.2724475678765415
      vertex -5.444483515576734 7.097001841971321 2.410505037864486
      vertex -5.508371349337321 7.23654363919818 2.181263881515117
    endloop
  endfacet
  facet normal -0.9457254801723695 0.083112808639915 0.31415852239391173
    outer loop
      vertex -5.444483515576734 7.097001841971321 2.410505037864486
      vertex -5.4127412066918055 7.271767120423323 2.459824970518321
      vertex -5.508371349337321 7.23654363919818 2.181263881515117
    endloop
  endfacet
  facet normal -0.8122043397391742 -0.017042277769350102 0.5831240616517933
    outer loop
      vertex -5.444483515576734 7.097001841971321 2.410505037864486
      vertex -5.416453737442617 7.078676401475626 2.449010737889416
      vertex -5.4127412066918055 7.271767120423323 2.459824970518321
    endloop
  endfacet
  facet normal -0.12054749730964255 0.7751903357765888 0.6201195402589418
    outer loop
      vertex -7.153937623353276 5.475932672579582 2.438806182818509
      vertex -6.6388447146383065 5.11902061753559 2.9851007515694623
      vertex -6.47371528524029 5.705297931575474 2.28431559601508
    endloop
  endfacet
  facet normal -0.3111039618047033 0.7637273487614705 0.5656278473547719
    outer loop
      vertex -6.47371528524029 5.705297931575474 2.28431559601508
      vertex -6.6388447146383065 5.11902061753559 2.9851007515694623
      vertex -5.942677978495168 5.250870423063078 3.189975613764626
    endloop
  endfacet
  facet normal -0.3111039618047031 0.7637273487614715 0.5656278473547705
    outer loop
      vertex -6.565222033053596 4.894535753642835 3.328700414787041
      vertex -5.942677978495168 5.250870423063078 3.189975613764626
      vertex -6.6388447146383065 5.11902061753559 2.9851007515694623
    endloop
  endfacet
  facet normal -0.638839506967718 0.46895407787745014 0.6098902829028787
    outer loop
      vertex -6.47371528524029 5.705297931575474 2.28431559601508
      vertex -5.942677978495168 5.250870423063078 3.189975613764626
      vertex -4.920690543299046 6.4827412982459025 3.31326841084698
    endloop
  endfacet
  facet normal -0.638839506967718 0.4689540778774592 0.6098902829028716
    outer loop
      vertex -6.47371528524029 5.705297931575474 2.28431559601508
      vertex -4.920690543299046 6.4827412982459025 3.31326841084698
      vertex -5.0289484150079895 6.516156214214443 3.1741786944318635
    endloop
  endfacet
  facet normal -0.6339024014150954 0.40929882060661077 0.6562333585929725
    outer loop
      vertex -6.47371528524029 5.705297931575474 2.28431559601508
      vertex -5.276842507238934 6.6428752394607615 2.8556843582224425
      vertex -5.444483515576734 7.097001841971321 2.410505037864486
    endloop
  endfacet
  facet normal -0.6339024014150951 0.40929882060660994 0.6562333585929733
    outer loop
      vertex -6.47371528524029 5.705297931575474 2.28431559601508
      vertex -5.0289484150079895 6.516156214214443 3.1741786944318635
      vertex -5.276842507238934 6.6428752394607615 2.8556843582224425
    endloop
  endfacet
  facet normal -0.6339024014150848 0.4092988206066194 0.6562333585929773
    outer loop
      vertex -5.444483515576734 7.097001841971321 2.410505037864486
      vertex -5.276842507238934 6.6428752394607615 2.8556843582224425
      vertex -5.416453737442617 7.078676401475626 2.449010737889416
    endloop
  endfacet
  facet normal -0.21855219556142805 0.6612174406244816 0.7176534219449451
    outer loop
      vertex -6.565222033053596 4.894535753642835 3.328700414787041
      vertex -6.357310708861803 4.790610644386239 3.4877696362980113
      vertex -5.860733743109768 4.776507512003214 3.6519898847154604
    endloop
  endfacet
  facet normal -0.2185521955614268 0.661217440624484 0.7176534219449433
    outer loop
      vertex -6.565222033053596 4.894535753642835 3.328700414787041
      vertex -5.860733743109768 4.776507512003214 3.6519898847154604
      vertex -5.942677978495168 5.250870423063078 3.189975613764626
    endloop
  endfacet
  facet normal -0.20041671032074385 0.7170307574962709 0.6676076954533516
    outer loop
      vertex -6.357310708861803 4.790610644386239 3.4877696362980113
      vertex -6.106811635098309 4.62590890921804 3.739864408986916
      vertex -5.860733743109768 4.776507512003214 3.6519898847154604
    endloop
  endfacet
  facet normal -0.218552195561428 0.6612174406244837 0.7176534219449432
    outer loop
      vertex -5.860733743109768 4.776507512003214 3.6519898847154604
      vertex -5.642319906207301 4.93122095329273 3.575958195302271
      vertex -5.942677978495168 5.250870423063078 3.189975613764626
    endloop
  endfacet
  facet normal -0.2185521955614287 0.6612174406244833 0.7176534219449434
    outer loop
      vertex -5.642319906207301 4.93122095329273 3.575958195302271
      vertex -5.483483231038564 4.955563347989967 3.6019017602656596
      vertex -5.942677978495168 5.250870423063078 3.189975613764626
    endloop
  endfacet
  facet normal -0.5004336157515916 0.33528046725774974 0.7982187698251735
    outer loop
      vertex -5.483483231038564 4.955563347989967 3.6019017602656596
      vertex -5.0475751998295175 5.361366854440869 3.704737030542989
      vertex -5.942677978495168 5.250870423063078 3.189975613764626
    endloop
  endfacet
  facet normal -0.5004336157515917 0.33528046725774885 0.7982187698251739
    outer loop
      vertex -5.942677978495168 5.250870423063078 3.189975613764626
      vertex -5.0475751998295175 5.361366854440869 3.704737030542989
      vertex -4.920690543299046 6.4827412982459025 3.31326841084698
    endloop
  endfacet
  facet normal -0.6277859356236284 0.3345937238687286 0.7028028592577171
    outer loop
      vertex -5.0475751998295175 5.361366854440869 3.704737030542989
      vertex -4.832618415108617 5.6423199062073 3.762991942076908
      vertex -4.838625928609446 6.354211303947278 3.4187050299556607
    endloop
  endfacet
  facet normal -0.500433615751593 0.3352804672577487 0.7982187698251733
    outer loop
      vertex -5.0475751998295175 5.361366854440869 3.704737030542989
      vertex -4.838625928609446 6.354211303947278 3.4187050299556607
      vertex -4.920690543299046 6.4827412982459025 3.31326841084698
    endloop
  endfacet
  facet normal -0.6277859356236278 0.3345937238687288 0.7028028592577176
    outer loop
      vertex -4.832618415108617 5.6423199062073 3.762991942076908
      vertex -4.590438673710916 5.895242699037796 3.8589088205443725
      vertex -4.838625928609446 6.354211303947278 3.4187050299556607
    endloop
  endfacet
  facet normal -0.627785935623631 0.334593723868734 0.7028028592577121
    outer loop
      vertex -4.832618415108617 5.6423199062073 3.762991942076908
      vertex -4.582544813819268 5.851364085412399 3.886850031497355
      vertex -4.590438673710916 5.895242699037796 3.8589088205443725
    endloop
  endfacet
  facet normal -0.6277859356236272 0.3345937238687294 0.7028028592577177
    outer loop
      vertex -4.590438673710916 5.895242699037796 3.8589088205443725
      vertex -4.407290204519776 5.999473948976119 3.97288517959539
      vertex -4.838625928609446 6.354211303947278 3.4187050299556607
    endloop
  endfacet
  facet normal -0.3284186539606081 -0.812766204920771 0.48119879869903
    outer loop
      vertex -6.528205989000333 -3.33218198426055 4.905969518215832
      vertex -6.429876996238423 -3.4058710742543488 4.848614997288571
      vertex -6.351649671559641 -3.3519342195826614 4.993106973450597
    endloop
  endfacet
  facet normal -0.32841865396060704 -0.8127662049207729 0.48119879869902743
    outer loop
      vertex -6.528205989000333 -3.33218198426055 4.905969518215832
      vertex -6.351649671559641 -3.3519342195826614 4.993106973450597
      vertex -5.30366839294842 -3.2222576484919716 5.927384732799543
    endloop
  endfacet
  facet normal -0.32841865396061026 -0.8127662049207698 0.4811987986990306
    outer loop
      vertex -5.30366839294842 -3.2222576484919716 5.927384732799543
      vertex -6.351649671559641 -3.3519342195826614 4.993106973450597
      vertex -5.6423199062073 -3.7728881913163836 4.766215228092316
    endloop
  endfacet
  facet normal -0.328418653960609 -0.8127662049207705 0.4811987986990304
    outer loop
      vertex -5.4730607818978845 -3.783591393875712 4.863656561234406
      vertex -5.30366839294842 -3.2222576484919716 5.927384732799543
      vertex -5.6423199062073 -3.7728881913163836 4.766215228092316
    endloop
  endfacet
  facet normal -0.382991606099395 -0.7904089138741769 0.47809118222955116
    outer loop
      vertex -5.4730607818978845 -3.783591393875712 4.863656561234406
      vertex -4.819421389882481 -3.809303699463909 5.344768059572403
      vertex -5.30366839294842 -3.2222576484919716 5.927384732799543
    endloop
  endfacet
  facet normal -0.5143055948492584 -0.7793844861039342 0.35784015695175536
    outer loop
      vertex -5.30366839294842 -3.2222576484919716 5.927384732799543
      vertex -4.819421389882481 -3.809303699463909 5.344768059572403
      vertex -4.638801280544052 -3.7918770416740246 5.642319906207303
    endloop
  endfacet
  facet normal -0.5470992220378812 -0.7970897407917861 0.25559809539593276
    outer loop
      vertex -5.30366839294842 -3.2222576484919716 5.927384732799543
      vertex -4.692998796358091 -3.6788570430726657 5.810584833297117
      vertex -4.6997122479199245 -3.6683051890001592 5.829121162738538
    endloop
  endfacet
  facet normal -0.5143055948492541 -0.7793844861039332 0.3578401569517635
    outer loop
      vertex -5.30366839294842 -3.2222576484919716 5.927384732799543
      vertex -4.638801280544052 -3.7918770416740246 5.642319906207303
      vertex -4.692998796358091 -3.6788570430726657 5.810584833297117
    endloop
  endfacet
  facet normal -0.5470992220378829 -0.797089740791783 0.2555980953959393
    outer loop
      vertex -4.923594801432499 -3.309537019920837 6.468736476725704
      vertex -4.6997122479199245 -3.6683051890001592 5.829121162738538
      vertex -4.567170204736987 -3.7674713511169613 5.803570574287615
    endloop
  endfacet
  facet normal -0.5470992220378788 -0.797089740791785 0.25559809539594197
    outer loop
      vertex -5.30366839294842 -3.2222576484919716 5.927384732799543
      vertex -4.6997122479199245 -3.6683051890001592 5.829121162738538
      vertex -4.923594801432499 -3.309537019920837 6.468736476725704
    endloop
  endfacet
  facet normal -0.5085364011297722 -0.5431461313177325 0.6681190079323892
    outer loop
      vertex -6.528205989000333 -3.33218198426055 4.905969518215832
      vertex -5.30366839294842 -3.2222576484919716 5.927384732799543
      vertex -6.549877099751035 -2.8556843582224425 5.276842507238934
    endloop
  endfacet
  facet normal -0.508536401129773 -0.5431461313177233 0.6681190079323961
    outer loop
      vertex -6.549877099751035 -2.8556843582224425 5.276842507238934
      vertex -5.30366839294842 -3.2222576484919716 5.927384732799543
      vertex -6.562018888408489 -2.8360064629700137 5.283597937211896
    endloop
  endfacet
  facet normal -0.7397244024650932 -0.5118518649689457 0.4368243087620846
    outer loop
      vertex -5.30366839294842 -3.2222576484919716 5.927384732799543
      vertex -4.923594801432499 -3.309537019920837 6.468736476725704
      vertex -5.276842507238934 -2.8556843582224425 6.402346817984935
    endloop
  endfacet
  facet normal -0.7397244024650923 -0.5118518649689465 0.43682430876208517
    outer loop
      vertex -5.30366839294842 -3.2222576484919716 5.927384732799543
      vertex -5.276842507238934 -2.8556843582224425 6.402346817984935
      vertex -5.550897156423879 -2.0573904373785443 6.873665186574952
    endloop
  endfacet
  facet normal -0.26525820954195956 -0.5355606508868836 0.8017561172153359
    outer loop
      vertex -7.684218328512363 -1.26630149728873 5.822478332591696
      vertex -7.3093603042077895 -1.6482742643533048 5.691346916025949
      vertex -7.452007209965022 -1.242972731672665 5.91488782326906
    endloop
  endfacet
  facet normal -0.5029742406628396 -0.546384021838067 0.6696875494659421
    outer loop
      vertex -7.3093603042077895 -1.6482742643533048 5.691346916025949
      vertex -6.084691572498918 -1.1929793901893042 6.98260979011161
      vertex -7.452007209965022 -1.242972731672665 5.91488782326906
    endloop
  endfacet
  facet normal -0.5029742406628395 -0.5463840218380673 0.669687549465942
    outer loop
      vertex -6.562018888408489 -2.8360064629700137 5.283597937211896
      vertex -6.084691572498918 -1.1929793901893042 6.98260979011161
      vertex -7.3093603042077895 -1.6482742643533048 5.691346916025949
    endloop
  endfacet
  facet normal -0.5085364011297724 -0.5431461313177323 0.6681190079323893
    outer loop
      vertex -6.562018888408489 -2.8360064629700137 5.283597937211896
      vertex -5.30366839294842 -3.2222576484919716 5.927384732799543
      vertex -6.084691572498918 -1.1929793901893042 6.98260979011161
    endloop
  endfacet
  facet normal -0.739724402465094 -0.5118518649689455 0.4368243087620835
    outer loop
      vertex -5.30366839294842 -3.2222576484919716 5.927384732799543
      vertex -5.550897156423879 -2.0573904373785443 6.873665186574952
      vertex -6.084691572498918 -1.1929793901893042 6.98260979011161
    endloop
  endfacet
  facet normal -0.8091952863091643 -0.5313096454459595 0.2508247381561844
    outer loop
      vertex -5.550897156423879 -2.0573904373785443 6.873665186574952
      vertex -5.82299173813726 -1.2648059980254611 7.674742887215564
      vertex -6.084691572498918 -1.1929793901893042 6.98260979011161
    endloop
  endfacet
  facet normal -0.3697518118988406 2.6684265335484445e-17 0.9291305600385364
    outer loop
      vertex -7.684218328512363 -1.26630149728873 5.822478332591696
      vertex -7.452007209965022 -1.242972731672665 5.91488782326906
      vertex -7.452007209965022 -0.9971218469692871 5.91488782326906
    endloop
  endfacet
  facet normal -0.615467421400539 0 0.788162326678059
    outer loop
      vertex -7.452007209965022 -1.242972731672665 5.91488782326906
      vertex -6.084691572498918 -1.1929793901893042 6.98260979011161
      vertex -7.452007209965022 -0.9971218469692871 5.91488782326906
    endloop
  endfacet
  facet normal -0.6154674214005381 9.44326675203906e-15 0.7881623266780596
    outer loop
      vertex -7.447806873613814 -0.9875675416844049 5.918167820416334
      vertex -7.452007209965022 -0.9971218469692871 5.91488782326906
      vertex -6.084691572498918 -1.1929793901893042 6.98260979011161
    endloop
  endfacet
  facet normal -0.615467421400539 0 0.788162326678059
    outer loop
      vertex -7.447806873613814 -0.9875675416844049 5.918167820416334
      vertex -6.084691572498918 -1.1929793901893042 6.98260979011161
      vertex -7.447806873613814 0.9875675416844049 5.918167820416334
    endloop
  endfacet
  facet normal -0.9353704884572374 -1.1298506200872158e-15 0.3536694068240414
    outer loop
      vertex -6.084691572498918 -1.1929793901893042 6.98260979011161
      vertex -5.82299173813726 -1.2648059980254611 7.674742887215564
      vertex -5.918167820416334 -0.9875675416844049 7.423025048880976
    endloop
  endfacet
  facet normal -0.9353704884572375 0 0.35366940682404097
    outer loop
      vertex -6.084691572498918 -1.1929793901893042 6.98260979011161
      vertex -5.918167820416334 -0.9875675416844049 7.423025048880976
      vertex -6.084691572498918 1.192979390189304 6.98260979011161
    endloop
  endfacet
  facet normal -0.3697518118988407 2.6684265335484472e-17 0.9291305600385364
    outer loop
      vertex -7.684218328512363 1.2663014972887299 5.822478332591696
      vertex -7.452007209965022 0.9971218469692871 5.91488782326906
      vertex -7.452007209965022 1.2429727316726649 5.91488782326906
    endloop
  endfacet
  facet normal -0.6154674214005911 -4.950444680817046e-14 0.7881623266780183
    outer loop
      vertex -6.084691572498918 -1.1929793901893042 6.98260979011161
      vertex -7.452007209965022 0.9971218469692871 5.91488782326906
      vertex -7.447806873613814 0.9875675416844049 5.918167820416334
    endloop
  endfacet
  facet normal -0.6154674214005388 -1.6011751297470364e-16 0.7881623266780592
    outer loop
      vertex -6.084691572498918 -1.1929793901893042 6.98260979011161
      vertex -7.452007209965022 1.2429727316726649 5.91488782326906
      vertex -7.452007209965022 0.9971218469692871 5.91488782326906
    endloop
  endfacet
  facet normal -0.6154674214005389 0 0.788162326678059
    outer loop
      vertex -6.084691572498918 -1.1929793901893042 6.98260979011161
      vertex -6.084691572498918 1.192979390189304 6.98260979011161
      vertex -7.452007209965022 1.2429727316726649 5.91488782326906
    endloop
  endfacet
  facet normal -0.9353704884572375 0 0.35366940682404097
    outer loop
      vertex -5.918167820416334 -0.9875675416844049 7.423025048880976
      vertex -5.918167820416334 0.9875675416844049 7.423025048880976
      vertex -6.084691572498918 1.192979390189304 6.98260979011161
    endloop
  endfacet
  facet normal -0.9353704884572372 1.1076023732604687e-15 0.35366940682404135
    outer loop
      vertex -6.084691572498918 1.192979390189304 6.98260979011161
      vertex -5.918167820416334 0.9875675416844049 7.423025048880976
      vertex -5.82299173813726 1.2648059980254607 7.674742887215564
    endloop
  endfacet
  facet normal -0.26525820954195944 0.5355606508868838 0.8017561172153358
    outer loop
      vertex -7.684218328512363 1.2663014972887299 5.822478332591696
      vertex -7.452007209965022 1.2429727316726649 5.91488782326906
      vertex -7.30936030420779 1.6482742643533026 5.6913469160259496
    endloop
  endfacet
  facet normal -0.5029742406628379 0.5463840218380672 0.6696875494659432
    outer loop
      vertex -7.452007209965022 1.2429727316726649 5.91488782326906
      vertex -6.562018888408488 2.8360064629700137 5.283597937211896
      vertex -7.30936030420779 1.6482742643533026 5.6913469160259496
    endloop
  endfacet
  facet normal -0.5029742406628395 0.5463840218380674 0.6696875494659419
    outer loop
      vertex -7.452007209965022 1.2429727316726649 5.91488782326906
      vertex -6.084691572498918 1.192979390189304 6.98260979011161
      vertex -6.562018888408488 2.8360064629700137 5.283597937211896
    endloop
  endfacet
  facet normal -0.5085364011297724 0.5431461313177323 0.6681190079323892
    outer loop
      vertex -6.084691572498918 1.192979390189304 6.98260979011161
      vertex -5.30366839294842 3.222257648491971 5.927384732799543
      vertex -6.562018888408488 2.8360064629700137 5.283597937211896
    endloop
  endfacet
  facet normal -0.8091952863091639 0.5313096454459603 0.2508247381561844
    outer loop
      vertex -6.084691572498918 1.192979390189304 6.98260979011161
      vertex -5.82299173813726 1.2648059980254607 7.674742887215564
      vertex -5.550897156423879 2.057390437378543 6.873665186574951
    endloop
  endfacet
  facet normal -0.7397244024650926 0.5118518649689461 0.4368243087620853
    outer loop
      vertex -6.084691572498918 1.192979390189304 6.98260979011161
      vertex -5.550897156423879 2.057390437378543 6.873665186574951
      vertex -5.30366839294842 3.222257648491971 5.927384732799543
    endloop
  endfacet
  facet normal -0.5085364011297732 0.5431461313177233 0.668119007932396
    outer loop
      vertex -6.562018888408488 2.8360064629700137 5.283597937211896
      vertex -5.30366839294842 3.222257648491971 5.927384732799543
      vertex -6.5498770997510345 2.8556843582224425 5.276842507238934
    endloop
  endfacet
  facet normal -0.5085364011297723 0.5431461313177325 0.6681190079323891
    outer loop
      vertex -6.528205989000332 3.33218198426055 4.905969518215832
      vertex -6.5498770997510345 2.8556843582224425 5.276842507238934
      vertex -5.30366839294842 3.222257648491971 5.927384732799543
    endloop
  endfacet
  facet normal -0.739724402465093 0.5118518649689457 0.43682430876208495
    outer loop
      vertex -5.550897156423879 2.057390437378543 6.873665186574951
      vertex -5.276842507238934 2.8556843582224425 6.4023468179849345
      vertex -5.30366839294842 3.222257648491971 5.927384732799543
    endloop
  endfacet
  facet normal -0.7397244024650927 0.5118518649689461 0.43682430876208517
    outer loop
      vertex -5.30366839294842 3.222257648491971 5.927384732799543
      vertex -5.276842507238934 2.8556843582224425 6.4023468179849345
      vertex -4.9235948014324995 3.3095370199208367 6.468736476725701
    endloop
  endfacet
  facet normal -0.3284186539606086 0.8127662049207713 0.4811987986990293
    outer loop
      vertex -6.528205989000332 3.33218198426055 4.905969518215832
      vertex -6.351649671559641 3.3519342195826596 4.993106973450599
      vertex -6.429876996238423 3.405871074254348 4.848614997288572
    endloop
  endfacet
  facet normal -0.3284186539606084 0.8127662049207716 0.48119879869902893
    outer loop
      vertex -6.528205989000332 3.33218198426055 4.905969518215832
      vertex -5.30366839294842 3.222257648491971 5.927384732799543
      vertex -6.351649671559641 3.3519342195826596 4.993106973450599
    endloop
  endfacet
  facet normal -0.32841865396061015 0.8127662049207699 0.48119879869903065
    outer loop
      vertex -5.30366839294842 3.222257648491971 5.927384732799543
      vertex -5.6423199062073 3.7728881913163823 4.766215228092317
      vertex -6.351649671559641 3.3519342195826596 4.993106973450599
    endloop
  endfacet
  facet normal -0.32841865396061243 0.8127662049207689 0.48119879869903076
    outer loop
      vertex -5.473060781897884 3.7835913938757106 4.86365656123441
      vertex -5.6423199062073 3.7728881913163823 4.766215228092317
      vertex -5.30366839294842 3.222257648491971 5.927384732799543
    endloop
  endfacet
  facet normal -0.38299160609939376 0.7904089138741771 0.47809118222955166
    outer loop
      vertex -5.473060781897884 3.7835913938757106 4.86365656123441
      vertex -5.30366839294842 3.222257648491971 5.927384732799543
      vertex -4.819421389882482 3.8093036994639076 5.344768059572403
    endloop
  endfacet
  facet normal -0.5470992220378795 0.7970897407917839 0.2555980953959431
    outer loop
      vertex -5.30366839294842 3.222257648491971 5.927384732799543
      vertex -4.9235948014324995 3.3095370199208367 6.468736476725701
      vertex -4.699712247919932 3.668305189000153 5.829121162738545
    endloop
  endfacet
  facet normal -0.5470992220378802 0.7970897407917843 0.25559809539594075
    outer loop
      vertex -5.30366839294842 3.222257648491971 5.927384732799543
      vertex -4.699712247919932 3.668305189000153 5.829121162738545
      vertex -4.692998796358096 3.6788570430726626 5.810584833297119
    endloop
  endfacet
  facet normal -0.5143055948492604 0.7793844861039353 0.35784015695174975
    outer loop
      vertex -5.30366839294842 3.222257648491971 5.927384732799543
      vertex -4.692998796358096 3.6788570430726626 5.810584833297119
      vertex -4.638801280544052 3.791877041674024 5.6423199062073
    endloop
  endfacet
  facet normal -0.5143055948492568 0.7793844861039346 0.35784015695175675
    outer loop
      vertex -5.30366839294842 3.222257648491971 5.927384732799543
      vertex -4.638801280544052 3.791877041674024 5.6423199062073
      vertex -4.819421389882482 3.8093036994639076 5.344768059572403
    endloop
  endfacet
  facet normal -0.547099222037879 0.7970897407917843 0.25559809539594347
    outer loop
      vertex -4.9235948014324995 3.3095370199208367 6.468736476725701
      vertex -4.56717020473699 3.7674713511169577 5.803570574287622
      vertex -4.699712247919932 3.668305189000153 5.829121162738545
    endloop
  endfacet
  facet normal 0.7022583731205324 -0.4984712552448221 0.5082908469338735
    outer loop
      vertex -4.565735287622255 -5.8979515939521665 3.821107366065728
      vertex -4.53166263770177 -5.858123020057817 3.8130914741764386
      vertex -4.54324652202391 -5.810513296281395 3.875785812906721
    endloop
  endfacet
  facet normal -0.3175511605947263 0.4406450248758695 0.8396387452095613
    outer loop
      vertex -4.455706050849517 -5.989338444585569 3.9106804989592643
      vertex -4.53166263770177 -5.858123020057817 3.8130914741764386
      vertex -4.565735287622255 -5.8979515939521665 3.821107366065728
    endloop
  endfacet
  facet normal 0.7022583731205388 -0.4984712552448164 0.5082908469338703
    outer loop
      vertex -4.53166263770177 -5.858123020057817 3.8130914741764386
      vertex -4.512726177718961 -5.806636034308415 3.8374210384597305
      vertex -4.54324652202391 -5.810513296281395 3.875785812906721
    endloop
  endfacet
  facet normal -0.8146232936131834 -0.10518049235887468 0.5703735210631311
    outer loop
      vertex -3.5878453928820706 -6.331241192462962 4.725227889393516
      vertex -3.4166894140056647 -5.673361781082153 5.090994742046192
      vertex -3.6785988572047654 -5.949885432812481 4.665935691911426
    endloop
  endfacet
  facet normal -0.8146232936131831 -0.10518049235887492 0.5703735210631312
    outer loop
      vertex -3.6785988572047654 -5.949885432812481 4.665935691911426
      vertex -3.4166894140056647 -5.673361781082153 5.090994742046192
      vertex -3.5797562528427416 -5.667729883085569 4.859136714552457
    endloop
  endfacet
  facet normal -0.7572337119951789 -0.3911525323646751 0.5230648161009341
    outer loop
      vertex -3.5797562528427416 -5.667729883085569 4.859136714552457
      vertex -3.4166894140056647 -5.673361781082153 5.090994742046192
      vertex -3.5720460597023247 -5.642319906207301 4.88930046193044
    endloop
  endfacet
  facet normal -0.7572337119951814 -0.39115253236466624 0.5230648161009376
    outer loop
      vertex -3.5720460597023247 -5.642319906207301 4.88930046193044
      vertex -3.4166894140056647 -5.673361781082153 5.090994742046192
      vertex -3.5698210818540566 -5.535009129837199 4.972769486835968
    endloop
  endfacet
  facet normal -0.76514559581032 -0.49316280649288985 0.4139355789300149
    outer loop
      vertex -3.5698210818540566 -5.535009129837199 4.972769486835968
      vertex -3.4166894140056647 -5.673361781082153 5.090994742046192
      vertex -3.5725780495511743 -5.354034903730153 5.183286001951287
    endloop
  endfacet
  facet normal -0.8456998085053515 -0.48016156533909826 0.23288775207193385
    outer loop
      vertex -3.4166894140056647 -5.673361781082153 5.090994742046192
      vertex -3.5915247197945366 -5.098024055804832 5.642319906207301
      vertex -3.5725780495511743 -5.354034903730153 5.183286001951287
    endloop
  endfacet
  facet normal -0.8456998085053523 -0.4801615653390973 0.23288775207193277
    outer loop
      vertex -3.4166894140056647 -5.673361781082153 5.090994742046192
      vertex -3.60788265529044 -4.7121368924978695 6.378529861157396
      vertex -3.5915247197945366 -5.098024055804832 5.642319906207301
    endloop
  endfacet
  facet normal -0.8456998085053516 -0.4801615653390985 0.23288775207193332
    outer loop
      vertex -3.5915247197945366 -5.098024055804832 5.642319906207301
      vertex -3.60788265529044 -4.7121368924978695 6.378529861157396
      vertex -3.7337202907300187 -4.62992306201937 6.0910740286228435
    endloop
  endfacet
  facet normal -0.5638166147329631 -0.2844125685788639 0.7753839795774958
    outer loop
      vertex -3.4166894140056647 -5.673361781082153 5.090994742046192
      vertex -2.4101725479178158 -6.568226934196052 5.494639959930344
      vertex -1.9559777433242092 -6.628460824879954 5.802811534123254
    endloop
  endfacet
  facet normal -0.5638166147329624 -0.28441256857886277 0.7753839795774968
    outer loop
      vertex -3.5878453928820706 -6.331241192462962 4.725227889393516
      vertex -2.4101725479178158 -6.568226934196052 5.494639959930344
      vertex -3.4166894140056647 -5.673361781082153 5.090994742046192
    endloop
  endfacet
  facet normal -0.6023449112161089 -0.6799372218078373 0.4181698008372888
    outer loop
      vertex -3.4166894140056647 -5.673361781082153 5.090994742046192
      vertex -2.4101725479178158 -5.494639959930345 6.831411982684724
      vertex -3.60788265529044 -4.7121368924978695 6.378529861157396
    endloop
  endfacet
  facet normal -0.6023449112161083 -0.679937221807838 0.41816980083728844
    outer loop
      vertex -3.4166894140056647 -5.673361781082153 5.090994742046192
      vertex -2.057891719355399 -5.587539788558717 7.1877947552359025
      vertex -2.4101725479178158 -5.494639959930345 6.831411982684724
    endloop
  endfacet
  facet normal -0.5638166147329627 -0.2844125685788693 0.7753839795774942
    outer loop
      vertex -2.4101725479178158 -6.568226934196052 5.494639959930344
      vertex -2.4009895421818626 -6.580091432022573 5.49696541280643
      vertex -1.9559777433242092 -6.628460824879954 5.802811534123254
    endloop
  endfacet
  facet normal -0.571134390247491 -0.13686985184718217 0.8093652771968644
    outer loop
      vertex -2.1065093628008023 -7.367930073063572 5.57153792204607
      vertex -1.9559777433242092 -6.628460824879954 5.802811534123254
      vertex -2.4009895421818626 -6.580091432022573 5.49696541280643
    endloop
  endfacet
  facet normal -0.6316146798236434 -0.6413667635742278 0.4355589177293896
    outer loop
      vertex -3.4166894140056647 -5.673361781082153 5.090994742046192
      vertex -1.9559777433242092 -6.628460824879954 5.802811534123254
      vertex -2.057891719355399 -5.587539788558717 7.1877947552359025
    endloop
  endfacet
  facet normal -0.602344911216127 -0.6799372218078059 0.4181698008373139
    outer loop
      vertex -2.4101725479178158 -5.494639959930345 6.831411982684724
      vertex -2.057891719355399 -5.587539788558717 7.1877947552359025
      vertex -2.0687146084463004 -5.581108853693269 7.182661720334234
    endloop
  endfacet
  facet normal -0.5160139547109366 -0.8564488313493329 0.014999927464536341
    outer loop
      vertex -2.0687146084463004 -5.581108853693269 7.182661720334234
      vertex -2.057891719355399 -5.587539788558717 7.1877947552359025
      vertex -2.06667391459138 -5.58162562756128 7.223357659200954
    endloop
  endfacet
  facet normal -0.22404777320489103 -0.24907411568041957 0.9422126512735577
    outer loop
      vertex -2.1065093628008023 -7.367930073063572 5.57153792204607
      vertex -1.403105642001282 -7.326831678325099 5.749663935751876
      vertex -1.9559777433242092 -6.628460824879954 5.802811534123254
    endloop
  endfacet
  facet normal -0.2454173622387448 -0.7835346324765482 0.5708272926390409
    outer loop
      vertex -1.9559777433242092 -6.628460824879954 5.802811534123254
      vertex -1.9869444549179685 -5.601815868821876 7.19870153435171
      vertex -2.057891719355399 -5.587539788558717 7.1877947552359025
    endloop
  endfacet
  facet normal -0.2110746759617238 -0.9713275621756432 0.10940862911843585
    outer loop
      vertex -2.057891719355399 -5.587539788558717 7.1877947552359025
      vertex -2.0108342527125957 -5.595766150397643 7.2055460747458815
      vertex -2.06667391459138 -5.58162562756128 7.223357659200954
    endloop
  endfacet
  facet normal -0.21287510346415506 -0.9703303803307467 0.11464354902180042
    outer loop
      vertex -2.057891719355399 -5.587539788558717 7.1877947552359025
      vertex -1.9869444549179685 -5.601815868821876 7.19870153435171
      vertex -2.0108342527125957 -5.595766150397643 7.2055460747458815
    endloop
  endfacet
  facet normal -0.24541736223873717 -0.7835346324765495 0.5708272926390423
    outer loop
      vertex -1.9559777433242092 -6.628460824879954 5.802811534123254
      vertex -0.49547607283399486 -5.9795069580400195 7.321502578235304
      vertex -1.9869444549179685 -5.601815868821876 7.19870153435171
    endloop
  endfacet
  facet normal -0.22404777320489008 -0.24907411568041887 0.942212651273558
    outer loop
      vertex -1.9559777433242092 -6.628460824879954 5.802811534123254
      vertex -1.403105642001282 -7.326831678325099 5.749663935751876
      vertex -0.052239614304204 -7.071940929977177 6.13826539705537
    endloop
  endfacet
  facet normal -0.23166683448654554 -0.2177040790766936 0.9481220447560283
    outer loop
      vertex -1.403105642001282 -7.326831678325099 5.749663935751876
      vertex -0.4954760728339947 -7.291685037426965 5.9795069580400195
      vertex -0.052239614304204 -7.071940929977177 6.13826539705537
    endloop
  endfacet
  facet normal -0.2316668344865434 -0.21770407907669748 0.948122044756028
    outer loop
      vertex -0.06455019221556875 -7.905758681597963 5.9437994215308
      vertex -0.052239614304204 -7.071940929977177 6.13826539705537
      vertex -0.4954760728339947 -7.291685037426965 5.9795069580400195
    endloop
  endfacet
  facet normal -0.28029565288999175 -0.751110053077143 0.5977190269160124
    outer loop
      vertex -1.9559777433242092 -6.628460824879954 5.802811534123254
      vertex -0.052239614304204 -7.071940929977177 6.13826539705537
      vertex -0.057537711044925104 -5.9900530440564985 7.495310760187769
    endloop
  endfacet
  facet normal -0.24541736223873578 -0.7835346324765503 0.5708272926390419
    outer loop
      vertex -1.9559777433242092 -6.628460824879954 5.802811534123254
      vertex -0.2224002045700564 -5.956879246467375 7.469966318571621
      vertex -0.49547607283399486 -5.9795069580400195 7.321502578235304
    endloop
  endfacet
  facet normal -0.24541736223873972 -0.7835346324765474 0.5708272926390443
    outer loop
      vertex -1.9559777433242092 -6.628460824879954 5.802811534123254
      vertex -0.057537711044925104 -5.9900530440564985 7.495310760187769
      vertex -0.2224002045700564 -5.956879246467375 7.469966318571621
    endloop
  endfacet
  facet normal -0.21287510346414962 -0.9703303803307489 0.11464354902178982
    outer loop
      vertex -0.2224002045700564 -5.956879246467375 7.469966318571621
      vertex -0.057537711044925104 -5.9900530440564985 7.495310760187769
      vertex -0.06396237469666063 -5.943750713582493 7.875278995392844
    endloop
  endfacet
  facet normal 0.24142655183420378 -0.22378876286069463 0.9442625745451984
    outer loop
      vertex -0.06455019221556875 -7.905758681597963 5.9437994215308
      vertex 0.8080490808945103 -7.269475051254595 5.871493784288076
      vertex -0.052239614304204 -7.071940929977177 6.13826539705537
    endloop
  endfacet
  facet normal 0.19093263520958106 -0.3868413078445676 0.9021632509457641
    outer loop
      vertex -0.052239614304204 -7.071940929977177 6.13826539705537
      vertex 0.8080490808945103 -7.269475051254595 5.871493784288076
      vertex 1.4729129228447957 -7.0698012940402295 5.816401595635982
    endloop
  endfacet
  facet normal 0.19093263520958115 -0.3868413078445661 0.9021632509457645
    outer loop
      vertex -0.052239614304204 -7.071940929977177 6.13826539705537
      vertex 1.4729129228447957 -7.0698012940402295 5.816401595635982
      vertex 1.9242236459884685 -6.714739201187375 5.873134940342062
    endloop
  endfacet
  facet normal 0.21944877818202002 -0.7624433772614773 0.6087054544067526
    outer loop
      vertex -0.052239614304204 -7.071940929977177 6.13826539705537
      vertex 1.9242236459884685 -6.714739201187375 5.873134940342062
      vertex -0.057537711044925104 -5.9900530440564985 7.495310760187769
    endloop
  endfacet
  facet normal 0.18915538101890086 -0.849335267028624 0.4927979768759307
    outer loop
      vertex -0.057537711044925104 -5.9900530440564985 7.495310760187769
      vertex 0.5888330517878942 -5.889658542346927 7.420237568451169
      vertex 0.24259746063684684 -5.91834844139424 7.503689579270728
    endloop
  endfacet
  facet normal 0.19039472702152044 -0.7884839635439781 0.5848443272840894
    outer loop
      vertex -0.057537711044925104 -5.9900530440564985 7.495310760187769
      vertex 1.9242236459884685 -6.714739201187375 5.873134940342062
      vertex 0.5888330517878942 -5.889658542346927 7.420237568451169
    endloop
  endfacet
  facet normal 0.19093263520958187 -0.38684130784456694 0.9021632509457642
    outer loop
      vertex 1.4729129228447957 -7.0698012940402295 5.816401595635982
      vertex 2.018846914140235 -7.358817434239701 5.576932744466314
      vertex 1.9242236459884685 -6.714739201187375 5.873134940342062
    endloop
  endfacet
  facet normal 0.19039472702152144 -0.7884839635439775 0.5848443272840901
    outer loop
      vertex 0.5888330517878942 -5.889658542346927 7.420237568451169
      vertex 1.9242236459884685 -6.714739201187375 5.873134940342062
      vertex 1.4729129228447957 -5.816401595635982 7.2311920175970545
    endloop
  endfacet
  facet normal 0.19039472702152185 -0.7884839635439774 0.5848443272840901
    outer loop
      vertex 1.9242236459884685 -6.714739201187375 5.873134940342062
      vertex 1.6990124648026366 -5.717225141291831 7.291294991330244
      vertex 1.4729129228447957 -5.816401595635982 7.2311920175970545
    endloop
  endfacet
  facet normal 0.19039472702152024 -0.7884839635439778 0.5848443272840901
    outer loop
      vertex 1.9242236459884685 -6.714739201187375 5.873134940342062
      vertex 2.0152869874124573 -5.668101287109927 7.254561062070777
      vertex 1.6990124648026366 -5.717225141291831 7.291294991330244
    endloop
  endfacet
  facet normal 0.18915538101890025 -0.8493352670286296 0.4927979768759214
    outer loop
      vertex 1.6990124648026366 -5.717225141291831 7.291294991330244
      vertex 2.0152869874124573 -5.668101287109927 7.254561062070777
      vertex 2.032607782788957 -5.570896667836268 7.415444412527751
    endloop
  endfacet
  facet normal 0.2274322478233132 -0.9661741023898839 0.121581974491029
    outer loop
      vertex -0.057537711044925104 -5.9900530440564985 7.495310760187769
      vertex 0.24259746063684684 -5.91834844139424 7.503689579270728
      vertex -0.06396237469666063 -5.943750713582493 7.875278995392844
    endloop
  endfacet
  facet normal 0.5896075920933915 -0.32220860108036853 0.7406379039285423
    outer loop
      vertex 3.281688948734561 -6.184868643966878 5.022998869575171
      vertex 3.372975088193118 -6.210989503528633 4.93896405827813
      vertex 3.3721495227907643 -6.209099005682165 4.940443720998118
    endloop
  endfacet
  facet normal 0.5896075920934216 -0.32220860108029054 0.7406379039285523
    outer loop
      vertex 3.281688948734561 -6.184868643966878 5.022998869575171
      vertex 3.3721495227907643 -6.209099005682165 4.940443720998118
      vertex 3.4151352682971163 -5.982631720032412 5.0047463784029045
    endloop
  endfacet
  facet normal 0.5943836165472381 -0.2622855432699044 0.760206820655956
    outer loop
      vertex 2.018846914140235 -7.358817434239701 5.576932744466314
      vertex 2.8062274002165344 -6.575518328900664 5.23155564129915
      vertex 1.9242236459884685 -6.714739201187375 5.873134940342062
    endloop
  endfacet
  facet normal 0.6473515325452744 -0.6274503899389201 0.4327146883071821
    outer loop
      vertex 1.9242236459884685 -6.714739201187375 5.873134940342062
      vertex 3.421781338771714 -5.682015033700478 5.1302364564315885
      vertex 2.0152869874124573 -5.668101287109927 7.254561062070777
    endloop
  endfacet
  facet normal 0.6247832795156605 -0.6962427073147163 0.3534005463333786
    outer loop
      vertex 2.0152869874124573 -5.668101287109927 7.254561062070777
      vertex 2.4604767479861125 -5.383215938699419 7.028761262963802
      vertex 2.032607782788957 -5.570896667836268 7.415444412527751
    endloop
  endfacet
  facet normal 0.5896075920934241 -0.3222086010802918 0.7406379039285499
    outer loop
      vertex 1.9242236459884685 -6.714739201187375 5.873134940342062
      vertex 2.8062274002165344 -6.575518328900664 5.23155564129915
      vertex 3.421781338771714 -5.682015033700478 5.1302364564315885
    endloop
  endfacet
  facet normal 0.6307476897132862 -0.6512884605142547 0.42187758072967585
    outer loop
      vertex 2.0152869874124573 -5.668101287109927 7.254561062070777
      vertex 3.421781338771714 -5.682015033700478 5.1302364564315885
      vertex 3.281688948734561 -5.02299886957517 6.357067646309796
    endloop
  endfacet
  facet normal 0.5896075920934244 -0.32220860108029215 0.7406379039285494
    outer loop
      vertex 2.8062274002165344 -6.575518328900664 5.23155564129915
      vertex 3.281688948734561 -6.184868643966878 5.022998869575171
      vertex 3.421781338771714 -5.682015033700478 5.1302364564315885
    endloop
  endfacet
  facet normal 0.5896075920934228 -0.3222086010802914 0.7406379039285509
    outer loop
      vertex 3.281688948734561 -6.184868643966878 5.022998869575171
      vertex 3.4151352682971163 -5.982631720032412 5.0047463784029045
      vertex 3.386201439935359 -5.918011596469693 5.055892511059995
    endloop
  endfacet
  facet normal 0.5896075920934257 -0.3222086010802923 0.7406379039285483
    outer loop
      vertex 3.281688948734561 -6.184868643966878 5.022998869575171
      vertex 3.386201439935359 -5.918011596469693 5.055892511059995
      vertex 3.421781338771714 -5.682015033700478 5.1302364564315885
    endloop
  endfacet
  facet normal 0.5896075920934235 -0.3222086010802925 0.74063790392855
    outer loop
      vertex 3.421781338771714 -5.682015033700478 5.1302364564315885
      vertex 3.386201439935359 -5.918011596469693 5.055892511059995
      vertex 3.461457131317203 -5.8514236725396795 5.024951446543731
    endloop
  endfacet
  facet normal 0.630747689713286 -0.6512884605142548 0.4218775807296759
    outer loop
      vertex 3.421781338771714 -5.682015033700478 5.1302364564315885
      vertex 3.585910765417667 -4.742942958469254 6.3345729102426525
      vertex 3.281688948734561 -5.02299886957517 6.357067646309796
    endloop
  endfacet
  facet normal 0.6307476897132861 -0.6512884605142558 0.4218775807296744
    outer loop
      vertex 2.0152869874124573 -5.668101287109927 7.254561062070777
      vertex 3.281688948734561 -5.02299886957517 6.357067646309796
      vertex 2.4604767479861125 -5.383215938699419 7.028761262963802
    endloop
  endfacet
  facet normal 0.7637652484144709 -0.21857019650795134 0.6073629182892688
    outer loop
      vertex 3.6243680764609802 -5.642319906207295 4.889766493873608
      vertex 3.421781338771714 -5.682015033700478 5.1302364564315885
      vertex 3.599098343347153 -5.6741417112429335 4.9100918141021515
    endloop
  endfacet
  facet normal 0.7637652484144709 -0.21857019650795126 0.6073629182892688
    outer loop
      vertex 3.6243680764609802 -5.642319906207295 4.889766493873608
      vertex 3.635514687006586 -5.4544139932630795 4.943370751829595
      vertex 3.421781338771714 -5.682015033700478 5.1302364564315885
    endloop
  endfacet
  facet normal 0.7665729186751554 -0.1997581486647827 0.6102971754775471
    outer loop
      vertex 3.421781338771714 -5.682015033700478 5.1302364564315885
      vertex 3.461457131317203 -5.8514236725396795 5.024951446543731
      vertex 3.599098343347153 -5.6741417112429335 4.9100918141021515
    endloop
  endfacet
  facet normal 0.8051467624254569 -0.5159033959461707 0.2925446581413057
    outer loop
      vertex 3.635514687006586 -5.4544139932630795 4.943370751829595
      vertex 3.6066619201998495 -5.103101846321854 5.642319906207295
      vertex 3.421781338771714 -5.682015033700478 5.1302364564315885
    endloop
  endfacet
  facet normal 0.8051467624254567 -0.5159033959461709 0.2925446581413061
    outer loop
      vertex 3.421781338771714 -5.682015033700478 5.1302364564315885
      vertex 3.6066619201998495 -5.103101846321854 5.642319906207295
      vertex 3.585910765417667 -4.742942958469254 6.3345729102426525
    endloop
  endfacet
  facet normal 0.8051467624254589 -0.5159033959461684 0.2925446581413048
    outer loop
      vertex 3.6066619201998495 -5.103101846321854 5.642319906207295
      vertex 3.656954297871945 -4.677542779656994 6.254379014544286
      vertex 3.585910765417667 -4.742942958469254 6.3345729102426525
    endloop
  endfacet
  facet normal 0.8051467624254559 -0.5159033959461714 0.2925446581413072
    outer loop
      vertex 3.6066619201998495 -5.103101846321854 5.642319906207295
      vertex 3.7523206392546427 -4.719912585689284 5.917190742322848
      vertex 3.656954297871945 -4.677542779656994 6.254379014544286
    endloop
  endfacet
  facet normal 0.7957526241488118 -0.5307166994103119 0.2917491150411679
    outer loop
      vertex 3.656954297871945 -4.677542779656994 6.254379014544286
      vertex 3.7523206392546427 -4.719912585689284 5.917190742322848
      vertex 3.832393279318243 -4.516039819980647 6.069652791289577
    endloop
  endfacet
  facet normal -0.7572337119951814 0.5230648161009376 0.3911525323646662
    outer loop
      vertex -3.5698210818540566 4.972769486835968 5.535009129837199
      vertex -3.5720460597023247 4.88930046193044 5.642319906207301
      vertex -3.4166894140056643 5.090994742046192 5.6733617810821535
    endloop
  endfacet
  facet normal -0.757233711995178 0.523064816100933 0.39115253236467845
    outer loop
      vertex -3.5797562528427416 4.859136714552456 5.66772988308557
      vertex -3.4166894140056643 5.090994742046192 5.6733617810821535
      vertex -3.5720460597023247 4.88930046193044 5.642319906207301
    endloop
  endfacet
  facet normal -0.8146232936131834 0.5703735210631307 0.10518049235887526
    outer loop
      vertex -3.5797562528427416 4.859136714552456 5.66772988308557
      vertex -3.587845392882069 4.725227889393517 6.331241192462959
      vertex -3.4166894140056643 5.090994742046192 5.6733617810821535
    endloop
  endfacet
  facet normal -0.8146232936131844 0.5703735210631292 0.10518049235887497
    outer loop
      vertex -3.6785988572047637 4.665935691911428 5.949885432812477
      vertex -3.587845392882069 4.725227889393517 6.331241192462959
      vertex -3.5797562528427416 4.859136714552456 5.66772988308557
    endloop
  endfacet
  facet normal 0.6913640684340538 0.47245947666271815 0.5466239729374328
    outer loop
      vertex -4.590438673710916 5.895242699037796 3.8589088205443725
      vertex -4.495249604029349 5.7548319119711 3.859874940795178
      vertex -4.516948391766892 5.818839253184501 3.8319963377400486
    endloop
  endfacet
  facet normal 0.6913640684340471 0.47245947666271365 0.5466239729374456
    outer loop
      vertex -4.582544813819268 5.851364085412399 3.886850031497355
      vertex -4.495249604029349 5.7548319119711 3.859874940795178
      vertex -4.590438673710916 5.895242699037796 3.8589088205443725
    endloop
  endfacet
  facet normal -0.22625045336645497 -0.5099542105320939 0.8299141133346646
    outer loop
      vertex -4.590438673710916 5.895242699037796 3.8589088205443725
      vertex -4.516948391766892 5.818839253184501 3.8319963377400486
      vertex -4.407290204519776 5.999473948976119 3.97288517959539
    endloop
  endfacet
  facet normal -0.8456998085053512 0.2328877520719346 0.48016156533909854
    outer loop
      vertex -3.733720290730019 6.091074028622842 4.629923062019369
      vertex -3.591524719794537 5.642319906207299 5.098024055804832
      vertex -3.607882655290439 6.3785298611573955 4.71213689249787
    endloop
  endfacet
  facet normal -0.7651455958103203 0.41393557893001404 0.49316280649289024
    outer loop
      vertex -3.5698210818540566 4.972769486835968 5.535009129837199
      vertex -3.4166894140056643 5.090994742046192 5.6733617810821535
      vertex -3.5725780495511748 5.183286001951288 5.3540349037301525
    endloop
  endfacet
  facet normal -0.8456998085053512 0.23288775207193452 0.48016156533909854
    outer loop
      vertex -3.5725780495511748 5.183286001951288 5.3540349037301525
      vertex -3.4166894140056643 5.090994742046192 5.6733617810821535
      vertex -3.591524719794537 5.642319906207299 5.098024055804832
    endloop
  endfacet
  facet normal -0.8456998085053512 0.23288775207193468 0.4801615653390987
    outer loop
      vertex -3.607882655290439 6.3785298611573955 4.71213689249787
      vertex -3.591524719794537 5.642319906207299 5.098024055804832
      vertex -3.4166894140056643 5.090994742046192 5.6733617810821535
    endloop
  endfacet
  facet normal -0.563816614732963 0.7753839795774963 0.28441256857886327
    outer loop
      vertex -3.587845392882069 4.725227889393517 6.331241192462959
      vertex -2.410172547917817 5.494639959930344 6.56822693419605
      vertex -3.4166894140056643 5.090994742046192 5.6733617810821535
    endloop
  endfacet
  facet normal -0.6023449112161096 0.4181698008372889 0.6799372218078367
    outer loop
      vertex -3.607882655290439 6.3785298611573955 4.71213689249787
      vertex -3.4166894140056643 5.090994742046192 5.6733617810821535
      vertex -2.410172547917817 6.831411982684725 5.494639959930344
    endloop
  endfacet
  facet normal -0.5638166147329632 0.7753839795774959 0.2844125685788638
    outer loop
      vertex -3.4166894140056643 5.090994742046192 5.6733617810821535
      vertex -2.410172547917817 5.494639959930344 6.56822693419605
      vertex -1.9559777433242096 5.802811534123254 6.628460824879954
    endloop
  endfacet
  facet normal -0.6023449112161099 0.4181698008372891 0.6799372218078362
    outer loop
      vertex -3.4166894140056643 5.090994742046192 5.6733617810821535
      vertex -2.057891719355399 7.187794755235903 5.5875397885587175
      vertex -2.410172547917817 6.831411982684725 5.494639959930344
    endloop
  endfacet
  facet normal -0.6316146798236434 0.43555891772938926 0.641366763574228
    outer loop
      vertex -3.4166894140056643 5.090994742046192 5.6733617810821535
      vertex -1.9559777433242096 5.802811534123254 6.628460824879954
      vertex -2.057891719355399 7.187794755235903 5.5875397885587175
    endloop
  endfacet
  facet normal -0.5638166147329624 0.7753839795774926 0.28441256857887426
    outer loop
      vertex -2.410172547917817 5.494639959930344 6.56822693419605
      vertex -2.4009895421818617 5.496965412806431 6.580091432022573
      vertex -1.9559777433242096 5.802811534123254 6.628460824879954
    endloop
  endfacet
  facet normal -0.5711343902474911 0.8093652771968646 0.1368698518471809
    outer loop
      vertex -2.4009895421818617 5.496965412806431 6.580091432022573
      vertex -2.1065093628008036 5.57153792204607 7.367930073063576
      vertex -1.9559777433242096 5.802811534123254 6.628460824879954
    endloop
  endfacet
  facet normal -0.6023449112161244 0.4181698008373103 0.6799372218078104
    outer loop
      vertex -2.410172547917817 6.831411982684725 5.494639959930344
      vertex -2.057891719355399 7.187794755235903 5.5875397885587175
      vertex -2.068714608446303 7.182661720334234 5.5811088536932685
    endloop
  endfacet
  facet normal -0.5160139547109438 0.014999927464526058 0.8564488313493286
    outer loop
      vertex -2.068714608446303 7.182661720334234 5.5811088536932685
      vertex -2.057891719355399 7.187794755235903 5.5875397885587175
      vertex -2.066673914591382 7.223357659200963 5.58162562756128
    endloop
  endfacet
  facet normal -0.2240477732048905 0.9422126512735581 0.2490741156804184
    outer loop
      vertex -2.1065093628008036 5.57153792204607 7.367930073063576
      vertex -1.403105642001293 5.749663935751873 7.326831678325101
      vertex -1.9559777433242096 5.802811534123254 6.628460824879954
    endloop
  endfacet
  facet normal -0.24541736223874372 0.5708272926390406 0.7835346324765486
    outer loop
      vertex -1.9559777433242096 5.802811534123254 6.628460824879954
      vertex -1.9869444549179507 7.198701534351714 5.60181586882188
      vertex -2.057891719355399 7.187794755235903 5.5875397885587175
    endloop
  endfacet
  facet normal -0.21107467596171792 0.10940862911842676 0.9713275621756453
    outer loop
      vertex -2.066673914591382 7.223357659200963 5.58162562756128
      vertex -2.057891719355399 7.187794755235903 5.5875397885587175
      vertex -2.0108342527125846 7.205546074745887 5.595766150397646
    endloop
  endfacet
  facet normal -0.21287510346415597 0.11464354902181098 0.970330380330745
    outer loop
      vertex -2.057891719355399 7.187794755235903 5.5875397885587175
      vertex -1.9869444549179507 7.198701534351714 5.60181586882188
      vertex -2.0108342527125846 7.205546074745887 5.595766150397646
    endloop
  endfacet
  facet normal -0.24541736223873672 0.5708272926390418 0.7835346324765501
    outer loop
      vertex -1.9559777433242096 5.802811534123254 6.628460824879954
      vertex -0.4954760728339947 7.321502578235305 5.9795069580400195
      vertex -1.9869444549179507 7.198701534351714 5.60181586882188
    endloop
  endfacet
  facet normal -0.22404777320488983 0.9422126512735584 0.2490741156804179
    outer loop
      vertex -1.9559777433242096 5.802811534123254 6.628460824879954
      vertex -1.403105642001293 5.749663935751873 7.326831678325101
      vertex -0.052239614304203943 6.13826539705537 7.071940929977177
    endloop
  endfacet
  facet normal -0.2316668344865445 0.948122044756028 0.21770407907669617
    outer loop
      vertex -1.403105642001293 5.749663935751873 7.326831678325101
      vertex -0.4954760728339947 5.9795069580400195 7.291685037426964
      vertex -0.052239614304203943 6.13826539705537 7.071940929977177
    endloop
  endfacet
  facet normal -0.23166683448654385 0.948122044756028 0.21770407907669748
    outer loop
      vertex -0.4954760728339947 5.9795069580400195 7.291685037426964
      vertex -0.06455019221556872 5.9437994215308 7.905758681597963
      vertex -0.052239614304203943 6.13826539705537 7.071940929977177
    endloop
  endfacet
  facet normal -0.2454173622387367 0.5708272926390413 0.7835346324765505
    outer loop
      vertex -1.9559777433242096 5.802811534123254 6.628460824879954
      vertex -0.22240020457005866 7.469966318571621 5.956879246467375
      vertex -0.4954760728339947 7.321502578235305 5.9795069580400195
    endloop
  endfacet
  facet normal -0.24541736223873598 0.5708272926390416 0.7835346324765505
    outer loop
      vertex -1.9559777433242096 5.802811534123254 6.628460824879954
      vertex -0.05753771104492481 7.495310760187769 5.9900530440564985
      vertex -0.22240020457005866 7.469966318571621 5.956879246467375
    endloop
  endfacet
  facet normal -0.28029565288999164 0.5977190269160124 0.7511100530771428
    outer loop
      vertex -1.9559777433242096 5.802811534123254 6.628460824879954
      vertex -0.052239614304203943 6.13826539705537 7.071940929977177
      vertex -0.05753771104492481 7.495310760187769 5.9900530440564985
    endloop
  endfacet
  facet normal -0.21287510346414648 0.11464354902179 0.9703303803307496
    outer loop
      vertex -0.22240020457005866 7.469966318571621 5.956879246467375
      vertex -0.05753771104492481 7.495310760187769 5.9900530440564985
      vertex -0.06396237469666027 7.875278995392844 5.943750713582493
    endloop
  endfacet
  facet normal 0.2414265518342032 0.9442625745451985 0.22378876286069463
    outer loop
      vertex -0.052239614304203943 6.13826539705537 7.071940929977177
      vertex -0.06455019221556872 5.9437994215308 7.905758681597963
      vertex 0.8080490808945126 5.871493784288076 7.269475051254595
    endloop
  endfacet
  facet normal 0.19093263520958206 0.9021632509457657 0.38684130784456316
    outer loop
      vertex -0.052239614304203943 6.13826539705537 7.071940929977177
      vertex 0.8080490808945126 5.871493784288076 7.269475051254595
      vertex 1.4729129228447957 5.816401595635982 7.069801294040227
    endloop
  endfacet
  facet normal 0.19093263520958198 0.9021632509457651 0.38684130784456455
    outer loop
      vertex -0.052239614304203943 6.13826539705537 7.071940929977177
      vertex 1.4729129228447957 5.816401595635982 7.069801294040227
      vertex 1.9242236459884698 5.8731349403420605 6.714739201187373
    endloop
  endfacet
  facet normal 0.18915538101890148 0.4927979768759271 0.849335267028626
    outer loop
      vertex -0.05753771104492481 7.495310760187769 5.9900530440564985
      vertex 0.5888330517878945 7.420237568451168 5.889658542346927
      vertex 0.24259746063684542 7.503689579270727 5.918348441394241
    endloop
  endfacet
  facet normal 0.19039472702152124 0.5848443272840891 0.7884839635439782
    outer loop
      vertex -0.05753771104492481 7.495310760187769 5.9900530440564985
      vertex 1.9242236459884698 5.8731349403420605 6.714739201187373
      vertex 0.5888330517878945 7.420237568451168 5.889658542346927
    endloop
  endfacet
  facet normal 0.21944877818202105 0.6087054544067525 0.762443377261477
    outer loop
      vertex -0.052239614304203943 6.13826539705537 7.071940929977177
      vertex 1.9242236459884698 5.8731349403420605 6.714739201187373
      vertex -0.05753771104492481 7.495310760187769 5.9900530440564985
    endloop
  endfacet
  facet normal 0.1909326352095822 0.902163250945765 0.3868413078445647
    outer loop
      vertex 1.4729129228447957 5.816401595635982 7.069801294040227
      vertex 2.018846914140237 5.576932744466313 7.358817434239701
      vertex 1.9242236459884698 5.8731349403420605 6.714739201187373
    endloop
  endfacet
  facet normal 0.19039472702152196 0.5848443272840895 0.7884839635439778
    outer loop
      vertex 0.5888330517878945 7.420237568451168 5.889658542346927
      vertex 1.9242236459884698 5.8731349403420605 6.714739201187373
      vertex 1.4729129228447957 7.231192017597053 5.816401595635982
    endloop
  endfacet
  facet normal 0.19039472702152177 0.5848443272840895 0.7884839635439778
    outer loop
      vertex 1.9242236459884698 5.8731349403420605 6.714739201187373
      vertex 1.699012464802637 7.2912949913302425 5.717225141291831
      vertex 1.4729129228447957 7.231192017597053 5.816401595635982
    endloop
  endfacet
  facet normal 0.1903947270215215 0.5848443272840894 0.7884839635439778
    outer loop
      vertex 1.9242236459884698 5.8731349403420605 6.714739201187373
      vertex 2.015286987412459 7.254561062070775 5.668101287109926
      vertex 1.699012464802637 7.2912949913302425 5.717225141291831
    endloop
  endfacet
  facet normal 0.18915538101890184 0.49279797687592264 0.8493352670286285
    outer loop
      vertex 1.699012464802637 7.2912949913302425 5.717225141291831
      vertex 2.015286987412459 7.254561062070775 5.668101287109926
      vertex 2.032607782788959 7.415444412527749 5.5708966678362675
    endloop
  endfacet
  facet normal 0.22743224782331206 0.12158197449102898 0.9661741023898842
    outer loop
      vertex -0.05753771104492481 7.495310760187769 5.9900530440564985
      vertex 0.24259746063684542 7.503689579270727 5.918348441394241
      vertex -0.06396237469666027 7.875278995392844 5.943750713582493
    endloop
  endfacet
  facet normal 0.5896075920934284 0.7406379039285451 0.32220860108029514
    outer loop
      vertex 3.281688948734561 5.022998869575171 6.184868643966877
      vertex 3.3721495227907563 4.940443720998121 6.209099005682169
      vertex 3.415135268297109 5.004746378402908 5.982631720032416
    endloop
  endfacet
  facet normal 0.5896075920935002 0.7406379039285689 0.32220860108010885
    outer loop
      vertex 3.281688948734561 5.022998869575171 6.184868643966877
      vertex 3.3729750881931055 4.938964058278141 6.210989503528627
      vertex 3.3721495227907563 4.940443720998121 6.209099005682169
    endloop
  endfacet
  facet normal 0.6473515325452733 0.4327146883071822 0.6274503899389211
    outer loop
      vertex 1.9242236459884698 5.8731349403420605 6.714739201187373
      vertex 3.4217813387717153 5.130236456431588 5.68201503370048
      vertex 2.015286987412459 7.254561062070775 5.668101287109926
    endloop
  endfacet
  facet normal 0.5943836165472385 0.7602068206559566 0.262285543269902
    outer loop
      vertex 2.018846914140237 5.576932744466313 7.358817434239701
      vertex 2.80622740021653 5.231555641299152 6.575518328900664
      vertex 1.9242236459884698 5.8731349403420605 6.714739201187373
    endloop
  endfacet
  facet normal 0.6247832795156602 0.3534005463333789 0.6962427073147164
    outer loop
      vertex 2.032607782788959 7.415444412527749 5.5708966678362675
      vertex 2.015286987412459 7.254561062070775 5.668101287109926
      vertex 2.4604767479861116 7.028761262963802 5.38321593869942
    endloop
  endfacet
  facet normal 0.6307476897132857 0.42187758072967635 0.6512884605142547
    outer loop
      vertex 2.015286987412459 7.254561062070775 5.668101287109926
      vertex 3.4217813387717153 5.130236456431588 5.68201503370048
      vertex 3.281688948734561 6.357067646309797 5.022998869575171
    endloop
  endfacet
  facet normal 0.5896075920934211 0.7406379039285504 0.3222086010802958
    outer loop
      vertex 3.4217813387717153 5.130236456431588 5.68201503370048
      vertex 3.38620143993535 5.055892511060001 5.918011596469697
      vertex 3.4614571313172027 5.024951446543733 5.851423672539675
    endloop
  endfacet
  facet normal 0.5896075920934328 0.7406379039285416 0.32220860108029487
    outer loop
      vertex 3.4217813387717153 5.130236456431588 5.68201503370048
      vertex 3.281688948734561 5.022998869575171 6.184868643966877
      vertex 3.38620143993535 5.055892511060001 5.918011596469697
    endloop
  endfacet
  facet normal 0.5896075920934237 0.7406379039285492 0.3222086010802939
    outer loop
      vertex 3.4217813387717153 5.130236456431588 5.68201503370048
      vertex 2.80622740021653 5.231555641299152 6.575518328900664
      vertex 3.281688948734561 5.022998869575171 6.184868643966877
    endloop
  endfacet
  facet normal 0.5896075920934251 0.7406379039285487 0.3222086010802926
    outer loop
      vertex 3.281688948734561 5.022998869575171 6.184868643966877
      vertex 3.415135268297109 5.004746378402908 5.982631720032416
      vertex 3.38620143993535 5.055892511060001 5.918011596469697
    endloop
  endfacet
  facet normal 0.6307476897132864 0.4218775807296763 0.6512884605142544
    outer loop
      vertex 3.585910765417668 6.334572910242654 4.7429429584692535
      vertex 3.281688948734561 6.357067646309797 5.022998869575171
      vertex 3.4217813387717153 5.130236456431588 5.68201503370048
    endloop
  endfacet
  facet normal 0.589607592093424 0.740637903928549 0.32220860108029425
    outer loop
      vertex 1.9242236459884698 5.8731349403420605 6.714739201187373
      vertex 2.80622740021653 5.231555641299152 6.575518328900664
      vertex 3.4217813387717153 5.130236456431588 5.68201503370048
    endloop
  endfacet
  facet normal 0.6307476897132857 0.4218775807296761 0.6512884605142552
    outer loop
      vertex 2.4604767479861116 7.028761262963802 5.38321593869942
      vertex 2.015286987412459 7.254561062070775 5.668101287109926
      vertex 3.281688948734561 6.357067646309797 5.022998869575171
    endloop
  endfacet
  facet normal 0.7637652484144704 0.6073629182892714 0.21857019650794668
    outer loop
      vertex 3.63551468700658 4.943370751829599 5.454413993263089
      vertex 3.4217813387717153 5.130236456431588 5.68201503370048
      vertex 3.624368076460975 4.889766493873615 5.6423199062073
    endloop
  endfacet
  facet normal 0.7637652484144705 0.6073629182892716 0.21857019650794593
    outer loop
      vertex 3.4217813387717153 5.130236456431588 5.68201503370048
      vertex 3.5990983433471486 4.910091814102159 5.674141711242936
      vertex 3.624368076460975 4.889766493873615 5.6423199062073
    endloop
  endfacet
  facet normal 0.7957526241488122 0.2917491150411667 0.5307166994103119
    outer loop
      vertex 3.6569542978719465 6.254379014544286 4.677542779656994
      vertex 3.7523206392546404 5.917190742322858 4.719912585689283
      vertex 3.832393279318239 6.069652791289584 4.516039819980651
    endloop
  endfacet
  facet normal 0.8051467624254574 0.2925446581413059 0.5159033959461699
    outer loop
      vertex 3.6569542978719465 6.254379014544286 4.677542779656994
      vertex 3.585910765417668 6.334572910242654 4.7429429584692535
      vertex 3.6066619201998456 5.642319906207298 5.10310184632186
    endloop
  endfacet
  facet normal 0.8051467624254574 0.292544658141306 0.51590339594617
    outer loop
      vertex 3.6569542978719465 6.254379014544286 4.677542779656994
      vertex 3.6066619201998456 5.642319906207298 5.10310184632186
      vertex 3.7523206392546404 5.917190742322858 4.719912585689283
    endloop
  endfacet
  facet normal 0.8051467624254572 0.29254465814130637 0.5159033959461702
    outer loop
      vertex 3.63551468700658 4.943370751829599 5.454413993263089
      vertex 3.6066619201998456 5.642319906207298 5.10310184632186
      vertex 3.4217813387717153 5.130236456431588 5.68201503370048
    endloop
  endfacet
  facet normal 0.7665729186751535 0.6102971754775485 0.19975814866478647
    outer loop
      vertex 3.4217813387717153 5.130236456431588 5.68201503370048
      vertex 3.4614571313172027 5.024951446543733 5.851423672539675
      vertex 3.5990983433471486 4.910091814102159 5.674141711242936
    endloop
  endfacet
  facet normal 0.8051467624254574 0.2925446581413059 0.51590339594617
    outer loop
      vertex 3.585910765417668 6.334572910242654 4.7429429584692535
      vertex 3.4217813387717153 5.130236456431588 5.68201503370048
      vertex 3.6066619201998456 5.642319906207298 5.10310184632186
    endloop
  endfacet
  facet normal 0.6207453556007165 0.7824210842101215 0.04992444775456034
    outer loop
      vertex 4.812660900704578 3.541481494484376 5.872598168134036
      vertex 4.862451031594528 3.449477391032054 6.695420647257107
      vertex 5.210621636895262 3.2222576484919694 5.927384732799539
    endloop
  endfacet
  facet normal 0.5511376679609198 0.7498830260480939 0.3659545302350451
    outer loop
      vertex 4.812660900704578 3.541481494484376 5.872598168134036
      vertex 4.824481651575794 3.6451730162245215 5.642319906207301
      vertex 4.741253877041457 3.673430117131007 5.709761184268481
    endloop
  endfacet
  facet normal 0.5511376679609148 0.749883026048098 0.3659545302350442
    outer loop
      vertex 4.932367611955266 3.682271250005559 5.403822100586551
      vertex 4.824481651575794 3.6451730162245215 5.642319906207301
      vertex 5.210621636895262 3.2222576484919694 5.927384732799539
    endloop
  endfacet
  facet normal 0.5511376679609131 0.7498830260480981 0.3659545302350467
    outer loop
      vertex 4.812660900704578 3.541481494484376 5.872598168134036
      vertex 5.210621636895262 3.2222576484919694 5.927384732799539
      vertex 4.824481651575794 3.6451730162245215 5.642319906207301
    endloop
  endfacet
  facet normal 0.3363230735740618 0.6843314251392519 0.6469754947048432
    outer loop
      vertex 5.452457831978169 3.754842454310881 4.929673623712961
      vertex 6.287308067811435 3.463821059176326 4.80351071355781
      vertex 5.561908534895499 3.7650706150171325 4.861958155412809
    endloop
  endfacet
  facet normal 0.3363230735740622 0.684331425139253 0.6469754947048417
    outer loop
      vertex 5.561908534895499 3.7650706150171325 4.861958155412809
      vertex 6.287308067811435 3.463821059176326 4.80351071355781
      vertex 5.83499644256494 3.887948276702141 4.590023883957535
    endloop
  endfacet
  facet normal 0.3511170382347617 0.7879964833319736 0.5057453585725642
    outer loop
      vertex 5.452457831978169 3.754842454310881 4.929673623712961
      vertex 6.4351592329471705 3.3321819842605485 4.9059695182158345
      vertex 6.287308067811435 3.463821059176326 4.80351071355781
    endloop
  endfacet
  facet normal 0.33632307357406793 0.6843314251392474 0.6469754947048448
    outer loop
      vertex 5.561908534895499 3.7650706150171325 4.861958155412809
      vertex 5.83499644256494 3.887948276702141 4.590023883957535
      vertex 5.805905181214794 3.9102431963040427 4.5815644419571795
    endloop
  endfacet
  facet normal 0.33632307357406094 0.6843314251392524 0.6469754947048432
    outer loop
      vertex 5.83499644256494 3.887948276702141 4.590023883957535
      vertex 6.287308067811435 3.463821059176326 4.80351071355781
      vertex 5.9029095256648505 3.9613507522562026 4.477079331734504
    endloop
  endfacet
  facet normal 0.3363230735740983 0.6843314251392619 0.6469754947048137
    outer loop
      vertex 5.9029095256648505 3.9613507522562026 4.477079331734504
      vertex 6.287308067811435 3.463821059176326 4.80351071355781
      vertex 5.904745040818664 3.9690507158711457 4.467980605089621
    endloop
  endfacet
  facet normal 0.33632307357406277 0.6843314251392534 0.6469754947048413
    outer loop
      vertex 5.98885457583891 4.019094019719478 4.371324420600548
      vertex 5.904745040818664 3.9690507158711457 4.467980605089621
      vertex 6.287308067811435 3.463821059176326 4.80351071355781
    endloop
  endfacet
  facet normal 0.35111703823476353 0.7879964833319745 0.5057453585725614
    outer loop
      vertex 4.932367611955266 3.682271250005559 5.403822100586551
      vertex 5.210621636895262 3.2222576484919694 5.927384732799539
      vertex 5.452457831978169 3.754842454310881 4.929673623712961
    endloop
  endfacet
  facet normal 0.3511170382347623 0.787996483331975 0.5057453585725614
    outer loop
      vertex 5.452457831978169 3.754842454310881 4.929673623712961
      vertex 5.210621636895262 3.2222576484919694 5.927384732799539
      vertex 6.4351592329471705 3.3321819842605485 4.9059695182158345
    endloop
  endfacet
  facet normal 0.7313995584167671 0.6114803941241536 0.30190464314006155
    outer loop
      vertex 5.441901189600532 2.3787472818768234 7.075536298475734
      vertex 5.768836939329751 2.284564321076706 6.474254956444325
      vertex 5.28575773175714 2.667275120467555 6.869425323521109
    endloop
  endfacet
  facet normal -0.01778566329025466 0.5859958516767 0.8101188381953752
    outer loop
      vertex 7.1607200828829045 2.4090757420106046 5.445061191461391
      vertex 7.336285234854513 2.458417721609856 5.413224315852299
      vertex 7.138802452301972 2.4470095663373304 5.4171407405042045
    endloop
  endfacet
  facet normal 0.46011968121606134 0.6355095733013418 0.6200140814529751
    outer loop
      vertex 5.768836939329751 2.284564321076706 6.474254956444325
      vertex 6.485041053477381 3.1821059977408206 5.022778347178836
      vertex 5.210621636895262 3.2222576484919694 5.927384732799539
    endloop
  endfacet
  facet normal 0.4601196812160619 0.6355095733013406 0.620014081452976
    outer loop
      vertex 6.4351592329471705 3.3321819842605485 4.9059695182158345
      vertex 5.210621636895262 3.2222576484919694 5.927384732799539
      vertex 6.485041053477381 3.1821059977408206 5.022778347178836
    endloop
  endfacet
  facet normal 0.833755109970251 0.5022323449154781 0.22937979056402205
    outer loop
      vertex 4.862451031594528 3.449477391032054 6.695420647257107
      vertex 5.28575773175714 2.667275120467555 6.869425323521109
      vertex 5.210621636895262 3.2222576484919694 5.927384732799539
    endloop
  endfacet
  facet normal 0.7313995584167674 0.6114803941241527 0.30190464314006277
    outer loop
      vertex 5.768836939329751 2.284564321076706 6.474254956444325
      vertex 5.210621636895262 3.2222576484919694 5.927384732799539
      vertex 5.28575773175714 2.667275120467555 6.869425323521109
    endloop
  endfacet
  facet normal 0.39466286089787855 0.6815718226308874 0.6161988938837135
    outer loop
      vertex 5.768836939329751 2.284564321076706 6.474254956444325
      vertex 6.652084228602073 2.8556843582224425 5.276842507238934
      vertex 6.485041053477381 3.1821059977408206 5.022778347178836
    endloop
  endfacet
  facet normal 0.3946628608978783 0.6815718226308877 0.6161988938837134
    outer loop
      vertex 5.768836939329751 2.284564321076706 6.474254956444325
      vertex 7.1607200828829045 2.4090757420106046 5.445061191461391
      vertex 6.652084228602073 2.8556843582224425 5.276842507238934
    endloop
  endfacet
  facet normal 0.3946628608978753 0.6815718226308859 0.6161988938837173
    outer loop
      vertex 7.1607200828829045 2.4090757420106046 5.445061191461391
      vertex 7.138802452301972 2.4470095663373304 5.4171407405042045
      vertex 6.652084228602073 2.8556843582224425 5.276842507238934
    endloop
  endfacet
  facet normal 0.8405718605988148 0.3655212307448056 0.39979141692168585
    outer loop
      vertex 6.001727876233297 1.192979390189304 6.98260979011161
      vertex 5.768836939329751 2.284564321076706 6.474254956444325
      vertex 5.674903450203808 1.9481968152281008 6.979286590195048
    endloop
  endfacet
  facet normal 0.8783830612591794 0.44545670528071746 0.17323833701984326
    outer loop
      vertex 6.001727876233297 1.192979390189304 6.98260979011161
      vertex 5.7153324617199 1.705919031819299 7.115793232988099
      vertex 5.7836292266011515 1.2966389582059332 7.821906174399881
    endloop
  endfacet
  facet normal 0.8405718605988144 0.3655212307448054 0.39979141692168657
    outer loop
      vertex 6.001727876233297 1.192979390189304 6.98260979011161
      vertex 5.674903450203808 1.9481968152281008 6.979286590195048
      vertex 5.7153324617199 1.705919031819299 7.115793232988099
    endloop
  endfacet
  facet normal 0.8405718605988155 0.3655212307448045 0.39979141692168524
    outer loop
      vertex 5.441901189600532 2.3787472818768234 7.075536298475734
      vertex 5.674903450203808 1.9481968152281008 6.979286590195048
      vertex 5.768836939329751 2.284564321076706 6.474254956444325
    endloop
  endfacet
  facet normal 0.5223604593425073 0.3973129066726095 0.7545077896926227
    outer loop
      vertex 5.768836939329751 2.284564321076706 6.474254956444325
      vertex 7.369043513699402 1.2429727316726646 5.91488782326906
      vertex 7.1607200828829045 2.4090757420106046 5.445061191461391
    endloop
  endfacet
  facet normal 0.303352397534819 0.4022302545589618 0.8638218249311082
    outer loop
      vertex 7.369043513699402 1.2429727316726646 5.91488782326906
      vertex 7.601254632246746 1.26630149728873 5.822478332591696
      vertex 7.285422183747607 2.1728937450095476 5.511244820829173
    endloop
  endfacet
  facet normal 0.3033523975348266 0.40223025455896144 0.8638218249311055
    outer loop
      vertex 7.369043513699402 1.2429727316726646 5.91488782326906
      vertex 7.285422183747607 2.1728937450095476 5.511244820829173
      vertex 7.1607200828829045 2.4090757420106046 5.445061191461391
    endloop
  endfacet
  facet normal 0.08459014033578373 0.31002246479220735 0.9469585943863316
    outer loop
      vertex 7.1607200828829045 2.4090757420106046 5.445061191461391
      vertex 7.285422183747607 2.1728937450095476 5.511244820829173
      vertex 7.336285234854513 2.458417721609856 5.413224315852299
    endloop
  endfacet
  facet normal 0.5402723132532353 0.447224987953759 0.7128082755424197
    outer loop
      vertex 6.001727876233297 1.192979390189304 6.98260979011161
      vertex 7.369043513699402 1.2429727316726646 5.91488782326906
      vertex 5.768836939329751 2.284564321076706 6.474254956444325
    endloop
  endfacet
  facet normal 0.9585760920938314 0.1707140782488035 0.22801004178276865
    outer loop
      vertex 6.198062264195162 0 7.050400342181218
      vertex 6.001727876233297 1.192979390189304 6.98260979011161
      vertex 5.787628183592616 1.2726745227793212 7.823036659431429
    endloop
  endfacet
  facet normal 0.35997957255777924 0.0937396781558299 0.9282389671201916
    outer loop
      vertex 7.427093971941254 0.9875675416844049 5.918167820416334
      vertex 7.369043513699402 1.2429727316726646 5.91488782326906
      vertex 7.55495813208737 0 5.968311996052687
    endloop
  endfacet
  facet normal 0.3599795725577805 0.09373967815583018 0.9282389671201909
    outer loop
      vertex 7.427093971941254 0.9875675416844049 5.918167820416334
      vertex 7.601254632246746 1.26630149728873 5.822478332591696
      vertex 7.369043513699402 1.2429727316726646 5.91488782326906
    endloop
  endfacet
  facet normal 0.6168571821693245 0.1454738025650061 0.7735144404427097
    outer loop
      vertex 6.198062264195162 0 7.050400342181218
      vertex 7.55495813208737 0 5.968311996052687
      vertex 6.001727876233297 1.192979390189304 6.98260979011161
    endloop
  endfacet
  facet normal 0.6078348664327755 0.12462209491154275 0.7842232517647693
    outer loop
      vertex 6.001727876233297 1.192979390189304 6.98260979011161
      vertex 7.55495813208737 0 5.968311996052687
      vertex 7.369043513699402 1.2429727316726646 5.91488782326906
    endloop
  endfacet
  facet normal 0.959134020496833 0.17373085169639563 0.22333723803796293
    outer loop
      vertex 6.198062264195162 0 7.050400342181218
      vertex 5.787628183592616 1.2726745227793212 7.823036659431429
      vertex 6 0 7.900989600985971
    endloop
  endfacet
  facet normal 0.9585760920938267 0.1707140782488351 0.22801004178276454
    outer loop
      vertex 6.001727876233297 1.192979390189304 6.98260979011161
      vertex 5.7836292266011515 1.2966389582059332 7.821906174399881
      vertex 5.787628183592616 1.2726745227793212 7.823036659431429
    endloop
  endfacet
  facet normal 0.11957647824962317 0.14026173341148537 0.9828672911384441
    outer loop
      vertex 7.603545535457524 0.30995738063661915 5.918167820416334
      vertex 7.55495813208737 0 5.968311996052687
      vertex 7.967121718066103 0 5.918167820416334
    endloop
  endfacet
  facet normal 0.3599795725577861 0.09373967815583065 0.9282389671201887
    outer loop
      vertex 7.427093971941254 0.9875675416844049 5.918167820416334
      vertex 7.55495813208737 0 5.968311996052687
      vertex 7.603545535457524 0.30995738063661915 5.918167820416334
    endloop
  endfacet
  facet normal 0.9585760920938314 -0.17071407824880347 0.2280100417827684
    outer loop
      vertex 6.001727876233297 -1.192979390189304 6.98260979011161
      vertex 6.198062264195162 0 7.050400342181218
      vertex 5.787628183592615 -1.2726745227793277 7.823036659431432
    endloop
  endfacet
  facet normal 0.35997957255778523 -0.09373967815583238 0.9282389671201889
    outer loop
      vertex 7.369043513699402 -1.2429727316726649 5.91488782326906
      vertex 7.601254632246742 -1.2663014972887299 5.822478332591696
      vertex 7.427093971941255 -0.9875675416844049 5.918167820416334
    endloop
  endfacet
  facet normal 0.3599795725577661 -0.09373967815582814 0.9282389671201967
    outer loop
      vertex 7.369043513699402 -1.2429727316726649 5.91488782326906
      vertex 7.427093971941255 -0.9875675416844049 5.918167820416334
      vertex 7.55495813208737 0 5.968311996052687
    endloop
  endfacet
  facet normal 0.6168571821693245 -0.1454738025650061 0.7735144404427097
    outer loop
      vertex 6.001727876233297 -1.192979390189304 6.98260979011161
      vertex 7.55495813208737 0 5.968311996052687
      vertex 6.198062264195162 0 7.050400342181218
    endloop
  endfacet
  facet normal 0.6078348664327755 -0.12462209491154269 0.7842232517647691
    outer loop
      vertex 6.001727876233297 -1.192979390189304 6.98260979011161
      vertex 7.369043513699402 -1.2429727316726649 5.91488782326906
      vertex 7.55495813208737 0 5.968311996052687
    endloop
  endfacet
  facet normal 0.9585760920938319 -0.17071407824880103 0.22801004178276876
    outer loop
      vertex 6.001727876233297 -1.192979390189304 6.98260979011161
      vertex 5.787628183592615 -1.2726745227793277 7.823036659431432
      vertex 5.7836292266011515 -1.2966389582059334 7.821906174399885
    endloop
  endfacet
  facet normal 0.959134020496833 -0.17373085169639552 0.22333723803796296
    outer loop
      vertex 5.787628183592615 -1.2726745227793277 7.823036659431432
      vertex 6.198062264195162 0 7.050400342181218
      vertex 6 0 7.900989600985971
    endloop
  endfacet
  facet normal 0.3599795725577871 -0.09373967815583042 0.9282389671201884
    outer loop
      vertex 7.427093971941255 -0.9875675416844049 5.918167820416334
      vertex 7.603545535457524 -0.30995738063661915 5.918167820416334
      vertex 7.55495813208737 0 5.968311996052687
    endloop
  endfacet
  facet normal 0.11957647824962317 -0.14026173341148537 0.9828672911384441
    outer loop
      vertex 7.603545535457524 -0.30995738063661915 5.918167820416334
      vertex 7.967121718066103 0 5.918167820416334
      vertex 7.55495813208737 0 5.968311996052687
    endloop
  endfacet
  facet normal 0.8405718605988146 -0.3655212307448057 0.399791416921686
    outer loop
      vertex 5.441901189600531 -2.378747281876826 7.075536298475732
      vertex 5.76883693932975 -2.2845643210767093 6.474254956444324
      vertex 5.674903450203807 -1.9481968152281037 6.979286590195047
    endloop
  endfacet
  facet normal 0.8405718605988147 -0.36552123074480564 0.399791416921686
    outer loop
      vertex 5.76883693932975 -2.2845643210767093 6.474254956444324
      vertex 6.001727876233297 -1.192979390189304 6.98260979011161
      vertex 5.674903450203807 -1.9481968152281037 6.979286590195047
    endloop
  endfacet
  facet normal 0.8405718605988157 -0.365521230744806 0.39979141692168346
    outer loop
      vertex 5.674903450203807 -1.9481968152281037 6.979286590195047
      vertex 6.001727876233297 -1.192979390189304 6.98260979011161
      vertex 5.7153324617199 -1.7059190318193003 7.115793232988099
    endloop
  endfacet
  facet normal 0.8783830612591799 -0.44545670528071685 0.17323833701984243
    outer loop
      vertex 5.7153324617199 -1.7059190318193003 7.115793232988099
      vertex 6.001727876233297 -1.192979390189304 6.98260979011161
      vertex 5.7836292266011515 -1.2966389582059334 7.821906174399885
    endloop
  endfacet
  facet normal 0.5223604593425074 -0.39731290667260977 0.7545077896926226
    outer loop
      vertex 5.76883693932975 -2.2845643210767093 6.474254956444324
      vertex 7.160720082882903 -2.409075742010608 5.44506119146139
      vertex 7.369043513699402 -1.2429727316726649 5.91488782326906
    endloop
  endfacet
  facet normal 0.08459014033578863 -0.3100224647922089 0.9469585943863307
    outer loop
      vertex 7.160720082882903 -2.409075742010608 5.44506119146139
      vertex 7.3362852348545 -2.458417721609857 5.413224315852299
      vertex 7.285422183747606 -2.1728937450095502 5.511244820829172
    endloop
  endfacet
  facet normal 0.3033523975348276 -0.4022302545589614 0.8638218249311052
    outer loop
      vertex 7.160720082882903 -2.409075742010608 5.44506119146139
      vertex 7.285422183747606 -2.1728937450095502 5.511244820829172
      vertex 7.369043513699402 -1.2429727316726649 5.91488782326906
    endloop
  endfacet
  facet normal 0.3033523975348238 -0.4022302545589616 0.8638218249311065
    outer loop
      vertex 7.285422183747606 -2.1728937450095502 5.511244820829172
      vertex 7.601254632246742 -1.2663014972887299 5.822478332591696
      vertex 7.369043513699402 -1.2429727316726649 5.91488782326906
    endloop
  endfacet
  facet normal 0.5402723132532353 -0.4472249879537588 0.7128082755424198
    outer loop
      vertex 5.76883693932975 -2.2845643210767093 6.474254956444324
      vertex 7.369043513699402 -1.2429727316726649 5.91488782326906
      vertex 6.001727876233297 -1.192979390189304 6.98260979011161
    endloop
  endfacet
  facet normal 0.4601196812160641 -0.6355095733013403 0.6200140814529748
    outer loop
      vertex 6.43515923294717 -3.332181984260549 4.9059695182158345
      vertex 6.48504105347738 -3.18210599774082 5.0227783471788365
      vertex 5.76883693932975 -2.2845643210767093 6.474254956444324
    endloop
  endfacet
  facet normal 0.46011968121606084 -0.6355095733013425 0.6200140814529748
    outer loop
      vertex 6.43515923294717 -3.332181984260549 4.9059695182158345
      vertex 5.76883693932975 -2.2845643210767093 6.474254956444324
      vertex 5.210621636895262 -3.2222576484919694 5.927384732799539
    endloop
  endfacet
  facet normal 0.8337551099702504 -0.5022323449154792 0.22937979056402283
    outer loop
      vertex 4.862451031594528 -3.449477391032053 6.695420647257105
      vertex 5.210621636895262 -3.2222576484919694 5.927384732799539
      vertex 5.285757731757139 -2.667275120467557 6.869425323521108
    endloop
  endfacet
  facet normal 0.7313995584167666 -0.6114803941241536 0.30190464314006316
    outer loop
      vertex 5.210621636895262 -3.2222576484919694 5.927384732799539
      vertex 5.76883693932975 -2.2845643210767093 6.474254956444324
      vertex 5.285757731757139 -2.667275120467557 6.869425323521108
    endloop
  endfacet
  facet normal 0.3946628608978781 -0.6815718226308882 0.6161988938837127
    outer loop
      vertex 6.48504105347738 -3.18210599774082 5.0227783471788365
      vertex 6.652084228602074 -2.8556843582224425 5.276842507238934
      vertex 5.76883693932975 -2.2845643210767093 6.474254956444324
    endloop
  endfacet
  facet normal 0.39466286089787767 -0.6815718226308888 0.6161988938837127
    outer loop
      vertex 6.652084228602074 -2.8556843582224425 5.276842507238934
      vertex 7.160720082882903 -2.409075742010608 5.44506119146139
      vertex 5.76883693932975 -2.2845643210767093 6.474254956444324
    endloop
  endfacet
  facet normal 0.39466286089787367 -0.6815718226308856 0.6161988938837186
    outer loop
      vertex 6.652084228602074 -2.8556843582224425 5.276842507238934
      vertex 7.13880245230197 -2.447009566337334 5.417140740504204
      vertex 7.160720082882903 -2.409075742010608 5.44506119146139
    endloop
  endfacet
  facet normal 0.7313995584167664 -0.6114803941241539 0.30190464314006243
    outer loop
      vertex 5.285757731757139 -2.667275120467557 6.869425323521108
      vertex 5.76883693932975 -2.2845643210767093 6.474254956444324
      vertex 5.441901189600531 -2.378747281876826 7.075536298475732
    endloop
  endfacet
  facet normal -0.017785663290251524 -0.5859958516767013 0.8101188381953744
    outer loop
      vertex 7.13880245230197 -2.447009566337334 5.417140740504204
      vertex 7.3362852348545 -2.458417721609857 5.413224315852299
      vertex 7.160720082882903 -2.409075742010608 5.44506119146139
    endloop
  endfacet
  facet normal 0.5511376679609081 -0.7498830260481021 0.36595453023504576
    outer loop
      vertex 4.812660900704577 -3.5414814944843784 5.872598168134036
      vertex 4.741253877041455 -3.6734301171310086 5.709761184268478
      vertex 4.826224773246306 -3.5306012463454093 5.874465482953169
    endloop
  endfacet
  facet normal 0.5511376679609143 -0.749883026048099 0.3659545302350434
    outer loop
      vertex 4.932367611955266 -3.682271250005558 5.4038221005865505
      vertex 5.210621636895262 -3.2222576484919694 5.927384732799539
      vertex 4.8244816515757964 -3.645173016224522 5.642319906207294
    endloop
  endfacet
  facet normal 0.6207453556007094 -0.7824210842101269 0.04992444775456423
    outer loop
      vertex 4.812660900704577 -3.5414814944843784 5.872598168134036
      vertex 4.826224773246306 -3.5306012463454093 5.874465482953169
      vertex 4.862451031594528 -3.449477391032053 6.695420647257105
    endloop
  endfacet
  facet normal 0.6207453556007463 -0.7824210842100979 0.04992444775455971
    outer loop
      vertex 4.862451031594528 -3.449477391032053 6.695420647257105
      vertex 4.826224773246306 -3.5306012463454093 5.874465482953169
      vertex 4.830105570624511 -3.527123802084491 5.880711696469497
    endloop
  endfacet
  facet normal 0.6207453556007195 -0.782421084210119 0.0499244477545628
    outer loop
      vertex 4.862451031594528 -3.449477391032053 6.695420647257105
      vertex 4.830105570624511 -3.527123802084491 5.880711696469497
      vertex 4.957206287298897 -3.425164725567416 5.898293295543347
    endloop
  endfacet
  facet normal 0.5511376679609163 -0.7498830260480986 0.36595453023504054
    outer loop
      vertex 5.210621636895262 -3.2222576484919694 5.927384732799539
      vertex 4.953268511454061 -3.428693226202185 5.891955374155229
      vertex 4.8244816515757964 -3.645173016224522 5.642319906207294
    endloop
  endfacet
  facet normal 0.3363230735740637 -0.6843314251392569 0.646975494704837
    outer loop
      vertex 5.452457831978172 -3.75484245431088 4.92967362371296
      vertex 5.561908534895497 -3.7650706150171307 4.861958155412811
      vertex 6.2873080678114315 -3.4638210591763268 4.8035107135578095
    endloop
  endfacet
  facet normal 0.3363230735740627 -0.6843314251392537 0.646975494704841
    outer loop
      vertex 5.561908534895497 -3.7650706150171307 4.861958155412811
      vertex 5.988854575838904 -4.0190940197194776 4.3713244206005495
      vertex 6.2873080678114315 -3.4638210591763268 4.8035107135578095
    endloop
  endfacet
  facet normal 0.35111703823476154 -0.7879964833319756 0.5057453585725613
    outer loop
      vertex 4.932367611955266 -3.682271250005558 5.4038221005865505
      vertex 5.452457831978172 -3.75484245431088 4.92967362371296
      vertex 5.210621636895262 -3.2222576484919694 5.927384732799539
    endloop
  endfacet
  facet normal 0.6207453556007217 -0.7824210842101201 0.04992444775451932
    outer loop
      vertex 5.210621636895262 -3.2222576484919694 5.927384732799539
      vertex 4.957206287298897 -3.425164725567416 5.898293295543347
      vertex 4.953268511454061 -3.428693226202185 5.891955374155229
    endloop
  endfacet
  facet normal 0.6207453556007175 -0.7824210842101207 0.04992444775456252
    outer loop
      vertex 4.862451031594528 -3.449477391032053 6.695420647257105
      vertex 4.957206287298897 -3.425164725567416 5.898293295543347
      vertex 5.210621636895262 -3.2222576484919694 5.927384732799539
    endloop
  endfacet
  facet normal 0.3511170382347628 -0.7879964833319751 0.5057453585725614
    outer loop
      vertex 5.452457831978172 -3.75484245431088 4.92967362371296
      vertex 6.2873080678114315 -3.4638210591763268 4.8035107135578095
      vertex 5.210621636895262 -3.2222576484919694 5.927384732799539
    endloop
  endfacet
  facet normal 0.3511170382347607 -0.7879964833319769 0.5057453585725598
    outer loop
      vertex 6.2873080678114315 -3.4638210591763268 4.8035107135578095
      vertex 6.43515923294717 -3.332181984260549 4.9059695182158345
      vertex 5.210621636895262 -3.2222576484919694 5.927384732799539
    endloop
  endfacet
  facet normal 0.5737208719895928 0.5034915162537486 -0.646019081842017
    outer loop
      vertex 5.711473622385362 3.887151050903703 4.479703587648514
      vertex 5.805905181214794 3.9102431963040427 4.5815644419571795
      vertex 5.83499644256494 3.887948276702141 4.590023883957535
    endloop
  endfacet
  facet normal -0.3320355169121912 0.8695810249232555 0.3654876969232676
    outer loop
      vertex 5.711473622385362 3.887151050903703 4.479703587648514
      vertex 5.83499644256494 3.887948276702141 4.590023883957535
      vertex 5.859319987787892 3.9512542061736102 4.461501489037792
    endloop
  endfacet
  facet normal -0.3320355169121943 0.8695810249232546 0.3654876969232666
    outer loop
      vertex 5.83499644256494 3.887948276702141 4.590023883957535
      vertex 5.9029095256648505 3.9613507522562026 4.477079331734504
      vertex 5.859319987787892 3.9512542061736102 4.461501489037792
    endloop
  endfacet
  facet normal -0.3708526662834048 0.7444604254225102 0.555199941363672
    outer loop
      vertex 5.859319987787892 3.9512542061736102 4.461501489037792
      vertex 5.9029095256648505 3.9613507522562026 4.477079331734504
      vertex 5.904745040818664 3.9690507158711457 4.467980605089621
    endloop
  endfacet
  facet normal 0.4846322518669439 0.16658755118819837 0.8587084302832333
    outer loop
      vertex 4.992086428236349 5.642319906207298 3.644524552115008
      vertex 4.734843056378361 6.18062294850936 3.6852762761380067
      vertex 4.625604926724453 5.980055315129991 3.7858370586002286
    endloop
  endfacet
  facet normal 0.48463225186694153 0.16658755118819718 0.8587084302832348
    outer loop
      vertex 4.992086428236349 5.642319906207298 3.644524552115008
      vertex 4.784030230634873 6.506039006766494 3.5943863389569617
      vertex 4.734843056378361 6.18062294850936 3.6852762761380067
    endloop
  endfacet
  facet normal 0.17869098888182602 0.6743895646926392 0.7164274181842204
    outer loop
      vertex 6.446242612661837 4.802126012962526 3.4701440525681044
      vertex 6.297710894586229 4.878270832819403 3.4355138978533213
      vertex 6.018739995115292 4.621183998550486 3.7470964231456994
    endloop
  endfacet
  facet normal 0.48463225186694353 0.16658755118819882 0.8587084302832334
    outer loop
      vertex 4.992086428236349 5.642319906207298 3.644524552115008
      vertex 5.088012273014743 5.448004630248955 3.628083287898962
      vertex 5.736502191079741 5.164658054122597 3.3170614001060272
    endloop
  endfacet
  facet normal 0.5341389287081891 0.4124191488773928 0.737974288493654
    outer loop
      vertex 5.088012273014743 5.448004630248955 3.628083287898962
      vertex 5.519671447988891 4.963617258423468 3.5863537288171865
      vertex 5.560013386070597 5.003227917034147 3.5350180735100167
    endloop
  endfacet
  facet normal 0.5341389287081905 0.4124191488773945 0.7379742884936522
    outer loop
      vertex 5.088012273014743 5.448004630248955 3.628083287898962
      vertex 5.560013386070597 5.003227917034147 3.5350180735100167
      vertex 5.736502191079741 5.164658054122597 3.3170614001060272
    endloop
  endfacet
  facet normal 0.48463225186693826 0.16658755118818525 0.858708430283239
    outer loop
      vertex 4.992086428236349 5.642319906207298 3.644524552115008
      vertex 5.736502191079741 5.164658054122597 3.3170614001060272
      vertex 5.7449118838177275 5.169548320626196 3.311366491708542
    endloop
  endfacet
  facet normal 0.4846322518669427 0.16658755118819743 0.8587084302832341
    outer loop
      vertex 4.992086428236349 5.642319906207298 3.644524552115008
      vertex 5.7449118838177275 5.169548320626196 3.311366491708542
      vertex 4.784030230634873 6.506039006766494 3.5943863389569617
    endloop
  endfacet
  facet normal 0.23093460207897812 0.7385463627263804 0.6334180923104878
    outer loop
      vertex 6.446242612661837 4.802126012962526 3.4701440525681044
      vertex 6.458042028897256 5.008591026503565 3.2251101955339134
      vertex 6.297710894586229 4.878270832819403 3.4355138978533213
    endloop
  endfacet
  facet normal 0.23093460207898028 0.73854636272638 0.6334180923104876
    outer loop
      vertex 6.446242612661837 4.802126012962526 3.4701440525681044
      vertex 6.831142987426252 5.1869637287567 2.8811060780369044
      vertex 6.458042028897256 5.008591026503565 3.2251101955339134
    endloop
  endfacet
  facet normal 0.7004280573234589 0.37497874412636556 0.6072820415321853
    outer loop
      vertex 4.784030230634873 6.506039006766494 3.5943863389569617
      vertex 5.7449118838177275 5.169548320626196 3.311366491708542
      vertex 5.748793449894688 5.174873715864115 3.3036012895743707
    endloop
  endfacet
  facet normal 0.7004280573234458 0.37497874412634946 0.6072820415322107
    outer loop
      vertex 4.784030230634873 6.506039006766494 3.5943863389569617
      vertex 5.748793449894688 5.174873715864115 3.3036012895743707
      vertex 5.225785283230497 7.002871813203139 2.7780944989249052
    endloop
  endfacet
  facet normal 0.2372570722997305 0.7234820157302897 0.6482922601409008
    outer loop
      vertex 6.338962318292202 5.611811982966671 2.587107925579197
      vertex 6.109524343246434 5.4334798830213415 2.8700911734923023
      vertex 6.2269579394503705 5.338143361913957 2.9335074901232825
    endloop
  endfacet
  facet normal 0.5905901858050149 0.3744693729126197 0.7148257977865846
    outer loop
      vertex 6.338962318292202 5.611811982966671 2.587107925579197
      vertex 6.109133017622473 5.525363686851026 2.822280143960648
      vertex 6.109524343246434 5.4334798830213415 2.8700911734923023
    endloop
  endfacet
  facet normal 0.5905901858044291 0.3744693729138042 0.7148257977864481
    outer loop
      vertex 6.338962318292202 5.611811982966671 2.587107925579197
      vertex 6.1107797338109835 5.526657680377182 2.8202417517138296
      vertex 6.109133017622473 5.525363686851026 2.822280143960648
    endloop
  endfacet
  facet normal 0.5905901858068572 0.3744693729103833 0.7148257977862342
    outer loop
      vertex 6.109133017622473 5.525363686851026 2.822280143960648
      vertex 6.1107797338109835 5.526657680377182 2.8202417517138296
      vertex 6.110498595735347 5.526678455039865 2.8204631453931155
    endloop
  endfacet
  facet normal 0.5905901858050107 0.3744693729126244 0.7148257977865857
    outer loop
      vertex 5.225785283230497 7.002871813203139 2.7780944989249052
      vertex 5.748793449894688 5.174873715864115 3.3036012895743707
      vertex 6.020573434084329 5.440099195457292 2.940114953198577
    endloop
  endfacet
  facet normal 0.5905901858059486 0.37446937291315835 0.7148257977855312
    outer loop
      vertex 5.225785283230497 7.002871813203139 2.7780944989249052
      vertex 6.110615263442492 5.526790781818226 2.820307910731134
      vertex 6.1107797338109835 5.526657680377182 2.8202417517138296
    endloop
  endfacet
  facet normal 0.5905901858062695 0.3744693729133341 0.7148257977851737
    outer loop
      vertex 5.225785283230497 7.002871813203139 2.7780944989249052
      vertex 6.110498595735347 5.526678455039865 2.8204631453931155
      vertex 6.110615263442492 5.526790781818226 2.820307910731134
    endloop
  endfacet
  facet normal 0.5905901858050726 0.37446937291266036 0.7148257977865159
    outer loop
      vertex 5.225785283230497 7.002871813203139 2.7780944989249052
      vertex 6.109133017622473 5.525363686851026 2.822280143960648
      vertex 6.110498595735347 5.526678455039865 2.8204631453931155
    endloop
  endfacet
  facet normal 0.5905901858050109 0.3744693729126238 0.714825797786586
    outer loop
      vertex 5.225785283230497 7.002871813203139 2.7780944989249052
      vertex 6.1107797338109835 5.526657680377182 2.8202417517138296
      vertex 6.338962318292202 5.611811982966671 2.587107925579197
    endloop
  endfacet
  facet normal 0.5905901858050117 0.37446937291262483 0.7148257977865847
    outer loop
      vertex 5.225785283230497 7.002871813203139 2.7780944989249052
      vertex 6.020573434084329 5.440099195457292 2.940114953198577
      vertex 6.109133017622473 5.525363686851026 2.822280143960648
    endloop
  endfacet
  facet normal 0.5905901858050144 0.3744693729126273 0.7148257977865812
    outer loop
      vertex 5.225785283230497 7.002871813203139 2.7780944989249052
      vertex 6.338962318292202 5.611811982966671 2.587107925579197
      vertex 5.257913900612083 7.065529216504129 2.718726013955684
    endloop
  endfacet
  facet normal 0.23093460207897973 0.7385463627263799 0.6334180923104881
    outer loop
      vertex 6.831142987426252 5.1869637287567 2.8811060780369044
      vertex 6.3645151621118465 5.160215556574884 3.0824190464860526
      vertex 6.41827826411374 5.032091677702274 3.2122064099201317
    endloop
  endfacet
  facet normal 0.2372570722997317 0.7234820157302877 0.6482922601409025
    outer loop
      vertex 6.831142987426252 5.1869637287567 2.8811060780369044
      vertex 6.242873716834217 5.332005507447413 2.934532485510555
      vertex 6.333299040618039 5.174119376036831 3.0776372774849583
    endloop
  endfacet
  facet normal 0.23725707229966517 0.7234820157304507 0.6482922601407449
    outer loop
      vertex 6.831142987426252 5.1869637287567 2.8811060780369044
      vertex 6.333299040618039 5.174119376036831 3.0776372774849583
      vertex 6.335246000256047 5.173198368656277 3.0779525709801203
    endloop
  endfacet
  facet normal 0.2309346020789758 0.7385463627263877 0.6334180923104802
    outer loop
      vertex 6.831142987426252 5.1869637287567 2.8811060780369044
      vertex 6.335246000256047 5.173198368656277 3.0779525709801203
      vertex 6.3645151621118465 5.160215556574884 3.0824190464860526
    endloop
  endfacet
  facet normal 0.2372570722997318 0.7234820157302887 0.6482922601409011
    outer loop
      vertex 6.338962318292202 5.611811982966671 2.587107925579197
      vertex 6.242873716834217 5.332005507447413 2.934532485510555
      vertex 6.831142987426252 5.1869637287567 2.8811060780369044
    endloop
  endfacet
  facet normal 0.23725707229974358 0.7234820157302848 0.6482922601409014
    outer loop
      vertex 6.338962318292202 5.611811982966671 2.587107925579197
      vertex 6.2269579394503705 5.338143361913957 2.9335074901232825
      vertex 6.242873716834217 5.332005507447413 2.934532485510555
    endloop
  endfacet
  facet normal 0.23093460207897457 0.7385463627263847 0.6334180923104842
    outer loop
      vertex 6.831142987426252 5.1869637287567 2.8811060780369044
      vertex 6.41827826411374 5.032091677702274 3.2122064099201317
      vertex 6.458042028897256 5.008591026503565 3.2251101955339134
    endloop
  endfacet
  facet normal 0.2372570722997347 0.7234820157302904 0.6482922601408985
    outer loop
      vertex 6.338962318292202 5.611811982966671 2.587107925579197
      vertex 6.831142987426252 5.1869637287567 2.8811060780369044
      vertex 6.95470552726744 5.296025268904804 2.714174963773532
    endloop
  endfacet
  facet normal 0.73601288847444 0.5066842515752618 0.4489499941030496
    outer loop
      vertex 5.719498818147969 7.270771998647918 1.7303626333522724
      vertex 5.674903450203808 7.1425385102506915 1.9481968152281008
      vertex 6.338962318292202 5.611811982966671 2.587107925579197
    endloop
  endfacet
  facet normal 0.7360128884744388 0.506684251575262 0.44894999410305136
    outer loop
      vertex 5.674903450203808 7.1425385102506915 1.9481968152281008
      vertex 5.257913900612083 7.065529216504129 2.718726013955684
      vertex 6.338962318292202 5.611811982966671 2.587107925579197
    endloop
  endfacet
  facet normal 0.7360128884744436 0.5066842515752582 0.44894999410304826
    outer loop
      vertex 5.719498818147969 7.270771998647918 1.7303626333522724
      vertex 5.707604087766705 7.26867234089815 1.7522326378294086
      vertex 5.674903450203808 7.1425385102506915 1.9481968152281008
    endloop
  endfacet
  facet normal 0.8768820308949608 0.029790964927943465 0.4797816193876034
    outer loop
      vertex 5.719498818147969 7.270771998647918 1.7303626333522724
      vertex 5.708698567526007 7.342086871084675 1.7456737802139068
      vertex 5.707604087766705 7.26867234089815 1.7522326378294086
    endloop
  endfacet
  facet normal 0.34777482848143154 0.8431322709712578 0.41009833250277994
    outer loop
      vertex 6.83167312765357 5.494639959930344 2.410172547917817
      vertex 6.960375883505533 5.5522968395776235 2.182490679167478
      vertex 6.776394790106561 5.89798943733934 1.6277930035640449
    endloop
  endfacet
  facet normal 0.3477748284814299 0.8431322709712582 0.4100983325027803
    outer loop
      vertex 6.83167312765357 5.494639959930344 2.410172547917817
      vertex 6.776394790106561 5.89798943733934 1.6277930035640449
      vertex 6.338962318292202 5.611811982966671 2.587107925579197
    endloop
  endfacet
  facet normal 0.1739729617722335 0.8606059285277201 0.4786343535049876
    outer loop
      vertex 6.776394790106561 5.89798943733934 1.6277930035640449
      vertex 6.960375883505533 5.5522968395776235 2.182490679167478
      vertex 7.6006373670480745 5.660495503798915 1.7552238167063146
    endloop
  endfacet
  facet normal 0.7128452660213982 0.5130920602676972 0.4781089461630391
    outer loop
      vertex 5.719498818147969 7.270771998647918 1.7303626333522724
      vertex 6.338962318292202 5.611811982966671 2.587107925579197
      vertex 6.776394790106561 5.89798943733934 1.6277930035640449
    endloop
  endfacet
  facet normal 0.34777482848143015 0.8431322709712578 0.41009833250278116
    outer loop
      vertex 6.83167312765357 5.494639959930344 2.410172547917817
      vertex 6.338962318292202 5.611811982966671 2.587107925579197
      vertex 6.95470552726744 5.296025268904804 2.714174963773532
    endloop
  endfacet
  facet normal 0.9580563620471223 0.15983845872707705 0.2378648234875969
    outer loop
      vertex 5.7727157218910286 7.499917122668358 1.3620400063947464
      vertex 5.719498818147969 7.270771998647918 1.7303626333522724
      vertex 5.957752137069404 7.52753857090557 0.5982016135541381
    endloop
  endfacet
  facet normal 0.973295095368366 0.1033973483558253 0.2049527889170274
    outer loop
      vertex 5.7727157218910286 7.499917122668358 1.3620400063947464
      vertex 5.708698567526007 7.342086871084675 1.7456737802139068
      vertex 5.719498818147969 7.270771998647918 1.7303626333522724
    endloop
  endfacet
  facet normal 0.7684723851609517 0.5699015260453757 0.29096811484454815
    outer loop
      vertex 5.719498818147969 7.270771998647918 1.7303626333522724
      vertex 6.776394790106561 5.89798943733934 1.6277930035640449
      vertex 5.957752137069404 7.52753857090557 0.5982016135541381
    endloop
  endfacet
  facet normal 0.24632553406101035 0.9218639092548085 0.2991499023616758
    outer loop
      vertex 7.0359290970288555 6.16761536124708 0.583205214823887
      vertex 6.776394790106561 5.89798943733934 1.6277930035640449
      vertex 7.780313237470589 5.916706633068864 0.7434689478392602
    endloop
  endfacet
  facet normal 0.22632004196973085 0.9339269483425627 0.2766942243025093
    outer loop
      vertex 6.776394790106561 5.89798943733934 1.6277930035640449
      vertex 7.6006373670480745 5.660495503798915 1.7552238167063146
      vertex 7.780313237470589 5.916706633068864 0.7434689478392602
    endloop
  endfacet
  facet normal 0.7402687989151687 0.5832131091924656 0.33446161905179894
    outer loop
      vertex 7.0359290970288555 6.16761536124708 0.583205214823887
      vertex 5.957752137069404 7.52753857090557 0.5982016135541381
      vertex 6.776394790106561 5.89798943733934 1.6277930035640449
    endloop
  endfacet
  facet normal 0.9580563620471224 0.1598384587270768 0.23786482348759685
    outer loop
      vertex 5.7727157218910286 7.499917122668358 1.3620400063947464
      vertex 5.957752137069404 7.52753857090557 0.5982016135541381
      vertex 5.896646147275423 7.862306529636727 0.6193656833510122
    endloop
  endfacet
  facet normal 0.24632553406101057 0.9218639092548087 0.29914990236167516
    outer loop
      vertex 7.0359290970288555 6.16761536124708 0.583205214823887
      vertex 7.780313237470589 5.916706633068864 0.7434689478392602
      vertex 7.810082484730894 5.94496972651871 0.6318605158066398
    endloop
  endfacet
  facet normal 0.7831604186879043 0.6207130566944749 -0.03708179943837515
    outer loop
      vertex 5.9627958956459315 7.45107379705559 -0.5752207145513553
      vertex 5.961319750956108 7.473452558482133 -0.23179802445391132
      vertex 7.041444031999651 6.091692665552149 -0.5490917577561922
    endloop
  endfacet
  facet normal 0.7831604186879044 0.6207130566944749 -0.03708179943837524
    outer loop
      vertex 5.961319750956108 7.473452558482133 -0.23179802445391132
      vertex 6 7.438497031207258 0
      vertex 7.041444031999651 6.091692665552149 -0.5490917577561922
    endloop
  endfacet
  facet normal 0.7831604186879042 0.620713056694475 -0.037081799438375626
    outer loop
      vertex 7.041444031999651 6.091692665552149 -0.5490917577561922
      vertex 6 7.438497031207258 0
      vertex 5.9592743755051245 7.50446101555334 0.2440552875409864
    endloop
  endfacet
  facet normal 0.9825836613021793 0.18565382161891497 -0.00787445619050508
    outer loop
      vertex 5.9627958956459315 7.45107379705559 -0.5752207145513553
      vertex 5.9002878818771505 7.780954349968533 -0.59754196434372
      vertex 5.961319750956108 7.473452558482133 -0.23179802445391132
    endloop
  endfacet
  facet normal 0.23126537160657057 0.9725470610078096 -0.0258561795466103
    outer loop
      vertex 7.041444031999651 6.091692665552149 -0.5490917577561922
      vertex 7.671319892748542 5.965042270923081 0.3209132594030681
      vertex 7.889329070309874 5.888710313945898 -0.6002764667833627
    endloop
  endfacet
  facet normal 0.2794963113690316 0.9580855365915492 -0.06288017577256415
    outer loop
      vertex 7.041444031999651 6.091692665552149 -0.5490917577561922
      vertex 7.0359290970288555 6.16761536124708 0.583205214823887
      vertex 7.671319892748542 5.965042270923081 0.3209132594030681
    endloop
  endfacet
  facet normal 0.27949631136903214 0.9580855365915492 -0.062880175772563
    outer loop
      vertex 7.0359290970288555 6.16761536124708 0.583205214823887
      vertex 7.661008961945716 5.9795069580400195 0.4954760728339947
      vertex 7.671319892748542 5.965042270923081 0.3209132594030681
    endloop
  endfacet
  facet normal 0.7828409850598973 0.6210706881936267 -0.03783110330329687
    outer loop
      vertex 7.041444031999651 6.091692665552149 -0.5490917577561922
      vertex 5.957752137069404 7.52753857090557 0.5982016135541381
      vertex 7.0359290970288555 6.16761536124708 0.583205214823887
    endloop
  endfacet
  facet normal 0.7831604186879048 0.6207130566944745 -0.03708179943837412
    outer loop
      vertex 7.041444031999651 6.091692665552149 -0.5490917577561922
      vertex 5.9592743755051245 7.50446101555334 0.2440552875409864
      vertex 5.957752137069404 7.52753857090557 0.5982016135541381
    endloop
  endfacet
  facet normal 0.9835940822766576 0.18014228920645142 -0.009562266980115981
    outer loop
      vertex 5.896646147275423 7.862306529636727 0.6193656833510122
      vertex 5.957752137069404 7.52753857090557 0.5982016135541381
      vertex 5.941851505240123 7.601101072982582 0.3484648249036146
    endloop
  endfacet
  facet normal 0.9825836613021786 0.18565382161891922 -0.007874456190503764
    outer loop
      vertex 5.9592743755051245 7.50446101555334 0.2440552875409864
      vertex 5.941851505240123 7.601101072982582 0.3484648249036146
      vertex 5.957752137069404 7.52753857090557 0.5982016135541381
    endloop
  endfacet
  facet normal 0.27949631136903136 0.958085536591549 -0.06288017577256842
    outer loop
      vertex 7.0359290970288555 6.16761536124708 0.583205214823887
      vertex 7.810082484730894 5.94496972651871 0.6318605158066398
      vertex 7.661008961945716 5.9795069580400195 0.4954760728339947
    endloop
  endfacet
  facet normal 0.9762703046883969 0.10745869542238226 -0.18801308720869492
    outer loop
      vertex 5.728972620321231 7.342551723635046 -1.7029255211062775
      vertex 5.71203815718347 7.4566243833466 -1.72566071659044
      vertex 5.793276739017334 7.570349464483226 -1.2388245859037208
    endloop
  endfacet
  facet normal 0.7795860577013124 0.5870783456799727 -0.21813893433175194
    outer loop
      vertex 5.728972620321231 7.342551723635046 -1.7029255211062775
      vertex 5.9627958956459315 7.45107379705559 -0.5752207145513553
      vertex 6.786912717033241 5.969390278997085 -1.6176495933253392
    endloop
  endfacet
  facet normal 0.9619753418423115 0.16769329260874835 -0.21559777666155244
    outer loop
      vertex 5.728972620321231 7.342551723635046 -1.7029255211062775
      vertex 5.793276739017334 7.570349464483226 -1.2388245859037208
      vertex 5.9627958956459315 7.45107379705559 -0.5752207145513553
    endloop
  endfacet
  facet normal 0.31483929556169427 0.9316058754197719 -0.18162244039098396
    outer loop
      vertex 6.786912717033241 5.969390278997085 -1.6176495933253392
      vertex 7.323099228623248 5.816401595635982 -1.4729129228447957
      vertex 7.4971141082482085 5.710543437680144 -1.7142452147137994
    endloop
  endfacet
  facet normal 0.3148392955616938 0.9316058754197724 -0.1816224403909818
    outer loop
      vertex 6.786912717033241 5.969390278997085 -1.6176495933253392
      vertex 7.041444031999651 6.091692665552149 -0.5490917577561922
      vertex 7.323099228623248 5.816401595635982 -1.4729129228447957
    endloop
  endfacet
  facet normal 0.31483929556169515 0.9316058754197722 -0.18162244039098135
    outer loop
      vertex 7.323099228623248 5.816401595635982 -1.4729129228447957
      vertex 7.041444031999651 6.091692665552149 -0.5490917577561922
      vertex 7.395437617818958 5.834473366386917 -1.2548190836584892
    endloop
  endfacet
  facet normal 0.21242561765781864 0.9475484433602003 -0.23880390375443142
    outer loop
      vertex 7.395437617818958 5.834473366386917 -1.2548190836584892
      vertex 7.041444031999651 6.091692665552149 -0.5490917577561922
      vertex 7.889329070309874 5.888710313945898 -0.6002764667833627
    endloop
  endfacet
  facet normal 0.7608528823755556 0.59892393605074 -0.24978592875960412
    outer loop
      vertex 5.9627958956459315 7.45107379705559 -0.5752207145513553
      vertex 7.041444031999651 6.091692665552149 -0.5490917577561922
      vertex 6.786912717033241 5.969390278997085 -1.6176495933253392
    endloop
  endfacet
  facet normal 0.9619753418423114 0.1676932926087489 -0.21559777666155233
    outer loop
      vertex 5.9627958956459315 7.45107379705559 -0.5752207145513553
      vertex 5.793276739017334 7.570349464483226 -1.2388245859037208
      vertex 5.9002878818771505 7.780954349968533 -0.59754196434372
    endloop
  endfacet
  facet normal 0.7157567790141455 0.48885489152082867 -0.4987114680167827
    outer loop
      vertex 5.268375222444772 7.00037423586341 -2.6993951843527233
      vertex 5.674903450203807 7.171500490320151 -1.9481968152281037
      vertex 6.3545149424102 5.569957235481331 -2.542700331753463
    endloop
  endfacet
  facet normal 0.7157567790141454 0.4888548915208286 -0.49871146801678307
    outer loop
      vertex 6.3545149424102 5.569957235481331 -2.542700331753463
      vertex 5.674903450203807 7.171500490320151 -1.9481968152281037
      vertex 5.728972620321231 7.342551723635046 -1.7029255211062775
    endloop
  endfacet
  facet normal 0.7157567790141395 0.4888548915208344 -0.4987114680167859
    outer loop
      vertex 5.674903450203807 7.171500490320151 -1.9481968152281037
      vertex 5.71003471324363 7.334838007402625 -1.7376666979074744
      vertex 5.728972620321231 7.342551723635046 -1.7029255211062775
    endloop
  endfacet
  facet normal 0.8744043090158216 0.03333454940025181 -0.4840515594343704
    outer loop
      vertex 5.71003471324363 7.334838007402625 -1.7376666979074744
      vertex 5.71203815718347 7.4566243833466 -1.72566071659044
      vertex 5.728972620321231 7.342551723635046 -1.7029255211062775
    endloop
  endfacet
  facet normal 0.24267645329367718 0.844196172901945 -0.4779549776647495
    outer loop
      vertex 6.3545149424102 5.569957235481331 -2.542700331753463
      vertex 6.786912717033241 5.969390278997085 -1.6176495933253392
      vertex 7.4316649095142235 5.645828906755716 -1.8617794847861682
    endloop
  endfacet
  facet normal 0.23215843983532317 0.8556353824069436 -0.46259112744036923
    outer loop
      vertex 6.3545149424102 5.569957235481331 -2.542700331753463
      vertex 7.4316649095142235 5.645828906755716 -1.8617794847861682
      vertex 7.108619157817073 5.268891458972934 -2.7211103093658067
    endloop
  endfacet
  facet normal 0.24267645329367896 0.8441961729019463 -0.4779549776647463
    outer loop
      vertex 6.786912717033241 5.969390278997085 -1.6176495933253392
      vertex 7.4971141082482085 5.710543437680144 -1.7142452147137994
      vertex 7.4316649095142235 5.645828906755716 -1.8617794847861682
    endloop
  endfacet
  facet normal 0.6854260165959921 0.494912368220195 -0.5340907446829881
    outer loop
      vertex 6.3545149424102 5.569957235481331 -2.542700331753463
      vertex 5.728972620321231 7.342551723635046 -1.7029255211062775
      vertex 6.786912717033241 5.969390278997085 -1.6176495933253392
    endloop
  endfacet
  facet normal 0.2784008837037896 0.7638523488210979 -0.5822564187309923
    outer loop
      vertex 6.388016595901816 4.856940401029079 -3.4620765319753963
      vertex 6.072675473861571 5.053277686723062 -3.355282604430757
      vertex 6.197904124191484 5.032622106438797 -3.3225033120322642
    endloop
  endfacet
  facet normal 0.27840088370378574 0.7638523488210966 -0.5822564187309959
    outer loop
      vertex 6.388016595901816 4.856940401029079 -3.4620765319753963
      vertex 6.197904124191484 5.032622106438797 -3.3225033120322642
      vertex 6.313483331806154 5.014912306974376 -3.2904732973863027
    endloop
  endfacet
  facet normal 0.7154655136533634 0.40060723109374663 -0.5723835647257269
    outer loop
      vertex 4.801634121874259 6.578112203475069 -3.5618571971008834
      vertex 5.232092138626945 6.945818013892689 -2.7664404509041
      vertex 5.774337640105564 5.191691391381628 -3.3163476676516335
    endloop
  endfacet
  facet normal 0.2784008837037815 0.7638523488210918 -0.5822564187310045
    outer loop
      vertex 6.388016595901816 4.856940401029079 -3.4620765319753963
      vertex 5.774337640105564 5.191691391381628 -3.3163476676516335
      vertex 6.072675473861571 5.053277686723062 -3.355282604430757
    endloop
  endfacet
  facet normal 0.2784008837037862 0.7638523488210984 -0.5822564187309933
    outer loop
      vertex 5.774337640105564 5.191691391381628 -3.3163476676516335
      vertex 6.3545149424102 5.569957235481331 -2.542700331753463
      vertex 6.072675473861571 5.053277686723062 -3.355282604430757
    endloop
  endfacet
  facet normal 0.27840088370378485 0.7638523488210989 -0.5822564187309933
    outer loop
      vertex 6.3545149424102 5.569957235481331 -2.542700331753463
      vertex 6.196880061799504 5.103588849052303 -3.2298928891602645
      vertex 6.072675473861571 5.053277686723062 -3.355282604430757
    endloop
  endfacet
  facet normal 0.6267644933568758 0.40284710340499524 -0.6669936140213817
    outer loop
      vertex 5.774337640105564 5.191691391381628 -3.3163476676516335
      vertex 5.232092138626945 6.945818013892689 -2.7664404509041
      vertex 6.3545149424102 5.569957235481331 -2.542700331753463
    endloop
  endfacet
  facet normal 0.6267644933568746 0.4028471034049938 -0.6669936140213838
    outer loop
      vertex 5.232092138626945 6.945818013892689 -2.7664404509041
      vertex 5.268375222444772 7.00037423586341 -2.6993951843527233
      vertex 6.3545149424102 5.569957235481331 -2.542700331753463
    endloop
  endfacet
  facet normal 0.27840088370378935 0.763852348821095 -0.5822564187309964
    outer loop
      vertex 6.47271917097374 5.1035470082081735 -3.0980576889671823
      vertex 6.329865417130451 5.0329765075003 -3.25894222543606
      vertex 6.219098957207896 5.089348835336693 -3.237950349166493
    endloop
  endfacet
  facet normal 0.27840088370379695 0.7638523488210949 -0.5822564187309929
    outer loop
      vertex 6.3545149424102 5.569957235481331 -2.542700331753463
      vertex 6.219098957207896 5.089348835336693 -3.237950349166493
      vertex 6.196880061799504 5.103588849052303 -3.2298928891602645
    endloop
  endfacet
  facet normal 0.2784008837037875 0.7638523488210978 -0.5822564187309934
    outer loop
      vertex 6.47271917097374 5.1035470082081735 -3.0980576889671823
      vertex 6.219098957207896 5.089348835336693 -3.237950349166493
      vertex 6.3545149424102 5.569957235481331 -2.542700331753463
    endloop
  endfacet
  facet normal 0.1630991135820455 0.7723340146371821 -0.6139208816966271
    outer loop
      vertex 6.47271917097374 5.1035470082081735 -3.0980576889671823
      vertex 6.3545149424102 5.569957235481331 -2.542700331753463
      vertex 7.108619157817073 5.268891458972934 -2.7211103093658067
    endloop
  endfacet
  facet normal 0.47464053424662367 0.18045181637905444 -0.8614833168527292
    outer loop
      vertex 4.6111137245400515 5.946262221224795 -3.799177149968494
      vertex 4.734843056378361 6.164585024534477 -3.6852762761380067
      vertex 5.040874190692566 5.603777140010783 -3.6341365978376197
    endloop
  endfacet
  facet normal 0.47464053424662334 0.18045181637905425 -0.8614833168527294
    outer loop
      vertex 4.734843056378361 6.164585024534477 -3.6852762761380067
      vertex 4.801634121874259 6.578112203475069 -3.5618571971008834
      vertex 5.040874190692566 5.603777140010783 -3.6341365978376197
    endloop
  endfacet
  facet normal 0.16127084537354625 0.6273210088651842 -0.7618792990158411
    outer loop
      vertex 5.912915264444986 4.474415237854454 -3.8776096289503577
      vertex 5.864733708290107 4.517849220626388 -3.8520455144978825
      vertex 5.879966890464373 4.526561051544095 -3.8416478271771153
    endloop
  endfacet
  facet normal 0.2668697167577728 0.6214145704694864 -0.7366304948112383
    outer loop
      vertex 5.4043904412090376 4.887493794558703 -3.706991993645976
      vertex 5.774337640105564 5.191691391381628 -3.3163476676516335
      vertex 5.6037771400107825 4.801446904644696 -3.7073456571224326
    endloop
  endfacet
  facet normal 0.26686971675777454 0.6214145704694857 -0.7366304948112383
    outer loop
      vertex 5.774337640105564 5.191691391381628 -3.3163476676516335
      vertex 5.812308577478101 4.90864347371682 -3.5413679567163676
      vertex 5.6037771400107825 4.801446904644696 -3.7073456571224326
    endloop
  endfacet
  facet normal 0.1612708453735357 0.6273210088651927 -0.7618792990158362
    outer loop
      vertex 6.388016595901816 4.856940401029079 -3.4620765319753963
      vertex 5.879966890464373 4.526561051544095 -3.8416478271771153
      vertex 5.8864594045567 4.552358553217511 -3.8190322133462957
    endloop
  endfacet
  facet normal 0.16127084537354572 0.627321008865184 -0.7618792990158413
    outer loop
      vertex 5.912915264444986 4.474415237854454 -3.8776096289503577
      vertex 5.879966890464373 4.526561051544095 -3.8416478271771153
      vertex 6.388016595901816 4.856940401029079 -3.4620765319753963
    endloop
  endfacet
  facet normal 0.1612708453735461 0.627321008865183 -0.7618792990158418
    outer loop
      vertex 6.388016595901816 4.856940401029079 -3.4620765319753963
      vertex 5.8864594045567 4.552358553217511 -3.8190322133462957
      vertex 5.996891533101139 5.014206151382097 -3.415377481754833
    endloop
  endfacet
  facet normal 0.47464053424662395 0.18045181637905353 -0.8614833168527292
    outer loop
      vertex 5.063093880763166 5.4663863933379995 -3.650673243349131
      vertex 5.040874190692566 5.603777140010783 -3.6341365978376197
      vertex 5.774337640105564 5.191691391381628 -3.3163476676516335
    endloop
  endfacet
  facet normal 0.5090786075311461 0.3754852520723357 -0.7744997074436658
    outer loop
      vertex 5.4043904412090376 4.887493794558703 -3.706991993645976
      vertex 5.063093880763166 5.4663863933379995 -3.650673243349131
      vertex 5.774337640105564 5.191691391381628 -3.3163476676516335
    endloop
  endfacet
  facet normal 0.4746405342466243 0.1804518163790544 -0.8614833168527287
    outer loop
      vertex 4.801634121874259 6.578112203475069 -3.5618571971008834
      vertex 5.774337640105564 5.191691391381628 -3.3163476676516335
      vertex 5.040874190692566 5.603777140010783 -3.6341365978376197
    endloop
  endfacet
  facet normal 0.16127084537354822 0.6273210088651833 -0.7618792990158414
    outer loop
      vertex 5.774337640105564 5.191691391381628 -3.3163476676516335
      vertex 5.996891533101139 5.014206151382097 -3.415377481754833
      vertex 5.812308577478101 4.90864347371682 -3.5413679567163676
    endloop
  endfacet
  facet normal 0.16127084537354494 0.6273210088651806 -0.7618792990158441
    outer loop
      vertex 6.388016595901816 4.856940401029079 -3.4620765319753963
      vertex 5.996891533101139 5.014206151382097 -3.415377481754833
      vertex 5.774337640105564 5.191691391381628 -3.3163476676516335
    endloop
  endfacet
  facet normal 0.5974012067199289 -0.01650610719283308 0.8017726277660716
    outer loop
      vertex 4.785957364287705 -6.498376551421536 3.5908253078692254
      vertex 5.149290200860573 -5.746329994052461 3.3355882159147985
      vertex 4.77270290416339 -5.788405239382453 3.61531740497131
    endloop
  endfacet
  facet normal 0.5794061493143691 -0.3750595405179091 0.7236151291972757
    outer loop
      vertex 4.77270290416339 -5.788405239382453 3.61531740497131
      vertex 4.830006739161424 -5.642319906207295 3.6451516396201527
      vertex 4.738919377512471 -5.720153758270803 3.677743894426529
    endloop
  endfacet
  facet normal 0.5794061493143678 -0.3750595405179088 0.7236151291972767
    outer loop
      vertex 4.77270290416339 -5.788405239382453 3.61531740497131
      vertex 5.149290200860573 -5.746329994052461 3.3355882159147985
      vertex 4.830006739161424 -5.642319906207295 3.6451516396201527
    endloop
  endfacet
  facet normal 0.5794061493143682 -0.37505954051790846 0.7236151291972768
    outer loop
      vertex 4.830006739161424 -5.642319906207295 3.6451516396201527
      vertex 5.149290200860573 -5.746329994052461 3.3355882159147985
      vertex 4.968217656887557 -5.459076223982372 3.629462409369524
    endloop
  endfacet
  facet normal 0.3230680543043473 -0.5695641132221003 0.7557934593640817
    outer loop
      vertex 4.968217656887557 -5.459076223982372 3.629462409369524
      vertex 5.149290200860573 -5.746329994052461 3.3355882159147985
      vertex 5.389864564045235 -5.24551151476384 3.6101689747722503
    endloop
  endfacet
  facet normal 0.32079031019996834 -0.5691658190374569 0.7570626442516029
    outer loop
      vertex 5.149290200860573 -5.746329994052461 3.3355882159147985
      vertex 6.487671075922252 -4.791607410615982 3.486243972006409
      vertex 5.389864564045235 -5.24551151476384 3.6101689747722503
    endloop
  endfacet
  facet normal 0.3207903101999751 -0.5691658190374789 0.7570626442515834
    outer loop
      vertex 5.389864564045235 -5.24551151476384 3.6101689747722503
      vertex 6.487671075922252 -4.791607410615982 3.486243972006409
      vertex 5.5619085348954975 -5.158952167859562 3.602344764654441
    endloop
  endfacet
  facet normal 0.3207903101999689 -0.5691658190374568 0.7570626442516026
    outer loop
      vertex 5.5619085348954975 -5.158952167859562 3.602344764654441
      vertex 6.487671075922252 -4.791607410615982 3.486243972006409
      vertex 6.103230094787442 -4.6154028285986595 3.7816152580311124
    endloop
  endfacet
  facet normal 0.32079031019997023 -0.5691658190374552 0.7570626442516035
    outer loop
      vertex 6.103230094787442 -4.6154028285986595 3.7816152580311124
      vertex 6.487671075922252 -4.791607410615982 3.486243972006409
      vertex 6.099091482577161 -4.580190265318002 3.8098420029075575
    endloop
  endfacet
  facet normal 0.7283547698571499 -0.2561125101546587 0.6355357671827905
    outer loop
      vertex 5.1696774520155095 -6.814481044497171 2.8817726900708367
      vertex 5.594644792927907 -6.359798299759294 2.577970668724185
      vertex 5.149290200860573 -5.746329994052461 3.3355882159147985
    endloop
  endfacet
  facet normal 0.7283547698571499 -0.2561125101546585 0.6355357671827906
    outer loop
      vertex 5.270964279952471 -6.990869101635843 2.6946110251122324
      vertex 5.594644792927907 -6.359798299759294 2.577970668724185
      vertex 5.1696774520155095 -6.814481044497171 2.8817726900708367
    endloop
  endfacet
  facet normal 0.8166401495475778 -0.21240988897107918 0.5366385237887824
    outer loop
      vertex 4.785957364287705 -6.498376551421536 3.5908253078692254
      vertex 5.1696774520155095 -6.814481044497171 2.8817726900708367
      vertex 5.149290200860573 -5.746329994052461 3.3355882159147985
    endloop
  endfacet
  facet normal 0.3710148457750102 -0.6029095261475039 0.7062917863709995
    outer loop
      vertex 5.594644792927907 -6.359798299759294 2.577970668724185
      vertex 6.991212939962309 -5.239533847007308 2.800641521928362
      vertex 5.149290200860573 -5.746329994052461 3.3355882159147985
    endloop
  endfacet
  facet normal 0.3714091199335387 -0.6285024557046346 0.6834031963661262
    outer loop
      vertex 5.149290200860573 -5.746329994052461 3.3355882159147985
      vertex 6.991212939962309 -5.239533847007308 2.800641521928362
      vertex 6.487671075922252 -4.791607410615982 3.486243972006409
    endloop
  endfacet
  facet normal 0.37101484577501337 -0.6029095261475071 0.7062917863709951
    outer loop
      vertex 5.594644792927907 -6.359798299759294 2.577970668724185
      vertex 7.040535731510128 -5.277805242077951 2.7420627909212585
      vertex 6.991212939962309 -5.239533847007308 2.800641521928362
    endloop
  endfacet
  facet normal 0.8324858918420687 -0.3471826399669305 0.4317770887732559
    outer loop
      vertex 5.55054297127702 -6.9629809293163145 2.177994852792009
      vertex 5.594644792927907 -6.359798299759294 2.577970668724185
      vertex 5.270964279952471 -6.990869101635843 2.6946110251122324
    endloop
  endfacet
  facet normal 0.8436529394728213 -0.1474337973363986 0.5162489642816127
    outer loop
      vertex 5.70299057918613 -7.484663011269255 1.779879879023874
      vertex 5.911683374365416 -6.758309842821065 1.6462713121492742
      vertex 5.674903450203808 -7.056011940748426 1.9481968152281008
    endloop
  endfacet
  facet normal 0.8436529394728213 -0.14743379733639828 0.5162489642816129
    outer loop
      vertex 5.55054297127702 -6.9629809293163145 2.177994852792009
      vertex 5.674903450203808 -7.056011940748426 1.9481968152281008
      vertex 5.911683374365416 -6.758309842821065 1.6462713121492742
    endloop
  endfacet
  facet normal 0.8324858918420696 -0.3471826399669299 0.4317770887732548
    outer loop
      vertex 5.55054297127702 -6.9629809293163145 2.177994852792009
      vertex 5.911683374365416 -6.758309842821065 1.6462713121492742
      vertex 5.594644792927907 -6.359798299759294 2.577970668724185
    endloop
  endfacet
  facet normal 0.5207934139852772 -0.7063925791326126 0.47935763694337385
    outer loop
      vertex 5.911683374365416 -6.758309842821065 1.6462713121492742
      vertex 7.2914725140048695 -5.706780795563047 1.6967705996273428
      vertex 5.594644792927907 -6.359798299759294 2.577970668724185
    endloop
  endfacet
  facet normal 0.5096625205355149 -0.7460623378619667 0.42852666566425285
    outer loop
      vertex 7.2914725140048695 -5.706780795563047 1.6967705996273428
      vertex 7.273164438073312 -5.6406108479649015 1.8337465468200862
      vertex 5.594644792927907 -6.359798299759294 2.577970668724185
    endloop
  endfacet
  facet normal 0.509662520535515 -0.7460623378619662 0.42852666566425385
    outer loop
      vertex 7.273164438073312 -5.6406108479649015 1.8337465468200862
      vertex 7.002180159848135 -5.494639959930345 2.4101725479178158
      vertex 5.594644792927907 -6.359798299759294 2.577970668724185
    endloop
  endfacet
  facet normal 0.0605138981786576 -0.8955972557993591 0.44073078350834594
    outer loop
      vertex 7.2914725140048695 -5.706780795563047 1.6967705996273428
      vertex 7.57218371432147 -5.662029673634919 1.7491655170310847
      vertex 7.273164438073312 -5.6406108479649015 1.8337465468200862
    endloop
  endfacet
  facet normal 0.5096625205355148 -0.7460623378619656 0.4285266656642548
    outer loop
      vertex 7.002180159848135 -5.494639959930345 2.4101725479178158
      vertex 7.040535731510128 -5.277805242077951 2.7420627909212585
      vertex 5.594644792927907 -6.359798299759294 2.577970668724185
    endloop
  endfacet
  facet normal 0.9387999023760635 -0.23762582945913122 0.24937663978920202
    outer loop
      vertex 5.896229512464082 -7.894430975955264 0.6218624388935652
      vertex 6.1109657125851085 -7.093084028044129 0.5770563554619134
      vertex 5.881789426020213 -7.860666214514445 0.7083971327843459
    endloop
  endfacet
  facet normal 0.9387999023760627 -0.23762582945913027 0.2493766397892063
    outer loop
      vertex 5.881789426020213 -7.860666214514445 0.7083971327843459
      vertex 6.1109657125851085 -7.093084028044129 0.5770563554619134
      vertex 5.911683374365416 -6.758309842821065 1.6462713121492742
    endloop
  endfacet
  facet normal 0.9443447669299171 -0.22764436036099564 0.2374679059744997
    outer loop
      vertex 5.881789426020213 -7.860666214514445 0.7083971327843459
      vertex 5.911683374365416 -6.758309842821065 1.6462713121492742
      vertex 5.70299057918613 -7.484663011269255 1.779879879023874
    endloop
  endfacet
  facet normal 0.5798622010750484 -0.7404222029136536 0.3399040882320961
    outer loop
      vertex 6.1109657125851085 -7.093084028044129 0.5770563554619134
      vertex 7.470146438760002 -6.014318089319935 0.6082555248952197
      vertex 5.911683374365416 -6.758309842821065 1.6462713121492742
    endloop
  endfacet
  facet normal 0.18746428106073895 -0.9367879362875811 0.29544120523792117
    outer loop
      vertex 7.470146438760002 -6.014318089319935 0.6082555248952197
      vertex 7.633506874733483 -5.825924054926329 1.101961241697577
      vertex 7.2914725140048695 -5.706780795563047 1.6967705996273428
    endloop
  endfacet
  facet normal 0.5693565889266646 -0.761921196765169 0.3087218239219985
    outer loop
      vertex 5.911683374365416 -6.758309842821065 1.6462713121492742
      vertex 7.470146438760002 -6.014318089319935 0.6082555248952197
      vertex 7.2914725140048695 -5.706780795563047 1.6967705996273428
    endloop
  endfacet
  facet normal 0.10596303205855073 -0.9615071572073963 0.2535267687561014
    outer loop
      vertex 7.2914725140048695 -5.706780795563047 1.6967705996273428
      vertex 7.633506874733483 -5.825924054926329 1.101961241697577
      vertex 7.57218371432147 -5.662029673634919 1.7491655170310847
    endloop
  endfacet
  facet normal 0.18746428106073945 -0.936787936287581 0.29544120523792106
    outer loop
      vertex 7.470146438760002 -6.014318089319935 0.6082555248952197
      vertex 7.780266103569354 -5.9456028194303965 0.6293604884359717
      vertex 7.633506874733483 -5.825924054926329 1.101961241697577
    endloop
  endfacet
  facet normal 0.9651811448573859 -0.2612428164510395 -0.01332473131113949
    outer loop
      vertex 5.899850339500498 -7.813021268633742 -0.6001640120561827
      vertex 6.115993690549984 -7.016943813414223 -0.5515348510321498
      vertex 6 -7.473622310303567 0
    endloop
  endfacet
  facet normal 0.6202936269155216 -0.7829358291415562 -0.047405736513752766
    outer loop
      vertex 6.115993690549984 -7.016943813414223 -0.5515348510321498
      vertex 7.4756674777341185 -5.9385278448845416 -0.5712268898975172
      vertex 7.470146438760002 -6.014318089319935 0.6082555248952197
    endloop
  endfacet
  facet normal 0.21990948302623228 -0.9735778735950015 -0.06153001967633649
    outer loop
      vertex 7.4756674777341185 -5.9385278448845416 -0.5712268898975172
      vertex 7.643899708731845 -5.930775595087754 -0.09262401882365498
      vertex 7.470146438760002 -6.014318089319935 0.6082555248952197
    endloop
  endfacet
  facet normal 0.12229469091348626 -0.9921287565613301 -0.026917261718902685
    outer loop
      vertex 7.4756674777341185 -5.9385278448845416 -0.5712268898975172
      vertex 7.872829422060451 -5.888819221922585 -0.5989621429641253
      vertex 7.643899708731845 -5.930775595087754 -0.09262401882365498
    endloop
  endfacet
  facet normal 0.9651811448574006 -0.26124281645098374 -0.013324731311177502
    outer loop
      vertex 6 -7.473622310303567 0
      vertex 6.1109657125851085 -7.093084028044129 0.5770563554619134
      vertex 5.999414037866912 -7.475966294796496 0.003511478550732506
    endloop
  endfacet
  facet normal 0.9651811448573863 -0.26124281645103853 -0.013324731311138609
    outer loop
      vertex 6.115993690549984 -7.016943813414223 -0.5515348510321498
      vertex 6.1109657125851085 -7.093084028044129 0.5770563554619134
      vertex 6 -7.473622310303567 0
    endloop
  endfacet
  facet normal 0.9656157053172476 -0.25956744021480577 -0.01452768477795559
    outer loop
      vertex 5.896229512464082 -7.894430975955264 0.6218624388935652
      vertex 5.999414037866912 -7.475966294796496 0.003511478550732506
      vertex 6.1109657125851085 -7.093084028044129 0.5770563554619134
    endloop
  endfacet
  facet normal 0.6216027372309827 -0.7817371613457937 -0.04997046765810994
    outer loop
      vertex 6.115993690549984 -7.016943813414223 -0.5515348510321498
      vertex 7.470146438760002 -6.014318089319935 0.6082555248952197
      vertex 6.1109657125851085 -7.093084028044129 0.5770563554619134
    endloop
  endfacet
  facet normal 0.21990948302623498 -0.973577873595001 -0.061530019676335784
    outer loop
      vertex 7.643899708731845 -5.930775595087754 -0.09262401882365498
      vertex 7.592706070539536 -5.9795069580400195 0.4954760728339962
      vertex 7.470146438760002 -6.014318089319935 0.6082555248952197
    endloop
  endfacet
  facet normal 0.21990948302623592 -0.9735778735950008 -0.061530019676334674
    outer loop
      vertex 7.470146438760002 -6.014318089319935 0.6082555248952197
      vertex 7.592706070539536 -5.9795069580400195 0.4954760728339962
      vertex 7.780266103569354 -5.9456028194303965 0.6293604884359717
    endloop
  endfacet
  facet normal 0.9456026046063848 -0.24356696422344737 -0.21566373849257855
    outer loop
      vertex 5.884300533077025 -7.790880899969352 -0.6933488931956983
      vertex 6.115993690549984 -7.016943813414223 -0.5515348510321498
      vertex 5.899850339500498 -7.813021268633742 -0.6001640120561827
    endloop
  endfacet
  facet normal 0.9505853535454062 -0.23322353011607452 -0.20492503659912187
    outer loop
      vertex 5.7074138777517325 -7.580441098217954 -1.753372503957255
      vertex 5.916989908825707 -6.83716870933514 -1.6271248982503468
      vertex 5.884300533077025 -7.790880899969352 -0.6933488931956983
    endloop
  endfacet
  facet normal 0.9456026046063835 -0.24356696422344587 -0.21566373849258502
    outer loop
      vertex 5.884300533077025 -7.790880899969352 -0.6933488931956983
      vertex 5.916989908825707 -6.83716870933514 -1.6271248982503468
      vertex 6.115993690549984 -7.016943813414223 -0.5515348510321498
    endloop
  endfacet
  facet normal 0.6013257964550671 -0.76251419380354 -0.23870356253272926
    outer loop
      vertex 5.916989908825707 -6.83716870933514 -1.6271248982503468
      vertex 7.4756674777341185 -5.9385278448845416 -0.5712268898975172
      vertex 6.115993690549984 -7.016943813414223 -0.5515348510321498
    endloop
  endfacet
  facet normal 0.5897995597016101 -0.7807997579217325 -0.2061267023098912
    outer loop
      vertex 5.916989908825707 -6.83716870933514 -1.6271248982503468
      vertex 7.293544589467422 -5.781836457030955 -1.685884013118549
      vertex 7.3258053972373585 -5.809592390350805 -1.488436347293233
    endloop
  endfacet
  facet normal 0.5897995597016084 -0.7807997579217252 -0.20612670230992503
    outer loop
      vertex 5.916989908825707 -6.83716870933514 -1.6271248982503468
      vertex 7.3258053972373585 -5.809592390350805 -1.488436347293233
      vertex 7.322216324452593 -5.816401595635982 -1.4729129228447957
    endloop
  endfacet
  facet normal 0.5897995597016099 -0.7807997579217327 -0.20612670230989083
    outer loop
      vertex 5.916989908825707 -6.83716870933514 -1.6271248982503468
      vertex 7.322216324452593 -5.816401595635982 -1.4729129228447957
      vertex 7.341441542081453 -5.823045115923184 -1.3927375562403304
    endloop
  endfacet
  facet normal 0.307463558192448 -0.9340814450937003 -0.181543422671557
    outer loop
      vertex 7.293544589467422 -5.781836457030955 -1.685884013118549
      vertex 7.492738242262905 -5.710927724660003 -1.7133691286437644
      vertex 7.3258053972373585 -5.809592390350805 -1.488436347293233
    endloop
  endfacet
  facet normal 0.58979955970161 -0.7807997579217323 -0.2061267023098936
    outer loop
      vertex 5.916989908825707 -6.83716870933514 -1.6271248982503468
      vertex 7.341441542081453 -5.823045115923184 -1.3927375562403304
      vertex 7.4756674777341185 -5.9385278448845416 -0.5712268898975172
    endloop
  endfacet
  facet normal 0.30746355819244153 -0.9340814450937022 -0.1815434226715585
    outer loop
      vertex 7.341441542081453 -5.823045115923184 -1.3927375562403304
      vertex 7.5172359958513315 -5.866050724396718 -0.8737370450120215
      vertex 7.4756674777341185 -5.9385278448845416 -0.5712268898975172
    endloop
  endfacet
  facet normal 0.10621499272070076 -0.9701859793346368 -0.2178475173689916
    outer loop
      vertex 7.4756674777341185 -5.9385278448845416 -0.5712268898975172
      vertex 7.5172359958513315 -5.866050724396718 -0.8737370450120215
      vertex 7.872829422060451 -5.888819221922585 -0.5989621429641253
    endloop
  endfacet
  facet normal 0.19313031783242948 -0.8714171769942414 -0.45092436613398007
    outer loop
      vertex 7.016521856064342 -5.298780691794475 -2.696466568347535
      vertex 7.095440466224589 -5.270858729589683 -2.7166253841051122
      vertex 7.209420717928593 -5.411439147430682 -2.3961343129906507
    endloop
  endfacet
  facet normal 0.8154296123670253 -0.34395353713702514 -0.4655862020785108
    outer loop
      vertex 5.282234957072996 -6.925226100580465 -2.6737846379298746
      vertex 5.612563218925868 -6.308610049377507 -2.5507737445783123
      vertex 5.582854687533241 -6.964467811666979 -2.118288030736647
    endloop
  endfacet
  facet normal 0.8351470403336232 -0.14537973434122173 -0.5304659780465335
    outer loop
      vertex 5.582854687533241 -6.964467811666979 -2.118288030736647
      vertex 5.916989908825707 -6.83716870933514 -1.6271248982503468
      vertex 5.674903450203807 -7.0563193433930325 -1.9481968152281037
    endloop
  endfacet
  facet normal 0.8351470403336234 -0.1453797343412225 -0.5304659780465332
    outer loop
      vertex 5.7074138777517325 -7.580441098217954 -1.753372503957255
      vertex 5.674903450203807 -7.0563193433930325 -1.9481968152281037
      vertex 5.916989908825707 -6.83716870933514 -1.6271248982503468
    endloop
  endfacet
  facet normal 0.8154296123670247 -0.34395353713702564 -0.4655862020785116
    outer loop
      vertex 5.612563218925868 -6.308610049377507 -2.5507737445783123
      vertex 5.916989908825707 -6.83716870933514 -1.6271248982503468
      vertex 5.582854687533241 -6.964467811666979 -2.118288030736647
    endloop
  endfacet
  facet normal 0.4937464168435975 -0.674587597565691 -0.5487677551247502
    outer loop
      vertex 5.612563218925868 -6.308610049377507 -2.5507737445783123
      vertex 7.293544589467422 -5.781836457030955 -1.685884013118549
      vertex 5.916989908825707 -6.83716870933514 -1.6271248982503468
    endloop
  endfacet
  facet normal 0.47809063601621654 -0.734228514659926 -0.48201434834856155
    outer loop
      vertex 5.612563218925868 -6.308610049377507 -2.5507737445783123
      vertex 7.016521856064342 -5.298780691794475 -2.696466568347535
      vertex 7.293544589467422 -5.781836457030955 -1.685884013118549
    endloop
  endfacet
  facet normal 0.23739909235384798 -0.8495108063037501 -0.47114017120462304
    outer loop
      vertex 7.293544589467422 -5.781836457030955 -1.685884013118549
      vertex 7.209420717928593 -5.411439147430682 -2.3961343129906507
      vertex 7.492738242262905 -5.710927724660003 -1.7133691286437644
    endloop
  endfacet
  facet normal 0.23739909235384543 -0.8495108063037509 -0.4711401712046231
    outer loop
      vertex 7.016521856064342 -5.298780691794475 -2.696466568347535
      vertex 7.209420717928593 -5.411439147430682 -2.3961343129906507
      vertex 7.293544589467422 -5.781836457030955 -1.685884013118549
    endloop
  endfacet
  facet normal 0.8285825162141116 -0.22444960015627033 -0.5129068051936745
    outer loop
      vertex 4.803479839628583 -6.570192450042665 -3.5584466094165905
      vertex 5.155704624686189 -5.8062689616512975 -3.323735398846626
      vertex 5.172551119160301 -6.766175069737304 -2.8764626182844983
    endloop
  endfacet
  facet normal 0.7396184895929986 -0.2735480111645122 -0.6149276180495648
    outer loop
      vertex 5.172551119160301 -6.766175069737304 -2.8764626182844983
      vertex 5.186912285431068 -6.364038721453766 -3.03807808531973
      vertex 5.2011906988593335 -6.335132707254617 -3.0337631126288884
    endloop
  endfacet
  facet normal 0.7396184895930702 -0.27354801116448263 -0.6149276180494917
    outer loop
      vertex 5.172551119160301 -6.766175069737304 -2.8764626182844983
      vertex 5.178264976403575 -6.275190859154326 -3.088002441892887
      vertex 5.181538553827274 -6.309476865400156 -3.0688130822631625
    endloop
  endfacet
  facet normal 0.7396184895932277 -0.2735480111644383 -0.6149276180493221
    outer loop
      vertex 5.172551119160301 -6.766175069737304 -2.8764626182844983
      vertex 5.2011906988593335 -6.335132707254617 -3.0337631126288884
      vertex 5.202569495000023 -6.332562984313655 -3.033247864150873
    endloop
  endfacet
  facet normal 0.739618489592993 -0.2735480111645143 -0.6149276180495705
    outer loop
      vertex 5.172551119160301 -6.766175069737304 -2.8764626182844983
      vertex 5.181538553827274 -6.309476865400156 -3.0688130822631625
      vertex 5.186912285431068 -6.364038721453766 -3.03807808531973
    endloop
  endfacet
  facet normal 0.7396184895930003 -0.27354801116451244 -0.6149276180495626
    outer loop
      vertex 5.172551119160301 -6.766175069737304 -2.8764626182844983
      vertex 5.155704624686189 -5.8062689616512975 -3.323735398846626
      vertex 5.178264976403575 -6.275190859154326 -3.088002441892887
    endloop
  endfacet
  facet normal 0.7396184895930084 -0.27354801116450733 -0.6149276180495553
    outer loop
      vertex 5.282234957072996 -6.925226100580465 -2.6737846379298746
      vertex 5.172551119160301 -6.766175069737304 -2.8764626182844983
      vertex 5.612563218925868 -6.308610049377507 -2.5507737445783123
    endloop
  endfacet
  facet normal 0.7396184895930086 -0.2735480111645079 -0.6149276180495548
    outer loop
      vertex 5.172551119160301 -6.766175069737304 -2.8764626182844983
      vertex 5.202569495000023 -6.332562984313655 -3.033247864150873
      vertex 5.612563218925868 -6.308610049377507 -2.5507737445783123
    endloop
  endfacet
  facet normal 0.7396184895930067 -0.2735480111645173 -0.6149276180495528
    outer loop
      vertex 5.612563218925868 -6.308610049377507 -2.5507737445783123
      vertex 5.202569495000023 -6.332562984313655 -3.033247864150873
      vertex 5.178264976403575 -6.275190859154326 -3.088002441892887
    endloop
  endfacet
  facet normal 0.739618489593009 -0.2735480111645078 -0.6149276180495541
    outer loop
      vertex 5.612563218925868 -6.308610049377507 -2.5507737445783123
      vertex 5.178264976403575 -6.275190859154326 -3.088002441892887
      vertex 5.155704624686189 -5.8062689616512975 -3.323735398846626
    endloop
  endfacet
  facet normal 0.39618053089132776 -0.6450747589479494 -0.6533908036626401
    outer loop
      vertex 5.612563218925868 -6.308610049377507 -2.5507737445783123
      vertex 5.155704624686189 -5.8062689616512975 -3.323735398846626
      vertex 7.016521856064342 -5.298780691794475 -2.696466568347535
    endloop
  endfacet
  facet normal 0.39616915547130166 -0.6453023715536145 -0.6531729093589511
    outer loop
      vertex 5.155704624686189 -5.8062689616512975 -3.323735398846626
      vertex 6.469581953260255 -4.83007521394896 -3.4912599046339876
      vertex 6.500861466837824 -5.022998869575172 -3.2816889487345593
    endloop
  endfacet
  facet normal 0.39616915547130077 -0.6453023715536128 -0.6531729093589532
    outer loop
      vertex 5.155704624686189 -5.8062689616512975 -3.323735398846626
      vertex 6.500861466837824 -5.022998869575172 -3.2816889487345593
      vertex 7.016521856064342 -5.298780691794475 -2.696466568347535
    endloop
  endfacet
  facet normal 0.3961691554713011 -0.6453023715536125 -0.6531729093589534
    outer loop
      vertex 6.500861466837824 -5.022998869575172 -3.2816889487345593
      vertex 6.968381557824502 -5.242507068874885 -2.781260660126534
      vertex 7.016521856064342 -5.298780691794475 -2.696466568347535
    endloop
  endfacet
  facet normal 0.12739912462439174 -0.7915682650431811 -0.5976530304628821
    outer loop
      vertex 6.968381557824502 -5.242507068874885 -2.781260660126534
      vertex 7.095440466224589 -5.270858729589683 -2.7166253841051122
      vertex 7.016521856064342 -5.298780691794475 -2.696466568347535
    endloop
  endfacet
  facet normal 0.5998926293291627 -0.030958361173836418 -0.799481340088669
    outer loop
      vertex 4.803479839628583 -6.570192450042665 -3.5584466094165905
      vertex 4.776934704804254 -5.81785227929723 -3.6074977222953946
      vertex 4.804619292115552 -5.818800019567202 -3.5866878302749017
    endloop
  endfacet
  facet normal 0.5998926293291607 -0.030958361173836477 -0.7994813400886707
    outer loop
      vertex 4.803479839628583 -6.570192450042665 -3.5584466094165905
      vertex 4.804619292115552 -5.818800019567202 -3.5866878302749017
      vertex 4.96649620533244 -5.823609192830488 -3.4650368969217693
    endloop
  endfacet
  facet normal 0.5998926293291627 -0.03095836117383707 -0.7994813400886691
    outer loop
      vertex 4.803479839628583 -6.570192450042665 -3.5584466094165905
      vertex 4.96649620533244 -5.823609192830488 -3.4650368969217693
      vertex 5.155704624686189 -5.8062689616512975 -3.323735398846626
    endloop
  endfacet
  facet normal 0.5636660710126223 -0.3579598443372084 -0.7444093700587566
    outer loop
      vertex 5.155704624686189 -5.8062689616512975 -3.323735398846626
      vertex 4.957927347752205 -5.809331649868752 -3.472019428665687
      vertex 4.86159529861139 -5.603777140010782 -3.643805777880064
    endloop
  endfacet
  facet normal 0.5636660710126177 -0.3579598443372152 -0.7444093700587567
    outer loop
      vertex 4.948050170114232 -5.430939616412602 -3.6614536149859958
      vertex 5.155704624686189 -5.8062689616512975 -3.323735398846626
      vertex 4.86159529861139 -5.603777140010782 -3.643805777880064
    endloop
  endfacet
  facet normal 0.5998926293291622 -0.03095836117382721 -0.7994813400886699
    outer loop
      vertex 5.155704624686189 -5.8062689616512975 -3.323735398846626
      vertex 4.96649620533244 -5.823609192830488 -3.4650368969217693
      vertex 4.957927347752205 -5.809331649868752 -3.472019428665687
    endloop
  endfacet
  facet normal 0.3164534949067949 -0.5317539837703507 -0.7855538723128013
    outer loop
      vertex 4.948050170114232 -5.430939616412602 -3.6614536149859958
      vertex 5.489788291537989 -5.085912818416327 -3.676773318595662
      vertex 5.155704624686189 -5.8062689616512975 -3.323735398846626
    endloop
  endfacet
  facet normal 0.28880572657296655 -0.5259890607933677 -0.7999542238305714
    outer loop
      vertex 5.155704624686189 -5.8062689616512975 -3.323735398846626
      vertex 5.489788291537989 -5.085912818416327 -3.676773318595662
      vertex 6.469581953260255 -4.83007521394896 -3.4912599046339876
    endloop
  endfacet
  facet normal 0.2888057265729667 -0.5259890607933695 -0.79995422383057
    outer loop
      vertex 5.489788291537989 -5.085912818416327 -3.676773318595662
      vertex 5.603777140010783 -5.019670014714455 -3.6791764034745205
      vertex 6.469581953260255 -4.83007521394896 -3.4912599046339876
    endloop
  endfacet
  facet normal 0.2888057265729667 -0.5259890607933683 -0.799954223830571
    outer loop
      vertex 5.603777140010783 -5.019670014714455 -3.6791764034745205
      vertex 6.00160932472271 -4.436034446363561 -3.919302282631496
      vertex 6.469581953260255 -4.83007521394896 -3.4912599046339876
    endloop
  endfacet
  facet normal 0.6097704162574668 -0.790135205638548 -0.062180352746869776
    outer loop
      vertex 4.776166970660278 -3.6089163707372385 -6.239410823190352
      vertex 4.777332575180752 -3.6564917908245054 -5.623432241602744
      vertex 4.735568162141193 -3.6839363980452 -5.6842513426021135
    endloop
  endfacet
  facet normal 0.609770416257465 -0.7901352056385492 -0.062180352746869866
    outer loop
      vertex 4.776166970660278 -3.6089163707372385 -6.239410823190352
      vertex 4.868371662474557 -3.5752122738554997 -5.763490400087585
      vertex 4.777332575180752 -3.6564917908245054 -5.623432241602744
    endloop
  endfacet
  facet normal 0.6097704162574927 -0.7901352056385272 -0.06218035274687685
    outer loop
      vertex 4.776166970660278 -3.6089163707372385 -6.239410823190352
      vertex 4.880410048249136 -3.5653278314871413 -5.771039318319403
      vertex 4.868371662474557 -3.5752122738554997 -5.763490400087585
    endloop
  endfacet
  facet normal 0.6097704162574559 -0.7901352056385568 -0.06218035274686582
    outer loop
      vertex 4.776166970660278 -3.6089163707372385 -6.239410823190352
      vertex 4.922115407562464 -3.531195600719028 -5.795779976746893
      vertex 4.880410048249136 -3.5653278314871413 -5.771039318319403
    endloop
  endfacet
  facet normal 0.6097704162574683 -0.7901352056385467 -0.0621803527468718
    outer loop
      vertex 4.776166970660278 -3.6089163707372385 -6.239410823190352
      vertex 5.0824540742301965 -3.420464244913932 -5.630502160323225
      vertex 4.922115407562464 -3.531195600719028 -5.795779976746893
    endloop
  endfacet
  facet normal 0.6097704162574655 -0.7901352056385492 -0.062180352746867236
    outer loop
      vertex 5.0824540742301965 -3.420464244913932 -5.630502160323225
      vertex 4.810588677924015 -3.630766444228164 -5.624202813142564
      vertex 4.922115407562464 -3.531195600719028 -5.795779976746893
    endloop
  endfacet
  facet normal 0.5817850217213505 -0.7607160570828967 -0.2878146434720424
    outer loop
      vertex 5.0824540742301965 -3.420464244913932 -5.630502160323225
      vertex 4.799246914278763 -3.6471684590438596 -5.603777140010783
      vertex 4.810588677924015 -3.630766444228164 -5.624202813142564
    endloop
  endfacet
  facet normal 0.581785021721358 -0.7607160570829027 -0.2878146434720109
    outer loop
      vertex 4.890733021992265 -3.6530460317624645 -5.403313360923643
      vertex 4.799246914278763 -3.6471684590438596 -5.603777140010783
      vertex 5.0824540742301965 -3.420464244913932 -5.630502160323225
    endloop
  endfacet
  facet normal 0.3389755440392947 -0.7853738675569422 -0.5179608756478763
    outer loop
      vertex 4.890733021992265 -3.6530460317624645 -5.403313360923643
      vertex 5.0824540742301965 -3.420464244913932 -5.630502160323225
      vertex 5.209131497901933 -3.6465834720500645 -5.204738959047313
    endloop
  endfacet
  facet normal 0.2085589212191506 -0.8366901635377044 -0.5064116375234219
    outer loop
      vertex 5.0824540742301965 -3.420464244913932 -5.630502160323225
      vertex 5.603777140010783 -3.6328399113176726 -5.064916407473327
      vertex 5.209131497901933 -3.6465834720500645 -5.204738959047313
    endloop
  endfacet
  facet normal 0.20855892121914904 -0.8366901635377054 -0.5064116375234208
    outer loop
      vertex 5.0824540742301965 -3.420464244913932 -5.630502160323225
      vertex 6.3109674238773215 -3.6422450127461263 -4.75813041157499
      vertex 5.603777140010783 -3.6328399113176726 -5.064916407473327
    endloop
  endfacet
  facet normal 0.20855892121914874 -0.8366901635377055 -0.5064116375234208
    outer loop
      vertex 5.603777140010783 -3.6328399113176726 -5.064916407473327
      vertex 6.194881058526247 -3.6852762761380067 -4.734843056378361
      vertex 6.003664875066974 -3.8244338377608798 -4.583677647889302
    endloop
  endfacet
  facet normal 0.20855892121914957 -0.8366901635377044 -0.5064116375234221
    outer loop
      vertex 5.603777140010783 -3.6328399113176726 -5.064916407473327
      vertex 6.3109674238773215 -3.6422450127461263 -4.75813041157499
      vertex 6.194881058526247 -3.6852762761380067 -4.734843056378361
    endloop
  endfacet
  facet normal 0.7922316543482134 -0.5681458869826826 -0.22266400012878973
    outer loop
      vertex 4.776166970660278 -3.6089163707372385 -6.239410823190352
      vertex 4.999690249952019 -3.404124136874146 -5.966666455226983
      vertex 4.994104695363351 -3.4283003615683767 -5.924852019731447
    endloop
  endfacet
  facet normal 0.7922316543482114 -0.5681458869826878 -0.2226640001287841
    outer loop
      vertex 4.776166970660278 -3.6089163707372385 -6.239410823190352
      vertex 5.006112216840362 -3.3779349252737694 -6.010641266585305
      vertex 4.999690249952019 -3.404124136874146 -5.966666455226983
    endloop
  endfacet
  facet normal 0.7922316543482075 -0.5681458869826954 -0.2226640001287784
    outer loop
      vertex 4.776166970660278 -3.6089163707372385 -6.239410823190352
      vertex 4.994104695363351 -3.4283003615683767 -5.924852019731447
      vertex 5.0824540742301965 -3.420464244913932 -5.630502160323225
    endloop
  endfacet
  facet normal 0.7922316543482102 -0.5681458869826912 -0.22266400012877954
    outer loop
      vertex 4.963413704930956 -3.262914711311466 -6.456044987678017
      vertex 5.006112216840362 -3.3779349252737694 -6.010641266585305
      vertex 4.776166970660278 -3.6089163707372385 -6.239410823190352
    endloop
  endfacet
  facet normal 0.7922316543482095 -0.5681458869826918 -0.22266400012878043
    outer loop
      vertex 4.963413704930956 -3.262914711311466 -6.456044987678017
      vertex 5.8307484464284265 -1.979141304399515 -6.645750300616502
      vertex 5.094341050770614 -3.179457027209892 -6.203158810289685
    endloop
  endfacet
  facet normal 0.7922316543482055 -0.5681458869826934 -0.22266400012879067
    outer loop
      vertex 5.8307484464284265 -1.979141304399515 -6.645750300616502
      vertex 5.100471746899668 -3.1863132754090566 -6.163851689488604
      vertex 5.094341050770614 -3.179457027209892 -6.203158810289685
    endloop
  endfacet
  facet normal 0.7922316543482203 -0.5681458869826865 -0.22266400012875567
    outer loop
      vertex 5.8307484464284265 -1.979141304399515 -6.645750300616502
      vertex 5.102053514693124 -3.1854607613534607 -6.160399069572146
      vertex 5.100471746899668 -3.1863132754090566 -6.163851689488604
    endloop
  endfacet
  facet normal 0.792231654348209 -0.5681458869826929 -0.2226640001287798
    outer loop
      vertex 4.963413704930956 -3.262914711311466 -6.456044987678017
      vertex 5.094341050770614 -3.179457027209892 -6.203158810289685
      vertex 5.006112216840362 -3.3779349252737694 -6.010641266585305
    endloop
  endfacet
  facet normal 0.7922316543482107 -0.5681458869826905 -0.22266400012877943
    outer loop
      vertex 5.0824540742301965 -3.420464244913932 -5.630502160323225
      vertex 4.994104695363351 -3.4283003615683767 -5.924852019731447
      vertex 5.102053514693124 -3.1854607613534607 -6.160399069572146
    endloop
  endfacet
  facet normal 0.7922316543482099 -0.5681458869826914 -0.22266400012877988
    outer loop
      vertex 5.0824540742301965 -3.420464244913932 -5.630502160323225
      vertex 5.102053514693124 -3.1854607613534607 -6.160399069572146
      vertex 5.8307484464284265 -1.979141304399515 -6.645750300616502
    endloop
  endfacet
  facet normal 0.38505280797056574 -0.6057764345213487 -0.696253722756715
    outer loop
      vertex 5.0824540742301965 -3.420464244913932 -5.630502160323225
      vertex 7.093942471618052 -2.32560991967602 -5.470657691972145
      vertex 6.3109674238773215 -3.6422450127461263 -4.75813041157499
    endloop
  endfacet
  facet normal 0.3850528079705658 -0.6057764345213488 -0.696253722756715
    outer loop
      vertex 5.0824540742301965 -3.420464244913932 -5.630502160323225
      vertex 7.218000440033611 -2.08822752962633 -5.608584119701247
      vertex 7.093942471618052 -2.32560991967602 -5.470657691972145
    endloop
  endfacet
  facet normal 0.8087801914314082 -0.5686143705423473 -0.1501742306819148
    outer loop
      vertex 4.963413704930956 -3.262914711311466 -6.456044987678017
      vertex 5.569537066508209 -2.142896838960793 -7.432495397375485
      vertex 5.8307484464284265 -1.979141304399515 -6.645750300616502
    endloop
  endfacet
  facet normal 0.416975629298013 -0.6580884104032517 -0.626937770966503
    outer loop
      vertex 5.0824540742301965 -3.420464244913932 -5.630502160323225
      vertex 5.8307484464284265 -1.979141304399515 -6.645750300616502
      vertex 7.218000440033611 -2.08822752962633 -5.608584119701247
    endloop
  endfacet
  facet normal 0.04882051298147662 -0.5207377622754403 -0.8523196234116591
    outer loop
      vertex 7.093942471618052 -2.32560991967602 -5.470657691972145
      vertex 7.218000440033611 -2.08822752962633 -5.608584119701247
      vertex 7.3449964998031145 -2.1195664790383 -5.582162825910913
    endloop
  endfacet
  facet normal 0.9355537321765981 -0.23781589807820414 -0.26111838853611047
    outer loop
      vertex 5.569537066508209 -2.142896838960793 -7.432495397375485
      vertex 5.674903450203807 -1.9481968152281037 -7.2323059246784975
      vertex 5.8307484464284265 -1.979141304399515 -6.645750300616502
    endloop
  endfacet
  facet normal 0.9355537321765984 -0.2378158980782037 -0.26111838853611047
    outer loop
      vertex 5.674903450203807 -1.9481968152281037 -7.2323059246784975
      vertex 5.749806894224835 -1.4993250840981793 -7.372750408345169
      vertex 5.8307484464284265 -1.979141304399515 -6.645750300616502
    endloop
  endfacet
  facet normal 0.9355537321765983 -0.23781589807820327 -0.26111838853611025
    outer loop
      vertex 5.8307484464284265 -1.979141304399515 -6.645750300616502
      vertex 5.749806894224835 -1.4993250840981793 -7.372750408345169
      vertex 6.198062264195162 -1.123009308924061e-16 -7.132232521764884
    endloop
  endfacet
  facet normal 0.943789258587094 -0.24691202388714592 -0.21976416412958874
    outer loop
      vertex 5.749806894224835 -1.4993250840981793 -7.372750408345169
      vertex 6 -1.6738600654666948e-16 -7.982821780569637
      vertex 6.198062264195162 -1.123009308924061e-16 -7.132232521764884
    endloop
  endfacet
  facet normal 0.5656406080431402 -0.25696473803555525 -0.7835941717106536
    outer loop
      vertex 5.8307484464284265 -1.979141304399515 -6.645750300616502
      vertex 7.222630762600571 -2.0595320367398426 -5.614651841376341
      vertex 7.218000440033611 -2.08822752962633 -5.608584119701247
    endloop
  endfacet
  facet normal 0.5656406080431391 -0.25696473803556064 -0.7835941717106525
    outer loop
      vertex 5.8307484464284265 -1.979141304399515 -6.645750300616502
      vertex 7.189741356820711 -1.9481968152281037 -5.674903450203807
      vertex 7.222630762600571 -2.0595320367398426 -5.614651841376341
    endloop
  endfacet
  facet normal 0.5656406080431389 -0.25696473803556247 -0.7835941717106522
    outer loop
      vertex 5.8307484464284265 -1.979141304399515 -6.645750300616502
      vertex 7.373464054655067 -1.1247730439042791 -5.812308575284151
      vertex 7.189741356820711 -1.9481968152281037 -5.674903450203807
    endloop
  endfacet
  facet normal 0.1443744361821461 -0.22695525778813988 -0.9631445027302011
    outer loop
      vertex 7.218000440033611 -2.08822752962633 -5.608584119701247
      vertex 7.222630762600571 -2.0595320367398426 -5.614651841376341
      vertex 7.3449964998031145 -2.1195664790383 -5.582162825910913
    endloop
  endfacet
  facet normal 0.5958848588687702 -0.2942609657163807 -0.7472159788351751
    outer loop
      vertex 5.8307484464284265 -1.979141304399515 -6.645750300616502
      vertex 6.198062264195162 -1.123009308924061e-16 -7.132232521764884
      vertex 7.55495813208737 -1.3549965408970433e-16 -6.050144175636353
    endloop
  endfacet
  facet normal 0.5656406080431391 -0.2569647380355631 -0.7835941717106519
    outer loop
      vertex 5.8307484464284265 -1.979141304399515 -6.645750300616502
      vertex 7.55495813208737 -1.3549965408970433e-16 -6.050144175636353
      vertex 7.373464054655067 -1.1247730439042791 -5.812308575284151
    endloop
  endfacet
  facet normal 0.14437443618214113 -0.22695525778814074 -0.9631445027302017
    outer loop
      vertex 7.373464054655067 -1.1247730439042791 -5.812308575284151
      vertex 7.55495813208737 -1.3549965408970433e-16 -6.050144175636353
      vertex 7.526479495276075 -0.791239979026131 -5.867965399988559
    endloop
  endfacet
  facet normal 0.1176222599499986 -0.22683506708453827 -0.9668044560845839
    outer loop
      vertex 7.526479495276075 -0.791239979026131 -5.867965399988559
      vertex 7.55495813208737 -1.3549965408970433e-16 -6.050144175636353
      vertex 7.967121718066103 0 -6
    endloop
  endfacet
  facet normal 0.943789258587094 0.2469120238871462 -0.21976416412958877
    outer loop
      vertex 6 -1.6738600654666948e-16 -7.982821780569637
      vertex 5.749806894224836 1.4993250840981747 -7.372750408345168
      vertex 6.198062264195162 -1.123009308924061e-16 -7.132232521764884
    endloop
  endfacet
  facet normal 0.9355537321765982 0.23781589807820339 -0.26111838853611136
    outer loop
      vertex 6.198062264195162 -1.123009308924061e-16 -7.132232521764884
      vertex 5.749806894224836 1.4993250840981747 -7.372750408345168
      vertex 5.8307484464284265 1.979141304399516 -6.645750300616502
    endloop
  endfacet
  facet normal 0.9355537321765984 0.2378158980782029 -0.261118388536111
    outer loop
      vertex 5.749806894224836 1.4993250840981747 -7.372750408345168
      vertex 5.674903450203808 1.9481968152281008 -7.232305924678497
      vertex 5.8307484464284265 1.979141304399516 -6.645750300616502
    endloop
  endfacet
  facet normal 0.935553732176598 0.23781589807820505 -0.261118388536111
    outer loop
      vertex 5.569537066508207 2.1428968389607945 -7.432495397375488
      vertex 5.8307484464284265 1.979141304399516 -6.645750300616502
      vertex 5.674903450203808 1.9481968152281008 -7.232305924678497
    endloop
  endfacet
  facet normal 0.5958848588687702 0.2942609657163805 -0.7472159788351752
    outer loop
      vertex 6.198062264195162 -1.123009308924061e-16 -7.132232521764884
      vertex 5.8307484464284265 1.979141304399516 -6.645750300616502
      vertex 7.55495813208737 -1.3549965408970433e-16 -6.050144175636353
    endloop
  endfacet
  facet normal 0.5656406080431386 0.25696473803556236 -0.7835941717106523
    outer loop
      vertex 5.8307484464284265 1.979141304399516 -6.645750300616502
      vertex 7.373464054655068 1.1247730439042773 -5.812308575284152
      vertex 7.55495813208737 -1.3549965408970433e-16 -6.050144175636353
    endloop
  endfacet
  facet normal 0.14437443618215315 0.22695525778814166 -0.9631445027301997
    outer loop
      vertex 7.373464054655068 1.1247730439042773 -5.812308575284152
      vertex 7.526479495276075 0.791239979026116 -5.867965399988561
      vertex 7.55495813208737 -1.3549965408970433e-16 -6.050144175636353
    endloop
  endfacet
  facet normal 0.5656406080431388 0.2569647380355628 -0.7835941717106522
    outer loop
      vertex 5.8307484464284265 1.979141304399516 -6.645750300616502
      vertex 7.189741356820712 1.9481968152281008 -5.674903450203808
      vertex 7.373464054655068 1.1247730439042773 -5.812308575284152
    endloop
  endfacet
  facet normal 0.5656406080431393 0.2569647380355579 -0.7835941717106532
    outer loop
      vertex 5.8307484464284265 1.979141304399516 -6.645750300616502
      vertex 7.222630762600572 2.059532036739841 -5.614651841376342
      vertex 7.189741356820712 1.9481968152281008 -5.674903450203808
    endloop
  endfacet
  facet normal 0.5656406080431365 0.2569647380355725 -0.7835941717106505
    outer loop
      vertex 5.8307484464284265 1.979141304399516 -6.645750300616502
      vertex 7.218000440033611 2.088227529626331 -5.608584119701247
      vertex 7.222630762600572 2.059532036739841 -5.614651841376342
    endloop
  endfacet
  facet normal 0.14437443618214693 0.22695525778815254 -0.963144502730198
    outer loop
      vertex 7.222630762600572 2.059532036739841 -5.614651841376342
      vertex 7.218000440033611 2.088227529626331 -5.608584119701247
      vertex 7.344996499803112 2.1195664790383 -5.582162825910913
    endloop
  endfacet
  facet normal 0.11762225994999846 0.22683506708453915 -0.9668044560845835
    outer loop
      vertex 7.55495813208737 -1.3549965408970433e-16 -6.050144175636353
      vertex 7.526479495276075 0.791239979026116 -5.867965399988561
      vertex 7.967121718066103 0 -6
    endloop
  endfacet
  facet normal 0.7922316543482092 0.5681458869826916 -0.22266400012878154
    outer loop
      vertex 4.963413704930958 3.2629147113114634 -6.456044987678016
      vertex 4.776166970660279 3.6089163707372376 -6.23941082319035
      vertex 5.094341050770585 3.1794570272099585 -6.20315881028962
    endloop
  endfacet
  facet normal 0.7922316543482097 0.5681458869826923 -0.22266400012877818
    outer loop
      vertex 4.776166970660279 3.6089163707372376 -6.23941082319035
      vertex 5.006112216840293 3.3779349252739244 -6.010641266585152
      vertex 5.094341050770585 3.1794570272099585 -6.20315881028962
    endloop
  endfacet
  facet normal 0.7922316543482115 0.5681458869826874 -0.2226640001287849
    outer loop
      vertex 4.776166970660279 3.6089163707372376 -6.23941082319035
      vertex 4.999690249951958 3.40412413687428 -5.96666645522686
      vertex 5.006112216840293 3.3779349252739244 -6.010641266585152
    endloop
  endfacet
  facet normal 0.7922316543482103 0.5681458869826901 -0.222664000128782
    outer loop
      vertex 4.776166970660279 3.6089163707372376 -6.23941082319035
      vertex 4.99410469536329 3.4283003615685126 -5.924852019731316
      vertex 4.999690249951958 3.40412413687428 -5.96666645522686
    endloop
  endfacet
  facet normal 0.7922316543482075 0.5681458869826961 -0.22266400012877674
    outer loop
      vertex 4.776166970660279 3.6089163707372376 -6.23941082319035
      vertex 5.082454074230196 3.420464244913932 -5.630502160323223
      vertex 4.99410469536329 3.4283003615685126 -5.924852019731316
    endloop
  endfacet
  facet normal 0.8087801914314078 0.5686143705423478 -0.15017423068191557
    outer loop
      vertex 4.963413704930958 3.2629147113114634 -6.456044987678016
      vertex 5.8307484464284265 1.979141304399516 -6.645750300616502
      vertex 5.569537066508207 2.1428968389607945 -7.432495397375488
    endloop
  endfacet
  facet normal 0.41697562929801263 0.6580884104032526 -0.6269377709665025
    outer loop
      vertex 5.8307484464284265 1.979141304399516 -6.645750300616502
      vertex 5.082454074230196 3.420464244913932 -5.630502160323223
      vertex 7.218000440033611 2.088227529626331 -5.608584119701247
    endloop
  endfacet
  facet normal 0.04882051298148109 0.5207377622754408 -0.8523196234116587
    outer loop
      vertex 7.093942471618027 2.3256099196760704 -5.470657691972116
      vertex 7.344996499803112 2.1195664790383 -5.582162825910913
      vertex 7.218000440033611 2.088227529626331 -5.608584119701247
    endloop
  endfacet
  facet normal 0.792231654348209 0.5681458869826923 -0.22266400012878124
    outer loop
      vertex 4.963413704930958 3.2629147113114634 -6.456044987678016
      vertex 5.094341050770585 3.1794570272099585 -6.20315881028962
      vertex 5.8307484464284265 1.979141304399516 -6.645750300616502
    endloop
  endfacet
  facet normal 0.7922316543482131 0.5681458869826908 -0.22266400012877005
    outer loop
      vertex 5.8307484464284265 1.979141304399516 -6.645750300616502
      vertex 5.094341050770585 3.1794570272099585 -6.20315881028962
      vertex 5.100471746899639 3.1863132754091184 -6.163851689488547
    endloop
  endfacet
  facet normal 0.7922316543481915 0.5681458869826983 -0.2226640001288273
    outer loop
      vertex 5.8307484464284265 1.979141304399516 -6.645750300616502
      vertex 5.100471746899639 3.1863132754091184 -6.163851689488547
      vertex 5.102053514693096 3.1854607613535224 -6.160399069572088
    endloop
  endfacet
  facet normal 0.7922316543482085 0.5681458869826925 -0.22266400012878235
    outer loop
      vertex 5.8307484464284265 1.979141304399516 -6.645750300616502
      vertex 5.102053514693096 3.1854607613535224 -6.160399069572088
      vertex 4.99410469536329 3.4283003615685126 -5.924852019731316
    endloop
  endfacet
  facet normal 0.7922316543482104 0.5681458869826915 -0.22266400012877785
    outer loop
      vertex 5.8307484464284265 1.979141304399516 -6.645750300616502
      vertex 4.99410469536329 3.4283003615685126 -5.924852019731316
      vertex 5.082454074230196 3.420464244913932 -5.630502160323223
    endloop
  endfacet
  facet normal 0.385052807970565 0.6057764345213491 -0.6962537227567152
    outer loop
      vertex 7.218000440033611 2.088227529626331 -5.608584119701247
      vertex 5.082454074230196 3.420464244913932 -5.630502160323223
      vertex 6.310967423877318 3.6422450127461263 -4.7581304115749905
    endloop
  endfacet
  facet normal 0.3850528079705367 0.605776434521344 -0.6962537227567355
    outer loop
      vertex 7.093942471618027 2.3256099196760704 -5.470657691972116
      vertex 7.218000440033611 2.088227529626331 -5.608584119701247
      vertex 6.310967423877318 3.6422450127461263 -4.7581304115749905
    endloop
  endfacet
  facet normal 0.6097704162574756 0.7901352056385411 -0.06218035274687188
    outer loop
      vertex 4.776166970660279 3.6089163707372376 -6.23941082319035
      vertex 4.8683716624746305 3.575212273855433 -5.763490400087699
      vertex 4.880410048249219 3.565327831487067 -5.771039318319523
    endloop
  endfacet
  facet normal 0.6097704162574629 0.7901352056385509 -0.06218035274686972
    outer loop
      vertex 4.776166970660279 3.6089163707372376 -6.23941082319035
      vertex 4.735568162141193 3.6839363980451996 -5.684251342602108
      vertex 4.7773325751807505 3.6564917908245063 -5.623432241602743
    endloop
  endfacet
  facet normal 0.6097704162574665 0.7901352056385483 -0.062180352746869526
    outer loop
      vertex 4.776166970660279 3.6089163707372376 -6.23941082319035
      vertex 4.7773325751807505 3.6564917908245063 -5.623432241602743
      vertex 4.8683716624746305 3.575212273855433 -5.763490400087699
    endloop
  endfacet
  facet normal 0.6097704162574654 0.7901352056385492 -0.06218035274686872
    outer loop
      vertex 4.776166970660279 3.6089163707372376 -6.23941082319035
      vertex 4.880410048249219 3.565327831487067 -5.771039318319523
      vertex 4.922115407562539 3.5311956007189593 -5.795779976747012
    endloop
  endfacet
  facet normal 0.6097704162574653 0.7901352056385492 -0.06218035274686869
    outer loop
      vertex 4.776166970660279 3.6089163707372376 -6.23941082319035
      vertex 4.922115407562539 3.5311956007189593 -5.795779976747012
      vertex 5.082454074230196 3.420464244913932 -5.630502160323223
    endloop
  endfacet
  facet normal 0.6097704162574658 0.7901352056385489 -0.06218035274686946
    outer loop
      vertex 5.082454074230196 3.420464244913932 -5.630502160323223
      vertex 4.922115407562539 3.5311956007189593 -5.795779976747012
      vertex 4.810588677924011 3.630766444228166 -5.6242028131425625
    endloop
  endfacet
  facet normal 0.5817850217213576 0.7607160570829045 -0.28781464347200747
    outer loop
      vertex 5.082454074230196 3.420464244913932 -5.630502160323223
      vertex 4.810588677924011 3.630766444228166 -5.6242028131425625
      vertex 4.7992469142787595 3.6471684590438604 -5.6037771400107825
    endloop
  endfacet
  facet normal 0.5817850217213558 0.7607160570829029 -0.28781464347201463
    outer loop
      vertex 4.890733021992264 3.653046031762465 -5.403313360923641
      vertex 5.082454074230196 3.420464244913932 -5.630502160323223
      vertex 4.7992469142787595 3.6471684590438604 -5.6037771400107825
    endloop
  endfacet
  facet normal 0.3389755440392967 0.7853738675569417 -0.5179608756478759
    outer loop
      vertex 4.890733021992264 3.653046031762465 -5.403313360923641
      vertex 5.209131497901933 3.6465834720500654 -5.204738959047309
      vertex 5.082454074230196 3.420464244913932 -5.630502160323223
    endloop
  endfacet
  facet normal 0.20855892121914754 0.8366901635377059 -0.5064116375234208
    outer loop
      vertex 5.082454074230196 3.420464244913932 -5.630502160323223
      vertex 5.209131497901933 3.6465834720500654 -5.204738959047309
      vertex 5.6037771400107825 3.632839911317674 -5.064916407473325
    endloop
  endfacet
  facet normal 0.20855892121914948 0.8366901635377045 -0.5064116375234222
    outer loop
      vertex 5.082454074230196 3.420464244913932 -5.630502160323223
      vertex 5.6037771400107825 3.632839911317674 -5.064916407473325
      vertex 6.310967423877318 3.6422450127461263 -4.7581304115749905
    endloop
  endfacet
  facet normal 0.20855892121914923 0.8366901635377052 -0.5064116375234211
    outer loop
      vertex 5.6037771400107825 3.632839911317674 -5.064916407473325
      vertex 6.0036648750669706 3.82443383776088 -4.583677647889302
      vertex 6.194881058526244 3.6852762761380067 -4.734843056378361
    endloop
  endfacet
  facet normal 0.20855892121914849 0.8366901635377061 -0.50641163752342
    outer loop
      vertex 5.6037771400107825 3.632839911317674 -5.064916407473325
      vertex 6.194881058526244 3.6852762761380067 -4.734843056378361
      vertex 6.310967423877318 3.6422450127461263 -4.7581304115749905
    endloop
  endfacet
  facet normal -0.1504542537858681 -0.07688679409268909 -0.9856226146004798
    outer loop
      vertex -5.672318945286195 -4.658622605379417 -3.6775070859489953
      vertex -4.500051478564641 -4.6938366242792835 -3.853705492266109
      vertex -4.838489330066237 -5.320830361845886 -3.753132563713293
    endloop
  endfacet
  facet normal 0.38169343344537565 -0.07188387279672079 -0.9214894636925727
    outer loop
      vertex -6.004838380599827 -4.5220197842046606 -3.825897306522148
      vertex -5.672318945286195 -4.658622605379417 -3.6775070859489953
      vertex -5.672318945286195 -4.954980587538007 -3.654388688689829
    endloop
  endfacet
  facet normal -0.15045425378587018 -0.07688679409268791 -0.9856226146004797
    outer loop
      vertex -5.672318945286195 -4.954980587538007 -3.654388688689829
      vertex -5.672318945286195 -4.658622605379417 -3.6775070859489953
      vertex -5.6540851787398445 -4.959040675889383 -3.6568553331502467
    endloop
  endfacet
  facet normal -0.15045425378586705 -0.07688679409268774 -0.9856226146004801
    outer loop
      vertex -5.6540851787398445 -4.959040675889383 -3.6568553331502467
      vertex -5.672318945286195 -4.658622605379417 -3.6775070859489953
      vertex -4.838489330066237 -5.320830361845886 -3.753132563713293
    endloop
  endfacet
  facet normal 0.3826830400302672 -0.9238785853312328 0.001431935596697578
    outer loop
      vertex -5.672318945286195 -3.6026281429905636 -4.8624492869713425
      vertex -5.672318945286195 -3.6024997945711723 -4.779639448030153
      vertex -5.755044024447484 -3.636736927111714 -4.761111238455528
    endloop
  endfacet
  facet normal -0.15090076924697435 -0.988547727883499 0.0015321674331085274
    outer loop
      vertex -5.672318945286195 -3.6026281429905636 -4.8624492869713425
      vertex -5.12959713706628 -3.6852762761380067 -4.734843056378361
      vertex -5.672318945286195 -3.6024997945711723 -4.779639448030153
    endloop
  endfacet
  facet normal -0.15090076924697426 -0.9885477278834989 0.0015321674331081501
    outer loop
      vertex -5.672318945286195 -3.6026281429905636 -4.8624492869713425
      vertex -5.456861663680745 -3.635669527612693 -4.960556162863947
      vertex -5.12959713706628 -3.6852762761380067 -4.734843056378361
    endloop
  endfacet
  facet normal -0.1509007692469752 -0.9885477278834989 0.0015321674331095756
    outer loop
      vertex -5.456861663680745 -3.635669527612693 -4.960556162863947
      vertex -4.632393699465531 -3.761046286217195 -4.652534884323138
      vertex -5.12959713706628 -3.6852762761380067 -4.734843056378361
    endloop
  endfacet
  facet normal -0.9922280047134594 0.08798746121563945 0.08798746121563947
    outer loop
      vertex -3.6248244226716375 -5.603777140010783 -5.06818496860848
      vertex -3.5940525235246605 -5.603777140010783 -4.721172568545939
      vertex -3.60730774680627 -5.171188032063317 -5.303239835847379
    endloop
  endfacet
  facet normal -0.9922280047134596 0.08798746121563741 0.08798746121563794
    outer loop
      vertex -3.60730774680627 -5.171188032063317 -5.303239835847379
      vertex -3.5940525235246605 -5.603777140010783 -4.721172568545939
      vertex -3.604280908360579 -4.944210053414193 -5.496084384231958
    endloop
  endfacet
  facet normal -0.13964733468843785 0.3789336336449005 -0.9148267175848592
    outer loop
      vertex -4.423837913336664 -5.983456230387943 -3.951624682872815
      vertex -4.466201174372892 -5.9310513565395375 -3.9234511662219878
      vertex -4.4474035108455015 -5.9190454551549685 -3.9213476025744947
    endloop
  endfacet
  facet normal -0.1504542537858699 -0.07688679409268807 -0.9856226146004796
    outer loop
      vertex -4.758083873333098 -5.505751177300879 -3.750981004245369
      vertex -4.838489330066237 -5.320830361845886 -3.753132563713293
      vertex -4.500051478564641 -4.6938366242792835 -3.853705492266109
    endloop
  endfacet
  facet normal -0.15045425378579677 -0.07688679409270742 -0.9856226146004893
    outer loop
      vertex -4.500051478564641 -4.6938366242792835 -3.853705492266109
      vertex -4.726459264608862 -5.599775813385144 -3.7484737607114145
      vertex -4.730764411474479 -5.603777140010783 -3.7475044476890513
    endloop
  endfacet
  facet normal -0.15045425378586572 -0.07688679409268946 -0.9856226146004802
    outer loop
      vertex -4.758083873333098 -5.505751177300879 -3.750981004245369
      vertex -4.500051478564641 -4.6938366242792835 -3.853705492266109
      vertex -4.730764411474479 -5.603777140010783 -3.7475044476890513
    endloop
  endfacet
  facet normal -0.1504542537858685 -0.07688679409268899 -0.9856226146004798
    outer loop
      vertex -4.500051478564641 -4.6938366242792835 -3.853705492266109
      vertex -4.562469144744084 -5.599716930320573 -3.7735112731193197
      vertex -4.726459264608862 -5.599775813385144 -3.7484737607114145
    endloop
  endfacet
  facet normal -0.9207945328079669 0.38140558364805843 0.08165297981728577
    outer loop
      vertex -3.6248244226716375 -5.603777140010783 -5.06818496860848
      vertex -3.766830842360585 -6.045067111998836 -4.608290858988091
      vertex -3.5940525235246605 -5.603777140010783 -4.721172568545939
    endloop
  endfacet
  facet normal -0.9922280047134594 0.08798746121563904 0.08798746121563933
    outer loop
      vertex -3.5940525235246605 -5.603777140010783 -4.721172568545939
      vertex -3.5240455180572656 -4.766910427968508 -4.768575527558243
      vertex -3.604280908360579 -4.944210053414193 -5.496084384231958
    endloop
  endfacet
  facet normal -0.9922280047134596 0.08798746121563891 0.08798746121563782
    outer loop
      vertex -3.5940525235246605 -5.603777140010783 -4.721172568545939
      vertex -3.5240455180572656 -4.768575527558243 -4.766910427968508
      vertex -3.5240455180572656 -4.766910427968508 -4.768575527558243
    endloop
  endfacet
  facet normal -0.13964733468843651 -0.914826717584857 0.37893363364490623
    outer loop
      vertex -4.618445124237719 -3.86072335004918 -5.835719042007054
      vertex -4.562748904455574 -3.773151837834651 -5.6037771400107825
      vertex -4.883422202438545 -3.7242013967201903 -5.6037771400107825
    endloop
  endfacet
  facet normal -0.13964733468843282 -0.9148267175848578 0.3789336336449057
    outer loop
      vertex -4.618445124237719 -3.86072335004918 -5.835719042007054
      vertex -4.517781632571611 -3.8309257899322597 -5.726684137852517
      vertex -4.562748904455574 -3.773151837834651 -5.6037771400107825
    endloop
  endfacet
  facet normal -0.1509007692469753 -0.9885477278834989 0.0015321674331087002
    outer loop
      vertex -5.456861663680745 -3.635669527612693 -4.960556162863947
      vertex -4.914312605583044 -3.719409022081409 -5.5541053731820735
      vertex -4.562748904455574 -3.773151837834651 -5.6037771400107825
    endloop
  endfacet
  facet normal -0.15090076924697535 -0.9885477278834988 0.00153216743310844
    outer loop
      vertex -4.562748904455574 -3.773151837834651 -5.6037771400107825
      vertex -4.914312605583044 -3.719409022081409 -5.5541053731820735
      vertex -4.883422202438545 -3.7242013967201903 -5.6037771400107825
    endloop
  endfacet
  facet normal -0.15090076924697501 -0.9885477278834988 0.001532167433109041
    outer loop
      vertex -5.456861663680745 -3.635669527612693 -4.960556162863947
      vertex -4.562748904455574 -3.773151837834651 -5.6037771400107825
      vertex -4.632393699465531 -3.761046286217195 -4.652534884323138
    endloop
  endfacet
  facet normal -0.920794532807966 0.08165297981728832 0.38140558364805993
    outer loop
      vertex -3.617851641288576 -4.81849162757121 -5.640398801987097
      vertex -3.5940525235246605 -4.721172568545939 -5.6037771400107825
      vertex -3.7075896576235254 -4.646995056681448 -5.893760275994823
    endloop
  endfacet
  facet normal -0.920794532807965 0.08165297981728717 0.3814055836480623
    outer loop
      vertex -3.617851641288576 -4.81849162757121 -5.640398801987097
      vertex -3.606531392767762 -4.861895841602049 -5.6037771400107825
      vertex -3.5940525235246605 -4.721172568545939 -5.6037771400107825
    endloop
  endfacet
  facet normal -0.9922280047134593 0.08798746121564113 0.08798746121563922
    outer loop
      vertex -3.606531392767762 -4.861895841602049 -5.6037771400107825
      vertex -3.5240455180572656 -4.766910427968508 -4.768575527558243
      vertex -3.5940525235246605 -4.721172568545939 -5.6037771400107825
    endloop
  endfacet
  facet normal -0.9922280047134594 0.08798746121563795 0.08798746121563958
    outer loop
      vertex -3.604280908360579 -4.944210053414193 -5.496084384231958
      vertex -3.5240455180572656 -4.766910427968508 -4.768575527558243
      vertex -3.606531392767762 -4.861895841602049 -5.6037771400107825
    endloop
  endfacet
  facet normal -0.15045425378586813 -0.07688679409269085 -0.9856226146004796
    outer loop
      vertex -5.672318945286195 -4.658622605379417 -3.6775070859489953
      vertex -4.69631298477882 -4.510859979249439 -3.8380200863052987
      vertex -4.500051478564641 -4.6938366242792835 -3.853705492266109
    endloop
  endfacet
  facet normal -0.5820294080817711 -0.5749964209140713 -0.574996420914071
    outer loop
      vertex -4.69631298477882 -4.510859979249439 -3.8380200863052987
      vertex -4.0636894297544455 -4.574898001825338 -4.41434346403879
      vertex -4.500051478564641 -4.6938366242792835 -3.853705492266109
    endloop
  endfacet
  facet normal -0.1509007692469701 -0.9885477278834996 0.0015321674331094065
    outer loop
      vertex -4.562748904455574 -3.773151837834651 -5.6037771400107825
      vertex -4.56397076387793 -3.771581992816713 -4.711259018743083
      vertex -4.632393699465531 -3.761046286217195 -4.652534884323138
    endloop
  endfacet
  facet normal -0.5820294080817685 -0.5749964209140724 -0.5749964209140722
    outer loop
      vertex -4.69631298477882 -4.510859979249439 -3.8380200863052987
      vertex -4.632393699465531 -3.761046286217195 -4.652534884323138
      vertex -4.56397076387793 -3.771581992816713 -4.711259018743083
    endloop
  endfacet
  facet normal -0.5820294080817712 -0.5749964209140707 -0.5749964209140711
    outer loop
      vertex -4.69631298477882 -4.510859979249439 -3.8380200863052987
      vertex -4.56397076387793 -3.771581992816713 -4.711259018743083
      vertex -4.0636894297544455 -4.41434346403879 -4.574898001825338
    endloop
  endfacet
  facet normal -0.5820294080817711 -0.5749964209140711 -0.5749964209140711
    outer loop
      vertex -4.0636894297544455 -4.574898001825338 -4.41434346403879
      vertex -4.0636894297544455 -4.41434346403879 -4.574898001825338
      vertex -3.5240455180572656 -4.768575527558243 -4.766910427968508
    endloop
  endfacet
  facet normal -0.5820294080817711 -0.5749964209140711 -0.574996420914071
    outer loop
      vertex -4.69631298477882 -4.510859979249439 -3.8380200863052987
      vertex -4.0636894297544455 -4.41434346403879 -4.574898001825338
      vertex -4.0636894297544455 -4.574898001825338 -4.41434346403879
    endloop
  endfacet
  facet normal -0.5820294080817745 -0.574996420914072 -0.5749964209140668
    outer loop
      vertex -4.0636894297544455 -4.41434346403879 -4.574898001825338
      vertex -3.5240455180572656 -4.766910427968508 -4.768575527558243
      vertex -3.5240455180572656 -4.768575527558243 -4.766910427968508
    endloop
  endfacet
  facet normal -0.14678079659636883 0.09191260490872293 0.9848895729011594
    outer loop
      vertex -5.642319906207301 -5.090326472926621 3.5908063601801166
      vertex -4.858779220114263 -5.3340824531261255 3.7303275582448334
      vertex -4.7451231883731895 -4.662047684909675 3.684549894941669
    endloop
  endfacet
  facet normal 0.3812689344142464 0.08590029219080204 0.9204646323744111
    outer loop
      vertex -5.726608385890726 -5.00146928227224 3.6174273940905906
      vertex -5.642319906207303 -4.744385678708271 3.558522213392838
      vertex -6.174776695314948 -4.608573227500087 3.766398645178367
    endloop
  endfacet
  facet normal 0.3812689344142449 0.08590029219080267 0.9204646323744117
    outer loop
      vertex -5.642319906207301 -5.090326472926621 3.5908063601801166
      vertex -5.642319906207303 -4.744385678708271 3.558522213392838
      vertex -5.726608385890726 -5.00146928227224 3.6174273940905906
    endloop
  endfacet
  facet normal -0.1467807965963687 0.09191260490872254 0.9848895729011595
    outer loop
      vertex -5.642319906207301 -5.090326472926621 3.5908063601801166
      vertex -4.7451231883731895 -4.662047684909675 3.684549894941669
      vertex -5.642319906207303 -4.744385678708271 3.558522213392838
    endloop
  endfacet
  facet normal -0.14582896560763758 -0.97850284904011 0.14582896560763944
    outer loop
      vertex -5.4730607818978845 -3.783591393875712 4.863656561234406
      vertex -5.638757235069843 -3.7736634721909286 4.764575815121259
      vertex -5.638715604147429 -3.8077633173862306 4.535809708593179
    endloop
  endfacet
  facet normal -0.14582896560764388 -0.9785028490401074 0.14582896560765024
    outer loop
      vertex -5.4730607818978845 -3.783591393875712 4.863656561234406
      vertex -5.6423199062073 -3.7728881913163836 4.766215228092316
      vertex -5.638757235069843 -3.7736634721909286 4.764575815121259
    endloop
  endfacet
  facet normal -0.14582896560763833 -0.9785028490401099 0.1458289656076398
    outer loop
      vertex -5.4730607818978845 -3.783591393875712 4.863656561234406
      vertex -5.638715604147429 -3.8077633173862306 4.535809708593179
      vertex -4.7135744801329205 -3.9637314493147398 4.414414838776872
    endloop
  endfacet
  facet normal -0.14582896560763872 -0.97850284904011 0.14582896560763917
    outer loop
      vertex -5.4730607818978845 -3.783591393875712 4.863656561234406
      vertex -4.7135744801329205 -3.9637314493147398 4.414414838776872
      vertex -4.819421389882481 -3.809303699463909 5.344768059572403
    endloop
  endfacet
  facet normal -0.1467807965963698 0.09191260490872306 0.9848895729011593
    outer loop
      vertex -4.858779220114263 -5.3340824531261255 3.7303275582448334
      vertex -4.750152588223847 -5.483654273662389 3.760474937224003
      vertex -4.7451231883731895 -4.662047684909675 3.684549894941669
    endloop
  endfacet
  facet normal -0.14678079659636808 0.09191260490872327 0.9848895729011595
    outer loop
      vertex -4.7451231883731895 -4.662047684909675 3.684549894941669
      vertex -4.536791919169016 -5.636122022027076 3.8065013732125967
      vertex -4.608063404467236 -4.768725596727846 3.7149317670294506
    endloop
  endfacet
  facet normal -0.14678079659637516 0.09191260490871901 0.984889572901159
    outer loop
      vertex -4.750152588223847 -5.483654273662389 3.760474937224003
      vertex -4.677301338062232 -5.642319906207301 3.7861392724184553
      vertex -4.669967182676701 -5.636196387270023 3.786660838091654
    endloop
  endfacet
  facet normal -0.14678079659636972 0.09191260490872206 0.9848895729011594
    outer loop
      vertex -4.750152588223847 -5.483654273662389 3.760474937224003
      vertex -4.669967182676701 -5.636196387270023 3.786660838091654
      vertex -4.536791919169016 -5.636122022027076 3.8065013732125967
    endloop
  endfacet
  facet normal -0.14678079659636897 0.09191260490872309 0.9848895729011594
    outer loop
      vertex -4.750152588223847 -5.483654273662389 3.760474937224003
      vertex -4.536791919169016 -5.636122022027076 3.8065013732125967
      vertex -4.7451231883731895 -4.662047684909675 3.684549894941669
    endloop
  endfacet
  facet normal -0.9204646323744102 0.3812689344142481 -0.08590029219080415
    outer loop
      vertex -3.6785988572047654 -5.949885432812481 4.665935691911426
      vertex -3.5797562528427416 -5.667729883085569 4.859136714552457
      vertex -3.5585222133928367 -5.642319906207302 4.744385678708272
    endloop
  endfacet
  facet normal -0.9204646323744098 0.381268934414249 -0.08590029219080383
    outer loop
      vertex -3.5585222133928367 -5.642319906207302 4.744385678708272
      vertex -3.5797562528427416 -5.667729883085569 4.859136714552457
      vertex -3.5720460597023247 -5.642319906207301 4.88930046193044
    endloop
  endfacet
  facet normal -0.9914030109503037 0.09252045686947225 -0.09252045686947308
    outer loop
      vertex -3.5585222133928367 -5.642319906207302 4.744385678708272
      vertex -3.5720460597023247 -5.642319906207301 4.88930046193044
      vertex -3.485669412702487 -4.81406856657789 4.791982788944154
    endloop
  endfacet
  facet normal -0.9914030109503039 0.0925204568694724 -0.092520456869472
    outer loop
      vertex -3.5720460597023247 -5.642319906207301 4.88930046193044
      vertex -3.5698210818540566 -5.535009129837199 4.972769486835968
      vertex -3.485669412702487 -4.81406856657789 4.791982788944154
    endloop
  endfacet
  facet normal -0.9914030109503038 0.09252045686947243 -0.0925204568694719
    outer loop
      vertex -3.5698210818540566 -5.535009129837199 4.972769486835968
      vertex -3.5725780495511743 -5.354034903730153 5.183286001951287
      vertex -3.485669412702487 -4.81406856657789 4.791982788944154
    endloop
  endfacet
  facet normal -0.9914030109503039 0.09252045686947247 -0.09252045686947144
    outer loop
      vertex -3.5725780495511743 -5.354034903730153 5.183286001951287
      vertex -3.5915247197945366 -5.098024055804832 5.642319906207301
      vertex -3.5585222133928363 -4.744385678708272 5.642319906207303
    endloop
  endfacet
  facet normal -0.5773502691896233 -0.577350269189627 0.5773502691896271
    outer loop
      vertex -4.7451231883731895 -4.662047684909675 3.684549894941669
      vertex -4.608063404467236 -4.768725596727846 3.7149317670294506
      vertex -4.613687874431297 -4.41434346403879 4.0636894297544455
    endloop
  endfacet
  facet normal -0.5773502691896251 -0.5773502691896261 0.5773502691896261
    outer loop
      vertex -4.608063404467236 -4.768725596727846 3.7149317670294506
      vertex -4.0636894297544455 -4.613687874431296 4.41434346403879
      vertex -4.613687874431297 -4.41434346403879 4.0636894297544455
    endloop
  endfacet
  facet normal -0.577350269189626 -0.5773502691896254 0.577350269189626
    outer loop
      vertex -4.613687874431297 -4.41434346403879 4.0636894297544455
      vertex -4.0636894297544455 -4.41434346403879 4.613687874431297
      vertex -4.7135744801329205 -3.9637314493147398 4.414414838776872
    endloop
  endfacet
  facet normal -0.577350269189626 -0.5773502691896254 0.577350269189626
    outer loop
      vertex -4.7135744801329205 -3.9637314493147398 4.414414838776872
      vertex -4.0636894297544455 -4.41434346403879 4.613687874431297
      vertex -4.414414838776872 -3.9637314493147398 4.7135744801329205
    endloop
  endfacet
  facet normal -0.1458289656076391 -0.9785028490401099 0.1458289656076391
    outer loop
      vertex -4.7135744801329205 -3.9637314493147398 4.414414838776872
      vertex -4.414414838776872 -3.9637314493147398 4.7135744801329205
      vertex -4.819421389882481 -3.809303699463909 5.344768059572403
    endloop
  endfacet
  facet normal -0.5773502691896248 -0.5773502691896274 0.5773502691896248
    outer loop
      vertex -4.613687874431297 -4.41434346403879 4.0636894297544455
      vertex -4.0636894297544455 -4.613687874431296 4.41434346403879
      vertex -4.0636894297544455 -4.41434346403879 4.613687874431297
    endloop
  endfacet
  facet normal -0.5773502691896254 -0.5773502691896273 0.5773502691896246
    outer loop
      vertex -4.0636894297544455 -4.613687874431296 4.41434346403879
      vertex -3.485669412702487 -4.791982788944154 4.81406856657789
      vertex -4.0636894297544455 -4.41434346403879 4.613687874431297
    endloop
  endfacet
  facet normal -0.5773502691896261 -0.5773502691896256 0.5773502691896256
    outer loop
      vertex -4.0636894297544455 -4.613687874431296 4.41434346403879
      vertex -3.485669412702487 -4.81406856657789 4.791982788944154
      vertex -3.485669412702487 -4.791982788944154 4.81406856657789
    endloop
  endfacet
  facet normal -0.14582896560763822 -0.9785028490401098 0.14582896560763972
    outer loop
      vertex -4.414414838776872 -3.9637314493147398 4.7135744801329205
      vertex -4.638801280544052 -3.7918770416740246 5.642319906207303
      vertex -4.819421389882481 -3.809303699463909 5.344768059572403
    endloop
  endfacet
  facet normal -0.14582896560794423 -0.978502849040076 0.14582896560756076
    outer loop
      vertex -4.414414838776872 -3.9637314493147398 4.7135744801329205
      vertex -4.637048106030304 -3.792663403686707 5.63879664289829
      vertex -4.638801280544052 -3.7918770416740246 5.642319906207303
    endloop
  endfacet
  facet normal -0.14582896560763664 -0.9785028490401101 0.1458289656076398
    outer loop
      vertex -4.414414838776872 -3.9637314493147398 4.7135744801329205
      vertex -4.535817655043468 -3.8077531077866897 5.638776163444238
      vertex -4.637048106030304 -3.792663403686707 5.63879664289829
    endloop
  endfacet
  facet normal -0.9914030109503038 0.09252045686947259 -0.0925204568694716
    outer loop
      vertex -3.5725780495511743 -5.354034903730153 5.183286001951287
      vertex -3.5585222133928363 -4.744385678708272 5.642319906207303
      vertex -3.485669412702487 -4.81406856657789 4.791982788944154
    endloop
  endfacet
  facet normal -0.9914030109503039 0.09252045686947155 -0.09252045686947155
    outer loop
      vertex -3.485669412702487 -4.81406856657789 4.791982788944154
      vertex -3.5585222133928363 -4.744385678708272 5.642319906207303
      vertex -3.485669412702487 -4.791982788944154 4.81406856657789
    endloop
  endfacet
  facet normal -0.9204646323744109 0.08590029219080302 -0.3812689344142469
    outer loop
      vertex -3.5915247197945366 -5.098024055804832 5.642319906207301
      vertex -3.7337202907300187 -4.62992306201937 6.0910740286228435
      vertex -3.5585222133928363 -4.744385678708272 5.642319906207303
    endloop
  endfacet
  facet normal 0.3826830400302664 0.923878585331233 0.0014319355966975933
    outer loop
      vertex -5.672318945286196 3.602628142990563 -4.862449286971342
      vertex -5.755044024447484 3.636736927111713 -4.761111238455528
      vertex -5.672318945286196 3.602499794571172 -4.779639448030153
    endloop
  endfacet
  facet normal -0.15090076924697607 0.9885477278834985 0.0015321674331085435
    outer loop
      vertex -5.672318945286196 3.602628142990563 -4.862449286971342
      vertex -5.672318945286196 3.602499794571172 -4.779639448030153
      vertex -5.456861663680746 3.635669527612693 -4.960556162863946
    endloop
  endfacet
  facet normal -0.15090076924697504 0.988547727883499 0.0015321674331098692
    outer loop
      vertex -5.672318945286196 3.602499794571172 -4.779639448030153
      vertex -5.12959713706628 3.6852762761380067 -4.734843056378361
      vertex -5.456861663680746 3.635669527612693 -4.960556162863946
    endloop
  endfacet
  facet normal -0.1509007692469746 0.988547727883499 0.0015321674331092343
    outer loop
      vertex -5.456861663680746 3.635669527612693 -4.960556162863946
      vertex -5.12959713706628 3.6852762761380067 -4.734843056378361
      vertex -4.56397076387793 3.771581992816713 -4.711259018743083
    endloop
  endfacet
  facet normal 0.3816934334453766 0.07188387279672055 -0.9214894636925725
    outer loop
      vertex -5.871374997333671 4.576848082167121 -3.7663378980243425
      vertex -5.672318945286196 4.795815506693456 -3.6668048940572366
      vertex -5.672318945286196 4.658622605379419 -3.677507085948995
    endloop
  endfacet
  facet normal -0.15045425378586852 0.07688679409268774 -0.9856226146004797
    outer loop
      vertex -5.672318945286196 4.658622605379419 -3.677507085948995
      vertex -5.672318945286196 4.795815506693456 -3.6668048940572366
      vertex -4.696312984778821 4.51085997924944 -3.8380200863052982
    endloop
  endfacet
  facet normal -0.15045425378586832 0.07688679409268846 -0.9856226146004798
    outer loop
      vertex -5.672318945286196 4.795815506693456 -3.6668048940572366
      vertex -5.350759901645334 4.897864233885519 -3.7079298904641793
      vertex -4.696312984778821 4.51085997924944 -3.8380200863052982
    endloop
  endfacet
  facet normal -0.15090076924697454 0.9885477278834989 0.0015321674331091244
    outer loop
      vertex -5.456861663680746 3.635669527612693 -4.960556162863946
      vertex -4.56397076387793 3.771581992816713 -4.711259018743083
      vertex -4.914312605583044 3.719409022081409 -5.554105373182073
    endloop
  endfacet
  facet normal -0.15090076924697174 0.9885477278834992 0.0015321674331079391
    outer loop
      vertex -4.8834222024385445 3.7242013967201903 -5.6037771400107825
      vertex -4.914312605583044 3.719409022081409 -5.554105373182073
      vertex -4.56397076387793 3.771581992816713 -4.711259018743083
    endloop
  endfacet
  facet normal -0.13964733468843413 0.9148267175848556 0.37893363364491045
    outer loop
      vertex -4.8834222024385445 3.7242013967201903 -5.6037771400107825
      vertex -4.562748904455574 3.77315183783465 -5.6037771400107825
      vertex -4.619367008686083 3.860248375132524 -5.834912090576288
    endloop
  endfacet
  facet normal -0.1396473346884396 0.9148267175848571 0.37893363364490473
    outer loop
      vertex -4.491254423978435 3.926254764926958 -5.947052645406582
      vertex -4.447403510845499 3.9213476025744978 -5.919045455154974
      vertex -4.4116695157206856 3.967258640449435 -6.0167155578246545
    endloop
  endfacet
  facet normal -0.13964733468843638 0.9148267175848552 0.37893363364491084
    outer loop
      vertex -4.619367008686083 3.860248375132524 -5.834912090576288
      vertex -4.562748904455574 3.77315183783465 -5.6037771400107825
      vertex -4.518496543090267 3.8300072728791146 -5.724730105466472
    endloop
  endfacet
  facet normal -0.15090076924697307 0.9885477278834992 0.001532167433108417
    outer loop
      vertex -4.8834222024385445 3.7242013967201903 -5.6037771400107825
      vertex -4.56397076387793 3.771581992816713 -4.711259018743083
      vertex -4.562748904455574 3.77315183783465 -5.6037771400107825
    endloop
  endfacet
  facet normal -0.9207945328079671 -0.081652979817286 0.38140558364805766
    outer loop
      vertex -3.766830842360586 4.60829085898809 -6.0450671119988355
      vertex -3.594052523524662 4.7211725685459385 -5.6037771400107825
      vertex -3.624824422671639 5.068184968608478 -5.6037771400107825
    endloop
  endfacet
  facet normal -0.9922280047134593 -0.08798746121563898 0.08798746121564013
    outer loop
      vertex -3.594052523524662 4.7211725685459385 -5.6037771400107825
      vertex -3.5240455180572665 4.766910427968508 -4.7685755275582435
      vertex -3.5240455180572665 4.7685755275582435 -4.766910427968508
    endloop
  endfacet
  facet normal -0.9922280047134592 -0.08798746121563941 0.08798746121563981
    outer loop
      vertex -3.594052523524662 4.7211725685459385 -5.6037771400107825
      vertex -3.5240455180572665 4.7685755275582435 -4.766910427968508
      vertex -3.60428090836058 5.496084384231957 -4.944210053414192
    endloop
  endfacet
  facet normal -0.15090076924697465 0.988547727883499 0.0015321674331113904
    outer loop
      vertex -5.12959713706628 3.6852762761380067 -4.734843056378361
      vertex -4.632393699465531 3.7610462862171947 -4.652534884323138
      vertex -4.56397076387793 3.771581992816713 -4.711259018743083
    endloop
  endfacet
  facet normal -0.5820294080817715 0.5749964209140694 -0.5749964209140722
    outer loop
      vertex -4.56397076387793 3.771581992816713 -4.711259018743083
      vertex -4.632393699465531 3.7610462862171947 -4.652534884323138
      vertex -4.0636894297544455 4.41434346403879 -4.57489800182534
    endloop
  endfacet
  facet normal -0.5820294080817705 0.5749964209140707 -0.5749964209140719
    outer loop
      vertex -4.632393699465531 3.7610462862171947 -4.652534884323138
      vertex -4.696312984778821 4.51085997924944 -3.8380200863052982
      vertex -4.500051478564643 4.6938366242792835 -3.8537054922661085
    endloop
  endfacet
  facet normal -0.5820294080817721 0.5749964209140702 -0.5749964209140711
    outer loop
      vertex -4.632393699465531 3.7610462862171947 -4.652534884323138
      vertex -4.500051478564643 4.6938366242792835 -3.8537054922661085
      vertex -4.0636894297544455 4.57489800182534 -4.41434346403879
    endloop
  endfacet
  facet normal -0.150454253785867 0.07688679409268923 -0.9856226146004801
    outer loop
      vertex -4.696312984778821 4.51085997924944 -3.8380200863052982
      vertex -4.5627489044555745 5.603777140010783 -3.7731518378346496
      vertex -4.500051478564643 4.6938366242792835 -3.8537054922661085
    endloop
  endfacet
  facet normal -0.5820294080817725 0.5749964209140703 -0.5749964209140703
    outer loop
      vertex -4.632393699465531 3.7610462862171947 -4.652534884323138
      vertex -4.0636894297544455 4.57489800182534 -4.41434346403879
      vertex -4.0636894297544455 4.41434346403879 -4.57489800182534
    endloop
  endfacet
  facet normal -0.582029408081771 0.5749964209140711 -0.5749964209140711
    outer loop
      vertex -4.0636894297544455 4.41434346403879 -4.57489800182534
      vertex -4.0636894297544455 4.57489800182534 -4.41434346403879
      vertex -3.5240455180572665 4.766910427968508 -4.7685755275582435
    endloop
  endfacet
  facet normal -0.5820294080817748 0.5749964209140683 -0.5749964209140701
    outer loop
      vertex -4.0636894297544455 4.57489800182534 -4.41434346403879
      vertex -3.5240455180572665 4.7685755275582435 -4.766910427968508
      vertex -3.5240455180572665 4.766910427968508 -4.7685755275582435
    endloop
  endfacet
  facet normal -0.9922280047134592 -0.08798746121563966 0.08798746121564076
    outer loop
      vertex -3.594052523524662 4.7211725685459385 -5.6037771400107825
      vertex -3.607307746806271 5.303239835847378 -5.171188032063317
      vertex -3.624824422671639 5.068184968608478 -5.6037771400107825
    endloop
  endfacet
  facet normal -0.9922280047134601 -0.08798746121563597 0.08798746121563573
    outer loop
      vertex -3.594052523524662 4.7211725685459385 -5.6037771400107825
      vertex -3.60428090836058 5.496084384231957 -4.944210053414192
      vertex -3.607307746806271 5.303239835847378 -5.171188032063317
    endloop
  endfacet
  facet normal -0.15045425378586783 0.07688679409268932 -0.98562261460048
    outer loop
      vertex -5.350759901645334 4.897864233885519 -3.7079298904641793
      vertex -4.5627489044555745 5.603777140010783 -3.7731518378346496
      vertex -4.696312984778821 4.51085997924944 -3.8380200863052982
    endloop
  endfacet
  facet normal -0.1396473346884375 -0.3789336336449039 -0.914826717584858
    outer loop
      vertex -4.5627489044555745 5.603777140010783 -3.7731518378346496
      vertex -4.9030179003512115 5.603777140010783 -3.72121013407748
      vertex -4.517781632571612 5.7266841378525175 -3.8309257899322584
    endloop
  endfacet
  facet normal -0.13964733468843454 -0.37893363364491095 -0.9148267175848555
    outer loop
      vertex -4.621677676322763 5.8392204207187755 -3.8616802229282228
      vertex -4.517781632571612 5.7266841378525175 -3.8309257899322584
      vertex -4.9030179003512115 5.603777140010783 -3.72121013407748
    endloop
  endfacet
  facet normal -0.15045425378586783 0.07688679409268935 -0.9856226146004798
    outer loop
      vertex -5.350759901645334 4.897864233885519 -3.7079298904641793
      vertex -5.071937864043954 5.2830281602672065 -3.720445778314146
      vertex -4.5627489044555745 5.603777140010783 -3.7731518378346496
    endloop
  endfacet
  facet normal -0.15045425378586932 0.07688679409269178 -0.9856226146004795
    outer loop
      vertex -5.071937864043954 5.2830281602672065 -3.720445778314146
      vertex -4.9030179003512115 5.603777140010783 -3.72121013407748
      vertex -4.5627489044555745 5.603777140010783 -3.7731518378346496
    endloop
  endfacet
  facet normal -0.9922280047134594 -0.08798746121563966 0.08798746121563898
    outer loop
      vertex -3.5240455180572665 4.7685755275582435 -4.766910427968508
      vertex -3.6065313927677627 5.603777140010783 -4.861895841602047
      vertex -3.60428090836058 5.496084384231957 -4.944210053414192
    endloop
  endfacet
  facet normal -0.9207945328079654 -0.38140558364806176 0.08165297981728532
    outer loop
      vertex -3.6065313927677627 5.603777140010783 -4.861895841602047
      vertex -3.594052523524662 5.603777140010783 -4.721172568545939
      vertex -3.617851641288576 5.640398801987096 -4.81849162757121
    endloop
  endfacet
  facet normal -0.9922280047134593 -0.08798746121563963 0.08798746121563908
    outer loop
      vertex -3.5240455180572665 4.7685755275582435 -4.766910427968508
      vertex -3.594052523524662 5.603777140010783 -4.721172568545939
      vertex -3.6065313927677627 5.603777140010783 -4.861895841602047
    endloop
  endfacet
  facet normal -0.9207945328079672 -0.38140558364805716 0.0816529798172875
    outer loop
      vertex -3.594052523524662 5.603777140010783 -4.721172568545939
      vertex -3.7075896576235254 5.893760275994823 -4.646995056681448
      vertex -3.617851641288576 5.640398801987096 -4.81849162757121
    endloop
  endfacet
  facet normal 0.3812689344142455 -0.08590029219080068 0.9204646323744116
    outer loop
      vertex -6.106811635098309 4.62590890921804 3.739864408986916
      vertex -5.642319906207302 4.744385678708271 3.558522213392838
      vertex -5.860733743109768 4.776507512003214 3.6519898847154604
    endloop
  endfacet
  facet normal 0.3812689344142453 -0.08590029219080164 0.9204646323744116
    outer loop
      vertex -5.860733743109768 4.776507512003214 3.6519898847154604
      vertex -5.642319906207302 4.744385678708271 3.558522213392838
      vertex -5.642319906207301 4.93122095329273 3.575958195302271
    endloop
  endfacet
  facet normal -0.1467807965963677 -0.09191260490872165 0.9848895729011599
    outer loop
      vertex -5.642319906207302 4.744385678708271 3.558522213392838
      vertex -5.483483231038564 4.955563347989967 3.6019017602656596
      vertex -5.642319906207301 4.93122095329273 3.575958195302271
    endloop
  endfacet
  facet normal -0.1467807965963687 -0.09191260490872193 0.9848895729011595
    outer loop
      vertex -5.642319906207302 4.744385678708271 3.558522213392838
      vertex -4.608063404467235 4.768725596727846 3.7149317670294506
      vertex -5.0475751998295175 5.361366854440869 3.704737030542989
    endloop
  endfacet
  facet normal -0.14582896560763894 0.97850284904011 0.14582896560763775
    outer loop
      vertex -4.713574480132919 3.963731449314739 4.414414838776873
      vertex -5.638715604147429 3.8077633173862293 4.535809708593179
      vertex -5.638757235069843 3.7736634721909272 4.764575815121262
    endloop
  endfacet
  facet normal -0.14582896560742234 0.9785028490400494 0.14582896560826258
    outer loop
      vertex -4.713574480132919 3.963731449314739 4.414414838776873
      vertex -5.638757235069843 3.7736634721909272 4.764575815121262
      vertex -5.6423199062073 3.7728881913163823 4.766215228092317
    endloop
  endfacet
  facet normal -0.14582896560763853 0.97850284904011 0.1458289656076393
    outer loop
      vertex -5.473060781897884 3.7835913938757106 4.86365656123441
      vertex -4.713574480132919 3.963731449314739 4.414414838776873
      vertex -5.6423199062073 3.7728881913163823 4.766215228092317
    endloop
  endfacet
  facet normal -0.1458289656076385 0.9785028490401099 0.1458289656076394
    outer loop
      vertex -5.473060781897884 3.7835913938757106 4.86365656123441
      vertex -4.819421389882482 3.8093036994639076 5.344768059572403
      vertex -4.713574480132919 3.963731449314739 4.414414838776873
    endloop
  endfacet
  facet normal -0.1467807965963738 -0.0919126049087169 0.9848895729011593
    outer loop
      vertex -5.642319906207302 4.744385678708271 3.558522213392838
      vertex -5.0475751998295175 5.361366854440869 3.704737030542989
      vertex -5.483483231038564 4.955563347989967 3.6019017602656596
    endloop
  endfacet
  facet normal -0.14678079659636878 -0.09191260490872044 0.9848895729011597
    outer loop
      vertex -5.642319906207302 4.744385678708271 3.558522213392838
      vertex -4.7451231883731895 4.662047684909674 3.684549894941669
      vertex -4.608063404467235 4.768725596727846 3.7149317670294506
    endloop
  endfacet
  facet normal -0.14582896560763967 0.9785028490401099 0.14582896560763922
    outer loop
      vertex -4.713574480132919 3.963731449314739 4.414414838776873
      vertex -4.819421389882482 3.8093036994639076 5.344768059572403
      vertex -4.414414838776873 3.963731449314739 4.71357448013292
    endloop
  endfacet
  facet normal -0.5773502691896274 0.5773502691896243 0.5773502691896256
    outer loop
      vertex -4.713574480132919 3.963731449314739 4.414414838776873
      vertex -4.414414838776873 3.963731449314739 4.71357448013292
      vertex -4.613687874431296 4.41434346403879 4.0636894297544455
    endloop
  endfacet
  facet normal -0.5773502691896233 0.577350269189627 0.5773502691896271
    outer loop
      vertex -4.7451231883731895 4.662047684909674 3.684549894941669
      vertex -4.613687874431296 4.41434346403879 4.0636894297544455
      vertex -4.608063404467235 4.768725596727846 3.7149317670294506
    endloop
  endfacet
  facet normal -0.5773502691896257 0.5773502691896257 0.5773502691896257
    outer loop
      vertex -4.608063404467235 4.768725596727846 3.7149317670294506
      vertex -4.613687874431296 4.41434346403879 4.0636894297544455
      vertex -4.0636894297544455 4.613687874431296 4.41434346403879
    endloop
  endfacet
  facet normal -0.5773502691896252 0.577350269189626 0.5773502691896262
    outer loop
      vertex -4.414414838776873 3.963731449314739 4.71357448013292
      vertex -4.0636894297544455 4.41434346403879 4.613687874431295
      vertex -4.613687874431296 4.41434346403879 4.0636894297544455
    endloop
  endfacet
  facet normal -0.5773502691896261 0.5773502691896244 0.577350269189627
    outer loop
      vertex -4.613687874431296 4.41434346403879 4.0636894297544455
      vertex -4.0636894297544455 4.41434346403879 4.613687874431295
      vertex -4.0636894297544455 4.613687874431296 4.41434346403879
    endloop
  endfacet
  facet normal -0.5773502691896255 0.5773502691896246 0.5773502691896272
    outer loop
      vertex -4.0636894297544455 4.41434346403879 4.613687874431295
      vertex -3.485669412702488 4.814068566577889 4.7919827889441535
      vertex -4.0636894297544455 4.613687874431296 4.41434346403879
    endloop
  endfacet
  facet normal -0.5773502691896261 0.5773502691896256 0.5773502691896258
    outer loop
      vertex -4.0636894297544455 4.41434346403879 4.613687874431295
      vertex -3.485669412702488 4.7919827889441535 4.814068566577889
      vertex -3.485669412702488 4.814068566577889 4.7919827889441535
    endloop
  endfacet
  facet normal -0.1458289656076395 0.9785028490401098 0.14582896560763933
    outer loop
      vertex -4.414414838776873 3.963731449314739 4.71357448013292
      vertex -4.819421389882482 3.8093036994639076 5.344768059572403
      vertex -4.638801280544052 3.791877041674024 5.6423199062073
    endloop
  endfacet
  facet normal -0.14582896560755643 0.9785028490401195 0.1458289656076569
    outer loop
      vertex -4.414414838776873 3.963731449314739 4.71357448013292
      vertex -4.638801280544052 3.791877041674024 5.6423199062073
      vertex -4.6370481060303055 3.7926634036867055 5.638796642898289
    endloop
  endfacet
  facet normal -0.14582896560763844 0.9785028490401099 0.1458289656076397
    outer loop
      vertex -4.414414838776873 3.963731449314739 4.71357448013292
      vertex -4.6370481060303055 3.7926634036867055 5.638796642898289
      vertex -4.535817655043469 3.807753107786689 5.638776163444236
    endloop
  endfacet
  facet normal -0.9914030109503039 -0.09252045686947308 -0.092520456869471
    outer loop
      vertex -3.485669412702488 4.7919827889441535 4.814068566577889
      vertex -3.5585222133928367 4.744385678708272 5.642319906207302
      vertex -3.5720460597023247 4.88930046193044 5.642319906207301
    endloop
  endfacet
  facet normal -0.991403010950304 -0.09252045686947057 -0.0925204568694713
    outer loop
      vertex -3.485669412702488 4.7919827889441535 4.814068566577889
      vertex -3.5720460597023247 4.88930046193044 5.642319906207301
      vertex -3.5698210818540566 4.972769486835968 5.535009129837199
    endloop
  endfacet
  facet normal -0.9204646323744108 -0.08590029219080203 -0.3812689344142474
    outer loop
      vertex -3.6785988572047637 4.665935691911428 5.949885432812477
      vertex -3.5797562528427416 4.859136714552456 5.66772988308557
      vertex -3.5585222133928367 4.744385678708272 5.642319906207302
    endloop
  endfacet
  facet normal -0.9204646323744134 -0.08590029219080417 -0.3812689344142402
    outer loop
      vertex -3.5585222133928367 4.744385678708272 5.642319906207302
      vertex -3.5797562528427416 4.859136714552456 5.66772988308557
      vertex -3.5720460597023247 4.88930046193044 5.642319906207301
    endloop
  endfacet
  facet normal -0.14678079659636986 -0.09191260490872281 0.9848895729011595
    outer loop
      vertex -5.0475751998295175 5.361366854440869 3.704737030542989
      vertex -4.608063404467235 4.768725596727846 3.7149317670294506
      vertex -4.832618415108617 5.6423199062073 3.762991942076908
    endloop
  endfacet
  facet normal -0.14678079659636925 -0.09191260490872265 0.9848895729011596
    outer loop
      vertex -4.608063404467235 4.768725596727846 3.7149317670294506
      vertex -4.536282656739121 5.642319906207301 3.8071556735959025
      vertex -4.832618415108617 5.6423199062073 3.762991942076908
    endloop
  endfacet
  facet normal -0.13640141962740027 -0.37910673877058415 0.9152446303269755
    outer loop
      vertex -4.832618415108617 5.6423199062073 3.762991942076908
      vertex -4.536282656739121 5.642319906207301 3.8071556735959025
      vertex -4.582544813819268 5.851364085412399 3.886850031497355
    endloop
  endfacet
  facet normal -0.13640141962739935 -0.37910673877058404 0.9152446303269757
    outer loop
      vertex -4.536282656739121 5.642319906207301 3.8071556735959025
      vertex -4.495249604029349 5.7548319119711 3.859874940795178
      vertex -4.582544813819268 5.851364085412399 3.886850031497355
    endloop
  endfacet
  facet normal -0.9914030109503039 -0.09252045686947155 -0.09252045686947155
    outer loop
      vertex -3.485669412702488 4.7919827889441535 4.814068566577889
      vertex -3.558522213392837 5.642319906207301 4.744385678708272
      vertex -3.485669412702488 4.814068566577889 4.7919827889441535
    endloop
  endfacet
  facet normal -0.9204646323744113 -0.381268934414246 -0.08590029219080189
    outer loop
      vertex -3.558522213392837 5.642319906207301 4.744385678708272
      vertex -3.591524719794537 5.642319906207299 5.098024055804832
      vertex -3.733720290730019 6.091074028622842 4.629923062019369
    endloop
  endfacet
  facet normal -0.991403010950304 -0.09252045686947151 -0.09252045686947107
    outer loop
      vertex -3.485669412702488 4.7919827889441535 4.814068566577889
      vertex -3.5698210818540566 4.972769486835968 5.535009129837199
      vertex -3.558522213392837 5.642319906207301 4.744385678708272
    endloop
  endfacet
  facet normal -0.9914030109503033 -0.0925204568694763 -0.09252045686947512
    outer loop
      vertex -3.5698210818540566 4.972769486835968 5.535009129837199
      vertex -3.5725780495511748 5.183286001951288 5.3540349037301525
      vertex -3.558522213392837 5.642319906207301 4.744385678708272
    endloop
  endfacet
  facet normal -0.991403010950304 -0.09252045686947111 -0.09252045686947123
    outer loop
      vertex -3.558522213392837 5.642319906207301 4.744385678708272
      vertex -3.5725780495511748 5.183286001951288 5.3540349037301525
      vertex -3.591524719794537 5.642319906207299 5.098024055804832
    endloop
  endfacet
  facet normal 0.9837423903214223 -0.12698604152562265 -0.12698604152562248
    outer loop
      vertex 3.730223604067587 -4.8679608696173915 -5.360031048238305
      vertex 3.7165762085914964 -5.422855940376565 -4.910860364868609
      vertex 3.6802090772769236 -5.6037771400107825 -5.011670040996136
    endloop
  endfacet
  facet normal 0.9837423903214224 -0.12698604152562215 -0.12698604152562237
    outer loop
      vertex 3.8497347657172596 -4.802080477368917 -4.500075857151293
      vertex 3.7342953139899877 -5.4413793215271875 -4.755069651894339
      vertex 3.7165762085914964 -5.422855940376565 -4.910860364868609
    endloop
  endfacet
  facet normal 0.9837423903214224 -0.12698604152562232 -0.1269860415256221
    outer loop
      vertex 3.730223604067587 -4.8679608696173915 -5.360031048238305
      vertex 3.8497347657172596 -4.802080477368917 -4.500075857151293
      vertex 3.7165762085914964 -5.422855940376565 -4.910860364868609
    endloop
  endfacet
  facet normal 0.9837423903214224 -0.12698604152562204 -0.12698604152562265
    outer loop
      vertex 3.8497347657172596 -4.802080477368917 -4.500075857151293
      vertex 3.743411107300405 -5.527876568935997 -4.59795367983573
      vertex 3.7342953139899877 -5.4413793215271875 -4.755069651894339
    endloop
  endfacet
  facet normal 0.053413569567884955 -0.12783969165145911 -0.9903554936609765
    outer loop
      vertex 4.734843056378361 -5.335470437897263 -3.6852762761380067
      vertex 4.948050170114232 -5.430939616412602 -3.6614536149859958
      vertex 4.753663337004483 -5.597018071421346 -3.650499443565411
    endloop
  endfacet
  facet normal 0.0534135695678883 -0.12783969165146297 -0.9903554936609759
    outer loop
      vertex 4.948050170114232 -5.430939616412602 -3.6614536149859958
      vertex 4.851616216923859 -5.594727119872443 -3.645512205691776
      vertex 4.753663337004483 -5.597018071421346 -3.650499443565411
    endloop
  endfacet
  facet normal 0.05341356956790583 -0.12783969165147055 -0.990355493660974
    outer loop
      vertex 4.948050170114232 -5.430939616412602 -3.6614536149859958
      vertex 4.86159529861139 -5.603777140010782 -3.643805777880064
      vertex 4.855053700944655 -5.594716230611302 -3.6453282149800947
    endloop
  endfacet
  facet normal 0.05341356956778848 -0.12783969165140546 -0.9903554936609886
    outer loop
      vertex 4.948050170114232 -5.430939616412602 -3.6614536149859958
      vertex 4.855053700944655 -5.594716230611302 -3.6453282149800947
      vertex 4.851616216923859 -5.594727119872443 -3.645512205691776
    endloop
  endfacet
  facet normal 0.05341356956788434 -0.12783969165146042 -0.9903554936609764
    outer loop
      vertex 4.734843056378361 -5.335470437897263 -3.6852762761380067
      vertex 4.807538237466701 -4.56332521364241 -3.7810276491283585
      vertex 4.948050170114232 -5.430939616412602 -3.6614536149859958
    endloop
  endfacet
  facet normal 0.9837423903214226 -0.126986041525621 -0.12698604152562273
    outer loop
      vertex 3.730223604067587 -4.8679608696173915 -5.360031048238305
      vertex 3.7060147207120857 -4.811757475396817 -5.603777140010783
      vertex 3.732292245561737 -4.608189313126708 -5.603777140010783
    endloop
  endfacet
  facet normal 0.9173787960231197 -0.11841952022465291 0.3799907391462775
    outer loop
      vertex 3.7060147207120857 -4.811757475396817 -5.603777140010783
      vertex 3.835577778313264 -4.562290639796951 -5.838826707292901
      vertex 3.732292245561737 -4.608189313126708 -5.603777140010783
    endloop
  endfacet
  facet normal 0.9173787960231198 -0.1184195202246527 0.37999073914627757
    outer loop
      vertex 3.732292245561737 -4.608189313126708 -5.603777140010783
      vertex 3.835577778313264 -4.562290639796951 -5.838826707292901
      vertex 3.8255246292562903 -4.522362857796082 -5.802113247913212
    endloop
  endfacet
  facet normal 0.9837423903214226 -0.12698604152562057 -0.12698604152562226
    outer loop
      vertex 3.730223604067587 -4.8679608696173915 -5.360031048238305
      vertex 3.732292245561737 -4.608189313126708 -5.603777140010783
      vertex 3.8497347657172596 -4.802080477368917 -4.500075857151293
    endloop
  endfacet
  facet normal 0.04976652949367267 -0.9227347335746743 0.3822092411193509
    outer loop
      vertex 4.735568162141193 -3.6839363980452 -5.6842513426021135
      vertex 4.777332575180752 -3.6564917908245054 -5.623432241602744
      vertex 4.7541497018241925 -3.6496007200957528 -5.603777140010783
    endloop
  endfacet
  facet normal 0.04976652949372398 -0.9227347335746501 0.38220924111940285
    outer loop
      vertex 4.7541497018241925 -3.6496007200957528 -5.603777140010783
      vertex 4.777332575180752 -3.6564917908245054 -5.623432241602744
      vertex 4.756713208368133 -3.649462460616203 -5.603777140010783
    endloop
  endfacet
  facet normal 0.05377753002115329 -0.997103783229037 -0.05377753002105732
    outer loop
      vertex 4.7541497018241925 -3.6496007200957528 -5.603777140010783
      vertex 4.756713208368133 -3.649462460616203 -5.603777140010783
      vertex 4.754056201113325 -3.6497734942765336 -5.600667187732392
    endloop
  endfacet
  facet normal 0.05377753002109545 -0.9971037832290384 -0.05377753002109115
    outer loop
      vertex 4.734843056378361 -3.6852762761380067 -4.961613615953112
      vertex 4.752504837124082 -3.6526401638435217 -5.549066853058825
      vertex 4.799246914278763 -3.6471684590438596 -5.603777140010783
    endloop
  endfacet
  facet normal 0.0537775300210896 -0.9971037832290385 -0.05377753002109174
    outer loop
      vertex 4.890733021992265 -3.6530460317624645 -5.403313360923643
      vertex 4.734843056378361 -3.6852762761380067 -4.961613615953112
      vertex 4.799246914278763 -3.6471684590438596 -5.603777140010783
    endloop
  endfacet
  facet normal 0.053777530021090696 -0.9971037832290384 -0.053777530021091334
    outer loop
      vertex 4.890733021992265 -3.6530460317624645 -5.403313360923643
      vertex 4.961613615953115 -3.6852762761380067 -4.734843056378361
      vertex 4.734843056378361 -3.6852762761380067 -4.961613615953112
    endloop
  endfacet
  facet normal 0.9837423903214224 -0.12698604152562265 -0.1269860415256226
    outer loop
      vertex 3.732292245561737 -4.608189313126708 -5.603777140010783
      vertex 3.8497347657172596 -4.500075857151293 -4.802080477368917
      vertex 3.8497347657172596 -4.802080477368917 -4.500075857151293
    endloop
  endfacet
  facet normal 0.5773502691896255 -0.5773502691896258 -0.5773502691896258
    outer loop
      vertex 3.8497347657172596 -4.802080477368917 -4.500075857151293
      vertex 3.8497347657172596 -4.500075857151293 -4.802080477368917
      vertex 4.732902412980111 -3.6983791945094255 -4.720609492747934
    endloop
  endfacet
  facet normal 0.5773502691896253 -0.5773502691896257 -0.5773502691896263
    outer loop
      vertex 3.8497347657172596 -4.802080477368917 -4.500075857151293
      vertex 4.732902412980111 -3.6983791945094255 -4.720609492747934
      vertex 4.645973668261342 -4.738831120877801 -3.7670863110983275
    endloop
  endfacet
  facet normal 0.5773502691896257 -0.5773502691896265 -0.577350269189625
    outer loop
      vertex 3.8497347657172596 -4.500075857151293 -4.802080477368917
      vertex 4.720609492747934 -3.6983791945094255 -4.732902412980111
      vertex 4.732902412980111 -3.6983791945094255 -4.720609492747934
    endloop
  endfacet
  facet normal 0.5773502691896288 -0.5773502691896242 -0.5773502691896243
    outer loop
      vertex 4.645973668261342 -4.738831120877801 -3.7670863110983275
      vertex 4.732902412980111 -3.6983791945094255 -4.720609492747934
      vertex 4.807538237466701 -4.56332521364241 -3.7810276491283585
    endloop
  endfacet
  facet normal 0.05341356956788822 -0.12783969165146075 -0.9903554936609762
    outer loop
      vertex 4.734843056378361 -5.335470437897263 -3.6852762761380067
      vertex 4.645973668261342 -4.738831120877801 -3.7670863110983275
      vertex 4.807538237466701 -4.56332521364241 -3.7810276491283585
    endloop
  endfacet
  facet normal 0.053777530021091036 -0.9971037832290384 -0.05377753002109167
    outer loop
      vertex 4.734843056378361 -3.6852762761380067 -4.961613615953112
      vertex 4.961613615953115 -3.6852762761380067 -4.734843056378361
      vertex 4.720609492747934 -3.6983791945094255 -4.732902412980111
    endloop
  endfacet
  facet normal 0.05377753002109104 -0.9971037832290385 -0.05377753002109104
    outer loop
      vertex 4.720609492747934 -3.6983791945094255 -4.732902412980111
      vertex 4.961613615953115 -3.6852762761380067 -4.734843056378361
      vertex 4.732902412980111 -3.6983791945094255 -4.720609492747934
    endloop
  endfacet
  facet normal 0.053413569567885545 -0.12783969165146022 -0.9903554936609763
    outer loop
      vertex 4.948050170114232 -5.430939616412602 -3.6614536149859958
      vertex 4.807538237466701 -4.56332521364241 -3.7810276491283585
      vertex 5.489788291537989 -5.085912818416327 -3.676773318595662
    endloop
  endfacet
  facet normal 0.05377753002109172 -0.9971037832290385 -0.053777530021090945
    outer loop
      vertex 4.890733021992265 -3.6530460317624645 -5.403313360923643
      vertex 5.209131497901933 -3.6465834720500645 -5.204738959047313
      vertex 5.603777140010783 -3.6496007200957523 -4.7541497018241925
    endloop
  endfacet
  facet normal 0.053777530021091334 -0.9971037832290385 -0.0537775300210906
    outer loop
      vertex 5.209131497901933 -3.6465834720500645 -5.204738959047313
      vertex 5.603777140010783 -3.6328399113176726 -5.064916407473327
      vertex 5.603777140010783 -3.6496007200957523 -4.7541497018241925
    endloop
  endfacet
  facet normal -0.37999073914627773 -0.1184195202246533 -0.9173787960231196
    outer loop
      vertex 5.603777140010783 -5.019670014714455 -3.6791764034745205
      vertex 5.603777140010783 -4.608189313126708 -3.732292245561737
      vertex 6.00160932472271 -4.436034446363561 -3.919302282631496
    endloop
  endfacet
  facet normal 0.05341356956788466 -0.12783969165146133 -0.9903554936609763
    outer loop
      vertex 4.807538237466701 -4.56332521364241 -3.7810276491283585
      vertex 5.603777140010783 -5.019670014714455 -3.6791764034745205
      vertex 5.489788291537989 -5.085912818416327 -3.676773318595662
    endloop
  endfacet
  facet normal 0.053413569567885885 -0.1278396916514592 -0.9903554936609764
    outer loop
      vertex 4.807538237466701 -4.56332521364241 -3.7810276491283585
      vertex 5.603777140010783 -4.608189313126708 -3.732292245561737
      vertex 5.603777140010783 -5.019670014714455 -3.6791764034745205
    endloop
  endfacet
  facet normal 0.053777530021092236 -0.9971037832290385 -0.0537775300210915
    outer loop
      vertex 4.890733021992265 -3.6530460317624645 -5.403313360923643
      vertex 5.603777140010783 -3.6496007200957523 -4.7541497018241925
      vertex 4.961613615953115 -3.6852762761380067 -4.734843056378361
    endloop
  endfacet
  facet normal -0.3822092411193555 -0.9227347335746727 -0.04976652949366711
    outer loop
      vertex 5.603777140010783 -3.6328399113176726 -5.064916407473327
      vertex 5.6873916802196485 -3.6852762761380067 -4.734843056378361
      vertex 5.603777140010783 -3.6496007200957523 -4.7541497018241925
    endloop
  endfacet
  facet normal -0.38220924111935395 -0.9227347335746735 -0.0497665294936676
    outer loop
      vertex 5.603777140010783 -3.6328399113176726 -5.064916407473327
      vertex 6.003664875066974 -3.8244338377608798 -4.583677647889302
      vertex 5.6873916802196485 -3.6852762761380067 -4.734843056378361
    endloop
  endfacet
  facet normal 0.9931818966935501 -0.08243094103612714 0.08243094103612485
    outer loop
      vertex 3.6243680764609802 -5.642319906207295 4.889766493873608
      vertex 3.6549240536908227 -5.455011251548071 4.708916747827933
      vertex 3.635514687006586 -5.4544139932630795 4.943370751829595
    endloop
  endfacet
  facet normal 0.9931818966935498 -0.08243094103612751 0.08243094103612714
    outer loop
      vertex 3.727313062081412 -4.678964901325849 4.61277297442145
      vertex 3.6562809415085122 -5.45825029692651 4.689329030464999
      vertex 3.6570857259066867 -5.460460966915071 4.6774217916278795
    endloop
  endfacet
  facet normal 0.9931818966935485 -0.08243094103612719 0.08243094103614247
    outer loop
      vertex 3.727313062081412 -4.612772974421449 4.67896490132585
      vertex 3.6549240536908227 -5.455011251548071 4.708916747827933
      vertex 3.6562809415085122 -5.45825029692651 4.689329030464999
    endloop
  endfacet
  facet normal 0.99318189669355 -0.08243094103612796 0.08243094103612485
    outer loop
      vertex 3.635514687006586 -5.4544139932630795 4.943370751829595
      vertex 3.6549240536908227 -5.455011251548071 4.708916747827933
      vertex 3.727313062081412 -4.612772974421449 4.67896490132585
    endloop
  endfacet
  facet normal 0.0035744738482277544 0.3826809876103276 0.923873630351193
    outer loop
      vertex 4.738919377512471 -5.720153758270803 3.677743894426529
      vertex 4.830006739161424 -5.642319906207295 3.6451516396201527
      vertex 4.756403312766682 -5.642319906207295 3.6454364118164193
    endloop
  endfacet
  facet normal 0.0038558151048215736 0.08241931435466822 0.9965902815656912
    outer loop
      vertex 4.756403312766682 -5.642319906207295 3.6454364118164193
      vertex 4.830006739161424 -5.642319906207295 3.6451516396201527
      vertex 4.797022719674536 -4.73663969634466 3.5703783220198213
    endloop
  endfacet
  facet normal 0.0038558151048260205 0.0824193143546684 0.9965902815656912
    outer loop
      vertex 4.830006739161424 -5.642319906207295 3.6451516396201527
      vertex 4.968217656887557 -5.459076223982372 3.629462409369524
      vertex 4.797022719674536 -4.73663969634466 3.5703783220198213
    endloop
  endfacet
  facet normal 0.9931818966935498 -0.0824309410361274 0.08243094103612654
    outer loop
      vertex 3.635514687006586 -5.4544139932630795 4.943370751829595
      vertex 3.727313062081412 -4.612772974421449 4.67896490132585
      vertex 3.6066619201998495 -5.103101846321854 5.642319906207295
    endloop
  endfacet
  facet normal 0.9931818966935498 -0.08243094103612748 0.08243094103612748
    outer loop
      vertex 3.727313062081412 -4.678964901325849 4.61277297442145
      vertex 3.727313062081412 -4.612772974421449 4.67896490132585
      vertex 3.6562809415085122 -5.45825029692651 4.689329030464999
    endloop
  endfacet
  facet normal 0.5718256640518048 -0.5800928416778258 0.5800928416778279
    outer loop
      vertex 3.727313062081412 -4.678964901325849 4.61277297442145
      vertex 4.662413759781323 -4.6180115999326 3.7519521407107748
      vertex 4.5527821953212495 -4.41434346403879 4.0636894297544455
    endloop
  endfacet
  facet normal 0.5718256640518045 -0.5800928416778269 0.5800928416778269
    outer loop
      vertex 3.727313062081412 -4.678964901325849 4.61277297442145
      vertex 4.603110232243522 -3.8065448836556173 4.621877221888165
      vertex 3.727313062081412 -4.612772974421449 4.67896490132585
    endloop
  endfacet
  facet normal 0.5718256640518045 -0.5800928416778269 0.5800928416778268
    outer loop
      vertex 3.727313062081412 -4.678964901325849 4.61277297442145
      vertex 4.5527821953212495 -4.41434346403879 4.0636894297544455
      vertex 4.603110232243522 -3.8065448836556173 4.621877221888165
    endloop
  endfacet
  facet normal 0.5718256640518056 -0.5800928416778266 0.5800928416778264
    outer loop
      vertex 4.5527821953212495 -4.41434346403879 4.0636894297544455
      vertex 4.686111364733381 -3.8214361304654454 4.525167731009356
      vertex 4.603110232243522 -3.8065448836556173 4.621877221888165
    endloop
  endfacet
  facet normal 0.0038219839200383933 -0.9878461304456989 0.15538794999089955
    outer loop
      vertex 4.686111364733381 -3.8214361304654454 4.525167731009356
      vertex 4.734843056378361 -3.6852762761380067 5.389576673179025
      vertex 4.603110232243522 -3.8065448836556173 4.621877221888165
    endloop
  endfacet
  facet normal 0.9931818966935498 -0.08243094103612689 0.0824309410361268
    outer loop
      vertex 3.6066619201998495 -5.103101846321854 5.642319906207295
      vertex 3.727313062081412 -4.612772974421449 4.67896490132585
      vertex 3.6407433930039304 -4.69246596886861 5.642319906207295
    endloop
  endfacet
  facet normal 0.9211753937355176 -0.07645463013143597 -0.3815633414096269
    outer loop
      vertex 3.6066619201998495 -5.103101846321854 5.642319906207295
      vertex 3.6407433930039304 -4.69246596886861 5.642319906207295
      vertex 3.7523206392546427 -4.719912585689284 5.917190742322848
    endloop
  endfacet
  facet normal 0.9211753937355177 -0.07645463013143435 -0.3815633414096267
    outer loop
      vertex 3.6407433930039304 -4.69246596886861 5.642319906207295
      vertex 3.832393279318243 -4.516039819980647 6.069652791289577
      vertex 3.7523206392546427 -4.719912585689284 5.917190742322848
    endloop
  endfacet
  facet normal 0.003821983920040172 -0.9878461304456989 0.15538794999089947
    outer loop
      vertex 4.686111364733381 -3.8214361304654454 4.525167731009356
      vertex 4.932367611955266 -3.682271250005558 5.4038221005865505
      vertex 4.734843056378361 -3.6852762761380067 5.389576673179025
    endloop
  endfacet
  facet normal 0.0038219839200403583 -0.9878461304456992 0.15538794999089692
    outer loop
      vertex 4.734843056378361 -3.6852762761380067 5.389576673179025
      vertex 4.932367611955266 -3.682271250005558 5.4038221005865505
      vertex 4.7561167036628005 -3.6459660190532865 5.638960089411718
    endloop
  endfacet
  facet normal 0.0038219839200468917 -0.9878461304456985 0.15538794999090177
    outer loop
      vertex 4.932367611955266 -3.682271250005558 5.4038221005865505
      vertex 4.82195561130835 -3.645708432226782 5.638978243351466
      vertex 4.7561167036628005 -3.6459660190532865 5.638960089411718
    endloop
  endfacet
  facet normal 0.003821983919991407 -0.9878461304457026 0.15538794999087618
    outer loop
      vertex 4.932367611955266 -3.682271250005558 5.4038221005865505
      vertex 4.8244816515757964 -3.645173016224522 5.642319906207294
      vertex 4.82195561130835 -3.645708432226782 5.638978243351466
    endloop
  endfacet
  facet normal 0.003855815104823574 0.08241931435466752 0.9965902815656912
    outer loop
      vertex 4.968217656887557 -5.459076223982372 3.629462409369524
      vertex 5.389864564045235 -5.24551151476384 3.6101689747722503
      vertex 5.561908534895496 -4.738474024030942 3.567570674482668
    endloop
  endfacet
  facet normal 0.0038558151048230546 0.0824193143546677 0.9965902815656912
    outer loop
      vertex 5.389864564045235 -5.24551151476384 3.6101689747722503
      vertex 5.5619085348954975 -5.158952167859562 3.602344764654441
      vertex 5.561908534895496 -4.738474024030942 3.567570674482668
    endloop
  endfacet
  facet normal 0.003855815104823323 0.08241931435466776 0.9965902815656913
    outer loop
      vertex 4.968217656887557 -5.459076223982372 3.629462409369524
      vertex 5.561908534895496 -4.738474024030942 3.567570674482668
      vertex 4.797022719674536 -4.73663969634466 3.5703783220198213
    endloop
  endfacet
  facet normal -0.38157126895023347 0.07618398770414431 0.9211945325115665
    outer loop
      vertex 5.5619085348954975 -5.158952167859562 3.602344764654441
      vertex 6.092128093560327 -4.602341837521471 3.775936497579199
      vertex 5.561908534895496 -4.738474024030942 3.567570674482668
    endloop
  endfacet
  facet normal -0.38157126895023374 0.0761839877041444 0.9211945325115662
    outer loop
      vertex 5.5619085348954975 -5.158952167859562 3.602344764654441
      vertex 6.103230094787442 -4.6154028285986595 3.7816152580311124
      vertex 6.092128093560327 -4.602341837521471 3.775936497579199
    endloop
  endfacet
  facet normal 0.003821983920041754 -0.9878461304456991 0.1553879499908976
    outer loop
      vertex 4.686111364733381 -3.8214361304654454 4.525167731009356
      vertex 5.561908534895495 -3.817574933375164 4.528173021335745
      vertex 5.561908534895497 -3.7650706150171307 4.861958155412811
    endloop
  endfacet
  facet normal 0.0038219839200408887 -0.9878461304456988 0.15538794999089925
    outer loop
      vertex 4.686111364733381 -3.8214361304654454 4.525167731009356
      vertex 5.452457831978172 -3.75484245431088 4.92967362371296
      vertex 4.932367611955266 -3.682271250005558 5.4038221005865505
    endloop
  endfacet
  facet normal 0.0038219839200416155 -0.9878461304456992 0.15538794999089797
    outer loop
      vertex 4.686111364733381 -3.8214361304654454 4.525167731009356
      vertex 5.561908534895497 -3.7650706150171307 4.861958155412811
      vertex 5.452457831978172 -3.75484245431088 4.92967362371296
    endloop
  endfacet
  facet normal -0.7665259620953913 -0.4541133941174524 0.4541133941174408
    outer loop
      vertex 6.092128093560327 -4.602341837521471 3.775936497579199
      vertex 6.103230094787442 -4.6154028285986595 3.7816152580311124
      vertex 6.099091482577161 -4.580190265318002 3.8098420029075575
    endloop
  endfacet
  facet normal -0.3787052652678324 -0.9142753875516975 0.14381529047919167
    outer loop
      vertex 5.561908534895495 -3.817574933375164 4.528173021335745
      vertex 5.988854575838904 -4.0190940197194776 4.3713244206005495
      vertex 5.561908534895497 -3.7650706150171307 4.861958155412811
    endloop
  endfacet
  facet normal 0.04976652949366749 0.9227347335746702 0.3822092411193617
    outer loop
      vertex 4.735568162141193 3.6839363980451996 -5.684251342602108
      vertex 4.754149701824192 3.649600720095753 -5.6037771400107825
      vertex 4.7773325751807505 3.6564917908245063 -5.623432241602743
    endloop
  endfacet
  facet normal 0.0497665294936182 0.9227347335746935 0.38220924111931187
    outer loop
      vertex 4.754149701824192 3.649600720095753 -5.6037771400107825
      vertex 4.756713208368129 3.649462460616204 -5.6037771400107825
      vertex 4.7773325751807505 3.6564917908245063 -5.623432241602743
    endloop
  endfacet
  facet normal 0.05377753002103664 0.9971037832290405 -0.0537775300211071
    outer loop
      vertex 4.754149701824192 3.649600720095753 -5.6037771400107825
      vertex 4.7540562011133245 3.649773494276534 -5.600667187732394
      vertex 4.756713208368129 3.649462460616204 -5.6037771400107825
    endloop
  endfacet
  facet normal 0.05377753002108795 0.9971037832290387 -0.053777530021089266
    outer loop
      vertex 4.890733021992264 3.653046031762465 -5.403313360923641
      vertex 4.7992469142787595 3.6471684590438604 -5.6037771400107825
      vertex 4.752504837124081 3.6526401638435217 -5.54906685305883
    endloop
  endfacet
  facet normal 0.05377753002109181 0.9971037832290384 -0.05377753002109292
    outer loop
      vertex 4.890733021992264 3.653046031762465 -5.403313360923641
      vertex 4.752504837124081 3.6526401638435217 -5.54906685305883
      vertex 4.732902412980107 3.6983791945094273 -4.720609492747932
    endloop
  endfacet
  facet normal 0.05377753002109738 0.9971037832290379 -0.053777530021092756
    outer loop
      vertex 4.734843056378361 3.6852762761380067 -4.9616136159531345
      vertex 4.732902412980107 3.6983791945094273 -4.720609492747932
      vertex 4.752504837124081 3.6526401638435217 -5.54906685305883
    endloop
  endfacet
  facet normal 0.9837423903214225 0.12698604152562126 -0.12698604152562193
    outer loop
      vertex 3.849734765717258 4.500075857151295 -4.802080477368914
      vertex 3.743411107300403 4.597953679835733 -5.527876568935999
      vertex 3.734295313989986 4.755069651894342 -5.4413793215271875
    endloop
  endfacet
  facet normal 0.9837423903214226 0.12698604152562165 -0.12698604152562173
    outer loop
      vertex 3.849734765717258 4.500075857151295 -4.802080477368914
      vertex 3.734295313989986 4.755069651894342 -5.4413793215271875
      vertex 3.716576208591495 4.910860364868609 -5.422855940376565
    endloop
  endfacet
  facet normal 0.9837423903214226 0.12698604152562176 -0.1269860415256217
    outer loop
      vertex 3.849734765717258 4.500075857151295 -4.802080477368914
      vertex 3.716576208591495 4.910860364868609 -5.422855940376565
      vertex 3.7302236040675854 5.360031048238307 -4.8679608696173915
    endloop
  endfacet
  facet normal 0.05377753002109276 0.9971037832290383 -0.05377753002109282
    outer loop
      vertex 4.734843056378361 3.6852762761380067 -4.9616136159531345
      vertex 4.720609492747932 3.6983791945094273 -4.732902412980107
      vertex 4.732902412980107 3.6983791945094273 -4.720609492747932
    endloop
  endfacet
  facet normal 0.05377753002109262 0.9971037832290383 -0.05377753002109273
    outer loop
      vertex 4.890733021992264 3.653046031762465 -5.403313360923641
      vertex 4.732902412980107 3.6983791945094273 -4.720609492747932
      vertex 4.961613615953135 3.6852762761380067 -4.734843056378361
    endloop
  endfacet
  facet normal 0.9837423903214226 0.1269860415256218 -0.1269860415256218
    outer loop
      vertex 3.849734765717258 4.500075857151295 -4.802080477368914
      vertex 3.7322922455617356 5.603777140010783 -4.60818931312671
      vertex 3.849734765717258 4.802080477368915 -4.500075857151294
    endloop
  endfacet
  facet normal 0.5773502691896258 0.5773502691896258 -0.5773502691896258
    outer loop
      vertex 3.849734765717258 4.500075857151295 -4.802080477368914
      vertex 3.849734765717258 4.802080477368915 -4.500075857151294
      vertex 4.807538237466697 4.563325213642413 -3.7810276491283568
    endloop
  endfacet
  facet normal 0.5773502691896258 0.5773502691896256 -0.5773502691896258
    outer loop
      vertex 4.720609492747932 3.6983791945094273 -4.732902412980107
      vertex 3.849734765717258 4.500075857151295 -4.802080477368914
      vertex 4.807538237466697 4.563325213642413 -3.7810276491283568
    endloop
  endfacet
  facet normal 0.5773502691896258 0.5773502691896256 -0.5773502691896258
    outer loop
      vertex 4.720609492747932 3.6983791945094273 -4.732902412980107
      vertex 4.807538237466697 4.563325213642413 -3.7810276491283568
      vertex 4.732902412980107 3.6983791945094273 -4.720609492747932
    endloop
  endfacet
  facet normal 0.5773502691896258 0.5773502691896258 -0.5773502691896257
    outer loop
      vertex 3.849734765717258 4.802080477368915 -4.500075857151294
      vertex 4.645973668261344 4.738831120877797 -3.767086311098326
      vertex 4.807538237466697 4.563325213642413 -3.7810276491283568
    endloop
  endfacet
  facet normal 0.9837423903214227 0.12698604152562104 -0.1269860415256211
    outer loop
      vertex 3.7302236040675854 5.360031048238307 -4.8679608696173915
      vertex 3.716576208591495 4.910860364868609 -5.422855940376565
      vertex 3.6802090772769227 5.011670040996136 -5.6037771400107825
    endloop
  endfacet
  facet normal 0.9837423903214227 0.12698604152562096 -0.12698604152562104
    outer loop
      vertex 3.7302236040675854 5.360031048238307 -4.8679608696173915
      vertex 3.7060147207120844 5.603777140010783 -4.811757475396819
      vertex 3.7322922455617356 5.603777140010783 -4.60818931312671
    endloop
  endfacet
  facet normal 0.9837423903214225 0.12698604152562176 -0.1269860415256218
    outer loop
      vertex 3.849734765717258 4.500075857151295 -4.802080477368914
      vertex 3.7302236040675854 5.360031048238307 -4.8679608696173915
      vertex 3.7322922455617356 5.603777140010783 -4.60818931312671
    endloop
  endfacet
  facet normal 0.9173787960231201 -0.3799907391462764 -0.11841952022465296
    outer loop
      vertex 3.7060147207120844 5.603777140010783 -4.811757475396819
      vertex 3.8355777783132634 5.838826707292903 -4.562290639796952
      vertex 3.7322922455617356 5.603777140010783 -4.60818931312671
    endloop
  endfacet
  facet normal 0.9173787960231197 -0.3799907391462738 -0.11841952022466515
    outer loop
      vertex 3.7322922455617356 5.603777140010783 -4.60818931312671
      vertex 3.8355777783132634 5.838826707292903 -4.562290639796952
      vertex 3.8255246292562903 5.802113247913214 -4.522362857796082
    endloop
  endfacet
  facet normal 0.05341356956788475 0.12783969165145964 -0.9903554936609766
    outer loop
      vertex 4.645973668261344 4.738831120877797 -3.767086311098326
      vertex 4.734843056378361 5.335470437897257 -3.6852762761380067
      vertex 5.063093880763166 5.4663863933379995 -3.650673243349131
    endloop
  endfacet
  facet normal 0.053413569567886364 0.12783969165145637 -0.9903554936609769
    outer loop
      vertex 4.734843056378361 5.335470437897257 -3.6852762761380067
      vertex 4.7541497018241925 5.603777140010783 -3.649600720095753
      vertex 5.040874190692566 5.603777140010783 -3.6341365978376197
    endloop
  endfacet
  facet normal 0.053413569567885906 0.12783969165145684 -0.9903554936609769
    outer loop
      vertex 4.734843056378361 5.335470437897257 -3.6852762761380067
      vertex 5.040874190692566 5.603777140010783 -3.6341365978376197
      vertex 5.063093880763166 5.4663863933379995 -3.650673243349131
    endloop
  endfacet
  facet normal 0.049766529493668776 -0.3822092411193537 -0.9227347335746734
    outer loop
      vertex 4.7541497018241925 5.603777140010783 -3.649600720095753
      vertex 4.734843056378361 5.687391680219647 -3.6852762761380067
      vertex 5.040874190692566 5.603777140010783 -3.6341365978376197
    endloop
  endfacet
  facet normal 0.049766529493669207 -0.38220924111935256 -0.9227347335746738
    outer loop
      vertex 4.6111137245400515 5.946262221224795 -3.799177149968494
      vertex 5.040874190692566 5.603777140010783 -3.6341365978376197
      vertex 4.734843056378361 5.687391680219647 -3.6852762761380067
    endloop
  endfacet
  facet normal 0.053777530021091695 0.9971037832290384 -0.05377753002109264
    outer loop
      vertex 4.890733021992264 3.653046031762465 -5.403313360923641
      vertex 4.961613615953135 3.6852762761380067 -4.734843056378361
      vertex 5.209131497901933 3.6465834720500654 -5.204738959047309
    endloop
  endfacet
  facet normal 0.05377753002109095 0.9971037832290384 -0.05377753002109303
    outer loop
      vertex 4.961613615953135 3.6852762761380067 -4.734843056378361
      vertex 5.6037771400107825 3.632839911317674 -5.064916407473325
      vertex 5.209131497901933 3.6465834720500654 -5.204738959047309
    endloop
  endfacet
  facet normal 0.05377753002109131 0.9971037832290384 -0.05377753002109233
    outer loop
      vertex 4.961613615953135 3.6852762761380067 -4.734843056378361
      vertex 5.6037771400107825 3.649600720095754 -4.754149701824192
      vertex 5.6037771400107825 3.632839911317674 -5.064916407473325
    endloop
  endfacet
  facet normal -0.3822092411193528 0.9227347335746737 -0.049766529493668776
    outer loop
      vertex 5.6037771400107825 3.632839911317674 -5.064916407473325
      vertex 5.6037771400107825 3.649600720095754 -4.754149701824192
      vertex 5.687391680219644 3.6852762761380067 -4.734843056378361
    endloop
  endfacet
  facet normal -0.3822092411193538 0.9227347335746734 -0.04976652949366845
    outer loop
      vertex 5.6037771400107825 3.632839911317674 -5.064916407473325
      vertex 5.687391680219644 3.6852762761380067 -4.734843056378361
      vertex 6.0036648750669706 3.82443383776088 -4.583677647889302
    endloop
  endfacet
  facet normal 0.05341356956788541 0.12783969165145923 -0.9903554936609766
    outer loop
      vertex 4.645973668261344 4.738831120877797 -3.767086311098326
      vertex 5.568289631138084 4.6061897686138416 -3.734464329921039
      vertex 4.807538237466697 4.563325213642413 -3.7810276491283568
    endloop
  endfacet
  facet normal -0.37999073914628484 0.11841952022464924 -0.9173787960231171
    outer loop
      vertex 5.912915264444986 4.474415237854454 -3.8776096289503577
      vertex 5.849620320736389 4.501805009269817 -3.8478564057971223
      vertex 5.864733708290107 4.517849220626388 -3.8520455144978825
    endloop
  endfacet
  facet normal 0.05341356956788552 0.12783969165145995 -0.9903554936609764
    outer loop
      vertex 4.645973668261344 4.738831120877797 -3.767086311098326
      vertex 5.4043904412090376 4.887493794558703 -3.706991993645976
      vertex 5.568289631138084 4.6061897686138416 -3.734464329921039
    endloop
  endfacet
  facet normal 0.05341356956788005 0.12783969165145687 -0.9903554936609772
    outer loop
      vertex 5.4043904412090376 4.887493794558703 -3.706991993645976
      vertex 5.560392763706162 4.6999696637210135 -3.72278469258909
      vertex 5.568289631138084 4.6061897686138416 -3.734464329921039
    endloop
  endfacet
  facet normal 0.05341356956788306 0.1278396916514593 -0.9903554936609766
    outer loop
      vertex 5.4043904412090376 4.887493794558703 -3.706991993645976
      vertex 5.558397243870475 4.763441836858647 -3.714699035210451
      vertex 5.560392763706162 4.6999696637210135 -3.72278469258909
    endloop
  endfacet
  facet normal 0.05341356956788565 0.12783969165146247 -0.9903554936609761
    outer loop
      vertex 5.4043904412090376 4.887493794558703 -3.706991993645976
      vertex 5.6037771400107825 4.801446904644696 -3.7073456571224326
      vertex 5.558397243870475 4.763441836858647 -3.714699035210451
    endloop
  endfacet
  facet normal 0.053413569567885684 0.12783969165145914 -0.9903554936609765
    outer loop
      vertex 4.645973668261344 4.738831120877797 -3.767086311098326
      vertex 5.063093880763166 5.4663863933379995 -3.650673243349131
      vertex 5.4043904412090376 4.887493794558703 -3.706991993645976
    endloop
  endfacet
  facet normal 0.9931818966935504 0.08243094103612383 0.08243094103612383
    outer loop
      vertex 3.7273130620814032 4.612772974421457 4.6789649013258465
      vertex 3.7273130620814032 4.6789649013258465 4.612772974421457
      vertex 3.6562809415085065 4.689329030465003 5.458250296926511
    endloop
  endfacet
  facet normal 0.5718256640518037 0.5800928416778279 0.580092841677827
    outer loop
      vertex 3.7273130620814032 4.612772974421457 4.6789649013258465
      vertex 4.603110232243522 3.8065448836556164 4.621877221888164
      vertex 4.686111364733381 3.821436130465444 4.525167731009356
    endloop
  endfacet
  facet normal 0.5718256640518031 0.580092841677827 0.5800928416778282
    outer loop
      vertex 3.7273130620814032 4.612772974421457 4.6789649013258465
      vertex 4.686111364733381 3.821436130465444 4.525167731009356
      vertex 4.552782195321249 4.41434346403879 4.0636894297544455
    endloop
  endfacet
  facet normal 0.5718256640518029 0.5800928416778277 0.5800928416778277
    outer loop
      vertex 3.7273130620814032 4.612772974421457 4.6789649013258465
      vertex 4.662413759781323 4.618011599932599 3.7519521407107743
      vertex 3.7273130620814032 4.6789649013258465 4.612772974421457
    endloop
  endfacet
  facet normal 0.5718256640518029 0.5800928416778278 0.5800928416778278
    outer loop
      vertex 3.7273130620814032 4.612772974421457 4.6789649013258465
      vertex 4.552782195321249 4.41434346403879 4.0636894297544455
      vertex 4.662413759781323 4.618011599932599 3.7519521407107743
    endloop
  endfacet
  facet normal 0.003821983920038547 0.9878461304456992 0.15538794999089664
    outer loop
      vertex 4.686111364733381 3.821436130465444 4.525167731009356
      vertex 4.603110232243522 3.8065448836556164 4.621877221888164
      vertex 5.561908534895499 3.8175749333751656 4.528173021335744
    endloop
  endfacet
  facet normal 0.9931818966935496 0.08243094103613278 0.08243094103612283
    outer loop
      vertex 3.7273130620814032 4.612772974421457 4.6789649013258465
      vertex 3.6562809415085065 4.689329030465003 5.458250296926511
      vertex 3.657085725906681 4.677421791627884 5.460460966915073
    endloop
  endfacet
  facet normal 0.9931818966935493 0.08243094103613825 0.08243094103612358
    outer loop
      vertex 3.7273130620814032 4.6789649013258465 4.612772974421457
      vertex 3.654924053690817 4.708916747827938 5.455011251548073
      vertex 3.6562809415085065 4.689329030465003 5.458250296926511
    endloop
  endfacet
  facet normal 0.9931818966935505 0.08243094103612204 0.08243094103612424
    outer loop
      vertex 3.7273130620814032 4.6789649013258465 4.612772974421457
      vertex 3.63551468700658 4.943370751829599 5.454413993263089
      vertex 3.654924053690817 4.708916747827938 5.455011251548073
    endloop
  endfacet
  facet normal 0.9931818966935505 0.08243094103612206 0.08243094103612479
    outer loop
      vertex 3.63551468700658 4.943370751829599 5.454413993263089
      vertex 3.624368076460975 4.889766493873615 5.6423199062073
      vertex 3.654924053690817 4.708916747827938 5.455011251548073
    endloop
  endfacet
  facet normal 0.003821983920037256 0.9878461304456991 0.15538794999089792
    outer loop
      vertex 4.603110232243522 3.8065448836556164 4.621877221888164
      vertex 4.734843056378361 3.6852762761380067 5.389576673179028
      vertex 4.932367611955266 3.682271250005559 5.403822100586551
    endloop
  endfacet
  facet normal 0.0038219839200372336 0.9878461304456991 0.15538794999089803
    outer loop
      vertex 4.734843056378361 3.6852762761380067 5.389576673179028
      vertex 4.824481651575794 3.6451730162245215 5.642319906207301
      vertex 4.932367611955266 3.682271250005559 5.403822100586551
    endloop
  endfacet
  facet normal 0.0038219839200389497 0.9878461304456991 0.1553879499908974
    outer loop
      vertex 4.734843056378361 3.6852762761380067 5.389576673179028
      vertex 4.7564033127666825 3.645436411816418 5.642319906207301
      vertex 4.824481651575794 3.6451730162245215 5.642319906207301
    endloop
  endfacet
  facet normal 0.003574473848226886 0.9238736303511905 -0.38268098761033326
    outer loop
      vertex 4.7564033127666825 3.645436411816418 5.642319906207301
      vertex 4.741253877041457 3.673430117131007 5.709761184268481
      vertex 4.824481651575794 3.6451730162245215 5.642319906207301
    endloop
  endfacet
  facet normal 0.9931818966935503 0.08243094103612243 0.08243094103612478
    outer loop
      vertex 3.7273130620814032 4.6789649013258465 4.612772974421457
      vertex 3.6407433930039255 5.6423199062073 4.692465968868614
      vertex 3.6066619201998456 5.642319906207298 5.10310184632186
    endloop
  endfacet
  facet normal 0.9211753937355176 -0.3815633414096278 0.07645463013143217
    outer loop
      vertex 3.6407433930039255 5.6423199062073 4.692465968868614
      vertex 3.832393279318239 6.069652791289584 4.516039819980651
      vertex 3.7523206392546404 5.917190742322858 4.719912585689283
    endloop
  endfacet
  facet normal 0.9211753937355176 -0.3815633414096278 0.07645463013143201
    outer loop
      vertex 3.6407433930039255 5.6423199062073 4.692465968868614
      vertex 3.7523206392546404 5.917190742322858 4.719912585689283
      vertex 3.6066619201998456 5.642319906207298 5.10310184632186
    endloop
  endfacet
  facet normal 0.00385581510482062 -0.08241931435467381 0.9965902815656908
    outer loop
      vertex 4.756403312766682 5.642319906207299 3.6454364118164206
      vertex 5.088012273014743 5.448004630248955 3.628083287898962
      vertex 4.992086428236349 5.642319906207298 3.644524552115008
    endloop
  endfacet
  facet normal 0.0035744738482256905 -0.3826809876103286 0.9238736303511926
    outer loop
      vertex 4.756403312766682 5.642319906207299 3.6454364118164206
      vertex 4.992086428236349 5.642319906207298 3.644524552115008
      vertex 4.734843056378361 5.738300461029799 3.6852762761380067
    endloop
  endfacet
  facet normal 0.0035744738482252915 -0.38268098761032954 0.9238736303511922
    outer loop
      vertex 4.734843056378361 5.738300461029799 3.6852762761380067
      vertex 4.992086428236349 5.642319906207298 3.644524552115008
      vertex 4.625604926724453 5.980055315129991 3.7858370586002286
    endloop
  endfacet
  facet normal 0.9931818966935504 0.08243094103612282 0.08243094103612399
    outer loop
      vertex 3.7273130620814032 4.6789649013258465 4.612772974421457
      vertex 3.6066619201998456 5.642319906207298 5.10310184632186
      vertex 3.63551468700658 4.943370751829599 5.454413993263089
    endloop
  endfacet
  facet normal 0.0038558151048180157 -0.08241931435467449 0.9965902815656907
    outer loop
      vertex 4.797022719674539 4.736639696344663 3.5703783220198164
      vertex 5.478953593451891 4.738275083819506 3.5678751751446005
      vertex 5.485017223938345 4.840698656816322 3.5763222778084036
    endloop
  endfacet
  facet normal 0.0038558151048175096 -0.08241931435467117 0.9965902815656911
    outer loop
      vertex 4.797022719674539 4.736639696344663 3.5703783220198164
      vertex 5.485017223938345 4.840698656816322 3.5763222778084036
      vertex 5.513967494296763 4.954932268875389 3.5856575375079194
    endloop
  endfacet
  facet normal 0.0038558151047853313 -0.08241931435456615 0.9965902815656998
    outer loop
      vertex 4.797022719674539 4.736639696344663 3.5703783220198164
      vertex 5.513967494296763 4.954932268875389 3.5856575375079194
      vertex 5.519671447988891 4.963617258423468 3.5863537288171865
    endloop
  endfacet
  facet normal 0.003821983920038618 0.9878461304456991 0.15538794999089736
    outer loop
      vertex 4.603110232243522 3.8065448836556164 4.621877221888164
      vertex 4.932367611955266 3.682271250005559 5.403822100586551
      vertex 5.561908534895499 3.8175749333751656 4.528173021335744
    endloop
  endfacet
  facet normal -0.37870526526783305 0.9142753875516975 0.14381529047918964
    outer loop
      vertex 5.561908534895499 3.8175749333751656 4.528173021335744
      vertex 5.561908534895499 3.7650706150171325 4.861958155412809
      vertex 5.711473622385362 3.887151050903703 4.479703587648514
    endloop
  endfacet
  facet normal 0.003821983920040135 0.987846130445699 0.15538794999089847
    outer loop
      vertex 4.932367611955266 3.682271250005559 5.403822100586551
      vertex 5.452457831978169 3.754842454310881 4.929673623712961
      vertex 5.561908534895499 3.8175749333751656 4.528173021335744
    endloop
  endfacet
  facet normal 0.0038219839200370294 0.9878461304456991 0.1553879499908976
    outer loop
      vertex 5.561908534895499 3.8175749333751656 4.528173021335744
      vertex 5.452457831978169 3.754842454310881 4.929673623712961
      vertex 5.561908534895499 3.7650706150171325 4.861958155412809
    endloop
  endfacet
  facet normal -0.3787052652678318 0.9142753875516978 0.14381529047919023
    outer loop
      vertex 5.561908534895499 3.7650706150171325 4.861958155412809
      vertex 5.805905181214794 3.9102431963040427 4.5815644419571795
      vertex 5.711473622385362 3.887151050903703 4.479703587648514
    endloop
  endfacet
  facet normal -0.3787052652678587 0.9142753875516989 0.14381529047911282
    outer loop
      vertex 5.561908534895499 3.8175749333751656 4.528173021335744
      vertex 5.711473622385362 3.887151050903703 4.479703587648514
      vertex 5.98885457583891 4.019094019719478 4.371324420600548
    endloop
  endfacet
  facet normal -0.37870526526782955 0.9142753875516992 0.14381529047918742
    outer loop
      vertex 5.98885457583891 4.019094019719478 4.371324420600548
      vertex 5.711473622385362 3.887151050903703 4.479703587648514
      vertex 5.859319987787892 3.9512542061736102 4.461501489037792
    endloop
  endfacet
  facet normal -0.3787052652678302 0.9142753875516992 0.1438152904791864
    outer loop
      vertex 5.98885457583891 4.019094019719478 4.371324420600548
      vertex 5.859319987787892 3.9512542061736102 4.461501489037792
      vertex 5.904745040818664 3.9690507158711457 4.467980605089621
    endloop
  endfacet
  facet normal 0.003855815104819718 -0.08241931435467494 0.9965902815656907
    outer loop
      vertex 4.797022719674539 4.736639696344663 3.5703783220198164
      vertex 5.519671447988891 4.963617258423468 3.5863537288171865
      vertex 4.756403312766682 5.642319906207299 3.6454364118164206
    endloop
  endfacet
  facet normal 0.003855815104820397 -0.08241931435467417 0.9965902815656908
    outer loop
      vertex 4.756403312766682 5.642319906207299 3.6454364118164206
      vertex 5.519671447988891 4.963617258423468 3.5863537288171865
      vertex 5.088012273014743 5.448004630248955 3.628083287898962
    endloop
  endfacet
  facet normal -0.430918500135763 -0.8993087277836386 -0.07451884575674614
    outer loop
      vertex -19.56366296493606 -5.086423423221955 -1.2880573440364205
      vertex -18.008262197280892 -5.816401595635982 -1.4729129228447957
      vertex -19.56366296493606 -5.22905850818711 0.4332921413816683
    endloop
  endfacet
  facet normal -0.43091850013576294 -0.8993087277836388 -0.07451884575674601
    outer loop
      vertex -19.56366296493606 -5.22905850818711 0.4332921413816683
      vertex -18.008262197280892 -5.816401595635982 -1.4729129228447957
      vertex -18.008262197280892 -5.9795069580400195 0.4954760728339962
    endloop
  endfacet
  facet normal -0.9414843550601432 -0.3359054659400054 -0.027833920467914552
    outer loop
      vertex -19.56366296493606 -5.086423423221955 -1.2880573440364205
      vertex -19.56366296493606 -5.22905850818711 0.4332921413816683
      vertex -20 -3.9976267843427333 0.331252799547103
    endloop
  endfacet
  facet normal -0.941484355060143 -0.3359054659400057 -0.02783392046791437
    outer loop
      vertex -19.56366296493606 -5.086423423221955 -1.2880573440364205
      vertex -20 -3.9976267843427333 0.331252799547103
      vertex -20 -3.888581946701131 -0.9847226857812598
    endloop
  endfacet
  facet normal -0.43091850013576294 -0.8263854706866667 -0.36248627571084774
    outer loop
      vertex -19.56366296493606 -5.086423423221955 -1.2880573440364205
      vertex -18.00826219728089 -5.022998869575172 -3.2816889487345597
      vertex -18.008262197280892 -5.816401595635982 -1.4729129228447957
    endloop
  endfacet
  facet normal -0.9414843550601429 -0.3086675220657254 -0.13539412837634945
    outer loop
      vertex -19.56366296493606 -5.086423423221955 -1.2880573440364205
      vertex -20 -3.888581946701131 -0.9847226857812598
      vertex -19.56366296493606 -4.39259543635947 -2.8698258299592085
    endloop
  endfacet
  facet normal -0.941484355060143 -0.30866752206572545 -0.13539412837634945
    outer loop
      vertex -19.56366296493606 -4.39259543635947 -2.8698258299592085
      vertex -20 -3.888581946701131 -0.9847226857812598
      vertex -20 -3.358148917568764 -2.193988188558442
    endloop
  endfacet
  facet normal -0.4309185001357624 -0.8263854706866672 -0.36248627571084735
    outer loop
      vertex -19.56366296493606 -5.086423423221955 -1.2880573440364205
      vertex -19.56366296493606 -4.39259543635947 -2.8698258299592085
      vertex -18.00826219728089 -5.022998869575172 -3.2816889487345597
    endloop
  endfacet
  facet normal -0.4309185001357627 -0.66391052514905 -0.6111726931375921
    outer loop
      vertex -19.56366296493606 -4.39259543635947 -2.8698258299592085
      vertex -19.56366296493606 -3.222761575826664 -4.14060415727009
      vertex -18.008262197280892 -3.6852762761380067 -4.734843056378361
    endloop
  endfacet
  facet normal -0.941484355060143 -0.24798066270554292 -0.22828228161884626
    outer loop
      vertex -19.56366296493606 -4.39259543635947 -2.8698258299592085
      vertex -20 -3.358148917568764 -2.193988188558442
      vertex -19.56366296493606 -3.222761575826664 -4.14060415727009
    endloop
  endfacet
  facet normal -0.9414843550601432 -0.2479806627055427 -0.22828228161884628
    outer loop
      vertex -19.56366296493606 -3.222761575826664 -4.14060415727009
      vertex -20 -3.358148917568764 -2.193988188558442
      vertex -20 -2.4638083461685873 -3.1655010278709788
    endloop
  endfacet
  facet normal -0.43091850013576244 -0.6639105251490504 -0.611172693137592
    outer loop
      vertex -19.56366296493606 -4.39259543635947 -2.8698258299592085
      vertex -18.008262197280892 -3.6852762761380067 -4.734843056378361
      vertex -18.00826219728089 -5.022998869575172 -3.2816889487345597
    endloop
  endfacet
  facet normal -0.43091850013576277 -0.42949057257832185 -0.7936290659414448
    outer loop
      vertex -19.56366296493606 -3.222761575826664 -4.14060415727009
      vertex -18.008262197280896 -1.9481968152281037 -5.674903450203807
      vertex -18.008262197280892 -3.6852762761380067 -4.734843056378361
    endloop
  endfacet
  facet normal -0.9414843550601432 -0.16042125072477834 -0.29643250748338007
    outer loop
      vertex -19.56366296493606 -3.222761575826664 -4.14060415727009
      vertex -20 -2.4638083461685873 -3.1655010278709788
      vertex -19.56366296493606 -1.703691492254865 -4.962683776047543
    endloop
  endfacet
  facet normal -0.941484355060143 -0.16042125072477864 -0.29643250748338024
    outer loop
      vertex -19.56366296493606 -1.703691492254865 -4.962683776047543
      vertex -20 -2.4638083461685873 -3.1655010278709788
      vertex -20 -1.3024759105355919 -3.793982713004462
    endloop
  endfacet
  facet normal -0.43091850013576405 -0.42949057257832035 -0.7936290659414448
    outer loop
      vertex -19.56366296493606 -3.222761575826664 -4.14060415727009
      vertex -19.56366296493606 -1.703691492254865 -4.962683776047543
      vertex -18.008262197280896 -1.9481968152281037 -5.674903450203807
    endloop
  endfacet
  facet normal -0.4309185001357634 -0.14852865223585765 -0.8900834150267849
    outer loop
      vertex -19.56366296493606 6.356853561781668e-17 -5.246979603717467
      vertex -18.008262197280892 0 -6
      vertex -19.56366296493606 -1.703691492254865 -4.962683776047543
    endloop
  endfacet
  facet normal -0.430918500135764 -0.1485286522358569 -0.8900834150267848
    outer loop
      vertex -19.56366296493606 -1.703691492254865 -4.962683776047543
      vertex -18.008262197280892 0 -6
      vertex -18.008262197280896 -1.9481968152281037 -5.674903450203807
    endloop
  endfacet
  facet normal -0.9414843550601429 -0.05547770703580903 -0.33245967153782047
    outer loop
      vertex -19.56366296493606 6.356853561781668e-17 -5.246979603717467
      vertex -19.56366296493606 -1.703691492254865 -4.962683776047543
      vertex -20 -1.3024759105355919 -3.793982713004462
    endloop
  endfacet
  facet normal -0.941484355060143 -0.05547770703580895 -0.33245967153782047
    outer loop
      vertex -19.56366296493606 6.356853561781668e-17 -5.246979603717467
      vertex -20 -1.3024759105355919 -3.793982713004462
      vertex -20 1.678799129195539e-16 -4.011327501476564
    endloop
  endfacet
  facet normal -0.4309185001357628 0.14852865223585704 -0.8900834150267852
    outer loop
      vertex -19.56366296493606 6.356853561781668e-17 -5.246979603717467
      vertex -19.56366296493606 1.703691492254862 -4.962683776047545
      vertex -18.008262197280892 1.9481968152281008 -5.674903450203808
    endloop
  endfacet
  facet normal -0.4309185001357634 0.14852865223585754 -0.890083415026785
    outer loop
      vertex -19.56366296493606 6.356853561781668e-17 -5.246979603717467
      vertex -18.008262197280892 1.9481968152281008 -5.674903450203808
      vertex -18.008262197280892 0 -6
    endloop
  endfacet
  facet normal -0.941484355060143 0.05547770703580878 -0.33245967153782047
    outer loop
      vertex -19.56366296493606 6.356853561781668e-17 -5.246979603717467
      vertex -20 1.678799129195539e-16 -4.011327501476564
      vertex -19.56366296493606 1.703691492254862 -4.962683776047545
    endloop
  endfacet
  facet normal -0.941484355060143 0.05547770703580888 -0.33245967153782036
    outer loop
      vertex -19.56366296493606 1.703691492254862 -4.962683776047545
      vertex -20 1.678799129195539e-16 -4.011327501476564
      vertex -20 1.3024759105355894 -3.7939827130044628
    endloop
  endfacet
  facet normal -0.4309185001357629 0.4294905725783209 -0.7936290659414451
    outer loop
      vertex -19.56366296493606 1.703691492254862 -4.962683776047545
      vertex -18.008262197280892 3.6852762761380067 -4.734843056378361
      vertex -18.008262197280892 1.9481968152281008 -5.674903450203808
    endloop
  endfacet
  facet normal -0.941484355060143 0.16042125072477842 -0.29643250748338007
    outer loop
      vertex -19.56366296493606 1.703691492254862 -4.962683776047545
      vertex -20 1.3024759105355894 -3.7939827130044628
      vertex -19.56366296493606 3.2227615758266634 -4.14060415727009
    endloop
  endfacet
  facet normal -0.941484355060143 0.16042125072477847 -0.29643250748338
    outer loop
      vertex -19.56366296493606 3.2227615758266634 -4.14060415727009
      vertex -20 1.3024759105355894 -3.7939827130044628
      vertex -20 2.4638083461685873 -3.1655010278709788
    endloop
  endfacet
  facet normal -0.43091850013576277 0.42949057257832074 -0.7936290659414451
    outer loop
      vertex -19.56366296493606 1.703691492254862 -4.962683776047545
      vertex -19.56366296493606 3.2227615758266634 -4.14060415727009
      vertex -18.008262197280892 3.6852762761380067 -4.734843056378361
    endloop
  endfacet
  facet normal -0.941484355060143 0.24798066270554275 -0.22828228161884626
    outer loop
      vertex -19.56366296493606 3.2227615758266634 -4.14060415727009
      vertex -20 2.4638083461685873 -3.1655010278709788
      vertex -19.56366296493606 4.3925954363594695 -2.86982582995921
    endloop
  endfacet
  facet normal -0.941484355060143 0.2479806627055428 -0.2282822816188465
    outer loop
      vertex -19.56366296493606 4.3925954363594695 -2.86982582995921
      vertex -20 2.4638083461685873 -3.1655010278709788
      vertex -20 3.358148917568763 -2.193988188558443
    endloop
  endfacet
  facet normal -0.4309185001357624 0.6639105251490498 -0.6111726931375925
    outer loop
      vertex -19.56366296493606 3.2227615758266634 -4.14060415727009
      vertex -19.56366296493606 4.3925954363594695 -2.86982582995921
      vertex -18.00826219728089 5.022998869575171 -3.281688948734561
    endloop
  endfacet
  facet normal -0.4309185001357628 0.66391052514905 -0.6111726931375919
    outer loop
      vertex -19.56366296493606 3.2227615758266634 -4.14060415727009
      vertex -18.00826219728089 5.022998869575171 -3.281688948734561
      vertex -18.008262197280892 3.6852762761380067 -4.734843056378361
    endloop
  endfacet
  facet normal -0.941484355060143 0.3086675220657254 -0.1353941283763495
    outer loop
      vertex -19.56366296493606 4.3925954363594695 -2.86982582995921
      vertex -20 3.358148917568763 -2.193988188558443
      vertex -19.56366296493606 5.086423423221955 -1.2880573440364205
    endloop
  endfacet
  facet normal -0.941484355060143 0.30866752206572534 -0.13539412837634945
    outer loop
      vertex -19.56366296493606 5.086423423221955 -1.2880573440364205
      vertex -20 3.358148917568763 -2.193988188558443
      vertex -20 3.888581946701131 -0.9847226857812595
    endloop
  endfacet
  facet normal -0.4309185001357624 0.8263854706866669 -0.362486275710848
    outer loop
      vertex -19.56366296493606 4.3925954363594695 -2.86982582995921
      vertex -18.008262197280892 5.816401595635982 -1.4729129228447957
      vertex -18.00826219728089 5.022998869575171 -3.281688948734561
    endloop
  endfacet
  facet normal -0.430918500135763 0.8263854706866668 -0.3624862757108473
    outer loop
      vertex -19.56366296493606 4.3925954363594695 -2.86982582995921
      vertex -19.56366296493606 5.086423423221955 -1.2880573440364205
      vertex -18.008262197280892 5.816401595635982 -1.4729129228447957
    endloop
  endfacet
  facet normal -0.9414843550601432 0.3359054659400054 -0.027833920467914382
    outer loop
      vertex -19.56366296493606 5.22905850818711 0.4332921413816668
      vertex -20 3.888581946701131 -0.9847226857812595
      vertex -20 3.9976267843427333 0.33125279954710146
    endloop
  endfacet
  facet normal -0.941484355060143 0.3359054659400056 -0.02783392046791459
    outer loop
      vertex -19.56366296493606 5.086423423221955 -1.2880573440364205
      vertex -20 3.888581946701131 -0.9847226857812595
      vertex -19.56366296493606 5.22905850818711 0.4332921413816668
    endloop
  endfacet
  facet normal -0.43091850013576294 0.8993087277836387 -0.07451884575674624
    outer loop
      vertex -19.56366296493606 5.086423423221955 -1.2880573440364205
      vertex -19.56366296493606 5.22905850818711 0.4332921413816668
      vertex -18.008262197280892 5.9795069580400195 0.49547607283399475
    endloop
  endfacet
  facet normal -0.43091850013576305 0.8993087277836386 -0.07451884575674607
    outer loop
      vertex -19.56366296493606 5.086423423221955 -1.2880573440364205
      vertex -18.008262197280892 5.9795069580400195 0.49547607283399475
      vertex -18.008262197280892 5.816401595635982 -1.4729129228447957
    endloop
  endfacet
  facet normal -0.941484355060143 0.3267428404693596 0.0827425246109943
    outer loop
      vertex -19.56366296493606 4.805043966587579 2.1076877000607577
      vertex -19.56366296493606 5.22905850818711 0.4332921413816668
      vertex -20 3.9976267843427333 0.33125279954710146
    endloop
  endfacet
  facet normal -0.941484355060143 0.32674284046935986 0.08274252461099414
    outer loop
      vertex -19.56366296493606 4.805043966587579 2.1076877000607577
      vertex -20 3.9976267843427333 0.33125279954710146
      vertex -20 3.6734667303301127 1.6113319041277636
    endloop
  endfacet
  facet normal -0.4309185001357633 0.8747779300125887 0.22152385741412706
    outer loop
      vertex -19.56366296493606 4.805043966587579 2.1076877000607577
      vertex -18.008262197280892 5.494639959930344 2.410172547917817
      vertex -19.56366296493606 5.22905850818711 0.4332921413816668
    endloop
  endfacet
  facet normal -0.43091850013576294 0.8747779300125891 0.2215238574141267
    outer loop
      vertex -19.56366296493606 5.22905850818711 0.4332921413816668
      vertex -18.008262197280892 5.494639959930344 2.410172547917817
      vertex -18.008262197280892 5.9795069580400195 0.49547607283399475
    endloop
  endfacet
  facet normal -0.941484355060143 0.28217255829631527 0.1843525332657489
    outer loop
      vertex -19.56366296493606 4.805043966587579 2.1076877000607577
      vertex -20 3.6734667303301127 1.6113319041277636
      vertex -19.56366296493606 3.860328353269174 3.5536825922939737
    endloop
  endfacet
  facet normal -0.941484355060143 0.2821725582963153 0.18435253326574894
    outer loop
      vertex -19.56366296493606 3.860328353269174 3.5536825922939737
      vertex -20 3.6734667303301127 1.6113319041277636
      vertex -20 2.9512295563770206 2.7167981945056043
    endloop
  endfacet
  facet normal -0.43091850013576305 0.7554513699465573 0.4935610133373729
    outer loop
      vertex -19.56366296493606 4.805043966587579 2.1076877000607577
      vertex -19.56366296493606 3.860328353269174 3.5536825922939737
      vertex -18.008262197280892 4.41434346403879 4.0636894297544455
    endloop
  endfacet
  facet normal -0.43091850013576327 0.7554513699465569 0.49356101333737307
    outer loop
      vertex -19.56366296493606 4.805043966587579 2.1076877000607577
      vertex -18.008262197280892 4.41434346403879 4.0636894297544455
      vertex -18.008262197280892 5.494639959930344 2.410172547917817
    endloop
  endfacet
  facet normal -0.941484355060143 0.20702450107350512 0.2659850844168764
    outer loop
      vertex -19.56366296493606 2.497286263708027 4.614580834585338
      vertex -20 2.9512295563770206 2.7167981945056043
      vertex -20 1.9091808669456896 3.5278572450413472
    endloop
  endfacet
  facet normal -0.941484355060143 0.20702450107350506 0.26598508441687635
    outer loop
      vertex -19.56366296493606 2.497286263708027 4.614580834585338
      vertex -19.56366296493606 3.860328353269174 3.5536825922939737
      vertex -20 2.9512295563770206 2.7167981945056043
    endloop
  endfacet
  facet normal -0.43091850013576294 0.5542599319110478 0.7121131750773223
    outer loop
      vertex -19.56366296493606 2.497286263708027 4.614580834585338
      vertex -18.008262197280892 4.41434346403879 4.0636894297544455
      vertex -19.56366296493606 3.860328353269174 3.5536825922939737
    endloop
  endfacet
  facet normal -0.4309185001357646 0.5542599319110486 0.7121131750773206
    outer loop
      vertex -19.56366296493606 2.497286263708027 4.614580834585338
      vertex -18.0082621972809 2.8556843582224425 5.276842507238934
      vertex -18.008262197280892 4.41434346403879 4.0636894297544455
    endloop
  endfacet
  facet normal -0.941484355060143 0.10944212684327001 0.3187940244876119
    outer loop
      vertex -19.56366296493606 0.8636244580852454 5.175417640850261
      vertex -20 1.9091808669456896 3.5278572450413472
      vertex -20 0.6602428065873762 3.9566182227316102
    endloop
  endfacet
  facet normal -0.941484355060143 0.10944212684327007 0.31879402448761196
    outer loop
      vertex -19.56366296493606 2.497286263708027 4.614580834585338
      vertex -20 1.9091808669456896 3.5278572450413472
      vertex -19.56366296493606 0.8636244580852454 5.175417640850261
    endloop
  endfacet
  facet normal -0.4309185001357621 0.2930058300240209 0.8534968247232556
    outer loop
      vertex -19.56366296493606 2.497286263708027 4.614580834585338
      vertex -19.56366296493606 0.8636244580852454 5.175417640850261
      vertex -18.00826219728089 0.9875675416844049 5.918167820416334
    endloop
  endfacet
  facet normal -0.43091850013576455 0.2930058300240181 0.8534968247232554
    outer loop
      vertex -19.56366296493606 2.497286263708027 4.614580834585338
      vertex -18.00826219728089 0.9875675416844049 5.918167820416334
      vertex -18.0082621972809 2.8556843582224425 5.276842507238934
    endloop
  endfacet
  facet normal -0.941484355060143 1.4557118860193158e-17 0.3370566854061591
    outer loop
      vertex -19.56366296493606 -0.8636244580852454 5.175417640850261
      vertex -20 0.6602428065873762 3.9566182227316102
      vertex -20 -0.6602428065873762 3.9566182227316102
    endloop
  endfacet
  facet normal -0.43091850013576205 0 0.902390850042677
    outer loop
      vertex -19.56366296493606 -0.8636244580852454 5.175417640850261
      vertex -18.00826219728089 -0.9875675416844049 5.918167820416334
      vertex -19.56366296493606 0.8636244580852454 5.175417640850261
    endloop
  endfacet
  facet normal -0.9414843550601432 0 0.33705668540615913
    outer loop
      vertex -19.56366296493606 -0.8636244580852454 5.175417640850261
      vertex -19.56366296493606 0.8636244580852454 5.175417640850261
      vertex -20 0.6602428065873762 3.9566182227316102
    endloop
  endfacet
  facet normal -0.4309185001357621 -1.8834893021297476e-17 0.9023908500426769
    outer loop
      vertex -19.56366296493606 0.8636244580852454 5.175417640850261
      vertex -18.00826219728089 -0.9875675416844049 5.918167820416334
      vertex -18.00826219728089 0.9875675416844049 5.918167820416334
    endloop
  endfacet
  facet normal -0.941484355060143 -0.10944212684327002 0.3187940244876119
    outer loop
      vertex -19.56366296493606 -2.497286263708027 4.614580834585338
      vertex -20 -0.6602428065873762 3.9566182227316102
      vertex -20 -1.9091808669456891 3.5278572450413472
    endloop
  endfacet
  facet normal -0.941484355060143 -0.10944212684327005 0.3187940244876119
    outer loop
      vertex -19.56366296493606 -2.497286263708027 4.614580834585338
      vertex -19.56366296493606 -0.8636244580852454 5.175417640850261
      vertex -20 -0.6602428065873762 3.9566182227316102
    endloop
  endfacet
  facet normal -0.43091850013576233 -0.29300583002402086 0.8534968247232555
    outer loop
      vertex -19.56366296493606 -2.497286263708027 4.614580834585338
      vertex -18.00826219728089 -2.8556843582224425 5.276842507238934
      vertex -19.56366296493606 -0.8636244580852454 5.175417640850261
    endloop
  endfacet
  facet normal -0.43091850013576216 -0.29300583002402075 0.8534968247232557
    outer loop
      vertex -19.56366296493606 -0.8636244580852454 5.175417640850261
      vertex -18.00826219728089 -2.8556843582224425 5.276842507238934
      vertex -18.00826219728089 -0.9875675416844049 5.918167820416334
    endloop
  endfacet
  facet normal -0.941484355060143 -0.20702450107350504 0.26598508441687624
    outer loop
      vertex -19.56366296493606 -3.860328353269174 3.5536825922939737
      vertex -20 -1.9091808669456891 3.5278572450413472
      vertex -20 -2.9512295563770206 2.716798194505604
    endloop
  endfacet
  facet normal -0.941484355060143 -0.207024501073505 0.2659850844168763
    outer loop
      vertex -19.56366296493606 -3.860328353269174 3.5536825922939737
      vertex -19.56366296493606 -2.497286263708027 4.614580834585338
      vertex -20 -1.9091808669456891 3.5278572450413472
    endloop
  endfacet
  facet normal -0.43091850013576216 -0.554259931911048 0.7121131750773226
    outer loop
      vertex -19.56366296493606 -3.860328353269174 3.5536825922939737
      vertex -18.00826219728089 -4.41434346403879 4.0636894297544455
      vertex -19.56366296493606 -2.497286263708027 4.614580834585338
    endloop
  endfacet
  facet normal -0.4309185001357622 -0.5542599319110482 0.7121131750773224
    outer loop
      vertex -19.56366296493606 -2.497286263708027 4.614580834585338
      vertex -18.00826219728089 -4.41434346403879 4.0636894297544455
      vertex -18.00826219728089 -2.8556843582224425 5.276842507238934
    endloop
  endfacet
  facet normal -0.9414843550601429 -0.2821725582963151 0.18435253326574882
    outer loop
      vertex -19.56366296493606 -4.805043966587581 2.1076877000607563
      vertex -20 -2.9512295563770206 2.716798194505604
      vertex -20 -3.6734667303301136 1.6113319041277623
    endloop
  endfacet
  facet normal -0.941484355060143 -0.28217255829631516 0.18435253326574905
    outer loop
      vertex -19.56366296493606 -4.805043966587581 2.1076877000607563
      vertex -19.56366296493606 -3.860328353269174 3.5536825922939737
      vertex -20 -2.9512295563770206 2.716798194505604
    endloop
  endfacet
  facet normal -0.43091850013576855 -0.7554513699465548 0.49356101333737173
    outer loop
      vertex -19.56366296493606 -4.805043966587581 2.1076877000607563
      vertex -18.008262197280917 -5.494639959930345 2.4101725479178158
      vertex -19.56366296493606 -3.860328353269174 3.5536825922939737
    endloop
  endfacet
  facet normal -0.43091850013576266 -0.7554513699465538 0.49356101333737834
    outer loop
      vertex -19.56366296493606 -3.860328353269174 3.5536825922939737
      vertex -18.008262197280917 -5.494639959930345 2.4101725479178158
      vertex -18.00826219728089 -4.41434346403879 4.0636894297544455
    endloop
  endfacet
  facet normal -0.43091850013576294 -0.8747779300125892 0.2215238574141266
    outer loop
      vertex -19.56366296493606 -5.22905850818711 0.4332921413816683
      vertex -18.008262197280892 -5.9795069580400195 0.4954760728339962
      vertex -19.56366296493606 -4.805043966587581 2.1076877000607563
    endloop
  endfacet
  facet normal -0.4309185001357682 -0.874777930012588 0.2215238574141207
    outer loop
      vertex -19.56366296493606 -4.805043966587581 2.1076877000607563
      vertex -18.008262197280892 -5.9795069580400195 0.4954760728339962
      vertex -18.008262197280917 -5.494639959930345 2.4101725479178158
    endloop
  endfacet
  facet normal -0.941484355060143 -0.3267428404693596 0.08274252461099403
    outer loop
      vertex -19.56366296493606 -5.22905850818711 0.4332921413816683
      vertex -20 -3.6734667303301136 1.6113319041277623
      vertex -20 -3.9976267843427333 0.331252799547103
    endloop
  endfacet
  facet normal -0.9414843550601432 -0.3267428404693597 0.08274252461099413
    outer loop
      vertex -19.56366296493606 -5.22905850818711 0.4332921413816683
      vertex -19.56366296493606 -4.805043966587581 2.1076877000607563
      vertex -20 -3.6734667303301136 1.6113319041277623
    endloop
  endfacet
  facet normal -0.9023908500426769 -0.43091850013576205 1.8834893021297476e-17
    outer loop
      vertex -5.175417640850261 -19.56366296493606 -0.8636244580852455
      vertex -5.918167820416334 -18.00826219728089 0.9875675416844049
      vertex -5.918167820416334 -18.00826219728089 -0.9875675416844049
    endloop
  endfacet
  facet normal -0.33705668540615913 -0.9414843550601432 0
    outer loop
      vertex -5.175417640850261 -19.56366296493606 -0.8636244580852455
      vertex -3.9566182227316102 -20 -0.6602428065873763
      vertex -5.175417640850261 -19.56366296493606 0.8636244580852455
    endloop
  endfacet
  facet normal -0.902390850042677 -0.43091850013576216 0
    outer loop
      vertex -5.175417640850261 -19.56366296493606 -0.8636244580852455
      vertex -5.175417640850261 -19.56366296493606 0.8636244580852455
      vertex -5.918167820416334 -18.00826219728089 0.9875675416844049
    endloop
  endfacet
  facet normal -0.3370566854061591 -0.941484355060143 -1.4557118860193158e-17
    outer loop
      vertex -5.175417640850261 -19.56366296493606 0.8636244580852455
      vertex -3.9566182227316102 -20 -0.6602428065873763
      vertex -3.9566182227316102 -20 0.6602428065873763
    endloop
  endfacet
  facet normal -0.853496824723255 -0.4309185001357631 0.2930058300240207
    outer loop
      vertex -5.175417640850261 -19.56366296493606 0.8636244580852455
      vertex -4.614580834585338 -19.56366296493606 2.497286263708027
      vertex -5.276842507238934 -18.008262197280892 2.8556843582224425
    endloop
  endfacet
  facet normal -0.8534968247232559 -0.4309185001357622 0.29300583002402003
    outer loop
      vertex -5.175417640850261 -19.56366296493606 0.8636244580852455
      vertex -5.276842507238934 -18.008262197280892 2.8556843582224425
      vertex -5.918167820416334 -18.00826219728089 0.9875675416844049
    endloop
  endfacet
  facet normal -0.3187940244876119 -0.941484355060143 0.10944212684327005
    outer loop
      vertex -5.175417640850261 -19.56366296493606 0.8636244580852455
      vertex -3.9566182227316102 -20 0.6602428065873763
      vertex -4.614580834585338 -19.56366296493606 2.497286263708027
    endloop
  endfacet
  facet normal -0.3187940244876118 -0.941484355060143 0.10944212684327008
    outer loop
      vertex -4.614580834585338 -19.56366296493606 2.497286263708027
      vertex -3.9566182227316102 -20 0.6602428065873763
      vertex -3.527857245041347 -20 1.9091808669456896
    endloop
  endfacet
  facet normal -0.2659850844168763 -0.941484355060143 0.207024501073505
    outer loop
      vertex -4.614580834585338 -19.56366296493606 2.497286263708027
      vertex -3.527857245041347 -20 1.9091808669456896
      vertex -3.5536825922939737 -19.56366296493606 3.860328353269174
    endloop
  endfacet
  facet normal -0.7121131750773223 -0.43091850013576294 0.5542599319110478
    outer loop
      vertex -4.614580834585338 -19.56366296493606 2.497286263708027
      vertex -3.5536825922939737 -19.56366296493606 3.860328353269174
      vertex -4.0636894297544455 -18.008262197280892 4.41434346403879
    endloop
  endfacet
  facet normal -0.7121131750773222 -0.430918500135763 0.5542599319110478
    outer loop
      vertex -4.614580834585338 -19.56366296493606 2.497286263708027
      vertex -4.0636894297544455 -18.008262197280892 4.41434346403879
      vertex -5.276842507238934 -18.008262197280892 2.8556843582224425
    endloop
  endfacet
  facet normal -0.2659850844168762 -0.941484355060143 0.20702450107350504
    outer loop
      vertex -3.5536825922939737 -19.56366296493606 3.860328353269174
      vertex -3.527857245041347 -20 1.9091808669456896
      vertex -2.716798194505604 -20 2.95122955637702
    endloop
  endfacet
  facet normal -0.18435253326574888 -0.941484355060143 0.2821725582963152
    outer loop
      vertex -3.5536825922939737 -19.56366296493606 3.860328353269174
      vertex -2.716798194505604 -20 2.95122955637702
      vertex -2.1076877000607577 -19.56366296493606 4.805043966587579
    endloop
  endfacet
  facet normal -0.49356101333737296 -0.43091850013576244 0.7554513699465574
    outer loop
      vertex -3.5536825922939737 -19.56366296493606 3.860328353269174
      vertex -2.1076877000607577 -19.56366296493606 4.805043966587579
      vertex -2.410172547917817 -18.00826219728089 5.494639959930344
    endloop
  endfacet
  facet normal -0.4935610133373724 -0.430918500135763 0.7554513699465575
    outer loop
      vertex -3.5536825922939737 -19.56366296493606 3.860328353269174
      vertex -2.410172547917817 -18.00826219728089 5.494639959930344
      vertex -4.0636894297544455 -18.008262197280892 4.41434346403879
    endloop
  endfacet
  facet normal -0.18435253326574916 -0.941484355060143 0.2821725582963153
    outer loop
      vertex -2.1076877000607577 -19.56366296493606 4.805043966587579
      vertex -2.716798194505604 -20 2.95122955637702
      vertex -1.6113319041277634 -20 3.673466730330113
    endloop
  endfacet
  facet normal -0.08274252461099438 -0.941484355060143 0.32674284046935986
    outer loop
      vertex -2.1076877000607577 -19.56366296493606 4.805043966587579
      vertex -1.6113319041277634 -20 3.673466730330113
      vertex -0.4332921413816668 -19.56366296493606 5.22905850818711
    endloop
  endfacet
  facet normal -0.08274252461099421 -0.941484355060143 0.32674284046935975
    outer loop
      vertex -0.4332921413816668 -19.56366296493606 5.22905850818711
      vertex -1.6113319041277634 -20 3.673466730330113
      vertex -0.33125279954710146 -20 3.997626784342734
    endloop
  endfacet
  facet normal -0.2215238574141274 -0.43091850013576255 0.874777930012589
    outer loop
      vertex -2.1076877000607577 -19.56366296493606 4.805043966587579
      vertex -0.4954760728339947 -18.008262197280892 5.9795069580400195
      vertex -2.410172547917817 -18.00826219728089 5.494639959930344
    endloop
  endfacet
  facet normal -0.22152385741412714 -0.4309185001357629 0.874777930012589
    outer loop
      vertex -2.1076877000607577 -19.56366296493606 4.805043966587579
      vertex -0.4332921413816668 -19.56366296493606 5.22905850818711
      vertex -0.4954760728339947 -18.008262197280892 5.9795069580400195
    endloop
  endfacet
  facet normal 0.02783392046791459 -0.9414843550601429 0.3359054659400056
    outer loop
      vertex -0.4332921413816668 -19.56366296493606 5.22905850818711
      vertex -0.33125279954710146 -20 3.997626784342734
      vertex 1.2880573440364205 -19.56366296493606 5.086423423221955
    endloop
  endfacet
  facet normal 0.02783392046791463 -0.941484355060143 0.33590546594000564
    outer loop
      vertex 1.2880573440364205 -19.56366296493606 5.086423423221955
      vertex -0.33125279954710146 -20 3.997626784342734
      vertex 0.9847226857812595 -20 3.888581946701131
    endloop
  endfacet
  facet normal 0.07451884575674625 -0.4309185001357623 0.8993087277836389
    outer loop
      vertex -0.4332921413816668 -19.56366296493606 5.22905850818711
      vertex 1.2880573440364205 -19.56366296493606 5.086423423221955
      vertex 1.4729129228447957 -18.00826219728089 5.816401595635982
    endloop
  endfacet
  facet normal 0.07451884575674685 -0.4309185001357629 0.8993087277836387
    outer loop
      vertex -0.4332921413816668 -19.56366296493606 5.22905850818711
      vertex 1.4729129228447957 -18.00826219728089 5.816401595635982
      vertex -0.4954760728339947 -18.008262197280892 5.9795069580400195
    endloop
  endfacet
  facet normal 0.13539412837634948 -0.941484355060143 0.30866752206572534
    outer loop
      vertex 2.86982582995921 -19.56366296493606 4.3925954363594695
      vertex 1.2880573440364205 -19.56366296493606 5.086423423221955
      vertex 0.9847226857812595 -20 3.888581946701131
    endloop
  endfacet
  facet normal 0.1353941283763495 -0.941484355060143 0.3086675220657253
    outer loop
      vertex 2.86982582995921 -19.56366296493606 4.3925954363594695
      vertex 0.9847226857812595 -20 3.888581946701131
      vertex 2.193988188558443 -20 3.3581489175687627
    endloop
  endfacet
  facet normal 0.3624862757108473 -0.43091850013576316 0.8263854706866668
    outer loop
      vertex 2.86982582995921 -19.56366296493606 4.3925954363594695
      vertex 3.281688948734561 -18.008262197280892 5.022998869575171
      vertex 1.2880573440364205 -19.56366296493606 5.086423423221955
    endloop
  endfacet
  facet normal 0.36248627571084663 -0.43091850013576233 0.8263854706866677
    outer loop
      vertex 1.2880573440364205 -19.56366296493606 5.086423423221955
      vertex 3.281688948734561 -18.008262197280892 5.022998869575171
      vertex 1.4729129228447957 -18.00826219728089 5.816401595635982
    endloop
  endfacet
  facet normal 0.22828228161884626 -0.941484355060143 0.2479806627055428
    outer loop
      vertex 2.86982582995921 -19.56366296493606 4.3925954363594695
      vertex 2.193988188558443 -20 3.3581489175687627
      vertex 4.14060415727009 -19.56366296493606 3.222761575826664
    endloop
  endfacet
  facet normal 0.22828228161884626 -0.941484355060143 0.24798066270554303
    outer loop
      vertex 4.14060415727009 -19.56366296493606 3.222761575826664
      vertex 2.193988188558443 -20 3.3581489175687627
      vertex 3.165501027870979 -20 2.4638083461685882
    endloop
  endfacet
  facet normal 0.6111726931375914 -0.43091850013576316 0.6639105251490504
    outer loop
      vertex 2.86982582995921 -19.56366296493606 4.3925954363594695
      vertex 4.734843056378361 -18.0082621972809 3.6852762761380062
      vertex 3.281688948734561 -18.008262197280892 5.022998869575171
    endloop
  endfacet
  facet normal 0.6111726931375918 -0.43091850013576416 0.6639105251490494
    outer loop
      vertex 2.86982582995921 -19.56366296493606 4.3925954363594695
      vertex 4.14060415727009 -19.56366296493606 3.222761575826664
      vertex 4.734843056378361 -18.0082621972809 3.6852762761380062
    endloop
  endfacet
  facet normal 0.2964325074833802 -0.9414843550601429 0.16042125072477836
    outer loop
      vertex 4.962683776047545 -19.56366296493606 1.7036914922548618
      vertex 3.165501027870979 -20 2.4638083461685882
      vertex 3.793982713004463 -20 1.3024759105355892
    endloop
  endfacet
  facet normal 0.29643250748338024 -0.941484355060143 0.16042125072477842
    outer loop
      vertex 4.962683776047545 -19.56366296493606 1.7036914922548618
      vertex 4.14060415727009 -19.56366296493606 3.222761575826664
      vertex 3.165501027870979 -20 2.4638083461685882
    endloop
  endfacet
  facet normal 0.7936290659414447 -0.43091850013576416 0.42949057257832035
    outer loop
      vertex 4.962683776047545 -19.56366296493606 1.7036914922548618
      vertex 4.734843056378361 -18.0082621972809 3.6852762761380062
      vertex 4.14060415727009 -19.56366296493606 3.222761575826664
    endloop
  endfacet
  facet normal 0.7936290659414458 -0.430918500135763 0.4294905725783196
    outer loop
      vertex 4.962683776047545 -19.56366296493606 1.7036914922548618
      vertex 5.674903450203808 -18.008262197280892 1.9481968152281008
      vertex 4.734843056378361 -18.0082621972809 3.6852762761380062
    endloop
  endfacet
  facet normal 0.33245967153782047 -0.941484355060143 0.055477707035808725
    outer loop
      vertex 5.246979603717467 -19.56366296493606 7.416329155411947e-17
      vertex 3.793982713004463 -20 1.3024759105355892
      vertex 4.011327501476564 -20 1.958598984061462e-16
    endloop
  endfacet
  facet normal 0.33245967153782047 -0.941484355060143 0.055477707035808795
    outer loop
      vertex 4.962683776047545 -19.56366296493606 1.7036914922548618
      vertex 3.793982713004463 -20 1.3024759105355892
      vertex 5.246979603717467 -19.56366296493606 7.416329155411947e-17
    endloop
  endfacet
  facet normal 0.8900834150267853 -0.43091850013576255 0.14852865223585707
    outer loop
      vertex 4.962683776047545 -19.56366296493606 1.7036914922548618
      vertex 5.246979603717467 -19.56366296493606 7.416329155411947e-17
      vertex 6 -18.00826219728089 0
    endloop
  endfacet
  facet normal 0.8900834150267853 -0.4309185001357628 0.14852865223585685
    outer loop
      vertex 4.962683776047545 -19.56366296493606 1.7036914922548618
      vertex 6 -18.00826219728089 0
      vertex 5.674903450203808 -18.008262197280892 1.9481968152281008
    endloop
  endfacet
  facet normal 0.33245967153782063 -0.941484355060143 -0.05547770703580887
    outer loop
      vertex 4.962683776047543 -19.56366296493606 -1.703691492254865
      vertex 4.011327501476564 -20 1.958598984061462e-16
      vertex 3.7939827130044623 -20 -1.3024759105355919
    endloop
  endfacet
  facet normal 0.33245967153782047 -0.9414843550601429 -0.05547770703580903
    outer loop
      vertex 4.962683776047543 -19.56366296493606 -1.703691492254865
      vertex 5.246979603717467 -19.56366296493606 7.416329155411947e-17
      vertex 4.011327501476564 -20 1.958598984061462e-16
    endloop
  endfacet
  facet normal 0.8900834150267841 -0.4309185001357649 -0.14852865223585754
    outer loop
      vertex 4.962683776047543 -19.56366296493606 -1.703691492254865
      vertex 5.674903450203807 -18.0082621972809 -1.9481968152281042
      vertex 5.246979603717467 -19.56366296493606 7.416329155411947e-17
    endloop
  endfacet
  facet normal 0.8900834150267857 -0.43091850013576266 -0.14852865223585546
    outer loop
      vertex 5.246979603717467 -19.56366296493606 7.416329155411947e-17
      vertex 5.674903450203807 -18.0082621972809 -1.9481968152281042
      vertex 6 -18.00826219728089 0
    endloop
  endfacet
  facet normal 0.7936290659414453 -0.43091850013576266 -0.4294905725783207
    outer loop
      vertex 4.14060415727009 -19.56366296493606 -3.222761575826664
      vertex 4.734843056378361 -18.008262197280892 -3.6852762761380067
      vertex 4.962683776047543 -19.56366296493606 -1.703691492254865
    endloop
  endfacet
  facet normal 0.29643250748338007 -0.9414843550601433 -0.16042125072477853
    outer loop
      vertex 4.14060415727009 -19.56366296493606 -3.222761575826664
      vertex 3.7939827130044623 -20 -1.3024759105355919
      vertex 3.165501027870979 -20 -2.463808346168588
    endloop
  endfacet
  facet normal 0.2964325074833803 -0.9414843550601429 -0.16042125072477847
    outer loop
      vertex 4.14060415727009 -19.56366296493606 -3.222761575826664
      vertex 4.962683776047543 -19.56366296493606 -1.703691492254865
      vertex 3.7939827130044623 -20 -1.3024759105355919
    endloop
  endfacet
  facet normal 0.7936290659414434 -0.4309185001357648 -0.4294905725783221
    outer loop
      vertex 4.962683776047543 -19.56366296493606 -1.703691492254865
      vertex 4.734843056378361 -18.008262197280892 -3.6852762761380067
      vertex 5.674903450203807 -18.0082621972809 -1.9481968152281042
    endloop
  endfacet
  facet normal 0.611172693137592 -0.43091850013576305 -0.6639105251490498
    outer loop
      vertex 2.8698258299592085 -19.56366296493606 -4.39259543635947
      vertex 3.2816889487345593 -18.008262197280892 -5.022998869575172
      vertex 4.14060415727009 -19.56366296493606 -3.222761575826664
    endloop
  endfacet
  facet normal 0.2282822816188462 -0.9414843550601432 -0.24798066270554295
    outer loop
      vertex 2.8698258299592085 -19.56366296493606 -4.39259543635947
      vertex 3.165501027870979 -20 -2.463808346168588
      vertex 2.193988188558442 -20 -3.3581489175687635
    endloop
  endfacet
  facet normal 0.22828228161884626 -0.941484355060143 -0.24798066270554292
    outer loop
      vertex 2.8698258299592085 -19.56366296493606 -4.39259543635947
      vertex 4.14060415727009 -19.56366296493606 -3.222761575826664
      vertex 3.165501027870979 -20 -2.463808346168588
    endloop
  endfacet
  facet normal 0.6111726931375924 -0.4309185001357627 -0.6639105251490497
    outer loop
      vertex 4.14060415727009 -19.56366296493606 -3.222761575826664
      vertex 3.2816889487345593 -18.008262197280892 -5.022998869575172
      vertex 4.734843056378361 -18.008262197280892 -3.6852762761380067
    endloop
  endfacet
  facet normal 0.36248627571084735 -0.4309185001357623 -0.8263854706866672
    outer loop
      vertex 1.2880573440364205 -19.56366296493606 -5.086423423221955
      vertex 1.4729129228447957 -18.00826219728089 -5.816401595635982
      vertex 2.8698258299592085 -19.56366296493606 -4.39259543635947
    endloop
  endfacet
  facet normal 0.3624862757108464 -0.43091850013576305 -0.8263854706866673
    outer loop
      vertex 2.8698258299592085 -19.56366296493606 -4.39259543635947
      vertex 1.4729129228447957 -18.00826219728089 -5.816401595635982
      vertex 3.2816889487345593 -18.008262197280892 -5.022998869575172
    endloop
  endfacet
  facet normal 0.1353941283763495 -0.9414843550601429 -0.3086675220657254
    outer loop
      vertex 1.2880573440364205 -19.56366296493606 -5.086423423221955
      vertex 2.193988188558442 -20 -3.3581489175687635
      vertex 0.9847226857812597 -20 -3.888581946701131
    endloop
  endfacet
  facet normal 0.13539412837634943 -0.9414843550601429 -0.30866752206572534
    outer loop
      vertex 1.2880573440364205 -19.56366296493606 -5.086423423221955
      vertex 2.8698258299592085 -19.56366296493606 -4.39259543635947
      vertex 2.193988188558442 -20 -3.3581489175687635
    endloop
  endfacet
  facet normal 0.07451884575674617 -0.43091850013576294 -0.8993087277836388
    outer loop
      vertex -0.4332921413816683 -19.56366296493606 -5.22905850818711
      vertex -0.4954760728339962 -18.008262197280892 -5.9795069580400195
      vertex 1.2880573440364205 -19.56366296493606 -5.086423423221955
    endloop
  endfacet
  facet normal 0.0745188457567468 -0.4309185001357623 -0.899308727783639
    outer loop
      vertex 1.2880573440364205 -19.56366296493606 -5.086423423221955
      vertex -0.4954760728339962 -18.008262197280892 -5.9795069580400195
      vertex 1.4729129228447957 -18.00826219728089 -5.816401595635982
    endloop
  endfacet
  facet normal 0.027833920467914563 -0.9414843550601429 -0.3359054659400056
    outer loop
      vertex -0.4332921413816683 -19.56366296493606 -5.22905850818711
      vertex 1.2880573440364205 -19.56366296493606 -5.086423423221955
      vertex 0.9847226857812597 -20 -3.888581946701131
    endloop
  endfacet
  facet normal 0.027833920467914594 -0.941484355060143 -0.33590546594000564
    outer loop
      vertex -0.4332921413816683 -19.56366296493606 -5.22905850818711
      vertex 0.9847226857812597 -20 -3.888581946701131
      vertex -0.331252799547103 -20 -3.997626784342734
    endloop
  endfacet
  facet normal -0.22152385741412667 -0.4309185001357621 -0.8747779300125894
    outer loop
      vertex -0.4332921413816683 -19.56366296493606 -5.22905850818711
      vertex -2.1076877000607563 -19.56366296493606 -4.805043966587581
      vertex -2.4101725479178158 -18.00826219728089 -5.494639959930345
    endloop
  endfacet
  facet normal -0.22152385741412733 -0.4309185001357629 -0.8747779300125889
    outer loop
      vertex -0.4332921413816683 -19.56366296493606 -5.22905850818711
      vertex -2.4101725479178158 -18.00826219728089 -5.494639959930345
      vertex -0.4954760728339962 -18.008262197280892 -5.9795069580400195
    endloop
  endfacet
  facet normal -0.0827425246109942 -0.941484355060143 -0.32674284046935975
    outer loop
      vertex -2.1076877000607563 -19.56366296493606 -4.805043966587581
      vertex -0.331252799547103 -20 -3.997626784342734
      vertex -1.611331904127762 -20 -3.673466730330114
    endloop
  endfacet
  facet normal -0.08274252461099416 -0.9414843550601432 -0.3267428404693598
    outer loop
      vertex -0.4332921413816683 -19.56366296493606 -5.22905850818711
      vertex -0.331252799547103 -20 -3.997626784342734
      vertex -2.1076877000607563 -19.56366296493606 -4.805043966587581
    endloop
  endfacet
  facet normal -0.4935610133373732 -0.430918500135763 -0.755451369946557
    outer loop
      vertex -3.5536825922939737 -19.56366296493606 -3.860328353269174
      vertex -4.0636894297544455 -18.008262197280892 -4.41434346403879
      vertex -2.1076877000607563 -19.56366296493606 -4.805043966587581
    endloop
  endfacet
  facet normal -0.18435253326574902 -0.9414843550601432 -0.2821725582963151
    outer loop
      vertex -3.5536825922939737 -19.56366296493606 -3.860328353269174
      vertex -1.611331904127762 -20 -3.673466730330114
      vertex -2.716798194505604 -20 -2.95122955637702
    endloop
  endfacet
  facet normal -0.4935610133373726 -0.43091850013576216 -0.7554513699465578
    outer loop
      vertex -2.1076877000607563 -19.56366296493606 -4.805043966587581
      vertex -4.0636894297544455 -18.008262197280892 -4.41434346403879
      vertex -2.4101725479178158 -18.00826219728089 -5.494639959930345
    endloop
  endfacet
  facet normal -0.184352533265749 -0.941484355060143 -0.2821725582963151
    outer loop
      vertex -3.5536825922939737 -19.56366296493606 -3.860328353269174
      vertex -2.1076877000607563 -19.56366296493606 -4.805043966587581
      vertex -1.611331904127762 -20 -3.673466730330114
    endloop
  endfacet
  facet normal -0.7121131750773226 -0.43091850013576233 -0.554259931911048
    outer loop
      vertex -3.5536825922939737 -19.56366296493606 -3.860328353269174
      vertex -4.614580834585338 -19.56366296493606 -2.497286263708027
      vertex -5.276842507238934 -18.00826219728089 -2.8556843582224425
    endloop
  endfacet
  facet normal -0.7121131750773226 -0.43091850013576294 -0.5542599319110473
    outer loop
      vertex -3.5536825922939737 -19.56366296493606 -3.860328353269174
      vertex -5.276842507238934 -18.00826219728089 -2.8556843582224425
      vertex -4.0636894297544455 -18.008262197280892 -4.41434346403879
    endloop
  endfacet
  facet normal -0.26598508441687624 -0.941484355060143 -0.20702450107350498
    outer loop
      vertex -3.5536825922939737 -19.56366296493606 -3.860328353269174
      vertex -2.716798194505604 -20 -2.95122955637702
      vertex -4.614580834585338 -19.56366296493606 -2.497286263708027
    endloop
  endfacet
  facet normal -0.26598508441687624 -0.941484355060143 -0.207024501073505
    outer loop
      vertex -4.614580834585338 -19.56366296493606 -2.497286263708027
      vertex -2.716798194505604 -20 -2.95122955637702
      vertex -3.527857245041347 -20 -1.9091808669456891
    endloop
  endfacet
  facet normal -0.8534968247232556 -0.4309185001357621 -0.2930058300240209
    outer loop
      vertex -5.175417640850261 -19.56366296493606 -0.8636244580852455
      vertex -5.918167820416334 -18.00826219728089 -0.9875675416844049
      vertex -4.614580834585338 -19.56366296493606 -2.497286263708027
    endloop
  endfacet
  facet normal -0.8534968247232556 -0.43091850013576233 -0.29300583002402064
    outer loop
      vertex -4.614580834585338 -19.56366296493606 -2.497286263708027
      vertex -5.918167820416334 -18.00826219728089 -0.9875675416844049
      vertex -5.276842507238934 -18.00826219728089 -2.8556843582224425
    endloop
  endfacet
  facet normal -0.31879402448761185 -0.941484355060143 -0.10944212684327002
    outer loop
      vertex -5.175417640850261 -19.56366296493606 -0.8636244580852455
      vertex -4.614580834585338 -19.56366296493606 -2.497286263708027
      vertex -3.527857245041347 -20 -1.9091808669456891
    endloop
  endfacet
  facet normal -0.3187940244876119 -0.941484355060143 -0.10944212684327015
    outer loop
      vertex -5.175417640850261 -19.56366296493606 -0.8636244580852455
      vertex -3.527857245041347 -20 -1.9091808669456891
      vertex -3.9566182227316102 -20 -0.6602428065873763
    endloop
  endfacet
  facet normal -0.9443558658111594 0 -0.3289255215212942
    outer loop
      vertex -5.487781853787787 -0.9157488261737454 -19.246979603717467
      vertex -5.918167820416334 -0.9875675416844049 -18.011327501476558
      vertex -5.487781853787787 0.9157488261737453 -19.246979603717467
    endloop
  endfacet
  facet normal -0.4406137747951266 2.016595434580941e-17 -0.8976967758997407
    outer loop
      vertex -5.487781853787787 -0.9157488261737454 -19.246979603717467
      vertex -3.9535947252898427 0.6597382740992038 -20
      vertex -3.9535947252898427 -0.6597382740992039 -20
    endloop
  endfacet
  facet normal -0.9443558658111594 1.655724074416118e-17 -0.3289255215212941
    outer loop
      vertex -5.487781853787787 0.9157488261737453 -19.246979603717467
      vertex -5.918167820416334 -0.9875675416844049 -18.011327501476558
      vertex -5.918167820416334 0.9875675416844049 -18.011327501476558
    endloop
  endfacet
  facet normal -0.44061377479512664 0 -0.8976967758997408
    outer loop
      vertex -5.487781853787787 -0.9157488261737454 -19.246979603717467
      vertex -5.487781853787787 0.9157488261737453 -19.246979603717467
      vertex -3.9535947252898427 0.6597382740992038 -20
    endloop
  endfacet
  facet normal -0.8931880601853255 0.306631848369213 -0.3289255215212941
    outer loop
      vertex -5.487781853787787 0.9157488261737453 -19.246979603717467
      vertex -5.918167820416334 0.9875675416844049 -18.011327501476558
      vertex -4.893095538220933 2.6480108838982344 -19.246979603717467
    endloop
  endfacet
  facet normal -0.8931880601853256 0.3066318483692132 -0.328925521521294
    outer loop
      vertex -4.893095538220933 2.6480108838982344 -19.246979603717467
      vertex -5.918167820416334 0.9875675416844049 -18.011327501476558
      vertex -5.276842507238934 2.8556843582224425 -18.011327501476558
    endloop
  endfacet
  facet normal -0.41674010513203114 0.14306705880024984 -0.8976967758997407
    outer loop
      vertex -5.487781853787787 0.9157488261737453 -19.246979603717467
      vertex -3.5251613904617916 1.9077219434048942 -20
      vertex -3.9535947252898427 0.6597382740992038 -20
    endloop
  endfacet
  facet normal -0.4167401051320311 0.1430670588002496 -0.897696775899741
    outer loop
      vertex -5.487781853787787 0.9157488261737453 -19.246979603717467
      vertex -4.893095538220933 2.6480108838982344 -19.246979603717467
      vertex -3.5251613904617916 1.9077219434048942 -20
    endloop
  endfacet
  facet normal -0.7452294689976902 0.580035378084273 -0.3289255215212939
    outer loop
      vertex -4.893095538220933 2.6480108838982344 -19.246979603717467
      vertex -5.276842507238934 2.8556843582224425 -18.011327501476558
      vertex -3.768166396887824 4.093319874230028 -19.246979603717467
    endloop
  endfacet
  facet normal -0.3477061786888937 0.27063058186534933 -0.8976967758997408
    outer loop
      vertex -4.893095538220933 2.6480108838982344 -19.246979603717467
      vertex -3.768166396887824 4.093319874230028 -19.246979603717467
      vertex -2.7147221204624485 2.9489743387867784 -20
    endloop
  endfacet
  facet normal -0.7452294689976903 0.5800353780842731 -0.32892552152129384
    outer loop
      vertex -3.768166396887824 4.093319874230028 -19.246979603717467
      vertex -5.276842507238934 2.8556843582224425 -18.011327501476558
      vertex -4.0636894297544455 4.41434346403879 -18.011327501476554
    endloop
  endfacet
  facet normal -0.3477061786888937 0.2706305818653494 -0.8976967758997408
    outer loop
      vertex -4.893095538220933 2.6480108838982344 -19.246979603717467
      vertex -2.7147221204624485 2.9489743387867784 -20
      vertex -3.5251613904617916 1.9077219434048942 -20
    endloop
  endfacet
  facet normal -0.24099289256756432 0.36886708211919494 -0.8976967758997408
    outer loop
      vertex -3.768166396887824 4.093319874230028 -19.246979603717467
      vertex -1.6101005854571928 3.6706596065096333 -20
      vertex -2.7147221204624485 2.9489743387867784 -20
    endloop
  endfacet
  facet normal -0.5165137014175235 0.7905830744076894 -0.3289255215212939
    outer loop
      vertex -3.768166396887824 4.093319874230028 -19.246979603717467
      vertex -4.0636894297544455 4.41434346403879 -18.011327501476554
      vertex -2.23489795732599 5.095054141787035 -19.246979603717467
    endloop
  endfacet
  facet normal -0.2409928925675643 0.3688670821191949 -0.8976967758997408
    outer loop
      vertex -3.768166396887824 4.093319874230028 -19.246979603717467
      vertex -2.23489795732599 5.095054141787035 -19.246979603717467
      vertex -1.6101005854571928 3.6706596065096333 -20
    endloop
  endfacet
  facet normal -0.5165137014175241 0.7905830744076885 -0.3289255215212952
    outer loop
      vertex -2.23489795732599 5.095054141787035 -19.246979603717467
      vertex -4.0636894297544455 4.41434346403879 -18.011327501476554
      vertex -2.4101725479178167 5.494639959930344 -18.01132750147656
    endloop
  endfacet
  facet normal -0.1081642871465284 0.42713111046292773 -0.8976967758997407
    outer loop
      vertex -2.23489795732599 5.095054141787035 -19.246979603717467
      vertex -0.33099966873294934 3.99457194971498 -20
      vertex -1.6101005854571928 3.6706596065096333 -20
    endloop
  endfacet
  facet normal -0.10816428714652845 0.42713111046292773 -0.897696775899741
    outer loop
      vertex -2.23489795732599 5.095054141787035 -19.246979603717467
      vertex -0.45944364607307636 5.54466023517079 -19.246979603717467
      vertex -0.33099966873294934 3.99457194971498 -20
    endloop
  endfacet
  facet normal -0.23182565975292455 0.9154588274587039 -0.3289255215212955
    outer loop
      vertex -2.23489795732599 5.095054141787035 -19.246979603717467
      vertex -2.4101725479178167 5.494639959930344 -18.01132750147656
      vertex -0.45944364607307636 5.54466023517079 -19.246979603717467
    endloop
  endfacet
  facet normal -0.23182565975292352 0.9154588274587048 -0.3289255215212939
    outer loop
      vertex -0.45944364607307636 5.54466023517079 -19.246979603717467
      vertex -2.4101725479178167 5.494639959930344 -18.01132750147656
      vertex -0.49547607283399475 5.9795069580400195 -18.011327501476558
    endloop
  endfacet
  facet normal 0.036385597128675236 0.439108855365956 -0.897696775899741
    outer loop
      vertex -0.45944364607307636 5.54466023517079 -19.246979603717467
      vertex 0.9839701980875505 3.885610439998663 -20
      vertex -0.33099966873294934 3.99457194971498 -20
    endloop
  endfacet
  facet normal 0.03638559712867545 0.4391088553659561 -0.8976967758997408
    outer loop
      vertex -0.45944364607307636 5.54466023517079 -19.246979603717467
      vertex 1.3657985132345523 5.39341635780582 -19.246979603717467
      vertex 0.9839701980875505 3.885610439998663 -20
    endloop
  endfacet
  facet normal 0.07798428929164382 0.9411304117472892 -0.32892552152129373
    outer loop
      vertex -0.45944364607307636 5.54466023517079 -19.246979603717467
      vertex -0.49547607283399475 5.9795069580400195 -18.011327501476558
      vertex 1.3657985132345523 5.39341635780582 -19.246979603717467
    endloop
  endfacet
  facet normal 0.07798428929164353 0.9411304117472891 -0.32892552152129423
    outer loop
      vertex 1.3657985132345523 5.39341635780582 -19.246979603717467
      vertex -0.49547607283399475 5.9795069580400195 -18.011327501476558
      vertex 1.4729129228447957 5.816401595635982 -18.011327501476558
    endloop
  endfacet
  facet normal 0.17699253737427656 0.40350234231417526 -0.897696775899741
    outer loop
      vertex 1.3657985132345523 5.39341635780582 -19.246979603717467
      vertex 2.1923116260745354 3.3555827476504696 -20
      vertex 0.9839701980875505 3.885610439998663 -20
    endloop
  endfacet
  facet normal 0.17699253737427614 0.4035023423141751 -0.8976967758997408
    outer loop
      vertex 3.0430352110857384 4.657712130595179 -19.246979603717467
      vertex 2.1923116260745354 3.3555827476504696 -20
      vertex 1.3657985132345523 5.39341635780582 -19.246979603717467
    endloop
  endfacet
  facet normal 0.3793434305405365 0.8648159127801026 -0.32892552152129423
    outer loop
      vertex 3.0430352110857384 4.657712130595179 -19.246979603717467
      vertex 1.3657985132345523 5.39341635780582 -19.246979603717467
      vertex 1.4729129228447957 5.816401595635982 -18.011327501476558
    endloop
  endfacet
  facet normal 0.3793434305405365 0.8648159127801024 -0.3289255215212941
    outer loop
      vertex 3.0430352110857384 4.657712130595179 -19.246979603717467
      vertex 1.4729129228447957 5.816401595635982 -18.011327501476558
      vertex 3.281688948734561 5.022998869575171 -18.011327501476558
    endloop
  endfacet
  facet normal 0.29841958987319334 0.3241700894887209 -0.897696775899741
    outer loop
      vertex 3.0430352110857384 4.657712130595179 -19.246979603717467
      vertex 3.163082072156552 2.4619255973633454 -20
      vertex 2.1923116260745354 3.3555827476504696 -20
    endloop
  endfacet
  facet normal 0.2984195898731936 0.32417008948872095 -0.897696775899741
    outer loop
      vertex 3.0430352110857384 4.657712130595179 -19.246979603717467
      vertex 4.390511826259492 3.417272522184417 -19.246979603717467
      vertex 3.163082072156552 2.4619255973633454 -20
    endloop
  endfacet
  facet normal 0.6395948249705695 0.6947851906616973 -0.3289255215212941
    outer loop
      vertex 3.0430352110857384 4.657712130595179 -19.246979603717467
      vertex 3.281688948734561 5.022998869575171 -18.011327501476558
      vertex 4.390511826259492 3.417272522184417 -19.246979603717467
    endloop
  endfacet
  facet normal 0.639594824970569 0.6947851906616975 -0.3289255215212949
    outer loop
      vertex 4.390511826259492 3.417272522184417 -19.246979603717467
      vertex 3.281688948734561 5.022998869575171 -18.011327501476558
      vertex 4.734843056378361 3.6852762761380067 -18.01132750147656
    endloop
  endfacet
  facet normal 0.3875082493523209 0.20970897744996475 -0.897696775899741
    outer loop
      vertex 4.390511826259492 3.417272522184417 -19.246979603717467
      vertex 3.79108349544514 1.3014806078903043 -20
      vertex 3.163082072156552 2.4619255973633454 -20
    endloop
  endfacet
  facet normal 0.3875082493523212 0.20970897744996464 -0.8976967758997408
    outer loop
      vertex 4.390511826259492 3.417272522184417 -19.246979603717467
      vertex 5.262208359247799 1.806518411548494 -19.246979603717467
      vertex 3.79108349544514 1.3014806078903043 -20
    endloop
  endfacet
  facet normal 0.830536195778792 0.4494637124320896 -0.3289255215212948
    outer loop
      vertex 4.390511826259492 3.417272522184417 -19.246979603717467
      vertex 4.734843056378361 3.6852762761380067 -18.01132750147656
      vertex 5.262208359247799 1.806518411548494 -19.246979603717467
    endloop
  endfacet
  facet normal 0.8305361957787923 0.4494637124320894 -0.32892552152129445
    outer loop
      vertex 5.262208359247799 1.806518411548494 -19.246979603717467
      vertex 4.734843056378361 3.6852762761380067 -18.01132750147656
      vertex 5.674903450203808 1.9481968152281008 -18.011327501476558
    endloop
  endfacet
  facet normal 0.43460437720411466 0.07252264373445132 -0.8976967758997407
    outer loop
      vertex 5.262208359247799 1.806518411548494 -19.246979603717467
      vertex 4.008262197280893 2.241849066834516e-16 -20
      vertex 3.79108349544514 1.3014806078903043 -20
    endloop
  endfacet
  facet normal 0.4346043772041145 0.07252264373445146 -0.8976967758997408
    outer loop
      vertex 5.56366296493606 4.91129793062119e-17 -19.246979603717467
      vertex 4.008262197280893 2.241849066834516e-16 -20
      vertex 5.262208359247799 1.806518411548494 -19.246979603717467
    endloop
  endfacet
  facet normal 0.9314760826775011 0.15543586681239605 -0.32892552152129506
    outer loop
      vertex 5.56366296493606 4.91129793062119e-17 -19.246979603717467
      vertex 5.674903450203808 1.9481968152281008 -18.011327501476558
      vertex 6 -1.9268654350097516e-32 -18.01132750147656
    endloop
  endfacet
  facet normal 0.9314760826775016 0.15543586681239563 -0.32892552152129445
    outer loop
      vertex 5.56366296493606 4.91129793062119e-17 -19.246979603717467
      vertex 5.262208359247799 1.806518411548494 -19.246979603717467
      vertex 5.674903450203808 1.9481968152281008 -18.011327501476558
    endloop
  endfacet
  facet normal 0.4346043772041146 -0.07252264373445155 -0.8976967758997407
    outer loop
      vertex 5.262208359247798 -1.8065184115484971 -19.246979603717467
      vertex 3.791083495445139 -1.3014806078903067 -20
      vertex 5.56366296493606 4.91129793062119e-17 -19.246979603717467
    endloop
  endfacet
  facet normal 0.4346043772041145 -0.07252264373445141 -0.8976967758997408
    outer loop
      vertex 5.56366296493606 4.91129793062119e-17 -19.246979603717467
      vertex 3.791083495445139 -1.3014806078903067 -20
      vertex 4.008262197280893 2.241849066834516e-16 -20
    endloop
  endfacet
  facet normal 0.9314760826775013 -0.15543586681239568 -0.3289255215212952
    outer loop
      vertex 5.262208359247798 -1.8065184115484971 -19.246979603717467
      vertex 6 -1.9268654350097516e-32 -18.01132750147656
      vertex 5.674903450203807 -1.9481968152281037 -18.01132750147656
    endloop
  endfacet
  facet normal 0.9314760826775013 -0.15543586681239577 -0.32892552152129517
    outer loop
      vertex 5.262208359247798 -1.8065184115484971 -19.246979603717467
      vertex 5.56366296493606 4.91129793062119e-17 -19.246979603717467
      vertex 6 -1.9268654350097516e-32 -18.01132750147656
    endloop
  endfacet
  facet normal 0.3875082493523209 -0.2097089774499647 -0.8976967758997408
    outer loop
      vertex 4.390511826259492 -3.417272522184417 -19.246979603717467
      vertex 3.163082072156552 -2.4619255973633454 -20
      vertex 5.262208359247798 -1.8065184115484971 -19.246979603717467
    endloop
  endfacet
  facet normal 0.830536195778792 -0.44946371243208993 -0.3289255215212949
    outer loop
      vertex 4.390511826259492 -3.417272522184417 -19.246979603717467
      vertex 5.262208359247798 -1.8065184115484971 -19.246979603717467
      vertex 4.734843056378361 -3.6852762761380067 -18.01132750147656
    endloop
  endfacet
  facet normal 0.387508249352321 -0.20970897744996497 -0.8976967758997407
    outer loop
      vertex 5.262208359247798 -1.8065184115484971 -19.246979603717467
      vertex 3.163082072156552 -2.4619255973633454 -20
      vertex 3.791083495445139 -1.3014806078903067 -20
    endloop
  endfacet
  facet normal 0.8305361957787917 -0.44946371243209 -0.3289255215212951
    outer loop
      vertex 5.262208359247798 -1.8065184115484971 -19.246979603717467
      vertex 5.674903450203807 -1.9481968152281037 -18.01132750147656
      vertex 4.734843056378361 -3.6852762761380067 -18.01132750147656
    endloop
  endfacet
  facet normal 0.29841958987319345 -0.32417008948872095 -0.897696775899741
    outer loop
      vertex 3.0430352110857366 -4.65771213059518 -19.246979603717467
      vertex 2.192311626074534 -3.3555827476504705 -20
      vertex 4.390511826259492 -3.417272522184417 -19.246979603717467
    endloop
  endfacet
  facet normal 0.6395948249705691 -0.6947851906616976 -0.3289255215212944
    outer loop
      vertex 3.0430352110857366 -4.65771213059518 -19.246979603717467
      vertex 4.734843056378361 -3.6852762761380067 -18.01132750147656
      vertex 3.2816889487345597 -5.022998869575172 -18.011327501476558
    endloop
  endfacet
  facet normal 0.29841958987319345 -0.3241700894887211 -0.8976967758997408
    outer loop
      vertex 4.390511826259492 -3.417272522184417 -19.246979603717467
      vertex 2.192311626074534 -3.3555827476504705 -20
      vertex 3.163082072156552 -2.4619255973633454 -20
    endloop
  endfacet
  facet normal 0.6395948249705691 -0.6947851906616973 -0.3289255215212949
    outer loop
      vertex 3.0430352110857366 -4.65771213059518 -19.246979603717467
      vertex 4.390511826259492 -3.417272522184417 -19.246979603717467
      vertex 4.734843056378361 -3.6852762761380067 -18.01132750147656
    endloop
  endfacet
  facet normal 0.3793434305405359 -0.864815912780103 -0.32892552152129334
    outer loop
      vertex 1.3657985132345525 -5.39341635780582 -19.246979603717467
      vertex 3.2816889487345597 -5.022998869575172 -18.011327501476558
      vertex 1.4729129228447957 -5.816401595635982 -18.011327501476554
    endloop
  endfacet
  facet normal 0.3793434305405364 -0.8648159127801025 -0.3289255215212943
    outer loop
      vertex 1.3657985132345525 -5.39341635780582 -19.246979603717467
      vertex 3.0430352110857366 -4.65771213059518 -19.246979603717467
      vertex 3.2816889487345597 -5.022998869575172 -18.011327501476558
    endloop
  endfacet
  facet normal 0.1769925373742762 -0.4035023423141752 -0.8976967758997408
    outer loop
      vertex 1.3657985132345525 -5.39341635780582 -19.246979603717467
      vertex 0.9839701980875506 -3.8856104399986626 -20
      vertex 3.0430352110857366 -4.65771213059518 -19.246979603717467
    endloop
  endfacet
  facet normal 0.17699253737427628 -0.40350234231417514 -0.897696775899741
    outer loop
      vertex 3.0430352110857366 -4.65771213059518 -19.246979603717467
      vertex 0.9839701980875506 -3.8856104399986626 -20
      vertex 2.192311626074534 -3.3555827476504705 -20
    endloop
  endfacet
  facet normal 0.07798428929164376 -0.9411304117472894 -0.3289255215212934
    outer loop
      vertex -0.45944364607307786 -5.54466023517079 -19.246979603717467
      vertex 1.3657985132345525 -5.39341635780582 -19.246979603717467
      vertex 1.4729129228447957 -5.816401595635982 -18.011327501476554
    endloop
  endfacet
  facet normal 0.07798428929164405 -0.9411304117472892 -0.3289255215212938
    outer loop
      vertex -0.45944364607307786 -5.54466023517079 -19.246979603717467
      vertex 1.4729129228447957 -5.816401595635982 -18.011327501476554
      vertex -0.4954760728339962 -5.9795069580400195 -18.011327501476558
    endloop
  endfacet
  facet normal 0.0363855971286754 -0.439108855365956 -0.897696775899741
    outer loop
      vertex -0.45944364607307786 -5.54466023517079 -19.246979603717467
      vertex -0.3309996687329509 -3.99457194971498 -20
      vertex 1.3657985132345525 -5.39341635780582 -19.246979603717467
    endloop
  endfacet
  facet normal 0.03638559712867538 -0.439108855365956 -0.8976967758997408
    outer loop
      vertex 1.3657985132345525 -5.39341635780582 -19.246979603717467
      vertex -0.3309996687329509 -3.99457194971498 -20
      vertex 0.9839701980875506 -3.8856104399986626 -20
    endloop
  endfacet
  facet normal -0.23182565975292324 -0.9154588274587043 -0.3289255215212949
    outer loop
      vertex -2.234897957325989 -5.0950541417870365 -19.246979603717467
      vertex -0.4954760728339962 -5.9795069580400195 -18.011327501476558
      vertex -2.4101725479178158 -5.494639959930345 -18.01132750147656
    endloop
  endfacet
  facet normal -0.23182565975292418 -0.9154588274587047 -0.3289255215212938
    outer loop
      vertex -2.234897957325989 -5.0950541417870365 -19.246979603717467
      vertex -0.45944364607307786 -5.54466023517079 -19.246979603717467
      vertex -0.4954760728339962 -5.9795069580400195 -18.011327501476558
    endloop
  endfacet
  facet normal -0.1081642871465282 -0.4271311104629277 -0.897696775899741
    outer loop
      vertex -2.234897957325989 -5.0950541417870365 -19.246979603717467
      vertex -1.6101005854571917 -3.670659606509634 -20
      vertex -0.45944364607307786 -5.54466023517079 -19.246979603717467
    endloop
  endfacet
  facet normal -0.10816428714652827 -0.4271311104629277 -0.897696775899741
    outer loop
      vertex -0.45944364607307786 -5.54466023517079 -19.246979603717467
      vertex -1.6101005854571917 -3.670659606509634 -20
      vertex -0.3309996687329509 -3.99457194971498 -20
    endloop
  endfacet
  facet normal -0.5165137014175236 -0.7905830744076888 -0.32892552152129495
    outer loop
      vertex -2.234897957325989 -5.0950541417870365 -19.246979603717467
      vertex -2.4101725479178158 -5.494639959930345 -18.01132750147656
      vertex -3.768166396887824 -4.093319874230028 -19.246979603717467
    endloop
  endfacet
  facet normal -0.24099289256756448 -0.3688670821191949 -0.8976967758997408
    outer loop
      vertex -2.234897957325989 -5.0950541417870365 -19.246979603717467
      vertex -3.768166396887824 -4.093319874230028 -19.246979603717467
      vertex -2.7147221204624485 -2.9489743387867784 -20
    endloop
  endfacet
  facet normal -0.5165137014175238 -0.7905830744076887 -0.3289255215212948
    outer loop
      vertex -3.768166396887824 -4.093319874230028 -19.246979603717467
      vertex -2.4101725479178158 -5.494639959930345 -18.01132750147656
      vertex -4.0636894297544455 -4.41434346403879 -18.011327501476558
    endloop
  endfacet
  facet normal -0.24099289256756423 -0.36886708211919483 -0.8976967758997411
    outer loop
      vertex -2.234897957325989 -5.0950541417870365 -19.246979603717467
      vertex -2.7147221204624485 -2.9489743387867784 -20
      vertex -1.6101005854571917 -3.670659606509634 -20
    endloop
  endfacet
  facet normal -0.74522946899769 -0.5800353780842727 -0.32892552152129473
    outer loop
      vertex -3.768166396887824 -4.093319874230028 -19.246979603717467
      vertex -4.0636894297544455 -4.41434346403879 -18.011327501476558
      vertex -4.893095538220933 -2.648010883898234 -19.246979603717467
    endloop
  endfacet
  facet normal -0.3477061786888937 -0.2706305818653493 -0.8976967758997408
    outer loop
      vertex -3.768166396887824 -4.093319874230028 -19.246979603717467
      vertex -4.893095538220933 -2.648010883898234 -19.246979603717467
      vertex -3.525161390461791 -1.9077219434048938 -20
    endloop
  endfacet
  facet normal -0.7452294689976906 -0.5800353780842725 -0.3289255215212941
    outer loop
      vertex -4.893095538220933 -2.648010883898234 -19.246979603717467
      vertex -4.0636894297544455 -4.41434346403879 -18.011327501476558
      vertex -5.276842507238934 -2.8556843582224425 -18.011327501476558
    endloop
  endfacet
  facet normal -0.34770617868889386 -0.2706305818653492 -0.8976967758997408
    outer loop
      vertex -3.768166396887824 -4.093319874230028 -19.246979603717467
      vertex -3.525161390461791 -1.9077219434048938 -20
      vertex -2.7147221204624485 -2.9489743387867784 -20
    endloop
  endfacet
  facet normal -0.8931880601853254 -0.3066318483692131 -0.328925521521294
    outer loop
      vertex -5.487781853787787 -0.9157488261737454 -19.246979603717467
      vertex -4.893095538220933 -2.648010883898234 -19.246979603717467
      vertex -5.276842507238934 -2.8556843582224425 -18.011327501476558
    endloop
  endfacet
  facet normal -0.8931880601853254 -0.30663184836921314 -0.3289255215212941
    outer loop
      vertex -5.487781853787787 -0.9157488261737454 -19.246979603717467
      vertex -5.276842507238934 -2.8556843582224425 -18.011327501476558
      vertex -5.918167820416334 -0.9875675416844049 -18.011327501476558
    endloop
  endfacet
  facet normal -0.41674010513203125 -0.14306705880024972 -0.8976967758997408
    outer loop
      vertex -5.487781853787787 -0.9157488261737454 -19.246979603717467
      vertex -3.9535947252898427 -0.6597382740992039 -20
      vertex -4.893095538220933 -2.648010883898234 -19.246979603717467
    endloop
  endfacet
  facet normal -0.4167401051320309 -0.14306705880024995 -0.897696775899741
    outer loop
      vertex -4.893095538220933 -2.648010883898234 -19.246979603717467
      vertex -3.9535947252898427 -0.6597382740992039 -20
      vertex -3.525161390461791 -1.9077219434048938 -20
    endloop
  endfacet
  facet normal -0.9023908500426769 -1.883489302129748e-17 0.43091850013576216
    outer loop
      vertex -5.175417640850261 -0.8636244580852455 19.56366296493606
      vertex -5.918167820416334 0.9875675416844049 18.00826219728089
      vertex -5.918167820416334 -0.9875675416844049 18.00826219728089
    endloop
  endfacet
  facet normal -0.33705668540615913 0 0.9414843550601432
    outer loop
      vertex -5.175417640850261 -0.8636244580852455 19.56366296493606
      vertex -3.9566182227316102 -0.6602428065873762 20
      vertex -5.175417640850261 0.8636244580852455 19.56366296493606
    endloop
  endfacet
  facet normal -0.902390850042677 0 0.43091850013576216
    outer loop
      vertex -5.175417640850261 -0.8636244580852455 19.56366296493606
      vertex -5.175417640850261 0.8636244580852455 19.56366296493606
      vertex -5.918167820416334 0.9875675416844049 18.00826219728089
    endloop
  endfacet
  facet normal -0.3370566854061591 1.4557118860193158e-17 0.941484355060143
    outer loop
      vertex -5.175417640850261 0.8636244580852455 19.56366296493606
      vertex -3.9566182227316102 -0.6602428065873762 20
      vertex -3.9566182227316102 0.6602428065873762 20
    endloop
  endfacet
  facet normal -0.8534968247232557 0.2930058300240207 0.4309185001357621
    outer loop
      vertex -5.175417640850261 0.8636244580852455 19.56366296493606
      vertex -5.276842507238934 2.8556843582224425 18.00826219728089
      vertex -5.918167820416334 0.9875675416844049 18.00826219728089
    endloop
  endfacet
  facet normal -0.8534968247232555 0.29300583002402086 0.43091850013576233
    outer loop
      vertex -5.175417640850261 0.8636244580852455 19.56366296493606
      vertex -4.614580834585338 2.497286263708027 19.56366296493606
      vertex -5.276842507238934 2.8556843582224425 18.00826219728089
    endloop
  endfacet
  facet normal -0.3187940244876119 0.10944212684327005 0.941484355060143
    outer loop
      vertex -5.175417640850261 0.8636244580852455 19.56366296493606
      vertex -3.9566182227316102 0.6602428065873762 20
      vertex -4.614580834585338 2.497286263708027 19.56366296493606
    endloop
  endfacet
  facet normal -0.31879402448761196 0.10944212684327002 0.941484355060143
    outer loop
      vertex -4.614580834585338 2.497286263708027 19.56366296493606
      vertex -3.9566182227316102 0.6602428065873762 20
      vertex -3.5278572450413472 1.9091808669456896 20
    endloop
  endfacet
  facet normal -0.7121131750773229 0.5542599319110474 0.43091850013576233
    outer loop
      vertex -4.614580834585338 2.497286263708027 19.56366296493606
      vertex -4.0636894297544455 4.41434346403879 18.008262197280892
      vertex -5.276842507238934 2.8556843582224425 18.00826219728089
    endloop
  endfacet
  facet normal -0.2659850844168764 0.2070245010735051 0.941484355060143
    outer loop
      vertex -4.614580834585338 2.497286263708027 19.56366296493606
      vertex -3.5278572450413472 1.9091808669456896 20
      vertex -3.5536825922939737 3.860328353269174 19.56366296493606
    endloop
  endfacet
  facet normal -0.7121131750773223 0.5542599319110478 0.43091850013576294
    outer loop
      vertex -4.614580834585338 2.497286263708027 19.56366296493606
      vertex -3.5536825922939737 3.860328353269174 19.56366296493606
      vertex -4.0636894297544455 4.41434346403879 18.008262197280892
    endloop
  endfacet
  facet normal -0.2659850844168762 0.20702450107350506 0.941484355060143
    outer loop
      vertex -3.5536825922939737 3.860328353269174 19.56366296493606
      vertex -3.5278572450413472 1.9091808669456896 20
      vertex -2.7167981945056043 2.95122955637702 20
    endloop
  endfacet
  facet normal -0.4935610133373725 0.7554513699465575 0.43091850013576294
    outer loop
      vertex -3.5536825922939737 3.860328353269174 19.56366296493606
      vertex -2.410172547917817 5.494639959930344 18.00826219728089
      vertex -4.0636894297544455 4.41434346403879 18.008262197280892
    endloop
  endfacet
  facet normal -0.1843525332657489 0.28217255829631527 0.941484355060143
    outer loop
      vertex -3.5536825922939737 3.860328353269174 19.56366296493606
      vertex -2.7167981945056043 2.95122955637702 20
      vertex -2.1076877000607577 4.805043966587579 19.56366296493606
    endloop
  endfacet
  facet normal -0.49356101333737296 0.7554513699465574 0.4309185001357625
    outer loop
      vertex -3.5536825922939737 3.860328353269174 19.56366296493606
      vertex -2.1076877000607577 4.805043966587579 19.56366296493606
      vertex -2.410172547917817 5.494639959930344 18.00826219728089
    endloop
  endfacet
  facet normal -0.18435253326574907 0.2821725582963153 0.941484355060143
    outer loop
      vertex -2.1076877000607577 4.805043966587579 19.56366296493606
      vertex -2.7167981945056043 2.95122955637702 20
      vertex -1.6113319041277634 3.673466730330113 20
    endloop
  endfacet
  facet normal -0.08274252461099438 0.32674284046935986 0.941484355060143
    outer loop
      vertex -2.1076877000607577 4.805043966587579 19.56366296493606
      vertex -1.6113319041277634 3.673466730330113 20
      vertex -0.4332921413816668 5.22905850818711 19.56366296493606
    endloop
  endfacet
  facet normal -0.08274252461099428 0.32674284046935975 0.941484355060143
    outer loop
      vertex -0.4332921413816668 5.22905850818711 19.56366296493606
      vertex -1.6113319041277634 3.673466730330113 20
      vertex -0.33125279954710146 3.997626784342734 20
    endloop
  endfacet
  facet normal -0.22152385741412742 0.8747779300125891 0.43091850013576255
    outer loop
      vertex -2.1076877000607577 4.805043966587579 19.56366296493606
      vertex -0.4954760728339947 5.9795069580400195 18.008262197280892
      vertex -2.410172547917817 5.494639959930344 18.00826219728089
    endloop
  endfacet
  facet normal -0.22152385741412714 0.874777930012589 0.4309185001357629
    outer loop
      vertex -2.1076877000607577 4.805043966587579 19.56366296493606
      vertex -0.4332921413816668 5.22905850818711 19.56366296493606
      vertex -0.4954760728339947 5.9795069580400195 18.008262197280892
    endloop
  endfacet
  facet normal 0.027833920467914598 0.3359054659400057 0.941484355060143
    outer loop
      vertex -0.4332921413816668 5.22905850818711 19.56366296493606
      vertex -0.33125279954710146 3.997626784342734 20
      vertex 1.2880573440364205 5.086423423221955 19.56366296493606
    endloop
  endfacet
  facet normal 0.027833920467914608 0.33590546594000564 0.9414843550601432
    outer loop
      vertex 1.2880573440364205 5.086423423221955 19.56366296493606
      vertex -0.33125279954710146 3.997626784342734 20
      vertex 0.9847226857812595 3.888581946701131 20
    endloop
  endfacet
  facet normal 0.07451884575674683 0.8993087277836386 0.4309185001357628
    outer loop
      vertex -0.4332921413816668 5.22905850818711 19.56366296493606
      vertex 1.4729129228447957 5.816401595635982 18.00826219728089
      vertex -0.4954760728339947 5.9795069580400195 18.008262197280892
    endloop
  endfacet
  facet normal 0.07451884575674625 0.8993087277836389 0.4309185001357623
    outer loop
      vertex -0.4332921413816668 5.22905850818711 19.56366296493606
      vertex 1.2880573440364205 5.086423423221955 19.56366296493606
      vertex 1.4729129228447957 5.816401595635982 18.00826219728089
    endloop
  endfacet
  facet normal 0.1353941283763495 0.3086675220657254 0.941484355060143
    outer loop
      vertex 2.86982582995921 4.3925954363594695 19.56366296493606
      vertex 1.2880573440364205 5.086423423221955 19.56366296493606
      vertex 0.9847226857812595 3.888581946701131 20
    endloop
  endfacet
  facet normal 0.13539412837634945 0.30866752206572545 0.941484355060143
    outer loop
      vertex 2.86982582995921 4.3925954363594695 19.56366296493606
      vertex 0.9847226857812595 3.888581946701131 20
      vertex 2.193988188558443 3.358148917568763 20
    endloop
  endfacet
  facet normal 0.3624862757108473 0.8263854706866668 0.4309185001357632
    outer loop
      vertex 2.86982582995921 4.3925954363594695 19.56366296493606
      vertex 3.281688948734561 5.022998869575171 18.008262197280892
      vertex 1.2880573440364205 5.086423423221955 19.56366296493606
    endloop
  endfacet
  facet normal 0.36248627571084663 0.8263854706866677 0.43091850013576233
    outer loop
      vertex 1.2880573440364205 5.086423423221955 19.56366296493606
      vertex 3.281688948734561 5.022998869575171 18.008262197280892
      vertex 1.4729129228447957 5.816401595635982 18.00826219728089
    endloop
  endfacet
  facet normal 0.22828228161884634 0.24798066270554286 0.941484355060143
    outer loop
      vertex 2.86982582995921 4.3925954363594695 19.56366296493606
      vertex 2.193988188558443 3.358148917568763 20
      vertex 4.14060415727009 3.2227615758266634 19.56366296493606
    endloop
  endfacet
  facet normal 0.22828228161884637 0.24798066270554292 0.941484355060143
    outer loop
      vertex 4.14060415727009 3.2227615758266634 19.56366296493606
      vertex 2.193988188558443 3.358148917568763 20
      vertex 3.165501027870979 2.463808346168588 20
    endloop
  endfacet
  facet normal 0.6111726931375926 0.6639105251490494 0.4309185001357631
    outer loop
      vertex 2.86982582995921 4.3925954363594695 19.56366296493606
      vertex 4.734843056378361 3.6852762761380062 18.008262197280892
      vertex 3.281688948734561 5.022998869575171 18.008262197280892
    endloop
  endfacet
  facet normal 0.6111726931375924 0.6639105251490497 0.43091850013576266
    outer loop
      vertex 2.86982582995921 4.3925954363594695 19.56366296493606
      vertex 4.14060415727009 3.2227615758266634 19.56366296493606
      vertex 4.734843056378361 3.6852762761380062 18.008262197280892
    endloop
  endfacet
  facet normal 0.2964325074833801 0.1604212507247783 0.941484355060143
    outer loop
      vertex 4.962683776047545 1.703691492254862 19.56366296493606
      vertex 3.165501027870979 2.463808346168588 20
      vertex 3.7939827130044628 1.3024759105355894 20
    endloop
  endfacet
  facet normal 0.2964325074833801 0.16042125072477847 0.941484355060143
    outer loop
      vertex 4.962683776047545 1.703691492254862 19.56366296493606
      vertex 4.14060415727009 3.2227615758266634 19.56366296493606
      vertex 3.165501027870979 2.463808346168588 20
    endloop
  endfacet
  facet normal 0.7936290659414451 0.42949057257832074 0.4309185001357629
    outer loop
      vertex 4.962683776047545 1.703691492254862 19.56366296493606
      vertex 5.674903450203808 1.9481968152281008 18.008262197280892
      vertex 4.14060415727009 3.2227615758266634 19.56366296493606
    endloop
  endfacet
  facet normal 0.7936290659414452 0.429490572578321 0.4309185001357627
    outer loop
      vertex 4.14060415727009 3.2227615758266634 19.56366296493606
      vertex 5.674903450203808 1.9481968152281008 18.008262197280892
      vertex 4.734843056378361 3.6852762761380062 18.008262197280892
    endloop
  endfacet
  facet normal 0.33245967153782047 0.05547770703580885 0.9414843550601429
    outer loop
      vertex 5.246979603717467 7.416329155411947e-17 19.56366296493606
      vertex 3.7939827130044628 1.3024759105355894 20
      vertex 4.011327501476564 1.9585989840614622e-16 20
    endloop
  endfacet
  facet normal 0.3324596715378204 0.055477707035808774 0.941484355060143
    outer loop
      vertex 5.246979603717467 7.416329155411947e-17 19.56366296493606
      vertex 4.962683776047545 1.703691492254862 19.56366296493606
      vertex 3.7939827130044628 1.3024759105355894 20
    endloop
  endfacet
  facet normal 0.8900834150267853 0.14852865223585685 0.4309185001357628
    outer loop
      vertex 4.962683776047545 1.703691492254862 19.56366296493606
      vertex 6 0 18.00826219728089
      vertex 5.674903450203808 1.9481968152281008 18.008262197280892
    endloop
  endfacet
  facet normal 0.8900834150267853 0.14852865223585704 0.43091850013576255
    outer loop
      vertex 5.246979603717467 7.416329155411947e-17 19.56366296493606
      vertex 6 0 18.00826219728089
      vertex 4.962683776047545 1.703691492254862 19.56366296493606
    endloop
  endfacet
  facet normal 0.3324596715378207 -0.055477707035808885 0.941484355060143
    outer loop
      vertex 4.962683776047543 -1.703691492254865 19.56366296493606
      vertex 4.011327501476564 1.9585989840614622e-16 20
      vertex 3.7939827130044623 -1.3024759105355919 20
    endloop
  endfacet
  facet normal 0.3324596715378205 -0.055477707035809044 0.9414843550601432
    outer loop
      vertex 4.962683776047543 -1.703691492254865 19.56366296493606
      vertex 5.246979603717467 7.416329155411947e-17 19.56366296493606
      vertex 4.011327501476564 1.9585989840614622e-16 20
    endloop
  endfacet
  facet normal 0.8900834150267853 -0.148528652235857 0.4309185001357626
    outer loop
      vertex 5.246979603717467 7.416329155411947e-17 19.56366296493606
      vertex 5.674903450203807 -1.9481968152281037 18.008262197280892
      vertex 6 0 18.00826219728089
    endloop
  endfacet
  facet normal 0.8900834150267849 -0.14852865223585765 0.43091850013576327
    outer loop
      vertex 4.962683776047543 -1.703691492254865 19.56366296493606
      vertex 5.674903450203807 -1.9481968152281037 18.008262197280892
      vertex 5.246979603717467 7.416329155411947e-17 19.56366296493606
    endloop
  endfacet
  facet normal 0.7936290659414453 -0.4294905725783207 0.43091850013576266
    outer loop
      vertex 4.14060415727009 -3.222761575826664 19.56366296493606
      vertex 4.734843056378361 -3.6852762761380067 18.008262197280892
      vertex 4.962683776047543 -1.703691492254865 19.56366296493606
    endloop
  endfacet
  facet normal 0.2964325074833801 -0.16042125072477853 0.941484355060143
    outer loop
      vertex 4.14060415727009 -3.222761575826664 19.56366296493606
      vertex 3.7939827130044623 -1.3024759105355919 20
      vertex 3.165501027870979 -2.463808346168588 20
    endloop
  endfacet
  facet normal 0.2964325074833803 -0.16042125072477847 0.9414843550601429
    outer loop
      vertex 4.14060415727009 -3.222761575826664 19.56366296493606
      vertex 4.962683776047543 -1.703691492254865 19.56366296493606
      vertex 3.7939827130044623 -1.3024759105355919 20
    endloop
  endfacet
  facet normal 0.7936290659414448 -0.429490572578321 0.4309185001357632
    outer loop
      vertex 4.962683776047543 -1.703691492254865 19.56366296493606
      vertex 4.734843056378361 -3.6852762761380067 18.008262197280892
      vertex 5.674903450203807 -1.9481968152281037 18.008262197280892
    endloop
  endfacet
  facet normal 0.611172693137592 -0.6639105251490498 0.43091850013576305
    outer loop
      vertex 2.8698258299592085 -4.39259543635947 19.56366296493606
      vertex 3.2816889487345593 -5.022998869575172 18.008262197280892
      vertex 4.14060415727009 -3.222761575826664 19.56366296493606
    endloop
  endfacet
  facet normal 0.22828228161884617 -0.24798066270554295 0.9414843550601432
    outer loop
      vertex 2.8698258299592085 -4.39259543635947 19.56366296493606
      vertex 3.165501027870979 -2.463808346168588 20
      vertex 2.193988188558442 -3.3581489175687635 20
    endloop
  endfacet
  facet normal 0.2282822816188462 -0.24798066270554286 0.9414843550601429
    outer loop
      vertex 2.8698258299592085 -4.39259543635947 19.56366296493606
      vertex 4.14060415727009 -3.222761575826664 19.56366296493606
      vertex 3.165501027870979 -2.463808346168588 20
    endloop
  endfacet
  facet normal 0.6111726931375924 -0.6639105251490497 0.4309185001357627
    outer loop
      vertex 4.14060415727009 -3.222761575826664 19.56366296493606
      vertex 3.2816889487345593 -5.022998869575172 18.008262197280892
      vertex 4.734843056378361 -3.6852762761380067 18.008262197280892
    endloop
  endfacet
  facet normal 0.36248627571084735 -0.8263854706866672 0.43091850013576216
    outer loop
      vertex 1.2880573440364205 -5.086423423221955 19.56366296493606
      vertex 1.4729129228447957 -5.816401595635982 18.00826219728089
      vertex 2.8698258299592085 -4.39259543635947 19.56366296493606
    endloop
  endfacet
  facet normal 0.36248627571084646 -0.8263854706866673 0.430918500135763
    outer loop
      vertex 2.8698258299592085 -4.39259543635947 19.56366296493606
      vertex 1.4729129228447957 -5.816401595635982 18.00826219728089
      vertex 3.2816889487345593 -5.022998869575172 18.008262197280892
    endloop
  endfacet
  facet normal 0.1353941283763494 -0.30866752206572534 0.941484355060143
    outer loop
      vertex 1.2880573440364205 -5.086423423221955 19.56366296493606
      vertex 2.193988188558442 -3.3581489175687635 20
      vertex 0.9847226857812598 -3.8885819467011307 20
    endloop
  endfacet
  facet normal 0.13539412837634943 -0.30866752206572534 0.9414843550601429
    outer loop
      vertex 1.2880573440364205 -5.086423423221955 19.56366296493606
      vertex 2.8698258299592085 -4.39259543635947 19.56366296493606
      vertex 2.193988188558442 -3.3581489175687635 20
    endloop
  endfacet
  facet normal 0.07451884575674682 -0.899308727783639 0.4309185001357623
    outer loop
      vertex 1.2880573440364205 -5.086423423221955 19.56366296493606
      vertex -0.4954760728339962 -5.9795069580400195 18.008262197280892
      vertex 1.4729129228447957 -5.816401595635982 18.00826219728089
    endloop
  endfacet
  facet normal 0.07451884575674615 -0.8993087277836387 0.43091850013576294
    outer loop
      vertex -0.4332921413816683 -5.22905850818711 19.56366296493606
      vertex -0.4954760728339962 -5.9795069580400195 18.008262197280892
      vertex 1.2880573440364205 -5.086423423221955 19.56366296493606
    endloop
  endfacet
  facet normal 0.02783392046791456 -0.33590546594000553 0.9414843550601432
    outer loop
      vertex -0.4332921413816683 -5.22905850818711 19.56366296493606
      vertex 1.2880573440364205 -5.086423423221955 19.56366296493606
      vertex 0.9847226857812598 -3.8885819467011307 20
    endloop
  endfacet
  facet normal 0.027833920467914736 -0.33590546594000564 0.941484355060143
    outer loop
      vertex -0.4332921413816683 -5.22905850818711 19.56366296493606
      vertex 0.9847226857812598 -3.8885819467011307 20
      vertex -0.33125279954710307 -3.997626784342734 20
    endloop
  endfacet
  facet normal -0.22152385741412667 -0.8747779300125894 0.4309185001357622
    outer loop
      vertex -0.4332921413816683 -5.22905850818711 19.56366296493606
      vertex -2.1076877000607563 -4.805043966587581 19.56366296493606
      vertex -2.4101725479178158 -5.494639959930345 18.00826219728089
    endloop
  endfacet
  facet normal -0.2215238574141273 -0.8747779300125889 0.4309185001357629
    outer loop
      vertex -0.4332921413816683 -5.22905850818711 19.56366296493606
      vertex -2.4101725479178158 -5.494639959930345 18.00826219728089
      vertex -0.4954760728339962 -5.9795069580400195 18.008262197280892
    endloop
  endfacet
  facet normal -0.08274252461099418 -0.32674284046935975 0.941484355060143
    outer loop
      vertex -2.1076877000607563 -4.805043966587581 19.56366296493606
      vertex -0.33125279954710307 -3.997626784342734 20
      vertex -1.611331904127762 -3.673466730330114 20
    endloop
  endfacet
  facet normal -0.08274252461099416 -0.3267428404693598 0.9414843550601432
    outer loop
      vertex -0.4332921413816683 -5.22905850818711 19.56366296493606
      vertex -0.33125279954710307 -3.997626784342734 20
      vertex -2.1076877000607563 -4.805043966587581 19.56366296493606
    endloop
  endfacet
  facet normal -0.49356101333737273 -0.7554513699465578 0.4309185001357622
    outer loop
      vertex -2.1076877000607563 -4.805043966587581 19.56366296493606
      vertex -4.0636894297544455 -4.41434346403879 18.008262197280892
      vertex -2.4101725479178158 -5.494639959930345 18.00826219728089
    endloop
  endfacet
  facet normal -0.4935610133373732 -0.755451369946557 0.430918500135763
    outer loop
      vertex -3.5536825922939737 -3.860328353269174 19.56366296493606
      vertex -4.0636894297544455 -4.41434346403879 18.008262197280892
      vertex -2.1076877000607563 -4.805043966587581 19.56366296493606
    endloop
  endfacet
  facet normal -0.184352533265749 -0.28217255829631516 0.9414843550601432
    outer loop
      vertex -3.5536825922939737 -3.860328353269174 19.56366296493606
      vertex -1.611331904127762 -3.673466730330114 20
      vertex -2.7167981945056043 -2.95122955637702 20
    endloop
  endfacet
  facet normal -0.184352533265749 -0.2821725582963151 0.941484355060143
    outer loop
      vertex -3.5536825922939737 -3.860328353269174 19.56366296493606
      vertex -2.1076877000607563 -4.805043966587581 19.56366296493606
      vertex -1.611331904127762 -3.673466730330114 20
    endloop
  endfacet
  facet normal -0.7121131750773226 -0.5542599319110473 0.43091850013576294
    outer loop
      vertex -3.5536825922939737 -3.860328353269174 19.56366296493606
      vertex -5.276842507238934 -2.8556843582224425 18.00826219728089
      vertex -4.0636894297544455 -4.41434346403879 18.008262197280892
    endloop
  endfacet
  facet normal -0.7121131750773226 -0.554259931911048 0.43091850013576233
    outer loop
      vertex -3.5536825922939737 -3.860328353269174 19.56366296493606
      vertex -4.614580834585338 -2.497286263708027 19.56366296493606
      vertex -5.276842507238934 -2.8556843582224425 18.00826219728089
    endloop
  endfacet
  facet normal -0.2659850844168763 -0.207024501073505 0.941484355060143
    outer loop
      vertex -3.5536825922939737 -3.860328353269174 19.56366296493606
      vertex -2.7167981945056043 -2.95122955637702 20
      vertex -4.614580834585338 -2.497286263708027 19.56366296493606
    endloop
  endfacet
  facet normal -0.26598508441687635 -0.2070245010735051 0.941484355060143
    outer loop
      vertex -4.614580834585338 -2.497286263708027 19.56366296493606
      vertex -2.7167981945056043 -2.95122955637702 20
      vertex -3.5278572450413472 -1.9091808669456891 20
    endloop
  endfacet
  facet normal -0.8534968247232556 -0.2930058300240207 0.4309185001357623
    outer loop
      vertex -4.614580834585338 -2.497286263708027 19.56366296493606
      vertex -5.918167820416334 -0.9875675416844049 18.00826219728089
      vertex -5.276842507238934 -2.8556843582224425 18.00826219728089
    endloop
  endfacet
  facet normal -0.8534968247232556 -0.2930058300240209 0.4309185001357621
    outer loop
      vertex -5.175417640850261 -0.8636244580852455 19.56366296493606
      vertex -5.918167820416334 -0.9875675416844049 18.00826219728089
      vertex -4.614580834585338 -2.497286263708027 19.56366296493606
    endloop
  endfacet
  facet normal -0.3187940244876119 -0.10944212684327005 0.941484355060143
    outer loop
      vertex -5.175417640850261 -0.8636244580852455 19.56366296493606
      vertex -4.614580834585338 -2.497286263708027 19.56366296493606
      vertex -3.5278572450413472 -1.9091808669456891 20
    endloop
  endfacet
  facet normal -0.3187940244876119 -0.10944212684327001 0.941484355060143
    outer loop
      vertex -5.175417640850261 -0.8636244580852455 19.56366296493606
      vertex -3.5278572450413472 -1.9091808669456891 20
      vertex -3.9566182227316102 -0.6602428065873762 20
    endloop
  endfacet
  facet normal -0.9443558658111596 0.3289255215212942 0
    outer loop
      vertex -5.487781853787787 19.246979603717467 -0.9157488261737452
      vertex -5.918167820416334 18.011327501476558 -0.9875675416844049
      vertex -5.487781853787787 19.246979603717467 0.9157488261737453
    endloop
  endfacet
  facet normal -0.4406137747951266 0.8976967758997407 -2.0165954345809417e-17
    outer loop
      vertex -5.487781853787787 19.246979603717467 -0.9157488261737452
      vertex -3.9535947252898427 20 0.6597382740992038
      vertex -3.9535947252898427 20 -0.6597382740992037
    endloop
  endfacet
  facet normal -0.9443558658111594 0.3289255215212941 -1.655724074416118e-17
    outer loop
      vertex -5.487781853787787 19.246979603717467 0.9157488261737453
      vertex -5.918167820416334 18.011327501476558 -0.9875675416844049
      vertex -5.918167820416334 18.011327501476558 0.9875675416844049
    endloop
  endfacet
  facet normal -0.4406137747951266 0.8976967758997407 0
    outer loop
      vertex -5.487781853787787 19.246979603717467 -0.9157488261737452
      vertex -5.487781853787787 19.246979603717467 0.9157488261737453
      vertex -3.9535947252898427 20 0.6597382740992038
    endloop
  endfacet
  facet normal -0.8931880601853254 0.32892552152129406 0.30663184836921314
    outer loop
      vertex -4.893095538220933 19.246979603717467 2.648010883898234
      vertex -5.918167820416334 18.011327501476558 0.9875675416844049
      vertex -5.276842507238934 18.011327501476558 2.8556843582224425
    endloop
  endfacet
  facet normal -0.8931880601853254 0.32892552152129423 0.3066318483692131
    outer loop
      vertex -5.487781853787787 19.246979603717467 0.9157488261737453
      vertex -5.918167820416334 18.011327501476558 0.9875675416844049
      vertex -4.893095538220933 19.246979603717467 2.648010883898234
    endloop
  endfacet
  facet normal -0.41674010513203114 0.8976967758997407 0.14306705880025
    outer loop
      vertex -5.487781853787787 19.246979603717467 0.9157488261737453
      vertex -3.525161390461791 20 1.9077219434048938
      vertex -3.9535947252898427 20 0.6597382740992038
    endloop
  endfacet
  facet normal -0.416740105132031 0.897696775899741 0.1430670588002496
    outer loop
      vertex -5.487781853787787 19.246979603717467 0.9157488261737453
      vertex -4.893095538220933 19.246979603717467 2.648010883898234
      vertex -3.525161390461791 20 1.9077219434048938
    endloop
  endfacet
  facet normal -0.7452294689976904 0.3289255215212937 0.5800353780842731
    outer loop
      vertex -3.7681663968878243 19.246979603717467 4.093319874230028
      vertex -5.276842507238934 18.011327501476558 2.8556843582224425
      vertex -4.0636894297544455 18.011327501476554 4.41434346403879
    endloop
  endfacet
  facet normal -0.7452294689976904 0.32892552152129406 0.5800353780842727
    outer loop
      vertex -4.893095538220933 19.246979603717467 2.648010883898234
      vertex -5.276842507238934 18.011327501476558 2.8556843582224425
      vertex -3.7681663968878243 19.246979603717467 4.093319874230028
    endloop
  endfacet
  facet normal -0.3477061786888938 0.8976967758997408 0.2706305818653492
    outer loop
      vertex -4.893095538220933 19.246979603717467 2.648010883898234
      vertex -3.7681663968878243 19.246979603717467 4.093319874230028
      vertex -2.714722120462449 20 2.9489743387867784
    endloop
  endfacet
  facet normal -0.34770617868889386 0.897696775899741 0.27063058186534905
    outer loop
      vertex -4.893095538220933 19.246979603717467 2.648010883898234
      vertex -2.714722120462449 20 2.9489743387867784
      vertex -3.525161390461791 20 1.9077219434048938
    endloop
  endfacet
  facet normal -0.2409928925675642 0.897696775899741 0.3688670821191951
    outer loop
      vertex -3.7681663968878243 19.246979603717467 4.093319874230028
      vertex -1.6101005854571928 20 3.6706596065096333
      vertex -2.714722120462449 20 2.9489743387867784
    endloop
  endfacet
  facet normal -0.5165137014175235 0.3289255215212938 0.7905830744076895
    outer loop
      vertex -3.7681663968878243 19.246979603717467 4.093319874230028
      vertex -4.0636894297544455 18.011327501476554 4.41434346403879
      vertex -2.23489795732599 19.246979603717467 5.095054141787035
    endloop
  endfacet
  facet normal -0.24099289256756423 0.8976967758997408 0.36886708211919494
    outer loop
      vertex -3.7681663968878243 19.246979603717467 4.093319874230028
      vertex -2.23489795732599 19.246979603717467 5.095054141787035
      vertex -1.6101005854571928 20 3.6706596065096333
    endloop
  endfacet
  facet normal -0.5165137014175242 0.32892552152129545 0.7905830744076884
    outer loop
      vertex -2.23489795732599 19.246979603717467 5.095054141787035
      vertex -4.0636894297544455 18.011327501476554 4.41434346403879
      vertex -2.410172547917817 18.01132750147656 5.494639959930344
    endloop
  endfacet
  facet normal -0.10816428714652836 0.897696775899741 0.4271311104629278
    outer loop
      vertex -2.23489795732599 19.246979603717467 5.095054141787035
      vertex -0.33099966873294934 20 3.99457194971498
      vertex -1.6101005854571928 20 3.6706596065096333
    endloop
  endfacet
  facet normal -0.10816428714652845 0.897696775899741 0.42713111046292773
    outer loop
      vertex -2.23489795732599 19.246979603717467 5.095054141787035
      vertex -0.45944364607307636 19.246979603717467 5.54466023517079
      vertex -0.33099966873294934 20 3.99457194971498
    endloop
  endfacet
  facet normal -0.23182565975292455 0.3289255215212956 0.9154588274587039
    outer loop
      vertex -2.23489795732599 19.246979603717467 5.095054141787035
      vertex -2.410172547917817 18.01132750147656 5.494639959930344
      vertex -0.45944364607307636 19.246979603717467 5.54466023517079
    endloop
  endfacet
  facet normal -0.23182565975292344 0.32892552152129384 0.9154588274587048
    outer loop
      vertex -0.45944364607307636 19.246979603717467 5.54466023517079
      vertex -2.410172547917817 18.01132750147656 5.494639959930344
      vertex -0.49547607283399475 18.011327501476558 5.9795069580400195
    endloop
  endfacet
  facet normal 0.03638559712867529 0.897696775899741 0.439108855365956
    outer loop
      vertex -0.45944364607307636 19.246979603717467 5.54466023517079
      vertex 0.9839701980875505 20 3.885610439998663
      vertex -0.33099966873294934 20 3.99457194971498
    endloop
  endfacet
  facet normal 0.03638559712867545 0.8976967758997408 0.4391088553659562
    outer loop
      vertex -0.45944364607307636 19.246979603717467 5.54466023517079
      vertex 1.3657985132345525 19.246979603717467 5.39341635780582
      vertex 0.9839701980875505 20 3.885610439998663
    endloop
  endfacet
  facet normal 0.07798428929164411 0.32892552152129334 0.9411304117472893
    outer loop
      vertex 1.3657985132345525 19.246979603717467 5.39341635780582
      vertex -0.49547607283399475 18.011327501476558 5.9795069580400195
      vertex 1.4729129228447957 18.011327501476554 5.816401595635982
    endloop
  endfacet
  facet normal 0.07798428929164382 0.32892552152129384 0.9411304117472892
    outer loop
      vertex -0.45944364607307636 19.246979603717467 5.54466023517079
      vertex -0.49547607283399475 18.011327501476558 5.9795069580400195
      vertex 1.3657985132345525 19.246979603717467 5.39341635780582
    endloop
  endfacet
  facet normal 0.1769925373742766 0.897696775899741 0.40350234231417526
    outer loop
      vertex 1.3657985132345525 19.246979603717467 5.39341635780582
      vertex 2.1923116260745354 20 3.3555827476504696
      vertex 0.9839701980875505 20 3.885610439998663
    endloop
  endfacet
  facet normal 0.17699253737427614 0.8976967758997408 0.40350234231417503
    outer loop
      vertex 3.0430352110857384 19.246979603717467 4.657712130595179
      vertex 2.1923116260745354 20 3.3555827476504696
      vertex 1.3657985132345525 19.246979603717467 5.39341635780582
    endloop
  endfacet
  facet normal 0.3793434305405366 0.3289255215212933 0.8648159127801027
    outer loop
      vertex 3.0430352110857384 19.246979603717467 4.657712130595179
      vertex 1.3657985132345525 19.246979603717467 5.39341635780582
      vertex 1.4729129228447957 18.011327501476554 5.816401595635982
    endloop
  endfacet
  facet normal 0.37934343054053604 0.3289255215212941 0.8648159127801027
    outer loop
      vertex 3.0430352110857384 19.246979603717467 4.657712130595179
      vertex 1.4729129228447957 18.011327501476554 5.816401595635982
      vertex 3.281688948734561 18.011327501476558 5.022998869575171
    endloop
  endfacet
  facet normal 0.29841958987319334 0.897696775899741 0.3241700894887209
    outer loop
      vertex 3.0430352110857384 19.246979603717467 4.657712130595179
      vertex 3.163082072156552 20 2.4619255973633454
      vertex 2.1923116260745354 20 3.3555827476504696
    endloop
  endfacet
  facet normal 0.2984195898731936 0.897696775899741 0.32417008948872095
    outer loop
      vertex 3.0430352110857384 19.246979603717467 4.657712130595179
      vertex 4.390511826259492 19.246979603717467 3.417272522184417
      vertex 3.163082072156552 20 2.4619255973633454
    endloop
  endfacet
  facet normal 0.6395948249705695 0.3289255215212941 0.6947851906616973
    outer loop
      vertex 3.0430352110857384 19.246979603717467 4.657712130595179
      vertex 3.281688948734561 18.011327501476558 5.022998869575171
      vertex 4.390511826259492 19.246979603717467 3.417272522184417
    endloop
  endfacet
  facet normal 0.639594824970569 0.32892552152129495 0.6947851906616975
    outer loop
      vertex 4.390511826259492 19.246979603717467 3.417272522184417
      vertex 3.281688948734561 18.011327501476558 5.022998869575171
      vertex 4.734843056378361 18.01132750147656 3.6852762761380067
    endloop
  endfacet
  facet normal 0.387508249352321 0.897696775899741 0.20970897744996475
    outer loop
      vertex 4.390511826259492 19.246979603717467 3.417272522184417
      vertex 3.79108349544514 20 1.301480607890304
      vertex 3.163082072156552 20 2.4619255973633454
    endloop
  endfacet
  facet normal 0.3875082493523212 0.8976967758997408 0.20970897744996464
    outer loop
      vertex 4.390511826259492 19.246979603717467 3.417272522184417
      vertex 5.262208359247799 19.246979603717467 1.806518411548494
      vertex 3.79108349544514 20 1.301480607890304
    endloop
  endfacet
  facet normal 0.830536195778792 0.3289255215212948 0.4494637124320896
    outer loop
      vertex 4.390511826259492 19.246979603717467 3.417272522184417
      vertex 4.734843056378361 18.01132750147656 3.6852762761380067
      vertex 5.262208359247799 19.246979603717467 1.806518411548494
    endloop
  endfacet
  facet normal 0.8305361957787918 0.3289255215212952 0.44946371243208977
    outer loop
      vertex 5.262208359247799 19.246979603717467 1.806518411548494
      vertex 4.734843056378361 18.01132750147656 3.6852762761380067
      vertex 5.674903450203808 18.01132750147656 1.9481968152281008
    endloop
  endfacet
  facet normal 0.43460437720411477 0.8976967758997408 0.07252264373445101
    outer loop
      vertex 5.262208359247799 19.246979603717467 1.806518411548494
      vertex 4.008262197280892 20 1.681386800125887e-16
      vertex 3.79108349544514 20 1.301480607890304
    endloop
  endfacet
  facet normal 0.4346043772041144 0.8976967758997411 0.07252264373445143
    outer loop
      vertex 5.56366296493606 19.246979603717467 3.68347344796589e-17
      vertex 4.008262197280892 20 1.681386800125887e-16
      vertex 5.262208359247799 19.246979603717467 1.806518411548494
    endloop
  endfacet
  facet normal 0.9314760826775017 0.32892552152129434 0.15543586681239496
    outer loop
      vertex 5.56366296493606 19.246979603717467 3.68347344796589e-17
      vertex 5.674903450203808 18.01132750147656 1.9481968152281008
      vertex 6 18.011327501476558 0
    endloop
  endfacet
  facet normal 0.9314760826775011 0.3289255215212953 0.1554358668123956
    outer loop
      vertex 5.56366296493606 19.246979603717467 3.68347344796589e-17
      vertex 5.262208359247799 19.246979603717467 1.806518411548494
      vertex 5.674903450203808 18.01132750147656 1.9481968152281008
    endloop
  endfacet
  facet normal 0.4346043772041146 0.8976967758997407 -0.07252264373445155
    outer loop
      vertex 5.262208359247798 19.246979603717467 -1.8065184115484971
      vertex 3.791083495445139 20 -1.3014806078903067
      vertex 5.56366296493606 19.246979603717467 3.68347344796589e-17
    endloop
  endfacet
  facet normal 0.43460437720411427 0.8976967758997411 -0.07252264373445107
    outer loop
      vertex 5.56366296493606 19.246979603717467 3.68347344796589e-17
      vertex 3.791083495445139 20 -1.3014806078903067
      vertex 4.008262197280892 20 1.681386800125887e-16
    endloop
  endfacet
  facet normal 0.9314760826775016 0.32892552152129434 -0.15543586681239574
    outer loop
      vertex 5.56366296493606 19.246979603717467 3.68347344796589e-17
      vertex 6 18.011327501476558 0
      vertex 5.674903450203807 18.011327501476558 -1.9481968152281037
    endloop
  endfacet
  facet normal 0.9314760826775015 0.3289255215212944 -0.1554358668123958
    outer loop
      vertex 5.262208359247798 19.246979603717467 -1.8065184115484971
      vertex 5.56366296493606 19.246979603717467 3.68347344796589e-17
      vertex 5.674903450203807 18.011327501476558 -1.9481968152281037
    endloop
  endfacet
  facet normal 0.830536195778792 0.3289255215212953 -0.4494637124320895
    outer loop
      vertex 4.390511826259491 19.246979603717467 -3.4172725221844176
      vertex 5.674903450203807 18.011327501476558 -1.9481968152281037
      vertex 4.734843056378361 18.01132750147656 -3.6852762761380067
    endloop
  endfacet
  facet normal 0.38750824935232103 0.8976967758997408 -0.2097089774499649
    outer loop
      vertex 4.390511826259491 19.246979603717467 -3.4172725221844176
      vertex 3.163082072156552 20 -2.4619255973633454
      vertex 5.262208359247798 19.246979603717467 -1.8065184115484971
    endloop
  endfacet
  facet normal 0.387508249352321 0.8976967758997407 -0.20970897744996497
    outer loop
      vertex 5.262208359247798 19.246979603717467 -1.8065184115484971
      vertex 3.163082072156552 20 -2.4619255973633454
      vertex 3.791083495445139 20 -1.3014806078903067
    endloop
  endfacet
  facet normal 0.8305361957787919 0.32892552152129434 -0.44946371243209027
    outer loop
      vertex 4.390511826259491 19.246979603717467 -3.4172725221844176
      vertex 5.262208359247798 19.246979603717467 -1.8065184115484971
      vertex 5.674903450203807 18.011327501476558 -1.9481968152281037
    endloop
  endfacet
  facet normal 0.639594824970569 0.3289255215212944 -0.6947851906616977
    outer loop
      vertex 3.0430352110857366 19.246979603717467 -4.65771213059518
      vertex 4.734843056378361 18.01132750147656 -3.6852762761380067
      vertex 3.2816889487345597 18.011327501476558 -5.022998869575172
    endloop
  endfacet
  facet normal 0.2984195898731935 0.8976967758997408 -0.32417008948872095
    outer loop
      vertex 3.0430352110857366 19.246979603717467 -4.65771213059518
      vertex 2.192311626074534 20 -3.3555827476504705
      vertex 4.390511826259491 19.246979603717467 -3.4172725221844176
    endloop
  endfacet
  facet normal 0.29841958987319345 0.897696775899741 -0.3241700894887211
    outer loop
      vertex 4.390511826259491 19.246979603717467 -3.4172725221844176
      vertex 2.192311626074534 20 -3.3555827476504705
      vertex 3.163082072156552 20 -2.4619255973633454
    endloop
  endfacet
  facet normal 0.6395948249705693 0.3289255215212951 -0.6947851906616972
    outer loop
      vertex 3.0430352110857366 19.246979603717467 -4.65771213059518
      vertex 4.390511826259491 19.246979603717467 -3.4172725221844176
      vertex 4.734843056378361 18.01132750147656 -3.6852762761380067
    endloop
  endfacet
  facet normal 0.37934343054053593 0.32892552152129334 -0.864815912780103
    outer loop
      vertex 1.3657985132345525 19.246979603717467 -5.39341635780582
      vertex 3.2816889487345597 18.011327501476558 -5.022998869575172
      vertex 1.4729129228447957 18.011327501476554 -5.816401595635982
    endloop
  endfacet
  facet normal 0.3793434305405364 0.3289255215212943 -0.8648159127801025
    outer loop
      vertex 1.3657985132345525 19.246979603717467 -5.39341635780582
      vertex 3.0430352110857366 19.246979603717467 -4.65771213059518
      vertex 3.2816889487345597 18.011327501476558 -5.022998869575172
    endloop
  endfacet
  facet normal 0.17699253737427623 0.8976967758997408 -0.4035023423141753
    outer loop
      vertex 1.3657985132345525 19.246979603717467 -5.39341635780582
      vertex 0.9839701980875506 20 -3.885610439998663
      vertex 3.0430352110857366 19.246979603717467 -4.65771213059518
    endloop
  endfacet
  facet normal 0.1769925373742764 0.8976967758997411 -0.4035023423141751
    outer loop
      vertex 3.0430352110857366 19.246979603717467 -4.65771213059518
      vertex 0.9839701980875506 20 -3.885610439998663
      vertex 2.192311626074534 20 -3.3555827476504705
    endloop
  endfacet
  facet normal 0.07798428929164405 0.32892552152129373 -0.9411304117472892
    outer loop
      vertex -0.45944364607307786 19.246979603717467 -5.54466023517079
      vertex 1.4729129228447957 18.011327501476554 -5.816401595635982
      vertex -0.495476072833996 18.011327501476558 -5.9795069580400195
    endloop
  endfacet
  facet normal 0.07798428929164376 0.3289255215212934 -0.9411304117472894
    outer loop
      vertex -0.45944364607307786 19.246979603717467 -5.54466023517079
      vertex 1.3657985132345525 19.246979603717467 -5.39341635780582
      vertex 1.4729129228447957 18.011327501476554 -5.816401595635982
    endloop
  endfacet
  facet normal 0.03638559712867541 0.897696775899741 -0.43910885536595606
    outer loop
      vertex -0.45944364607307786 19.246979603717467 -5.54466023517079
      vertex -0.33099966873295095 20 -3.99457194971498
      vertex 1.3657985132345525 19.246979603717467 -5.39341635780582
    endloop
  endfacet
  facet normal 0.036385597128675264 0.8976967758997408 -0.4391088553659562
    outer loop
      vertex 1.3657985132345525 19.246979603717467 -5.39341635780582
      vertex -0.33099966873295095 20 -3.99457194971498
      vertex 0.9839701980875506 20 -3.885610439998663
    endloop
  endfacet
  facet normal -0.23182565975292388 0.3289255215212941 -0.9154588274587044
    outer loop
      vertex -2.234897957325989 19.246979603717467 -5.0950541417870365
      vertex -0.495476072833996 18.011327501476558 -5.9795069580400195
      vertex -2.4101725479178158 18.011327501476558 -5.494639959930345
    endloop
  endfacet
  facet normal -0.23182565975292418 0.3289255215212938 -0.9154588274587047
    outer loop
      vertex -2.234897957325989 19.246979603717467 -5.0950541417870365
      vertex -0.45944364607307786 19.246979603717467 -5.54466023517079
      vertex -0.495476072833996 18.011327501476558 -5.9795069580400195
    endloop
  endfacet
  facet normal -0.10816428714652822 0.8976967758997408 -0.42713111046292773
    outer loop
      vertex -2.234897957325989 19.246979603717467 -5.0950541417870365
      vertex -1.6101005854571915 20 -3.6706596065096346
      vertex -0.45944364607307786 19.246979603717467 -5.54466023517079
    endloop
  endfacet
  facet normal -0.10816428714652815 0.897696775899741 -0.42713111046292773
    outer loop
      vertex -0.45944364607307786 19.246979603717467 -5.54466023517079
      vertex -1.6101005854571915 20 -3.6706596065096346
      vertex -0.33099966873295095 20 -3.99457194971498
    endloop
  endfacet
  facet normal -0.5165137014175233 0.3289255215212947 -0.7905830744076892
    outer loop
      vertex -3.768166396887824 19.246979603717467 -4.093319874230028
      vertex -2.4101725479178158 18.011327501476558 -5.494639959930345
      vertex -4.0636894297544455 18.011327501476558 -4.41434346403879
    endloop
  endfacet
  facet normal -0.5165137014175238 0.3289255215212941 -0.790583074407689
    outer loop
      vertex -2.234897957325989 19.246979603717467 -5.0950541417870365
      vertex -2.4101725479178158 18.011327501476558 -5.494639959930345
      vertex -3.768166396887824 19.246979603717467 -4.093319874230028
    endloop
  endfacet
  facet normal -0.24099289256756445 0.8976967758997407 -0.36886708211919483
    outer loop
      vertex -2.234897957325989 19.246979603717467 -5.0950541417870365
      vertex -3.768166396887824 19.246979603717467 -4.093319874230028
      vertex -2.7147221204624485 20 -2.9489743387867784
    endloop
  endfacet
  facet normal -0.24099289256756432 0.8976967758997408 -0.3688670821191948
    outer loop
      vertex -2.234897957325989 19.246979603717467 -5.0950541417870365
      vertex -2.7147221204624485 20 -2.9489743387867784
      vertex -1.6101005854571915 20 -3.6706596065096346
    endloop
  endfacet
  facet normal -0.7452294689976904 0.32892552152129406 -0.5800353780842724
    outer loop
      vertex -4.893095538220933 19.246979603717467 -2.648010883898234
      vertex -4.0636894297544455 18.011327501476558 -4.41434346403879
      vertex -5.276842507238934 18.011327501476558 -2.8556843582224425
    endloop
  endfacet
  facet normal -0.74522946899769 0.3289255215212947 -0.5800353780842727
    outer loop
      vertex -3.768166396887824 19.246979603717467 -4.093319874230028
      vertex -4.0636894297544455 18.011327501476558 -4.41434346403879
      vertex -4.893095538220933 19.246979603717467 -2.648010883898234
    endloop
  endfacet
  facet normal -0.3477061786888937 0.8976967758997408 -0.2706305818653492
    outer loop
      vertex -3.768166396887824 19.246979603717467 -4.093319874230028
      vertex -4.893095538220933 19.246979603717467 -2.648010883898234
      vertex -3.525161390461791 20 -1.9077219434048938
    endloop
  endfacet
  facet normal -0.3477061786888939 0.8976967758997408 -0.2706305818653492
    outer loop
      vertex -3.768166396887824 19.246979603717467 -4.093319874230028
      vertex -3.525161390461791 20 -1.9077219434048938
      vertex -2.7147221204624485 20 -2.9489743387867784
    endloop
  endfacet
  facet normal -0.8931880601853254 0.32892552152129423 -0.30663184836921326
    outer loop
      vertex -5.487781853787787 19.246979603717467 -0.9157488261737452
      vertex -5.276842507238934 18.011327501476558 -2.8556843582224425
      vertex -5.918167820416334 18.011327501476558 -0.9875675416844049
    endloop
  endfacet
  facet normal -0.8931880601853254 0.32892552152129406 -0.3066318483692131
    outer loop
      vertex -5.487781853787787 19.246979603717467 -0.9157488261737452
      vertex -4.893095538220933 19.246979603717467 -2.648010883898234
      vertex -5.276842507238934 18.011327501476558 -2.8556843582224425
    endloop
  endfacet
  facet normal -0.41674010513203125 0.8976967758997408 -0.1430670588002497
    outer loop
      vertex -5.487781853787787 19.246979603717467 -0.9157488261737452
      vertex -3.9535947252898427 20 -0.6597382740992037
      vertex -4.893095538220933 19.246979603717467 -2.648010883898234
    endloop
  endfacet
  facet normal -0.4167401051320309 0.8976967758997411 -0.14306705880024992
    outer loop
      vertex -4.893095538220933 19.246979603717467 -2.648010883898234
      vertex -3.9535947252898427 20 -0.6597382740992037
      vertex -3.525161390461791 20 -1.9077219434048938
    endloop
  endfacet
  facet normal 0.3282613069481825 -0.8128595648562686 -0.48114846168552666
    outer loop
      vertex -6.51125061408391 3.458230789914742 4.708793992394814
      vertex -5.812457058549665 3.872770879902901 4.485212291728534
      vertex -6.4356510080064036 3.4061057174674496 4.848432367145122
    endloop
  endfacet
  facet normal 0.45235015197198725 -0.31189030824935027 0.8355260472487052
    outer loop
      vertex -6.514491370704965 3.4560407275349267 4.709731003900189
      vertex -5.795012552945603 3.880971849362812 4.4788292209842515
      vertex -6.51125061408391 3.458230789914742 4.708793992394814
    endloop
  endfacet
  facet normal 0.4523501519722805 -0.31189030825031516 0.8355260472481861
    outer loop
      vertex -6.513238837897626 3.454502925249338 4.708478847802751
      vertex -5.098622285775341 3.6611161013597626 4.019737465000084
      vertex -6.514491370704965 3.4560407275349267 4.709731003900189
    endloop
  endfacet
  facet normal 0.4523501519721555 -0.31189030824976344 0.8355260472484598
    outer loop
      vertex -6.51125061408391 3.458230789914742 4.708793992394814
      vertex -5.795012552945603 3.880971849362812 4.4788292209842515
      vertex -5.812457058549665 3.872770879902901 4.485212291728534
    endloop
  endfacet
  facet normal 0.45235015197228645 -0.31189030825009606 0.8355260472482647
    outer loop
      vertex -6.514491370704965 3.4560407275349267 4.709731003900189
      vertex -5.102358417544998 3.662295626812055 4.022200490943411
      vertex -5.795012552945603 3.880971849362812 4.4788292209842515
    endloop
  endfacet
  facet normal -0.4523501519722165 0.3118903082499219 -0.8355260472483677
    outer loop
      vertex -5.6423199062073 3.7728881913163823 4.766215228092317
      vertex -5.638757235069843 3.7736634721909272 4.764575815121262
      vertex -6.351649671559641 3.3519342195826596 4.993106973450599
    endloop
  endfacet
  facet normal -0.45235015197228656 0.3118903082500959 -0.8355260472482646
    outer loop
      vertex -4.947247875250294 3.5553486640704604 4.308701772583236
      vertex -6.351649671559641 3.3519342195826596 4.993106973450599
      vertex -5.638757235069843 3.7736634721909272 4.764575815121262
    endloop
  endfacet
  facet normal 0.45235015197229006 -0.3118903082498877 0.8355260472483405
    outer loop
      vertex -6.513238837897626 3.454502925249338 4.708478847802751
      vertex -5.099380499252882 3.659285612099109 4.019464662160829
      vertex -5.098622285775341 3.6611161013597626 4.019737465000084
    endloop
  endfacet
  facet normal 0.452350151972279 -0.3118903082504819 0.8355260472481246
    outer loop
      vertex -6.514491370704965 3.4560407275349267 4.709731003900189
      vertex -5.098622285775341 3.6611161013597626 4.019737465000084
      vertex -5.102358417544998 3.662295626812055 4.022200490943411
    endloop
  endfacet
  facet normal -0.378953549492592 -0.9152930119897495 -0.13650241583831954
    outer loop
      vertex -5.102358417544998 3.662295626812055 4.022200490943411
      vertex -4.947247875250294 3.5553486640704604 4.308701772583236
      vertex -5.638757235069843 3.7736634721909272 4.764575815121262
    endloop
  endfacet
  facet normal -0.378953549492591 -0.9152930119897502 -0.13650241583831868
    outer loop
      vertex -5.102358417544998 3.662295626812055 4.022200490943411
      vertex -5.638757235069843 3.7736634721909272 4.764575815121262
      vertex -5.638715604147429 3.8077633173862293 4.535809708593179
    endloop
  endfacet
  facet normal -0.37895354949259286 -0.9152930119897491 -0.13650241583832093
    outer loop
      vertex -5.102358417544998 3.662295626812055 4.022200490943411
      vertex -5.638715604147429 3.8077633173862293 4.535809708593179
      vertex -5.795012552945603 3.880971849362812 4.4788292209842515
    endloop
  endfacet
  facet normal -0.4523501519724031 0.311890308250197 -0.8355260472481637
    outer loop
      vertex -6.513238837897626 3.454502925249338 4.708478847802751
      vertex -6.514491370704965 3.4560407275349267 4.709731003900189
      vertex -6.51125061408391 3.458230789914742 4.708793992394814
    endloop
  endfacet
  facet normal 0.02761147417530534 0.941304583334815 0.3364272401080757
    outer loop
      vertex -6.51125061408391 3.458230789914742 4.708793992394814
      vertex -6.4356510080064036 3.4061057174674496 4.848432367145122
      vertex -5.102358417544998 3.662295626812055 4.022200490943411
    endloop
  endfacet
  facet normal -0.452350151972285 0.3118903082501412 -0.8355260472482485
    outer loop
      vertex -6.513238837897626 3.454502925249338 4.708478847802751
      vertex -6.51125061408391 3.458230789914742 4.708793992394814
      vertex -5.102358417544998 3.662295626812055 4.022200490943411
    endloop
  endfacet
  facet normal 0.027611474175327853 0.9413045833348023 0.3364272401081091
    outer loop
      vertex -5.102358417544998 3.662295626812055 4.022200490943411
      vertex -6.4356510080064036 3.4061057174674496 4.848432367145122
      vertex -6.429876996238423 3.405871074254348 4.848614997288572
    endloop
  endfacet
  facet normal 0.02761147417530536 0.9413045833348149 0.3364272401080755
    outer loop
      vertex -4.947247875250294 3.5553486640704604 4.308701772583236
      vertex -6.429876996238423 3.405871074254348 4.848614997288572
      vertex -6.351649671559641 3.3519342195826596 4.993106973450599
    endloop
  endfacet
  facet normal -0.45235015197228173 0.3118903082501923 -0.8355260472482313
    outer loop
      vertex -6.513238837897626 3.454502925249338 4.708478847802751
      vertex -5.102358417544998 3.662295626812055 4.022200490943411
      vertex -5.099380499252882 3.659285612099109 4.019464662160829
    endloop
  endfacet
  facet normal -0.45235015197249345 0.31189030824995556 -0.8355260472482051
    outer loop
      vertex -5.099380499252882 3.659285612099109 4.019464662160829
      vertex -5.102358417544998 3.662295626812055 4.022200490943411
      vertex -5.098622285775341 3.6611161013597626 4.019737465000084
    endloop
  endfacet
  facet normal 0.027611474175305625 0.9413045833348148 0.3364272401080762
    outer loop
      vertex -5.102358417544998 3.662295626812055 4.022200490943411
      vertex -6.429876996238423 3.405871074254348 4.848614997288572
      vertex -4.947247875250294 3.5553486640704604 4.308701772583236
    endloop
  endfacet
  facet normal 0.4523501519722857 0.3118903082500962 0.835526047248265
    outer loop
      vertex -6.5112506140839095 -3.4582307899147438 4.7087939923948126
      vertex -5.812457058549663 -3.872770879902902 4.4852122917285335
      vertex -6.477570722452646 -3.4613883375807935 4.691738515034333
    endloop
  endfacet
  facet normal 0.3282613069481815 0.8128595648562683 -0.48114846168552816
    outer loop
      vertex -6.5112506140839095 -3.4582307899147438 4.7087939923948126
      vertex -6.435651008006403 -3.4061057174674505 4.848432367145121
      vertex -5.812457058549663 -3.872770879902902 4.4852122917285335
    endloop
  endfacet
  facet normal 0.45235015197227396 0.3118903082501235 0.8355260472482612
    outer loop
      vertex -5.1023584175449965 -3.6622956268120563 4.022200490943411
      vertex -5.812457058549663 -3.872770879902902 4.4852122917285335
      vertex -5.795012552945602 -3.880971849362813 4.478829220984251
    endloop
  endfacet
  facet normal 0.45235015197225764 0.3118903082511697 0.8355260472478796
    outer loop
      vertex -6.477570722452646 -3.4613883375807935 4.691738515034333
      vertex -5.09862228577534 -3.6611161013597644 4.019737465000086
      vertex -5.769994402601359 -3.563058203478324 4.346611740169694
    endloop
  endfacet
  facet normal 0.4523501519722852 0.31189030825009506 0.8355260472482656
    outer loop
      vertex -6.477570722452646 -3.4613883375807935 4.691738515034333
      vertex -5.812457058549663 -3.872770879902902 4.4852122917285335
      vertex -5.1023584175449965 -3.6622956268120563 4.022200490943411
    endloop
  endfacet
  facet normal -0.4523501519724 -0.31189030825037867 -0.8355260472480978
    outer loop
      vertex -5.6423199062073 -3.7728881913163836 4.766215228092316
      vertex -6.351649671559641 -3.3519342195826614 4.993106973450597
      vertex -5.638757235069843 -3.7736634721909286 4.764575815121259
    endloop
  endfacet
  facet normal -0.45235015197228595 -0.3118903082500946 -0.8355260472482656
    outer loop
      vertex -4.9472478752502935 -3.5553486640704617 4.308701772583234
      vertex -5.638757235069843 -3.7736634721909286 4.764575815121259
      vertex -6.351649671559641 -3.3519342195826614 4.993106973450597
    endloop
  endfacet
  facet normal 0.45235015197228995 0.3118903082500092 0.8355260472482952
    outer loop
      vertex -6.477570722452646 -3.4613883375807935 4.691738515034333
      vertex -5.1023584175449965 -3.6622956268120563 4.022200490943411
      vertex -5.09862228577534 -3.6611161013597644 4.019737465000086
    endloop
  endfacet
  facet normal 0.4523501519722776 0.31189030825036806 0.835526047248168
    outer loop
      vertex -5.769994402601359 -3.563058203478324 4.346611740169694
      vertex -5.09862228577534 -3.6611161013597644 4.019737465000086
      vertex -5.09938049925288 -3.65928561209911 4.019464662160829
    endloop
  endfacet
  facet normal -0.3789535494925924 0.9152930119897493 -0.13650241583832123
    outer loop
      vertex -5.1023584175449965 -3.6622956268120563 4.022200490943411
      vertex -5.795012552945602 -3.880971849362813 4.478829220984251
      vertex -4.9472478752502935 -3.5553486640704617 4.308701772583234
    endloop
  endfacet
  facet normal -0.3789535494925928 0.9152930119897488 -0.13650241583832448
    outer loop
      vertex -4.9472478752502935 -3.5553486640704617 4.308701772583234
      vertex -5.795012552945602 -3.880971849362813 4.478829220984251
      vertex -5.638715604147429 -3.8077633173862306 4.535809708593179
    endloop
  endfacet
  facet normal -0.3789535494925917 0.9152930119897497 -0.13650241583832026
    outer loop
      vertex -4.9472478752502935 -3.5553486640704617 4.308701772583234
      vertex -5.638715604147429 -3.8077633173862306 4.535809708593179
      vertex -5.638757235069843 -3.7736634721909286 4.764575815121259
    endloop
  endfacet
  facet normal -0.4523501519722865 -0.31189030825008524 -0.8355260472482687
    outer loop
      vertex -6.5112506140839095 -3.4582307899147438 4.7087939923948126
      vertex -6.477570722452646 -3.4613883375807935 4.691738515034333
      vertex -5.769994402601359 -3.563058203478324 4.346611740169694
    endloop
  endfacet
  facet normal -0.45235015197227335 -0.3118903082504214 -0.8355260472481504
    outer loop
      vertex -6.5112506140839095 -3.4582307899147438 4.7087939923948126
      vertex -5.769994402601359 -3.563058203478324 4.346611740169694
      vertex -5.1023584175449965 -3.6622956268120563 4.022200490943411
    endloop
  endfacet
  facet normal 0.027611474175306527 -0.941304583334814 0.3364272401080784
    outer loop
      vertex -6.5112506140839095 -3.4582307899147438 4.7087939923948126
      vertex -4.9472478752502935 -3.5553486640704617 4.308701772583234
      vertex -6.435651008006403 -3.4061057174674505 4.848432367145121
    endloop
  endfacet
  facet normal 0.027611474175328464 -0.941304583334792 0.3364272401081383
    outer loop
      vertex -4.9472478752502935 -3.5553486640704617 4.308701772583234
      vertex -6.429876996238423 -3.4058710742543488 4.848614997288571
      vertex -6.435651008006403 -3.4061057174674505 4.848432367145121
    endloop
  endfacet
  facet normal 0.02761147417530479 -0.9413045833348156 0.3364272401080743
    outer loop
      vertex -4.9472478752502935 -3.5553486640704617 4.308701772583234
      vertex -6.351649671559641 -3.3519342195826614 4.993106973450597
      vertex -6.429876996238423 -3.4058710742543488 4.848614997288571
    endloop
  endfacet
  facet normal 0.02761147417530634 -0.9413045833348143 0.33642724010807773
    outer loop
      vertex -6.5112506140839095 -3.4582307899147438 4.7087939923948126
      vertex -5.1023584175449965 -3.6622956268120563 4.022200490943411
      vertex -4.9472478752502935 -3.5553486640704617 4.308701772583234
    endloop
  endfacet
  facet normal -0.4523501519722806 -0.3118903082501861 -0.8355260472482342
    outer loop
      vertex -5.769994402601359 -3.563058203478324 4.346611740169694
      vertex -5.09938049925288 -3.65928561209911 4.019464662160829
      vertex -5.1023584175449965 -3.6622956268120563 4.022200490943411
    endloop
  endfacet
  facet normal -0.4523501519721498 -0.3118903082503355 -0.8355260472482491
    outer loop
      vertex -5.1023584175449965 -3.6622956268120563 4.022200490943411
      vertex -5.09938049925288 -3.65928561209911 4.019464662160829
      vertex -5.09862228577534 -3.6611161013597644 4.019737465000086
    endloop
  endfacet
  facet normal 0.7157922762245079 0.2228414819750536 0.6618029096404001
    outer loop
      vertex -5.106649788130967 -6.239892759181499 -3.1294833230833428
      vertex -4.955184355481895 -6.427260933779316 -3.2302148008870506
      vertex -4.788480878692907 -6.144354411977086 -3.505777762348248
    endloop
  endfacet
  facet normal 0.13981273759187313 -0.37881316490272204 0.9148513455766729
    outer loop
      vertex -3.8065100555791975 -5.227382841015458 -3.7348685524432543
      vertex -4.726459264608862 -5.599775813385144 -3.7484737607114145
      vertex -4.562469144744084 -5.599716930320573 -3.7735112731193197
    endloop
  endfacet
  facet normal -0.5800105049027807 0.7174938046952313 0.3857336573678565
    outer loop
      vertex -3.805763954653014 -5.228096234307514 -3.7324197082103936
      vertex -4.510968424896073 -5.74050808440951 -3.8396793993327445
      vertex -4.534478405643179 -5.7757520982403605 -3.809473775451358
    endloop
  endfacet
  facet normal 0.1398127375918717 -0.3788131649027193 0.9148513455766745
    outer loop
      vertex -3.8065100555791975 -5.227382841015458 -3.7348685524432543
      vertex -4.562469144744084 -5.599716930320573 -3.7735112731193197
      vertex -4.510968424896073 -5.74050808440951 -3.8396793993327445
    endloop
  endfacet
  facet normal -0.5800105049027466 0.7174938046951366 0.38573365736808385
    outer loop
      vertex -3.805763954653014 -5.228096234307514 -3.7324197082103936
      vertex -3.804819032077891 -5.227110049997931 -3.7328332477330024
      vertex -4.510968424896073 -5.74050808440951 -3.8396793993327445
    endloop
  endfacet
  facet normal -0.5800105049028068 0.7174938046953023 0.3857336573676849
    outer loop
      vertex -3.8065100555791975 -5.227382841015458 -3.7348685524432543
      vertex -4.510968424896073 -5.74050808440951 -3.8396793993327445
      vertex -3.804819032077891 -5.227110049997931 -3.7328332477330024
    endloop
  endfacet
  facet normal 0.715792276224508 0.22284148197505377 0.6618029096404001
    outer loop
      vertex -5.106649788130967 -6.239892759181499 -3.1294833230833428
      vertex -4.788480878692907 -6.144354411977086 -3.505777762348248
      vertex -4.772478768846987 -5.672783046932345 -3.6818722563085386
    endloop
  endfacet
  facet normal -0.5800105049027824 0.7174938046952364 0.3857336573678445
    outer loop
      vertex -4.496752104068746 -5.949861493255709 -3.4288897618892578
      vertex -4.778681559668689 -6.129615231206916 -3.518458955240045
      vertex -4.788480878692907 -6.144354411977086 -3.505777762348248
    endloop
  endfacet
  facet normal 0.58001050490265 -0.7174938046952705 -0.3857336573679798
    outer loop
      vertex -5.106649788130967 -6.239892759181499 -3.1294833230833428
      vertex -4.772478768846987 -5.672783046932345 -3.6818722563085386
      vertex -5.103635279896389 -6.2367438749491 -3.130807704493988
    endloop
  endfacet
  facet normal -0.5800105049027814 0.7174938046952297 0.38573365736785775
    outer loop
      vertex -4.955184355481895 -6.427260933779316 -3.2302148008870506
      vertex -4.496752104068746 -5.949861493255709 -3.4288897618892578
      vertex -4.788480878692907 -6.144354411977086 -3.505777762348248
    endloop
  endfacet
  facet normal 0.5800105049027686 -0.7174938046952448 -0.38573365736784926
    outer loop
      vertex -4.528843355378825 -5.637902470666038 -3.380409058629381
      vertex -4.772478768846987 -5.672783046932345 -3.6818722563085386
      vertex -4.763134618967101 -5.65872848723459 -3.693964419727636
    endloop
  endfacet
  facet normal 0.5800105049027799 -0.7174938046952297 -0.38573365736786014
    outer loop
      vertex -5.103635279896389 -6.2367438749491 -3.130807704493988
      vertex -4.772478768846987 -5.672783046932345 -3.6818722563085386
      vertex -4.528843355378825 -5.637902470666038 -3.380409058629381
    endloop
  endfacet
  facet normal -0.5800105049027819 0.7174938046952285 0.3857336573678592
    outer loop
      vertex -4.496752104068746 -5.949861493255709 -3.4288897618892578
      vertex -4.579298978825406 -5.791145314608599 -3.848235925492759
      vertex -4.778681559668689 -6.129615231206916 -3.518458955240045
    endloop
  endfacet
  facet normal -0.5800105049027785 0.7174938046952313 0.3857336573678595
    outer loop
      vertex -4.496752104068746 -5.949861493255709 -3.4288897618892578
      vertex -4.541090051199397 -5.780519921602181 -3.810546899731302
      vertex -4.579298978825406 -5.791145314608599 -3.848235925492759
    endloop
  endfacet
  facet normal 0.5800105049027845 -0.717493804695225 -0.3857336573678624
    outer loop
      vertex -4.528843355378825 -5.637902470666038 -3.380409058629381
      vertex -4.763134618967101 -5.65872848723459 -3.693964419727636
      vertex -4.730764411474479 -5.603777140010783 -3.7475044476890513
    endloop
  endfacet
  facet normal -0.5800105049027783 0.7174938046952314 0.3857336573678598
    outer loop
      vertex -4.496752104068746 -5.949861493255709 -3.4288897618892578
      vertex -4.534478405643179 -5.7757520982403605 -3.809473775451358
      vertex -4.541090051199397 -5.780519921602181 -3.810546899731302
    endloop
  endfacet
  facet normal 0.580010504902845 -0.7174938046951612 -0.3857336573678899
    outer loop
      vertex -4.528843355378825 -5.637902470666038 -3.380409058629381
      vertex -4.730764411474479 -5.603777140010783 -3.7475044476890513
      vertex -4.726459264608862 -5.599775813385144 -3.7484737607114145
    endloop
  endfacet
  facet normal 0.5800105049027792 -0.7174938046952298 -0.3857336573678615
    outer loop
      vertex -4.528843355378825 -5.637902470666038 -3.380409058629381
      vertex -4.726459264608862 -5.599775813385144 -3.7484737607114145
      vertex -3.9579754882282696 -5.040014666417641 -3.634137074639547
    endloop
  endfacet
  facet normal -0.5800105049027803 0.7174938046952299 0.38573365736785914
    outer loop
      vertex -4.496752104068746 -5.949861493255709 -3.4288897618892578
      vertex -3.805763954653014 -5.228096234307514 -3.7324197082103936
      vertex -4.534478405643179 -5.7757520982403605 -3.809473775451358
    endloop
  endfacet
  facet normal 0.13981273759187254 -0.3788131649027207 0.9148513455766737
    outer loop
      vertex -3.9579754882282696 -5.040014666417641 -3.634137074639547
      vertex -4.726459264608862 -5.599775813385144 -3.7484737607114145
      vertex -3.8065100555791975 -5.227382841015458 -3.7348685524432543
    endloop
  endfacet
  facet normal -0.5800105049028487 0.7174938046952457 0.38573365736772713
    outer loop
      vertex -3.8065100555791975 -5.227382841015458 -3.7348685524432543
      vertex -3.804819032077891 -5.227110049997931 -3.7328332477330024
      vertex -3.804463973341029 -5.225892481198336 -3.7345641318819713
    endloop
  endfacet
  facet normal -0.4751729347275482 0.08662118748060577 -0.8756183255173792
    outer loop
      vertex -5.106649788130967 -6.239892759181499 -3.1294833230833428
      vertex -3.8065100555791975 -5.227382841015458 -3.7348685524432543
      vertex -4.955184355481895 -6.427260933779316 -3.2302148008870506
    endloop
  endfacet
  facet normal 0.5800105049028476 -0.7174938046952442 -0.38573365736773185
    outer loop
      vertex -4.955184355481895 -6.427260933779316 -3.2302148008870506
      vertex -3.8065100555791975 -5.227382841015458 -3.7348685524432543
      vertex -4.496752104068746 -5.949861493255709 -3.4288897618892578
    endloop
  endfacet
  facet normal -0.4751729347273302 0.08662118748023305 -0.8756183255175343
    outer loop
      vertex -5.106649788130967 -6.239892759181499 -3.1294833230833428
      vertex -5.103635279896389 -6.2367438749491 -3.130807704493988
      vertex -3.8065100555791975 -5.227382841015458 -3.7348685524432543
    endloop
  endfacet
  facet normal -0.5800105049027927 0.7174938046952276 0.38573365736784526
    outer loop
      vertex -5.103635279896389 -6.2367438749491 -3.130807704493988
      vertex -4.528843355378825 -5.637902470666038 -3.380409058629381
      vertex -3.9579754882282696 -5.040014666417641 -3.634137074639547
    endloop
  endfacet
  facet normal -0.47517293472754735 0.08662118748060467 -0.8756183255173797
    outer loop
      vertex -5.103635279896389 -6.2367438749491 -3.130807704493988
      vertex -3.9579754882282696 -5.040014666417641 -3.634137074639547
      vertex -3.8065100555791975 -5.227382841015458 -3.7348685524432543
    endloop
  endfacet
  facet normal 0.5800105049028219 -0.717493804695237 -0.3857336573677836
    outer loop
      vertex -4.496752104068746 -5.949861493255709 -3.4288897618892578
      vertex -3.8065100555791975 -5.227382841015458 -3.7348685524432543
      vertex -3.805763954653014 -5.228096234307514 -3.7324197082103936
    endloop
  endfacet
  facet normal 0.5800105049028402 -0.7174938046952226 -0.3857336573677827
    outer loop
      vertex -3.8065100555791975 -5.227382841015458 -3.7348685524432543
      vertex -3.804463973341029 -5.225892481198336 -3.7345641318819713
      vertex -3.805763954653014 -5.228096234307514 -3.7324197082103936
    endloop
  endfacet
  facet normal 0.5800105049029796 -0.7174938046951793 -0.38573365736765364
    outer loop
      vertex -3.805763954653014 -5.228096234307514 -3.7324197082103936
      vertex -3.804463973341029 -5.225892481198336 -3.7345641318819713
      vertex -3.804819032077891 -5.227110049997931 -3.7328332477330024
    endloop
  endfacet
  facet normal -0.575304344276217 0.7218120978250078 -0.3847235460566111
    outer loop
      vertex -4.918725013820974 -6.44372498277095 3.2492438433550697
      vertex -4.749288366678995 -6.157179129583157 3.5334859318704153
      vertex -4.911980047840134 -6.434466087207952 3.2565290085804013
    endloop
  endfacet
  facet normal 0.7205528207658528 0.22465581491603154 -0.6559980162399781
    outer loop
      vertex -4.918725013820974 -6.44372498277095 3.2492438433550697
      vertex -4.772959024303086 -6.170062361289417 3.5030738703332576
      vertex -4.749288366678995 -6.157179129583157 3.5334859318704153
    endloop
  endfacet
  facet normal 0.575304344276398 -0.7218120978249513 0.38472354605644643
    outer loop
      vertex -5.052779829859296 -6.275531592696856 3.1595973028668047
      vertex -5.046034863878461 -6.2662726971338625 3.1668824680921333
      vertex -4.764735720086917 -5.788400581887356 3.642811889128289
    endloop
  endfacet
  facet normal 0.7205528207658625 0.22465581491602007 -0.6559980162399714
    outer loop
      vertex -5.052779829859296 -6.275531592696856 3.1595973028668047
      vertex -4.764735720086917 -5.788400581887356 3.642811889128289
      vertex -4.918725013820974 -6.44372498277095 3.2492438433550697
    endloop
  endfacet
  facet normal 0.5753043442760906 -0.7218120978250493 0.38472354605672243
    outer loop
      vertex -5.046034863878461 -6.2662726971338625 3.1668824680921333
      vertex -4.756201520104295 -5.775795505615221 3.653699536284913
      vertex -4.764735720086917 -5.788400581887356 3.642811889128289
    endloop
  endfacet
  facet normal 0.720552820765863 0.22465581491601974 -0.6559980162399711
    outer loop
      vertex -4.918725013820974 -6.44372498277095 3.2492438433550697
      vertex -4.764735720086917 -5.788400581887356 3.642811889128289
      vertex -4.772959024303086 -6.170062361289417 3.5030738703332576
    endloop
  endfacet
  facet normal -0.5753043442762038 0.721812097825012 -0.3847235460566228
    outer loop
      vertex -4.911980047840134 -6.434466087207952 3.2565290085804013
      vertex -4.749288366678995 -6.157179129583157 3.5334859318704153
      vertex -3.7572266994683967 -5.245232341840379 3.7609657363333433
    endloop
  endfacet
  facet normal 0.5753043442762048 -0.7218120978250123 0.3847235460566212
    outer loop
      vertex -5.046034863878461 -6.2662726971338625 3.1668824680921333
      vertex -3.8912815155067197 -5.077038951766285 3.671319195845077
      vertex -4.756201520104295 -5.775795505615221 3.653699536284913
    endloop
  endfacet
  facet normal -0.5753043442762104 0.7218120978250155 -0.3847235460566065
    outer loop
      vertex -3.7572266994683967 -5.245232341840379 3.7609657363333433
      vertex -4.749288366678995 -6.157179129583157 3.5334859318704153
      vertex -4.740256643827954 -6.143795722463931 3.5450898896266563
    endloop
  endfacet
  facet normal 0.5753043442762038 -0.7218120978250111 0.3847235460566246
    outer loop
      vertex -3.8912815155067197 -5.077038951766285 3.671319195845077
      vertex -4.677301338062232 -5.642319906207301 3.7861392724184553
      vertex -4.756201520104295 -5.775795505615221 3.653699536284913
    endloop
  endfacet
  facet normal 0.575304344276184 -0.7218120978249601 0.3847235460567495
    outer loop
      vertex -3.8912815155067197 -5.077038951766285 3.671319195845077
      vertex -4.669967182676701 -5.636196387270023 3.786660838091654
      vertex -4.677301338062232 -5.642319906207301 3.7861392724184553
    endloop
  endfacet
  facet normal -0.5753043442762039 0.7218120978250118 -0.38472354605662334
    outer loop
      vertex -3.7572266994683967 -5.245232341840379 3.7609657363333433
      vertex -4.740256643827954 -6.143795722463931 3.5450898896266563
      vertex -4.512726177718961 -5.806636034308415 3.8374210384597305
    endloop
  endfacet
  facet normal -0.5753043442762056 0.7218120978250115 -0.3847235460566214
    outer loop
      vertex -4.740256643827954 -6.143795722463931 3.5450898896266563
      vertex -4.54324652202391 -5.810513296281395 3.875785812906721
      vertex -4.512726177718961 -5.806636034308415 3.8374210384597305
    endloop
  endfacet
  facet normal 0.1365690534506348 -0.37898637483213155 -0.9152694801702921
    outer loop
      vertex -3.8912815155067197 -5.077038951766285 3.671319195845077
      vertex -4.487985205662266 -5.769974313502624 3.8692082400080094
      vertex -4.536791919169016 -5.636122022027076 3.8065013732125967
    endloop
  endfacet
  facet normal -0.5753043442762069 0.7218120978250183 -0.38472354605660664
    outer loop
      vertex -3.7572266994683967 -5.245232341840379 3.7609657363333433
      vertex -4.512726177718961 -5.806636034308415 3.8374210384597305
      vertex -4.487985205662266 -5.769974313502624 3.8692082400080094
    endloop
  endfacet
  facet normal 0.13656905345063636 -0.3789863748321334 -0.9152694801702911
    outer loop
      vertex -3.8912815155067197 -5.077038951766285 3.671319195845077
      vertex -4.536791919169016 -5.636122022027076 3.8065013732125967
      vertex -4.669967182676701 -5.636196387270023 3.786660838091654
    endloop
  endfacet
  facet normal 0.13656905345063614 -0.3789863748321327 -0.9152694801702915
    outer loop
      vertex -3.8912815155067197 -5.077038951766285 3.671319195845077
      vertex -3.7572266994683967 -5.245232341840379 3.7609657363333433
      vertex -4.487985205662266 -5.769974313502624 3.8692082400080094
    endloop
  endfacet
  facet normal -0.6497446224028061 -0.11758204214034194 0.751003587890725
    outer loop
      vertex -5.052779829859296 -6.275531592696856 3.1595973028668047
      vertex -4.918725013820974 -6.44372498277095 3.2492438433550697
      vertex -5.046034863878461 -6.2662726971338625 3.1668824680921333
    endloop
  endfacet
  facet normal -0.6497446224027638 -0.1175820421402912 0.7510035878907694
    outer loop
      vertex -5.046034863878461 -6.2662726971338625 3.1668824680921333
      vertex -4.918725013820974 -6.44372498277095 3.2492438433550697
      vertex -4.911980047840134 -6.434466087207952 3.2565290085804013
    endloop
  endfacet
  facet normal -0.4741981068796535 0.08891194033637065 0.8759171320949113
    outer loop
      vertex -5.046034863878461 -6.2662726971338625 3.1668824680921333
      vertex -4.911980047840134 -6.434466087207952 3.2565290085804013
      vertex -3.8912815155067197 -5.077038951766285 3.671319195845077
    endloop
  endfacet
  facet normal -0.47419810687965297 0.08891194033637015 0.8759171320949116
    outer loop
      vertex -4.911980047840134 -6.434466087207952 3.2565290085804013
      vertex -3.7572266994683967 -5.245232341840379 3.7609657363333433
      vertex -3.8912815155067197 -5.077038951766285 3.671319195845077
    endloop
  endfacet
  facet normal 0.8177821762860322 0.32001665012269637 0.4783530660434075
    outer loop
      vertex -4.124517430354867 3.5684418550295782 4.912588644789399
      vertex -4.638801280544052 3.791877041674024 5.6423199062073
      vertex -4.692998796358096 3.6788570430726626 5.810584833297119
    endloop
  endfacet
  facet normal 0.8177821762859833 0.3200166501230215 0.47835306604327377
    outer loop
      vertex -4.124517430354867 3.5684418550295782 4.912588644789399
      vertex -4.6370481060303055 3.7926634036867055 5.638796642898289
      vertex -4.638801280544052 3.791877041674024 5.6423199062073
    endloop
  endfacet
  facet normal 0.13651295355769602 -0.9152934411329555 0.3789487170184737
    outer loop
      vertex -4.124517430354867 3.5684418550295782 4.912588644789399
      vertex -4.535817655043469 3.807753107786689 5.638776163444236
      vertex -4.6370481060303055 3.7926634036867055 5.638796642898289
    endloop
  endfacet
  facet normal 0.1365129535576926 -0.9152934411329566 0.3789487170184721
    outer loop
      vertex -4.124517430354867 3.5684418550295782 4.912588644789399
      vertex -4.507580131453295 3.844032678837021 5.716231672237015
      vertex -4.535817655043469 3.807753107786689 5.638776163444236
    endloop
  endfacet
  facet normal 0.8177821762860292 0.32001665012270986 0.4783530660434036
    outer loop
      vertex -4.124517430354867 3.5684418550295782 4.912588644789399
      vertex -4.692998796358096 3.6788570430726626 5.810584833297119
      vertex -4.699712247919932 3.668305189000153 5.829121162738545
    endloop
  endfacet
  facet normal 0.5142540571125933 -0.7794919227247238 -0.3576801743878892
    outer loop
      vertex -4.877543375533334 3.297721867732331 6.381056497445073
      vertex -4.699712247919932 3.668305189000153 5.829121162738545
      vertex -4.56717020473699 3.7674713511169577 5.803570574287622
    endloop
  endfacet
  facet normal 0.5142540571125894 -0.7794919227247249 -0.35768017438789235
    outer loop
      vertex -4.877543375533334 3.297721867732331 6.381056497445073
      vertex -4.56717020473699 3.7674713511169577 5.803570574287622
      vertex -4.747224135631855 3.348718731945254 6.457285363491567
    endloop
  endfacet
  facet normal 0.817782176286031 0.3200166501227021 0.4783530660434059
    outer loop
      vertex -4.124517430354867 3.5684418550295782 4.912588644789399
      vertex -4.699712247919932 3.668305189000153 5.829121162738545
      vertex -4.877543375533334 3.297721867732331 6.381056497445073
    endloop
  endfacet
  facet normal -0.8177821762860319 -0.32001665012270014 -0.47835306604340566
    outer loop
      vertex -3.9940055950488107 3.6156508301711834 4.991022339355683
      vertex -4.747313924235524 3.3448293231379758 6.460040866049708
      vertex -4.512687824902663 3.837470314159116 5.729353876465479
    endloop
  endfacet
  facet normal -0.8177821762859685 -0.320016650122796 -0.4783530660434499
    outer loop
      vertex -4.747313924235524 3.3448293231379758 6.460040866049708
      vertex -4.747224135631855 3.348718731945254 6.457285363491567
      vertex -4.512687824902663 3.837470314159116 5.729353876465479
    endloop
  endfacet
  facet normal 0.5142540571125839 -0.7794919227247272 -0.35768017438789546
    outer loop
      vertex -4.747224135631855 3.348718731945254 6.457285363491567
      vertex -4.56717020473699 3.7674713511169577 5.803570574287622
      vertex -4.512687824902663 3.837470314159116 5.729353876465479
    endloop
  endfacet
  facet normal 0.13651295355769943 -0.9152934411329545 0.37894871701847466
    outer loop
      vertex -4.124517430354867 3.5684418550295782 4.912588644789399
      vertex -3.9941981904533885 3.619438719242502 4.988817510835893
      vertex -4.507580131453295 3.844032678837021 5.716231672237015
    endloop
  endfacet
  facet normal -0.8177821762860382 -0.3200166501226561 -0.4783530660434242
    outer loop
      vertex -3.9941981904533885 3.619438719242502 4.988817510835893
      vertex -3.9961087798428356 3.618578633914549 4.99265920791032
      vertex -4.507580131453295 3.844032678837021 5.716231672237015
    endloop
  endfacet
  facet normal -0.8177821762860129 -0.32001665012282426 -0.478353066043355
    outer loop
      vertex -3.9940055950488107 3.6156508301711834 4.991022339355683
      vertex -4.512687824902663 3.837470314159116 5.729353876465479
      vertex -3.9961087798428356 3.618578633914549 4.99265920791032
    endloop
  endfacet
  facet normal -0.8177821762860243 -0.3200166501227531 -0.4783530660433832
    outer loop
      vertex -3.9961087798428356 3.618578633914549 4.99265920791032
      vertex -4.512687824902663 3.837470314159116 5.729353876465479
      vertex -4.507580131453295 3.844032678837021 5.716231672237015
    endloop
  endfacet
  facet normal -0.3584393025225452 0.9334795307476798 -0.011714609777658909
    outer loop
      vertex -4.124517430354867 3.5684418550295782 4.912588644789399
      vertex -4.877543375533334 3.297721867732331 6.381056497445073
      vertex -4.747224135631855 3.348718731945254 6.457285363491567
    endloop
  endfacet
  facet normal 0.8177821762860018 0.32001665012278036 0.47835306604340366
    outer loop
      vertex -3.9941981904533885 3.619438719242502 4.988817510835893
      vertex -4.747224135631855 3.348718731945254 6.457285363491567
      vertex -4.747313924235524 3.3448293231379758 6.460040866049708
    endloop
  endfacet
  facet normal -0.3584393025225505 0.9334795307476778 -0.011714609777661334
    outer loop
      vertex -4.124517430354867 3.5684418550295782 4.912588644789399
      vertex -4.747224135631855 3.348718731945254 6.457285363491567
      vertex -3.9941981904533885 3.619438719242502 4.988817510835893
    endloop
  endfacet
  facet normal 0.8177821762862607 0.3200166501221063 0.47835306604341177
    outer loop
      vertex -3.9941981904533885 3.619438719242502 4.988817510835893
      vertex -4.747313924235524 3.3448293231379758 6.460040866049708
      vertex -3.9961087798428356 3.618578633914549 4.99265920791032
    endloop
  endfacet
  facet normal 0.8177821762859987 0.32001665012278635 0.4783530660434045
    outer loop
      vertex -3.9940055950488107 3.6156508301711834 4.991022339355683
      vertex -3.9961087798428356 3.618578633914549 4.99265920791032
      vertex -4.747313924235524 3.3448293231379758 6.460040866049708
    endloop
  endfacet
  facet normal 0.1365129535576955 0.9152934411329517 0.3789487170184833
    outer loop
      vertex -3.9941981904533765 -3.619438719242488 4.988817510835875
      vertex -4.535817655043468 -3.8077531077866897 5.638776163444238
      vertex -4.507580131453295 -3.844032678837022 5.716231672237014
    endloop
  endfacet
  facet normal -0.8177821762860306 0.3200166501227158 -0.47835306604339733
    outer loop
      vertex -3.9941981904533765 -3.619438719242488 4.988817510835875
      vertex -4.507580131453295 -3.844032678837022 5.716231672237014
      vertex -4.512687824902663 -3.837470314159117 5.729353876465477
    endloop
  endfacet
  facet normal 0.817782176286056 -0.3200166501225505 0.4783530660434646
    outer loop
      vertex -4.124517430354854 -3.568441855029565 4.912588644789383
      vertex -4.638801280544052 -3.7918770416740246 5.642319906207303
      vertex -4.637048106030304 -3.792663403686707 5.63879664289829
    endloop
  endfacet
  facet normal 0.8177821762860313 -0.3200166501227116 0.4783530660433989
    outer loop
      vertex -4.124517430354854 -3.568441855029565 4.912588644789383
      vertex -4.692998796358091 -3.6788570430726657 5.810584833297117
      vertex -4.638801280544052 -3.7918770416740246 5.642319906207303
    endloop
  endfacet
  facet normal 0.13651295355768947 0.9152934411329536 0.37894871701848026
    outer loop
      vertex -4.124517430354854 -3.568441855029565 4.912588644789383
      vertex -4.637048106030304 -3.792663403686707 5.63879664289829
      vertex -4.535817655043468 -3.8077531077866897 5.638776163444238
    endloop
  endfacet
  facet normal 0.8177821762860339 -0.3200166501226999 0.4783530660434022
    outer loop
      vertex -4.124517430354854 -3.568441855029565 4.912588644789383
      vertex -4.6997122479199245 -3.6683051890001592 5.829121162738538
      vertex -4.692998796358091 -3.6788570430726657 5.810584833297117
    endloop
  endfacet
  facet normal 0.5142540571125941 0.7794919227247206 -0.35768017438789507
    outer loop
      vertex -4.877543375533332 -3.2977218677323172 6.3810564974450905
      vertex -4.567170204736987 -3.7674713511169613 5.803570574287615
      vertex -4.6997122479199245 -3.6683051890001592 5.829121162738538
    endloop
  endfacet
  facet normal 0.5142540571125924 0.7794919227247213 -0.3576801743878962
    outer loop
      vertex -4.877543375533332 -3.2977218677323172 6.3810564974450905
      vertex -4.747224135631854 -3.3487187319452403 6.457285363491583
      vertex -4.512687824902663 -3.837470314159117 5.729353876465477
    endloop
  endfacet
  facet normal 0.817782176286034 -0.3200166501227 0.4783530660434021
    outer loop
      vertex -4.124517430354854 -3.568441855029565 4.912588644789383
      vertex -4.877543375533332 -3.2977218677323172 6.3810564974450905
      vertex -4.6997122479199245 -3.6683051890001592 5.829121162738538
    endloop
  endfacet
  facet normal -0.8177821762860332 0.32001665012270264 -0.47835306604340183
    outer loop
      vertex -3.9941981904533765 -3.619438719242488 4.988817510835875
      vertex -4.512687824902663 -3.837470314159117 5.729353876465477
      vertex -4.747224135631854 -3.3487187319452403 6.457285363491583
    endloop
  endfacet
  facet normal 0.5142540571125883 0.7794919227247221 -0.35768017438790006
    outer loop
      vertex -4.877543375533332 -3.2977218677323172 6.3810564974450905
      vertex -4.512687824902663 -3.837470314159117 5.729353876465477
      vertex -4.567170204736987 -3.7674713511169613 5.803570574287615
    endloop
  endfacet
  facet normal 0.1365129535576942 0.9152934411329521 0.3789487170184825
    outer loop
      vertex -4.124517430354854 -3.568441855029565 4.912588644789383
      vertex -4.535817655043468 -3.8077531077866897 5.638776163444238
      vertex -3.9941981904533765 -3.619438719242488 4.988817510835875
    endloop
  endfacet
  facet normal -0.35843930252254774 -0.9334795307476789 -0.011714609777662444
    outer loop
      vertex -3.9941981904533765 -3.619438719242488 4.988817510835875
      vertex -4.747224135631854 -3.3487187319452403 6.457285363491583
      vertex -4.877543375533332 -3.2977218677323172 6.3810564974450905
    endloop
  endfacet
  facet normal -0.3584393025225478 -0.9334795307476788 -0.011714609777662463
    outer loop
      vertex -4.124517430354854 -3.568441855029565 4.912588644789383
      vertex -3.9941981904533765 -3.619438719242488 4.988817510835875
      vertex -4.877543375533332 -3.2977218677323172 6.3810564974450905
    endloop
  endfacet
  facet normal -0.8837171745336116 0.016129328342122197 0.46774330588642565
    outer loop
      vertex 3.470769960731408 4.196762610761819 5.124745846300599
      vertex 3.6562809415085065 4.689329030465003 5.458250296926511
      vertex 3.455353268432667 4.2270914442245235 5.094572930313475
    endloop
  endfacet
  facet normal -0.8887951634386664 0.024890453599026675 0.4576282582704756
    outer loop
      vertex 3.5461826264166074 4.0532297517467075 5.279017373931104
      vertex 3.6844558553923368 4.652225812477655 5.514989020217046
      vertex 3.470769960731408 4.196762610761819 5.124745846300599
    endloop
  endfacet
  facet normal -0.9640173775568477 0.13152486824946397 0.2310231694016414
    outer loop
      vertex 3.546342628675363 4.053188218075701 5.279708679781116
      vertex 3.5462811310294367 4.052184644663169 5.280023410384538
      vertex 3.7284110091292817 4.611762242961787 5.721442328812116
    endloop
  endfacet
  facet normal -0.9640173775568238 0.13152486824930748 0.2310231694018294
    outer loop
      vertex 3.5461826264166074 4.0532297517467075 5.279017373931104
      vertex 3.546342628675363 4.053188218075701 5.279708679781116
      vertex 3.7284110091292817 4.611762242961787 5.721442328812116
    endloop
  endfacet
  facet normal 0.33637385194814556 -0.6494656463805084 0.6819435503743073
    outer loop
      vertex 3.455353268432667 4.2270914442245235 5.094572930313475
      vertex 3.4614571313172027 5.024951446543733 5.851423672539675
      vertex 3.38620143993535 5.055892511060001 5.918011596469697
    endloop
  endfacet
  facet normal -0.8837171745336093 0.01612932834211807 0.4677433058864301
    outer loop
      vertex 3.455353268432667 4.2270914442245235 5.094572930313475
      vertex 3.6562809415085065 4.689329030465003 5.458250296926511
      vertex 3.654924053690817 4.708916747827938 5.455011251548073
    endloop
  endfacet
  facet normal 0.3363738519481429 -0.6494656463805096 0.6819435503743074
    outer loop
      vertex 3.455353268432667 4.2270914442245235 5.094572930313475
      vertex 3.654924053690817 4.708916747827938 5.455011251548073
      vertex 3.624368076460975 4.889766493873615 5.6423199062073
    endloop
  endfacet
  facet normal 0.3363738519481274 -0.6494656463805112 0.6819435503743135
    outer loop
      vertex 3.455353268432667 4.2270914442245235 5.094572930313475
      vertex 3.624368076460975 4.889766493873615 5.6423199062073
      vertex 3.5990983433471486 4.910091814102159 5.674141711242936
    endloop
  endfacet
  facet normal -0.8887951634386657 0.024890453599024105 0.45762825827047693
    outer loop
      vertex 3.470769960731408 4.196762610761819 5.124745846300599
      vertex 3.657085725906681 4.677421791627884 5.460460966915073
      vertex 3.6562809415085065 4.689329030465003 5.458250296926511
    endloop
  endfacet
  facet normal -0.888795163438665 0.02489045359902418 0.45762825827047815
    outer loop
      vertex 3.470769960731408 4.196762610761819 5.124745846300599
      vertex 3.6844558553923368 4.652225812477655 5.514989020217046
      vertex 3.657085725906681 4.677421791627884 5.460460966915073
    endloop
  endfacet
  facet normal -0.9640173775568542 0.13152486824950804 0.23102316940158873
    outer loop
      vertex 3.5461826264166074 4.0532297517467075 5.279017373931104
      vertex 3.7284110091292817 4.611762242961787 5.721442328812116
      vertex 3.6844558553923368 4.652225812477655 5.514989020217046
    endloop
  endfacet
  facet normal 0.33637385194814173 -0.6494656463805093 0.6819435503743083
    outer loop
      vertex 3.455353268432667 4.2270914442245235 5.094572930313475
      vertex 3.5990983433471486 4.910091814102159 5.674141711242936
      vertex 3.4614571313172027 5.024951446543733 5.851423672539675
    endloop
  endfacet
  facet normal -0.9086124444899607 -0.03270793800075729 0.4163575584875535
    outer loop
      vertex 3.5462811310294367 4.052184644663169 5.280023410384538
      vertex 3.6372708349403284 3.8789480838148647 5.464980222221795
      vertex 3.7472453508454087 4.594424010001051 5.761182256864416
    endloop
  endfacet
  facet normal -0.9683936031038083 0.047476869608604595 0.2448668542693997
    outer loop
      vertex 3.6372708349403284 3.8789480838148647 5.464980222221795
      vertex 3.6374139291320917 3.878806866892226 5.465573508061976
      vertex 3.8070354839269087 4.539383315096761 6.0083106094570375
    endloop
  endfacet
  facet normal -0.968393603103955 0.047476869609216654 0.24486685426870058
    outer loop
      vertex 3.6374139291320917 3.878806866892226 5.465573508061976
      vertex 3.6374652451678573 3.8779052805490246 5.465951258731032
      vertex 3.8070354839269087 4.539383315096761 6.0083106094570375
    endloop
  endfacet
  facet normal -0.968393603103908 0.04747686960902124 0.24486685426892438
    outer loop
      vertex 3.6372708349403284 3.8789480838148647 5.464980222221795
      vertex 3.8070354839269087 4.539383315096761 6.0083106094570375
      vertex 3.7472453508454087 4.594424010001051 5.761182256864416
    endloop
  endfacet
  facet normal -0.3369802701045674 0.6471116339265096 -0.6838792516206469
    outer loop
      vertex 3.6374652451678573 3.8779052805490246 5.465951258731032
      vertex 3.778492339503964 4.565659130567031 6.047238332934402
      vertex 3.8070354839269087 4.539383315096761 6.0083106094570375
    endloop
  endfacet
  facet normal -0.9086124444899587 -0.03270793800076199 0.4163575584875578
    outer loop
      vertex 3.5462811310294367 4.052184644663169 5.280023410384538
      vertex 3.7472453508454087 4.594424010001051 5.761182256864416
      vertex 3.7284110091292817 4.611762242961787 5.721442328812116
    endloop
  endfacet
  facet normal -0.33698027010457504 0.6471116339265086 -0.6838792516206439
    outer loop
      vertex 3.6374652451678573 3.8779052805490246 5.465951258731032
      vertex 3.3305014905950565 4.937851520130001 6.620167109010431
      vertex 3.778492339503964 4.565659130567031 6.047238332934402
    endloop
  endfacet
  facet normal -0.33698027010446624 0.6471116339265957 -0.6838792516206151
    outer loop
      vertex 3.3305014905950565 4.937851520130001 6.620167109010431
      vertex 3.329554862881299 4.941120226843847 6.623726528307516
      vertex 3.778492339503964 4.565659130567031 6.047238332934402
    endloop
  endfacet
  facet normal -0.819241672698946 -0.46561801040253237 -0.3347281734515641
    outer loop
      vertex 3.329554862881299 4.941120226843847 6.623726528307516
      vertex 3.3345261410872657 4.974358807511414 6.56532343701597
      vertex 3.778492339503964 4.565659130567031 6.047238332934402
    endloop
  endfacet
  facet normal 0.9825551067660918 -0.001890118953981126 0.18596206499771326
    outer loop
      vertex 3.546342628675363 4.053188218075701 5.279708679781116
      vertex 3.415135268297109 5.004746378402908 5.982631720032416
      vertex 3.5462811310294367 4.052184644663169 5.280023410384538
    endloop
  endfacet
  facet normal 0.9394252790502452 0.277820921187447 -0.20073784105625775
    outer loop
      vertex 3.470769960731408 4.196762610761819 5.124745846300599
      vertex 3.455353268432667 4.2270914442245235 5.094572930313475
      vertex 3.38620143993535 5.055892511060001 5.918011596469697
    endloop
  endfacet
  facet normal 0.93942527905025 0.2778209211874382 -0.2007378410562477
    outer loop
      vertex 3.5461826264166074 4.0532297517467075 5.279017373931104
      vertex 3.470769960731408 4.196762610761819 5.124745846300599
      vertex 3.38620143993535 5.055892511060001 5.918011596469697
    endloop
  endfacet
  facet normal 0.9394252790503028 0.27782092118735874 -0.20073784105610987
    outer loop
      vertex 3.5461826264166074 4.0532297517467075 5.279017373931104
      vertex 3.38620143993535 5.055892511060001 5.918011596469697
      vertex 3.546342628675363 4.053188218075701 5.279708679781116
    endloop
  endfacet
  facet normal 0.9825551067660869 -0.0018901189540003523 0.1859620649977384
    outer loop
      vertex 3.5462811310294367 4.052184644663169 5.280023410384538
      vertex 3.415135268297109 5.004746378402908 5.982631720032416
      vertex 3.3721495227907563 4.940443720998121 6.209099005682169
    endloop
  endfacet
  facet normal 0.9394252790502484 0.2778209211874405 -0.20073784105625178
    outer loop
      vertex 3.546342628675363 4.053188218075701 5.279708679781116
      vertex 3.38620143993535 5.055892511060001 5.918011596469697
      vertex 3.415135268297109 5.004746378402908 5.982631720032416
    endloop
  endfacet
  facet normal 0.9312504289519675 0.33426789720593997 -0.14504348132300093
    outer loop
      vertex 3.5462811310294367 4.052184644663169 5.280023410384538
      vertex 3.3729750881931055 4.938964058278141 6.210989503528627
      vertex 3.6372708349403284 3.8789480838148647 5.464980222221795
    endloop
  endfacet
  facet normal 0.9312504289517745 0.33426789720625444 -0.14504348132351608
    outer loop
      vertex 3.6372708349403284 3.8789480838148647 5.464980222221795
      vertex 3.3729750881931055 4.938964058278141 6.210989503528627
      vertex 3.6374139291320917 3.878806866892226 5.465573508061976
    endloop
  endfacet
  facet normal 0.9812458053736575 0.11929050554327864 0.15141481012051405
    outer loop
      vertex 3.6374139291320917 3.878806866892226 5.465573508061976
      vertex 3.3862083857961087 4.92678194965243 6.267878831888164
      vertex 3.6374652451678573 3.8779052805490246 5.465951258731032
    endloop
  endfacet
  facet normal 0.9312504289519807 0.33426789720591665 -0.1450434813229694
    outer loop
      vertex 3.5462811310294367 4.052184644663169 5.280023410384538
      vertex 3.3721495227907563 4.940443720998121 6.209099005682169
      vertex 3.3729750881931055 4.938964058278141 6.210989503528627
    endloop
  endfacet
  facet normal 0.9312504289519654 0.33426789720594374 -0.1450434813230062
    outer loop
      vertex 3.6374139291320917 3.878806866892226 5.465573508061976
      vertex 3.3729750881931055 4.938964058278141 6.210989503528627
      vertex 3.3862083857961087 4.92678194965243 6.267878831888164
    endloop
  endfacet
  facet normal 0.9812458053736822 0.1192905055436043 0.15141481012009597
    outer loop
      vertex 3.6374652451678573 3.8779052805490246 5.465951258731032
      vertex 3.3862083857961087 4.92678194965243 6.267878831888164
      vertex 3.3305014905950565 4.937851520130001 6.620167109010431
    endloop
  endfacet
  facet normal 0.9812458053736816 0.11929050554361106 0.15141481012009558
    outer loop
      vertex 3.3305014905950565 4.937851520130001 6.620167109010431
      vertex 3.3862083857961087 4.92678194965243 6.267878831888164
      vertex 3.3345261410872657 4.974358807511414 6.56532343701597
    endloop
  endfacet
  facet normal 0.9812458053736701 0.11929050554366342 0.15141481012012958
    outer loop
      vertex 3.3305014905950565 4.937851520130001 6.620167109010431
      vertex 3.3345261410872657 4.974358807511414 6.56532343701597
      vertex 3.329554862881299 4.941120226843847 6.623726528307516
    endloop
  endfacet
  facet normal -0.9640173775568706 -0.2310231694014607 0.13152486824961315
    outer loop
      vertex 3.546281131029443 -5.280023410384536 4.052184644663166
      vertex 3.7284110091292866 -5.7214423288121115 4.611762242961783
      vertex 3.546342628675369 -5.2797086797811135 4.053188218075698
    endloop
  endfacet
  facet normal -0.9640173775568964 -0.23102316940125556 0.13152486824978385
    outer loop
      vertex 3.546182626416614 -5.279017373931102 4.053229751746705
      vertex 3.546342628675369 -5.2797086797811135 4.053188218075698
      vertex 3.7284110091292866 -5.7214423288121115 4.611762242961783
    endloop
  endfacet
  facet normal -0.8887951634386663 -0.45762825827047565 0.024890453599024046
    outer loop
      vertex 3.546182626416614 -5.279017373931102 4.053229751746705
      vertex 3.684455855392341 -5.514989020217042 4.652225812477652
      vertex 3.470769960731416 -5.1247458463006 4.196762610761814
    endloop
  endfacet
  facet normal -0.8837171745336183 -0.4677433058864125 0.016129328342132158
    outer loop
      vertex 3.470769960731416 -5.1247458463006 4.196762610761814
      vertex 3.6562809415085122 -5.45825029692651 4.689329030464999
      vertex 3.455353268432675 -5.094572930313474 4.227091444224521
    endloop
  endfacet
  facet normal 0.33637385194813507 -0.6819435503743094 -0.6494656463805117
    outer loop
      vertex 3.455353268432675 -5.094572930313474 4.227091444224521
      vertex 3.461457131317203 -5.8514236725396795 5.024951446543731
      vertex 3.386201439935359 -5.918011596469693 5.055892511059995
    endloop
  endfacet
  facet normal 0.3363738519481702 -0.6819435503742969 -0.6494656463805066
    outer loop
      vertex 3.455353268432675 -5.094572930313474 4.227091444224521
      vertex 3.6243680764609802 -5.642319906207295 4.889766493873608
      vertex 3.599098343347153 -5.6741417112429335 4.9100918141021515
    endloop
  endfacet
  facet normal 0.3363738519481368 -0.6819435503743108 -0.6494656463805093
    outer loop
      vertex 3.455353268432675 -5.094572930313474 4.227091444224521
      vertex 3.6549240536908227 -5.455011251548071 4.708916747827933
      vertex 3.6243680764609802 -5.642319906207295 4.889766493873608
    endloop
  endfacet
  facet normal -0.8837171745336111 -0.4677433058864268 0.01612932834211724
    outer loop
      vertex 3.455353268432675 -5.094572930313474 4.227091444224521
      vertex 3.6562809415085122 -5.45825029692651 4.689329030464999
      vertex 3.6549240536908227 -5.455011251548071 4.708916747827933
    endloop
  endfacet
  facet normal -0.9640173775568541 -0.23102316940159148 0.13152486824950388
    outer loop
      vertex 3.546182626416614 -5.279017373931102 4.053229751746705
      vertex 3.7284110091292866 -5.7214423288121115 4.611762242961783
      vertex 3.684455855392341 -5.514989020217042 4.652225812477652
    endloop
  endfacet
  facet normal -0.8887951634386676 -0.45762825827047326 0.024890453599026665
    outer loop
      vertex 3.470769960731416 -5.1247458463006 4.196762610761814
      vertex 3.684455855392341 -5.514989020217042 4.652225812477652
      vertex 3.6570857259066867 -5.460460966915071 4.6774217916278795
    endloop
  endfacet
  facet normal -0.8887951634386654 -0.45762825827047765 0.024890453599022706
    outer loop
      vertex 3.470769960731416 -5.1247458463006 4.196762610761814
      vertex 3.6570857259066867 -5.460460966915071 4.6774217916278795
      vertex 3.6562809415085122 -5.45825029692651 4.689329030464999
    endloop
  endfacet
  facet normal 0.33637385194814434 -0.6819435503743069 -0.6494656463805093
    outer loop
      vertex 3.455353268432675 -5.094572930313474 4.227091444224521
      vertex 3.599098343347153 -5.6741417112429335 4.9100918141021515
      vertex 3.461457131317203 -5.8514236725396795 5.024951446543731
    endloop
  endfacet
  facet normal -0.819241672698947 0.3347281734515539 -0.46561801040253786
    outer loop
      vertex 3.329554862881311 -6.623726528307505 4.941120226843842
      vertex 3.3345261410872764 -6.565323437015966 4.974358807511404
      vertex 3.7784923395039605 -6.047238332934405 4.565659130567034
    endloop
  endfacet
  facet normal -0.33698027010456644 0.683879251620649 0.6471116339265076
    outer loop
      vertex 3.637465245167864 -5.465951258731029 3.8779052805490233
      vertex 3.7784923395039605 -6.047238332934405 4.565659130567034
      vertex 3.8070354839269136 -6.0083106094570295 4.539383315096757
    endloop
  endfacet
  facet normal -0.9683936031039903 -0.24486685426853336 0.04747686960936242
    outer loop
      vertex 3.637465245167864 -5.465951258731029 3.8779052805490233
      vertex 3.8070354839269136 -6.0083106094570295 4.539383315096757
      vertex 3.6374139291320984 -5.465573508061972 3.878806866892225
    endloop
  endfacet
  facet normal -0.9683936031038084 -0.24486685426939955 0.04747686960860403
    outer loop
      vertex 3.637270834940335 -5.464980222221792 3.878948083814864
      vertex 3.6374139291320984 -5.465573508061972 3.878806866892225
      vertex 3.8070354839269136 -6.0083106094570295 4.539383315096757
    endloop
  endfacet
  facet normal -0.9683936031039077 -0.2448668542689264 0.047476869609018785
    outer loop
      vertex 3.637270834940335 -5.464980222221792 3.878948083814864
      vertex 3.8070354839269136 -6.0083106094570295 4.539383315096757
      vertex 3.7472453508454135 -5.76118225686441 4.594424010001046
    endloop
  endfacet
  facet normal -0.33698027010457954 0.6838792516206439 0.6471116339265062
    outer loop
      vertex 3.329554862881311 -6.623726528307505 4.941120226843842
      vertex 3.7784923395039605 -6.047238332934405 4.565659130567034
      vertex 3.637465245167864 -5.465951258731029 3.8779052805490233
    endloop
  endfacet
  facet normal -0.9086124444899593 -0.4163575584875566 -0.03270793800076016
    outer loop
      vertex 3.637270834940335 -5.464980222221792 3.878948083814864
      vertex 3.7472453508454135 -5.76118225686441 4.594424010001046
      vertex 3.546281131029443 -5.280023410384536 4.052184644663166
    endloop
  endfacet
  facet normal -0.9086124444899558 -0.41635755848756356 -0.03270793800076766
    outer loop
      vertex 3.546281131029443 -5.280023410384536 4.052184644663166
      vertex 3.7472453508454135 -5.76118225686441 4.594424010001046
      vertex 3.7284110091292866 -5.7214423288121115 4.611762242961783
    endloop
  endfacet
  facet normal 0.9825551067660876 -0.18596206499773613 -0.0018901189539994524
    outer loop
      vertex 3.546281131029443 -5.280023410384536 4.052184644663166
      vertex 3.4151352682971163 -5.982631720032412 5.0047463784029045
      vertex 3.3721495227907643 -6.209099005682165 4.940443720998118
    endloop
  endfacet
  facet normal 0.9394252790502506 0.20073784105624742 0.27782092118743595
    outer loop
      vertex 3.546342628675369 -5.2797086797811135 4.053188218075698
      vertex 3.386201439935359 -5.918011596469693 5.055892511059995
      vertex 3.4151352682971163 -5.982631720032412 5.0047463784029045
    endloop
  endfacet
  facet normal 0.9825551067661208 -0.18596206499756138 -0.001890118953865958
    outer loop
      vertex 3.546281131029443 -5.280023410384536 4.052184644663166
      vertex 3.546342628675369 -5.2797086797811135 4.053188218075698
      vertex 3.4151352682971163 -5.982631720032412 5.0047463784029045
    endloop
  endfacet
  facet normal 0.9394252790502515 0.20073784105624543 0.2778209211874345
    outer loop
      vertex 3.470769960731416 -5.1247458463006 4.196762610761814
      vertex 3.455353268432675 -5.094572930313474 4.227091444224521
      vertex 3.386201439935359 -5.918011596469693 5.055892511059995
    endloop
  endfacet
  facet normal 0.9394252790505095 0.2007378410555729 0.27782092118704804
    outer loop
      vertex 3.546182626416614 -5.279017373931102 4.053229751746705
      vertex 3.386201439935359 -5.918011596469693 5.055892511059995
      vertex 3.546342628675369 -5.2797086797811135 4.053188218075698
    endloop
  endfacet
  facet normal 0.9394252790502501 0.20073784105624842 0.2778209211874371
    outer loop
      vertex 3.546182626416614 -5.279017373931102 4.053229751746705
      vertex 3.470769960731416 -5.1247458463006 4.196762610761814
      vertex 3.386201439935359 -5.918011596469693 5.055892511059995
    endloop
  endfacet
  facet normal 0.9812458053736829 -0.15141481012008792 0.1192905055436112
    outer loop
      vertex 3.329554862881311 -6.623726528307505 4.941120226843842
      vertex 3.3862083857961176 -6.267878831888154 4.926781949652422
      vertex 3.3345261410872764 -6.565323437015966 4.974358807511404
    endloop
  endfacet
  facet normal 0.9312504289517746 0.14504348132351624 0.33426789720625383
    outer loop
      vertex 3.637270834940335 -5.464980222221792 3.878948083814864
      vertex 3.372975088193118 -6.210989503528633 4.93896405827813
      vertex 3.6374139291320984 -5.465573508061972 3.878806866892225
    endloop
  endfacet
  facet normal 0.9812458053736621 -0.15141481012043814 0.11929050554333749
    outer loop
      vertex 3.637465245167864 -5.465951258731029 3.8779052805490233
      vertex 3.6374139291320984 -5.465573508061972 3.878806866892225
      vertex 3.3862083857961176 -6.267878831888154 4.926781949652422
    endloop
  endfacet
  facet normal 0.9312504289519662 0.14504348132300526 0.3342678972059419
    outer loop
      vertex 3.637270834940335 -5.464980222221792 3.878948083814864
      vertex 3.546281131029443 -5.280023410384536 4.052184644663166
      vertex 3.372975088193118 -6.210989503528633 4.93896405827813
    endloop
  endfacet
  facet normal 0.9312504289519599 0.14504348132301928 0.3342678972059532
    outer loop
      vertex 3.546281131029443 -5.280023410384536 4.052184644663166
      vertex 3.3721495227907643 -6.209099005682165 4.940443720998118
      vertex 3.372975088193118 -6.210989503528633 4.93896405827813
    endloop
  endfacet
  facet normal 0.9812458053736829 -0.15141481012008798 0.11929050554361018
    outer loop
      vertex 3.329554862881311 -6.623726528307505 4.941120226843842
      vertex 3.637465245167864 -5.465951258731029 3.8779052805490233
      vertex 3.3862083857961176 -6.267878831888154 4.926781949652422
    endloop
  endfacet
  facet normal 0.9312504289519669 0.1450434813230028 0.3342678972059407
    outer loop
      vertex 3.6374139291320984 -5.465573508061972 3.878806866892225
      vertex 3.372975088193118 -6.210989503528633 4.93896405827813
      vertex 3.3862083857961176 -6.267878831888154 4.926781949652422
    endloop
  endfacet
  facet normal -0.960531393773382 0.08930580231596218 -0.26344622838155507
    outer loop
      vertex 3.6003824263408317 4.182754444322087 -5.147139148479055
      vertex 3.600538434949077 4.184463183610872 -5.147128713077371
      vertex 3.7697258544859618 4.573729248534509 -5.632032636124944
    endloop
  endfacet
  facet normal -0.960531393773485 0.08930580231665988 -0.26344622838094295
    outer loop
      vertex 3.6002836668593075 4.18474395537853 -5.1461046433915305
      vertex 3.743411107300403 4.597953679835733 -5.527876568935999
      vertex 3.600538434949077 4.184463183610872 -5.147128713077371
    endloop
  endfacet
  facet normal 0.3144344170108162 -0.8009611280374689 -0.5095019811266817
    outer loop
      vertex 3.433632464080204 4.65561350716944 -5.196211954688572
      vertex 3.4749877248330763 5.120118746830766 -5.900914069171652
      vertex 3.5433235618686525 5.100571600540958 -5.82801220657381
    endloop
  endfacet
  facet normal -0.9605313937734264 0.08930580231634395 -0.26344622838126397
    outer loop
      vertex 3.600538434949077 4.184463183610872 -5.147128713077371
      vertex 3.743411107300403 4.597953679835733 -5.527876568935999
      vertex 3.7697258544859618 4.573729248534509 -5.632032636124944
    endloop
  endfacet
  facet normal -0.960531393773427 0.08930580231634695 -0.26344622838126003
    outer loop
      vertex 3.6002836668593075 4.18474395537853 -5.1461046433915305
      vertex 3.734295313989986 4.755069651894342 -5.4413793215271875
      vertex 3.743411107300403 4.597953679835733 -5.527876568935999
    endloop
  endfacet
  facet normal -0.8762536809465835 -0.04259484021472748 -0.4799637134353438
    outer loop
      vertex 3.6002836668593075 4.18474395537853 -5.1461046433915305
      vertex 3.475592598602026 4.51399119475895 -4.94767969724842
      vertex 3.734295313989986 4.755069651894342 -5.4413793215271875
    endloop
  endfacet
  facet normal 0.3144344170108185 -0.8009611280374684 -0.5095019811266811
    outer loop
      vertex 3.433632464080204 4.65561350716944 -5.196211954688572
      vertex 3.5433235618686525 5.100571600540958 -5.82801220657381
      vertex 3.6802090772769227 5.011670040996136 -5.6037771400107825
    endloop
  endfacet
  facet normal 0.31443441701081815 -0.8009611280374684 -0.5095019811266812
    outer loop
      vertex 3.433632464080204 4.65561350716944 -5.196211954688572
      vertex 3.6802090772769227 5.011670040996136 -5.6037771400107825
      vertex 3.716576208591495 4.910860364868609 -5.422855940376565
    endloop
  endfacet
  facet normal 0.3144344170108142 -0.8009611280374676 -0.5095019811266852
    outer loop
      vertex 3.433632464080204 4.65561350716944 -5.196211954688572
      vertex 3.716576208591495 4.910860364868609 -5.422855940376565
      vertex 3.475592598602026 4.51399119475895 -4.94767969724842
    endloop
  endfacet
  facet normal -0.8762536809465837 -0.04259484021472647 -0.47996371343534333
    outer loop
      vertex 3.475592598602026 4.51399119475895 -4.94767969724842
      vertex 3.716576208591495 4.910860364868609 -5.422855940376565
      vertex 3.734295313989986 4.755069651894342 -5.4413793215271875
    endloop
  endfacet
  facet normal -0.8228458562476517 -0.4495814066649025 0.3475647502801115
    outer loop
      vertex 3.461858586064172 4.736690853674812 -6.66477165766047
      vertex 3.901358169553384 4.45255316613149 -5.991811037643845
      vertex 3.4383547276195983 4.878777860302618 -6.536623956417206
    endloop
  endfacet
  facet normal -0.32383271319242884 0.7771411502197216 0.5396146833635996
    outer loop
      vertex 3.461858586064172 4.736690853674812 -6.66477165766047
      vertex 3.709122665518131 3.9092871928180126 -5.3247754479360525
      vertex 3.901358169553384 4.45255316613149 -5.991811037643845
    endloop
  endfacet
  facet normal -0.9384920239718539 -0.06186651585168948 -0.33971348980808197
    outer loop
      vertex 3.7087135780048874 3.9107879351983543 -5.3239186092329795
      vertex 3.803545033373477 4.542596501187652 -5.700960919859018
      vertex 3.708930577241083 3.91027546961658 -5.324424763970716
    endloop
  endfacet
  facet normal -0.9105508068677767 -0.10235148265114734 -0.40052640626000274
    outer loop
      vertex 3.7087135780048874 3.9107879351983543 -5.3239186092329795
      vertex 3.6003824263408317 4.182754444322087 -5.147139148479055
      vertex 3.803545033373477 4.542596501187652 -5.700960919859018
    endloop
  endfacet
  facet normal -0.9105508068677758 -0.10235148265115003 -0.40052640626000435
    outer loop
      vertex 3.6003824263408317 4.182754444322087 -5.147139148479055
      vertex 3.7697258544859618 4.573729248534509 -5.632032636124944
      vertex 3.803545033373477 4.542596501187652 -5.700960919859018
    endloop
  endfacet
  facet normal -0.9384920239718557 -0.061866515851686406 -0.33971348980807736
    outer loop
      vertex 3.708930577241083 3.91027546961658 -5.324424763970716
      vertex 3.803545033373477 4.542596501187652 -5.700960919859018
      vertex 3.9095490722990363 4.445012908972343 -5.976036214156514
    endloop
  endfacet
  facet normal -0.32383271319246976 0.7771411502197156 0.5396146833635842
    outer loop
      vertex 3.709122665518131 3.9092871928180126 -5.3247754479360525
      vertex 3.9095490722990363 4.445012908972343 -5.976036214156514
      vertex 3.901358169553384 4.45255316613149 -5.991811037643845
    endloop
  endfacet
  facet normal -0.9384920239720093 -0.061866515851216414 -0.33971348980773886
    outer loop
      vertex 3.709122665518131 3.9092871928180126 -5.3247754479360525
      vertex 3.708930577241083 3.91027546961658 -5.324424763970716
      vertex 3.9095490722990363 4.445012908972343 -5.976036214156514
    endloop
  endfacet
  facet normal 0.9779504034460795 -0.08813102472843846 -0.18933021650007656
    outer loop
      vertex 3.600538434949077 4.184463183610872 -5.147128713077371
      vertex 3.439784412282391 4.887664789320566 -6.304806253810844
      vertex 3.514733018795649 5.026729643605631 -5.982406095009546
    endloop
  endfacet
  facet normal 0.97795040344608 -0.0881310247284349 -0.18933021650007445
    outer loop
      vertex 3.6003824263408317 4.182754444322087 -5.147139148479055
      vertex 3.439784412282391 4.887664789320566 -6.304806253810844
      vertex 3.600538434949077 4.184463183610872 -5.147128713077371
    endloop
  endfacet
  facet normal 0.9511890307676202 0.2606932496269215 0.16516191251711362
    outer loop
      vertex 3.6002836668593075 4.18474395537853 -5.1461046433915305
      vertex 3.600538434949077 4.184463183610872 -5.147128713077371
      vertex 3.514733018795649 5.026729643605631 -5.982406095009546
    endloop
  endfacet
  facet normal 0.9511890307675077 0.260693249627168 0.16516191251737333
    outer loop
      vertex 3.6002836668593075 4.18474395537853 -5.1461046433915305
      vertex 3.514733018795649 5.026729643605631 -5.982406095009546
      vertex 3.475592598602026 4.51399119475895 -4.94767969724842
    endloop
  endfacet
  facet normal -0.3144344170107982 0.8009611280374733 0.5095019811266858
    outer loop
      vertex 3.433632464080204 4.65561350716944 -5.196211954688572
      vertex 3.475592598602026 4.51399119475895 -4.94767969724842
      vertex 3.4749877248330763 5.120118746830766 -5.900914069171652
    endloop
  endfacet
  facet normal 0.9511890307675077 0.26069324962716794 0.1651619125173733
    outer loop
      vertex 3.475592598602026 4.51399119475895 -4.94767969724842
      vertex 3.514733018795649 5.026729643605631 -5.982406095009546
      vertex 3.4749877248330763 5.120118746830766 -5.900914069171652
    endloop
  endfacet
  facet normal 0.9767234163291543 0.20818272506459948 -0.051684823487971265
    outer loop
      vertex 3.461858586064172 4.736690853674812 -6.66477165766047
      vertex 3.4383547276195983 4.878777860302618 -6.536623956417206
      vertex 3.4504049947086775 4.867684807984753 -6.353583838648234
    endloop
  endfacet
  facet normal 0.9767234163291774 0.2081827250644728 -0.051684823488046906
    outer loop
      vertex 3.461858586064172 4.736690853674812 -6.66477165766047
      vertex 3.708930577241083 3.91027546961658 -5.324424763970716
      vertex 3.709122665518131 3.9092871928180126 -5.3247754479360525
    endloop
  endfacet
  facet normal 0.941547209934332 0.3295216364543794 0.07003101151134908
    outer loop
      vertex 3.7087135780048874 3.9107879351983543 -5.3239186092329795
      vertex 3.708930577241083 3.91027546961658 -5.324424763970716
      vertex 3.4504049947086775 4.867684807984753 -6.353583838648234
    endloop
  endfacet
  facet normal 0.9415472099343327 0.32952163645437793 0.07003101151134741
    outer loop
      vertex 3.7087135780048874 3.9107879351983543 -5.3239186092329795
      vertex 3.4466619349497205 4.871130537231089 -6.319472877217315
      vertex 3.6003824263408317 4.182754444322087 -5.147139148479055
    endloop
  endfacet
  facet normal 0.9767234163291538 0.2081827250646016 -0.05168482348797218
    outer loop
      vertex 3.461858586064172 4.736690853674812 -6.66477165766047
      vertex 3.4504049947086775 4.867684807984753 -6.353583838648234
      vertex 3.708930577241083 3.91027546961658 -5.324424763970716
    endloop
  endfacet
  facet normal 0.9415472099343314 0.32952163645438054 0.0700310115113506
    outer loop
      vertex 3.7087135780048874 3.9107879351983543 -5.3239186092329795
      vertex 3.4504049947086775 4.867684807984753 -6.353583838648234
      vertex 3.4466619349497205 4.871130537231089 -6.319472877217315
    endloop
  endfacet
  facet normal 0.9415472099343412 0.32952163645435656 0.07003101151133362
    outer loop
      vertex 3.6003824263408317 4.182754444322087 -5.147139148479055
      vertex 3.4466619349497205 4.871130537231089 -6.319472877217315
      vertex 3.439784412282391 4.887664789320566 -6.304806253810844
    endloop
  endfacet
  facet normal 0.31443441701081426 -0.5095019811266812 0.80096112803747
    outer loop
      vertex 3.47559259860203 -4.947679697248424 -4.513991194758956
      vertex 3.474987724833083 -5.900914069171646 -5.120118746830764
      vertex 3.543323561868655 -5.82801220657381 -5.100571600540958
    endloop
  endfacet
  facet normal 0.3144344170108205 -0.5095019811266799 0.8009611280374684
    outer loop
      vertex 3.47559259860203 -4.947679697248424 -4.513991194758956
      vertex 3.543323561868655 -5.82801220657381 -5.100571600540958
      vertex 3.6802090772769236 -5.6037771400107825 -5.011670040996136
    endloop
  endfacet
  facet normal 0.3144344170108156 -0.5095019811266819 0.8009611280374691
    outer loop
      vertex 3.47559259860203 -4.947679697248424 -4.513991194758956
      vertex 3.6802090772769236 -5.6037771400107825 -5.011670040996136
      vertex 3.7165762085914964 -5.422855940376565 -4.910860364868609
    endloop
  endfacet
  facet normal -0.9605313937734273 -0.26344622838126003 -0.0893058023163449
    outer loop
      vertex 3.6005384349490823 -5.1471287130773735 -4.184463183610875
      vertex 3.743411107300405 -5.527876568935997 -4.59795367983573
      vertex 3.769725854485963 -5.632032636124941 -4.573729248534507
    endloop
  endfacet
  facet normal -0.9605313937734272 -0.263446228381262 -0.0893058023163424
    outer loop
      vertex 3.600283666859313 -5.146104643391534 -4.184743955378533
      vertex 3.7342953139899877 -5.4413793215271875 -4.755069651894339
      vertex 3.743411107300405 -5.527876568935997 -4.59795367983573
    endloop
  endfacet
  facet normal -0.8762536809465835 -0.47996371343534366 0.042594840214728126
    outer loop
      vertex 3.47559259860203 -4.947679697248424 -4.513991194758956
      vertex 3.7165762085914964 -5.422855940376565 -4.910860364868609
      vertex 3.7342953139899877 -5.4413793215271875 -4.755069651894339
    endloop
  endfacet
  facet normal -0.8762536809465828 -0.4799637134353446 0.042594840214731006
    outer loop
      vertex 3.600283666859313 -5.146104643391534 -4.184743955378533
      vertex 3.47559259860203 -4.947679697248424 -4.513991194758956
      vertex 3.7342953139899877 -5.4413793215271875 -4.755069651894339
    endloop
  endfacet
  facet normal -0.9605313937734203 -0.26344622838130605 -0.08930580231628446
    outer loop
      vertex 3.6005384349490823 -5.1471287130773735 -4.184463183610875
      vertex 3.769725854485963 -5.632032636124941 -4.573729248534507
      vertex 3.600382426340837 -5.147139148479059 -4.18275444432209
    endloop
  endfacet
  facet normal -0.9605313937734538 -0.26344622838111614 -0.08930580231648641
    outer loop
      vertex 3.600283666859313 -5.146104643391534 -4.184743955378533
      vertex 3.743411107300405 -5.527876568935997 -4.59795367983573
      vertex 3.6005384349490823 -5.1471287130773735 -4.184463183610875
    endloop
  endfacet
  facet normal -0.8228458562476526 0.34756475028011086 0.4495814066649017
    outer loop
      vertex 3.4618585860641793 -6.664771657660468 -4.736690853674808
      vertex 3.9013581695533865 -5.991811037643848 -4.452553166131487
      vertex 3.4383547276196076 -6.536623956417206 -4.878777860302608
    endloop
  endfacet
  facet normal -0.32383271319243273 0.5396146833636013 -0.7771411502197192
    outer loop
      vertex 3.4618585860641793 -6.664771657660468 -4.736690853674808
      vertex 3.7091226655181413 -5.324775447936059 -3.909287192818011
      vertex 3.9013581695533865 -5.991811037643848 -4.452553166131487
    endloop
  endfacet
  facet normal -0.9105508068677742 -0.4005264062600062 0.10235148265115557
    outer loop
      vertex 3.600382426340837 -5.147139148479059 -4.18275444432209
      vertex 3.769725854485963 -5.632032636124941 -4.573729248534507
      vertex 3.80354503337348 -5.700960919859017 -4.542596501187648
    endloop
  endfacet
  facet normal -0.9105508068677746 -0.40052640626000574 0.1023514826511548
    outer loop
      vertex 3.708713578004897 -5.323918609232986 -3.9107879351983525
      vertex 3.600382426340837 -5.147139148479059 -4.18275444432209
      vertex 3.80354503337348 -5.700960919859017 -4.542596501187648
    endloop
  endfacet
  facet normal -0.9384920239718548 -0.3397134898080784 0.061866515851693456
    outer loop
      vertex 3.708713578004897 -5.323918609232986 -3.9107879351983525
      vertex 3.80354503337348 -5.700960919859017 -4.542596501187648
      vertex 3.7089305772410928 -5.324424763970722 -3.910275469616578
    endloop
  endfacet
  facet normal -0.9384920239718569 -0.33971348980807353 0.061866515851690194
    outer loop
      vertex 3.7089305772410928 -5.324424763970722 -3.910275469616578
      vertex 3.80354503337348 -5.700960919859017 -4.542596501187648
      vertex 3.90954907229904 -5.976036214156517 -4.445012908972339
    endloop
  endfacet
  facet normal -0.32383271319243406 0.5396146833636004 -0.777141150219719
    outer loop
      vertex 3.7091226655181413 -5.324775447936059 -3.909287192818011
      vertex 3.90954907229904 -5.976036214156517 -4.445012908972339
      vertex 3.9013581695533865 -5.991811037643848 -4.452553166131487
    endloop
  endfacet
  facet normal -0.9384920239719067 -0.3397134898079641 0.06186651585153826
    outer loop
      vertex 3.7091226655181413 -5.324775447936059 -3.909287192818011
      vertex 3.7089305772410928 -5.324424763970722 -3.910275469616578
      vertex 3.90954907229904 -5.976036214156517 -4.445012908972339
    endloop
  endfacet
  facet normal 0.97795040344608 -0.18933021650007442 0.08813102472843752
    outer loop
      vertex 3.6005384349490823 -5.1471287130773735 -4.184463183610875
      vertex 3.439784412282399 -6.30480625381084 -4.887664789320564
      vertex 3.5147330187956562 -5.982406095009543 -5.026729643605628
    endloop
  endfacet
  facet normal 0.951189030767508 0.16516191251737428 -0.260693249627166
    outer loop
      vertex 3.47559259860203 -4.947679697248424 -4.513991194758956
      vertex 3.5147330187956562 -5.982406095009543 -5.026729643605628
      vertex 3.474987724833083 -5.900914069171646 -5.120118746830764
    endloop
  endfacet
  facet normal 0.9779504034461103 -0.18933021649998727 0.08813102472828717
    outer loop
      vertex 3.6005384349490823 -5.1471287130773735 -4.184463183610875
      vertex 3.600382426340837 -5.147139148479059 -4.18275444432209
      vertex 3.439784412282399 -6.30480625381084 -4.887664789320564
    endloop
  endfacet
  facet normal 0.9511890307675075 0.16516191251737505 -0.26069324962716767
    outer loop
      vertex 3.6005384349490823 -5.1471287130773735 -4.184463183610875
      vertex 3.5147330187956562 -5.982406095009543 -5.026729643605628
      vertex 3.47559259860203 -4.947679697248424 -4.513991194758956
    endloop
  endfacet
  facet normal 0.9511890307675092 0.16516191251711906 -0.26069324962732326
    outer loop
      vertex 3.600283666859313 -5.146104643391534 -4.184743955378533
      vertex 3.6005384349490823 -5.1471287130773735 -4.184463183610875
      vertex 3.47559259860203 -4.947679697248424 -4.513991194758956
    endloop
  endfacet
  facet normal 0.9767234163291545 -0.05168482348797749 -0.20818272506459698
    outer loop
      vertex 3.4618585860641793 -6.664771657660468 -4.736690853674808
      vertex 3.4383547276196076 -6.536623956417206 -4.878777860302608
      vertex 3.450404994708689 -6.353583838648221 -4.867684807984741
    endloop
  endfacet
  facet normal 0.9767234163291545 -0.051684823487977614 -0.2081827250645973
    outer loop
      vertex 3.4618585860641793 -6.664771657660468 -4.736690853674808
      vertex 3.450404994708689 -6.353583838648221 -4.867684807984741
      vertex 3.7089305772410928 -5.324424763970722 -3.910275469616578
    endloop
  endfacet
  facet normal 0.94154720993433 0.07003101151135398 -0.3295216364543838
    outer loop
      vertex 3.708713578004897 -5.323918609232986 -3.9107879351983525
      vertex 3.450404994708689 -6.353583838648221 -4.867684807984741
      vertex 3.4466619349497334 -6.319472877217318 -4.8711305372310765
    endloop
  endfacet
  facet normal 0.9415472099343284 0.07003101151135571 -0.32952163645438887
    outer loop
      vertex 3.600382426340837 -5.147139148479059 -4.18275444432209
      vertex 3.4466619349497334 -6.319472877217318 -4.8711305372310765
      vertex 3.439784412282399 -6.30480625381084 -4.887664789320564
    endloop
  endfacet
  facet normal 0.9415472099343319 0.07003101151134897 -0.3295216364543795
    outer loop
      vertex 3.708713578004897 -5.323918609232986 -3.9107879351983525
      vertex 3.7089305772410928 -5.324424763970722 -3.910275469616578
      vertex 3.450404994708689 -6.353583838648221 -4.867684807984741
    endloop
  endfacet
  facet normal 0.9767234163291133 -0.05168482348782639 -0.20818272506482852
    outer loop
      vertex 3.4618585860641793 -6.664771657660468 -4.736690853674808
      vertex 3.7089305772410928 -5.324424763970722 -3.910275469616578
      vertex 3.7091226655181413 -5.324775447936059 -3.909287192818011
    endloop
  endfacet
  facet normal 0.9415472099343307 0.07003101151135208 -0.3295216364543826
    outer loop
      vertex 3.708713578004897 -5.323918609232986 -3.9107879351983525
      vertex 3.4466619349497334 -6.319472877217318 -4.8711305372310765
      vertex 3.600382426340837 -5.147139148479059 -4.18275444432209
    endloop
  endfacet
  facet normal 0.3538438397644268 0.6424081169536471 0.6797840453650233
    outer loop
      vertex 3.683527201127178 5.276090584544166 -3.9513489505083683
      vertex 3.8255246292562903 5.802113247913214 -4.522362857796082
      vertex 3.571180644718504 6.203734611714074 -4.7695101291734465
    endloop
  endfacet
  facet normal 0.3538438397644106 0.6424081169536502 0.6797840453650287
    outer loop
      vertex 3.683527201127178 5.276090584544166 -3.9513489505083683
      vertex 3.571180644718504 6.203734611714074 -4.7695101291734465
      vertex 3.547256875747013 6.226452841724875 -4.778526370624006
    endloop
  endfacet
  facet normal 0.3538438397644309 0.6424081169536465 0.6797840453650218
    outer loop
      vertex 3.683527201127178 5.276090584544166 -3.9513489505083683
      vertex 3.547256875747013 6.226452841724875 -4.778526370624006
      vertex 3.3826273611295523 6.4634623136341105 -4.916810976741993
    endloop
  endfacet
  facet normal 0.3538438397644267 0.6424081169536471 0.6797840453650233
    outer loop
      vertex 3.8355777783132634 5.838826707292903 -4.562290639796952
      vertex 3.571180644718504 6.203734611714074 -4.7695101291734465
      vertex 3.8255246292562903 5.802113247913214 -4.522362857796082
    endloop
  endfacet
  facet normal -0.35384383976442557 -0.642408116953647 -0.679784045365024
    outer loop
      vertex 3.732681219647926 5.365330347767515 -3.856917131154874
      vertex 3.4358311976836893 6.549664829936709 -4.821616931626751
      vertex 3.8685964089585836 5.952671850948249 -4.482712491366103
    endloop
  endfacet
  facet normal 0.3538438397643601 0.6424081169536291 0.6797840453650749
    outer loop
      vertex 3.3826273611295523 6.4634623136341105 -4.916810976741993
      vertex 3.4616249467916513 6.357035769469738 -4.85735611447611
      vertex 3.386677179162941 6.460425066713359 -4.916048750980246
    endloop
  endfacet
  facet normal -0.7683750860851972 -0.21474586911386115 0.6028962918961255
    outer loop
      vertex 3.386677179162941 6.460425066713359 -4.916048750980246
      vertex 3.4616249467916513 6.357035769469738 -4.85735611447611
      vertex 3.4358311976836893 6.549664829936709 -4.821616931626751
    endloop
  endfacet
  facet normal 0.3538438397643534 0.6424081169536274 0.67978404536508
    outer loop
      vertex 3.3826273611295523 6.4634623136341105 -4.916810976741993
      vertex 3.547256875747013 6.226452841724875 -4.778526370624006
      vertex 3.4616249467916513 6.357035769469738 -4.85735611447611
    endloop
  endfacet
  facet normal -0.7683750860851988 -0.21474586911386104 0.6028962918961237
    outer loop
      vertex 3.4358311976836893 6.549664829936709 -4.821616931626751
      vertex 3.4616249467916513 6.357035769469738 -4.85735611447611
      vertex 3.8685964089585836 5.952671850948249 -4.482712491366103
    endloop
  endfacet
  facet normal -0.917412883389458 0.3798661889416503 0.11855496569096989
    outer loop
      vertex 3.683527201127178 5.276090584544166 -3.9513489505083683
      vertex 3.732681219647926 5.365330347767515 -3.856917131154874
      vertex 3.8860586697823165 5.926043078582324 -4.466637347846552
    endloop
  endfacet
  facet normal 0.3538438397643938 0.6424081169536613 0.6797840453650268
    outer loop
      vertex 3.683527201127178 5.276090584544166 -3.9513489505083683
      vertex 3.8268589422414663 5.800078510423847 -4.521134536162749
      vertex 3.8255246292562903 5.802113247913214 -4.522362857796082
    endloop
  endfacet
  facet normal -0.9174128833894594 0.3798661889416482 0.1185549656909667
    outer loop
      vertex 3.683527201127178 5.276090584544166 -3.9513489505083683
      vertex 3.8860586697823165 5.926043078582324 -4.466637347846552
      vertex 3.8268589422414663 5.800078510423847 -4.521134536162749
    endloop
  endfacet
  facet normal -0.3538438397644413 -0.6424081169536408 -0.6797840453650217
    outer loop
      vertex 3.732681219647926 5.365330347767515 -3.856917131154874
      vertex 3.8685964089585836 5.952671850948249 -4.482712491366103
      vertex 3.8860586697823165 5.926043078582324 -4.466637347846552
    endloop
  endfacet
  facet normal -0.35384383976437245 -0.6424081169536503 -0.6797840453650484
    outer loop
      vertex 3.683527201127178 5.276090584544166 -3.9513489505083683
      vertex 3.3826273611295523 6.4634623136341105 -4.916810976741993
      vertex 3.386677179162941 6.460425066713359 -4.916048750980246
    endloop
  endfacet
  facet normal 0.9156432718916182 -0.08968583988057784 -0.39185947578759317
    outer loop
      vertex 3.683527201127178 5.276090584544166 -3.9513489505083683
      vertex 3.386677179162941 6.460425066713359 -4.916048750980246
      vertex 3.4358311976836893 6.549664829936709 -4.821616931626751
    endloop
  endfacet
  facet normal 0.9156432718916183 -0.08968583988057784 -0.3918594757875932
    outer loop
      vertex 3.683527201127178 5.276090584544166 -3.9513489505083683
      vertex 3.4358311976836893 6.549664829936709 -4.821616931626751
      vertex 3.732681219647926 5.365330347767515 -3.856917131154874
    endloop
  endfacet
  facet normal 0.3538438397642678 0.6797840453651464 -0.6424081169536046
    outer loop
      vertex 3.3866771791629366 -4.916048750980249 -6.460425066713361
      vertex 3.3876431239375107 -4.91290963471833 -6.456571263042302
      vertex 3.4616249467916638 -4.857356114476099 -6.357035769469717
    endloop
  endfacet
  facet normal -0.7683750860851996 0.6028962918961212 0.214745869113865
    outer loop
      vertex 3.3866771791629366 -4.916048750980249 -6.460425066713361
      vertex 3.4616249467916638 -4.857356114476099 -6.357035769469717
      vertex 3.435831197683683 -4.821616931626756 -6.549664829936708
    endloop
  endfacet
  facet normal 0.35384383976429296 0.6797840453651222 -0.642408116953616
    outer loop
      vertex 3.3837881096978517 -4.913062772534895 -6.458856685107502
      vertex 3.547256875747015 -4.778526370624005 -6.22645284172487
      vertex 3.3876431239375107 -4.91290963471833 -6.456571263042302
    endloop
  endfacet
  facet normal 0.3538438397643824 0.6797840453650549 -0.6424081169536378
    outer loop
      vertex 3.3876431239375107 -4.91290963471833 -6.456571263042302
      vertex 3.547256875747015 -4.778526370624005 -6.22645284172487
      vertex 3.4616249467916638 -4.857356114476099 -6.357035769469717
    endloop
  endfacet
  facet normal -0.768375086085199 0.6028962918961219 0.21474586911386512
    outer loop
      vertex 3.435831197683683 -4.821616931626756 -6.549664829936708
      vertex 3.4616249467916638 -4.857356114476099 -6.357035769469717
      vertex 3.8685964089585827 -4.4827124913661045 -5.952671850948245
    endloop
  endfacet
  facet normal 0.35384383976441647 0.6797840453650276 -0.6424081169536481
    outer loop
      vertex 3.3837881096978517 -4.913062772534895 -6.458856685107502
      vertex 3.6835272011271716 -3.951348950508362 -5.276090584544159
      vertex 3.547256875747015 -4.778526370624005 -6.22645284172487
    endloop
  endfacet
  facet normal -0.353843839764422 -0.6797840453650252 0.6424081169536475
    outer loop
      vertex 3.435831197683683 -4.821616931626756 -6.549664829936708
      vertex 3.8685964089585827 -4.4827124913661045 -5.952671850948245
      vertex 3.574895190597002 -4.360530459911268 -5.985154272456581
    endloop
  endfacet
  facet normal 0.3538438397644219 0.6797840453650263 -0.6424081169536464
    outer loop
      vertex 3.835577778313264 -4.562290639796951 -5.838826707292901
      vertex 3.571180644718505 -4.769510129173446 -6.20373461171407
      vertex 3.8255246292562903 -4.522362857796082 -5.802113247913212
    endloop
  endfacet
  facet normal 0.35384383976427713 0.6797840453650921 -0.6424081169536567
    outer loop
      vertex 3.3837881096978517 -4.913062772534895 -6.458856685107502
      vertex 3.5323094031596467 -4.430375991407689 -5.86627992986759
      vertex 3.682669160467914 -3.9479379879696417 -5.272953784963901
    endloop
  endfacet
  facet normal 0.3538438397644261 0.6797840453650241 -0.6424081169536465
    outer loop
      vertex 3.6835272011271716 -3.951348950508362 -5.276090584544159
      vertex 3.571180644718505 -4.769510129173446 -6.20373461171407
      vertex 3.547256875747015 -4.778526370624005 -6.22645284172487
    endloop
  endfacet
  facet normal 0.3538438397644241 0.6797840453650249 -0.6424081169536469
    outer loop
      vertex 3.6835272011271716 -3.951348950508362 -5.276090584544159
      vertex 3.8255246292562903 -4.522362857796082 -5.802113247913212
      vertex 3.571180644718505 -4.769510129173446 -6.20373461171407
    endloop
  endfacet
  facet normal 0.3538438397643681 0.6797840453650443 -0.642408116953657
    outer loop
      vertex 3.3837881096978517 -4.913062772534895 -6.458856685107502
      vertex 3.682669160467914 -3.9479379879696417 -5.272953784963901
      vertex 3.6835272011271716 -3.951348950508362 -5.276090584544159
    endloop
  endfacet
  facet normal -0.35384383976442196 -0.6797840453650253 0.6424081169536474
    outer loop
      vertex 3.574895190597002 -4.360530459911268 -5.985154272456581
      vertex 3.8685964089585827 -4.4827124913661045 -5.952671850948245
      vertex 3.731715274873343 -3.8600562474167885 -5.369184151438566
    endloop
  endfacet
  facet normal 0.3538438397645251 0.6797840453649825 -0.6424081169536361
    outer loop
      vertex 3.5323094031596467 -4.430375991407689 -5.86627992986759
      vertex 3.6808344028758677 -3.9477011489291924 -5.273713766442194
      vertex 3.682669160467914 -3.9479379879696417 -5.272953784963901
    endloop
  endfacet
  facet normal 0.35384383976438416 0.6797840453650308 -0.6424081169536626
    outer loop
      vertex 3.6835272011271716 -3.951348950508362 -5.276090584544159
      vertex 3.8268589422414663 -4.521134536162749 -5.8000785104238455
      vertex 3.8255246292562903 -4.522362857796082 -5.802113247913212
    endloop
  endfacet
  facet normal -0.9174128833894595 0.11855496569096059 -0.3798661889416499
    outer loop
      vertex 3.6835272011271716 -3.951348950508362 -5.276090584544159
      vertex 3.886058669782315 -4.466637347846553 -5.926043078582319
      vertex 3.8268589422414663 -4.521134536162749 -5.8000785104238455
    endloop
  endfacet
  facet normal -0.35384383976442374 -0.6797840453650249 0.642408116953647
    outer loop
      vertex 3.731715274873343 -3.8600562474167885 -5.369184151438566
      vertex 3.8685964089585827 -4.4827124913661045 -5.952671850948245
      vertex 3.886058669782315 -4.466637347846553 -5.926043078582319
    endloop
  endfacet
  facet normal -0.9174128833894588 0.11855496569096222 -0.37986618894165103
    outer loop
      vertex 3.732681219647918 -3.85691713115487 -5.3653303477675065
      vertex 3.886058669782315 -4.466637347846553 -5.926043078582319
      vertex 3.6835272011271716 -3.951348950508362 -5.276090584544159
    endloop
  endfacet
  facet normal -0.3538438397645837 -0.6797840453650048 0.6424081169535802
    outer loop
      vertex 3.731715274873343 -3.8600562474167885 -5.369184151438566
      vertex 3.886058669782315 -4.466637347846553 -5.926043078582319
      vertex 3.732681219647918 -3.85691713115487 -5.3653303477675065
    endloop
  endfacet
  facet normal 0.9156432718916309 -0.3918594757875547 0.08968583988061787
    outer loop
      vertex 3.3866771791629366 -4.916048750980249 -6.460425066713361
      vertex 3.435831197683683 -4.821616931626756 -6.549664829936708
      vertex 3.3876431239375107 -4.91290963471833 -6.456571263042302
    endloop
  endfacet
  facet normal -0.35384383976431966 -0.6797840453650692 0.6424081169536574
    outer loop
      vertex 3.3837881096978517 -4.913062772534895 -6.458856685107502
      vertex 3.3876431239375107 -4.91290963471833 -6.456571263042302
      vertex 3.5323094031596467 -4.430375991407689 -5.86627992986759
    endloop
  endfacet
  facet normal 0.9156432718916199 -0.3918594757875896 0.08968583988057789
    outer loop
      vertex 3.3876431239375107 -4.91290963471833 -6.456571263042302
      vertex 3.435831197683683 -4.821616931626756 -6.549664829936708
      vertex 3.6835272011271716 -3.951348950508362 -5.276090584544159
    endloop
  endfacet
  facet normal -0.3538438397643179 -0.6797840453650689 0.6424081169536587
    outer loop
      vertex 3.3876431239375107 -4.91290963471833 -6.456571263042302
      vertex 3.6835272011271716 -3.951348950508362 -5.276090584544159
      vertex 3.5323094031596467 -4.430375991407689 -5.86627992986759
    endloop
  endfacet
  facet normal 0.35384383976443046 0.6797840453650184 -0.6424081169536501
    outer loop
      vertex 3.435831197683683 -4.821616931626756 -6.549664829936708
      vertex 3.574895190597002 -4.360530459911268 -5.985154272456581
      vertex 3.731715274873343 -3.8600562474167885 -5.369184151438566
    endloop
  endfacet
  facet normal 0.9156432718916214 -0.39185947578758634 0.0896858398805754
    outer loop
      vertex 3.435831197683683 -4.821616931626756 -6.549664829936708
      vertex 3.731715274873343 -3.8600562474167885 -5.369184151438566
      vertex 3.6835272011271716 -3.951348950508362 -5.276090584544159
    endloop
  endfacet
  facet normal -0.35384383976444705 -0.6797840453650145 0.6424081169536451
    outer loop
      vertex 3.5323094031596467 -4.430375991407689 -5.86627992986759
      vertex 3.6835272011271716 -3.951348950508362 -5.276090584544159
      vertex 3.6808344028758677 -3.9477011489291924 -5.273713766442194
    endloop
  endfacet
  facet normal 0.9156432718916034 -0.39185947578764313 0.08968583988051027
    outer loop
      vertex 3.731715274873343 -3.8600562474167885 -5.369184151438566
      vertex 3.732681219647918 -3.85691713115487 -5.3653303477675065
      vertex 3.6835272011271716 -3.951348950508362 -5.276090584544159
    endloop
  endfacet
  facet normal -0.35384383976449935 -0.6797840453650316 0.6424081169535985
    outer loop
      vertex 3.6835272011271716 -3.951348950508362 -5.276090584544159
      vertex 3.682669160467914 -3.9479379879696417 -5.272953784963901
      vertex 3.6808344028758677 -3.9477011489291924 -5.273713766442194
    endloop
  endfacet
  facet normal -0.03847429798375286 -0.3730331190934241 0.9270199676674116
    outer loop
      vertex 4.06550174744207 -5.000898133398917 -3.4391815080203947
      vertex 4.721395349385163 -5.710877562496278 -3.697655762511887
      vertex 4.068717743067773 -4.996766923700898 -3.4373856338522386
    endloop
  endfacet
  facet normal 0.7535086115617006 0.5920339830802177 0.2858680380534532
    outer loop
      vertex 4.06550174744207 -5.000898133398917 -3.4391815080203947
      vertex 4.046416382014643 -4.98110895752304 -3.429858595928348
      vertex 4.726222651666174 -5.719167233654286 -3.6932119177106424
    endloop
  endfacet
  facet normal -0.048138351435749564 -0.3839701022941769 0.922089832752345
    outer loop
      vertex 4.068717743067773 -4.996766923700898 -3.4373856338522386
      vertex 4.851616216923859 -5.594727119872443 -3.645512205691776
      vertex 4.203641347918956 -4.890757041443522 -3.3861979690875414
    endloop
  endfacet
  facet normal 0.7535086115616897 0.5920339830801388 0.28586803805364536
    outer loop
      vertex 4.046416382014643 -4.98110895752304 -3.429858595928348
      vertex 5.069121149474104 -6.454714973823536 -3.073722279855707
      vertex 4.726222651666174 -5.719167233654286 -3.6932119177106424
    endloop
  endfacet
  facet normal -0.550647590375438 0.3678585604968093 0.7493112241805397
    outer loop
      vertex 5.072258592425658 -6.4573565597854365 -3.0765214092339144
      vertex 4.728847989301535 -5.720160263932023 -3.690795124163593
      vertex 4.726222651666174 -5.719167233654286 -3.6932119177106424
    endloop
  endfacet
  facet normal -0.5506475903754507 0.3678585604967977 0.7493112241805362
    outer loop
      vertex 5.072258592425658 -6.4573565597854365 -3.0765214092339144
      vertex 4.776934704804254 -5.81785227929723 -3.6074977222953946
      vertex 4.728847989301535 -5.720160263932023 -3.690795124163593
    endloop
  endfacet
  facet normal 0.7535086115613181 0.5920339830803752 0.2858680380541353
    outer loop
      vertex 5.070378890264826 -6.454603305429635 -3.077268776371545
      vertex 4.726222651666174 -5.719167233654286 -3.6932119177106424
      vertex 5.071457188597956 -6.457330744379902 -3.074462483401716
    endloop
  endfacet
  facet normal 0.7535086115617265 0.5920339830801155 0.28586803805359706
    outer loop
      vertex 5.070378890264826 -6.454603305429635 -3.077268776371545
      vertex 5.072258592425658 -6.4573565597854365 -3.0765214092339144
      vertex 4.726222651666174 -5.719167233654286 -3.6932119177106424
    endloop
  endfacet
  facet normal 0.7535086115617757 0.5920339830800839 0.2858680380535326
    outer loop
      vertex 5.069121149474104 -6.454714973823536 -3.073722279855707
      vertex 5.071457188597956 -6.457330744379902 -3.074462483401716
      vertex 4.726222651666174 -5.719167233654286 -3.6932119177106424
    endloop
  endfacet
  facet normal -0.550647590375413 0.36785856049682325 0.7493112241805514
    outer loop
      vertex 5.072258592425658 -6.4573565597854365 -3.0765214092339144
      vertex 4.804619292115552 -5.818800019567202 -3.5866878302749017
      vertex 4.776934704804254 -5.81785227929723 -3.6074977222953946
    endloop
  endfacet
  facet normal -0.5519833562913766 0.36649851457933924 0.7489948018434074
    outer loop
      vertex 4.804619292115552 -5.818800019567202 -3.5866878302749017
      vertex 5.181538553827274 -6.309476865400156 -3.0688130822631625
      vertex 4.96649620533244 -5.823609192830488 -3.4650368969217693
    endloop
  endfacet
  facet normal -0.5519833562913781 0.3664985145793451 0.7489948018434033
    outer loop
      vertex 4.728847989301535 -5.720160263932023 -3.690795124163593
      vertex 4.740579172720478 -5.735432022800896 -3.6746768615166405
      vertex 4.734843056378361 -5.722409689793995 -3.6852762761380067
    endloop
  endfacet
  facet normal -0.5506475903754382 0.36785856049680343 0.7493112241805425
    outer loop
      vertex 4.776934704804254 -5.81785227929723 -3.6074977222953946
      vertex 4.740579172720478 -5.735432022800896 -3.6746768615166405
      vertex 4.728847989301535 -5.720160263932023 -3.690795124163593
    endloop
  endfacet
  facet normal -0.7535086115616901 -0.592033983080139 -0.2858680380536442
    outer loop
      vertex 4.203641347918956 -4.890757041443522 -3.3861979690875414
      vertex 4.96649620533244 -5.823609192830488 -3.4650368969217693
      vertex 5.178264976403575 -6.275190859154326 -3.088002441892887
    endloop
  endfacet
  facet normal -0.7535086115616892 -0.5920339830801388 -0.28586803805364686
    outer loop
      vertex 5.178264976403575 -6.275190859154326 -3.088002441892887
      vertex 5.202569495000023 -6.332562984313655 -3.033247864150873
      vertex 4.203641347918956 -4.890757041443522 -3.3861979690875414
    endloop
  endfacet
  facet normal -0.7535086115619383 -0.5920339830801851 -0.28586803805289474
    outer loop
      vertex 4.203641347918956 -4.890757041443522 -3.3861979690875414
      vertex 5.202569495000023 -6.332562984313655 -3.033247864150873
      vertex 5.202816953854563 -6.333147124267635 -3.0326903750142304
    endloop
  endfacet
  facet normal 0.7535086115616929 0.5920339830801574 0.28586803805359884
    outer loop
      vertex 4.06550174744207 -5.000898133398917 -3.4391815080203947
      vertex 4.726222651666174 -5.719167233654286 -3.6932119177106424
      vertex 4.721395349385163 -5.710877562496278 -3.697655762511887
    endloop
  endfacet
  facet normal -0.03847429798376707 -0.3730331190934348 0.9270199676674066
    outer loop
      vertex 4.068717743067773 -4.996766923700898 -3.4373856338522386
      vertex 4.721395349385163 -5.710877562496278 -3.697655762511887
      vertex 4.734843056378361 -5.6815004390959984 -3.6852762761380067
    endloop
  endfacet
  facet normal -0.03847429798377735 -0.37303311909344394 0.9270199676674026
    outer loop
      vertex 4.068717743067773 -4.996766923700898 -3.4373856338522386
      vertex 4.734843056378361 -5.6815004390959984 -3.6852762761380067
      vertex 4.753663337004483 -5.597018071421346 -3.650499443565411
    endloop
  endfacet
  facet normal -0.03847429798377864 -0.3730331190934451 0.9270199676674019
    outer loop
      vertex 4.068717743067773 -4.996766923700898 -3.4373856338522386
      vertex 4.753663337004483 -5.597018071421346 -3.650499443565411
      vertex 4.851616216923859 -5.594727119872443 -3.645512205691776
    endloop
  endfacet
  facet normal -0.7535086115616899 -0.5920339830801388 -0.2858680380536451
    outer loop
      vertex 4.203641347918956 -4.890757041443522 -3.3861979690875414
      vertex 4.86159529861139 -5.603777140010782 -3.643805777880064
      vertex 4.957927347752205 -5.809331649868752 -3.472019428665687
    endloop
  endfacet
  facet normal -0.04813835143574269 -0.38397010229417455 0.9220898327523464
    outer loop
      vertex 4.203641347918956 -4.890757041443522 -3.3861979690875414
      vertex 4.851616216923859 -5.594727119872443 -3.645512205691776
      vertex 4.855053700944655 -5.594716230611302 -3.6453282149800947
    endloop
  endfacet
  facet normal -0.7535086115616928 -0.5920339830801594 -0.285868038053595
    outer loop
      vertex 4.203641347918956 -4.890757041443522 -3.3861979690875414
      vertex 4.855053700944655 -5.594716230611302 -3.6453282149800947
      vertex 4.86159529861139 -5.603777140010782 -3.643805777880064
    endloop
  endfacet
  facet normal -0.7535086115616888 -0.5920339830801369 -0.28586803805365213
    outer loop
      vertex 4.203641347918956 -4.890757041443522 -3.3861979690875414
      vertex 4.957927347752205 -5.809331649868752 -3.472019428665687
      vertex 4.96649620533244 -5.823609192830488 -3.4650368969217693
    endloop
  endfacet
  facet normal 0.7535086115614048 0.5920339830803111 0.2858680380540397
    outer loop
      vertex 5.070378890264826 -6.454603305429635 -3.077268776371545
      vertex 5.071457188597956 -6.457330744379902 -3.074462483401716
      vertex 5.071138084000993 -6.455804411227876 -3.076782410589855
    endloop
  endfacet
  facet normal -0.5506475903754066 0.3678585604968217 0.749311224180557
    outer loop
      vertex 5.072258592425658 -6.4573565597854365 -3.0765214092339144
      vertex 5.186912285431068 -6.364038721453766 -3.03807808531973
      vertex 5.181538553827274 -6.309476865400156 -3.0688130822631625
    endloop
  endfacet
  facet normal -0.5506475903754106 0.36785856049682486 0.7493112241805524
    outer loop
      vertex 5.072258592425658 -6.4573565597854365 -3.0765214092339144
      vertex 5.181538553827274 -6.309476865400156 -3.0688130822631625
      vertex 4.804619292115552 -5.818800019567202 -3.5866878302749017
    endloop
  endfacet
  facet normal -0.5519833562913751 0.36649851457933985 0.748994801843408
    outer loop
      vertex 4.96649620533244 -5.823609192830488 -3.4650368969217693
      vertex 5.181538553827274 -6.309476865400156 -3.0688130822631625
      vertex 5.178264976403575 -6.275190859154326 -3.088002441892887
    endloop
  endfacet
  facet normal 0.09130243989933148 0.33637375113973794 -0.9372921444312924
    outer loop
      vertex 4.06550174744207 -5.000898133398917 -3.4391815080203947
      vertex 4.068717743067773 -4.996766923700898 -3.4373856338522386
      vertex 4.1189560176691105 -5.061026587390251 -3.455553274726966
    endloop
  endfacet
  facet normal -0.7535086115621501 -0.5920339830802311 -0.28586803805224115
    outer loop
      vertex 4.1189560176691105 -5.061026587390251 -3.455553274726966
      vertex 5.070378890264826 -6.454603305429635 -3.077268776371545
      vertex 5.071138084000993 -6.455804411227876 -3.076782410589855
    endloop
  endfacet
  facet normal -0.7535086115616769 -0.5920339830801401 -0.28586803805367644
    outer loop
      vertex 4.046416382014643 -4.98110895752304 -3.429858595928348
      vertex 5.071138084000993 -6.455804411227876 -3.076782410589855
      vertex 5.069121149474104 -6.454714973823536 -3.073722279855707
    endloop
  endfacet
  facet normal 0.3365667257984135 -0.02573585907390662 -0.9413078692133958
    outer loop
      vertex 4.1189560176691105 -5.061026587390251 -3.455553274726966
      vertex 5.2011906988593335 -6.335132707254617 -3.0337631126288884
      vertex 5.070378890264826 -6.454603305429635 -3.077268776371545
    endloop
  endfacet
  facet normal 0.7535086115620092 0.5920339830801591 0.28586803805276134
    outer loop
      vertex 4.257935367518854 -4.951830094085548 -3.402826930977324
      vertex 5.202816953854563 -6.333147124267635 -3.0326903750142304
      vertex 5.202569495000023 -6.332562984313655 -3.033247864150873
    endloop
  endfacet
  facet normal 0.35809030856780866 -0.0049263867935182455 -0.9336739589508599
    outer loop
      vertex 4.257935367518854 -4.951830094085548 -3.402826930977324
      vertex 5.202569495000023 -6.332562984313655 -3.033247864150873
      vertex 5.2011906988593335 -6.335132707254617 -3.0337631126288884
    endloop
  endfacet
  facet normal -0.7535086115616998 -0.5920339830801394 -0.2858680380536175
    outer loop
      vertex 4.06550174744207 -5.000898133398917 -3.4391815080203947
      vertex 5.071138084000993 -6.455804411227876 -3.076782410589855
      vertex 4.046416382014643 -4.98110895752304 -3.429858595928348
    endloop
  endfacet
  facet normal -0.7535086115616849 -0.5920339830801389 -0.285868038053658
    outer loop
      vertex 4.06550174744207 -5.000898133398917 -3.4391815080203947
      vertex 4.1189560176691105 -5.061026587390251 -3.455553274726966
      vertex 5.071138084000993 -6.455804411227876 -3.076782410589855
    endloop
  endfacet
  facet normal 0.35809030856780716 -0.004926386793524163 -0.9336739589508606
    outer loop
      vertex 4.1189560176691105 -5.061026587390251 -3.455553274726966
      vertex 4.257935367518854 -4.951830094085548 -3.402826930977324
      vertex 5.2011906988593335 -6.335132707254617 -3.0337631126288884
    endloop
  endfacet
  facet normal 0.7535086115616922 0.5920339830801391 0.28586803805363853
    outer loop
      vertex 4.203641347918956 -4.890757041443522 -3.3861979690875414
      vertex 5.202816953854563 -6.333147124267635 -3.0326903750142304
      vertex 4.257935367518854 -4.951830094085548 -3.402826930977324
    endloop
  endfacet
  facet normal 0.09130243989938193 0.33637375113977247 -0.9372921444312751
    outer loop
      vertex 4.1189560176691105 -5.061026587390251 -3.455553274726966
      vertex 4.068717743067773 -4.996766923700898 -3.4373856338522386
      vertex 4.203641347918956 -4.890757041443522 -3.3861979690875414
    endloop
  endfacet
  facet normal 0.09130243989937632 0.3363737511397752 -0.9372921444312747
    outer loop
      vertex 4.1189560176691105 -5.061026587390251 -3.455553274726966
      vertex 4.203641347918956 -4.890757041443522 -3.3861979690875414
      vertex 4.257935367518854 -4.951830094085548 -3.402826930977324
    endloop
  endfacet
  facet normal -0.7535086115617528 -0.5920339830799927 -0.2858680380537824
    outer loop
      vertex 5.069121149474104 -6.454714973823536 -3.073722279855707
      vertex 5.071138084000993 -6.455804411227876 -3.076782410589855
      vertex 5.071457188597956 -6.457330744379902 -3.074462483401716
    endloop
  endfacet
  facet normal 0.3365667257984738 -0.025735859073996795 -0.9413078692133718
    outer loop
      vertex 5.070378890264826 -6.454603305429635 -3.077268776371545
      vertex 5.186912285431068 -6.364038721453766 -3.03807808531973
      vertex 5.072258592425658 -6.4573565597854365 -3.0765214092339144
    endloop
  endfacet
  facet normal 0.3365667257984044 -0.025735859073895653 -0.9413078692133994
    outer loop
      vertex 5.070378890264826 -6.454603305429635 -3.077268776371545
      vertex 5.2011906988593335 -6.335132707254617 -3.0337631126288884
      vertex 5.186912285431068 -6.364038721453766 -3.03807808531973
    endloop
  endfacet
  facet normal 0.7512446218186206 0.2550590257036386 -0.608749876053957
    outer loop
      vertex 4.054857555599871 -3.378553047742272 4.9862448367113075
      vertex 4.073777813123032 -3.384983038861391 5.006899813298864
      vertex 4.740540399299171 -3.6747485085238147 5.708328306866552
    endloop
  endfacet
  facet normal -0.0037202665416736953 0.9239366311447262 0.38252746469474985
    outer loop
      vertex 4.054857555599871 -3.378553047742272 4.9862448367113075
      vertex 4.740540399299171 -3.6747485085238147 5.708328306866552
      vertex 4.138085330134212 -3.3502959468357854 4.918803558650125
    endloop
  endfacet
  facet normal 0.7512446218186217 0.25505902570333167 -0.6087498760540844
    outer loop
      vertex 4.073777813123032 -3.384983038861391 5.006899813298864
      vertex 4.14708214711038 -3.4098952905025013 5.086925114245299
      vertex 4.741253877041455 -3.6734301171310086 5.709761184268478
    endloop
  endfacet
  facet normal -0.7512446218186208 -0.2550590257032989 0.6087498760540992
    outer loop
      vertex 4.138085330134212 -3.3502959468357854 4.918803558650125
      vertex 4.82195561130835 -3.645708432226782 5.638978243351466
      vertex 4.2303099216447215 -3.3816381895960146 5.019483836184116
    endloop
  endfacet
  facet normal 0.7512446218186234 0.2550590257035662 -0.6087498760539841
    outer loop
      vertex 4.073777813123032 -3.384983038861391 5.006899813298864
      vertex 4.741253877041455 -3.6734301171310086 5.709761184268478
      vertex 4.740540399299171 -3.6747485085238147 5.708328306866552
    endloop
  endfacet
  facet normal -0.00372026654167162 0.9239366311447267 0.38252746469474863
    outer loop
      vertex 4.138085330134212 -3.3502959468357854 4.918803558650125
      vertex 4.740540399299171 -3.6747485085238147 5.708328306866552
      vertex 4.7561167036628005 -3.6459660190532865 5.638960089411718
    endloop
  endfacet
  facet normal -0.0037202665416721033 0.9239366311447266 0.3825274646947488
    outer loop
      vertex 4.138085330134212 -3.3502959468357854 4.918803558650125
      vertex 4.7561167036628005 -3.6459660190532865 5.638960089411718
      vertex 4.82195561130835 -3.645708432226782 5.638978243351466
    endloop
  endfacet
  facet normal -0.7512446218186287 -0.25505902570368133 0.6087498760539295
    outer loop
      vertex 4.2303099216447215 -3.3816381895960146 5.019483836184116
      vertex 4.82195561130835 -3.645708432226782 5.638978243351466
      vertex 4.8244816515757964 -3.645173016224522 5.642319906207294
    endloop
  endfacet
  facet normal 0.7512446218186217 0.25505902570331157 -0.6087498760540929
    outer loop
      vertex 4.14708214711038 -3.4098952905025013 5.086925114245299
      vertex 4.826224773246306 -3.5306012463454093 5.874465482953169
      vertex 4.741253877041455 -3.6734301171310086 5.709761184268478
    endloop
  endfacet
  facet normal -0.7512446218186214 -0.2550590257033171 0.608749876054091
    outer loop
      vertex 4.2303099216447215 -3.3816381895960146 5.019483836184116
      vertex 4.8244816515757964 -3.645173016224522 5.642319906207294
      vertex 4.953268511454061 -3.428693226202185 5.891955374155229
    endloop
  endfacet
  facet normal 0.7512446218186214 0.25505902570331435 -0.6087498760540923
    outer loop
      vertex 4.14708214711038 -3.4098952905025013 5.086925114245299
      vertex 4.638314572422021 -3.21699433348703 5.773967303794308
      vertex 4.826224773246306 -3.5306012463454093 5.874465482953169
    endloop
  endfacet
  facet normal -0.7512446218186489 -0.255059025703165 0.6087498760541208
    outer loop
      vertex 4.2303099216447215 -3.3816381895960146 5.019483836184116
      vertex 4.953268511454061 -3.428693226202185 5.891955374155229
      vertex 4.957206287298897 -3.425164725567416 5.898293295543347
    endloop
  endfacet
  facet normal 0.7512446218186458 0.2550590257033441 -0.6087498760540494
    outer loop
      vertex 4.638314572422021 -3.21699433348703 5.773967303794308
      vertex 4.830105570624511 -3.527123802084491 5.880711696469497
      vertex 4.826224773246306 -3.5306012463454093 5.874465482953169
    endloop
  endfacet
  facet normal -0.7512446218186214 -0.25505902570331457 0.6087498760540918
    outer loop
      vertex 4.2303099216447215 -3.3816381895960146 5.019483836184116
      vertex 4.957206287298897 -3.425164725567416 5.898293295543347
      vertex 5.212774772268004 -2.9958362755650723 6.393568215282134
    endloop
  endfacet
  facet normal -0.5510574368128112 0.7500178469077036 -0.3657990304159197
    outer loop
      vertex 5.129546997733662 -3.024093376471559 6.461009493343317
      vertex 4.957206287298897 -3.425164725567416 5.898293295543347
      vertex 4.830105570624511 -3.527123802084491 5.880711696469497
    endloop
  endfacet
  facet normal 0.7512446218186222 0.25505902570331346 -0.6087498760540917
    outer loop
      vertex 4.638314572422021 -3.21699433348703 5.773967303794308
      vertex 5.129546997733662 -3.024093376471559 6.461009493343317
      vertex 4.830105570624511 -3.527123802084491 5.880711696469497
    endloop
  endfacet
  facet normal -0.5510574368128073 0.7500178469077055 -0.36579903041592216
    outer loop
      vertex 5.129546997733662 -3.024093376471559 6.461009493343317
      vertex 5.212774772268004 -2.9958362755650723 6.393568215282134
      vertex 4.957206287298897 -3.425164725567416 5.898293295543347
    endloop
  endfacet
  facet normal 0.04711251062270278 -0.9406846346728129 -0.33599528186166866
    outer loop
      vertex 4.054857555599871 -3.378553047742272 4.9862448367113075
      vertex 4.138085330134212 -3.3502959468357854 4.918803558650125
      vertex 4.073777813123032 -3.384983038861391 5.006899813298864
    endloop
  endfacet
  facet normal 0.04711251062269158 -0.9406846346728108 -0.335995281861676
    outer loop
      vertex 4.138085330134212 -3.3502959468357854 4.918803558650125
      vertex 4.2303099216447215 -3.3816381895960146 5.019483836184116
      vertex 4.073777813123032 -3.384983038861391 5.006899813298864
    endloop
  endfacet
  facet normal 0.04711251062269161 -0.9406846346728107 -0.33599528186167643
    outer loop
      vertex 4.073777813123032 -3.384983038861391 5.006899813298864
      vertex 4.2303099216447215 -3.3816381895960146 5.019483836184116
      vertex 4.14708214711038 -3.4098952905025013 5.086925114245299
    endloop
  endfacet
  facet normal 0.33781696050963955 -0.9409392558188695 0.022649901789208813
    outer loop
      vertex 4.14708214711038 -3.4098952905025013 5.086925114245299
      vertex 4.2303099216447215 -3.3816381895960146 5.019483836184116
      vertex 4.638314572422021 -3.21699433348703 5.773967303794308
    endloop
  endfacet
  facet normal 0.33781696050963933 -0.9409392558188695 0.022649901789208754
    outer loop
      vertex 4.2303099216447215 -3.3816381895960146 5.019483836184116
      vertex 5.129546997733662 -3.024093376471559 6.461009493343317
      vertex 4.638314572422021 -3.21699433348703 5.773967303794308
    endloop
  endfacet
  facet normal 0.33781696050963933 -0.9409392558188695 0.022649901789208685
    outer loop
      vertex 4.2303099216447215 -3.3816381895960146 5.019483836184116
      vertex 5.212774772268004 -2.9958362755650723 6.393568215282134
      vertex 5.129546997733662 -3.024093376471559 6.461009493343317
    endloop
  endfacet
  facet normal 0.11824535700042488 -0.9579850430199239 -0.2613095729167925
    outer loop
      vertex 4.100674819512818 3.427736620228507 -4.97750593592578
      vertex 4.7426858416209505 3.6707840783486816 -5.578023572398755
      vertex 4.100763029160986 3.4277393831815655 -4.977476149364396
    endloop
  endfacet
  facet normal 0.1182453570073258 -0.9579850430209689 -0.26130957290983914
    outer loop
      vertex 4.100783930539697 3.427727447960797 -4.977422935646222
      vertex 4.100763029160986 3.4277393831815655 -4.977476149364396
      vertex 4.7426858416209505 3.6707840783486816 -5.578023572398755
    endloop
  endfacet
  facet normal -0.024515105565057278 -0.9135428556785751 -0.4060030300844664
    outer loop
      vertex 4.100783930539697 3.427727447960797 -4.977422935646222
      vertex 4.748198887486915 3.6605968618637363 -5.540491726890181
      vertex 4.122603854062841 3.4184442847531473 -4.957852515947132
    endloop
  endfacet
  facet normal 0.7096942140055902 -0.30193539446416456 0.6365289782694552
    outer loop
      vertex 4.100674819512818 3.427736620228507 -4.97750593592578
      vertex 5.094341050770585 3.1794570272099585 -6.20315881028962
      vertex 5.006112216840293 3.3779349252739244 -6.010641266585152
    endloop
  endfacet
  facet normal -0.7096942140055907 0.3019353944641632 -0.6365289782694554
    outer loop
      vertex 4.122603854062841 3.4184442847531473 -4.957852515947132
      vertex 4.99410469536329 3.4283003615685126 -5.924852019731316
      vertex 5.102053514693096 3.1854607613535224 -6.160399069572088
    endloop
  endfacet
  facet normal 0.7096942140055817 -0.30193539446417794 0.6365289782694584
    outer loop
      vertex 4.7773325751807505 3.6564917908245063 -5.623432241602743
      vertex 4.756713208368129 3.649462460616204 -5.6037771400107825
      vertex 4.8683716624746305 3.575212273855433 -5.763490400087699
    endloop
  endfacet
  facet normal -0.40007385549577157 -0.8119225260975419 0.42511495123570386
    outer loop
      vertex 4.8683716624746305 3.575212273855433 -5.763490400087699
      vertex 4.999690249951958 3.40412413687428 -5.96666645522686
      vertex 4.880410048249219 3.565327831487067 -5.771039318319523
    endloop
  endfacet
  facet normal -0.40007385549570185 -0.8119225260975493 0.4251149512357554
    outer loop
      vertex 5.006112216840293 3.3779349252739244 -6.010641266585152
      vertex 4.999690249951958 3.40412413687428 -5.96666645522686
      vertex 4.8683716624746305 3.575212273855433 -5.763490400087699
    endloop
  endfacet
  facet normal -0.4179965330887885 -0.8095380713280615 0.41222203895012166
    outer loop
      vertex 4.99410469536329 3.4283003615685126 -5.924852019731316
      vertex 4.922115407562539 3.5311956007189593 -5.795779976747012
      vertex 4.999690249951958 3.40412413687428 -5.96666645522686
    endloop
  endfacet
  facet normal -0.41799653308879947 -0.8095380713280593 0.41222203895011506
    outer loop
      vertex 4.880410048249219 3.565327831487067 -5.771039318319523
      vertex 4.999690249951958 3.40412413687428 -5.96666645522686
      vertex 4.922115407562539 3.5311956007189593 -5.795779976747012
    endloop
  endfacet
  facet normal 0.11824535700379218 -0.957985043020434 -0.2613095729133991
    outer loop
      vertex 4.100783930539697 3.427727447960797 -4.977422935646222
      vertex 4.7426858416209505 3.6707840783486816 -5.578023572398755
      vertex 4.747460689912133 3.6619609315061448 -5.543516431126355
    endloop
  endfacet
  facet normal 0.7096942140055921 -0.301935394464158 0.6365289782694565
    outer loop
      vertex 4.100674819512818 3.427736620228507 -4.97750593592578
      vertex 5.006112216840293 3.3779349252739244 -6.010641266585152
      vertex 4.8683716624746305 3.575212273855433 -5.763490400087699
    endloop
  endfacet
  facet normal -0.7096942140055914 0.30193539446416057 -0.6365289782694561
    outer loop
      vertex 4.122603854062841 3.4184442847531473 -4.957852515947132
      vertex 4.922115407562539 3.5311956007189593 -5.795779976747012
      vertex 4.99410469536329 3.4283003615685126 -5.924852019731316
    endloop
  endfacet
  facet normal 0.7096942140055738 -0.30193539446437834 0.6365289782693724
    outer loop
      vertex 4.100674819512818 3.427736620228507 -4.97750593592578
      vertex 4.756713208368129 3.649462460616204 -5.6037771400107825
      vertex 4.7540562011133245 3.649773494276534 -5.600667187732394
    endloop
  endfacet
  facet normal 0.709694214005592 -0.3019353944641584 0.6365289782694564
    outer loop
      vertex 4.100674819512818 3.427736620228507 -4.97750593592578
      vertex 4.8683716624746305 3.575212273855433 -5.763490400087699
      vertex 4.756713208368129 3.649462460616204 -5.6037771400107825
    endloop
  endfacet
  facet normal -0.7096942140055911 0.30193539446416146 -0.636528978269456
    outer loop
      vertex 4.122603854062841 3.4184442847531473 -4.957852515947132
      vertex 4.7992469142787595 3.6471684590438604 -5.6037771400107825
      vertex 4.810588677924011 3.630766444228166 -5.6242028131425625
    endloop
  endfacet
  facet normal -0.024515105565184474 -0.9135428556785182 -0.4060030300845868
    outer loop
      vertex 4.100783930539697 3.427727447960797 -4.977422935646222
      vertex 4.747460689912133 3.6619609315061448 -5.543516431126355
      vertex 4.748198887486915 3.6605968618637363 -5.540491726890181
    endloop
  endfacet
  facet normal 0.709694214005592 -0.30193539446415885 0.6365289782694562
    outer loop
      vertex 4.100674819512818 3.427736620228507 -4.97750593592578
      vertex 4.7540562011133245 3.649773494276534 -5.600667187732394
      vertex 4.7426858416209505 3.6707840783486816 -5.578023572398755
    endloop
  endfacet
  facet normal -0.7096942140055907 0.30193539446416456 -0.636528978269455
    outer loop
      vertex 4.122603854062841 3.4184442847531473 -4.957852515947132
      vertex 4.752504837124081 3.6526401638435217 -5.54906685305883
      vertex 4.7992469142787595 3.6471684590438604 -5.6037771400107825
    endloop
  endfacet
  facet normal -0.7096942140055912 0.3019353944641377 -0.6365289782694672
    outer loop
      vertex 4.122603854062841 3.4184442847531473 -4.957852515947132
      vertex 4.748198887486915 3.6605968618637363 -5.540491726890181
      vertex 4.752504837124081 3.6526401638435217 -5.54906685305883
    endloop
  endfacet
  facet normal -0.7096942140055906 0.3019353944641654 -0.6365289782694548
    outer loop
      vertex 4.122603854062841 3.4184442847531473 -4.957852515947132
      vertex 4.810588677924011 3.630766444228166 -5.6242028131425625
      vertex 4.922115407562539 3.5311956007189593 -5.795779976747012
    endloop
  endfacet
  facet normal 0.028644164922459373 0.9839560224146848 -0.17609672844708768
    outer loop
      vertex 4.100674819512818 3.427736620228507 -4.97750593592578
      vertex 5.100471746899639 3.1863132754091184 -6.163851689488547
      vertex 5.094341050770585 3.1794570272099585 -6.20315881028962
    endloop
  endfacet
  facet normal 0.3260701942817133 0.9416830348705607 0.0831341700990388
    outer loop
      vertex 4.100763029160986 3.4277393831815655 -4.977476149364396
      vertex 5.102053514693096 3.1854607613535224 -6.160399069572088
      vertex 5.100471746899639 3.1863132754091184 -6.163851689488547
    endloop
  endfacet
  facet normal 0.028644164924405545 0.9839560224149133 -0.17609672844549426
    outer loop
      vertex 4.100674819512818 3.427736620228507 -4.97750593592578
      vertex 4.100763029160986 3.4277393831815655 -4.977476149364396
      vertex 5.100471746899639 3.1863132754091184 -6.163851689488547
    endloop
  endfacet
  facet normal 0.3260701942823198 0.9416830348703007 0.08313417009960515
    outer loop
      vertex 4.100783930539697 3.427727447960797 -4.977422935646222
      vertex 5.102053514693096 3.1854607613535224 -6.160399069572088
      vertex 4.100763029160986 3.4277393831815655 -4.977476149364396
    endloop
  endfacet
  facet normal 0.32607019428173106 0.9416830348705532 0.08313417009905508
    outer loop
      vertex 4.100783930539697 3.427727447960797 -4.977422935646222
      vertex 4.122603854062841 3.4184442847531473 -4.957852515947132
      vertex 5.102053514693096 3.1854607613535224 -6.160399069572088
    endloop
  endfacet
  facet normal 0.11824535700402299 0.9579850430204834 -0.2613095729131134
    outer loop
      vertex 4.100674819512832 -3.42773662022852 -4.977505935925758
      vertex 4.100763029161 -3.427739383181579 -4.9774761493643735
      vertex 4.7426858416209585 -3.6707840783486665 -5.578023572398768
    endloop
  endfacet
  facet normal 0.11824535700712548 0.9579850430210124 -0.2613095729097702
    outer loop
      vertex 4.100783930539711 -3.42772744796081 -4.977422935646199
      vertex 4.747460689912142 -3.6619609315061306 -5.543516431126366
      vertex 4.100763029161 -3.427739383181579 -4.9774761493643735
    endloop
  endfacet
  facet normal 0.7096942140056012 0.3019353944643061 0.636528978269376
    outer loop
      vertex 4.100674819512832 -3.42773662022852 -4.977505935925758
      vertex 4.7426858416209585 -3.6707840783486665 -5.578023572398768
      vertex 4.099787529537784 -3.4255986473914257 -4.977530797496913
    endloop
  endfacet
  facet normal -0.024515105565078094 0.9135428556785912 -0.4060030300844291
    outer loop
      vertex 4.100783930539711 -3.42772744796081 -4.977422935646199
      vertex 4.122603854062858 -3.4184442847531606 -4.957852515947109
      vertex 4.748198887486923 -3.6605968618637226 -5.540491726890192
    endloop
  endfacet
  facet normal 0.7096942140056031 0.30193539446414924 0.6365289782694483
    outer loop
      vertex 4.777332575180752 -3.6564917908245054 -5.623432241602744
      vertex 4.868371662474557 -3.5752122738554997 -5.763490400087585
      vertex 5.006112216840362 -3.3779349252737694 -6.010641266585305
    endloop
  endfacet
  facet normal 0.7096942140055887 0.3019353944641682 0.6365289782694554
    outer loop
      vertex 4.754056201113325 -3.6497734942765336 -5.600667187732392
      vertex 4.756713208368133 -3.649462460616203 -5.603777140010783
      vertex 5.094365075960999 -3.179402980600913 -6.203211233861819
    endloop
  endfacet
  facet normal 0.7096942140056138 0.30193539446413475 0.6365289782694433
    outer loop
      vertex 4.777332575180752 -3.6564917908245054 -5.623432241602744
      vertex 5.094365075960999 -3.179402980600913 -6.203211233861819
      vertex 4.756713208368133 -3.649462460616203 -5.603777140010783
    endloop
  endfacet
  facet normal -0.4000738554957825 0.8119225260975268 0.42511495123572224
    outer loop
      vertex 4.868371662474557 -3.5752122738554997 -5.763490400087585
      vertex 4.880410048249136 -3.5653278314871413 -5.771039318319403
      vertex 4.999690249952019 -3.404124136874146 -5.966666455226983
    endloop
  endfacet
  facet normal -0.4000738554956814 0.8119225260975377 0.42511495123579673
    outer loop
      vertex 4.868371662474557 -3.5752122738554997 -5.763490400087585
      vertex 4.999690249952019 -3.404124136874146 -5.966666455226983
      vertex 5.006112216840362 -3.3779349252737694 -6.010641266585305
    endloop
  endfacet
  facet normal -0.4179965330887891 0.8095380713280472 0.4122220389501492
    outer loop
      vertex 4.880410048249136 -3.5653278314871413 -5.771039318319403
      vertex 4.994104695363351 -3.4283003615683767 -5.924852019731447
      vertex 4.999690249952019 -3.404124136874146 -5.966666455226983
    endloop
  endfacet
  facet normal -0.41799653308878004 0.809538071328048 0.4122220389501567
    outer loop
      vertex 4.880410048249136 -3.5653278314871413 -5.771039318319403
      vertex 4.922115407562464 -3.531195600719028 -5.795779976746893
      vertex 4.994104695363351 -3.4283003615683767 -5.924852019731447
    endloop
  endfacet
  facet normal 0.7096942140056071 0.30193539446414347 0.6365289782694465
    outer loop
      vertex 5.094341050770614 -3.179457027209892 -6.203158810289685
      vertex 4.777332575180752 -3.6564917908245054 -5.623432241602744
      vertex 5.006112216840362 -3.3779349252737694 -6.010641266585305
    endloop
  endfacet
  facet normal 0.7096942140163488 0.3019353944506562 0.6365289782638679
    outer loop
      vertex 4.777332575180752 -3.6564917908245054 -5.623432241602744
      vertex 5.094341050770614 -3.179457027209892 -6.203158810289685
      vertex 5.094365075960999 -3.179402980600913 -6.203211233861819
    endloop
  endfacet
  facet normal -0.709694214005606 -0.3019353944641454 -0.6365289782694468
    outer loop
      vertex 4.122603854062858 -3.4184442847531606 -4.957852515947109
      vertex 5.102053514693124 -3.1854607613534607 -6.160399069572146
      vertex 4.994104695363351 -3.4283003615683767 -5.924852019731447
    endloop
  endfacet
  facet normal 0.11824535700378018 0.9579850430204465 -0.26130957291335893
    outer loop
      vertex 4.100763029161 -3.427739383181579 -4.9774761493643735
      vertex 4.747460689912142 -3.6619609315061306 -5.543516431126366
      vertex 4.7426858416209585 -3.6707840783486665 -5.578023572398768
    endloop
  endfacet
  facet normal -0.7096942140056063 -0.30193539446414436 -0.6365289782694471
    outer loop
      vertex 4.122603854062858 -3.4184442847531606 -4.957852515947109
      vertex 4.994104695363351 -3.4283003615683767 -5.924852019731447
      vertex 4.922115407562464 -3.531195600719028 -5.795779976746893
    endloop
  endfacet
  facet normal -0.709694214005606 -0.3019353944641484 -0.6365289782694455
    outer loop
      vertex 4.122603854062858 -3.4184442847531606 -4.957852515947109
      vertex 4.810588677924015 -3.630766444228164 -5.624202813142564
      vertex 4.799246914278763 -3.6471684590438596 -5.603777140010783
    endloop
  endfacet
  facet normal -0.02451510556513984 0.9135428556785619 -0.40600303008449135
    outer loop
      vertex 4.100783930539711 -3.42772744796081 -4.977422935646199
      vertex 4.748198887486923 -3.6605968618637226 -5.540491726890192
      vertex 4.747460689912142 -3.6619609315061306 -5.543516431126366
    endloop
  endfacet
  facet normal 0.7096942140056063 0.3019353944641378 0.6365289782694501
    outer loop
      vertex 4.099787529537784 -3.4255986473914257 -4.977530797496913
      vertex 4.7426858416209585 -3.6707840783486665 -5.578023572398768
      vertex 4.754056201113325 -3.6497734942765336 -5.600667187732392
    endloop
  endfacet
  facet normal -0.709694214005606 -0.30193539446415174 -0.6365289782694441
    outer loop
      vertex 4.122603854062858 -3.4184442847531606 -4.957852515947109
      vertex 4.799246914278763 -3.6471684590438596 -5.603777140010783
      vertex 4.752504837124082 -3.6526401638435217 -5.549066853058825
    endloop
  endfacet
  facet normal -0.7096942140056087 -0.30193539446408313 -0.6365289782694733
    outer loop
      vertex 4.122603854062858 -3.4184442847531606 -4.957852515947109
      vertex 4.752504837124082 -3.6526401638435217 -5.549066853058825
      vertex 4.748198887486923 -3.6605968618637226 -5.540491726890192
    endloop
  endfacet
  facet normal -0.7096942140056066 -0.3019353944641423 -0.6365289782694475
    outer loop
      vertex 4.122603854062858 -3.4184442847531606 -4.957852515947109
      vertex 4.922115407562464 -3.531195600719028 -5.795779976746893
      vertex 4.810588677924015 -3.630766444228164 -5.624202813142564
    endloop
  endfacet
  facet normal 0.7096942140056058 0.30193539446414525 0.6365289782694471
    outer loop
      vertex 4.099787529537784 -3.4255986473914257 -4.977530797496913
      vertex 4.754056201113325 -3.6497734942765336 -5.600667187732392
      vertex 5.094365075960999 -3.179402980600913 -6.203211233861819
    endloop
  endfacet
  facet normal 0.028644164922427218 -0.9839560224146723 -0.1760967284471625
    outer loop
      vertex 4.100763029161 -3.427739383181579 -4.9774761493643735
      vertex 5.094341050770614 -3.179457027209892 -6.203158810289685
      vertex 5.100471746899668 -3.1863132754090566 -6.163851689488604
    endloop
  endfacet
  facet normal -0.7096942140073976 -0.3019353944596584 -0.6365289782695777
    outer loop
      vertex 4.100674819512832 -3.42773662022852 -4.977505935925758
      vertex 5.094365075960999 -3.179402980600913 -6.203211233861819
      vertex 5.094341050770614 -3.179457027209892 -6.203158810289685
    endloop
  endfacet
  facet normal 0.3260701942818436 -0.9416830348705109 0.08313417009909273
    outer loop
      vertex 4.100783930539711 -3.42772744796081 -4.977422935646199
      vertex 5.100471746899668 -3.1863132754090566 -6.163851689488604
      vertex 5.102053514693124 -3.1854607613534607 -6.160399069572146
    endloop
  endfacet
  facet normal 0.02864416492053328 -0.9839560224144605 -0.17609672844865476
    outer loop
      vertex 4.100674819512832 -3.42773662022852 -4.977505935925758
      vertex 5.094341050770614 -3.179457027209892 -6.203158810289685
      vertex 4.100763029161 -3.427739383181579 -4.9774761493643735
    endloop
  endfacet
  facet normal -0.7096942140055559 -0.301935394464288 -0.6365289782694351
    outer loop
      vertex 4.100674819512832 -3.42773662022852 -4.977505935925758
      vertex 4.099787529537784 -3.4255986473914257 -4.977530797496913
      vertex 5.094365075960999 -3.179402980600913 -6.203211233861819
    endloop
  endfacet
  facet normal 0.32607019428236644 -0.9416830348702866 0.08313417009958367
    outer loop
      vertex 4.100783930539711 -3.42772744796081 -4.977422935646199
      vertex 4.100763029161 -3.427739383181579 -4.9774761493643735
      vertex 5.100471746899668 -3.1863132754090566 -6.163851689488604
    endloop
  endfacet
  facet normal 0.3260701942817386 -0.9416830348705555 0.08313417009899952
    outer loop
      vertex 4.100783930539711 -3.42772744796081 -4.977422935646199
      vertex 5.102053514693124 -3.1854607613534607 -6.160399069572146
      vertex 4.122603854062858 -3.4184442847531606 -4.957852515947109
    endloop
  endfacet
  facet normal 0.3462962696658257 0.056726459581742945 -0.9364085659576457
    outer loop
      vertex 4.96708180428044 4.045796650103818 3.336628741813228
      vertex 4.967647291343105 4.051082363067231 3.3371580682858215
      vertex 5.485017223938345 4.840698656816322 3.5763222778084036
    endloop
  endfacet
  facet normal 0.48160889472850676 -0.05055462800868815 -0.8749269124362842
    outer loop
      vertex 4.967647291343105 4.051082363067231 3.3371580682858215
      vertex 4.968991730359774 4.054776917297293 3.337684645954814
      vertex 5.513967494296763 4.954932268875389 3.5856575375079194
    endloop
  endfacet
  facet normal 0.21014507254808873 0.18621827222555623 -0.9597717455588527
    outer loop
      vertex 4.96708180428044 4.045796650103818 3.336628741813228
      vertex 5.562454179733472 4.718868495901656 3.597579169245338
      vertex 4.977266869848055 4.040867644017048 3.337902451266546
    endloop
  endfacet
  facet normal 0.21014507254808776 0.18621827222555715 -0.9597717455588528
    outer loop
      vertex 4.977266869848055 4.040867644017048 3.337902451266546
      vertex 5.562454179733472 4.718868495901656 3.597579169245338
      vertex 5.1196302534451865 3.9294797172839573 3.347461491062873
    endloop
  endfacet
  facet normal 0.8088399691520011 -0.5482549857312149 0.21258968677491222
    outer loop
      vertex 4.968991730359774 4.054776917297293 3.337684645954814
      vertex 5.08298142615544 4.2360358456123475 3.3714430527472
      vertex 5.513967494296763 4.954932268875389 3.5856575375079194
    endloop
  endfacet
  facet normal 0.3462962696658819 0.05672645958170084 -0.9364085659576276
    outer loop
      vertex 4.96708180428044 4.045796650103818 3.336628741813228
      vertex 5.485017223938345 4.840698656816322 3.5763222778084036
      vertex 5.478953593451891 4.738275083819506 3.5678751751446005
    endloop
  endfacet
  facet normal 0.3462962696658832 0.05672645958170012 -0.9364085659576271
    outer loop
      vertex 4.96708180428044 4.045796650103818 3.336628741813228
      vertex 5.478953593451891 4.738275083819506 3.5678751751446005
      vertex 5.562454179733472 4.718868495901656 3.597579169245338
    endloop
  endfacet
  facet normal 0.21014507254808892 0.1862182722255564 -0.9597717455588528
    outer loop
      vertex 5.1196302534451865 3.9294797172839573 3.347461491062873
      vertex 5.562454179733472 4.718868495901656 3.597579169245338
      vertex 5.598290391724323 4.7143188715848945 3.604542887671151
    endloop
  endfacet
  facet normal 0.48160889472823953 -0.05055462800848267 -0.874926912436443
    outer loop
      vertex 4.967647291343105 4.051082363067231 3.3371580682858215
      vertex 5.513967494296763 4.954932268875389 3.5856575375079194
      vertex 5.485017223938345 4.840698656816322 3.5763222778084036
    endloop
  endfacet
  facet normal 0.8088399691519954 -0.5482549857312167 0.21258968677492862
    outer loop
      vertex 5.08298142615544 4.2360358456123475 3.3714430527472
      vertex 6.101478012254551 5.525336267217091 2.8213911438064896
      vertex 5.560013386070597 5.003227917034147 3.5350180735100167
    endloop
  endfacet
  facet normal 0.8088399691519281 -0.548254985731236 0.21258968677513493
    outer loop
      vertex 5.08298142615544 4.2360358456123475 3.3714430527472
      vertex 5.519671447988891 4.963617258423468 3.5863537288171865
      vertex 5.513967494296763 4.954932268875389 3.5856575375079194
    endloop
  endfacet
  facet normal 0.808839969151996 -0.5482549857312168 0.21258968677492696
    outer loop
      vertex 5.08298142615544 4.2360358456123475 3.3714430527472
      vertex 5.560013386070597 5.003227917034147 3.5350180735100167
      vertex 5.519671447988891 4.963617258423468 3.5863537288171865
    endloop
  endfacet
  facet normal 0.15023583443201177 -0.8487612634009976 -0.5069847254133596
    outer loop
      vertex 6.101478012254551 5.525336267217091 2.8213911438064896
      vertex 6.020573434084329 5.440099195457292 2.940114953198577
      vertex 5.736502191079741 5.164658054122597 3.3170614001060272
    endloop
  endfacet
  facet normal 0.15023583443111543 -0.8487612634008532 -0.5069847254138669
    outer loop
      vertex 6.101478012254551 5.525336267217091 2.8213911438064896
      vertex 6.101687362904293 5.525368611553191 2.8213990323084124
      vertex 6.020573434084329 5.440099195457292 2.940114953198577
    endloop
  endfacet
  facet normal 0.06483809143960816 -0.8309569898939355 -0.5525454758161349
    outer loop
      vertex 6.101687362904293 5.525368611553191 2.8213990323084124
      vertex 6.109133017622473 5.525363686851026 2.822280143960648
      vertex 6.020573434084329 5.440099195457292 2.940114953198577
    endloop
  endfacet
  facet normal 0.0648380914403711 -0.8309569898938093 -0.5525454758162355
    outer loop
      vertex 6.110259035029322 5.526822770939853 2.8202180018334637
      vertex 6.110615263442492 5.526790781818226 2.820307910731134
      vertex 6.110498595735347 5.526678455039865 2.8204631453931155
    endloop
  endfacet
  facet normal -0.23989821059624536 -0.653345840360203 0.7180446096425624
    outer loop
      vertex 6.110259035029322 5.526822770939853 2.8202180018334637
      vertex 6.1107797338109835 5.526657680377182 2.8202417517138296
      vertex 6.110615263442492 5.526790781818226 2.820307910731134
    endloop
  endfacet
  facet normal 0.15023583443214503 -0.8487612634010476 -0.5069847254132364
    outer loop
      vertex 5.736502191079741 5.164658054122597 3.3170614001060272
      vertex 5.748793449894688 5.174873715864115 3.3036012895743707
      vertex 5.7449118838177275 5.169548320626196 3.311366491708542
    endloop
  endfacet
  facet normal 0.15023583443207075 -0.848761263401008 -0.5069847254133248
    outer loop
      vertex 6.101478012254551 5.525336267217091 2.8213911438064896
      vertex 5.736502191079741 5.164658054122597 3.3170614001060272
      vertex 5.560013386070597 5.003227917034147 3.5350180735100167
    endloop
  endfacet
  facet normal 0.15023583443175492 -0.8487612634009487 -0.5069847254135176
    outer loop
      vertex 5.736502191079741 5.164658054122597 3.3170614001060272
      vertex 6.020573434084329 5.440099195457292 2.940114953198577
      vertex 5.748793449894688 5.174873715864115 3.3036012895743707
    endloop
  endfacet
  facet normal 0.31732244372202634 0.1553431641072827 -0.9355078663888504
    outer loop
      vertex 5.200664323727389 3.8547040387395515 3.3632757818022276
      vertex 5.234903595109747 3.8351126244620435 3.371636477916199
      vertex 5.262795812588498 3.8148712339022732 3.3777363357161394
    endloop
  endfacet
  facet normal 0.4819472800993127 0.8409993969792744 0.24585937746071754
    outer loop
      vertex 5.200664323727389 3.8547040387395515 3.3632757818022276
      vertex 5.262795812588498 3.8148712339022732 3.3777363357161394
      vertex 5.224000799334799 3.8398940452180708 3.36819015475483
    endloop
  endfacet
  facet normal 0.4770028747189002 0.8391892171451093 0.2612081839018139
    outer loop
      vertex 5.224000799334799 3.8398940452180708 3.36819015475483
      vertex 5.262795812588498 3.8148712339022732 3.3777363357161394
      vertex 5.263301568854585 3.8149752527663434 3.376478569986788
    endloop
  endfacet
  facet normal 0.4219334207274768 0.8737536822999611 0.24192290329869257
    outer loop
      vertex 5.263301568854585 3.8149752527663434 3.376478569986788
      vertex 5.262795812588498 3.8148712339022732 3.3777363357161394
      vertex 5.279694019454843 3.8059050076487497 3.380647821021868
    endloop
  endfacet
  facet normal 0.2646513983885872 0.19189924745828468 -0.9450578374659983
    outer loop
      vertex 5.262795812588498 3.8148712339022732 3.3777363357161394
      vertex 5.271755837506972 3.8123505708075984 3.3797336418052226
      vertex 5.279694019454843 3.8059050076487497 3.380647821021868
    endloop
  endfacet
  facet normal 0.45214186103457266 0.016362411897363142 -0.8917959458178167
    outer loop
      vertex 5.119316127278129 3.924842331971114 3.3472171432393485
      vertex 5.1196302534451865 3.9294797172839573 3.347461491062873
      vertex 5.598290391724323 4.7143188715848945 3.604542887671151
    endloop
  endfacet
  facet normal 0.3173224437221139 0.1553431641074394 -0.9355078663887947
    outer loop
      vertex 5.129753834085293 3.918895232596693 3.349882172675747
      vertex 5.768166670729757 4.658934057601021 3.689315656321241
      vertex 5.234903595109747 3.8351126244620435 3.371636477916199
    endloop
  endfacet
  facet normal 0.44665236789457957 0.022033588907367122 -0.8944362376458291
    outer loop
      vertex 5.119316127278129 3.924842331971114 3.3472171432393485
      vertex 5.733090488008612 4.670196508938408 3.67207719124424
      vertex 5.119281122125047 3.9240099390159635 3.347179157592898
    endloop
  endfacet
  facet normal 0.3173224437221019 0.15534316410745075 -0.9355078663887969
    outer loop
      vertex 5.129753834085293 3.918895232596693 3.349882172675747
      vertex 5.119281122125047 3.9240099390159635 3.347179157592898
      vertex 5.768166670729757 4.658934057601021 3.689315656321241
    endloop
  endfacet
  facet normal 0.31732244372212287 0.15534316410743285 -0.9355078663887928
    outer loop
      vertex 5.262795812588498 3.8148712339022732 3.3777363357161394
      vertex 5.234903595109747 3.8351126244620435 3.371636477916199
      vertex 5.768166670729757 4.658934057601021 3.689315656321241
    endloop
  endfacet
  facet normal 0.26465139838860346 0.19189924745835782 -0.9450578374659788
    outer loop
      vertex 5.262795812588498 3.8148712339022732 3.3777363357161394
      vertex 5.78822411100413 4.654924167656378 3.6954532497902464
      vertex 5.271755837506972 3.8123505708075984 3.3797336418052226
    endloop
  endfacet
  facet normal 0.2646513983886009 0.1918992474583596 -0.9450578374659793
    outer loop
      vertex 5.271755837506972 3.8123505708075984 3.3797336418052226
      vertex 5.78822411100413 4.654924167656378 3.6954532497902464
      vertex 5.312868612930785 3.80732154041115 3.3902255778179557
    endloop
  endfacet
  facet normal 0.452141861034566 0.01636241189736825 -0.89179594581782
    outer loop
      vertex 5.119316127278129 3.924842331971114 3.3472171432393485
      vertex 5.598290391724323 4.7143188715848945 3.604542887671151
      vertex 5.733090488008612 4.670196508938408 3.67207719124424
    endloop
  endfacet
  facet normal 0.4466523678948864 0.022033588907051167 -0.8944362376456838
    outer loop
      vertex 5.119281122125047 3.9240099390159635 3.347179157592898
      vertex 5.733090488008612 4.670196508938408 3.67207719124424
      vertex 5.768166670729757 4.658934057601021 3.689315656321241
    endloop
  endfacet
  facet normal 0.3173224437221181 0.15534316410743582 -0.9355078663887939
    outer loop
      vertex 5.262795812588498 3.8148712339022732 3.3777363357161394
      vertex 5.768166670729757 4.658934057601021 3.689315656321241
      vertex 5.78822411100413 4.654924167656378 3.6954532497902464
    endloop
  endfacet
  facet normal 0.26465139838858004 0.19189924745837686 -0.9450578374659816
    outer loop
      vertex 5.312868612930785 3.80732154041115 3.3902255778179557
      vertex 5.78822411100413 4.654924167656378 3.6954532497902464
      vertex 5.793122510391304 4.654132935940741 3.6966643200882867
    endloop
  endfacet
  facet normal 0.39982537199178786 0.1254356022265463 -0.9079678307108089
    outer loop
      vertex 5.525263160132303 3.7055724243642834 3.4700776140775176
      vertex 5.328401388901758 3.798372762415368 3.3962095073512653
      vertex 5.96828730612017 4.59448201338122 3.7879668540170823
    endloop
  endfacet
  facet normal 0.4746851148920528 0.04880595645165502 -0.8788014680886451
    outer loop
      vertex 5.312868612930785 3.80732154041115 3.3902255778179557
      vertex 5.96828730612017 4.59448201338122 3.7879668540170823
      vertex 5.314042957832357 3.804136612856667 3.3906830197130793
    endloop
  endfacet
  facet normal 0.39982537199179513 0.1254356022265393 -0.9079678307108066
    outer loop
      vertex 5.314042957832357 3.804136612856667 3.3906830197130793
      vertex 5.96828730612017 4.59448201338122 3.7879668540170823
      vertex 5.328401388901758 3.798372762415368 3.3962095073512653
    endloop
  endfacet
  facet normal -0.8032110442568003 0.5205320392099884 -0.28965223033802384
    outer loop
      vertex 5.519008555826331 3.692131427789037 3.46326702574539
      vertex 5.525263160132303 3.7055724243642834 3.4700776140775176
      vertex 5.982269237210815 4.590792473733431 3.7936141148542943
    endloop
  endfacet
  facet normal 0.47468511489198223 0.04880595645173099 -0.878801468088679
    outer loop
      vertex 5.312868612930785 3.80732154041115 3.3902255778179557
      vertex 5.793122510391304 4.654132935940741 3.6966643200882867
      vertex 5.96828730612017 4.59448201338122 3.7879668540170823
    endloop
  endfacet
  facet normal -0.8032110442568202 0.5205320392099826 -0.2896522303379786
    outer loop
      vertex 5.519008555826331 3.692131427789037 3.46326702574539
      vertex 6.018739995115292 4.621183998550486 3.7470964231456994
      vertex 6.214028898554937 4.6774925221532575 3.3067483087919975
    endloop
  endfacet
  facet normal -0.8032110442568166 0.5205320392099834 -0.2896522303379873
    outer loop
      vertex 5.519008555826331 3.692131427789037 3.46326702574539
      vertex 5.982269237210815 4.590792473733431 3.7936141148542943
      vertex 6.018739995115292 4.621183998550486 3.7470964231456994
    endloop
  endfacet
  facet normal 0.3998253719917899 0.12543560222654465 -0.9079678307108082
    outer loop
      vertex 5.525263160132303 3.7055724243642834 3.4700776140775176
      vertex 5.96828730612017 4.59448201338122 3.7879668540170823
      vertex 5.982269237210815 4.590792473733431 3.7936141148542943
    endloop
  endfacet
  facet normal -0.8032110442568194 0.5205320392099813 -0.28965223033798326
    outer loop
      vertex 5.519008555826331 3.692131427789037 3.46326702574539
      vertex 6.214028898554937 4.6774925221532575 3.3067483087919975
      vertex 6.568987026711653 5.098769229667855 3.079516275835921
    endloop
  endfacet
  facet normal -0.8032110442568193 0.5205320392099845 -0.2896522303379779
    outer loop
      vertex 6.214028898554937 4.6774925221532575 3.3067483087919975
      vertex 6.018739995115292 4.621183998550486 3.7470964231456994
      vertex 6.297710894586229 4.878270832819403 3.4355138978533213
    endloop
  endfacet
  facet normal -0.80321104425682 0.5205320392099839 -0.28965223033797666
    outer loop
      vertex 6.214028898554937 4.6774925221532575 3.3067483087919975
      vertex 6.297710894586229 4.878270832819403 3.4355138978533213
      vertex 6.458042028897256 5.008591026503565 3.2251101955339134
    endloop
  endfacet
  facet normal -0.16224162554810712 -0.08112429719737856 0.9834106483782546
    outer loop
      vertex 4.96708180428044 4.045796650103818 3.336628741813228
      vertex 4.977266869848055 4.040867644017048 3.337902451266546
      vertex 4.967647291343105 4.051082363067231 3.3371580682858215
    endloop
  endfacet
  facet normal -0.15179488214383477 -0.10970797205968881 0.9823046750481695
    outer loop
      vertex 4.977266869848055 4.040867644017048 3.337902451266546
      vertex 5.1196302534451865 3.9294797172839573 3.347461491062873
      vertex 5.255926315242076 4.1406147413824055 3.3921036892277057
    endloop
  endfacet
  facet normal -0.16224162554806856 -0.08112429719734154 0.983410648378264
    outer loop
      vertex 4.977266869848055 4.040867644017048 3.337902451266546
      vertex 5.255926315242076 4.1406147413824055 3.3921036892277057
      vertex 4.967647291343105 4.051082363067231 3.3371580682858215
    endloop
  endfacet
  facet normal -0.16224162554812832 -0.0811242971971527 0.9834106483782697
    outer loop
      vertex 4.967647291343105 4.051082363067231 3.3371580682858215
      vertex 5.255926315242076 4.1406147413824055 3.3921036892277057
      vertex 4.968991730359774 4.054776917297293 3.337684645954814
    endloop
  endfacet
  facet normal -0.1622416255480775 -0.08112429719731899 0.9834106483782644
    outer loop
      vertex 4.968991730359774 4.054776917297293 3.337684645954814
      vertex 5.255926315242076 4.1406147413824055 3.3921036892277057
      vertex 5.08298142615544 4.2360358456123475 3.3714430527472
    endloop
  endfacet
  facet normal 0.06011182948730075 0.31409909325717905 0.9474852650942428
    outer loop
      vertex 5.08298142615544 4.2360358456123475 3.3714430527472
      vertex 5.255926315242076 4.1406147413824055 3.3921036892277057
      vertex 6.2269579394503705 5.338143361913957 2.9335074901232825
    endloop
  endfacet
  facet normal 0.06011182948732384 0.3140990932571643 0.9474852650942464
    outer loop
      vertex 5.255926315242076 4.1406147413824055 3.3921036892277057
      vertex 6.242873716834217 5.332005507447413 2.934532485510555
      vertex 6.2269579394503705 5.338143361913957 2.9335074901232825
    endloop
  endfacet
  facet normal -0.10412510312256179 0.4587336119198694 0.8824519455441563
    outer loop
      vertex 5.08298142615544 4.2360358456123475 3.3714430527472
      vertex 6.109524343246434 5.4334798830213415 2.8700911734923023
      vertex 6.101687362904293 5.525368611553191 2.8213990323084124
    endloop
  endfacet
  facet normal -0.10412510312236502 0.4587336119199827 0.8824519455441205
    outer loop
      vertex 5.08298142615544 4.2360358456123475 3.3714430527472
      vertex 6.101687362904293 5.525368611553191 2.8213990323084124
      vertex 6.101478012254551 5.525336267217091 2.8213911438064896
    endloop
  endfacet
  facet normal -0.10412510312255845 0.4587336119198671 0.8824519455441578
    outer loop
      vertex 5.08298142615544 4.2360358456123475 3.3714430527472
      vertex 6.2269579394503705 5.338143361913957 2.9335074901232825
      vertex 6.109524343246434 5.4334798830213415 2.8700911734923023
    endloop
  endfacet
  facet normal -0.10412510312256254 0.458733611919869 0.8824519455441564
    outer loop
      vertex 6.101687362904293 5.525368611553191 2.8213990323084124
      vertex 6.109524343246434 5.4334798830213415 2.8700911734923023
      vertex 6.109133017622473 5.525363686851026 2.822280143960648
    endloop
  endfacet
  facet normal 0.2799206596282286 0.9215708450760284 0.268982530695122
    outer loop
      vertex 6.110259035029322 5.526822770939853 2.8202180018334637
      vertex 6.110498595735347 5.526678455039865 2.8204631453931155
      vertex 6.1107797338109835 5.526657680377182 2.8202417517138296
    endloop
  endfacet
  facet normal -0.4372290262136243 -0.42615306749558673 0.7919749627989433
    outer loop
      vertex 5.200664323727389 3.8547040387395515 3.3632757818022276
      vertex 5.224000799334799 3.8398940452180708 3.36819015475483
      vertex 5.234903595109747 3.8351126244620435 3.371636477916199
    endloop
  endfacet
  facet normal -0.437229026213691 -0.4261530674957226 0.7919749627988335
    outer loop
      vertex 5.263301568854585 3.8149752527663434 3.376478569986788
      vertex 5.271755837506972 3.8123505708075984 3.3797336418052226
      vertex 5.234903595109747 3.8351126244620435 3.371636477916199
    endloop
  endfacet
  facet normal -0.43722902621368837 -0.4261530674956929 0.7919749627988508
    outer loop
      vertex 5.263301568854585 3.8149752527663434 3.376478569986788
      vertex 5.279694019454843 3.8059050076487497 3.380647821021868
      vertex 5.271755837506972 3.8123505708075984 3.3797336418052226
    endloop
  endfacet
  facet normal -0.43722902621363097 -0.4261530674956163 0.7919749627989238
    outer loop
      vertex 5.224000799334799 3.8398940452180708 3.36819015475483
      vertex 5.263301568854585 3.8149752527663434 3.376478569986788
      vertex 5.234903595109747 3.8351126244620435 3.371636477916199
    endloop
  endfacet
  facet normal -0.2647849609082818 -0.03284476558914135 0.9637479680135228
    outer loop
      vertex 5.119316127278129 3.924842331971114 3.3472171432393485
      vertex 5.119281122125047 3.9240099390159635 3.347179157592898
      vertex 5.255926315242076 4.1406147413824055 3.3921036892277057
    endloop
  endfacet
  facet normal -0.26478496090869524 -0.03284476558885792 0.9637479680134188
    outer loop
      vertex 5.119316127278129 3.924842331971114 3.3472171432393485
      vertex 5.255926315242076 4.1406147413824055 3.3921036892277057
      vertex 5.1196302534451865 3.9294797172839573 3.347461491062873
    endloop
  endfacet
  facet normal -0.26478496090871917 -0.03284476558884259 0.9637479680134127
    outer loop
      vertex 5.129753834085293 3.918895232596693 3.349882172675747
      vertex 5.255926315242076 4.1406147413824055 3.3921036892277057
      vertex 5.119281122125047 3.9240099390159635 3.347179157592898
    endloop
  endfacet
  facet normal -0.25460915497837383 -0.06908926505452928 0.9645728856107368
    outer loop
      vertex 5.129753834085293 3.918895232596693 3.349882172675747
      vertex 5.234903595109747 3.8351126244620435 3.371636477916199
      vertex 5.434996878011464 4.00657032161027 3.436734169233336
    endloop
  endfacet
  facet normal -0.26478496090872994 -0.032844765588835936 0.96374796801341
    outer loop
      vertex 5.129753834085293 3.918895232596693 3.349882172675747
      vertex 5.434996878011464 4.00657032161027 3.436734169233336
      vertex 5.255926315242076 4.1406147413824055 3.3921036892277057
    endloop
  endfacet
  facet normal -0.25460915497837755 -0.06908926505452467 0.9645728856107361
    outer loop
      vertex 5.271755837506972 3.8123505708075984 3.3797336418052226
      vertex 5.434996878011464 4.00657032161027 3.436734169233336
      vertex 5.234903595109747 3.8351126244620435 3.371636477916199
    endloop
  endfacet
  facet normal -0.2546091549783732 -0.06908926505452856 0.9645728856107368
    outer loop
      vertex 5.271755837506972 3.8123505708075984 3.3797336418052226
      vertex 5.312868612930785 3.80732154041115 3.3902255778179557
      vertex 5.434996878011464 4.00657032161027 3.436734169233336
    endloop
  endfacet
  facet normal -0.01149520721961632 0.302024489868401 0.9532308575212567
    outer loop
      vertex 5.255926315242076 4.1406147413824055 3.3921036892277057
      vertex 5.434996878011464 4.00657032161027 3.436734169233336
      vertex 6.333299040618039 5.174119376036831 3.0776372774849583
    endloop
  endfacet
  facet normal -0.01149520721962892 0.30202448986841035 0.9532308575212537
    outer loop
      vertex 5.434996878011464 4.00657032161027 3.436734169233336
      vertex 6.3645151621118465 5.160215556574884 3.0824190464860526
      vertex 6.335246000256047 5.173198368656277 3.0779525709801203
    endloop
  endfacet
  facet normal -0.011495207219697939 0.3020244898684538 0.9532308575212389
    outer loop
      vertex 5.434996878011464 4.00657032161027 3.436734169233336
      vertex 6.335246000256047 5.173198368656277 3.0779525709801203
      vertex 6.333299040618039 5.174119376036831 3.0776372774849583
    endloop
  endfacet
  facet normal -0.2929720179270972 0.5445364487485691 0.7859054985785643
    outer loop
      vertex 5.255926315242076 4.1406147413824055 3.3921036892277057
      vertex 6.333299040618039 5.174119376036831 3.0776372774849583
      vertex 6.242873716834217 5.332005507447413 2.934532485510555
    endloop
  endfacet
  facet normal -0.35855101386944466 0.0018723285681560803 0.9335082564385417
    outer loop
      vertex 5.314042957832357 3.804136612856667 3.3906830197130793
      vertex 5.328401388901758 3.798372762415368 3.3962095073512653
      vertex 5.434996878011464 4.00657032161027 3.436734169233336
    endloop
  endfacet
  facet normal -0.35855101386941646 0.0018723285681367578 0.9335082564385526
    outer loop
      vertex 5.312868612930785 3.80732154041115 3.3902255778179557
      vertex 5.314042957832357 3.804136612856667 3.3906830197130793
      vertex 5.434996878011464 4.00657032161027 3.436734169233336
    endloop
  endfacet
  facet normal -0.35855101386943883 0.0018723285681527275 0.933508256438544
    outer loop
      vertex 5.328401388901758 3.798372762415368 3.3962095073512653
      vertex 5.616405077256498 3.8665838914642485 3.5066919804314973
      vertex 5.434996878011464 4.00657032161027 3.436734169233336
    endloop
  endfacet
  facet normal -0.3558575635876662 -0.011065411717374492 0.9344746925952436
    outer loop
      vertex 5.525263160132303 3.7055724243642834 3.4700776140775176
      vertex 5.616405077256498 3.8665838914642485 3.5066919804314973
      vertex 5.328401388901758 3.798372762415368 3.3962095073512653
    endloop
  endfacet
  facet normal -0.11715998654695498 0.3182964417018056 0.9407236112441775
    outer loop
      vertex 5.434996878011464 4.00657032161027 3.436734169233336
      vertex 5.616405077256498 3.8665838914642485 3.5066919804314973
      vertex 6.214028898554937 4.6774925221532575 3.3067483087919975
    endloop
  endfacet
  facet normal 0.8032110442568188 -0.5205320392099791 0.28965223033798887
    outer loop
      vertex 5.519008555826331 3.692131427789037 3.46326702574539
      vertex 6.568987026711653 5.098769229667855 3.079516275835921
      vertex 5.525263160132303 3.7055724243642834 3.4700776140775176
    endloop
  endfacet
  facet normal 0.8032110442568198 -0.5205320392099823 0.28965223033798065
    outer loop
      vertex 5.525263160132303 3.7055724243642834 3.4700776140775176
      vertex 6.568987026711653 5.098769229667855 3.079516275835921
      vertex 5.616405077256498 3.8665838914642485 3.5066919804314973
    endloop
  endfacet
  facet normal -0.11715998654695389 0.31829644170180443 0.940723611244178
    outer loop
      vertex 5.434996878011464 4.00657032161027 3.436734169233336
      vertex 6.214028898554937 4.6774925221532575 3.3067483087919975
      vertex 6.41827826411374 5.032091677702274 3.2122064099201317
    endloop
  endfacet
  facet normal 0.8032110442568194 -0.5205320392099809 0.2896522303379839
    outer loop
      vertex 5.616405077256498 3.8665838914642485 3.5066919804314973
      vertex 6.568987026711653 5.098769229667855 3.079516275835921
      vertex 6.214028898554937 4.6774925221532575 3.3067483087919975
    endloop
  endfacet
  facet normal -0.41500659501738285 0.5556452896043673 0.7204358668421198
    outer loop
      vertex 5.434996878011464 4.00657032161027 3.436734169233336
      vertex 6.41827826411374 5.032091677702274 3.2122064099201317
      vertex 6.3645151621118465 5.160215556574884 3.0824190464860526
    endloop
  endfacet
  facet normal -0.11715998654695228 0.31829644170180377 0.9407236112441786
    outer loop
      vertex 6.214028898554937 4.6774925221532575 3.3067483087919975
      vertex 6.458042028897256 5.008591026503565 3.2251101955339134
      vertex 6.41827826411374 5.032091677702274 3.2122064099201317
    endloop
  endfacet
  facet normal 0.3502173268047552 -0.08666463609245278 0.9326505588143363
    outer loop
      vertex 5.242976738496472 3.861524007431185 -3.6815034176416774
      vertex 5.847597237517206 4.500607285902695 -3.849157480204697
      vertex 5.568289631138084 4.6061897686138416 -3.734464329921039
    endloop
  endfacet
  facet normal 0.39348308517942765 -0.10399030628993632 0.9134314850471297
    outer loop
      vertex 4.983246960034105 4.1437884628852135 -3.5374838125883437
      vertex 5.242976738496472 3.861524007431185 -3.6815034176416774
      vertex 5.560392763706162 4.6999696637210135 -3.72278469258909
    endloop
  endfacet
  facet normal 0.3502173268048579 -0.08666463609256263 0.9326505588142877
    outer loop
      vertex 5.243521946290019 3.8610575525339836 -3.6817514916472547
      vertex 5.244195722526563 3.860135876838329 -3.6820901445309113
      vertex 5.847597237517206 4.500607285902695 -3.849157480204697
    endloop
  endfacet
  facet normal 0.3502173268048358 -0.08666463609253906 0.9326505588142983
    outer loop
      vertex 5.243521946290019 3.8610575525339836 -3.6817514916472547
      vertex 5.847597237517206 4.500607285902695 -3.849157480204697
      vertex 5.242976738496472 3.861524007431185 -3.6815034176416774
    endloop
  endfacet
  facet normal 0.350217326804758 -0.08666463609245405 0.9326505588143352
    outer loop
      vertex 5.242976738496472 3.861524007431185 -3.6815034176416774
      vertex 5.568289631138084 4.6061897686138416 -3.734464329921039
      vertex 5.560392763706162 4.6999696637210135 -3.72278469258909
    endloop
  endfacet
  facet normal 0.39348308517942165 -0.10399030628992884 0.913431485047133
    outer loop
      vertex 4.983246960034105 4.1437884628852135 -3.5374838125883437
      vertex 5.560392763706162 4.6999696637210135 -3.72278469258909
      vertex 5.558397243870475 4.763441836858647 -3.714699035210451
    endloop
  endfacet
  facet normal 0.6339127298195554 -0.6889122708500739 -0.3515032489820169
    outer loop
      vertex 4.983246960034105 4.1437884628852135 -3.5374838125883437
      vertex 5.558397243870475 4.763441836858647 -3.714699035210451
      vertex 5.6037771400107825 4.801446904644696 -3.7073456571224326
    endloop
  endfacet
  facet normal 0.6339127298195654 -0.6889122708500769 -0.3515032489819933
    outer loop
      vertex 4.983246960034105 4.1437884628852135 -3.5374838125883437
      vertex 5.6037771400107825 4.801446904644696 -3.7073456571224326
      vertex 5.812308577478101 4.90864347371682 -3.5413679567163676
    endloop
  endfacet
  facet normal 0.6339127298195663 -0.688912270850078 -0.3515032489819892
    outer loop
      vertex 4.983246960034105 4.1437884628852135 -3.5374838125883437
      vertex 5.812308577478101 4.90864347371682 -3.5413679567163676
      vertex 5.996891533101139 5.014206151382097 -3.415377481754833
    endloop
  endfacet
  facet normal -0.633912729819566 0.6889122708500771 0.3515032489819916
    outer loop
      vertex 5.244195722526563 3.860135876838329 -3.6820901445309113
      vertex 6.533151285497471 4.862420468889621 -3.321925094684128
      vertex 5.847597237517206 4.500607285902695 -3.849157480204697
    endloop
  endfacet
  facet normal 0.6339127298195681 -0.6889122708500816 -0.3515032489819789
    outer loop
      vertex 4.983246960034105 4.1437884628852135 -3.5374838125883437
      vertex 5.996891533101139 5.014206151382097 -3.415377481754833
      vertex 6.072675473861571 5.053277686723062 -3.355282604430757
    endloop
  endfacet
  facet normal 0.6339127298195657 -0.6889122708500752 -0.35150324898199575
    outer loop
      vertex 4.983246960034105 4.1437884628852135 -3.5374838125883437
      vertex 6.072675473861571 5.053277686723062 -3.355282604430757
      vertex 6.196880061799504 5.103588849052303 -3.2298928891602645
    endloop
  endfacet
  facet normal -0.6339127298192542 0.6889122708509257 0.35150324898089047
    outer loop
      vertex 6.533151285497471 4.862420468889621 -3.321925094684128
      vertex 5.849620320736389 4.501805009269817 -3.8478564057971223
      vertex 5.847597237517206 4.500607285902695 -3.849157480204697
    endloop
  endfacet
  facet normal -0.6339127298195668 0.6889122708500747 0.35150324898199486
    outer loop
      vertex 6.533151285497471 4.862420468889621 -3.321925094684128
      vertex 5.864733708290107 4.517849220626388 -3.8520455144978825
      vertex 5.849620320736389 4.501805009269817 -3.8478564057971223
    endloop
  endfacet
  facet normal -0.6339127298195846 0.6889122708500344 0.35150324898204177
    outer loop
      vertex 6.533151285497471 4.862420468889621 -3.321925094684128
      vertex 5.879966890464373 4.526561051544095 -3.8416478271771153
      vertex 5.864733708290107 4.517849220626388 -3.8520455144978825
    endloop
  endfacet
  facet normal -0.2985769815186247 -0.5855484987672456 0.7536476243568023
    outer loop
      vertex 6.533151285497471 4.862420468889621 -3.321925094684128
      vertex 5.8864594045567 4.552358553217511 -3.8190322133462957
      vertex 5.879966890464373 4.526561051544095 -3.8416478271771153
    endloop
  endfacet
  facet normal -0.2942042864893266 -0.5881044261015054 0.753377078103074
    outer loop
      vertex 5.996891533101139 5.014206151382097 -3.415377481754833
      vertex 5.8864594045567 4.552358553217511 -3.8190322133462957
      vertex 6.197904124191484 5.032622106438797 -3.3225033120322642
    endloop
  endfacet
  facet normal -0.29857698151863044 -0.5855484987672388 0.7536476243568053
    outer loop
      vertex 6.533151285497471 4.862420468889621 -3.321925094684128
      vertex 6.313483331806154 5.014912306974376 -3.2904732973863027
      vertex 5.8864594045567 4.552358553217511 -3.8190322133462957
    endloop
  endfacet
  facet normal -0.29857698151862955 -0.5855484987672397 0.7536476243568051
    outer loop
      vertex 6.313483331806154 5.014912306974376 -3.2904732973863027
      vertex 6.197904124191484 5.032622106438797 -3.3225033120322642
      vertex 5.8864594045567 4.552358553217511 -3.8190322133462957
    endloop
  endfacet
  facet normal -0.2985769815186368 -0.5855484987672464 0.7536476243567969
    outer loop
      vertex 6.533151285497471 4.862420468889621 -3.321925094684128
      vertex 6.319797378161085 5.022998869575171 -3.281688948734561
      vertex 6.313483331806154 5.014912306974376 -3.2904732973863027
    endloop
  endfacet
  facet normal -0.29857698151863277 -0.585548498767242 0.7536476243568019
    outer loop
      vertex 6.533151285497471 4.862420468889621 -3.321925094684128
      vertex 6.357426777679553 5.032918807668026 -3.259073767803998
      vertex 6.319797378161085 5.022998869575171 -3.281688948734561
    endloop
  endfacet
  facet normal -0.29420428648932845 -0.5881044261015005 0.753377078103077
    outer loop
      vertex 6.072675473861571 5.053277686723062 -3.355282604430757
      vertex 5.996891533101139 5.014206151382097 -3.415377481754833
      vertex 6.197904124191484 5.032622106438797 -3.3225033120322642
    endloop
  endfacet
  facet normal -0.07953346736930375 0.3940116041523557 -0.9156578418609778
    outer loop
      vertex 4.983246960034105 4.1437884628852135 -3.5374838125883437
      vertex 6.196880061799504 5.103588849052303 -3.2298928891602645
      vertex 5.242976738496472 3.861524007431185 -3.6815034176416774
    endloop
  endfacet
  facet normal -0.0037671467427038753 0.34245763606640234 -0.9395257187034479
    outer loop
      vertex 5.243521946290019 3.8610575525339836 -3.6817514916472547
      vertex 6.219098957207896 5.089348835336693 -3.237950349166493
      vertex 5.244195722526563 3.860135876838329 -3.6820901445309113
    endloop
  endfacet
  facet normal -0.07953346736927203 0.3940116041523346 -0.9156578418609895
    outer loop
      vertex 5.243521946290019 3.8610575525339836 -3.6817514916472547
      vertex 5.242976738496472 3.861524007431185 -3.6815034176416774
      vertex 6.219098957207896 5.089348835336693 -3.237950349166493
    endloop
  endfacet
  facet normal -0.07953346736930687 0.39401160415235853 -0.9156578418609762
    outer loop
      vertex 5.242976738496472 3.861524007431185 -3.6815034176416774
      vertex 6.196880061799504 5.103588849052303 -3.2298928891602645
      vertex 6.219098957207896 5.089348835336693 -3.237950349166493
    endloop
  endfacet
  facet normal -0.0037671467426326427 0.3424576360663526 -0.9395257187034665
    outer loop
      vertex 5.244195722526563 3.860135876838329 -3.6820901445309113
      vertex 6.219098957207896 5.089348835336693 -3.237950349166493
      vertex 6.329865417130451 5.0329765075003 -3.25894222543606
    endloop
  endfacet
  facet normal -0.003767146742635989 0.3424576360663554 -0.9395257187034652
    outer loop
      vertex 5.244195722526563 3.860135876838329 -3.6820901445309113
      vertex 6.329865417130451 5.0329765075003 -3.25894222543606
      vertex 6.357426777679553 5.032918807668026 -3.259073767803998
    endloop
  endfacet
  facet normal -0.003767146742634427 0.342457636066354 -0.9395257187034659
    outer loop
      vertex 5.244195722526563 3.860135876838329 -3.6820901445309113
      vertex 6.357426777679553 5.032918807668026 -3.259073767803998
      vertex 6.533151285497471 4.862420468889621 -3.321925094684128
    endloop
  endfacet
  facet normal 0.3289255215212942 -0.9411304117472892 -0.07798428929164343
    outer loop
      vertex 19.246979603717467 -5.39341635780582 -1.3657985132345523
      vertex 18.011327501476558 -5.9795069580400195 0.4954760728339962
      vertex 18.011327501476558 -5.816401595635982 -1.4729129228447957
    endloop
  endfacet
  facet normal 0.32892552152129445 -0.9411304117472891 -0.0779842892916433
    outer loop
      vertex 19.246979603717467 -5.39341635780582 -1.3657985132345523
      vertex 19.246979603717467 -5.544660235170789 0.45944364607307786
      vertex 18.011327501476558 -5.9795069580400195 0.4954760728339962
    endloop
  endfacet
  facet normal 0.8976967758997408 -0.43910885536595623 -0.036385597128675215
    outer loop
      vertex 19.246979603717467 -5.39341635780582 -1.3657985132345523
      vertex 20 -3.885610439998663 -0.9839701980875506
      vertex 19.246979603717467 -5.544660235170789 0.45944364607307786
    endloop
  endfacet
  facet normal 0.8976967758997408 -0.43910885536595606 -0.03638559712867511
    outer loop
      vertex 19.246979603717467 -5.544660235170789 0.45944364607307786
      vertex 20 -3.885610439998663 -0.9839701980875506
      vertex 20 -3.9945719497149796 0.3309996687329509
    endloop
  endfacet
  facet normal 0.3289255215212941 -0.8648159127801025 -0.37934343054053643
    outer loop
      vertex 19.246979603717467 -4.65771213059518 -3.0430352110857366
      vertex 18.011327501476558 -5.816401595635982 -1.4729129228447957
      vertex 18.011327501476558 -5.022998869575172 -3.2816889487345593
    endloop
  endfacet
  facet normal 0.32892552152129423 -0.8648159127801025 -0.3793434305405364
    outer loop
      vertex 19.246979603717467 -5.39341635780582 -1.3657985132345523
      vertex 18.011327501476558 -5.816401595635982 -1.4729129228447957
      vertex 19.246979603717467 -4.65771213059518 -3.0430352110857366
    endloop
  endfacet
  facet normal 0.897696775899741 -0.40350234231417514 -0.17699253737427614
    outer loop
      vertex 19.246979603717467 -5.39341635780582 -1.3657985132345523
      vertex 19.246979603717467 -4.65771213059518 -3.0430352110857366
      vertex 20 -3.3555827476504705 -2.192311626074534
    endloop
  endfacet
  facet normal 0.8976967758997407 -0.40350234231417526 -0.1769925373742765
    outer loop
      vertex 19.246979603717467 -5.39341635780582 -1.3657985132345523
      vertex 20 -3.3555827476504705 -2.192311626074534
      vertex 20 -3.885610439998663 -0.9839701980875506
    endloop
  endfacet
  facet normal 0.3289255215212945 -0.6947851906616975 -0.6395948249705692
    outer loop
      vertex 19.246979603717467 -3.4172725221844176 -4.390511826259491
      vertex 18.011327501476558 -5.022998869575172 -3.2816889487345593
      vertex 18.011327501476558 -3.685276276138007 -4.734843056378361
    endloop
  endfacet
  facet normal 0.3289255215212942 -0.6947851906616974 -0.6395948249705695
    outer loop
      vertex 19.246979603717467 -4.65771213059518 -3.0430352110857366
      vertex 18.011327501476558 -5.022998869575172 -3.2816889487345593
      vertex 19.246979603717467 -3.4172725221844176 -4.390511826259491
    endloop
  endfacet
  facet normal 0.8976967758997408 -0.32417008948872095 -0.29841958987319356
    outer loop
      vertex 19.246979603717467 -4.65771213059518 -3.0430352110857366
      vertex 19.246979603717467 -3.4172725221844176 -4.390511826259491
      vertex 20 -2.461925597363345 -3.163082072156552
    endloop
  endfacet
  facet normal 0.897696775899741 -0.324170089488721 -0.29841958987319345
    outer loop
      vertex 19.246979603717467 -4.65771213059518 -3.0430352110857366
      vertex 20 -2.461925597363345 -3.163082072156552
      vertex 20 -3.3555827476504705 -2.192311626074534
    endloop
  endfacet
  facet normal 0.32892552152129517 -0.44946371243209043 -0.8305361957787916
    outer loop
      vertex 19.246979603717467 -1.8065184115484971 -5.262208359247798
      vertex 18.011327501476558 -3.685276276138007 -4.734843056378361
      vertex 18.01132750147656 -1.9481968152281037 -5.674903450203807
    endloop
  endfacet
  facet normal 0.32892552152129456 -0.4494637124320902 -0.8305361957787918
    outer loop
      vertex 19.246979603717467 -1.8065184115484971 -5.262208359247798
      vertex 19.246979603717467 -3.4172725221844176 -4.390511826259491
      vertex 18.011327501476558 -3.685276276138007 -4.734843056378361
    endloop
  endfacet
  facet normal 0.8976967758997408 -0.20970897744996486 -0.387508249352321
    outer loop
      vertex 19.246979603717467 -1.8065184115484971 -5.262208359247798
      vertex 20 -1.3014806078903065 -3.7910834954451387
      vertex 19.246979603717467 -3.4172725221844176 -4.390511826259491
    endloop
  endfacet
  facet normal 0.897696775899741 -0.20970897744996486 -0.387508249352321
    outer loop
      vertex 19.246979603717467 -3.4172725221844176 -4.390511826259491
      vertex 20 -1.3014806078903065 -3.7910834954451387
      vertex 20 -2.461925597363345 -3.163082072156552
    endloop
  endfacet
  facet normal 0.32892552152129506 -0.15543586681239568 -0.9314760826775013
    outer loop
      vertex 19.246979603717467 4.91129793062119e-17 -5.56366296493606
      vertex 18.01132750147656 -1.9481968152281037 -5.674903450203807
      vertex 18.01132750147656 0 -6
    endloop
  endfacet
  facet normal 0.3289255215212953 -0.15543586681239577 -0.9314760826775013
    outer loop
      vertex 19.246979603717467 -1.8065184115484971 -5.262208359247798
      vertex 18.01132750147656 -1.9481968152281037 -5.674903450203807
      vertex 19.246979603717467 4.91129793062119e-17 -5.56366296493606
    endloop
  endfacet
  facet normal 0.8976967758997408 -0.07252264373445157 -0.43460437720411443
    outer loop
      vertex 19.246979603717467 -1.8065184115484971 -5.262208359247798
      vertex 20 2.2418490668345154e-16 -4.008262197280893
      vertex 20 -1.3014806078903065 -3.7910834954451387
    endloop
  endfacet
  facet normal 0.8976967758997408 -0.07252264373445153 -0.4346043772041145
    outer loop
      vertex 19.246979603717467 -1.8065184115484971 -5.262208359247798
      vertex 19.246979603717467 4.91129793062119e-17 -5.56366296493606
      vertex 20 2.2418490668345154e-16 -4.008262197280893
    endloop
  endfacet
  facet normal 0.32892552152129534 0.15543586681239552 -0.9314760826775013
    outer loop
      vertex 19.246979603717467 1.806518411548494 -5.262208359247799
      vertex 18.01132750147656 0 -6
      vertex 18.01132750147656 1.9481968152281008 -5.674903450203808
    endloop
  endfacet
  facet normal 0.32892552152129517 0.15543586681239563 -0.9314760826775014
    outer loop
      vertex 19.246979603717467 4.91129793062119e-17 -5.56366296493606
      vertex 18.01132750147656 0 -6
      vertex 19.246979603717467 1.806518411548494 -5.262208359247799
    endloop
  endfacet
  facet normal 0.897696775899741 0.07252264373445143 -0.43460437720411454
    outer loop
      vertex 19.246979603717467 4.91129793062119e-17 -5.56366296493606
      vertex 20 1.3014806078903038 -3.7910834954451396
      vertex 20 2.2418490668345154e-16 -4.008262197280893
    endloop
  endfacet
  facet normal 0.8976967758997408 0.07252264373445146 -0.43460437720411454
    outer loop
      vertex 19.246979603717467 4.91129793062119e-17 -5.56366296493606
      vertex 19.246979603717467 1.806518411548494 -5.262208359247799
      vertex 20 1.3014806078903038 -3.7910834954451396
    endloop
  endfacet
  facet normal 0.3289255215212953 0.4494637124320896 -0.830536195778792
    outer loop
      vertex 19.246979603717467 1.806518411548494 -5.262208359247799
      vertex 18.01132750147656 1.9481968152281008 -5.674903450203808
      vertex 19.246979603717467 3.417272522184417 -4.390511826259492
    endloop
  endfacet
  facet normal 0.897696775899741 0.20970897744996467 -0.38750824935232103
    outer loop
      vertex 19.246979603717467 1.806518411548494 -5.262208359247799
      vertex 20 2.461925597363345 -3.163082072156552
      vertex 20 1.3014806078903038 -3.7910834954451396
    endloop
  endfacet
  facet normal 0.32892552152129473 0.44946371243209 -0.830536195778792
    outer loop
      vertex 19.246979603717467 3.417272522184417 -4.390511826259492
      vertex 18.01132750147656 1.9481968152281008 -5.674903450203808
      vertex 18.01132750147656 3.6852762761380062 -4.734843056378361
    endloop
  endfacet
  facet normal 0.8976967758997408 0.20970897744996456 -0.38750824935232103
    outer loop
      vertex 19.246979603717467 1.806518411548494 -5.262208359247799
      vertex 19.246979603717467 3.417272522184417 -4.390511826259492
      vertex 20 2.461925597363345 -3.163082072156552
    endloop
  endfacet
  facet normal 0.3289255215212941 0.6947851906616976 -0.6395948249705692
    outer loop
      vertex 19.246979603717467 4.657712130595179 -3.0430352110857384
      vertex 18.01132750147656 3.6852762761380062 -4.734843056378361
      vertex 18.011327501476558 5.022998869575171 -3.281688948734561
    endloop
  endfacet
  facet normal 0.897696775899741 0.3241700894887207 -0.2984195898731936
    outer loop
      vertex 19.246979603717467 3.417272522184417 -4.390511826259492
      vertex 20 3.35558274765047 -2.192311626074536
      vertex 20 2.461925597363345 -3.163082072156552
    endloop
  endfacet
  facet normal 0.32892552152129473 0.6947851906616972 -0.6395948249705694
    outer loop
      vertex 19.246979603717467 3.417272522184417 -4.390511826259492
      vertex 18.01132750147656 3.6852762761380062 -4.734843056378361
      vertex 19.246979603717467 4.657712130595179 -3.0430352110857384
    endloop
  endfacet
  facet normal 0.897696775899741 0.32417008948872095 -0.2984195898731936
    outer loop
      vertex 19.246979603717467 3.417272522184417 -4.390511826259492
      vertex 19.246979603717467 4.657712130595179 -3.0430352110857384
      vertex 20 3.35558274765047 -2.192311626074536
    endloop
  endfacet
  facet normal 0.897696775899741 0.4035023423141752 -0.1769925373742763
    outer loop
      vertex 19.246979603717467 4.657712130595179 -3.0430352110857384
      vertex 20 3.885610439998663 -0.9839701980875506
      vertex 20 3.35558274765047 -2.192311626074536
    endloop
  endfacet
  facet normal 0.8976967758997408 0.40350234231417537 -0.17699253737427625
    outer loop
      vertex 19.246979603717467 4.657712130595179 -3.0430352110857384
      vertex 19.246979603717467 5.39341635780582 -1.3657985132345523
      vertex 20 3.885610439998663 -0.9839701980875506
    endloop
  endfacet
  facet normal 0.32892552152129423 0.8648159127801026 -0.3793434305405365
    outer loop
      vertex 19.246979603717467 4.657712130595179 -3.0430352110857384
      vertex 18.011327501476558 5.022998869575171 -3.281688948734561
      vertex 19.246979603717467 5.39341635780582 -1.3657985132345523
    endloop
  endfacet
  facet normal 0.32892552152129423 0.8648159127801024 -0.3793434305405365
    outer loop
      vertex 19.246979603717467 5.39341635780582 -1.3657985132345523
      vertex 18.011327501476558 5.022998869575171 -3.281688948734561
      vertex 18.011327501476558 5.816401595635982 -1.4729129228447957
    endloop
  endfacet
  facet normal 0.8976967758997408 0.4391088553659563 -0.036385597128675125
    outer loop
      vertex 19.246979603717467 5.39341635780582 -1.3657985132345523
      vertex 20 3.9945719497149796 0.33099966873294934
      vertex 20 3.885610439998663 -0.9839701980875506
    endloop
  endfacet
  facet normal 0.8976967758997408 0.4391088553659561 -0.03638559712867523
    outer loop
      vertex 19.246979603717467 5.39341635780582 -1.3657985132345523
      vertex 19.246979603717467 5.544660235170789 0.4594436460730763
      vertex 20 3.9945719497149796 0.33099966873294934
    endloop
  endfacet
  facet normal 0.32892552152129445 0.9411304117472891 -0.07798428929164351
    outer loop
      vertex 19.246979603717467 5.544660235170789 0.4594436460730763
      vertex 18.011327501476558 5.816401595635982 -1.4729129228447957
      vertex 18.011327501476558 5.9795069580400195 0.49547607283399464
    endloop
  endfacet
  facet normal 0.3289255215212942 0.9411304117472891 -0.07798428929164335
    outer loop
      vertex 19.246979603717467 5.39341635780582 -1.3657985132345523
      vertex 18.011327501476558 5.816401595635982 -1.4729129228447957
      vertex 19.246979603717467 5.544660235170789 0.4594436460730763
    endloop
  endfacet
  facet normal 0.897696775899741 0.42713111046292784 0.10816428714652827
    outer loop
      vertex 19.246979603717467 5.544660235170789 0.4594436460730763
      vertex 20 3.6706596065096333 1.6101005854571928
      vertex 20 3.9945719497149796 0.33099966873294934
    endloop
  endfacet
  facet normal 0.8976967758997408 0.42713111046292784 0.10816428714652827
    outer loop
      vertex 19.246979603717467 5.544660235170789 0.4594436460730763
      vertex 19.246979603717467 5.095054141787035 2.23489795732599
      vertex 20 3.6706596065096333 1.6101005854571928
    endloop
  endfacet
  facet normal 0.32892552152129473 0.9154588274587043 0.2318256597529239
    outer loop
      vertex 19.246979603717467 5.095054141787035 2.23489795732599
      vertex 18.011327501476558 5.9795069580400195 0.49547607283399464
      vertex 18.011327501476558 5.494639959930344 2.410172547917817
    endloop
  endfacet
  facet normal 0.3289255215212944 0.9154588274587044 0.23182565975292418
    outer loop
      vertex 19.246979603717467 5.544660235170789 0.4594436460730763
      vertex 18.011327501476558 5.9795069580400195 0.49547607283399464
      vertex 19.246979603717467 5.095054141787035 2.23489795732599
    endloop
  endfacet
  facet normal 0.897696775899741 0.368867082119195 0.2409928925675642
    outer loop
      vertex 19.246979603717467 5.095054141787035 2.23489795732599
      vertex 20 2.9489743387867784 2.714722120462449
      vertex 20 3.6706596065096333 1.6101005854571928
    endloop
  endfacet
  facet normal 0.3289255215212954 0.7905830744076893 0.5165137014175227
    outer loop
      vertex 19.246979603717467 4.093319874230028 3.7681663968878243
      vertex 18.011327501476558 5.494639959930344 2.410172547917817
      vertex 18.01132750147656 4.41434346403879 4.0636894297544455
    endloop
  endfacet
  facet normal 0.3289255215212946 0.7905830744076893 0.5165137014175233
    outer loop
      vertex 19.246979603717467 4.093319874230028 3.7681663968878243
      vertex 19.246979603717467 5.095054141787035 2.23489795732599
      vertex 18.011327501476558 5.494639959930344 2.410172547917817
    endloop
  endfacet
  facet normal 0.8976967758997408 0.368867082119195 0.24099289256756426
    outer loop
      vertex 19.246979603717467 4.093319874230028 3.7681663968878243
      vertex 20 2.9489743387867784 2.714722120462449
      vertex 19.246979603717467 5.095054141787035 2.23489795732599
    endloop
  endfacet
  facet normal 0.3289255215212941 0.580035378084272 0.7452294689976908
    outer loop
      vertex 19.246979603717467 2.648010883898234 4.893095538220933
      vertex 18.01132750147656 4.41434346403879 4.0636894297544455
      vertex 18.011327501476558 2.8556843582224425 5.276842507238934
    endloop
  endfacet
  facet normal 0.8976967758997408 0.2706305818653492 0.3477061786888939
    outer loop
      vertex 19.246979603717467 4.093319874230028 3.7681663968878243
      vertex 20 1.9077219434048938 3.5251613904617916
      vertex 20 2.9489743387867784 2.714722120462449
    endloop
  endfacet
  facet normal 0.32892552152129534 0.5800353780842725 0.74522946899769
    outer loop
      vertex 19.246979603717467 2.648010883898234 4.893095538220933
      vertex 19.246979603717467 4.093319874230028 3.7681663968878243
      vertex 18.01132750147656 4.41434346403879 4.0636894297544455
    endloop
  endfacet
  facet normal 0.8976967758997408 0.2706305818653492 0.3477061786888938
    outer loop
      vertex 19.246979603717467 2.648010883898234 4.893095538220933
      vertex 20 1.9077219434048938 3.5251613904617916
      vertex 19.246979603717467 4.093319874230028 3.7681663968878243
    endloop
  endfacet
  facet normal 0.897696775899741 0.1430670588002497 0.4167401051320311
    outer loop
      vertex 19.246979603717467 2.648010883898234 4.893095538220933
      vertex 20 0.659738274099204 3.9535947252898422
      vertex 20 1.9077219434048938 3.5251613904617916
    endloop
  endfacet
  facet normal 0.8976967758997408 0.14306705880024967 0.41674010513203114
    outer loop
      vertex 19.246979603717467 2.648010883898234 4.893095538220933
      vertex 19.246979603717467 0.9157488261737454 5.487781853787787
      vertex 20 0.659738274099204 3.9535947252898422
    endloop
  endfacet
  facet normal 0.32892552152129334 0.3066318483692127 0.8931880601853258
    outer loop
      vertex 19.246979603717467 0.9157488261737454 5.487781853787787
      vertex 18.011327501476558 2.8556843582224425 5.276842507238934
      vertex 18.011327501476554 0.9875675416844049 5.918167820416334
    endloop
  endfacet
  facet normal 0.328925521521294 0.3066318483692131 0.8931880601853254
    outer loop
      vertex 19.246979603717467 2.648010883898234 4.893095538220933
      vertex 18.011327501476558 2.8556843582224425 5.276842507238934
      vertex 19.246979603717467 0.9157488261737454 5.487781853787787
    endloop
  endfacet
  facet normal 0.8976967758997408 0 0.4406137747951265
    outer loop
      vertex 19.246979603717467 -0.9157488261737453 5.487781853787787
      vertex 20 -0.6597382740992038 3.9535947252898422
      vertex 19.246979603717467 0.9157488261737454 5.487781853787787
    endloop
  endfacet
  facet normal 0.3289255215212933 -1.6622086163635073e-17 0.9443558658111597
    outer loop
      vertex 19.246979603717467 -0.9157488261737453 5.487781853787787
      vertex 18.011327501476554 0.9875675416844049 5.918167820416334
      vertex 18.011327501476554 -0.9875675416844049 5.918167820416334
    endloop
  endfacet
  facet normal 0.897696775899741 -2.9662269603685115e-17 0.4406137747951265
    outer loop
      vertex 19.246979603717467 0.9157488261737454 5.487781853787787
      vertex 20 -0.6597382740992038 3.9535947252898422
      vertex 20 0.659738274099204 3.9535947252898422
    endloop
  endfacet
  facet normal 0.3289255215212933 0 0.9443558658111597
    outer loop
      vertex 19.246979603717467 -0.9157488261737453 5.487781853787787
      vertex 19.246979603717467 0.9157488261737454 5.487781853787787
      vertex 18.011327501476554 0.9875675416844049 5.918167820416334
    endloop
  endfacet
  facet normal 0.897696775899741 -0.1430670588002496 0.4167401051320311
    outer loop
      vertex 19.246979603717467 -2.6480108838982344 4.893095538220933
      vertex 20 -1.9077219434048942 3.5251613904617916
      vertex 19.246979603717467 -0.9157488261737453 5.487781853787787
    endloop
  endfacet
  facet normal 0.897696775899741 -0.1430670588002497 0.41674010513203114
    outer loop
      vertex 19.246979603717467 -0.9157488261737453 5.487781853787787
      vertex 20 -1.9077219434048942 3.5251613904617916
      vertex 20 -0.6597382740992038 3.9535947252898422
    endloop
  endfacet
  facet normal 0.3289255215212939 -0.3066318483692126 0.8931880601853256
    outer loop
      vertex 19.246979603717467 -2.6480108838982344 4.893095538220933
      vertex 18.011327501476554 -0.9875675416844049 5.918167820416334
      vertex 18.011327501476558 -2.8556843582224425 5.276842507238934
    endloop
  endfacet
  facet normal 0.3289255215212934 -0.30663184836921314 0.8931880601853257
    outer loop
      vertex 19.246979603717467 -2.6480108838982344 4.893095538220933
      vertex 19.246979603717467 -0.9157488261737453 5.487781853787787
      vertex 18.011327501476554 -0.9875675416844049 5.918167820416334
    endloop
  endfacet
  facet normal 0.3289255215212952 -0.5800353780842717 0.7452294689976905
    outer loop
      vertex 19.246979603717467 -4.093319874230028 3.7681663968878243
      vertex 18.011327501476558 -2.8556843582224425 5.276842507238934
      vertex 18.01132750147656 -4.41434346403879 4.0636894297544455
    endloop
  endfacet
  facet normal 0.897696775899741 -0.2706305818653494 0.34770617868889375
    outer loop
      vertex 19.246979603717467 -2.6480108838982344 4.893095538220933
      vertex 20 -2.948974338786778 2.714722120462449
      vertex 20 -1.9077219434048942 3.5251613904617916
    endloop
  endfacet
  facet normal 0.3289255215212939 -0.5800353780842729 0.7452294689976903
    outer loop
      vertex 19.246979603717467 -4.093319874230028 3.7681663968878243
      vertex 19.246979603717467 -2.6480108838982344 4.893095538220933
      vertex 18.011327501476558 -2.8556843582224425 5.276842507238934
    endloop
  endfacet
  facet normal 0.8976967758997408 -0.2706305818653492 0.3477061786888937
    outer loop
      vertex 19.246979603717467 -4.093319874230028 3.7681663968878243
      vertex 20 -2.948974338786778 2.714722120462449
      vertex 19.246979603717467 -2.6480108838982344 4.893095538220933
    endloop
  endfacet
  facet normal 0.3289255215212943 -0.7905830744076896 0.516513701417523
    outer loop
      vertex 19.246979603717467 -5.0950541417870365 2.2348979573259884
      vertex 18.01132750147656 -4.41434346403879 4.0636894297544455
      vertex 18.011327501476558 -5.494639959930345 2.4101725479178158
    endloop
  endfacet
  facet normal 0.32892552152129545 -0.7905830744076888 0.5165137014175234
    outer loop
      vertex 19.246979603717467 -5.0950541417870365 2.2348979573259884
      vertex 19.246979603717467 -4.093319874230028 3.7681663968878243
      vertex 18.01132750147656 -4.41434346403879 4.0636894297544455
    endloop
  endfacet
  facet normal 0.897696775899741 -0.36886708211919483 0.24099289256756432
    outer loop
      vertex 19.246979603717467 -5.0950541417870365 2.2348979573259884
      vertex 20 -3.670659606509634 1.6101005854571915
      vertex 19.246979603717467 -4.093319874230028 3.7681663968878243
    endloop
  endfacet
  facet normal 0.8976967758997408 -0.36886708211919483 0.24099289256756426
    outer loop
      vertex 19.246979603717467 -4.093319874230028 3.7681663968878243
      vertex 20 -3.670659606509634 1.6101005854571915
      vertex 20 -2.948974338786778 2.714722120462449
    endloop
  endfacet
  facet normal 0.3289255215212944 -0.9154588274587044 0.23182565975292388
    outer loop
      vertex 19.246979603717467 -5.544660235170789 0.45944364607307786
      vertex 18.011327501476558 -5.494639959930345 2.4101725479178158
      vertex 18.011327501476558 -5.9795069580400195 0.4954760728339962
    endloop
  endfacet
  facet normal 0.3289255215212942 -0.9154588274587044 0.23182565975292377
    outer loop
      vertex 19.246979603717467 -5.544660235170789 0.45944364607307786
      vertex 19.246979603717467 -5.0950541417870365 2.2348979573259884
      vertex 18.011327501476558 -5.494639959930345 2.4101725479178158
    endloop
  endfacet
  facet normal 0.8976967758997408 -0.4271311104629278 0.10816428714652805
    outer loop
      vertex 19.246979603717467 -5.544660235170789 0.45944364607307786
      vertex 20 -3.9945719497149796 0.3309996687329509
      vertex 19.246979603717467 -5.0950541417870365 2.2348979573259884
    endloop
  endfacet
  facet normal 0.897696775899741 -0.4271311104629276 0.10816428714652812
    outer loop
      vertex 19.246979603717467 -5.0950541417870365 2.2348979573259884
      vertex 20 -3.9945719497149796 0.3309996687329509
      vertex 20 -3.670659606509634 1.6101005854571915
    endloop
  endfacet
endsolid OpenSCAD_Model
