solid comp0
  facet normal -0.945817 -0.324699 3.66768e-17
    outer loop
      vertex -5.3152295590532601 -2.7438666963304281 -5.8224735122091493
      vertex -5.5076007158044789 -2.1835086603075808 -6.4411260965864718
      vertex -5.2768425072389338 -2.8556843582224425 -19.11091858171886
    endloop
  endfacet
  facet normal -0.945817 -0.324699 0
    outer loop
      vertex -5.3152295590532601 -2.7438666963304281 -5.8224735122091493
      vertex -5.2768425072389338 -2.8556843582224425 -19.11091858171886
      vertex -5.2768425072389338 -2.8556843582224425 -5.7427514027627824
    endloop
  endfacet
  facet normal -0.693833 -0.56053 -0.452108
    outer loop
      vertex -5.3152295590532601 -2.7438666963304281 -5.8224735122091493
      vertex -5.2768425072389338 -2.8556843582224425 -5.7427514027627824
      vertex -5.855284928916098 -2.0859748516804197 -5.8093356049082372
    endloop
  endfacet
  facet normal -0.693833 -0.56053 -0.452108
    outer loop
      vertex -5.2768425072389338 -2.8556843582224425 -5.7427514027627824
      vertex -5.4445182700281798 -3.0076786994120361 -5.2969809309372078
      vertex -5.855284928916098 -2.0859748516804197 -5.8093356049082372
    endloop
  endfacet
  facet normal -0.352631 -0.569779 -0.742296
    outer loop
      vertex -5.4445182700281798 -3.0076786994120361 -5.2969809309372078
      vertex -6.1834612174615904 -2.3204618630307476 -5.4734436809071898
      vertex -5.855284928916098 -2.0859748516804197 -5.8093356049082372
    endloop
  endfacet
  facet normal -0.352631 -0.569779 -0.742296
    outer loop
      vertex -6.267218214856876 -2.1447284917207639 -5.5685458256043603
      vertex -5.855284928916098 -2.0859748516804197 -5.8093356049082372
      vertex -6.1834612174615904 -2.3204618630307476 -5.4734436809071898
    endloop
  endfacet
  facet normal -8.1763e-18 -0.475947 -0.879474
    outer loop
      vertex -6.267218214856876 -2.1447284917207639 -5.5685458256043603
      vertex -6.1834612174615904 -2.3204618630307476 -5.4734436809071898
      vertex -19.102470337245556 -1.9481968152281035 -5.6749034502038072
    endloop
  endfacet
  facet normal -8.43143e-18 -0.475947 -0.879474
    outer loop
      vertex -6.267218214856876 -2.1447284917207639 -5.5685458256043603
      vertex -19.102470337245556 -1.9481968152281035 -5.6749034502038072
      vertex -6.2126376856092209 -1.9481968152281037 -5.6749034502038072
    endloop
  endfacet
  facet normal -2.7248e-18 -0.164595 -0.986361
    outer loop
      vertex -6.3175797731367913 -1.7046096295064521 -5.715550962320493
      vertex -6.2126376856092209 -1.9481968152281037 -5.6749034502038072
      vertex -19.102470337245556 -1.9481968152281035 -5.6749034502038072
    endloop
  endfacet
  facet normal 9.34276e-18 -0.164595 -0.986361
    outer loop
      vertex -6.3175797731367913 -1.7046096295064521 -5.715550962320493
      vertex -19.102470337245556 -1.9481968152281035 -5.6749034502038072
      vertex -19.102470337245556 0 -6
    endloop
  endfacet
  facet normal -1.99066e-16 -0.164595 -0.986361
    outer loop
      vertex -6.3175797731367913 -1.7046096295064521 -5.715550962320493
      vertex -19.102470337245556 0 -6
      vertex -6.7770680179758944 -1.1270097608080987 -5.8119353332468897
    endloop
  endfacet
  facet normal -0.275958 -0.367717 -0.888049
    outer loop
      vertex -6.3175797731367913 -1.7046096295064521 -5.715550962320493
      vertex -6.7770680179758944 -1.1270097608080987 -5.8119353332468897
      vertex -6.2604942952875113 -1.0714354466323908 -5.99547044954749
    endloop
  endfacet
  facet normal -0.441045 -0.329327 -0.834879
    outer loop
      vertex -6.3175797731367913 -1.7046096295064521 -5.715550962320493
      vertex -6.2604942952875113 -1.0714354466323908 -5.99547044954749
      vertex -5.855284928916098 -2.0859748516804197 -5.8093356049082372
    endloop
  endfacet
  facet normal -0.801765 -0.401453 -0.442729
    outer loop
      vertex -6.2604942952875113 -1.0714354466323908 -5.99547044954749
      vertex -5.8480013547341789 -1.1919554736817428 -6.633195001744058
      vertex -5.855284928916098 -2.0859748516804197 -5.8093356049082372
    endloop
  endfacet
  facet normal -0.838003 -0.36607 -0.404653
    outer loop
      vertex -5.5076007158044789 -2.1835086603075808 -6.4411260965864718
      vertex -5.855284928916098 -2.0859748516804197 -5.8093356049082372
      vertex -5.8480013547341789 -1.1919554736817428 -6.633195001744058
    endloop
  endfacet
  facet normal -0.801765 -0.401453 -0.442729
    outer loop
      vertex -6.2604942952875113 -1.0714354466323908 -5.99547044954749
      vertex -5.8737710532950231 -1.116890906215787 -6.6545933268194668
      vertex -5.8480013547341789 -1.1919554736817428 -6.633195001744058
    endloop
  endfacet
  facet normal -0.945817 -0.324699 -9.45048e-16
    outer loop
      vertex -5.8737710532950231 -1.116890906215787 -6.6545933268194668
      vertex -5.2768425072389338 -2.8556843582224425 -19.11091858171886
      vertex -5.8480013547341789 -1.1919554736817428 -6.633195001744058
    endloop
  endfacet
  facet normal -0.945817 -0.324699 4.8205e-16
    outer loop
      vertex -5.8737710532950231 -1.116890906215787 -6.6545933268194668
      vertex -5.9181678204163344 -0.98756754168440486 -6.6051002758595052
      vertex -5.2768425072389338 -2.8556843582224425 -19.11091858171886
    endloop
  endfacet
  facet normal -0.945817 -0.324699 -0
    outer loop
      vertex -5.9181678204163344 -0.98756754168440486 -6.6051002758595052
      vertex -5.9181678204163344 -0.98756754168440486 -19.110918581718863
      vertex -5.2768425072389338 -2.8556843582224425 -19.11091858171886
    endloop
  endfacet
  facet normal -0.933556 -0.32049 -0.1605
    outer loop
      vertex -5.8747194578741704 -0.98031729230182496 -19.378115294937455
      vertex -5.2768425072389338 -2.8556843582224425 -19.11091858171886
      vertex -5.9181678204163344 -0.98756754168440486 -19.110918581718863
    endloop
  endfacet
  facet normal -0.987036 0 -0.1605
    outer loop
      vertex -5.8747194578741704 -0.98031729230182496 -19.378115294937455
      vertex -5.9181678204163344 -0.98756754168440486 -19.110918581718863
      vertex -5.8747194578741704 0.98031729230182496 -19.378115294937455
    endloop
  endfacet
  facet normal -0.594178 0 -0.804334
    outer loop
      vertex -5.8747194578741704 -0.98031729230182496 -19.378115294937455
      vertex -5.8747194578741704 0.98031729230182496 -19.378115294937455
      vertex -5.0328792924192536 0.83983901457853138 -20
    endloop
  endfacet
  facet normal -0.594178 0 -0.804334
    outer loop
      vertex -5.8747194578741704 -0.98031729230182496 -19.378115294937455
      vertex -5.0328792924192536 0.83983901457853138 -20
      vertex -5.0328792924192536 -0.83983901457853127 -20
    endloop
  endfacet
  facet normal -0.561984 -0.192929 -0.804334
    outer loop
      vertex -5.2381024489490207 -2.8347192870945159 -19.378115294937455
      vertex -5.8747194578741704 -0.98031729230182496 -19.378115294937455
      vertex -5.0328792924192536 -0.83983901457853127 -20
    endloop
  endfacet
  facet normal -0.561984 -0.192929 -0.804334
    outer loop
      vertex -5.2381024489490207 -2.8347192870945159 -19.378115294937455
      vertex -5.0328792924192536 -0.83983901457853127 -20
      vertex -4.4874887279171869 -2.4285074550610197 -20
    endloop
  endfacet
  facet normal -0.46889 -0.364952 -0.804334
    outer loop
      vertex -5.2381024489490207 -2.8347192870945159 -19.378115294937455
      vertex -4.4874887279171869 -2.4285074550610197 -20
      vertex -4.0338557621464339 -4.3819354619288235 -19.378115294937455
    endloop
  endfacet
  facet normal -0.77891 -0.60625 -0.1605
    outer loop
      vertex -5.2381024489490207 -2.8347192870945159 -19.378115294937455
      vertex -4.0338557621464339 -4.3819354619288235 -19.378115294937455
      vertex -4.0636894297544455 -4.4143434640387902 -19.110918581718863
    endloop
  endfacet
  facet normal -0.77891 -0.60625 -0.1605
    outer loop
      vertex -5.2381024489490207 -2.8347192870945159 -19.378115294937455
      vertex -4.0636894297544455 -4.4143434640387902 -19.110918581718863
      vertex -5.2768425072389338 -2.8556843582224425 -19.11091858171886
    endloop
  endfacet
  facet normal -0.539857 -0.826313 -0.1605
    outer loop
      vertex -4.0338557621464339 -4.3819354619288235 -19.378115294937455
      vertex -2.4101725479178158 -5.4946399599303453 -19.110918581718863
      vertex -4.0636894297544455 -4.4143434640387902 -19.110918581718863
    endloop
  endfacet
  facet normal -0.546948 -0.837166 -0
    outer loop
      vertex -4.0636894297544455 -4.4143434640387902 -4.4143434640387902
      vertex -4.0636894297544455 -4.4143434640387902 -19.110918581718863
      vertex -2.4101725479178158 -5.4946399599303453 -19.110918581718863
    endloop
  endfacet
  facet normal -0.546948 -0.837166 -2.80437e-16
    outer loop
      vertex -4.0636894297544455 -4.4143434640387902 -4.4143434640387902
      vertex -2.4101725479178158 -5.4946399599303453 -19.110918581718863
      vertex -3.9499229906188207 -4.4886707883608521 -4.7740872192412276
    endloop
  endfacet
  facet normal -0.546948 -0.837166 7.45806e-16
    outer loop
      vertex -4.0636894297544455 -4.4143434640387902 -4.4143434640387902
      vertex -3.9499229906188207 -4.4886707883608521 -4.7740872192412276
      vertex -3.9272413532588821 -4.5034894416387115 -4.5034894416387115
    endloop
  endfacet
  facet normal -0.546948 -8.58488e-16 -0.837166
    outer loop
      vertex -4.0636894297544455 -4.4143434640387902 -4.4143434640387902
      vertex -3.9272413532588821 -4.5034894416387115 -4.5034894416387115
      vertex -3.9499015385057721 -4.7738312900054458 -4.4886848037258051
    endloop
  endfacet
  facet normal -0.546948 -0 -0.837166
    outer loop
      vertex -4.0636894297544455 -4.4143434640387902 -4.4143434640387902
      vertex -3.9499015385057721 -4.7738312900054458 -4.4886848037258051
      vertex -4.0636894297544455 -19.102470337245549 -4.4143434640387902
    endloop
  endfacet
  facet normal -0.789141 -0 -0.614213
    outer loop
      vertex -4.0636894297544455 -4.4143434640387902 -4.4143434640387902
      vertex -4.0636894297544455 -19.102470337245549 -4.4143434640387902
      vertex -4.3485002619842881 -4.9925798194045994 -4.0484184993091406
    endloop
  endfacet
  facet normal -0.789141 -1.11221e-14 -0.614213
    outer loop
      vertex -4.0636894297544455 -4.4143434640387902 -4.4143434640387902
      vertex -4.3485002619842881 -4.9925798194045994 -4.0484184993091406
      vertex -4.3587239234994337 -4.8949369095207445 -4.0352831387259522
    endloop
  endfacet
  facet normal -0.789141 1.55887e-14 -0.614213
    outer loop
      vertex -4.0636894297544455 -4.4143434640387902 -4.4143434640387902
      vertex -4.3587239234994337 -4.8949369095207445 -4.0352831387259522
      vertex -4.3616975598456937 -4.8868073285515017 -4.0314626106701725
    endloop
  endfacet
  facet normal -0.789141 8.56981e-15 -0.614213
    outer loop
      vertex -4.0636894297544455 -4.4143434640387902 -4.4143434640387902
      vertex -4.3616975598456937 -4.8868073285515017 -4.0314626106701725
      vertex -4.3848796561970271 -4.8234311535547247 -4.0016782526690848
    endloop
  endfacet
  facet normal -0.789141 1.42742e-16 -0.614213
    outer loop
      vertex -4.0636894297544455 -4.4143434640387902 -4.4143434640387902
      vertex -4.3848796561970271 -4.8234311535547247 -4.0016782526690848
      vertex -4.3567942159013704 -4.4158214365045554 -4.0377624270986274
    endloop
  endfacet
  facet normal -0.789141 -3.35848e-15 -0.614213
    outer loop
      vertex -4.0636894297544455 -4.4143434640387902 -4.4143434640387902
      vertex -4.3567942159013704 -4.4158214365045554 -4.0377624270986274
      vertex -4.1140392338772109 -4.3496540343793901 -4.3496540343793901
    endloop
  endfacet
  facet normal -0.789141 -0.614213 -2.0018e-15
    outer loop
      vertex -4.3855578942923508 -4.0008068523463995 -4.4236615140132658
      vertex -4.0636894297544455 -4.4143434640387902 -4.4143434640387902
      vertex -4.1140392338772109 -4.3496540343793901 -4.3496540343793901
    endloop
  endfacet
  facet normal -0.582029 -0.574996 -0.574996
    outer loop
      vertex -4.3855578942923508 -4.0008068523463995 -4.4236615140132658
      vertex -4.1140392338772109 -4.3496540343793901 -4.3496540343793901
      vertex -4.4451118936977512 -4.3334819462411254 -4.030703994416263
    endloop
  endfacet
  facet normal -0.582029 -0.574996 -0.574996
    outer loop
      vertex -4.4163482153067717 -3.9960657843766163 -4.3972356535242909
      vertex -4.3855578942923508 -4.0008068523463995 -4.4236615140132658
      vertex -4.4451118936977512 -4.3334819462411254 -4.030703994416263
    endloop
  endfacet
  facet normal 2.93815e-17 -0.735724 -0.677282
    outer loop
      vertex -4.8843145759260693 -3.9247512817417456 -4.4747038542909134
      vertex -4.4163482153067717 -3.9960657843766163 -4.3972356535242909
      vertex -4.4451118936977512 -4.3334819462411254 -4.030703994416263
    endloop
  endfacet
  facet normal 8.33102e-16 -0.735724 -0.677282
    outer loop
      vertex -4.8843145759260693 -4.3999751279996158 -3.9584731442559273
      vertex -4.8843145759260693 -3.9247512817417456 -4.4747038542909134
      vertex -4.4451118936977512 -4.3334819462411254 -4.030703994416263
    endloop
  endfacet
  facet normal -0.150454 -0.0768868 -0.985623
    outer loop
      vertex -4.872019976186448 -4.4668381291209007 -3.9551340295466475
      vertex -4.8843145759260693 -4.3999751279996158 -3.9584731442559273
      vertex -4.4451118936977512 -4.3334819462411254 -4.030703994416263
    endloop
  endfacet
  facet normal -0.150454 -0.0768868 -0.985623
    outer loop
      vertex -4.872019976186448 -4.4668381291209007 -3.9551340295466475
      vertex -4.4451118936977512 -4.3334819462411254 -4.030703994416263
      vertex -4.6136376390810705 -4.5527319241910478 -3.9878753878588458
    endloop
  endfacet
  facet normal -0.285107 -0.561557 -0.776768
    outer loop
      vertex -4.872019976186448 -4.4668381291209007 -3.9551340295466475
      vertex -4.6136376390810705 -4.5527319241910478 -3.9878753878588458
      vertex -4.8557032972169836 -4.8596891375845344 -3.6771150198729283
    endloop
  endfacet
  facet normal -0.285107 -0.561557 -0.776768
    outer loop
      vertex -5.1928668113949996 -4.6002392628875608 -3.7409283022581477
      vertex -4.872019976186448 -4.4668381291209007 -3.9551340295466475
      vertex -4.8557032972169836 -4.8596891375845344 -3.6771150198729283
    endloop
  endfacet
  facet normal -0.33106 -0.607759 -0.721823
    outer loop
      vertex -5.313743189396142 -4.8271600105148558 -3.4944266597337883
      vertex -5.1928668113949996 -4.6002392628875608 -3.7409283022581477
      vertex -4.8557032972169836 -4.8596891375845344 -3.6771150198729283
    endloop
  endfacet
  facet normal -0.33106 -0.607759 -0.721823
    outer loop
      vertex -5.4044132547223178 -5.4032480978741235 -2.9677875011108483
      vertex -5.313743189396142 -4.8271600105148558 -3.4944266597337883
      vertex -4.8557032972169836 -4.8596891375845344 -3.6771150198729283
    endloop
  endfacet
  facet normal -0.626238 -0.304445 -0.717732
    outer loop
      vertex -5.0410807975728549 -5.7007955303941653 -3.1585910089938589
      vertex -5.4044132547223178 -5.4032480978741235 -2.9677875011108483
      vertex -4.8557032972169836 -4.8596891375845344 -3.6771150198729283
    endloop
  endfacet
  facet normal -0.661132 -0.282719 -0.694964
    outer loop
      vertex -5.0410807975728549 -5.7007955303941653 -3.1585910089938589
      vertex -4.8557032972169836 -4.8596891375845344 -3.6771150198729283
      vertex -4.5566416097052418 -5.3036778465592809 -3.7809984902902882
    endloop
  endfacet
  facet normal -0.789141 5.06212e-17 -0.614213
    outer loop
      vertex -5.0410807975728549 -5.7007955303941653 -3.1585910089938589
      vertex -4.5566416097052418 -5.3036778465592809 -3.7809984902902882
      vertex -5.2768425072389338 -19.102470337245556 -2.8556843582224425
    endloop
  endfacet
  facet normal -0.789141 -2.45146e-17 -0.614213
    outer loop
      vertex -5.0410807975728549 -5.7007955303941653 -3.1585910089938589
      vertex -5.2768425072389338 -19.102470337245556 -2.8556843582224425
      vertex -5.1400673685447895 -5.7970049977235645 -3.0314130600091693
    endloop
  endfacet
  facet normal -0.789141 -0 -0.614213
    outer loop
      vertex -5.2768425072389338 -5.7604827410884161 -2.8556843582224425
      vertex -5.1400673685447895 -5.7970049977235645 -3.0314130600091693
      vertex -5.2768425072389338 -19.102470337245556 -2.8556843582224425
    endloop
  endfacet
  facet normal -0.945817 0 -0.324699
    outer loop
      vertex -5.3522586607433835 -5.8841114995337023 -2.6360046080153809
      vertex -5.2768425072389338 -5.7604827410884161 -2.8556843582224425
      vertex -5.2768425072389338 -19.102470337245556 -2.8556843582224425
    endloop
  endfacet
  facet normal -0.945817 9.03639e-18 -0.324699
    outer loop
      vertex -5.3522586607433835 -5.8841114995337023 -2.6360046080153809
      vertex -5.2768425072389338 -19.102470337245556 -2.8556843582224425
      vertex -5.9181678204163344 -19.102470337245553 -0.98756754168440486
    endloop
  endfacet
  facet normal -0.945817 -1.35018e-16 -0.324699
    outer loop
      vertex -5.3522586607433835 -5.8841114995337023 -2.6360046080153809
      vertex -5.9181678204163344 -19.102470337245553 -0.98756754168440486
      vertex -5.514949121521397 -6.3816329002821544 -2.1621034857223056
    endloop
  endfacet
  facet normal -0.80881 -0.24482 -0.534687
    outer loop
      vertex -5.3522586607433835 -5.8841114995337023 -2.6360046080153809
      vertex -5.514949121521397 -6.3816329002821544 -2.1621034857223056
      vertex -5.7302631971477682 -5.8839456757011925 -2.0642805353999401
    endloop
  endfacet
  facet normal -0.874297 -0.303845 -0.378527
    outer loop
      vertex -5.514949121521397 -6.3816329002821544 -2.1621034857223056
      vertex -5.8286055140773909 -6.6173193262684684 -1.2484536273602884
      vertex -5.7302631971477682 -5.8839456757011925 -2.0642805353999401
    endloop
  endfacet
  facet normal -0.849084 -0.337873 -0.406076
    outer loop
      vertex -5.8286055140773909 -6.6173193262684684 -1.2484536273602884
      vertex -6.0732377935119137 -6.1971053065789867 -1.086576199484149
      vertex -5.7302631971477682 -5.8839456757011925 -2.0642805353999401
    endloop
  endfacet
  facet normal -0.434994 -0.80195 -0.409459
    outer loop
      vertex -6.336067307071918 -5.5671141967879967 -2.0412309482079904
      vertex -5.7302631971477682 -5.8839456757011925 -2.0642805353999401
      vertex -6.0732377935119137 -6.1971053065789867 -1.086576199484149
    endloop
  endfacet
  facet normal -0.390302 -0.814188 -0.42984
    outer loop
      vertex -6.4419310235437308 -5.8164015956359822 -1.4729129228447957
      vertex -6.336067307071918 -5.5671141967879967 -2.0412309482079904
      vertex -6.0732377935119137 -6.1971053065789867 -1.086576199484149
    endloop
  endfacet
  facet normal -0.390302 -0.814188 -0.42984
    outer loop
      vertex -6.4419310235437308 -5.8164015956359822 -1.4729129228447957
      vertex -6.0732377935119137 -6.1971053065789867 -1.086576199484149
      vertex -6.7495421653387666 -5.8438554073610733 -1.141594687241712
    endloop
  endfacet
  facet normal -0 -0.996584 -0.0825793
    outer loop
      vertex -6.4419310235437308 -5.8164015956359822 -1.4729129228447957
      vertex -6.7495421653387666 -5.8438554073610733 -1.141594687241712
      vertex -19.102470337245556 -5.8164015956359822 -1.4729129228447957
    endloop
  endfacet
  facet normal -0 -0.915773 -0.401695
    outer loop
      vertex -6.4419310235437308 -5.8164015956359822 -1.4729129228447957
      vertex -19.102470337245556 -5.8164015956359822 -1.4729129228447957
      vertex -19.102470337245556 -5.0229988695751722 -3.2816889487345593
    endloop
  endfacet
  facet normal -0.583613 -0.743637 -0.326189
    outer loop
      vertex -19.955950864665638 -5.2135463971647473 -1.3202492530771039
      vertex -19.102470337245556 -5.0229988695751722 -3.2816889487345593
      vertex -19.102470337245556 -5.8164015956359822 -1.4729129228447957
    endloop
  endfacet
  facet normal -0.583613 -0.809258 -0.067057
    outer loop
      vertex -19.955950864665638 -5.2135463971647473 -1.3202492530771039
      vertex -19.102470337245556 -5.8164015956359822 -1.4729129228447957
      vertex -19.955950864665638 -5.3597463045366585 0.44412124093067656
    endloop
  endfacet
  facet normal -0.986319 -0.164286 -0.0136132
    outer loop
      vertex -19.955950864665638 -5.2135463971647473 -1.3202492530771039
      vertex -19.955950864665638 -5.3597463045366585 0.44412124093067656
      vertex -20 -5.0934622035606552 0.42205631124072635
    endloop
  endfacet
  facet normal -0.986319 -0.164286 -0.0136132
    outer loop
      vertex -19.955950864665638 -5.2135463971647473 -1.3202492530771039
      vertex -20 -5.0934622035606552 0.42205631124072635
      vertex -20 -4.9545258323125241 -1.2546563377702162
    endloop
  endfacet
  facet normal -0.986319 -0.150965 -0.0662193
    outer loop
      vertex -19.955950864665638 -5.2135463971647473 -1.3202492530771039
      vertex -20 -4.9545258323125241 -1.2546563377702162
      vertex -19.955950864665638 -4.5023778411526276 -2.9415502547360903
    endloop
  endfacet
  facet normal -0.986319 -0.150965 -0.0662193
    outer loop
      vertex -19.955950864665638 -4.5023778411526276 -2.9415502547360903
      vertex -20 -4.9545258323125241 -1.2546563377702162
      vertex -20 -4.2786897097440928 -2.795407504584813
    endloop
  endfacet
  facet normal -0.986319 -0.121284 -0.11165
    outer loop
      vertex -19.955950864665638 -4.5023778411526276 -2.9415502547360903
      vertex -20 -4.2786897097440928 -2.795407504584813
      vertex -19.955950864665638 -3.3033067844613253 -4.2440886434394773
    endloop
  endfacet
  facet normal -0.583613 -0.597431 -0.549974
    outer loop
      vertex -19.955950864665638 -4.5023778411526276 -2.9415502547360903
      vertex -19.955950864665638 -3.3033067844613253 -4.2440886434394773
      vertex -19.102470337245556 -3.6852762761380067 -4.7348430563783612
    endloop
  endfacet
  facet normal -0.583613 -0.597431 -0.549974
    outer loop
      vertex -19.955950864665638 -4.5023778411526276 -2.9415502547360903
      vertex -19.102470337245556 -3.6852762761380067 -4.7348430563783612
      vertex -19.102470337245556 -5.0229988695751722 -3.2816889487345593
    endloop
  endfacet
  facet normal -0 -0.735724 -0.677282
    outer loop
      vertex -5.4608363966409614 -5.0229988695751722 -3.2816889487345593
      vertex -19.102470337245556 -5.0229988695751722 -3.2816889487345593
      vertex -19.102470337245556 -3.6852762761380067 -4.7348430563783612
    endloop
  endfacet
  facet normal -1.0486e-16 -0.735724 -0.677282
    outer loop
      vertex -5.4608363966409614 -5.0229988695751722 -3.2816889487345593
      vertex -19.102470337245556 -3.6852762761380067 -4.7348430563783612
      vertex -5.313743189396142 -4.8271600105148558 -3.4944266597337883
    endloop
  endfacet
  facet normal 0 -0.915773 -0.401695
    outer loop
      vertex -5.8955502106984303 -5.1123044537552458 -3.0780927240971647
      vertex -19.102470337245556 -5.0229988695751722 -3.2816889487345593
      vertex -5.4608363966409614 -5.0229988695751722 -3.2816889487345593
    endloop
  endfacet
  facet normal -0.213823 -0.64057 -0.73753
    outer loop
      vertex -5.8955502106984303 -5.1123044537552458 -3.0780927240971647
      vertex -5.4608363966409614 -5.0229988695751722 -3.2816889487345593
      vertex -5.4044132547223178 -5.4032480978741235 -2.9677875011108483
    endloop
  endfacet
  facet normal -0.353493 -0.787898 -0.504241
    outer loop
      vertex -5.8955502106984303 -5.1123044537552458 -3.0780927240971647
      vertex -5.4044132547223178 -5.4032480978741235 -2.9677875011108483
      vertex -6.279869685138312 -5.4879504224082751 -2.2217061753702576
    endloop
  endfacet
  facet normal -0.385918 -0.749469 -0.537925
    outer loop
      vertex -5.4044132547223178 -5.4032480978741235 -2.9677875011108483
      vertex -5.7302631971477682 -5.8839456757011925 -2.0642805353999401
      vertex -6.279869685138312 -5.4879504224082751 -2.2217061753702576
    endloop
  endfacet
  facet normal -0.385918 -0.749469 -0.537925
    outer loop
      vertex -6.279869685138312 -5.4879504224082751 -2.2217061753702576
      vertex -5.7302631971477682 -5.8839456757011925 -2.0642805353999401
      vertex -6.3225829246759604 -5.5225165615629788 -2.1429033155401478
    endloop
  endfacet
  facet normal 1.98627e-16 -0.915773 -0.401695
    outer loop
      vertex -6.279869685138312 -5.4879504224082751 -2.2217061753702576
      vertex -6.3225829246759604 -5.5225165615629788 -2.1429033155401478
      vertex -19.102470337245556 -5.0229988695751722 -3.2816889487345593
    endloop
  endfacet
  facet normal -1.93333e-16 -0.915773 -0.401695
    outer loop
      vertex -6.336067307071918 -5.5671141967879967 -2.0412309482079904
      vertex -19.102470337245556 -5.0229988695751722 -3.2816889487345593
      vertex -6.3225829246759604 -5.5225165615629788 -2.1429033155401478
    endloop
  endfacet
  facet normal -0.754717 -0.426064 -0.49887
    outer loop
      vertex -5.2768425072389338 -5.7604827410884161 -2.8556843582224425
      vertex -5.7302631971477682 -5.8839456757011925 -2.0642805353999401
      vertex -5.4044132547223178 -5.4032480978741235 -2.9677875011108483
    endloop
  endfacet
  facet normal 2.67827e-17 -0.915773 -0.401695
    outer loop
      vertex -5.8955502106984303 -5.1123044537552458 -3.0780927240971647
      vertex -6.279869685138312 -5.4879504224082751 -2.2217061753702576
      vertex -19.102470337245556 -5.0229988695751722 -3.2816889487345593
    endloop
  endfacet
  facet normal -0.583613 -0.386484 -0.714161
    outer loop
      vertex -19.955950864665638 -3.3033067844613253 -4.2440886434394773
      vertex -19.102470337245556 -1.9481968152281035 -5.6749034502038072
      vertex -19.102470337245556 -3.6852762761380067 -4.7348430563783612
    endloop
  endfacet
  facet normal 2.03448e-18 -0.475947 -0.879474
    outer loop
      vertex -5.2881521136825738 -3.4611246291186322 -4.8561478615501867
      vertex -19.102470337245556 -3.6852762761380067 -4.7348430563783612
      vertex -19.102470337245556 -1.9481968152281035 -5.6749034502038072
    endloop
  endfacet
  facet normal -1.11884e-16 -0.475947 -0.879474
    outer loop
      vertex -5.9172322944382394 -3.1237407896549092 -5.0387308648806597
      vertex -5.2881521136825738 -3.4611246291186322 -4.8561478615501867
      vertex -19.102470337245556 -1.9481968152281035 -5.6749034502038072
    endloop
  endfacet
  facet normal -0.190119 -0.717271 -0.670357
    outer loop
      vertex -5.9172322944382394 -3.1237407896549092 -5.0387308648806597
      vertex -5.4445182700281798 -3.0076786994120361 -5.2969809309372078
      vertex -5.2881521136825738 -3.4611246291186322 -4.8561478615501867
    endloop
  endfacet
  facet normal -0.419033 -0.703067 -0.57455
    outer loop
      vertex -5.4445182700281798 -3.0076786994120361 -5.2969809309372078
      vertex -4.6960583643141458 -3.8223134667110155 -4.8459952776328761
      vertex -5.2881521136825738 -3.4611246291186322 -4.8561478615501867
    endloop
  endfacet
  facet normal -0.419033 -0.703067 -0.57455
    outer loop
      vertex -5.2881521136825738 -3.4611246291186322 -4.8561478615501867
      vertex -4.6960583643141458 -3.8223134667110155 -4.8459952776328761
      vertex -5.0783880757719775 -3.6852762761380067 -4.7348430563783612
    endloop
  endfacet
  facet normal -0.419033 -0.703067 -0.57455
    outer loop
      vertex -5.0454694100595798 -3.8600162818710677 -4.5450248097953665
      vertex -5.0783880757719775 -3.6852762761380067 -4.7348430563783612
      vertex -4.6960583643141458 -3.8223134667110155 -4.8459952776328761
    endloop
  endfacet
  facet normal -0.326834 -0.813331 -0.481324
    outer loop
      vertex -5.0454694100595798 -3.8600162818710677 -4.5450248097953665
      vertex -4.6960583643141458 -3.8223134667110155 -4.8459952776328761
      vertex -4.8843145759260693 -3.9248600524889738 -4.5448822647630553
    endloop
  endfacet
  facet normal -0.326834 -0.813331 -0.481324
    outer loop
      vertex -5.0454694100595798 -3.8600162818710677 -4.5450248097953665
      vertex -4.8843145759260693 -3.9248600524889738 -4.5448822647630553
      vertex -4.9800985641182622 -3.9335698007817332 -4.4651243889898398
    endloop
  endfacet
  facet normal -3.56197e-17 -0.735724 -0.677282
    outer loop
      vertex -5.0454694100595798 -3.8600162818710677 -4.5450248097953665
      vertex -4.9800985641182622 -3.9335698007817332 -4.4651243889898398
      vertex -19.102470337245556 -3.6852762761380067 -4.7348430563783612
    endloop
  endfacet
  facet normal 2.04339e-17 -0.735724 -0.677282
    outer loop
      vertex -4.9800985641182622 -3.9335698007817332 -4.4651243889898398
      vertex -4.9653418045907323 -3.9582574458136324 -4.4383064575575997
      vertex -19.102470337245556 -3.6852762761380067 -4.7348430563783612
    endloop
  endfacet
  facet normal -1.67224e-18 -0.735724 -0.677282
    outer loop
      vertex -4.9653418045907323 -3.9582574458136324 -4.4383064575575997
      vertex -4.993044213217769 -4.3553077383014918 -4.0069948640325048
      vertex -19.102470337245556 -3.6852762761380067 -4.7348430563783612
    endloop
  endfacet
  facet normal 9.12162e-17 -0.735724 -0.677282
    outer loop
      vertex -5.1042251784952519 -4.5106964134250802 -3.8381977661551439
      vertex -19.102470337245556 -3.6852762761380067 -4.7348430563783612
      vertex -4.993044213217769 -4.3553077383014918 -4.0069948640325048
    endloop
  endfacet
  facet normal -0.255507 -0.621586 -0.740504
    outer loop
      vertex -5.1042251784952519 -4.5106964134250802 -3.8381977661551439
      vertex -4.993044213217769 -4.3553077383014918 -4.0069948640325048
      vertex -4.8843145759260693 -4.463731445793627 -3.9534996190894787
    endloop
  endfacet
  facet normal -0.255507 -0.621586 -0.740504
    outer loop
      vertex -5.1042251784952519 -4.5106964134250802 -3.8381977661551439
      vertex -4.8843145759260693 -4.463731445793627 -3.9534996190894787
      vertex -4.872019976186448 -4.4668381291209007 -3.9551340295466475
    endloop
  endfacet
  facet normal 0.381693 -0.0718839 -0.921489
    outer loop
      vertex -4.8843145759260693 -4.463731445793627 -3.9534996190894787
      vertex -4.993044213217769 -4.3553077383014918 -4.0069948640325048
      vertex -4.8843145759260693 -4.3999751279996158 -3.9584731442559273
    endloop
  endfacet
  facet normal 5.73894e-16 -0.735724 -0.677282
    outer loop
      vertex -5.1042251784952519 -4.5106964134250802 -3.8381977661551439
      vertex -5.1928668113949996 -4.6002392628875608 -3.7409283022581477
      vertex -19.102470337245556 -3.6852762761380067 -4.7348430563783612
    endloop
  endfacet
  facet normal -2.6699e-15 -0.735724 -0.677282
    outer loop
      vertex -4.9653418045907323 -3.9582574458136324 -4.4383064575575997
      vertex -4.8843145759260693 -3.9247512817417456 -4.4747038542909134
      vertex -4.993044213217769 -4.3553077383014918 -4.0069948640325048
    endloop
  endfacet
  facet normal 0.382683 -0.923879 0.00143194
    outer loop
      vertex -4.9410439265443538 -3.9482371893480668 -4.4668590468668361
      vertex -4.8843145759260693 -3.9247512817417456 -4.4747038542909134
      vertex -4.9653418045907323 -3.9582574458136324 -4.4383064575575997
    endloop
  endfacet
  facet normal 0.382683 -0.923879 0.00143194
    outer loop
      vertex -4.8843145759260693 -3.9248600524889738 -4.5448822647630553
      vertex -4.8843145759260693 -3.9247512817417456 -4.4747038542909134
      vertex -4.9410439265443538 -3.9482371893480668 -4.4668590468668361
    endloop
  endfacet
  facet normal -0.316385 -0.778289 -0.542372
    outer loop
      vertex -4.9800985641182622 -3.9335698007817332 -4.4651243889898398
      vertex -4.9410439265443538 -3.9482371893480668 -4.4668590468668361
      vertex -4.9653418045907323 -3.9582574458136324 -4.4383064575575997
    endloop
  endfacet
  facet normal -0.326834 -0.813331 -0.481324
    outer loop
      vertex -4.8843145759260693 -3.9248600524889738 -4.5448822647630553
      vertex -4.9410439265443538 -3.9482371893480668 -4.4668590468668361
      vertex -4.9800985641182622 -3.9335698007817332 -4.4651243889898398
    endloop
  endfacet
  facet normal -0.326834 -0.813331 -0.481324
    outer loop
      vertex -4.6960583643141458 -3.8223134667110155 -4.8459952776328761
      vertex -4.5640691374324476 -3.9739536440890322 -4.6793815426503205
      vertex -4.8843145759260693 -3.9248600524889738 -4.5448822647630553
    endloop
  endfacet
  facet normal -0.150901 -0.988548 0.00153217
    outer loop
      vertex -4.8843145759260693 -3.9248600524889738 -4.5448822647630553
      vertex -4.5640691374324476 -3.9739536440890322 -4.6793815426503205
      vertex -4.4163482153067717 -3.9960657843766163 -4.3972356535242909
    endloop
  endfacet
  facet normal -0.150901 -0.988548 0.00153217
    outer loop
      vertex -4.3850080575522909 -4.0015132826044706 -4.825294668583731
      vertex -4.4163482153067717 -3.9960657843766163 -4.3972356535242909
      vertex -4.5640691374324476 -3.9739536440890322 -4.6793815426503205
    endloop
  endfacet
  facet normal -0.150901 -0.988548 0.00153217
    outer loop
      vertex -4.4987485626253276 -3.9841509143283251 -4.825294668583731
      vertex -4.3850080575522909 -4.0015132826044706 -4.825294668583731
      vertex -4.5640691374324476 -3.9739536440890322 -4.6793815426503205
    endloop
  endfacet
  facet normal -0.139647 -0.914827 0.378934
    outer loop
      vertex -4.4809058403403865 -3.9936259345002867 -4.8415938630703197
      vertex -4.3850080575522909 -4.0015132826044706 -4.825294668583731
      vertex -4.4987485626253276 -3.9841509143283251 -4.825294668583731
    endloop
  endfacet
  facet normal -0.605268 -0.765747 -0.217444
    outer loop
      vertex -4.6960583643141458 -3.8223134667110155 -4.8459952776328761
      vertex -4.4809058403403865 -3.9936259345002867 -4.8415938630703197
      vertex -4.4987485626253276 -3.9841509143283251 -4.825294668583731
    endloop
  endfacet
  facet normal -0.610407 -0.771252 -0.180481
    outer loop
      vertex -4.6960583643141458 -3.8223134667110155 -4.8459952776328761
      vertex -4.4102950673116448 -4.0173187292723043 -4.9791611620458491
      vertex -4.4809058403403865 -3.9936259345002867 -4.8415938630703197
    endloop
  endfacet
  facet normal -0.610407 -0.771252 -0.180481
    outer loop
      vertex -4.3924080924736018 -4.0432591606969863 -4.9288052474789019
      vertex -4.4809058403403865 -3.9936259345002867 -4.8415938630703197
      vertex -4.4102950673116448 -4.0173187292723043 -4.9791611620458491
    endloop
  endfacet
  facet normal 0.689744 -0.514112 -0.509845
    outer loop
      vertex -4.3924080924736018 -4.0432591606969863 -4.9288052474789019
      vertex -4.4102950673116448 -4.0173187292723043 -4.9791611620458491
      vertex -4.3784110469644197 -4.0099891219810413 -4.9434178405253224
    endloop
  endfacet
  facet normal 0.689744 -0.514112 -0.509845
    outer loop
      vertex -4.3924080924736018 -4.0432591606969863 -4.9288052474789019
      vertex -4.3784110469644197 -4.0099891219810413 -4.9434178405253224
      vertex -4.3598123383638292 -4.0338847432795877 -4.8941609812190219
    endloop
  endfacet
  facet normal -0.789141 -0.614213 2.69046e-15
    outer loop
      vertex -4.3326423125733076 -4.0687927931288899 -5.0218269584189335
      vertex -4.3598123383638292 -4.0338847432795877 -4.8941609812190219
      vertex -4.3784110469644197 -4.0099891219810413 -4.9434178405253224
    endloop
  endfacet
  facet normal -0.789141 -0.614213 3.87706e-15
    outer loop
      vertex -4.3326423125733076 -4.0687927931288899 -5.0218269584189335
      vertex -4.0636894297544455 -4.4143434640387902 -4.4143434640387902
      vertex -4.3598123383638292 -4.0338847432795877 -4.8941609812190219
    endloop
  endfacet
  facet normal -0.789141 -0.614213 -5.54357e-15
    outer loop
      vertex -4.3850080575522909 -4.0015132826044706 -4.825294668583731
      vertex -4.3598123383638292 -4.0338847432795877 -4.8941609812190219
      vertex -4.0636894297544455 -4.4143434640387902 -4.4143434640387902
    endloop
  endfacet
  facet normal -0.309643 -0.838605 0.448176
    outer loop
      vertex -4.3326423125733076 -4.0687927931288899 -5.0218269584189335
      vertex -4.3784110469644197 -4.0099891219810413 -4.9434178405253224
      vertex -4.4102950673116448 -4.0173187292723043 -4.9791611620458491
    endloop
  endfacet
  facet normal -0.610407 -0.771252 -0.180481
    outer loop
      vertex -4.4386027688651675 -3.9326547961019851 -5.2452174159815597
      vertex -4.3326423125733076 -4.0687927931288899 -5.0218269584189335
      vertex -4.4102950673116448 -4.0173187292723043 -4.9791611620458491
    endloop
  endfacet
  facet normal -0.789141 -0.614213 -1.39964e-16
    outer loop
      vertex -4.4386027688651675 -3.9326547961019851 -5.2452174159815597
      vertex -4.0636894297544455 -4.4143434640387902 -19.110918581718863
      vertex -4.3326423125733076 -4.0687927931288899 -5.0218269584189335
    endloop
  endfacet
  facet normal -0.789141 -0.614213 -2.13268e-17
    outer loop
      vertex -4.4386027688651675 -3.9326547961019851 -5.2452174159815597
      vertex -4.9487936320442554 -3.2771615616889882 -5.5655760959284031
      vertex -4.0636894297544455 -4.4143434640387902 -19.110918581718863
    endloop
  endfacet
  facet normal -0.789141 -0.614213 2.71495e-16
    outer loop
      vertex -5.1139935124740017 -3.0649127509737659 -5.7332649525616048
      vertex -4.0636894297544455 -4.4143434640387902 -19.110918581718863
      vertex -4.9487936320442554 -3.2771615616889882 -5.5655760959284031
    endloop
  endfacet
  facet normal -0.586293 -0.731441 -0.348216
    outer loop
      vertex -5.1139935124740017 -3.0649127509737659 -5.7332649525616048
      vertex -4.9487936320442554 -3.2771615616889882 -5.5655760959284031
      vertex -5.4445182700281798 -3.0076786994120361 -5.2969809309372078
    endloop
  endfacet
  facet normal -0.789141 -0.614213 -3.11589e-16
    outer loop
      vertex -5.2768425072389338 -2.8556843582224425 -5.7427514027627824
      vertex -4.0636894297544455 -4.4143434640387902 -19.110918581718863
      vertex -5.1139935124740017 -3.0649127509737659 -5.7332649525616048
    endloop
  endfacet
  facet normal -0.694805 -0.669358 -0.26307
    outer loop
      vertex -4.4386027688651675 -3.9326547961019851 -5.2452174159815597
      vertex -4.6960583643141458 -3.8223134667110155 -4.8459952776328761
      vertex -4.9487936320442554 -3.2771615616889882 -5.5655760959284031
    endloop
  endfacet
  facet normal -0.139647 -0.914827 0.378934
    outer loop
      vertex -4.3924080924736018 -4.0432591606969863 -4.9288052474789019
      vertex -4.3598123383638292 -4.0338847432795877 -4.8941609812190219
      vertex -4.4809058403403865 -3.9936259345002867 -4.8415938630703197
    endloop
  endfacet
  facet normal -0.610407 -0.771252 -0.180481
    outer loop
      vertex -4.4386027688651675 -3.9326547961019851 -5.2452174159815597
      vertex -4.4102950673116448 -4.0173187292723043 -4.9791611620458491
      vertex -4.6960583643141458 -3.8223134667110155 -4.8459952776328761
    endloop
  endfacet
  facet normal -0.139647 -0.914827 0.378934
    outer loop
      vertex -4.4809058403403865 -3.9936259345002867 -4.8415938630703197
      vertex -4.3598123383638292 -4.0338847432795877 -4.8941609812190219
      vertex -4.3850080575522909 -4.0015132826044706 -4.825294668583731
    endloop
  endfacet
  facet normal -0.605268 -0.765747 -0.217444
    outer loop
      vertex -4.6960583643141458 -3.8223134667110155 -4.8459952776328761
      vertex -4.4987485626253276 -3.9841509143283251 -4.825294668583731
      vertex -4.5640691374324476 -3.9739536440890322 -4.6793815426503205
    endloop
  endfacet
  facet normal 0 -0.735724 -0.677282
    outer loop
      vertex -5.0454694100595798 -3.8600162818710677 -4.5450248097953665
      vertex -19.102470337245556 -3.6852762761380067 -4.7348430563783612
      vertex -5.0783880757719775 -3.6852762761380067 -4.7348430563783612
    endloop
  endfacet
  facet normal -0.586293 -0.731441 -0.348216
    outer loop
      vertex -5.4445182700281798 -3.0076786994120361 -5.2969809309372078
      vertex -4.9487936320442554 -3.2771615616889882 -5.5655760959284031
      vertex -4.6960583643141458 -3.8223134667110155 -4.8459952776328761
    endloop
  endfacet
  facet normal 0 -0.475947 -0.879474
    outer loop
      vertex -5.2881521136825738 -3.4611246291186322 -4.8561478615501867
      vertex -5.0783880757719775 -3.6852762761380067 -4.7348430563783612
      vertex -19.102470337245556 -3.6852762761380067 -4.7348430563783612
    endloop
  endfacet
  facet normal -0.583613 -0.386484 -0.714161
    outer loop
      vertex -19.955950864665638 -1.7462711815877832 -5.0867141738057358
      vertex -19.102470337245556 -1.9481968152281035 -5.6749034502038072
      vertex -19.955950864665638 -3.3033067844613253 -4.2440886434394773
    endloop
  endfacet
  facet normal -0.986319 -0.0784597 -0.144981
    outer loop
      vertex -19.955950864665638 -1.7462711815877832 -5.0867141738057358
      vertex -19.955950864665638 -3.3033067844613253 -4.2440886434394773
      vertex -20 -3.1391911664135681 -4.0332328930611121
    endloop
  endfacet
  facet normal -0.986319 -0.0784597 -0.144981
    outer loop
      vertex -19.955950864665638 -1.7462711815877832 -5.0867141738057358
      vertex -20 -3.1391911664135681 -4.0332328930611121
      vertex -20 -1.6595125506324688 -4.8339949155178479
    endloop
  endfacet
  facet normal -0.986319 -0.0271333 -0.162601
    outer loop
      vertex -19.955950864665638 -1.7462711815877832 -5.0867141738057358
      vertex -20 -1.6595125506324688 -4.8339949155178479
      vertex -19.955950864665638 6.1248031158636404e-17 -5.3781152949374524
    endloop
  endfacet
  facet normal -0.583613 -0.133656 -0.800957
    outer loop
      vertex -19.955950864665638 -1.7462711815877832 -5.0867141738057358
      vertex -19.955950864665638 6.1248031158636404e-17 -5.3781152949374524
      vertex -19.102470337245556 0 -6
    endloop
  endfacet
  facet normal -0.583613 0.133656 -0.800957
    outer loop
      vertex -19.955950864665638 6.1248031158636404e-17 -5.3781152949374524
      vertex -19.102470337245556 1.9481968152281008 -5.674903450203808
      vertex -19.102470337245556 0 -6
    endloop
  endfacet
  facet normal 0 0.164595 -0.986361
    outer loop
      vertex -6.8126854026733845 0 -6
      vertex -19.102470337245556 0 -6
      vertex -19.102470337245556 1.9481968152281008 -5.674903450203808
    endloop
  endfacet
  facet normal -3.97309e-17 0.164595 -0.986361
    outer loop
      vertex -6.8126854026733845 0 -6
      vertex -19.102470337245556 1.9481968152281008 -5.674903450203808
      vertex -6.7772951595344031 1.1157459380934271 -5.8138149328199065
    endloop
  endfacet
  facet normal -0.307607 0.166099 -0.936904
    outer loop
      vertex -6.8126854026733845 0 -6
      vertex -6.7772951595344031 1.1157459380934271 -5.8138149328199065
      vertex -6.2891610933531092 -2.4183627804920827e-18 -6.1718847050625474
    endloop
  endfacet
  facet normal -0.307607 -0.166099 -0.936904
    outer loop
      vertex -6.777295159534404 -1.1157459380934327 -5.8138149328199056
      vertex -6.8126854026733845 0 -6
      vertex -6.2891610933531092 -2.4183627804920827e-18 -6.1718847050625474
    endloop
  endfacet
  facet normal -0.314787 -0.162399 -0.935166
    outer loop
      vertex -6.777295159534404 -1.1157459380934327 -5.8138149328199056
      vertex -6.2891610933531092 -2.4183627804920827e-18 -6.1718847050625474
      vertex -6.2604942952875113 -1.0714354466323908 -5.99547044954749
    endloop
  endfacet
  facet normal -0.860879 -0.105006 -0.497857
    outer loop
      vertex -6.2604942952875113 -1.0714354466323908 -5.99547044954749
      vertex -6.2891610933531092 -2.4183627804920827e-18 -6.1718847050625474
      vertex -5.9181678204163344 -0.94060446443024925 -6.6150055903467919
    endloop
  endfacet
  facet normal -0.860879 -0.105006 -0.497857
    outer loop
      vertex -6.2604942952875113 -1.0714354466323908 -5.99547044954749
      vertex -5.9181678204163344 -0.94060446443024925 -6.6150055903467919
      vertex -5.9181678204163344 -0.98756754168440486 -6.6051002758595052
    endloop
  endfacet
  facet normal -1 0 0
    outer loop
      vertex -5.9181678204163344 -0.98756754168440486 -6.6051002758595052
      vertex -5.9181678204163344 -0.94060446443024925 -6.6150055903467919
      vertex -5.9181678204163344 -1.2613247961234145e-17 -6.8964843584205191
    endloop
  endfacet
  facet normal -0.88195 -0.13513 -0.451557
    outer loop
      vertex -5.9181678204163344 -0.94060446443024925 -6.6150055903467919
      vertex -6.2891610933531092 -2.4183627804920827e-18 -6.1718847050625474
      vertex -5.9181678204163344 -1.2613247961234145e-17 -6.8964843584205191
    endloop
  endfacet
  facet normal -0.88195 0.13513 -0.451557
    outer loop
      vertex -6.2891610933531092 -2.4183627804920827e-18 -6.1718847050625474
      vertex -5.9181678204163344 0.94060446443024914 -6.6150055903467919
      vertex -5.9181678204163344 -1.2613247961234145e-17 -6.8964843584205191
    endloop
  endfacet
  facet normal -1 0 -0
    outer loop
      vertex -5.9181678204163344 -1.2613247961234145e-17 -6.8964843584205191
      vertex -5.9181678204163344 0.94060446443024914 -6.6150055903467919
      vertex -5.9181678204163344 -0.98756754168440486 -19.110918581718863
    endloop
  endfacet
  facet normal -1 0 -0
    outer loop
      vertex -5.9181678204163344 0.94060446443024914 -6.6150055903467919
      vertex -5.9181678204163344 0.98756754168440486 -19.110918581718863
      vertex -5.9181678204163344 -0.98756754168440486 -19.110918581718863
    endloop
  endfacet
  facet normal -1 0 0
    outer loop
      vertex -5.9181678204163344 0.94060446443024914 -6.6150055903467919
      vertex -5.9181678204163344 0.98756754168440486 -6.6051002758595052
      vertex -5.9181678204163344 0.98756754168440486 -19.110918581718863
    endloop
  endfacet
  facet normal -0.945817 0.324699 0
    outer loop
      vertex -5.9181678204163344 0.98756754168440486 -6.6051002758595052
      vertex -5.8737710532950231 1.116890906215787 -6.6545933268194668
      vertex -5.9181678204163344 0.98756754168440486 -19.110918581718863
    endloop
  endfacet
  facet normal -0.945817 0.324699 1.07357e-16
    outer loop
      vertex -5.8737710532950231 1.116890906215787 -6.6545933268194668
      vertex -5.8480013547341789 1.1919554736817428 -6.633195001744058
      vertex -5.9181678204163344 0.98756754168440486 -19.110918581718863
    endloop
  endfacet
  facet normal -0.945817 0.324699 -1.59642e-17
    outer loop
      vertex -5.8480013547341789 1.1919554736817428 -6.633195001744058
      vertex -5.5076007158044797 2.1835086603075777 -6.4411260965864727
      vertex -5.9181678204163344 0.98756754168440486 -19.110918581718863
    endloop
  endfacet
  facet normal -0.945817 0.324699 8.25558e-17
    outer loop
      vertex -5.5076007158044797 2.1835086603075777 -6.4411260965864727
      vertex -5.3152295590532601 2.7438666963304303 -5.8224735122091493
      vertex -5.9181678204163344 0.98756754168440486 -19.110918581718863
    endloop
  endfacet
  facet normal -0.945817 0.324699 -3.43687e-17
    outer loop
      vertex -5.3152295590532601 2.7438666963304303 -5.8224735122091493
      vertex -5.2768425072389338 2.855684358222442 -19.110918581718863
      vertex -5.9181678204163344 0.98756754168440486 -19.110918581718863
    endloop
  endfacet
  facet normal -0.933556 0.32049 -0.1605
    outer loop
      vertex -5.2381024489490207 2.8347192870945159 -19.378115294937455
      vertex -5.9181678204163344 0.98756754168440486 -19.110918581718863
      vertex -5.2768425072389338 2.855684358222442 -19.110918581718863
    endloop
  endfacet
  facet normal -0.77891 0.60625 -0.1605
    outer loop
      vertex -5.2381024489490207 2.8347192870945159 -19.378115294937455
      vertex -5.2768425072389338 2.855684358222442 -19.110918581718863
      vertex -4.0338557621464339 4.3819354619288235 -19.378115294937455
    endloop
  endfacet
  facet normal -0.46889 0.364952 -0.804334
    outer loop
      vertex -5.2381024489490207 2.8347192870945159 -19.378115294937455
      vertex -4.0338557621464339 4.3819354619288235 -19.378115294937455
      vertex -3.4558091291833928 3.7540094306119522 -20
    endloop
  endfacet
  facet normal -0.46889 0.364952 -0.804334
    outer loop
      vertex -5.2381024489490207 2.8347192870945159 -19.378115294937455
      vertex -3.4558091291833928 3.7540094306119522 -20
      vertex -4.4874887279171869 2.4285074550610197 -20
    endloop
  endfacet
  facet normal -0.561984 0.192929 -0.804334
    outer loop
      vertex -5.8747194578741704 0.98031729230182496 -19.378115294937455
      vertex -5.2381024489490207 2.8347192870945159 -19.378115294937455
      vertex -4.4874887279171869 2.4285074550610197 -20
    endloop
  endfacet
  facet normal 0 0 -1
    outer loop
      vertex -5.0328792924192536 0.83983901457853138 -20
      vertex -4.4874887279171869 2.4285074550610197 -20
      vertex -3.4558091291833928 3.7540094306119522 -20
    endloop
  endfacet
  facet normal -0.324984 0.497426 -0.804334
    outer loop
      vertex -4.0338557621464339 4.3819354619288235 -19.378115294937455
      vertex -2.0496389888990336 4.6727062348981141 -20
      vertex -3.4558091291833928 3.7540094306119522 -20
    endloop
  endfacet
  facet normal 0 0 -1
    outer loop
      vertex -4.4874887279171869 -2.4285074550610197 -20
      vertex -3.4558091291833928 3.7540094306119522 -20
      vertex -2.0496389888990336 4.6727062348981141 -20
    endloop
  endfacet
  facet normal 0 0 -1
    outer loop
      vertex -2.0496389888990336 4.6727062348981141 -20
      vertex -3.4558091291833928 -3.7540094306119522 -20
      vertex -4.4874887279171869 -2.4285074550610197 -20
    endloop
  endfacet
  facet normal 0 0 -1
    outer loop
      vertex -3.4558091291833928 -3.7540094306119522 -20
      vertex -2.0496389888990336 4.6727062348981141 -20
      vertex -0.42135866074172929 5.0850428141254325 -20
    endloop
  endfacet
  facet normal 0 0 -1
    outer loop
      vertex -0.42135866074172929 5.0850428141254325 -20
      vertex -2.0496389888990323 -4.672706234898115 -20
      vertex -3.4558091291833928 -3.7540094306119522 -20
    endloop
  endfacet
  facet normal -0.324984 -0.497426 -0.804334
    outer loop
      vertex -2.3924782117940833 -5.4543009367289184 -19.378115294937455
      vertex -3.4558091291833928 -3.7540094306119522 -20
      vertex -2.0496389888990323 -4.672706234898115 -20
    endloop
  endfacet
  facet normal -0.145862 -0.575996 -0.804334
    outer loop
      vertex -2.3924782117940833 -5.4543009367289184 -19.378115294937455
      vertex -2.0496389888990323 -4.672706234898115 -20
      vertex -0.49183852406946238 -5.9356082728354425 -19.378115294937455
    endloop
  endfacet
  facet normal -0.242303 -0.956833 -0.1605
    outer loop
      vertex -2.3924782117940833 -5.4543009367289184 -19.378115294937455
      vertex -0.49183852406946238 -5.9356082728354425 -19.378115294937455
      vertex -0.4954760728339962 -5.9795069580400195 -19.11091858171886
    endloop
  endfacet
  facet normal -0.242303 -0.956833 -0.1605
    outer loop
      vertex -2.3924782117940833 -5.4543009367289184 -19.378115294937455
      vertex -0.4954760728339962 -5.9795069580400195 -19.11091858171886
      vertex -2.4101725479178158 -5.4946399599303453 -19.110918581718863
    endloop
  endfacet
  facet normal -0.245485 -0.9694 -0
    outer loop
      vertex -2.4101725479178158 -5.4946399599303453 -5.739491619539721
      vertex -2.4101725479178158 -5.4946399599303453 -19.110918581718863
      vertex -0.4954760728339962 -5.9795069580400195 -19.11091858171886
    endloop
  endfacet
  facet normal -0.245485 -0.9694 1.84101e-16
    outer loop
      vertex -2.4101725479178158 -5.4946399599303453 -5.739491619539721
      vertex -0.4954760728339962 -5.9795069580400195 -19.11091858171886
      vertex -2.2642882016227412 -5.5315828936954414 -5.8804855590459706
    endloop
  endfacet
  facet normal -0.539031 -0.76244 -0.357954
    outer loop
      vertex -2.4101725479178158 -5.4946399599303453 -5.739491619539721
      vertex -2.2642882016227412 -5.5315828936954414 -5.8804855590459706
      vertex -1.7851958159371941 -5.8264571902310989 -5.973854174141616
    endloop
  endfacet
  facet normal -0.539031 -0.76244 -0.357954
    outer loop
      vertex -3.2274279075270935 -5.1695157117893364 -5.2013275180981378
      vertex -2.4101725479178158 -5.4946399599303453 -5.739491619539721
      vertex -1.7851958159371941 -5.8264571902310989 -5.973854174141616
    endloop
  endfacet
  facet normal -0.563282 -0.364802 -0.741372
    outer loop
      vertex -3.2274279075270935 -5.1695157117893364 -5.2013275180981378
      vertex -1.7851958159371941 -5.8264571902310989 -5.973854174141616
      vertex -3.0194184133525619 -5.703532528335665 -5.0965997700808643
    endloop
  endfacet
  facet normal -0.563282 -0.364802 -0.741372
    outer loop
      vertex -3.2274279075270935 -5.1695157117893364 -5.2013275180981378
      vertex -3.0194184133525619 -5.703532528335665 -5.0965997700808643
      vertex -3.3247635761277419 -5.6374758320674436 -4.8971078187092694
    endloop
  endfacet
  facet normal -0.769321 -0.227964 -0.596806
    outer loop
      vertex -3.2274279075270935 -5.1695157117893364 -5.2013275180981378
      vertex -3.3247635761277419 -5.6374758320674436 -4.8971078187092694
      vertex -3.6994673061373784 -5.0138427418452611 -4.6523016537566102
    endloop
  endfacet
  facet normal -0.743291 -0.421363 -0.519589
    outer loop
      vertex -3.2274279075270935 -5.1695157117893364 -5.2013275180981378
      vertex -3.6994673061373784 -5.0138427418452611 -4.6523016537566102
      vertex -3.9476821303365175 -4.6246443595261306 -4.6128436346441228
    endloop
  endfacet
  facet normal -0.74096 -0.518418 -0.426874
    outer loop
      vertex -3.2274279075270935 -5.1695157117893364 -5.2013275180981378
      vertex -3.9476821303365175 -4.6246443595261306 -4.6128436346441228
      vertex -3.9499229906188207 -4.4886707883608521 -4.7740872192412276
    endloop
  endfacet
  facet normal -0.74096 -0.518418 -0.426874
    outer loop
      vertex -3.2274279075270935 -5.1695157117893364 -5.2013275180981378
      vertex -3.9499229906188207 -4.4886707883608521 -4.7740872192412276
      vertex -3.6630729944193883 -4.6760792443280828 -5.0443975419975322
    endloop
  endfacet
  facet normal -0.765085 -0.608308 -0.211202
    outer loop
      vertex -3.2274279075270935 -5.1695157117893364 -5.2013275180981378
      vertex -3.6630729944193883 -4.6760792443280828 -5.0443975419975322
      vertex -3.3237446126187167 -4.8977735407955292 -5.6350959848692161
    endloop
  endfacet
  facet normal -0.546948 -0.837166 -2.88068e-17
    outer loop
      vertex -3.3237446126187167 -4.8977735407955292 -5.6350959848692161
      vertex -3.6630729944193883 -4.6760792443280828 -5.0443975419975322
      vertex -2.4101725479178158 -5.4946399599303453 -19.110918581718863
    endloop
  endfacet
  facet normal -0.743291 -0.421363 -0.519589
    outer loop
      vertex -3.6994673061373784 -5.0138427418452611 -4.6523016537566102
      vertex -3.9499015385057721 -4.7738312900054458 -4.4886848037258051
      vertex -3.9476821303365175 -4.6246443595261306 -4.6128436346441228
    endloop
  endfacet
  facet normal -0.546948 -5.48597e-17 -0.837166
    outer loop
      vertex -3.3247635761277419 -5.6374758320674436 -4.8971078187092694
      vertex -4.0636894297544455 -19.102470337245549 -4.4143434640387902
      vertex -3.6994673061373784 -5.0138427418452611 -4.6523016537566102
    endloop
  endfacet
  facet normal -0.546948 8.93633e-17 -0.837166
    outer loop
      vertex -3.0194184133525619 -5.703532528335665 -5.0965997700808643
      vertex -4.0636894297544455 -19.102470337245549 -4.4143434640387902
      vertex -3.3247635761277419 -5.6374758320674436 -4.8971078187092694
    endloop
  endfacet
  facet normal -0.546948 -2.23694e-17 -0.837166
    outer loop
      vertex -3.0194184133525619 -5.703532528335665 -5.0965997700808643
      vertex -2.4101725479178158 -5.8439905998126243 -5.4946399599303453
      vertex -4.0636894297544455 -19.102470337245549 -4.4143434640387902
    endloop
  endfacet
  facet normal -0.546948 -0 -0.837166
    outer loop
      vertex -2.4101725479178158 -5.8439905998126243 -5.4946399599303453
      vertex -2.4101725479178158 -19.102470337245553 -5.4946399599303453
      vertex -4.0636894297544455 -19.102470337245549 -4.4143434640387902
    endloop
  endfacet
  facet normal -0.444139 -0.583613 -0.679806
    outer loop
      vertex -2.1603643072325291 -19.955950864665638 -4.9251345347793176
      vertex -4.0636894297544455 -19.102470337245549 -4.4143434640387902
      vertex -2.4101725479178158 -19.102470337245553 -5.4946399599303453
    endloop
  endfacet
  facet normal -0.199342 -0.583613 -0.787184
    outer loop
      vertex -0.44412124093067656 -19.955950864665638 -5.3597463045366585
      vertex -2.1603643072325291 -19.955950864665638 -4.9251345347793176
      vertex -2.4101725479178158 -19.102470337245553 -5.4946399599303453
    endloop
  endfacet
  facet normal -0.199342 -0.583613 -0.787184
    outer loop
      vertex -0.44412124093067656 -19.955950864665638 -5.3597463045366585
      vertex -2.4101725479178158 -19.102470337245553 -5.4946399599303453
      vertex -0.4954760728339962 -19.102470337245553 -5.9795069580400195
    endloop
  endfacet
  facet normal 0.067057 -0.583613 -0.809258
    outer loop
      vertex -0.44412124093067656 -19.955950864665638 -5.3597463045366585
      vertex -0.4954760728339962 -19.102470337245553 -5.9795069580400195
      vertex 1.3202492530771039 -19.955950864665638 -5.2135463971647473
    endloop
  endfacet
  facet normal 0.0136132 -0.986319 -0.164286
    outer loop
      vertex -0.44412124093067656 -19.955950864665638 -5.3597463045366585
      vertex 1.3202492530771039 -19.955950864665638 -5.2135463971647473
      vertex 1.2546563377702162 -20 -4.954525832312525
    endloop
  endfacet
  facet normal 0.0136132 -0.986319 -0.164286
    outer loop
      vertex -0.44412124093067656 -19.955950864665638 -5.3597463045366585
      vertex 1.2546563377702162 -20 -4.954525832312525
      vertex -0.42205631124072635 -20 -5.0934622035606552
    endloop
  endfacet
  facet normal 0 -1 0
    outer loop
      vertex -0.42205631124072635 -20 -5.0934622035606552
      vertex 1.2546563377702162 -20 -4.954525832312525
      vertex 2.795407504584813 -20 -4.2786897097440919
    endloop
  endfacet
  facet normal 0 -1 0
    outer loop
      vertex -2.0530326100503071 -20 -4.6804429118438255
      vertex -0.42205631124072635 -20 -5.0934622035606552
      vertex 2.795407504584813 -20 -4.2786897097440919
    endloop
  endfacet
  facet normal 0 -1 0
    outer loop
      vertex -2.0530326100503071 -20 -4.6804429118438255
      vertex 2.795407504584813 -20 -4.2786897097440919
      vertex 4.0332328930611121 -20 -3.1391911664135677
    endloop
  endfacet
  facet normal 0 -1 0
    outer loop
      vertex 4.0332328930611121 -20 -3.1391911664135677
      vertex -3.4615309694777494 -20 -3.7602250060741729
      vertex -2.0530326100503071 -20 -4.6804429118438255
    endloop
  endfacet
  facet normal -0.0901641 -0.986319 -0.138006
    outer loop
      vertex -3.6424983793396732 -19.955950864665638 -3.9568080168423658
      vertex -2.0530326100503071 -20 -4.6804429118438255
      vertex -3.4615309694777494 -20 -3.7602250060741729
    endloop
  endfacet
  facet normal -0.130089 -0.986319 -0.101253
    outer loop
      vertex -4.7299112328596342 -19.955950864665638 -2.5596999540782934
      vertex -3.6424983793396732 -19.955950864665638 -3.9568080168423658
      vertex -3.4615309694777494 -20 -3.7602250060741729
    endloop
  endfacet
  facet normal -0.130089 -0.986319 -0.101253
    outer loop
      vertex -4.7299112328596342 -19.955950864665638 -2.5596999540782934
      vertex -3.4615309694777494 -20 -3.7602250060741729
      vertex -4.4949187371752304 -20 -2.432528374993828
    endloop
  endfacet
  facet normal -0.155917 -0.986319 -0.0535265
    outer loop
      vertex -5.3047648121646223 -19.955950864665638 -0.88520868345277981
      vertex -4.7299112328596342 -19.955950864665638 -2.5596999540782934
      vertex -4.4949187371752304 -20 -2.432528374993828
    endloop
  endfacet
  facet normal -0.155917 -0.986319 -0.0535265
    outer loop
      vertex -5.3047648121646223 -19.955950864665638 -0.88520868345277981
      vertex -4.4949187371752304 -20 -2.432528374993828
      vertex -5.0412123138494049 -20 -0.84122954991620602
    endloop
  endfacet
  facet normal -0.164849 -0.986319 0
    outer loop
      vertex -5.3047648121646223 -19.955950864665638 -0.88520868345277981
      vertex -5.0412123138494049 -20 -0.84122954991620602
      vertex -5.3047648121646223 -19.955950864665638 0.8852086834527797
    endloop
  endfacet
  facet normal -0.812032 -0.583613 0
    outer loop
      vertex -5.3047648121646223 -19.955950864665638 -0.88520868345277981
      vertex -5.3047648121646223 -19.955950864665638 0.8852086834527797
      vertex -5.9181678204163344 -19.102470337245553 0.98756754168440486
    endloop
  endfacet
  facet normal -0.812032 -0.583613 0
    outer loop
      vertex -5.3047648121646223 -19.955950864665638 -0.88520868345277981
      vertex -5.9181678204163344 -19.102470337245553 0.98756754168440486
      vertex -5.9181678204163344 -19.102470337245553 -0.98756754168440486
    endloop
  endfacet
  facet normal -1 -0 0
    outer loop
      vertex -5.9181678204163344 -6.5937871433021256 -0.78320621008664315
      vertex -5.9181678204163344 -19.102470337245553 -0.98756754168440486
      vertex -5.9181678204163344 -19.102470337245553 0.98756754168440486
    endloop
  endfacet
  facet normal -1 0 0
    outer loop
      vertex -5.9181678204163344 -6.5937871433021256 -0.78320621008664315
      vertex -5.9181678204163344 -19.102470337245553 0.98756754168440486
      vertex -5.9181678204163344 -6.8339491422825187 0.015781795837449999
    endloop
  endfacet
  facet normal -0.945848 -0.310871 -0.0934425
    outer loop
      vertex -5.9181678204163344 -6.5937871433021256 -0.78320621008664315
      vertex -5.9181678204163344 -6.8339491422825187 0.015781795837449999
      vertex -6.0900497557568762 -6.3104474853939712 0.013990785461645934
    endloop
  endfacet
  facet normal -0.914924 -0.39984 -0.0551538
    outer loop
      vertex -5.9181678204163344 -6.5937871433021256 -0.78320621008664315
      vertex -6.0900497557568762 -6.3104474853939712 0.013990785461645934
      vertex -6.0732377935119137 -6.1971053065789867 -1.086576199484149
    endloop
  endfacet
  facet normal -0.914924 -0.39984 -0.0551538
    outer loop
      vertex -5.9181678204163344 -6.5655976277172776 -0.98756754168440486
      vertex -5.9181678204163344 -6.5937871433021256 -0.78320621008664315
      vertex -6.0732377935119137 -6.1971053065789867 -1.086576199484149
    endloop
  endfacet
  facet normal -0.914924 -0.39984 -0.0551538
    outer loop
      vertex -5.8693913760994691 -6.6576105615109764 -1.129648470047919
      vertex -5.9181678204163344 -6.5655976277172776 -0.98756754168440486
      vertex -6.0732377935119137 -6.1971053065789867 -1.086576199484149
    endloop
  endfacet
  facet normal -0.945817 0 -0.324699
    outer loop
      vertex -5.8693913760994691 -6.6576105615109764 -1.129648470047919
      vertex -5.9181678204163344 -19.102470337245553 -0.98756754168440486
      vertex -5.9181678204163344 -6.5655976277172776 -0.98756754168440486
    endloop
  endfacet
  facet normal -0.945817 8.35523e-17 -0.324699
    outer loop
      vertex -5.8693913760994691 -6.6576105615109764 -1.129648470047919
      vertex -5.8286055140773909 -6.6173193262684684 -1.2484536273602884
      vertex -5.9181678204163344 -19.102470337245553 -0.98756754168440486
    endloop
  endfacet
  facet normal -0.454456 -0.885348 -0.09812
    outer loop
      vertex -6.7517130213409331 -5.8471573247778617 -1.1017464700399699
      vertex -6.0732377935119137 -6.1971053065789867 -1.086576199484149
      vertex -6.0900497557568762 -6.3104474853939712 0.013990785461645934
    endloop
  endfacet
  facet normal -0.453477 -0.885767 -0.0988746
    outer loop
      vertex -6.7517130213409331 -5.8471573247778617 -1.1017464700399699
      vertex -6.0900497557568762 -6.3104474853939712 0.013990785461645934
      vertex -6.8143853259771436 -5.9395899919844908 0.013749932341128356
    endloop
  endfacet
  facet normal -3.65791e-17 -0.996584 -0.0825793
    outer loop
      vertex -6.7517130213409331 -5.8471573247778617 -1.1017464700399699
      vertex -6.8143853259771436 -5.9395899919844908 0.013749932341128356
      vertex -19.102470337245556 -5.8164015956359822 -1.4729129228447957
    endloop
  endfacet
  facet normal -1.29529e-16 -0.996584 -0.0825793
    outer loop
      vertex -6.8143853259771436 -5.9395899919844908 0.013749932341128356
      vertex -6.6032802263270396 -5.9795069580400195 0.4954760728339962
      vertex -19.102470337245556 -5.8164015956359822 -1.4729129228447957
    endloop
  endfacet
  facet normal -0 -0.996584 -0.0825793
    outer loop
      vertex -6.6032802263270396 -5.9795069580400195 0.4954760728339962
      vertex -19.102470337245556 -5.9795069580400195 0.4954760728339962
      vertex -19.102470337245556 -5.8164015956359822 -1.4729129228447957
    endloop
  endfacet
  facet normal 0 -0.9694 0.245485
    outer loop
      vertex -6.6032802263270396 -5.9795069580400195 0.4954760728339962
      vertex -6.7311608423792197 -5.8310640327242833 1.0816639283928524
      vertex -19.102470337245556 -5.9795069580400195 0.4954760728339962
    endloop
  endfacet
  facet normal 4.62982e-16 -0.9694 0.245485
    outer loop
      vertex -6.7311608423792197 -5.8310640327242833 1.0816639283928524
      vertex -6.747348712245457 -5.8140835900924861 1.1487181799282646
      vertex -19.102470337245556 -5.9795069580400195 0.4954760728339962
    endloop
  endfacet
  facet normal 2.29148e-16 -0.9694 0.245485
    outer loop
      vertex -6.747348712245457 -5.8140835900924861 1.1487181799282646
      vertex -6.7275745557643702 -5.8034401372962483 1.1907482245201391
      vertex -19.102470337245556 -5.9795069580400195 0.4954760728339962
    endloop
  endfacet
  facet normal -3.83966e-17 -0.9694 0.245485
    outer loop
      vertex -6.7275745557643702 -5.8034401372962483 1.1907482245201391
      vertex -6.3124050391437327 -5.5537574246741155 2.1767229590571917
      vertex -19.102470337245556 -5.9795069580400195 0.4954760728339962
    endloop
  endfacet
  facet normal -1.44138e-16 -0.9694 0.245485
    outer loop
      vertex -6.3124050391437327 -5.5537574246741155 2.1767229590571917
      vertex -6.0353606475446364 -5.4946399599303453 2.4101725479178158
      vertex -19.102470337245556 -5.9795069580400195 0.4954760728339962
    endloop
  endfacet
  facet normal 0 -0.9694 0.245485
    outer loop
      vertex -6.0353606475446364 -5.4946399599303453 2.4101725479178158
      vertex -19.102470337245556 -5.4946399599303453 2.4101725479178158
      vertex -19.102470337245556 -5.9795069580400195 0.4954760728339962
    endloop
  endfacet
  facet normal -0.583613 -0.787184 0.199342
    outer loop
      vertex -19.955950864665638 -4.9251345347793176 2.1603643072325291
      vertex -19.102470337245556 -5.9795069580400195 0.4954760728339962
      vertex -19.102470337245556 -5.4946399599303453 2.4101725479178158
    endloop
  endfacet
  facet normal -0.583613 -0.679806 0.444139
    outer loop
      vertex -19.955950864665638 -4.9251345347793176 2.1603643072325291
      vertex -19.102470337245556 -5.4946399599303453 2.4101725479178158
      vertex -19.955950864665638 -3.9568080168423658 3.6424983793396732
    endloop
  endfacet
  facet normal -0.986319 -0.138006 0.0901641
    outer loop
      vertex -19.955950864665638 -4.9251345347793176 2.1603643072325291
      vertex -19.955950864665638 -3.9568080168423658 3.6424983793396732
      vertex -20 -3.7602250060741729 3.4615309694777499
    endloop
  endfacet
  facet normal -0.986319 -0.138006 0.0901641
    outer loop
      vertex -19.955950864665638 -4.9251345347793176 2.1603643072325291
      vertex -20 -3.7602250060741729 3.4615309694777499
      vertex -20 -4.6804429118438255 2.0530326100503071
    endloop
  endfacet
  facet normal -0.986319 -0.159805 0.0404682
    outer loop
      vertex -19.955950864665638 -5.3597463045366585 0.44412124093067656
      vertex -19.955950864665638 -4.9251345347793176 2.1603643072325291
      vertex -20 -4.6804429118438255 2.0530326100503071
    endloop
  endfacet
  facet normal -1 0 0
    outer loop
      vertex -20 -5.0934622035606552 0.42205631124072635
      vertex -20 -4.6804429118438255 2.0530326100503071
      vertex -20 -3.7602250060741729 3.4615309694777499
    endloop
  endfacet
  facet normal -0.986319 -0.101253 0.130089
    outer loop
      vertex -19.955950864665638 -3.9568080168423658 3.6424983793396732
      vertex -20 -2.432528374993828 4.4949187371752304
      vertex -20 -3.7602250060741729 3.4615309694777499
    endloop
  endfacet
  facet normal -1 0 0
    outer loop
      vertex -20 -4.2786897097440928 -2.795407504584813
      vertex -20 -3.7602250060741729 3.4615309694777499
      vertex -20 -2.432528374993828 4.4949187371752304
    endloop
  endfacet
  facet normal -1 0 0
    outer loop
      vertex -20 -2.432528374993828 4.4949187371752304
      vertex -20 -3.1391911664135681 -4.0332328930611121
      vertex -20 -4.2786897097440928 -2.795407504584813
    endloop
  endfacet
  facet normal -1 0 0
    outer loop
      vertex -20 -3.1391911664135681 -4.0332328930611121
      vertex -20 -2.432528374993828 4.4949187371752304
      vertex -20 -0.84122954991620602 5.0412123138494049
    endloop
  endfacet
  facet normal -0.986319 -0.0535265 0.155917
    outer loop
      vertex -19.955950864665638 -2.5596999540782934 4.7299112328596342
      vertex -20 -0.84122954991620602 5.0412123138494049
      vertex -20 -2.432528374993828 4.4949187371752304
    endloop
  endfacet
  facet normal -0.986319 -0.0535265 0.155917
    outer loop
      vertex -19.955950864665638 -2.5596999540782934 4.7299112328596342
      vertex -19.955950864665638 -0.88520868345277981 5.3047648121646223
      vertex -20 -0.84122954991620602 5.0412123138494049
    endloop
  endfacet
  facet normal -0.986319 0 0.164849
    outer loop
      vertex -19.955950864665638 -0.88520868345277981 5.3047648121646223
      vertex -20 0.84122954991620602 5.0412123138494049
      vertex -20 -0.84122954991620602 5.0412123138494049
    endloop
  endfacet
  facet normal -1 0 0
    outer loop
      vertex -20 -0.84122954991620602 5.0412123138494049
      vertex -20 0.84122954991620602 5.0412123138494049
      vertex -20 2.432528374993828 4.4949187371752304
    endloop
  endfacet
  facet normal -1 0 0
    outer loop
      vertex -20 -0.84122954991620602 5.0412123138494049
      vertex -20 2.432528374993828 4.4949187371752304
      vertex -20 8.7563636741912273e-17 -5.110918581718856
    endloop
  endfacet
  facet normal -1 0 0
    outer loop
      vertex -20 -1.6595125506324688 -4.8339949155178479
      vertex -20 -0.84122954991620602 5.0412123138494049
      vertex -20 8.7563636741912273e-17 -5.110918581718856
    endloop
  endfacet
  facet normal -1 0 0
    outer loop
      vertex -20 8.7563636741912273e-17 -5.110918581718856
      vertex -20 2.432528374993828 4.4949187371752304
      vertex -20 1.6595125506324662 -4.8339949155178488
    endloop
  endfacet
  facet normal -0.986319 0.0271333 -0.162601
    outer loop
      vertex -19.955950864665638 1.7462711815877805 -5.0867141738057366
      vertex -20 8.7563636741912273e-17 -5.110918581718856
      vertex -20 1.6595125506324662 -4.8339949155178488
    endloop
  endfacet
  facet normal -0.986319 0.0784597 -0.144981
    outer loop
      vertex -19.955950864665638 1.7462711815877805 -5.0867141738057366
      vertex -20 1.6595125506324662 -4.8339949155178488
      vertex -19.955950864665638 3.3033067844613258 -4.2440886434394773
    endloop
  endfacet
  facet normal -0.583613 0.386484 -0.714161
    outer loop
      vertex -19.955950864665638 1.7462711815877805 -5.0867141738057366
      vertex -19.955950864665638 3.3033067844613258 -4.2440886434394773
      vertex -19.102470337245556 3.6852762761380067 -4.7348430563783612
    endloop
  endfacet
  facet normal -0.583613 0.386484 -0.714161
    outer loop
      vertex -19.955950864665638 1.7462711815877805 -5.0867141738057366
      vertex -19.102470337245556 3.6852762761380067 -4.7348430563783612
      vertex -19.102470337245556 1.9481968152281008 -5.674903450203808
    endloop
  endfacet
  facet normal 0 0.475947 -0.879474
    outer loop
      vertex -6.2126376856092209 1.9481968152281008 -5.674903450203808
      vertex -19.102470337245556 1.9481968152281008 -5.674903450203808
      vertex -19.102470337245556 3.6852762761380067 -4.7348430563783612
    endloop
  endfacet
  facet normal 1.90201e-16 0.475947 -0.879474
    outer loop
      vertex -6.2672182148568742 2.1447284917207603 -5.5685458256043612
      vertex -6.2126376856092209 1.9481968152281008 -5.674903450203808
      vertex -19.102470337245556 3.6852762761380067 -4.7348430563783612
    endloop
  endfacet
  facet normal -2.55915e-16 0.475947 -0.879474
    outer loop
      vertex -6.2672182148568742 2.1447284917207603 -5.5685458256043612
      vertex -19.102470337245556 3.6852762761380067 -4.7348430563783612
      vertex -6.1834612174615851 2.3204618630307499 -5.473443680907188
    endloop
  endfacet
  facet normal -0.352631 0.569779 -0.742296
    outer loop
      vertex -6.2672182148568742 2.1447284917207603 -5.5685458256043612
      vertex -6.1834612174615851 2.3204618630307499 -5.473443680907188
      vertex -5.8552849289160989 2.0859748516804171 -5.8093356049082381
    endloop
  endfacet
  facet normal -0.352631 0.569779 -0.742296
    outer loop
      vertex -5.8552849289160989 2.0859748516804171 -5.8093356049082381
      vertex -6.1834612174615851 2.3204618630307499 -5.473443680907188
      vertex -5.4445182700281798 3.0076786994120361 -5.2969809309372078
    endloop
  endfacet
  facet normal -0.693833 0.56053 -0.452108
    outer loop
      vertex -5.8552849289160989 2.0859748516804171 -5.8093356049082381
      vertex -5.4445182700281798 3.0076786994120361 -5.2969809309372078
      vertex -5.2768425072389338 2.8556843582224425 -5.7427514027627842
    endloop
  endfacet
  facet normal -0.693833 0.56053 -0.452108
    outer loop
      vertex -5.8552849289160989 2.0859748516804171 -5.8093356049082381
      vertex -5.2768425072389338 2.8556843582224425 -5.7427514027627842
      vertex -5.3152295590532601 2.7438666963304303 -5.8224735122091493
    endloop
  endfacet
  facet normal -0.693833 0.56053 -0.452108
    outer loop
      vertex -5.2768425072389338 2.8556843582224425 -5.7427514027627842
      vertex -5.4445182700281798 3.0076786994120361 -5.2969809309372078
      vertex -5.1139935124739999 3.0649127509737673 -5.7332649525616084
    endloop
  endfacet
  facet normal -0.789141 0.614213 -2.04041e-17
    outer loop
      vertex -5.2768425072389338 2.8556843582224425 -5.7427514027627842
      vertex -5.1139935124739999 3.0649127509737673 -5.7332649525616084
      vertex -5.2768425072389338 2.855684358222442 -19.110918581718863
    endloop
  endfacet
  facet normal -0.789141 0.614213 9.76313e-18
    outer loop
      vertex -5.1139935124739999 3.0649127509737673 -5.7332649525616084
      vertex -4.9487936320442598 3.2771615616889833 -5.5655760959284102
      vertex -5.2768425072389338 2.855684358222442 -19.110918581718863
    endloop
  endfacet
  facet normal -0.789141 0.614213 -5.76142e-17
    outer loop
      vertex -4.9487936320442598 3.2771615616889833 -5.5655760959284102
      vertex -4.4386027688651675 3.9326547961019851 -5.2452174159815597
      vertex -5.2768425072389338 2.855684358222442 -19.110918581718863
    endloop
  endfacet
  facet normal -0.789141 0.614213 -4.6338e-17
    outer loop
      vertex -4.4386027688651675 3.9326547961019851 -5.2452174159815597
      vertex -4.3321716180978314 4.0693975414033439 -5.0208346197868865
      vertex -5.2768425072389338 2.855684358222442 -19.110918581718863
    endloop
  endfacet
  facet normal -0.789141 0.614213 -9.97332e-18
    outer loop
      vertex -4.3321716180978314 4.0693975414033439 -5.0208346197868865
      vertex -4.0636894297544455 4.4143434640387902 -19.11091858171886
      vertex -5.2768425072389338 2.855684358222442 -19.110918581718863
    endloop
  endfacet
  facet normal -0.789141 0.614213 0
    outer loop
      vertex -4.3321716180978314 4.0693975414033439 -5.0208346197868865
      vertex -4.0636894297544455 4.4143434640387902 -4.4143434640387902
      vertex -4.0636894297544455 4.4143434640387902 -19.11091858171886
    endloop
  endfacet
  facet normal -0.546948 0.837166 0
    outer loop
      vertex -4.0636894297544455 4.4143434640387902 -4.4143434640387902
      vertex -3.949901538505773 4.4886848037258051 -4.7738312900054449
      vertex -4.0636894297544455 4.4143434640387902 -19.11091858171886
    endloop
  endfacet
  facet normal -0.546948 0.837166 -2.72964e-17
    outer loop
      vertex -3.6994673061373788 4.6523016537566093 -5.013842741845262
      vertex -4.0636894297544455 4.4143434640387902 -19.11091858171886
      vertex -3.949901538505773 4.4886848037258051 -4.7738312900054449
    endloop
  endfacet
  facet normal -0.743291 0.519589 -0.421363
    outer loop
      vertex -3.6994673061373788 4.6523016537566093 -5.013842741845262
      vertex -3.949901538505773 4.4886848037258051 -4.7738312900054449
      vertex -3.9476821303365184 4.6128436346441228 -4.6246443595261306
    endloop
  endfacet
  facet normal -0.743291 0.519589 -0.421363
    outer loop
      vertex -3.6994673061373788 4.6523016537566093 -5.013842741845262
      vertex -3.9476821303365184 4.6128436346441228 -4.6246443595261306
      vertex -3.2274279075270944 5.2013275180981369 -5.1695157117893373
    endloop
  endfacet
  facet normal -0.769321 0.596806 -0.227964
    outer loop
      vertex -3.3247635761277436 4.8971078187092676 -5.6374758320674454
      vertex -3.6994673061373788 4.6523016537566093 -5.013842741845262
      vertex -3.2274279075270944 5.2013275180981369 -5.1695157117893373
    endloop
  endfacet
  facet normal -0.563282 0.741372 -0.364802
    outer loop
      vertex -3.3247635761277436 4.8971078187092676 -5.6374758320674454
      vertex -3.2274279075270944 5.2013275180981369 -5.1695157117893373
      vertex -3.019418413352581 5.096599770080851 -5.7035325283356642
    endloop
  endfacet
  facet normal -0.546948 0.837166 9.48897e-17
    outer loop
      vertex -3.3247635761277436 4.8971078187092676 -5.6374758320674454
      vertex -3.019418413352581 5.096599770080851 -5.7035325283356642
      vertex -4.0636894297544455 4.4143434640387902 -19.11091858171886
    endloop
  endfacet
  facet normal -0.546948 0.837166 2.23556e-17
    outer loop
      vertex -3.019418413352581 5.096599770080851 -5.7035325283356642
      vertex -2.4101725479178158 5.4946399599303444 -5.843990599812626
      vertex -4.0636894297544455 4.4143434640387902 -19.11091858171886
    endloop
  endfacet
  facet normal -0.546948 0.837166 5.49246e-17
    outer loop
      vertex -2.4101725479178158 5.4946399599303444 -5.843990599812626
      vertex -2.4101725479178171 5.4946399599303444 -19.11091858171886
      vertex -4.0636894297544455 4.4143434640387902 -19.11091858171886
    endloop
  endfacet
  facet normal -0.539857 0.826313 -0.1605
    outer loop
      vertex -2.3924782117940846 5.4543009367289175 -19.378115294937455
      vertex -4.0636894297544455 4.4143434640387902 -19.11091858171886
      vertex -2.4101725479178171 5.4946399599303444 -19.11091858171886
    endloop
  endfacet
  facet normal -0.242303 0.956833 -0.1605
    outer loop
      vertex -2.3924782117940846 5.4543009367289175 -19.378115294937455
      vertex -2.4101725479178171 5.4946399599303444 -19.11091858171886
      vertex -0.49183852406946094 5.9356082728354425 -19.378115294937455
    endloop
  endfacet
  facet normal -0.145862 0.575996 -0.804334
    outer loop
      vertex -2.3924782117940846 5.4543009367289175 -19.378115294937455
      vertex -0.49183852406946094 5.9356082728354425 -19.378115294937455
      vertex -0.42135866074172929 5.0850428141254325 -20
    endloop
  endfacet
  facet normal 0.0490668 0.592148 -0.804334
    outer loop
      vertex -0.49183852406946094 5.9356082728354425 -19.378115294937455
      vertex 1.2525824163602031 4.9463361018733858 -20
      vertex -0.42135866074172929 5.0850428141254325 -20
    endloop
  endfacet
  facet normal 0.0490668 0.592148 -0.804334
    outer loop
      vertex -0.49183852406946094 5.9356082728354425 -19.378115294937455
      vertex 1.4620994993991088 5.7737003521284542 -19.378115294937455
      vertex 1.2525824163602031 4.9463361018733858 -20
    endloop
  endfacet
  facet normal 0.238679 0.544132 -0.804334
    outer loop
      vertex 1.4620994993991088 5.7737003521284542 -19.378115294937455
      vertex 2.7907867528307735 4.2716171226708761 -20
      vertex 1.2525824163602031 4.9463361018733858 -20
    endloop
  endfacet
  facet normal 0 0 -1
    outer loop
      vertex -2.0496389888990323 -4.672706234898115 -20
      vertex 1.2525824163602031 4.9463361018733858 -20
      vertex 2.7907867528307735 4.2716171226708761 -20
    endloop
  endfacet
  facet normal 0 0 -1
    outer loop
      vertex 2.7907867528307735 4.2716171226708761 -20
      vertex -0.42135866074173078 -5.0850428141254325 -20
      vertex -2.0496389888990323 -4.672706234898115 -20
    endloop
  endfacet
  facet normal 0 0 -1
    outer loop
      vertex 2.7907867528307735 4.2716171226708761 -20
      vertex 1.2525824163602031 -4.9463361018733858 -20
      vertex -0.42135866074173078 -5.0850428141254325 -20
    endloop
  endfacet
  facet normal 0.0490668 -0.592148 -0.804334
    outer loop
      vertex 1.4620994993991088 -5.7737003521284542 -19.378115294937455
      vertex -0.42135866074173078 -5.0850428141254325 -20
      vertex 1.2525824163602031 -4.9463361018733858 -20
    endloop
  endfacet
  facet normal 0.238679 -0.544132 -0.804334
    outer loop
      vertex 1.4620994993991088 -5.7737003521284542 -19.378115294937455
      vertex 1.2525824163602031 -4.9463361018733858 -20
      vertex 3.257596355296545 -4.9861224100767947 -19.378115294937455
    endloop
  endfacet
  facet normal 0.396488 -0.903901 -0.1605
    outer loop
      vertex 1.4620994993991088 -5.7737003521284542 -19.378115294937455
      vertex 3.257596355296545 -4.9861224100767947 -19.378115294937455
      vertex 3.2816889487345593 -5.0229988695751722 -19.110918581718863
    endloop
  endfacet
  facet normal 0.396488 -0.903901 -0.1605
    outer loop
      vertex 1.4620994993991088 -5.7737003521284542 -19.378115294937455
      vertex 3.2816889487345593 -5.0229988695751722 -19.110918581718863
      vertex 1.4729129228447957 -5.8164015956359822 -19.11091858171886
    endloop
  endfacet
  facet normal 0.0815088 -0.983665 -0.1605
    outer loop
      vertex -0.49183852406946238 -5.9356082728354425 -19.378115294937455
      vertex 1.4620994993991088 -5.7737003521284542 -19.378115294937455
      vertex 1.4729129228447957 -5.8164015956359822 -19.11091858171886
    endloop
  endfacet
  facet normal 0.401695 -0.915773 0
    outer loop
      vertex 1.4729129228447957 -5.8164015956359822 -6.3044421507126733
      vertex 1.4729129228447957 -5.8164015956359822 -19.11091858171886
      vertex 3.2816889487345593 -5.0229988695751722 -19.110918581718863
    endloop
  endfacet
  facet normal 0.401695 -0.915773 1.09607e-16
    outer loop
      vertex 1.4729129228447957 -5.8164015956359822 -6.3044421507126733
      vertex 3.2816889487345593 -5.0229988695751722 -19.110918581718863
      vertex 1.8232468575206768 -5.6627308841576367 -6.4771305238592474
    endloop
  endfacet
  facet normal 0.175636 -0.884989 -0.431214
    outer loop
      vertex 1.4729129228447957 -5.8164015956359822 -6.3044421507126733
      vertex 1.8232468575206768 -5.6627308841576367 -6.4771305238592474
      vertex 1.7652618456380562 -5.886455438913142 -6.0415940947087101
    endloop
  endfacet
  facet normal 0.175636 -0.884989 -0.431214
    outer loop
      vertex 0.92245808114038386 -5.8620135842420726 -6.4350349908769884
      vertex 1.4729129228447957 -5.8164015956359822 -6.3044421507126733
      vertex 1.7652618456380562 -5.886455438913142 -6.0415940947087101
    endloop
  endfacet
  facet normal 0.175636 -0.884989 -0.431214
    outer loop
      vertex -0.033903571493186326 -6.1121983894293539 -6.3111072547346971
      vertex 0.92245808114038386 -5.8620135842420726 -6.4350349908769884
      vertex 1.7652618456380562 -5.886455438913142 -6.0415940947087101
    endloop
  endfacet
  facet normal 0.189589 -0.50752 -0.840523
    outer loop
      vertex -0.033903571493186326 -6.1121983894293539 -6.3111072547346971
      vertex 1.7652618456380562 -5.886455438913142 -6.0415940947087101
      vertex 1.4729129228447957 -6.3686145073001708 -5.8164015956359822
    endloop
  endfacet
  facet normal 0.189589 -0.50752 -0.840523
    outer loop
      vertex -0.033903571493186326 -6.1121983894293539 -6.3111072547346971
      vertex 1.4729129228447957 -6.3686145073001708 -5.8164015956359822
      vertex 1.2626112398150118 -6.4183145041018825 -5.8338276899192021
    endloop
  endfacet
  facet normal 0.214297 -0.446707 -0.868637
    outer loop
      vertex -0.04017612965295906 -6.8333781581687107 -5.941779729124339
      vertex -0.033903571493186326 -6.1121983894293539 -6.3111072547346971
      vertex 1.2626112398150118 -6.4183145041018825 -5.8338276899192021
    endloop
  endfacet
  facet normal 0.0825793 -3.89649e-17 -0.996584
    outer loop
      vertex -0.04017612965295906 -6.8333781581687107 -5.941779729124339
      vertex 1.2626112398150118 -6.4183145041018825 -5.8338276899192021
      vertex -0.4954760728339962 -19.102470337245553 -5.9795069580400195
    endloop
  endfacet
  facet normal 0.0825793 0 -0.996584
    outer loop
      vertex -0.4954760728339962 -6.5130607420958304 -5.9795069580400195
      vertex -0.04017612965295906 -6.8333781581687107 -5.941779729124339
      vertex -0.4954760728339962 -19.102470337245553 -5.9795069580400195
    endloop
  endfacet
  facet normal 0.0825793 3.24054e-17 -0.996584
    outer loop
      vertex 1.2626112398150118 -6.4183145041018825 -5.8338276899192021
      vertex 1.4729129228447955 -19.102470337245553 -5.8164015956359822
      vertex -0.4954760728339962 -19.102470337245553 -5.9795069580400195
    endloop
  endfacet
  facet normal -0.238573 -0.441013 -0.865211
    outer loop
      vertex -0.4954760728339962 -6.5130607420958304 -5.9795069580400195
      vertex -0.033903571493186326 -6.1121983894293539 -6.3111072547346971
      vertex -0.04017612965295906 -6.8333781581687107 -5.941779729124339
    endloop
  endfacet
  facet normal -0.238573 -0.441013 -0.865211
    outer loop
      vertex -1.7851958159371941 -5.8264571902310989 -5.973854174141616
      vertex -0.033903571493186326 -6.1121983894293539 -6.3111072547346971
      vertex -0.4954760728339962 -6.5130607420958304 -5.9795069580400195
    endloop
  endfacet
  facet normal -0.238573 -0.441013 -0.865211
    outer loop
      vertex -1.7851958159371941 -5.8264571902310989 -5.973854174141616
      vertex -0.4954760728339962 -6.5130607420958304 -5.9795069580400195
      vertex -0.61199975672550044 -6.5079159852030042 -5.9499991537731942
    endloop
  endfacet
  facet normal -0.236601 -0.437697 -0.867434
    outer loop
      vertex -1.871781781248093 -6.4591675009152913 -5.6309790184924529
      vertex -1.7851958159371941 -5.8264571902310989 -5.973854174141616
      vertex -0.61199975672550044 -6.5079159852030042 -5.9499991537731942
    endloop
  endfacet
  facet normal -0.245485 4.72216e-17 -0.9694
    outer loop
      vertex -1.871781781248093 -6.4591675009152913 -5.6309790184924529
      vertex -0.61199975672550044 -6.5079159852030042 -5.9499991537731942
      vertex -2.4101725479178158 -19.102470337245553 -5.4946399599303453
    endloop
  endfacet
  facet normal -0.568433 -0.330503 -0.753426
    outer loop
      vertex -1.871781781248093 -6.4591675009152913 -5.6309790184924529
      vertex -2.4101725479178158 -5.8439905998126243 -5.4946399599303453
      vertex -1.7851958159371941 -5.8264571902310989 -5.973854174141616
    endloop
  endfacet
  facet normal -0.245485 -3.64382e-16 -0.9694
    outer loop
      vertex -0.61199975672550044 -6.5079159852030042 -5.9499991537731942
      vertex -0.4954760728339962 -6.5130607420958304 -5.9795069580400195
      vertex -2.4101725479178158 -19.102470337245553 -5.4946399599303453
    endloop
  endfacet
  facet normal -0.2145 -0.916672 -0.337197
    outer loop
      vertex -1.7851958159371941 -5.8264571902310989 -5.973854174141616
      vertex -1.0878804193372944 -5.8294898034183698 -6.4091899589603525
      vertex -0.033903571493186326 -6.1121983894293539 -6.3111072547346971
    endloop
  endfacet
  facet normal -0.220635 -0.927381 -0.302134
    outer loop
      vertex -1.0878804193372944 -5.8294898034183698 -6.4091899589603525
      vertex -0.4954760728339962 -5.9795069580400195 -6.3813289132449587
      vertex -0.033903571493186326 -6.1121983894293539 -6.3111072547346971
    endloop
  endfacet
  facet normal -0.220635 -0.927381 -0.302134
    outer loop
      vertex -0.4954760728339962 -5.9795069580400195 -6.3813289132449587
      vertex -0.040110125114284773 -5.9417742598323322 -6.8296811755427465
      vertex -0.033903571493186326 -6.1121983894293539 -6.3111072547346971
    endloop
  endfacet
  facet normal 0.0825793 -0.996584 -1.68866e-16
    outer loop
      vertex -0.4954760728339962 -5.9795069580400195 -6.3813289132449587
      vertex 1.4729129228447957 -5.8164015956359822 -19.11091858171886
      vertex -0.040110125114284773 -5.9417742598323322 -6.8296811755427465
    endloop
  endfacet
  facet normal 0.0825793 -0.996584 3.67514e-17
    outer loop
      vertex -0.040110125114284773 -5.9417742598323322 -6.8296811755427465
      vertex 1.4729129228447957 -5.8164015956359822 -19.11091858171886
      vertex 0.92245808114038386 -5.8620135842420726 -6.4350349908769884
    endloop
  endfacet
  facet normal 0.0825793 -0.996584 0
    outer loop
      vertex -0.4954760728339962 -5.9795069580400195 -6.3813289132449587
      vertex -0.4954760728339962 -5.9795069580400195 -19.11091858171886
      vertex 1.4729129228447957 -5.8164015956359822 -19.11091858171886
    endloop
  endfacet
  facet normal -0.245485 -0.9694 0
    outer loop
      vertex -1.0878804193372944 -5.8294898034183698 -6.4091899589603525
      vertex -0.4954760728339962 -5.9795069580400195 -19.11091858171886
      vertex -0.4954760728339962 -5.9795069580400195 -6.3813289132449587
    endloop
  endfacet
  facet normal -0.245485 -0.9694 -2.16355e-17
    outer loop
      vertex -1.8692496086811374 -5.6316202516733842 -6.4500501523976119
      vertex -0.4954760728339962 -5.9795069580400195 -19.11091858171886
      vertex -1.0878804193372944 -5.8294898034183698 -6.4091899589603525
    endloop
  endfacet
  facet normal -0.2145 -0.916672 -0.337197
    outer loop
      vertex -1.8692496086811374 -5.6316202516733842 -6.4500501523976119
      vertex -1.0878804193372944 -5.8294898034183698 -6.4091899589603525
      vertex -1.7851958159371941 -5.8264571902310989 -5.973854174141616
    endloop
  endfacet
  facet normal 0.0825793 -1.45253e-18 -0.996584
    outer loop
      vertex 1.2626112398150118 -6.4183145041018825 -5.8338276899192021
      vertex 1.4729129228447957 -6.3686145073001708 -5.8164015956359822
      vertex 1.4729129228447955 -19.102470337245553 -5.8164015956359822
    endloop
  endfacet
  facet normal 0.401695 -7.0045e-18 -0.915773
    outer loop
      vertex 1.4729129228447957 -6.3686145073001708 -5.8164015956359822
      vertex 1.8272893850642566 -6.4936705798698107 -5.660957667171485
      vertex 1.4729129228447955 -19.102470337245553 -5.8164015956359822
    endloop
  endfacet
  facet normal 0.401695 -4.91925e-17 -0.915773
    outer loop
      vertex 1.8272893850642566 -6.4936705798698107 -5.660957667171485
      vertex 2.0464446091965995 -6.3508685283448516 -5.5648272730440329
      vertex 1.4729129228447955 -19.102470337245553 -5.8164015956359822
    endloop
  endfacet
  facet normal 0.401695 2.86525e-17 -0.915773
    outer loop
      vertex 2.0464446091965995 -6.3508685283448516 -5.5648272730440329
      vertex 3.2816889487345593 -19.102470337245556 -5.0229988695751722
      vertex 1.4729129228447955 -19.102470337245553 -5.8164015956359822
    endloop
  endfacet
  facet normal 0.326189 -0.583613 -0.743637
    outer loop
      vertex 2.9415502547360903 -19.955950864665638 -4.5023778411526276
      vertex 1.4729129228447955 -19.102470337245553 -5.8164015956359822
      vertex 3.2816889487345593 -19.102470337245556 -5.0229988695751722
    endloop
  endfacet
  facet normal 0.549974 -0.583613 -0.597431
    outer loop
      vertex 2.9415502547360903 -19.955950864665638 -4.5023778411526276
      vertex 3.2816889487345593 -19.102470337245556 -5.0229988695751722
      vertex 4.2440886434394773 -19.955950864665638 -3.3033067844613253
    endloop
  endfacet
  facet normal 0.11165 -0.986319 -0.121284
    outer loop
      vertex 2.9415502547360903 -19.955950864665638 -4.5023778411526276
      vertex 4.2440886434394773 -19.955950864665638 -3.3033067844613253
      vertex 4.0332328930611121 -20 -3.1391911664135677
    endloop
  endfacet
  facet normal 0.144981 -0.986319 -0.0784597
    outer loop
      vertex 4.2440886434394773 -19.955950864665638 -3.3033067844613253
      vertex 4.8339949155178479 -20 -1.6595125506324688
      vertex 4.0332328930611121 -20 -3.1391911664135677
    endloop
  endfacet
  facet normal 0.144981 -0.986319 -0.0784597
    outer loop
      vertex 4.2440886434394773 -19.955950864665638 -3.3033067844613253
      vertex 5.0867141738057358 -19.955950864665638 -1.7462711815877832
      vertex 4.8339949155178479 -20 -1.6595125506324688
    endloop
  endfacet
  facet normal 0.162601 -0.986319 -0.0271333
    outer loop
      vertex 5.0867141738057358 -19.955950864665638 -1.7462711815877832
      vertex 5.110918581718856 -20 1.0007272770504259e-16
      vertex 4.8339949155178479 -20 -1.6595125506324688
    endloop
  endfacet
  facet normal 0 -1 0
    outer loop
      vertex -4.4949187371752304 -20 -2.432528374993828
      vertex 4.8339949155178479 -20 -1.6595125506324688
      vertex 5.110918581718856 -20 1.0007272770504259e-16
    endloop
  endfacet
  facet normal 0 -1 0
    outer loop
      vertex -4.4949187371752304 -20 -2.432528374993828
      vertex 5.110918581718856 -20 1.0007272770504259e-16
      vertex 4.8339949155178488 -20 1.6595125506324662
    endloop
  endfacet
  facet normal 0.162601 -0.986319 0.0271333
    outer loop
      vertex 5.3781152949374524 -19.955950864665638 6.9997749895584462e-17
      vertex 4.8339949155178488 -20 1.6595125506324662
      vertex 5.110918581718856 -20 1.0007272770504259e-16
    endloop
  endfacet
  facet normal 0.162601 -0.986319 0.0271333
    outer loop
      vertex 5.3781152949374524 -19.955950864665638 6.9997749895584462e-17
      vertex 5.0867141738057366 -19.955950864665638 1.7462711815877805
      vertex 4.8339949155178488 -20 1.6595125506324662
    endloop
  endfacet
  facet normal 0.144981 -0.986319 0.0784597
    outer loop
      vertex 5.0867141738057366 -19.955950864665638 1.7462711815877805
      vertex 4.0332328930611121 -20 3.1391911664135681
      vertex 4.8339949155178488 -20 1.6595125506324662
    endloop
  endfacet
  facet normal 0 -1 0
    outer loop
      vertex -5.0412123138494049 -20 0.84122954991620591
      vertex 4.8339949155178488 -20 1.6595125506324662
      vertex 4.0332328930611121 -20 3.1391911664135681
    endloop
  endfacet
  facet normal 0 -1 0
    outer loop
      vertex 4.0332328930611121 -20 3.1391911664135681
      vertex -4.4949187371752304 -20 2.432528374993828
      vertex -5.0412123138494049 -20 0.84122954991620591
    endloop
  endfacet
  facet normal -0.155917 -0.986319 0.0535265
    outer loop
      vertex -4.7299112328596342 -19.955950864665638 2.5596999540782934
      vertex -5.0412123138494049 -20 0.84122954991620591
      vertex -4.4949187371752304 -20 2.432528374993828
    endloop
  endfacet
  facet normal -0.130089 -0.986319 0.101253
    outer loop
      vertex -4.7299112328596342 -19.955950864665638 2.5596999540782934
      vertex -4.4949187371752304 -20 2.432528374993828
      vertex -3.6424983793396732 -19.955950864665638 3.9568080168423658
    endloop
  endfacet
  facet normal -0.640807 -0.583613 0.49876
    outer loop
      vertex -4.7299112328596342 -19.955950864665638 2.5596999540782934
      vertex -3.6424983793396732 -19.955950864665638 3.9568080168423658
      vertex -4.0636894297544455 -19.102470337245553 4.4143434640387902
    endloop
  endfacet
  facet normal -0.640807 -0.583613 0.49876
    outer loop
      vertex -4.7299112328596342 -19.955950864665638 2.5596999540782934
      vertex -4.0636894297544455 -19.102470337245553 4.4143434640387902
      vertex -5.2768425072389338 -19.102470337245556 2.8556843582224425
    endloop
  endfacet
  facet normal -0.768034 -0.583613 0.263666
    outer loop
      vertex -5.3047648121646223 -19.955950864665638 0.8852086834527797
      vertex -4.7299112328596342 -19.955950864665638 2.5596999540782934
      vertex -5.2768425072389338 -19.102470337245556 2.8556843582224425
    endloop
  endfacet
  facet normal -0.789141 -2.74179e-17 0.614213
    outer loop
      vertex -5.1314076595508054 -5.7766763858022454 3.042539054352094
      vertex -5.2768425072389338 -19.102470337245556 2.8556843582224425
      vertex -4.0636894297544455 -19.102470337245553 4.4143434640387902
    endloop
  endfacet
  facet normal -0.789141 2.87073e-16 0.614213
    outer loop
      vertex -5.1314076595508054 -5.7766763858022454 3.042539054352094
      vertex -4.0636894297544455 -19.102470337245553 4.4143434640387902
      vertex -5.0242855798410568 -5.6675458442575444 3.1801695051768113
    endloop
  endfacet
  facet normal -0.615855 -0.309314 0.724602
    outer loop
      vertex -5.1314076595508054 -5.7766763858022454 3.042539054352094
      vertex -5.0242855798410568 -5.6675458442575444 3.1801695051768113
      vertex -5.4008358083515695 -5.3922390634262012 2.9776525176352875
    endloop
  endfacet
  facet normal -0.744027 -0.435987 0.5063
    outer loop
      vertex -5.2768425072389338 -5.7454762800006129 2.8556843582224425
      vertex -5.1314076595508054 -5.7766763858022454 3.042539054352094
      vertex -5.4008358083515695 -5.3922390634262012 2.9776525176352875
    endloop
  endfacet
  facet normal -0.744027 -0.435987 0.5063
    outer loop
      vertex -5.3530585882256814 -5.8732251306242089 2.6336744988633076
      vertex -5.2768425072389338 -5.7454762800006129 2.8556843582224425
      vertex -5.4008358083515695 -5.3922390634262012 2.9776525176352875
    endloop
  endfacet
  facet normal -0.744027 -0.435987 0.5063
    outer loop
      vertex -5.7227765724542543 -5.8781861386768686 2.086088328109335
      vertex -5.3530585882256814 -5.8732251306242089 2.6336744988633076
      vertex -5.4008358083515695 -5.3922390634262012 2.9776525176352875
    endloop
  endfacet
  facet normal -0.401116 -0.735659 0.545813
    outer loop
      vertex -5.7227765724542543 -5.8781861386768686 2.086088328109335
      vertex -5.4008358083515695 -5.3922390634262012 2.9776525176352875
      vertex -5.9028976981732386 -5.1636739549242243 2.9167537306513607
    endloop
  endfacet
  facet normal -0.324626 -0.750722 0.575356
    outer loop
      vertex -5.7227765724542543 -5.8781861386768686 2.086088328109335
      vertex -5.9028976981732386 -5.1636739549242243 2.9167537306513607
      vertex -6.0353606475446364 -5.4946399599303453 2.4101725479178158
    endloop
  endfacet
  facet normal -0.401116 -0.735659 0.545813
    outer loop
      vertex -5.9028976981732386 -5.1636739549242243 2.9167537306513607
      vertex -5.4008358083515695 -5.3922390634262012 2.9776525176352875
      vertex -5.8798181861714793 -5.0708844300369078 3.0587786714359324
    endloop
  endfacet
  facet normal 4.6772e-17 -0.837166 0.546948
    outer loop
      vertex -5.9028976981732386 -5.1636739549242243 2.9167537306513607
      vertex -5.8798181861714793 -5.0708844300369078 3.0587786714359324
      vertex -19.102470337245556 -5.4946399599303453 2.4101725479178158
    endloop
  endfacet
  facet normal -3.93917e-16 -0.837166 0.546948
    outer loop
      vertex -5.8798181861714793 -5.0708844300369078 3.0587786714359324
      vertex -5.7678260767949503 -5.0024463478700438 3.1635309544006551
      vertex -19.102470337245556 -5.4946399599303453 2.4101725479178158
    endloop
  endfacet
  facet normal 1.15754e-17 -0.837166 0.546948
    outer loop
      vertex -5.7678260767949503 -5.0024463478700438 3.1635309544006551
      vertex -5.2246474504477476 -4.5889939612995772 3.7963669430666211
      vertex -19.102470337245556 -5.4946399599303453 2.4101725479178158
    endloop
  endfacet
  facet normal 3.02481e-16 -0.837166 0.546948
    outer loop
      vertex -5.2246474504477476 -4.5889939612995772 3.7963669430666211
      vertex -4.852694546987812 -4.5104748542378008 3.9165493833199667
      vertex -19.102470337245556 -5.4946399599303453 2.4101725479178158
    endloop
  endfacet
  facet normal 1.47893e-15 -0.837166 0.546948
    outer loop
      vertex -4.852694546987812 -4.5104748542378008 3.9165493833199667
      vertex -4.8410808333709516 -4.5030545725921192 3.9279069698860432
      vertex -19.102470337245556 -5.4946399599303453 2.4101725479178158
    endloop
  endfacet
  facet normal 1.07766e-15 -0.837166 0.546948
    outer loop
      vertex -4.8410808333709516 -4.5030545725921192 3.9279069698860432
      vertex -4.3970054375858432 -4.4623006593672336 3.9902854777998726
      vertex -19.102470337245556 -5.4946399599303453 2.4101725479178158
    endloop
  endfacet
  facet normal -7.26664e-16 -0.837166 0.546948
    outer loop
      vertex -4.3970054375858432 -4.4623006593672336 3.9902854777998726
      vertex -4.3715586809597129 -4.4143434640387902 4.0636894297544455
      vertex -19.102470337245556 -5.4946399599303453 2.4101725479178158
    endloop
  endfacet
  facet normal 0 -0.837166 0.546948
    outer loop
      vertex -4.3715586809597129 -4.4143434640387902 4.0636894297544455
      vertex -19.102470337245556 -4.4143434640387902 4.0636894297544455
      vertex -19.102470337245556 -5.4946399599303453 2.4101725479178158
    endloop
  endfacet
  facet normal 0 -0.614213 0.789141
    outer loop
      vertex -4.4405475924104501 -4.1031182285422689 4.3059257538002287
      vertex -19.102470337245556 -4.4143434640387902 4.0636894297544455
      vertex -4.3715586809597129 -4.4143434640387902 4.0636894297544455
    endloop
  endfacet
  facet normal -0.57735 -0.57735 0.57735
    outer loop
      vertex -4.4405475924104501 -4.1031182285422689 4.3059257538002287
      vertex -4.3715586809597129 -4.4143434640387902 4.0636894297544455
      vertex -4.0909478278476898 -4.3793218734526285 4.3793218734526285
    endloop
  endfacet
  facet normal -0.57735 -0.57735 0.57735
    outer loop
      vertex -4.4405475924104501 -4.1031182285422689 4.3059257538002287
      vertex -4.0909478278476898 -4.3793218734526285 4.3793218734526285
      vertex -4.3059257538002278 -4.1031182285422689 4.4405475924104509
    endloop
  endfacet
  facet normal -0.145829 -0.978503 0.145829
    outer loop
      vertex -4.4405475924104501 -4.1031182285422689 4.3059257538002287
      vertex -4.3059257538002278 -4.1031182285422689 4.4405475924104509
      vertex -4.569724779051846 -4.0480296322568439 4.5463894556496838
    endloop
  endfacet
  facet normal -0.145829 -0.978503 0.145829
    outer loop
      vertex -4.4405475924104501 -4.1031182285422689 4.3059257538002287
      vertex -4.569724779051846 -4.0480296322568439 4.5463894556496838
      vertex -4.6643590885571617 -4.0407195354662786 4.5008054188835462
    endloop
  endfacet
  facet normal -0.145829 -0.978503 0.145829
    outer loop
      vertex -4.8584830341439211 -4.0326591294687928 4.3607662718832403
      vertex -4.4405475924104501 -4.1031182285422689 4.3059257538002287
      vertex -4.6643590885571617 -4.0407195354662786 4.5008054188835462
    endloop
  endfacet
  facet normal -0.145829 -0.978503 0.145829
    outer loop
      vertex -4.8584830341439211 -4.0326591294687928 4.3607662718832403
      vertex -4.6643590885571617 -4.0407195354662786 4.5008054188835462
      vertex -4.8584830341439211 -4.0226415492912944 4.4279835815811213
    endloop
  endfacet
  facet normal 0.379107 -0.915245 0.136401
    outer loop
      vertex -4.9394033347307396 -4.0705756070884167 4.3312546927701625
      vertex -4.8584830341439211 -4.0326591294687928 4.3607662718832403
      vertex -4.8584830341439211 -4.0226415492912944 4.4279835815811213
    endloop
  endfacet
  facet normal -0.297854 -0.73249 0.612161
    outer loop
      vertex -5.5442610658035445 -3.366898527407308 4.8789485480749279
      vertex -4.9394033347307396 -4.0705756070884167 4.3312546927701625
      vertex -4.8584830341439211 -4.0226415492912944 4.4279835815811213
    endloop
  endfacet
  facet normal -3.4445e-17 -0.614213 0.789141
    outer loop
      vertex -5.5442610658035445 -3.366898527407308 4.8789485480749279
      vertex -19.102470337245556 -4.4143434640387902 4.0636894297544455
      vertex -4.9394033347307396 -4.0705756070884167 4.3312546927701625
    endloop
  endfacet
  facet normal 1.29727e-16 -0.614213 0.789141
    outer loop
      vertex -5.5442610658035445 -3.366898527407308 4.8789485480749279
      vertex -5.8263117086147655 -3.0649127509737668 5.1139935124740008
      vertex -19.102470337245556 -4.4143434640387902 4.0636894297544455
    endloop
  endfacet
  facet normal -2.24815e-16 -0.614213 0.789141
    outer loop
      vertex -5.8263117086147655 -3.0649127509737668 5.1139935124740008
      vertex -5.7894119296456443 -2.8556843582224425 5.2768425072389338
      vertex -19.102470337245556 -4.4143434640387902 4.0636894297544455
    endloop
  endfacet
  facet normal 0 -0.614213 0.789141
    outer loop
      vertex -5.7894119296456443 -2.8556843582224425 5.2768425072389338
      vertex -19.102470337245553 -2.8556843582224425 5.2768425072389338
      vertex -19.102470337245556 -4.4143434640387902 4.0636894297544455
    endloop
  endfacet
  facet normal -0.583613 -0.49876 0.640807
    outer loop
      vertex -19.955950864665638 -2.5596999540782934 4.7299112328596342
      vertex -19.102470337245556 -4.4143434640387902 4.0636894297544455
      vertex -19.102470337245553 -2.8556843582224425 5.2768425072389338
    endloop
  endfacet
  facet normal -0.583613 -0.49876 0.640807
    outer loop
      vertex -19.955950864665638 -3.9568080168423658 3.6424983793396732
      vertex -19.102470337245556 -4.4143434640387902 4.0636894297544455
      vertex -19.955950864665638 -2.5596999540782934 4.7299112328596342
    endloop
  endfacet
  facet normal 0 -0.324699 0.945817
    outer loop
      vertex -5.7894119296456443 -2.8556843582224425 5.2768425072389338
      vertex -5.9691165027415627 -2.4749232611704493 5.4075579569639531
      vertex -19.102470337245553 -2.8556843582224425 5.2768425072389338
    endloop
  endfacet
  facet normal -4.63399e-17 -0.324699 0.945817
    outer loop
      vertex -6.7375570230850883 -1.1168909062157872 5.8737710532950231
      vertex -19.102470337245553 -2.8556843582224425 5.2768425072389338
      vertex -5.9691165027415627 -2.4749232611704493 5.4075579569639531
    endloop
  endfacet
  facet normal -0.413669 -0.496137 0.763365
    outer loop
      vertex -6.7375570230850883 -1.1168909062157872 5.8737710532950231
      vertex -5.9691165027415627 -2.4749232611704493 5.4075579569639531
      vertex -6.0784341458131115 -1.0714354466323905 6.2604942952875113
    endloop
  endfacet
  facet normal -0.506051 -1.6096e-15 0.862503
    outer loop
      vertex -6.7375570230850883 -1.1168909062157872 5.8737710532950231
      vertex -6.0784341458131115 -1.0714354466323905 6.2604942952875113
      vertex -6.661888116463901 -0.98756754168440486 5.9181678204163344
    endloop
  endfacet
  facet normal -0.506051 0 0.862503
    outer loop
      vertex -6.661888116463901 -0.98756754168440486 5.9181678204163344
      vertex -6.0784341458131115 -1.0714354466323905 6.2604942952875113
      vertex -6.661888116463901 0.98756754168440486 5.9181678204163344
    endloop
  endfacet
  facet normal 0 -0 1
    outer loop
      vertex -6.661888116463901 -0.98756754168440486 5.9181678204163344
      vertex -6.661888116463901 0.98756754168440486 5.9181678204163344
      vertex -19.102470337245556 -0.98756754168440486 5.9181678204163344
    endloop
  endfacet
  facet normal 0 -0.324699 0.945817
    outer loop
      vertex -6.661888116463901 -0.98756754168440486 5.9181678204163344
      vertex -19.102470337245556 -0.98756754168440486 5.9181678204163344
      vertex -19.102470337245553 -2.8556843582224425 5.2768425072389338
    endloop
  endfacet
  facet normal -0.583613 -0.263666 0.768034
    outer loop
      vertex -19.955950864665638 -0.88520868345277981 5.3047648121646223
      vertex -19.102470337245553 -2.8556843582224425 5.2768425072389338
      vertex -19.102470337245556 -0.98756754168440486 5.9181678204163344
    endloop
  endfacet
  facet normal -0.583613 0 0.812032
    outer loop
      vertex -19.955950864665638 -0.88520868345277981 5.3047648121646223
      vertex -19.102470337245556 -0.98756754168440486 5.9181678204163344
      vertex -19.955950864665638 0.88520868345277981 5.3047648121646223
    endloop
  endfacet
  facet normal -0.583613 0 0.812032
    outer loop
      vertex -19.955950864665638 0.88520868345277981 5.3047648121646223
      vertex -19.102470337245556 -0.98756754168440486 5.9181678204163344
      vertex -19.102470337245556 0.98756754168440486 5.9181678204163344
    endloop
  endfacet
  facet normal -0.583613 0.263666 0.768034
    outer loop
      vertex -19.955950864665638 2.5596999540782934 4.7299112328596342
      vertex -19.955950864665638 0.88520868345277981 5.3047648121646223
      vertex -19.102470337245556 0.98756754168440486 5.9181678204163344
    endloop
  endfacet
  facet normal -0.583613 0.263666 0.768034
    outer loop
      vertex -19.955950864665638 2.5596999540782934 4.7299112328596342
      vertex -19.102470337245556 0.98756754168440486 5.9181678204163344
      vertex -19.102470337245556 2.8556843582224425 5.2768425072389338
    endloop
  endfacet
  facet normal -0.583613 0.49876 0.640807
    outer loop
      vertex -19.955950864665638 2.5596999540782934 4.7299112328596342
      vertex -19.102470337245556 2.8556843582224425 5.2768425072389338
      vertex -19.102470337245556 4.4143434640387902 4.0636894297544455
    endloop
  endfacet
  facet normal -0.583613 0.49876 0.640807
    outer loop
      vertex -19.955950864665638 2.5596999540782934 4.7299112328596342
      vertex -19.102470337245556 4.4143434640387902 4.0636894297544455
      vertex -19.955950864665638 3.9568080168423658 3.6424983793396728
    endloop
  endfacet
  facet normal -0.986319 0.101253 0.130089
    outer loop
      vertex -19.955950864665638 2.5596999540782934 4.7299112328596342
      vertex -19.955950864665638 3.9568080168423658 3.6424983793396728
      vertex -20 3.7602250060741729 3.4615309694777499
    endloop
  endfacet
  facet normal -0.986319 0.101253 0.130089
    outer loop
      vertex -19.955950864665638 2.5596999540782934 4.7299112328596342
      vertex -20 3.7602250060741729 3.4615309694777499
      vertex -20 2.432528374993828 4.4949187371752304
    endloop
  endfacet
  facet normal -0.986319 0.138006 0.0901641
    outer loop
      vertex -19.955950864665638 3.9568080168423658 3.6424983793396728
      vertex -20 4.6804429118438247 2.0530326100503085
      vertex -20 3.7602250060741729 3.4615309694777499
    endloop
  endfacet
  facet normal -1 0 0
    outer loop
      vertex -20 3.1391911664135685 -4.0332328930611121
      vertex -20 3.7602250060741729 3.4615309694777499
      vertex -20 4.6804429118438247 2.0530326100503085
    endloop
  endfacet
  facet normal -1 0 0
    outer loop
      vertex -20 4.6804429118438247 2.0530326100503085
      vertex -20 4.2786897097440919 -2.7954075045848148
      vertex -20 3.1391911664135685 -4.0332328930611121
    endloop
  endfacet
  facet normal -0.986319 0.121284 -0.11165
    outer loop
      vertex -19.955950864665638 4.5023778411526267 -2.9415502547360921
      vertex -20 3.1391911664135685 -4.0332328930611121
      vertex -20 4.2786897097440919 -2.7954075045848148
    endloop
  endfacet
  facet normal -0.986319 0.150965 -0.0662193
    outer loop
      vertex -19.955950864665638 4.5023778411526267 -2.9415502547360921
      vertex -20 4.2786897097440919 -2.7954075045848148
      vertex -19.955950864665638 5.2135463971647473 -1.3202492530771039
    endloop
  endfacet
  facet normal -0.583613 0.743637 -0.326189
    outer loop
      vertex -19.955950864665638 4.5023778411526267 -2.9415502547360921
      vertex -19.955950864665638 5.2135463971647473 -1.3202492530771039
      vertex -19.102470337245556 5.8164015956359822 -1.4729129228447955
    endloop
  endfacet
  facet normal -0.583613 0.743637 -0.326189
    outer loop
      vertex -19.955950864665638 4.5023778411526267 -2.9415502547360921
      vertex -19.102470337245556 5.8164015956359822 -1.4729129228447955
      vertex -19.102470337245556 5.0229988695751713 -3.2816889487345611
    endloop
  endfacet
  facet normal -0.583613 0.597431 -0.549974
    outer loop
      vertex -19.955950864665638 3.3033067844613258 -4.2440886434394773
      vertex -19.955950864665638 4.5023778411526267 -2.9415502547360921
      vertex -19.102470337245556 5.0229988695751713 -3.2816889487345611
    endloop
  endfacet
  facet normal 0 0.915773 -0.401695
    outer loop
      vertex -5.3884371292904145 5.0229988695751713 -3.2816889487345611
      vertex -19.102470337245556 5.0229988695751713 -3.2816889487345611
      vertex -19.102470337245556 5.8164015956359822 -1.4729129228447955
    endloop
  endfacet
  facet normal 1.44767e-16 0.915773 -0.401695
    outer loop
      vertex -5.888262815890922 5.1136893698263926 -3.0749354334740322
      vertex -5.3884371292904145 5.0229988695751713 -3.2816889487345611
      vertex -19.102470337245556 5.8164015956359822 -1.4729129228447955
    endloop
  endfacet
  facet normal -8.80839e-17 0.915773 -0.401695
    outer loop
      vertex -5.888262815890922 5.1136893698263926 -3.0749354334740322
      vertex -19.102470337245556 5.8164015956359822 -1.4729129228447955
      vertex -6.2613929081081245 5.478367462388495 -2.2435531236746815
    endloop
  endfacet
  facet normal -0.312433 0.810362 -0.49568
    outer loop
      vertex -5.888262815890922 5.1136893698263926 -3.0749354334740322
      vertex -6.2613929081081245 5.478367462388495 -2.2435531236746815
      vertex -5.4654867528147681 5.3418418861515757 -2.968421005348354
    endloop
  endfacet
  facet normal -0.3221 0.801056 -0.504541
    outer loop
      vertex -5.4654867528147681 5.3418418861515757 -2.968421005348354
      vertex -6.2613929081081245 5.478367462388495 -2.2435531236746815
      vertex -5.8624582402024794 5.751822880947568 -2.0640706262461577
    endloop
  endfacet
  facet normal -0.729817 0.442617 -0.521016
    outer loop
      vertex -5.4654867528147681 5.3418418861515757 -2.968421005348354
      vertex -5.8624582402024794 5.751822880947568 -2.0640706262461577
      vertex -5.2768425072389338 5.7855970995652717 -2.8556843582224425
    endloop
  endfacet
  facet normal -0.729817 0.442617 -0.521016
    outer loop
      vertex -5.4654867528147681 5.3418418861515757 -2.968421005348354
      vertex -5.2768425072389338 5.7855970995652717 -2.8556843582224425
      vertex -5.1379102653466946 5.8045609397938946 -3.0341845062547401
    endloop
  endfacet
  facet normal -0.593736 0.3151 -0.740399
    outer loop
      vertex -5.4654867528147681 5.3418418861515757 -2.968421005348354
      vertex -5.1379102653466946 5.8045609397938946 -3.0341845062547401
      vertex -5.0263979875587221 5.678033425795042 -3.1774554836856717
    endloop
  endfacet
  facet normal -0.593736 0.3151 -0.740399
    outer loop
      vertex -5.4654867528147681 5.3418418861515757 -2.968421005348354
      vertex -5.0263979875587221 5.678033425795042 -3.1774554836856717
      vertex -4.8178671419461194 4.8978233577311272 -3.6767220767901563
    endloop
  endfacet
  facet normal -0.357249 0.608831 -0.708306
    outer loop
      vertex -5.3863336814558185 5.019827232315639 -3.285134265225631
      vertex -5.4654867528147681 5.3418418861515757 -2.968421005348354
      vertex -4.8178671419461194 4.8978233577311272 -3.6767220767901563
    endloop
  endfacet
  facet normal -0.357249 0.608831 -0.708306
    outer loop
      vertex -5.196949970623101 4.5985347761054003 -3.7427798684805258
      vertex -5.3863336814558185 5.019827232315639 -3.285134265225631
      vertex -4.8178671419461194 4.8978233577311272 -3.6767220767901563
    endloop
  endfacet
  facet normal -0.305974 0.557832 -0.771495
    outer loop
      vertex -5.132339155768217 4.5279896360091865 -3.819412318741922
      vertex -5.196949970623101 4.5985347761054003 -3.7427798684805258
      vertex -4.8178671419461194 4.8978233577311272 -3.6767220767901563
    endloop
  endfacet
  facet normal -0.305974 0.557832 -0.771495
    outer loop
      vertex -5.132339155768217 4.5279896360091865 -3.819412318741922
      vertex -4.8178671419461194 4.8978233577311272 -3.6767220767901563
      vertex -4.837293642874072 4.498165886959625 -3.9579911410385971
    endloop
  endfacet
  facet normal -0.291105 0.596303 -0.748118
    outer loop
      vertex -5.132339155768217 4.5279896360091865 -3.819412318741922
      vertex -4.837293642874072 4.498165886959625 -3.9579911410385971
      vertex -4.8843145759260702 4.4827027953728544 -3.9520196954075821
    endloop
  endfacet
  facet normal -0.291105 0.596303 -0.748118
    outer loop
      vertex -5.0014297384468982 4.351862867771592 -4.0107369909767492
      vertex -5.132339155768217 4.5279896360091865 -3.819412318741922
      vertex -4.8843145759260702 4.4827027953728544 -3.9520196954075821
    endloop
  endfacet
  facet normal 0.381693 0.0718839 -0.921489
    outer loop
      vertex -5.0014297384468982 4.351862867771592 -4.0107369909767492
      vertex -4.8843145759260702 4.4827027953728544 -3.9520196954075821
      vertex -4.8843145759260702 4.3999751279996184 -3.9584731442559256
    endloop
  endfacet
  facet normal 1.0157e-16 0.735724 -0.677282
    outer loop
      vertex -5.0014297384468982 4.351862867771592 -4.0107369909767492
      vertex -4.8843145759260702 4.3999751279996184 -3.9584731442559256
      vertex -4.4451118936977503 4.3334819462411263 -4.0307039944162621
    endloop
  endfacet
  facet normal 6.90444e-16 0.735724 -0.677282
    outer loop
      vertex -5.0014297384468982 4.351862867771592 -4.0107369909767492
      vertex -4.4451118936977503 4.3334819462411263 -4.0307039944162621
      vertex -4.4163482153067708 3.9960657843766163 -4.3972356535242918
    endloop
  endfacet
  facet normal 1.3821e-16 0.735724 -0.677282
    outer loop
      vertex -5.0014297384468982 4.351862867771592 -4.0107369909767492
      vertex -4.4163482153067708 3.9960657843766163 -4.3972356535242918
      vertex -19.102470337245556 5.0229988695751713 -3.2816889487345611
    endloop
  endfacet
  facet normal -6.80346e-16 0.735724 -0.677282
    outer loop
      vertex -4.9653418045907332 3.9582574458136324 -4.4383064575575997
      vertex -19.102470337245556 5.0229988695751713 -3.2816889487345611
      vertex -4.4163482153067708 3.9960657843766163 -4.3972356535242918
    endloop
  endfacet
  facet normal -2.62129e-15 0.735724 -0.677282
    outer loop
      vertex -4.9653418045907332 3.9582574458136324 -4.4383064575575997
      vertex -4.4163482153067708 3.9960657843766163 -4.3972356535242918
      vertex -4.8843145759260702 3.9247512817417456 -4.4747038542909143
    endloop
  endfacet
  facet normal 0.382683 0.923879 0.00143194
    outer loop
      vertex -4.9410439265443546 3.9482371893480668 -4.4668590468668361
      vertex -4.9653418045907332 3.9582574458136324 -4.4383064575575997
      vertex -4.8843145759260702 3.9247512817417456 -4.4747038542909143
    endloop
  endfacet
  facet normal 0.382683 0.923879 0.00143194
    outer loop
      vertex -4.8843145759260702 3.9248600524889738 -4.5448822647630553
      vertex -4.9410439265443546 3.9482371893480668 -4.4668590468668361
      vertex -4.8843145759260702 3.9247512817417456 -4.4747038542909143
    endloop
  endfacet
  facet normal -0.150901 0.988548 0.00153217
    outer loop
      vertex -4.8843145759260702 3.9248600524889738 -4.5448822647630553
      vertex -4.8843145759260702 3.9247512817417456 -4.4747038542909143
      vertex -4.5640691374324467 3.9739536440890317 -4.6793815426503205
    endloop
  endfacet
  facet normal -0.326834 0.813331 -0.481324
    outer loop
      vertex -4.6960583643141458 3.8223134667110155 -4.8459952776328761
      vertex -4.8843145759260702 3.9248600524889738 -4.5448822647630553
      vertex -4.5640691374324467 3.9739536440890317 -4.6793815426503205
    endloop
  endfacet
  facet normal -0.605268 0.765747 -0.217444
    outer loop
      vertex -4.6960583643141458 3.8223134667110155 -4.8459952776328761
      vertex -4.5640691374324467 3.9739536440890317 -4.6793815426503205
      vertex -4.4987485626253276 3.9841509143283251 -4.8252946685837301
    endloop
  endfacet
  facet normal -0.605268 0.765747 -0.217444
    outer loop
      vertex -4.6960583643141458 3.8223134667110155 -4.8459952776328761
      vertex -4.4987485626253276 3.9841509143283251 -4.8252946685837301
      vertex -4.4809058403403856 3.9936259345002871 -4.8415938630703197
    endloop
  endfacet
  facet normal -0.610407 0.771252 -0.180481
    outer loop
      vertex -4.6960583643141458 3.8223134667110155 -4.8459952776328761
      vertex -4.4809058403403856 3.9936259345002871 -4.8415938630703197
      vertex -4.40985437566236 4.0181594760596413 -4.9770588522267616
    endloop
  endfacet
  facet normal -0.610407 0.771252 -0.180481
    outer loop
      vertex -4.4386027688651675 3.9326547961019851 -5.2452174159815597
      vertex -4.6960583643141458 3.8223134667110155 -4.8459952776328761
      vertex -4.40985437566236 4.0181594760596413 -4.9770588522267616
    endloop
  endfacet
  facet normal -0.610407 0.771252 -0.180481
    outer loop
      vertex -4.40985437566236 4.0181594760596413 -4.9770588522267616
      vertex -4.4809058403403856 3.9936259345002871 -4.8415938630703197
      vertex -4.3926161091006444 4.0431424963009812 -4.9286002544879892
    endloop
  endfacet
  facet normal 0.688343 0.515305 -0.510533
    outer loop
      vertex -4.40985437566236 4.0181594760596413 -4.9770588522267616
      vertex -4.3926161091006444 4.0431424963009812 -4.9286002544879892
      vertex -4.3779337650869579 4.0106023337497412 -4.9416485993657346
    endloop
  endfacet
  facet normal -0.300655 0.840662 0.450437
    outer loop
      vertex -4.3321716180978314 4.0693975414033439 -5.0208346197868865
      vertex -4.40985437566236 4.0181594760596413 -4.9770588522267616
      vertex -4.3779337650869579 4.0106023337497412 -4.9416485993657346
    endloop
  endfacet
  facet normal -0.789141 0.614213 4.05617e-15
    outer loop
      vertex -4.3321716180978314 4.0693975414033439 -5.0208346197868865
      vertex -4.3779337650869579 4.0106023337497412 -4.9416485993657346
      vertex -4.3598951191903357 4.0337783864715178 -4.8939347201531733
    endloop
  endfacet
  facet normal 0.688343 0.515305 -0.510533
    outer loop
      vertex -4.3779337650869579 4.0106023337497412 -4.9416485993657346
      vertex -4.3926161091006444 4.0431424963009812 -4.9286002544879892
      vertex -4.3598951191903357 4.0337783864715178 -4.8939347201531733
    endloop
  endfacet
  facet normal -0.139647 0.914827 0.378934
    outer loop
      vertex -4.3926161091006444 4.0431424963009812 -4.9286002544879892
      vertex -4.3850080575522901 4.0015132826044706 -4.8252946685837301
      vertex -4.3598951191903357 4.0337783864715178 -4.8939347201531733
    endloop
  endfacet
  facet normal -0.789141 0.614213 2.63283e-16
    outer loop
      vertex -4.3850080575522901 4.0015132826044706 -4.8252946685837301
      vertex -4.0636894297544455 4.4143434640387902 -4.4143434640387902
      vertex -4.3598951191903357 4.0337783864715178 -4.8939347201531733
    endloop
  endfacet
  facet normal -0.789141 0.614213 -1.18991e-15
    outer loop
      vertex -4.3850080575522901 4.0015132826044706 -4.8252946685837301
      vertex -4.3855578942923508 4.0008068523463995 -4.4236615140132658
      vertex -4.0636894297544455 4.4143434640387902 -4.4143434640387902
    endloop
  endfacet
  facet normal -0.789141 0.614213 6.40575e-15
    outer loop
      vertex -4.3855578942923508 4.0008068523463995 -4.4236615140132658
      vertex -4.1140392338772109 4.3496540343793892 -4.3496540343793892
      vertex -4.0636894297544455 4.4143434640387902 -4.4143434640387902
    endloop
  endfacet
  facet normal -0.789141 0 -0.614213
    outer loop
      vertex -4.1140392338772109 4.3496540343793892 -4.3496540343793892
      vertex -4.0636894297544455 19.110918581718863 -4.4143434640387902
      vertex -4.0636894297544455 4.4143434640387902 -4.4143434640387902
    endloop
  endfacet
  facet normal -0.546948 0 -0.837166
    outer loop
      vertex -4.0636894297544455 4.4143434640387902 -4.4143434640387902
      vertex -4.0636894297544455 19.110918581718863 -4.4143434640387902
      vertex -3.9499229906188216 4.7740872192412294 -4.4886707883608512
    endloop
  endfacet
  facet normal -0.546948 1.56619e-15 -0.837166
    outer loop
      vertex -4.0636894297544455 4.4143434640387902 -4.4143434640387902
      vertex -3.9499229906188216 4.7740872192412294 -4.4886707883608512
      vertex -3.927241353258883 4.5034894416387115 -4.5034894416387115
    endloop
  endfacet
  facet normal -0.992228 -0.0879875 0.0879875
    outer loop
      vertex -3.927241353258883 4.5034894416387115 -4.5034894416387115
      vertex -3.9499229906188216 4.7740872192412294 -4.4886707883608512
      vertex -3.9476821303365184 4.6128436346441228 -4.6246443595261306
    endloop
  endfacet
  facet normal -0.546948 -5.39092e-18 -0.837166
    outer loop
      vertex -3.9499229906188216 4.7740872192412294 -4.4886707883608512
      vertex -4.0636894297544455 19.110918581718863 -4.4143434640387902
      vertex -2.4101725479178158 19.110918581718863 -5.4946399599303453
    endloop
  endfacet
  facet normal -0.546948 -5.02902e-17 -0.837166
    outer loop
      vertex -3.9499229906188216 4.7740872192412294 -4.4886707883608512
      vertex -2.4101725479178158 19.110918581718863 -5.4946399599303453
      vertex -3.6630729944193932 5.0443975419975304 -4.6760792443280792
    endloop
  endfacet
  facet normal -0.74096 0.426874 -0.518418
    outer loop
      vertex -3.9499229906188216 4.7740872192412294 -4.4886707883608512
      vertex -3.6630729944193932 5.0443975419975304 -4.6760792443280792
      vertex -3.2274279075270944 5.2013275180981369 -5.1695157117893373
    endloop
  endfacet
  facet normal -0.765085 0.211202 -0.608308
    outer loop
      vertex -3.2274279075270944 5.2013275180981369 -5.1695157117893373
      vertex -3.6630729944193932 5.0443975419975304 -4.6760792443280792
      vertex -3.3237446126187185 5.6350959848692197 -4.8977735407955274
    endloop
  endfacet
  facet normal -0.539031 0.357954 -0.76244
    outer loop
      vertex -3.2274279075270944 5.2013275180981369 -5.1695157117893373
      vertex -3.3237446126187185 5.6350959848692197 -4.8977735407955274
      vertex -2.4101725479178158 5.7394916195397219 -5.4946399599303453
    endloop
  endfacet
  facet normal -0.539031 0.357954 -0.76244
    outer loop
      vertex -3.2274279075270944 5.2013275180981369 -5.1695157117893373
      vertex -2.4101725479178158 5.7394916195397219 -5.4946399599303453
      vertex -1.7851958159371943 5.9738541741416151 -5.8264571902310989
    endloop
  endfacet
  facet normal -0.539031 0.357954 -0.76244
    outer loop
      vertex -2.4101725479178158 5.7394916195397219 -5.4946399599303453
      vertex -2.2642882016227412 5.8804855590459697 -5.5315828936954414
      vertex -1.7851958159371943 5.9738541741416151 -5.8264571902310989
    endloop
  endfacet
  facet normal -0.542279 0.234402 -0.806839
    outer loop
      vertex -2.2642882016227412 5.8804855590459697 -5.5315828936954414
      vertex -1.8692496086811379 6.450050152397611 -5.6316202516733842
      vertex -1.7851958159371943 5.9738541741416151 -5.8264571902310989
    endloop
  endfacet
  facet normal -0.2145 0.337197 -0.916672
    outer loop
      vertex -1.7851958159371943 5.9738541741416151 -5.8264571902310989
      vertex -1.8692496086811379 6.450050152397611 -5.6316202516733842
      vertex -1.0878804193373455 6.4091899589603569 -5.8294898034183564
    endloop
  endfacet
  facet normal -0.2145 0.337197 -0.916672
    outer loop
      vertex -1.7851958159371943 5.9738541741416151 -5.8264571902310989
      vertex -1.0878804193373455 6.4091899589603569 -5.8294898034183564
      vertex -0.03390357149318711 6.311107254734698 -6.1121983894293548
    endloop
  endfacet
  facet normal -0.238573 0.865211 -0.441013
    outer loop
      vertex -1.7851958159371943 5.9738541741416151 -5.8264571902310989
      vertex -0.03390357149318711 6.311107254734698 -6.1121983894293548
      vertex -0.4954760728339947 5.9795069580400195 -6.513060742095834
    endloop
  endfacet
  facet normal -0.238573 0.865211 -0.441013
    outer loop
      vertex -1.7851958159371943 5.9738541741416151 -5.8264571902310989
      vertex -0.4954760728339947 5.9795069580400195 -6.513060742095834
      vertex -0.61199975672549511 5.9499991537731951 -6.5079159852030086
    endloop
  endfacet
  facet normal -0.236601 0.867434 -0.437697
    outer loop
      vertex -1.8717817812480935 5.630979018492452 -6.4591675009152913
      vertex -1.7851958159371943 5.9738541741416151 -5.8264571902310989
      vertex -0.61199975672549511 5.9499991537731951 -6.5079159852030086
    endloop
  endfacet
  facet normal -0.245485 0.9694 7.58412e-17
    outer loop
      vertex -1.8717817812480935 5.630979018492452 -6.4591675009152913
      vertex -0.61199975672549511 5.9499991537731951 -6.5079159852030086
      vertex -2.4101725479178171 5.4946399599303444 -19.11091858171886
    endloop
  endfacet
  facet normal -0.568433 0.753426 -0.330503
    outer loop
      vertex -1.8717817812480935 5.630979018492452 -6.4591675009152913
      vertex -2.4101725479178158 5.4946399599303444 -5.843990599812626
      vertex -1.7851958159371943 5.9738541741416151 -5.8264571902310989
    endloop
  endfacet
  facet normal -0.245485 0.9694 -2.77656e-16
    outer loop
      vertex -0.61199975672549511 5.9499991537731951 -6.5079159852030086
      vertex -0.4954760728339947 5.9795069580400195 -6.513060742095834
      vertex -2.4101725479178171 5.4946399599303444 -19.11091858171886
    endloop
  endfacet
  facet normal -0.245485 0.9694 0
    outer loop
      vertex -0.4954760728339947 5.9795069580400195 -6.513060742095834
      vertex -0.4954760728339947 5.9795069580400195 -19.110918581718867
      vertex -2.4101725479178171 5.4946399599303444 -19.11091858171886
    endloop
  endfacet
  facet normal 0.0825793 0.996584 0
    outer loop
      vertex -0.4954760728339947 5.9795069580400195 -6.513060742095834
      vertex -0.040176129652959837 5.941779729124339 -6.8333781581687134
      vertex -0.4954760728339947 5.9795069580400195 -19.110918581718867
    endloop
  endfacet
  facet normal 0.0825793 0.996584 -2.18752e-18
    outer loop
      vertex -0.040176129652959837 5.941779729124339 -6.8333781581687134
      vertex 1.2626112398150091 5.833827689919203 -6.4183145041018816
      vertex -0.4954760728339947 5.9795069580400195 -19.110918581718867
    endloop
  endfacet
  facet normal 0.0825793 0.996584 -1.71414e-16
    outer loop
      vertex 1.2626112398150091 5.833827689919203 -6.4183145041018816
      vertex 1.4729129228447957 5.8164015956359822 -6.368614507300169
      vertex -0.4954760728339947 5.9795069580400195 -19.110918581718867
    endloop
  endfacet
  facet normal 0.0825793 0.996584 0
    outer loop
      vertex 1.4729129228447957 5.8164015956359822 -6.368614507300169
      vertex 1.4729129228447957 5.8164015956359822 -19.11091858171886
      vertex -0.4954760728339947 5.9795069580400195 -19.110918581718867
    endloop
  endfacet
  facet normal 0.0815088 0.983665 -0.1605
    outer loop
      vertex 1.4620994993991088 5.7737003521284542 -19.378115294937455
      vertex -0.4954760728339947 5.9795069580400195 -19.110918581718867
      vertex 1.4729129228447957 5.8164015956359822 -19.11091858171886
    endloop
  endfacet
  facet normal 0.396488 0.903901 -0.1605
    outer loop
      vertex 3.2575963552965463 4.9861224100767938 -19.378115294937455
      vertex 1.4620994993991088 5.7737003521284542 -19.378115294937455
      vertex 1.4729129228447957 5.8164015956359822 -19.11091858171886
    endloop
  endfacet
  facet normal 0.396488 0.903901 -0.1605
    outer loop
      vertex 3.2575963552965463 4.9861224100767938 -19.378115294937455
      vertex 1.4729129228447957 5.8164015956359822 -19.11091858171886
      vertex 3.2816889487345611 5.0229988695751713 -19.110918581718863
    endloop
  endfacet
  facet normal 0.668501 0.726186 -0.1605
    outer loop
      vertex 3.2575963552965463 4.9861224100767938 -19.378115294937455
      vertex 3.2816889487345611 5.0229988695751713 -19.110918581718863
      vertex 4.7000820992821328 3.6582207372326545 -19.378115294937455
    endloop
  endfacet
  facet normal 0.402426 0.437151 -0.804334
    outer loop
      vertex 3.2575963552965463 4.9861224100767938 -19.378115294937455
      vertex 4.7000820992821328 3.6582207372326545 -19.378115294937455
      vertex 4.0265660411139441 3.1340021472581561 -20
    endloop
  endfacet
  facet normal 0.402426 0.437151 -0.804334
    outer loop
      vertex 3.2575963552965463 4.9861224100767938 -19.378115294937455
      vertex 4.0265660411139441 3.1340021472581561 -20
      vertex 2.7907867528307735 4.2716171226708761 -20
    endloop
  endfacet
  facet normal 0.522564 0.282797 -0.804334
    outer loop
      vertex 4.7000820992821328 3.6582207372326545 -19.378115294937455
      vertex 4.8260044202328976 1.6567694101362733 -20
      vertex 4.0265660411139441 3.1340021472581561 -20
    endloop
  endfacet
  facet normal 0 0 -1
    outer loop
      vertex 2.7907867528307722 -4.271617122670877 -20
      vertex 4.0265660411139441 3.1340021472581561 -20
      vertex 4.8260044202328976 1.6567694101362733 -20
    endloop
  endfacet
  facet normal 0 0 -1
    outer loop
      vertex 4.8260044202328976 1.6567694101362733 -20
      vertex 4.0265660411139441 -3.1340021472581556 -20
      vertex 2.7907867528307722 -4.271617122670877 -20
    endloop
  endfacet
  facet normal 0.402426 -0.437151 -0.804334
    outer loop
      vertex 4.7000820992821328 -3.6582207372326541 -19.378115294937455
      vertex 2.7907867528307722 -4.271617122670877 -20
      vertex 4.0265660411139441 -3.1340021472581556 -20
    endloop
  endfacet
  facet normal 0.522564 -0.282797 -0.804334
    outer loop
      vertex 4.7000820992821328 -3.6582207372326541 -19.378115294937455
      vertex 4.0265660411139441 -3.1340021472581556 -20
      vertex 5.633241018522563 -1.9338940843661112 -19.378115294937455
    endloop
  endfacet
  facet normal 0.868072 -0.469777 -0.1605
    outer loop
      vertex 4.7000820992821328 -3.6582207372326541 -19.378115294937455
      vertex 5.633241018522563 -1.9338940843661112 -19.378115294937455
      vertex 5.6749034502038072 -1.9481968152281033 -19.110918581718863
    endloop
  endfacet
  facet normal 0.868072 -0.469777 -0.1605
    outer loop
      vertex 4.7000820992821328 -3.6582207372326541 -19.378115294937455
      vertex 5.6749034502038072 -1.9481968152281033 -19.110918581718863
      vertex 4.7348430563783612 -3.6852762761380067 -19.110918581718867
    endloop
  endfacet
  facet normal 0.668501 -0.726186 -0.1605
    outer loop
      vertex 3.257596355296545 -4.9861224100767947 -19.378115294937455
      vertex 4.7000820992821328 -3.6582207372326541 -19.378115294937455
      vertex 4.7348430563783612 -3.6852762761380067 -19.110918581718867
    endloop
  endfacet
  facet normal 0.879474 -0.475947 -1.75229e-17
    outer loop
      vertex 4.8086098098118528 -3.5489672547932396 -5.0768234362691711
      vertex 4.7348430563783612 -3.6852762761380067 -19.110918581718867
      vertex 5.6749034502038072 -1.9481968152281033 -19.110918581718863
    endloop
  endfacet
  facet normal 0.879474 -0.475947 -1.23439e-16
    outer loop
      vertex 4.8086098098118528 -3.5489672547932396 -5.0768234362691711
      vertex 5.6749034502038072 -1.9481968152281033 -19.110918581718863
      vertex 4.9333801434149827 -3.3184118721216049 -5.61569760980281
    endloop
  endfacet
  facet normal 0.625222 -0.759375 -0.180132
    outer loop
      vertex 4.8086098098118528 -3.5489672547932396 -5.0768234362691711
      vertex 4.9333801434149827 -3.3184118721216049 -5.61569760980281
      vertex 5.1804792592519533 -3.213531589266442 -5.2001788775858113
    endloop
  endfacet
  facet normal 0.557552 -0.749423 -0.357072
    outer loop
      vertex 4.8086098098118528 -3.5489672547932396 -5.0768234362691711
      vertex 5.1804792592519533 -3.213531589266442 -5.2001788775858113
      vertex 4.7348430563783612 -3.6852762761380067 -4.90592121729774
    endloop
  endfacet
  facet normal 0.557552 -0.749423 -0.357072
    outer loop
      vertex 4.5933329810215078 -3.953998161782784 -4.5628887194859686
      vertex 4.7348430563783612 -3.6852762761380067 -4.90592121729774
      vertex 5.1804792592519533 -3.213531589266442 -5.2001788775858113
    endloop
  endfacet
  facet normal 0.33876 -0.753527 -0.563417
    outer loop
      vertex 4.5933329810215078 -3.953998161782784 -4.5628887194859686
      vertex 5.1804792592519533 -3.213531589266442 -5.2001788775858113
      vertex 4.9050797565875452 -3.6852762761380067 -4.7348430563783612
    endloop
  endfacet
  facet normal 0.33876 -0.753527 -0.563417
    outer loop
      vertex 4.5933329810215078 -3.953998161782784 -4.5628887194859686
      vertex 4.9050797565875452 -3.6852762761380067 -4.7348430563783612
      vertex 4.7949539340155445 -3.9489373901164884 -4.4484307369008791
    endloop
  endfacet
  facet normal 0.0578663 -0.996646 -0.0578663
    outer loop
      vertex 4.4245099168506439 -3.9709580562429667 -4.4396071647472475
      vertex 4.5933329810215078 -3.953998161782784 -4.5628887194859686
      vertex 4.7949539340155445 -3.9489373901164884 -4.4484307369008791
    endloop
  endfacet
  facet normal 0.0578663 -0.996646 -0.0578663
    outer loop
      vertex 4.4245099168506439 -3.9709580562429667 -4.4396071647472475
      vertex 4.7949539340155445 -3.9489373901164884 -4.4484307369008791
      vertex 4.4396071647472475 -3.9709580562429667 -4.4245099168506439
    endloop
  endfacet
  facet normal 0.57735 -0.57735 -0.57735
    outer loop
      vertex 4.0388224130141595 -4.3260084154406 -4.4702443093860982
      vertex 4.4245099168506439 -3.9709580562429667 -4.4396071647472475
      vertex 4.4396071647472475 -3.9709580562429667 -4.4245099168506439
    endloop
  endfacet
  facet normal 0.57735 -0.57735 -0.57735
    outer loop
      vertex 4.0388224130141595 -4.4702443093860973 -4.3260084154406
      vertex 4.0388224130141595 -4.3260084154406 -4.4702443093860982
      vertex 4.4396071647472475 -3.9709580562429667 -4.4245099168506439
    endloop
  endfacet
  facet normal 0.57735 -0.57735 -0.57735
    outer loop
      vertex 4.0388224130141595 -4.4702443093860973 -4.3260084154406
      vertex 4.4396071647472475 -3.9709580562429667 -4.4245099168506439
      vertex 4.3914556738584736 -4.442232833490479 -4.0013866304919032
    endloop
  endfacet
  facet normal 0.677282 8.60097e-16 -0.735724
    outer loop
      vertex 4.0388224130141595 -4.4702443093860973 -4.3260084154406
      vertex 4.3914556738584736 -4.442232833490479 -4.0013866304919032
      vertex 4.4412862673945348 -4.8422411143233219 -3.9555143376174353
    endloop
  endfacet
  facet normal 0.677282 -7.83511e-17 -0.735724
    outer loop
      vertex 3.9850659218240563 -4.825294668583731 -4.3754947517009066
      vertex 4.0388224130141595 -4.4702443093860973 -4.3260084154406
      vertex 4.4412862673945348 -4.8422411143233219 -3.9555143376174353
    endloop
  endfacet
  facet normal 0.677282 -4.09816e-16 -0.735724
    outer loop
      vertex 3.9850659218240563 -4.825294668583731 -4.3754947517009066
      vertex 4.4412862673945348 -4.8422411143233219 -3.9555143376174353
      vertex 4.3897679436779766 -4.9495472104331348 -4.00294029557271
    endloop
  endfacet
  facet normal 0.677282 2.80208e-14 -0.735724
    outer loop
      vertex 3.9850659218240563 -4.825294668583731 -4.3754947517009066
      vertex 4.3897679436779766 -4.9495472104331348 -4.00294029557271
      vertex 4.3934461770435584 -4.9560787106122861 -3.9995542432254809
    endloop
  endfacet
  facet normal 0.677282 -4.67111e-16 -0.735724
    outer loop
      vertex 3.9850659218240563 -4.825294668583731 -4.3754947517009066
      vertex 4.3934461770435584 -4.9560787106122861 -3.9995542432254809
      vertex 4.0520219722846145 -4.9671669482305285 -4.3138573651379373
    endloop
  endfacet
  facet normal 0.916995 0.379832 -0.121854
    outer loop
      vertex 3.9850659218240563 -4.825294668583731 -4.3754947517009066
      vertex 4.0520219722846145 -4.9671669482305285 -4.3138573651379373
      vertex 4.0231412683557242 -4.9141809930978377 -4.366032178749264
    endloop
  endfacet
  facet normal 0.916995 0.379832 -0.121854
    outer loop
      vertex 3.9733961389751951 -4.825294668583731 -4.4633140138193239
      vertex 3.9850659218240563 -4.825294668583731 -4.3754947517009066
      vertex 4.0231412683557242 -4.9141809930978377 -4.366032178749264
    endloop
  endfacet
  facet normal 0.762276 -0.233905 -0.603509
    outer loop
      vertex 3.2438651802147644 -5.2146110928783846 -5.2338761074658429
      vertex 3.9733961389751951 -4.825294668583731 -4.4633140138193239
      vertex 4.0231412683557242 -4.9141809930978377 -4.366032178749264
    endloop
  endfacet
  facet normal 0.762276 -0.233905 -0.603509
    outer loop
      vertex 3.2438651802147644 -5.2146110928783846 -5.2338761074658429
      vertex 3.9978453117059178 -4.5752926251225343 -4.5293273458858332
      vertex 3.9733961389751951 -4.825294668583731 -4.4633140138193239
    endloop
  endfacet
  facet normal 0.982796 -0.130598 -0.130598
    outer loop
      vertex 3.9733961389751951 -4.825294668583731 -4.4633140138193239
      vertex 3.9978453117059178 -4.5752926251225343 -4.5293273458858332
      vertex 4.0388224130141595 -4.4702443093860973 -4.3260084154406
    endloop
  endfacet
  facet normal 0.982796 -0.130598 -0.130598
    outer loop
      vertex 3.9978453117059178 -4.5752926251225343 -4.5293273458858332
      vertex 3.9853173363006964 -4.3752633083708776 -4.8236341286514861
      vertex 4.0388224130141595 -4.4702443093860973 -4.3260084154406
    endloop
  endfacet
  facet normal 0.982796 -0.130598 -0.130598
    outer loop
      vertex 3.9978453117059178 -4.5752926251225343 -4.5293273458858332
      vertex 3.9728803272714361 -4.4688323211249656 -4.8236580276126571
      vertex 3.9853173363006964 -4.3752633083708776 -4.8236341286514861
    endloop
  endfacet
  facet normal -0.917034 0.121987 -0.379694
    outer loop
      vertex 3.892301385318599 -4.1953095782123215 -4.5411675166304448
      vertex 3.9853173363006964 -4.3752633083708776 -4.8236341286514861
      vertex 3.9728803272714361 -4.4688323211249656 -4.8236580276126571
    endloop
  endfacet
  facet normal 0.344596 0.721626 -0.600424
    outer loop
      vertex 3.892301385318599 -4.1953095782123215 -4.5411675166304448
      vertex 3.9728803272714361 -4.4688323211249656 -4.8236580276126571
      vertex 3.972505662809886 -4.4700151633423495 -4.825294668583731
    endloop
  endfacet
  facet normal 0.344596 0.721626 -0.600424
    outer loop
      vertex 3.892301385318599 -4.1953095782123215 -4.5411675166304448
      vertex 3.972505662809886 -4.4700151633423495 -4.825294668583731
      vertex 3.8529976140565259 -4.5478541917644391 -4.9874347041505525
    endloop
  endfacet
  facet normal 0.344596 0.721626 -0.600424
    outer loop
      vertex 3.7482198977888026 -4.6160989310907157 -5.1295896704434094
      vertex 3.892301385318599 -4.1953095782123215 -4.5411675166304448
      vertex 3.8529976140565259 -4.5478541917644391 -4.9874347041505525
    endloop
  endfacet
  facet normal 0.344596 0.721626 -0.600424
    outer loop
      vertex 3.7482198977888026 -4.6160989310907157 -5.1295896704434094
      vertex 3.8529976140565259 -4.5478541917644391 -4.9874347041505525
      vertex 3.8454494811785782 -4.5537098918788796 -4.9988044848089794
    endloop
  endfacet
  facet normal 0.344596 0.721626 -0.600424
    outer loop
      vertex 3.7482198977888026 -4.6160989310907157 -5.1295896704434094
      vertex 3.8454494811785782 -4.5537098918788796 -4.9988044848089794
      vertex 3.7500086565124744 -4.6159098600729633 -5.1283358254604625
    endloop
  endfacet
  facet normal 0.344596 0.721626 -0.600424
    outer loop
      vertex 3.7482198977888026 -4.6160989310907157 -5.1295896704434094
      vertex 3.7500086565124744 -4.6159098600729633 -5.1283358254604625
      vertex 3.7489023383455282 -4.6166308613325109 -5.1298373095041407
    endloop
  endfacet
  facet normal -0.344596 -0.721626 0.600424
    outer loop
      vertex 3.7489023383455282 -4.6166308613325109 -5.1298373095041407
      vertex 3.7500086565124744 -4.6159098600729633 -5.1283358254604625
      vertex 3.892301385318599 -4.1953095782123215 -4.5411675166304448
    endloop
  endfacet
  facet normal 0.918636 -0.390914 0.0574001
    outer loop
      vertex 3.7500086565124744 -4.6159098600729633 -5.1283358254604625
      vertex 3.8030086846701638 -4.5049213948531408 -5.220682938839488
      vertex 3.892301385318599 -4.1953095782123215 -4.5411675166304448
    endloop
  endfacet
  facet normal 0.918636 -0.390914 0.0574001
    outer loop
      vertex 3.8030086846701638 -4.5049213948531408 -5.220682938839488
      vertex 3.9453014134762885 -4.0843211129924999 -4.6335146300094703
      vertex 3.892301385318599 -4.1953095782123215 -4.5411675166304448
    endloop
  endfacet
  facet normal -0.917034 0.121987 -0.379694
    outer loop
      vertex 3.892301385318599 -4.1953095782123215 -4.5411675166304448
      vertex 3.9453014134762885 -4.0843211129924999 -4.6335146300094703
      vertex 4.0212636046525549 -4.3421724372298911 -4.8998199162376226
    endloop
  endfacet
  facet normal -0.344596 -0.721626 0.600424
    outer loop
      vertex 3.8030086846701638 -4.5049213948531408 -5.220682938839488
      vertex 4.0212636046525549 -4.3421724372298911 -4.8998199162376226
      vertex 3.9453014134762885 -4.0843211129924999 -4.6335146300094703
    endloop
  endfacet
  facet normal -0.344596 -0.721626 0.600424
    outer loop
      vertex 3.8030086846701638 -4.5049213948531408 -5.220682938839488
      vertex 4.0206915004828847 -4.3426990962191487 -4.9007812306389642
      vertex 4.0212636046525549 -4.3421724372298911 -4.8998199162376226
    endloop
  endfacet
  facet normal 0.677282 -0.735724 -3.28417e-13
    outer loop
      vertex 4.4245099168506439 -3.9709580562429667 -4.4396071647472475
      vertex 4.0212636046525549 -4.3421724372298911 -4.8998199162376226
      vertex 4.0206915004828847 -4.3426990962191487 -4.9007812306389642
    endloop
  endfacet
  facet normal 0.677282 -0.735724 -2.33372e-15
    outer loop
      vertex 4.0505936992011398 -4.3151721831350871 -4.964140599500027
      vertex 4.4245099168506439 -3.9709580562429667 -4.4396071647472475
      vertex 4.0206915004828847 -4.3426990962191487 -4.9007812306389642
    endloop
  endfacet
  facet normal 0.916995 -0.121854 0.379832
    outer loop
      vertex 4.0505936992011398 -4.3151721831350871 -4.964140599500027
      vertex 4.0206915004828847 -4.3426990962191487 -4.9007812306389642
      vertex 4.0255056909675755 -4.359026698122527 -4.9176417819627565
    endloop
  endfacet
  facet normal 0.758499 -0.62599 -0.18115
    outer loop
      vertex 4.0505936992011398 -4.3151721831350871 -4.964140599500027
      vertex 4.0255056909675755 -4.359026698122527 -4.9176417819627565
      vertex 4.0183270944769394 -4.3645957188288982 -4.9284549285850607
    endloop
  endfacet
  facet normal 0.758499 -0.62599 -0.18115
    outer loop
      vertex 3.3529453146590193 -4.9574027637513138 -5.6659635036723861
      vertex 4.0505936992011398 -4.3151721831350871 -4.964140599500027
      vertex 4.0183270944769394 -4.3645957188288982 -4.9284549285850607
    endloop
  endfacet
  facet normal 0.758499 -0.62599 -0.18115
    outer loop
      vertex 3.3529453146590193 -4.9574027637513138 -5.6659635036723861
      vertex 4.0183270944769394 -4.3645957188288982 -4.9284549285850607
      vertex 3.8454494811785782 -4.5537098918788796 -4.9988044848089794
    endloop
  endfacet
  facet normal 0.758499 -0.62599 -0.18115
    outer loop
      vertex 3.2438651802147644 -5.2146110928783846 -5.2338761074658429
      vertex 3.3529453146590193 -4.9574027637513138 -5.6659635036723861
      vertex 3.8454494811785782 -4.5537098918788796 -4.9988044848089794
    endloop
  endfacet
  facet normal 0.533682 -0.779056 -0.329021
    outer loop
      vertex 3.2816889487345593 -5.0229988695751722 -5.626224911791974
      vertex 3.3529453146590193 -4.9574027637513138 -5.6659635036723861
      vertex 3.2438651802147644 -5.2146110928783846 -5.2338761074658429
    endloop
  endfacet
  facet normal 0.533682 -0.779056 -0.329021
    outer loop
      vertex 2.0660305843577862 -5.5562360677963847 -6.335460888147658
      vertex 3.2816889487345593 -5.0229988695751722 -5.626224911791974
      vertex 3.2438651802147644 -5.2146110928783846 -5.2338761074658429
    endloop
  endfacet
  facet normal 0.53373 -0.778993 -0.329092
    outer loop
      vertex 2.0660305843577862 -5.5562360677963847 -6.335460888147658
      vertex 3.2438651802147644 -5.2146110928783846 -5.2338761074658429
      vertex 1.7652618456380562 -5.886455438913142 -6.0415940947087101
    endloop
  endfacet
  facet normal 0.571907 -0.392961 -0.720072
    outer loop
      vertex 2.0464446091965995 -6.3508685283448516 -5.5648272730440329
      vertex 1.7652618456380562 -5.886455438913142 -6.0415940947087101
      vertex 3.2438651802147644 -5.2146110928783846 -5.2338761074658429
    endloop
  endfacet
  facet normal 0.537085 -0.341318 -0.771389
    outer loop
      vertex 2.0464446091965995 -6.3508685283448516 -5.5648272730440329
      vertex 3.2438651802147644 -5.2146110928783846 -5.2338761074658429
      vertex 3.2816889487345593 -5.631682454483971 -5.0229988695751722
    endloop
  endfacet
  facet normal 0.537085 -0.341318 -0.771389
    outer loop
      vertex 3.2816889487345593 -5.631682454483971 -5.0229988695751722
      vertex 3.2438651802147644 -5.2146110928783846 -5.2338761074658429
      vertex 3.3538585508615788 -5.6682683121328772 -4.9565620706032973
    endloop
  endfacet
  facet normal 0.677282 0 -0.735724
    outer loop
      vertex 3.2816889487345593 -5.631682454483971 -5.0229988695751722
      vertex 3.3538585508615788 -5.6682683121328772 -4.9565620706032973
      vertex 3.2816889487345593 -19.102470337245556 -5.0229988695751722
    endloop
  endfacet
  facet normal 0.677282 1.9701e-17 -0.735724
    outer loop
      vertex 3.3538585508615788 -5.6682683121328772 -4.9565620706032973
      vertex 4.0520219722846145 -4.9671669482305285 -4.3138573651379373
      vertex 3.2816889487345593 -19.102470337245556 -5.0229988695751722
    endloop
  endfacet
  facet normal 0.762338 -0.19281 -0.61779
    outer loop
      vertex 3.2438651802147644 -5.2146110928783846 -5.2338761074658429
      vertex 4.0520219722846145 -4.9671669482305285 -4.3138573651379373
      vertex 3.3538585508615788 -5.6682683121328772 -4.9565620706032973
    endloop
  endfacet
  facet normal 0.401695 -0.915773 0
    outer loop
      vertex 2.0660305843577862 -5.5562360677963847 -6.335460888147658
      vertex 3.2816889487345593 -5.0229988695751722 -19.110918581718863
      vertex 3.2816889487345593 -5.0229988695751722 -5.626224911791974
    endloop
  endfacet
  facet normal 0.677282 -0.735724 0
    outer loop
      vertex 3.2816889487345593 -5.0229988695751722 -5.626224911791974
      vertex 3.2816889487345593 -5.0229988695751722 -19.110918581718863
      vertex 3.3529453146590193 -4.9574027637513138 -5.6659635036723861
    endloop
  endfacet
  facet normal 0.677282 -0.735724 3.3446e-17
    outer loop
      vertex 3.3529453146590193 -4.9574027637513138 -5.6659635036723861
      vertex 3.2816889487345593 -5.0229988695751722 -19.110918581718863
      vertex 4.7348430563783612 -3.6852762761380067 -19.110918581718867
    endloop
  endfacet
  facet normal -0.758376 0.590963 0.275008
    outer loop
      vertex 3.8030086846701638 -4.5049213948531408 -5.220682938839488
      vertex 3.8454494811785782 -4.5537098918788796 -4.9988044848089794
      vertex 4.0183270944769394 -4.3645957188288982 -4.9284549285850607
    endloop
  endfacet
  facet normal 0.677282 -0.735724 -7.89219e-18
    outer loop
      vertex 3.3529453146590193 -4.9574027637513138 -5.6659635036723861
      vertex 4.7348430563783612 -3.6852762761380067 -19.110918581718867
      vertex 4.0505936992011398 -4.3151721831350871 -4.964140599500027
    endloop
  endfacet
  facet normal 0.677282 -0.735724 -2.84348e-17
    outer loop
      vertex 4.0505936992011398 -4.3151721831350871 -4.964140599500027
      vertex 4.7348430563783612 -3.6852762761380067 -19.110918581718867
      vertex 4.4487631544640367 -3.9486313781922528 -4.7998920384311914
    endloop
  endfacet
  facet normal 0.677282 -0.735724 0
    outer loop
      vertex 4.4487631544640367 -3.9486313781922528 -4.7998920384311914
      vertex 4.7348430563783612 -3.6852762761380067 -19.110918581718867
      vertex 4.7348430563783612 -3.6852762761380067 -4.90592121729774
    endloop
  endfacet
  facet normal -0.344596 -0.721626 0.600424
    outer loop
      vertex 3.8030086846701638 -4.5049213948531408 -5.220682938839488
      vertex 4.0183270944769394 -4.3645957188288982 -4.9284549285850607
      vertex 4.0255056909675755 -4.359026698122527 -4.9176417819627565
    endloop
  endfacet
  facet normal 0.677282 -0.735724 1.38502e-16
    outer loop
      vertex 4.0505936992011398 -4.3151721831350871 -4.964140599500027
      vertex 4.4487631544640367 -3.9486313781922528 -4.7998920384311914
      vertex 4.4245099168506439 -3.9709580562429667 -4.4396071647472475
    endloop
  endfacet
  facet normal -0.344596 -0.721626 0.600424
    outer loop
      vertex 3.8030086846701638 -4.5049213948531408 -5.220682938839488
      vertex 4.0255056909675755 -4.359026698122527 -4.9176417819627565
      vertex 4.0206915004828847 -4.3426990962191487 -4.9007812306389642
    endloop
  endfacet
  facet normal -0.758376 0.590963 0.275008
    outer loop
      vertex 3.7500086565124744 -4.6159098600729633 -5.1283358254604625
      vertex 3.8454494811785782 -4.5537098918788796 -4.9988044848089794
      vertex 3.8030086846701638 -4.5049213948531408 -5.220682938839488
    endloop
  endfacet
  facet normal 0.758499 -0.62599 -0.18115
    outer loop
      vertex 3.2438651802147644 -5.2146110928783846 -5.2338761074658429
      vertex 3.8454494811785782 -4.5537098918788796 -4.9988044848089794
      vertex 3.8529976140565259 -4.5478541917644391 -4.9874347041505525
    endloop
  endfacet
  facet normal -0.344596 -0.721626 0.600424
    outer loop
      vertex 3.7482198977888026 -4.6160989310907157 -5.1295896704434094
      vertex 3.7489023383455282 -4.6166308613325109 -5.1298373095041407
      vertex 3.892301385318599 -4.1953095782123215 -4.5411675166304448
    endloop
  endfacet
  facet normal 0.758267 -0.591034 -0.275155
    outer loop
      vertex 3.2438651802147644 -5.2146110928783846 -5.2338761074658429
      vertex 3.8529976140565259 -4.5478541917644391 -4.9874347041505525
      vertex 3.972505662809886 -4.4700151633423495 -4.825294668583731
    endloop
  endfacet
  facet normal -0.917034 0.121987 -0.379694
    outer loop
      vertex 3.892301385318599 -4.1953095782123215 -4.5411675166304448
      vertex 4.0212636046525549 -4.3421724372298911 -4.8998199162376226
      vertex 3.9853173363006964 -4.3752633083708776 -4.8236341286514861
    endloop
  endfacet
  facet normal 0.677282 -0.735724 6.79807e-16
    outer loop
      vertex 4.0388224130141595 -4.3260084154406 -4.4702443093860982
      vertex 3.9853173363006964 -4.3752633083708776 -4.8236341286514861
      vertex 4.0212636046525549 -4.3421724372298911 -4.8998199162376226
    endloop
  endfacet
  facet normal 0.982796 -0.130598 -0.130598
    outer loop
      vertex 3.9978453117059178 -4.5752926251225343 -4.5293273458858332
      vertex 3.972505662809886 -4.4700151633423495 -4.825294668583731
      vertex 3.9728803272714361 -4.4688323211249656 -4.8236580276126571
    endloop
  endfacet
  facet normal 0.758267 -0.591034 -0.275155
    outer loop
      vertex 3.2438651802147644 -5.2146110928783846 -5.2338761074658429
      vertex 3.972505662809886 -4.4700151633423495 -4.825294668583731
      vertex 3.9978453117059178 -4.5752926251225343 -4.5293273458858332
    endloop
  endfacet
  facet normal 0.762338 -0.19281 -0.61779
    outer loop
      vertex 3.2438651802147644 -5.2146110928783846 -5.2338761074658429
      vertex 4.0231412683557242 -4.9141809930978377 -4.366032178749264
      vertex 4.0520219722846145 -4.9671669482305285 -4.3138573651379373
    endloop
  endfacet
  facet normal 0.677282 -8.47745e-18 -0.735724
    outer loop
      vertex 4.0520219722846145 -4.9671669482305285 -4.3138573651379373
      vertex 4.3934461770435584 -4.9560787106122861 -3.9995542432254809
      vertex 3.2816889487345593 -19.102470337245556 -5.0229988695751722
    endloop
  endfacet
  facet normal 0.677282 1.17787e-16 -0.735724
    outer loop
      vertex 3.2816889487345593 -19.102470337245556 -5.0229988695751722
      vertex 4.3934461770435584 -4.9560787106122861 -3.9995542432254809
      vertex 4.4852291292897464 -5.0357229781170716 -3.9150620835390111
    endloop
  endfacet
  facet normal 0.677282 2.07399e-16 -0.735724
    outer loop
      vertex 3.2816889487345593 -19.102470337245556 -5.0229988695751722
      vertex 4.4852291292897464 -5.0357229781170716 -3.9150620835390111
      vertex 4.6416264463416876 -5.1711832701268667 -3.7710882107936299
    endloop
  endfacet
  facet normal 0.677282 -4.04314e-15 -0.735724
    outer loop
      vertex 3.2816889487345593 -19.102470337245556 -5.0229988695751722
      vertex 4.6416264463416876 -5.1711832701268667 -3.7710882107936299
      vertex 4.6467861199971709 -5.1777491999808261 -3.7663383965878299
    endloop
  endfacet
  facet normal 0.677282 8.941e-17 -0.735724
    outer loop
      vertex 4.7348430563783612 -5.1160591986536064 -3.6852762761380067
      vertex 3.2816889487345593 -19.102470337245556 -5.0229988695751722
      vertex 4.6467861199971709 -5.1777491999808261 -3.7663383965878299
    endloop
  endfacet
  facet normal 0.677282 1.83986e-15 -0.735724
    outer loop
      vertex 4.7348430563783612 -5.1160591986536064 -3.6852762761380067
      vertex 4.6467861199971709 -5.1777491999808261 -3.7663383965878299
      vertex 4.6303233361856941 -5.1105061878591433 -3.7814934567013041
    endloop
  endfacet
  facet normal 0.607703 -0.404414 -0.683481
    outer loop
      vertex 4.7348430563783612 -5.1160591986536064 -3.6852762761380067
      vertex 4.6303233361856941 -5.1105061878591433 -3.7814934567013041
      vertex 4.649460577972687 -5.0495285166248296 -3.8005582571382752
    endloop
  endfacet
  facet normal 0.607703 -0.404414 -0.683481
    outer loop
      vertex 4.7348430563783612 -5.1160591986536064 -3.6852762761380067
      vertex 4.649460577972687 -5.0495285166248296 -3.8005582571382752
      vertex 4.6610596911218325 -5.0390894927264025 -3.7964218860138224
    endloop
  endfacet
  facet normal 0.607703 -0.404414 -0.683481
    outer loop
      vertex 4.7348430563783612 -5.1160591986536064 -3.6852762761380067
      vertex 4.6610596911218325 -5.0390894927264025 -3.7964218860138224
      vertex 4.8681428441644661 -4.7512884965052375 -3.7825891369886486
    endloop
  endfacet
  facet normal 0.607703 -0.404414 -0.683481
    outer loop
      vertex 4.7348430563783612 -5.1160591986536064 -3.6852762761380067
      vertex 4.8681428441644661 -4.7512884965052375 -3.7825891369886486
      vertex 5.243650792000162 -5.3301158267920732 -3.106224164792228
    endloop
  endfacet
  facet normal 0.607703 -0.404414 -0.683481
    outer loop
      vertex 4.821090434884022 -5.2558034484106066 -3.5259050796238771
      vertex 4.7348430563783612 -5.1160591986536064 -3.6852762761380067
      vertex 5.243650792000162 -5.3301158267920732 -3.106224164792228
    endloop
  endfacet
  facet normal 0.674578 -0.191092 -0.713042
    outer loop
      vertex 4.9829054420740997 -5.8002987176454237 -3.2268971357692982
      vertex 4.821090434884022 -5.2558034484106066 -3.5259050796238771
      vertex 5.243650792000162 -5.3301158267920732 -3.106224164792228
    endloop
  endfacet
  facet normal 0.784302 -0.294855 -0.545831
    outer loop
      vertex 4.9829054420740997 -5.8002987176454237 -3.2268971357692982
      vertex 5.243650792000162 -5.3301158267920732 -3.106224164792228
      vertex 5.3581957842092844 -6.0857938919991765 -2.5334213234887426
    endloop
  endfacet
  facet normal 0.879474 -1.82642e-17 -0.475947
    outer loop
      vertex 4.9829054420740997 -5.8002987176454237 -3.2268971357692982
      vertex 5.3581957842092844 -6.0857938919991765 -2.5334213234887426
      vertex 4.7348430563783612 -19.102470337245556 -3.6852762761380067
    endloop
  endfacet
  facet normal 0.879474 -1.67827e-16 -0.475947
    outer loop
      vertex 5.3581957842092844 -6.0857938919991765 -2.5334213234887426
      vertex 5.4244699704628934 -6.1540211450087359 -2.4109573536355051
      vertex 4.7348430563783612 -19.102470337245556 -3.6852762761380067
    endloop
  endfacet
  facet normal 0.879474 7.35364e-17 -0.475947
    outer loop
      vertex 5.4244699704628934 -6.1540211450087359 -2.4109573536355051
      vertex 5.6749034502038072 -6.1407110528260596 -1.9481968152281037
      vertex 4.7348430563783612 -19.102470337245556 -3.6852762761380067
    endloop
  endfacet
  facet normal 0.879474 0 -0.475947
    outer loop
      vertex 5.6749034502038072 -6.1407110528260596 -1.9481968152281037
      vertex 5.6749034502038072 -19.102470337245553 -1.9481968152281037
      vertex 4.7348430563783612 -19.102470337245556 -3.6852762761380067
    endloop
  endfacet
  facet normal 0.714161 -0.583613 -0.386484
    outer loop
      vertex 5.0867141738057358 -19.955950864665638 -1.7462711815877832
      vertex 4.7348430563783612 -19.102470337245556 -3.6852762761380067
      vertex 5.6749034502038072 -19.102470337245553 -1.9481968152281037
    endloop
  endfacet
  facet normal 0.800957 -0.583613 -0.133656
    outer loop
      vertex 5.0867141738057358 -19.955950864665638 -1.7462711815877832
      vertex 5.6749034502038072 -19.102470337245553 -1.9481968152281037
      vertex 5.3781152949374524 -19.955950864665638 6.9997749895584462e-17
    endloop
  endfacet
  facet normal 0.800957 -0.583613 -0.133656
    outer loop
      vertex 5.3781152949374524 -19.955950864665638 6.9997749895584462e-17
      vertex 5.6749034502038072 -19.102470337245553 -1.9481968152281037
      vertex 6 -19.102470337245553 0
    endloop
  endfacet
  facet normal 0.986361 -6.26688e-18 -0.164595
    outer loop
      vertex 5.9140876194095462 -6.7695893150253541 -0.51484467109822007
      vertex 6 -19.102470337245553 0
      vertex 5.6749034502038072 -19.102470337245553 -1.9481968152281037
    endloop
  endfacet
  facet normal 0.986361 -3.38008e-17 -0.164595
    outer loop
      vertex 5.906673607392535 -6.7633831998187235 -0.55927440930571326
      vertex 5.9140876194095462 -6.7695893150253541 -0.51484467109822007
      vertex 5.6749034502038072 -19.102470337245553 -1.9481968152281037
    endloop
  endfacet
  facet normal 0.986361 -2.56124e-17 -0.164595
    outer loop
      vertex 5.7429718278114326 -6.6283644279080622 -1.5402853915108894
      vertex 5.906673607392535 -6.7633831998187235 -0.55927440930571326
      vertex 5.6749034502038072 -19.102470337245553 -1.9481968152281037
    endloop
  endfacet
  facet normal 0.986361 3.83635e-17 -0.164595
    outer loop
      vertex 5.7429718278114326 -6.6283644279080622 -1.5402853915108894
      vertex 5.6749034502038072 -19.102470337245553 -1.9481968152281037
      vertex 5.6845452149205151 -6.1827693239193522 -1.8904168870004867
    endloop
  endfacet
  facet normal 0.849953 -0.252079 -0.46264
    outer loop
      vertex 5.7429718278114326 -6.6283644279080622 -1.5402853915108894
      vertex 5.6845452149205151 -6.1827693239193522 -1.8904168870004867
      vertex 5.9251754078257965 -6.1457770861248218 -1.4684921066659933
    endloop
  endfacet
  facet normal 0.810475 -0.40092 -0.427076
    outer loop
      vertex 5.6845452149205151 -6.1827693239193522 -1.8904168870004867
      vertex 5.6705661590991001 -5.7359074226803246 -2.3364396142906609
      vertex 5.9251754078257965 -6.1457770861248218 -1.4684921066659933
    endloop
  endfacet
  facet normal 0.377579 -0.789632 -0.483648
    outer loop
      vertex 5.6705661590991001 -5.7359074226803246 -2.3364396142906609
      vertex 6.2669073218601428 -5.4044957172991142 -2.4119637392667306
      vertex 5.9251754078257965 -6.1457770861248218 -1.4684921066659933
    endloop
  endfacet
  facet normal 0.370332 -0.790857 -0.487236
    outer loop
      vertex 5.9251754078257965 -6.1457770861248218 -1.4684921066659933
      vertex 6.2669073218601428 -5.4044957172991142 -2.4119637392667306
      vertex 6.5994080041883576 -5.7893796654552121 -1.5345167185954265
    endloop
  endfacet
  facet normal 0.445207 -0.876324 -0.183974
    outer loop
      vertex 5.9251754078257965 -6.1457770861248218 -1.4684921066659933
      vertex 6.5994080041883576 -5.7893796654552121 -1.5345167185954265
      vertex 6.5716759885974119 -5.8164015956359822 -1.4729129228447957
    endloop
  endfacet
  facet normal 0.445207 -0.876324 -0.183974
    outer loop
      vertex 5.9251754078257965 -6.1457770861248218 -1.4684921066659933
      vertex 6.5716759885974119 -5.8164015956359822 -1.4729129228447957
      vertex 6.5745187777075893 -5.8173433461992534 -1.4615476837251518
    endloop
  endfacet
  facet normal 0.445207 -0.876324 -0.183974
    outer loop
      vertex 6.0948620460281635 -6.2655019172424682 -0.48757374452982233
      vertex 5.9251754078257965 -6.1457770861248218 -1.4684921066659933
      vertex 6.5745187777075893 -5.8173433461992534 -1.4615476837251518
    endloop
  endfacet
  facet normal 0.44401 -0.876765 -0.184766
    outer loop
      vertex 6.0948620460281635 -6.2655019172424682 -0.48757374452982233
      vertex 6.5745187777075893 -5.8173433461992534 -1.4615476837251518
      vertex 6.8136322265414933 -5.8958105845100253 -0.51458894407548794
    endloop
  endfacet
  facet normal 0.455206 -0.888851 -0.0522657
    outer loop
      vertex 6.0948620460281635 -6.2655019172424682 -0.48757374452982233
      vertex 6.8136322265414933 -5.8958105845100253 -0.51458894407548794
      vertex 6.766784647785328 -5.9784353988390757 0.48254427642787556
    endloop
  endfacet
  facet normal 0.469228 -0.880727 -0.0643819
    outer loop
      vertex 6.0948620460281635 -6.2655019172424682 -0.48757374452982233
      vertex 6.766784647785328 -5.9784353988390757 0.48254427642787556
      vertex 6.0899135069973163 -6.3415010527616165 0.51600827070087973
    endloop
  endfacet
  facet normal 0.941455 -0.336494 -0.0208398
    outer loop
      vertex 6.0948620460281635 -6.2655019172424682 -0.48757374452982233
      vertex 6.0899135069973163 -6.3415010527616165 0.51600827070087973
      vertex 6 -6.5611063900927276 0
    endloop
  endfacet
  facet normal 0.941455 -0.336494 -0.0208398
    outer loop
      vertex 5.9140876194095462 -6.7695893150253541 -0.51484467109822007
      vertex 6.0948620460281635 -6.2655019172424682 -0.48757374452982233
      vertex 6 -6.5611063900927276 0
    endloop
  endfacet
  facet normal 0.941455 -0.336494 -0.0208398
    outer loop
      vertex 5.9989666846717489 -6.5643809354706733 0.0061923192752666107
      vertex 6 -6.5611063900927276 0
      vertex 6.0899135069973163 -6.3415010527616165 0.51600827070087973
    endloop
  endfacet
  facet normal 0.94158 -0.336132 -0.0210204
    outer loop
      vertex 5.9098069286272894 -6.8475501949785151 0.54049744457181503
      vertex 5.9989666846717489 -6.5643809354706733 0.0061923192752666107
      vertex 6.0899135069973163 -6.3415010527616165 0.51600827070087973
    endloop
  endfacet
  facet normal 0.916751 -0.314351 0.246478
    outer loop
      vertex 5.9098069286272894 -6.8475501949785151 0.54049744457181503
      vertex 6.0899135069973163 -6.3415010527616165 0.51600827070087973
      vertex 5.903078651413793 -6.8355574569958186 0.58081779939417133
    endloop
  endfacet
  facet normal 0.986361 3.94747e-16 0.164595
    outer loop
      vertex 5.9098069286272894 -6.8475501949785151 0.54049744457181503
      vertex 5.903078651413793 -6.8355574569958186 0.58081779939417133
      vertex 6 -19.102470337245553 0
    endloop
  endfacet
  facet normal 0.986361 0 0.164595
    outer loop
      vertex 5.9098069286272894 -6.8475501949785151 0.54049744457181503
      vertex 6 -19.102470337245553 0
      vertex 6 -6.5611063900927276 0
    endloop
  endfacet
  facet normal 0.986361 -3.94641e-17 0.164595
    outer loop
      vertex 5.903078651413793 -6.8355574569958186 0.58081779939417133
      vertex 5.7403979217331598 -6.5502892534152588 1.5557099650030761
      vertex 6 -19.102470337245553 0
    endloop
  endfacet
  facet normal 0.986361 -9.60204e-17 0.164595
    outer loop
      vertex 5.7403979217331598 -6.5502892534152588 1.5557099650030761
      vertex 5.6830821240795215 -6.1615017103240923 1.8991847097245407
      vertex 6 -19.102470337245553 0
    endloop
  endfacet
  facet normal 0.986361 4.20783e-18 0.164595
    outer loop
      vertex 5.6830821240795215 -6.1615017103240923 1.8991847097245407
      vertex 5.674903450203808 -19.102470337245553 1.9481968152281008
      vertex 6 -19.102470337245553 0
    endloop
  endfacet
  facet normal 0.800957 -0.583613 0.133656
    outer loop
      vertex 5.0867141738057366 -19.955950864665638 1.7462711815877805
      vertex 6 -19.102470337245553 0
      vertex 5.674903450203808 -19.102470337245553 1.9481968152281008
    endloop
  endfacet
  facet normal 0.714161 -0.583613 0.386484
    outer loop
      vertex 4.2440886434394773 -19.955950864665638 3.3033067844613258
      vertex 5.0867141738057366 -19.955950864665638 1.7462711815877805
      vertex 5.674903450203808 -19.102470337245553 1.9481968152281008
    endloop
  endfacet
  facet normal 0.714161 -0.583613 0.386484
    outer loop
      vertex 4.2440886434394773 -19.955950864665638 3.3033067844613258
      vertex 5.674903450203808 -19.102470337245553 1.9481968152281008
      vertex 4.7348430563783612 -19.102470337245556 3.6852762761380067
    endloop
  endfacet
  facet normal 0.549974 -0.583613 0.597431
    outer loop
      vertex 2.9415502547360921 -19.955950864665638 4.5023778411526267
      vertex 4.2440886434394773 -19.955950864665638 3.3033067844613258
      vertex 4.7348430563783612 -19.102470337245556 3.6852762761380067
    endloop
  endfacet
  facet normal 0.549974 -0.583613 0.597431
    outer loop
      vertex 2.9415502547360921 -19.955950864665638 4.5023778411526267
      vertex 4.7348430563783612 -19.102470337245556 3.6852762761380067
      vertex 3.2816889487345611 -19.102470337245556 5.0229988695751713
    endloop
  endfacet
  facet normal 0.326189 -0.583613 0.743637
    outer loop
      vertex 2.9415502547360921 -19.955950864665638 4.5023778411526267
      vertex 3.2816889487345611 -19.102470337245556 5.0229988695751713
      vertex 1.3202492530771039 -19.955950864665638 5.2135463971647473
    endloop
  endfacet
  facet normal 0.0662193 -0.986319 0.150965
    outer loop
      vertex 2.9415502547360921 -19.955950864665638 4.5023778411526267
      vertex 1.3202492530771039 -19.955950864665638 5.2135463971647473
      vertex 1.2546563377702162 -20 4.954525832312525
    endloop
  endfacet
  facet normal 0.0662193 -0.986319 0.150965
    outer loop
      vertex 2.9415502547360921 -19.955950864665638 4.5023778411526267
      vertex 1.2546563377702162 -20 4.954525832312525
      vertex 2.7954075045848144 -20 4.278689709744091
    endloop
  endfacet
  facet normal 0 -1 0
    outer loop
      vertex -3.4615309694777494 -20 3.7602250060741729
      vertex 2.7954075045848144 -20 4.278689709744091
      vertex 1.2546563377702162 -20 4.954525832312525
    endloop
  endfacet
  facet normal 0 -1 0
    outer loop
      vertex -3.4615309694777494 -20 3.7602250060741729
      vertex 1.2546563377702162 -20 4.954525832312525
      vertex -0.42205631124072485 -20 5.0934622035606552
    endloop
  endfacet
  facet normal 0 -1 0
    outer loop
      vertex -3.4615309694777494 -20 3.7602250060741729
      vertex -0.42205631124072485 -20 5.0934622035606552
      vertex -2.0530326100503085 -20 4.6804429118438247
    endloop
  endfacet
  facet normal -0.0901641 -0.986319 0.138006
    outer loop
      vertex -2.1603643072325305 -19.955950864665638 4.9251345347793158
      vertex -3.4615309694777494 -20 3.7602250060741729
      vertex -2.0530326100503085 -20 4.6804429118438247
    endloop
  endfacet
  facet normal -0.0404682 -0.986319 0.159805
    outer loop
      vertex -2.1603643072325305 -19.955950864665638 4.9251345347793158
      vertex -2.0530326100503085 -20 4.6804429118438247
      vertex -0.44412124093067507 -19.955950864665638 5.3597463045366585
    endloop
  endfacet
  facet normal -0.199342 -0.583613 0.787184
    outer loop
      vertex -2.1603643072325305 -19.955950864665638 4.9251345347793158
      vertex -0.44412124093067507 -19.955950864665638 5.3597463045366585
      vertex -0.4954760728339947 -19.102470337245556 5.9795069580400195
    endloop
  endfacet
  facet normal -0.199342 -0.583613 0.787184
    outer loop
      vertex -2.1603643072325305 -19.955950864665638 4.9251345347793158
      vertex -0.4954760728339947 -19.102470337245556 5.9795069580400195
      vertex -2.4101725479178171 -19.102470337245556 5.4946399599303444
    endloop
  endfacet
  facet normal -0.444139 -0.583613 0.679806
    outer loop
      vertex -3.6424983793396732 -19.955950864665638 3.9568080168423658
      vertex -2.1603643072325305 -19.955950864665638 4.9251345347793158
      vertex -2.4101725479178171 -19.102470337245556 5.4946399599303444
    endloop
  endfacet
  facet normal -0.245485 3.93476e-17 0.9694
    outer loop
      vertex -2.2541233536406371 -5.8883979464882321 5.534156982795964
      vertex -2.4101725479178171 -19.102470337245556 5.4946399599303444
      vertex -0.4954760728339947 -19.102470337245556 5.9795069580400195
    endloop
  endfacet
  facet normal -0.245485 -8.1908e-17 0.9694
    outer loop
      vertex -1.8553533004890186 -6.4564243710628197 5.6351392748321976
      vertex -2.2541233536406371 -5.8883979464882321 5.534156982795964
      vertex -0.4954760728339947 -19.102470337245556 5.9795069580400195
    endloop
  endfacet
  facet normal -0.245485 6.13244e-17 0.9694
    outer loop
      vertex -1.8553533004890186 -6.4564243710628197 5.6351392748321976
      vertex -0.4954760728339947 -19.102470337245556 5.9795069580400195
      vertex -1.1310199812134409 -6.4168153203452514 5.8185653826870158
    endloop
  endfacet
  facet normal -0.213825 -0.33658 0.917057
    outer loop
      vertex -1.8553533004890186 -6.4564243710628197 5.6351392748321976
      vertex -1.1310199812134409 -6.4168153203452514 5.8185653826870158
      vertex -1.7715092178093976 -5.9783547543347231 5.8301507734102005
    endloop
  endfacet
  facet normal -0.213825 -0.33658 0.917057
    outer loop
      vertex -1.7715092178093976 -5.9783547543347231 5.8301507734102005
      vertex -1.1310199812134409 -6.4168153203452514 5.8185653826870158
      vertex -0.03709416048407576 -6.3112502221213056 6.1123746081365944
    endloop
  endfacet
  facet normal -0.237862 -0.865424 0.44098
    outer loop
      vertex -1.7715092178093976 -5.9783547543347231 5.8301507734102005
      vertex -0.03709416048407576 -6.3112502221213056 6.1123746081365944
      vertex -0.49547607283399475 -5.9795069580400195 6.5161733428079298
    endloop
  endfacet
  facet normal -0.237862 -0.865424 0.44098
    outer loop
      vertex -1.7715092178093976 -5.9783547543347231 5.8301507734102005
      vertex -0.49547607283399475 -5.9795069580400195 6.5161733428079298
      vertex -0.60612352301658001 -5.9514872182448801 6.511479646533159
    endloop
  endfacet
  facet normal -0.235911 -0.867605 0.437729
    outer loop
      vertex -1.7715092178093976 -5.9783547543347231 5.8301507734102005
      vertex -0.60612352301658001 -5.9514872182448801 6.511479646533159
      vertex -1.8577569411116897 -5.6345305903600558 6.4651477604684295
    endloop
  endfacet
  facet normal -0.565648 -0.7549 0.331918
    outer loop
      vertex -2.4101725479178158 -5.4946399599303453 5.8418938837790861
      vertex -1.7715092178093976 -5.9783547543347231 5.8301507734102005
      vertex -1.8577569411116897 -5.6345305903600558 6.4651477604684295
    endloop
  endfacet
  facet normal -0.245485 -0.9694 0
    outer loop
      vertex -2.4101725479178158 -5.4946399599303453 5.8418938837790861
      vertex -1.8577569411116897 -5.6345305903600558 6.4651477604684295
      vertex -2.4101725479178158 -5.4946399599303453 19.102470337245553
    endloop
  endfacet
  facet normal -0.546948 -0.837166 0
    outer loop
      vertex -2.4101725479178158 -5.4946399599303453 5.8418938837790861
      vertex -2.4101725479178158 -5.4946399599303453 19.102470337245553
      vertex -4.0636894297544455 -4.4143434640387902 19.102470337245549
    endloop
  endfacet
  facet normal -0.546948 -0.837166 -5.06071e-17
    outer loop
      vertex -2.9494917619355201 -5.1422851315821951 5.724177811565192
      vertex -2.4101725479178158 -5.4946399599303453 5.8418938837790861
      vertex -4.0636894297544455 -4.4143434640387902 19.102470337245549
    endloop
  endfacet
  facet normal -0.546948 -0.837166 6.81232e-17
    outer loop
      vertex -2.9494917619355201 -5.1422851315821951 5.724177811565192
      vertex -4.0636894297544455 -4.4143434640387902 19.102470337245549
      vertex -3.3005138344528278 -4.9129509656680037 5.6531282549221178
    endloop
  endfacet
  facet normal -0.559317 -0.740934 0.371728
    outer loop
      vertex -3.2056146824880369 -5.2197859196257888 5.1843285581399936
      vertex -2.9494917619355201 -5.1422851315821951 5.724177811565192
      vertex -3.3005138344528278 -4.9129509656680037 5.6531282549221178
    endloop
  endfacet
  facet normal -0.766016 -0.597842 0.23623
    outer loop
      vertex -3.2056146824880369 -5.2197859196257888 5.1843285581399936
      vertex -3.3005138344528278 -4.9129509656680037 5.6531282549221178
      vertex -3.6908560434287945 -4.6579276724755436 5.0327798205184822
    endloop
  endfacet
  facet normal -0.737834 -0.5217 0.428287
    outer loop
      vertex -3.2056146824880369 -5.2197859196257888 5.1843285581399936
      vertex -3.6908560434287945 -4.6579276724755436 5.0327798205184822
      vertex -3.9195071535031558 -4.6463615588750118 4.6529584370830275
    endloop
  endfacet
  facet normal -0.735575 -0.432887 0.521093
    outer loop
      vertex -3.2056146824880369 -5.2197859196257888 5.1843285581399936
      vertex -3.9195071535031558 -4.6463615588750118 4.6529584370830275
      vertex -3.921903119278102 -4.8180168846886415 4.5069770839646131
    endloop
  endfacet
  facet normal -0.735575 -0.432887 0.521093
    outer loop
      vertex -3.6505054719988657 -5.0657413136704958 4.6842900165204107
      vertex -3.2056146824880369 -5.2197859196257888 5.1843285581399936
      vertex -3.921903119278102 -4.8180168846886415 4.5069770839646131
    endloop
  endfacet
  facet normal -0.546948 2.65382e-17 0.837166
    outer loop
      vertex -3.6505054719988657 -5.0657413136704958 4.6842900165204107
      vertex -3.921903119278102 -4.8180168846886415 4.5069770839646131
      vertex -2.4101725479178171 -19.102470337245556 5.4946399599303444
    endloop
  endfacet
  facet normal -0.546948 5.52616e-18 0.837166
    outer loop
      vertex -3.2993020954779859 -5.6502685068309066 4.9137426342519994
      vertex -3.6505054719988657 -5.0657413136704958 4.6842900165204107
      vertex -2.4101725479178171 -19.102470337245556 5.4946399599303444
    endloop
  endfacet
  facet normal -0.546948 5.47656e-17 0.837166
    outer loop
      vertex -3.2993020954779859 -5.6502685068309066 4.9137426342519994
      vertex -2.4101725479178171 -19.102470337245556 5.4946399599303444
      vertex -2.4101725479178158 -5.7412117248786307 5.4946399599303444
    endloop
  endfacet
  facet normal -0.535397 -0.362871 0.762676
    outer loop
      vertex -3.2993020954779859 -5.6502685068309066 4.9137426342519994
      vertex -2.4101725479178158 -5.7412117248786307 5.4946399599303444
      vertex -3.2056146824880369 -5.2197859196257888 5.1843285581399936
    endloop
  endfacet
  facet normal -0.535397 -0.362871 0.762676
    outer loop
      vertex -3.2056146824880369 -5.2197859196257888 5.1843285581399936
      vertex -2.4101725479178158 -5.7412117248786307 5.4946399599303444
      vertex -1.7715092178093976 -5.9783547543347231 5.8301507734102005
    endloop
  endfacet
  facet normal -0.535397 -0.362871 0.762676
    outer loop
      vertex -2.4101725479178158 -5.7412117248786307 5.4946399599303444
      vertex -2.2541233536406371 -5.8883979464882321 5.534156982795964
      vertex -1.7715092178093976 -5.9783547543347231 5.8301507734102005
    endloop
  endfacet
  facet normal -0.546948 -5.90257e-18 0.837166
    outer loop
      vertex -3.921903119278102 -4.8180168846886415 4.5069770839646131
      vertex -4.0636894297544455 -19.102470337245553 4.4143434640387902
      vertex -2.4101725479178171 -19.102470337245556 5.4946399599303444
    endloop
  endfacet
  facet normal -0.546948 0 0.837166
    outer loop
      vertex -4.0636894297544455 -4.4143434640387902 4.4143434640387902
      vertex -4.0636894297544455 -19.102470337245553 4.4143434640387902
      vertex -3.921903119278102 -4.8180168846886415 4.5069770839646131
    endloop
  endfacet
  facet normal -0.546948 -2.78484e-17 0.837166
    outer loop
      vertex -4.0636894297544455 -4.4143434640387902 4.4143434640387902
      vertex -3.921903119278102 -4.8180168846886415 4.5069770839646131
      vertex -3.8960309257354884 -4.5238802316325515 4.5238802316325515
    endloop
  endfacet
  facet normal -0.546948 -0.837166 1.94572e-15
    outer loop
      vertex -4.0636894297544455 -4.4143434640387902 4.4143434640387902
      vertex -3.8960309257354884 -4.5238802316325515 4.5238802316325515
      vertex -3.9219518516787804 -4.5069452454982093 4.8185709152236775
    endloop
  endfacet
  facet normal -0.546948 -0.837166 0
    outer loop
      vertex -4.0636894297544455 -4.4143434640387902 4.4143434640387902
      vertex -3.9219518516787804 -4.5069452454982093 4.8185709152236775
      vertex -4.0636894297544455 -4.4143434640387902 19.102470337245549
    endloop
  endfacet
  facet normal -0.789141 -0.614213 0
    outer loop
      vertex -4.0636894297544455 -4.4143434640387902 4.4143434640387902
      vertex -4.0636894297544455 -4.4143434640387902 19.102470337245549
      vertex -4.3059257538002278 -4.1031182285422689 4.4405475924104509
    endloop
  endfacet
  facet normal -0.789141 -0.614213 -3.90552e-16
    outer loop
      vertex -4.3059257538002278 -4.1031182285422689 4.4405475924104509
      vertex -4.0636894297544455 -4.4143434640387902 19.102470337245549
      vertex -4.3366675459491981 -4.0636211731818195 4.9224063150155137
    endloop
  endfacet
  facet normal -0.789141 -0.614213 -2.00882e-15
    outer loop
      vertex -4.3059257538002278 -4.1031182285422689 4.4405475924104509
      vertex -4.3366675459491981 -4.0636211731818195 4.9224063150155137
      vertex -4.3605563930137174 -4.0329287818458681 4.8568835631485516
    endloop
  endfacet
  facet normal -0.145829 -0.978503 0.145829
    outer loop
      vertex -4.3059257538002278 -4.1031182285422689 4.4405475924104509
      vertex -4.3605563930137174 -4.0329287818458681 4.8568835631485516
      vertex -4.4370675375566604 -4.0215232703846437 4.8569026567038156
    endloop
  endfacet
  facet normal -0.145829 -0.978503 0.145829
    outer loop
      vertex -4.3059257538002278 -4.1031182285422689 4.4405475924104509
      vertex -4.4370675375566604 -4.0215232703846437 4.8569026567038156
      vertex -4.4381336037158388 -4.0211288636304854 4.8584830341439247
    endloop
  endfacet
  facet normal -0.145829 -0.978503 0.145829
    outer loop
      vertex -4.531050443483803 -4.0407195354662786 4.6341140639569049
      vertex -4.3059257538002278 -4.1031182285422689 4.4405475924104509
      vertex -4.4381336037158388 -4.0211288636304854 4.8584830341439247
    endloop
  endfacet
  facet normal -0.600107 -0.736224 0.312803
    outer loop
      vertex -4.531050443483803 -4.0407195354662786 4.6341140639569049
      vertex -4.4381336037158388 -4.0211288636304854 4.8584830341439247
      vertex -4.9074066899752831 -3.3303355059462598 5.5840672399092348
    endloop
  endfacet
  facet normal -0.588768 -0.741671 0.321368
    outer loop
      vertex -5.3900276869903649 -3.007678699412037 5.4445182700281816
      vertex -4.531050443483803 -4.0407195354662786 4.6341140639569049
      vertex -4.9074066899752831 -3.3303355059462598 5.5840672399092348
    endloop
  endfacet
  facet normal -0.588768 -0.741671 0.321368
    outer loop
      vertex -5.3900276869903649 -3.007678699412037 5.4445182700281816
      vertex -4.9074066899752831 -3.3303355059462598 5.5840672399092348
      vertex -5.1158057902980012 -3.0625843363778893 5.8201968974667917
    endloop
  endfacet
  facet normal -0.745754 -0.465853 0.476269
    outer loop
      vertex -5.3900276869903649 -3.007678699412037 5.4445182700281816
      vertex -5.1158057902980012 -3.0625843363778893 5.8201968974667917
      vertex -5.2768425072389338 -2.8556843582224425 5.7704169022872014
    endloop
  endfacet
  facet normal -0.745754 -0.465853 0.476269
    outer loop
      vertex -5.3900276869903649 -3.007678699412037 5.4445182700281816
      vertex -5.2768425072389338 -2.8556843582224425 5.7704169022872014
      vertex -6.0784341458131115 -1.0714354466323905 6.2604942952875113
    endloop
  endfacet
  facet normal -0.488625 -0.480602 0.728194
    outer loop
      vertex -5.7894119296456443 -2.8556843582224425 5.2768425072389338
      vertex -5.3900276869903649 -3.007678699412037 5.4445182700281816
      vertex -6.0784341458131115 -1.0714354466323905 6.2604942952875113
    endloop
  endfacet
  facet normal -0.745754 -0.465853 0.476269
    outer loop
      vertex -5.2768425072389338 -2.8556843582224425 5.7704169022872014
      vertex -5.5156579291079417 -2.1600387997588673 6.076906418300287
      vertex -6.0784341458131115 -1.0714354466323905 6.2604942952875113
    endloop
  endfacet
  facet normal -0.819197 -0.47716 0.318176
    outer loop
      vertex -5.5156579291079417 -2.1600387997588673 6.076906418300287
      vertex -5.8746743486181794 -1.1142596968298251 6.7208857543732776
      vertex -6.0784341458131115 -1.0714354466323905 6.2604942952875113
    endloop
  endfacet
  facet normal -0.914443 1.40694e-15 0.404714
    outer loop
      vertex -6.0784341458131115 -1.0714354466323905 6.2604942952875113
      vertex -5.8746743486181794 -1.1142596968298251 6.7208857543732776
      vertex -5.9181678204163344 -0.98756754168440486 6.6226130665441776
    endloop
  endfacet
  facet normal -0.914443 0 0.404714
    outer loop
      vertex -6.0784341458131115 -1.0714354466323905 6.2604942952875113
      vertex -5.9181678204163344 -0.98756754168440486 6.6226130665441776
      vertex -6.0784341458131115 1.0714354466323905 6.2604942952875113
    endloop
  endfacet
  facet normal -0.914443 0 0.404714
    outer loop
      vertex -5.9181678204163344 -0.98756754168440486 6.6226130665441776
      vertex -5.9181678204163344 0.98756754168440486 6.6226130665441776
      vertex -6.0784341458131115 1.0714354466323905 6.2604942952875113
    endloop
  endfacet
  facet normal -0.914443 -1.40694e-15 0.404714
    outer loop
      vertex -6.0784341458131115 1.0714354466323905 6.2604942952875113
      vertex -5.9181678204163344 0.98756754168440486 6.6226130665441776
      vertex -5.8746743486181794 1.1142596968298251 6.7208857543732776
    endloop
  endfacet
  facet normal -0.819197 0.47716 0.318176
    outer loop
      vertex -6.0784341458131115 1.0714354466323905 6.2604942952875113
      vertex -5.8746743486181794 1.1142596968298251 6.7208857543732776
      vertex -5.5156579291079399 2.1600387997588726 6.0769064183002861
    endloop
  endfacet
  facet normal -0.745754 0.465853 0.476269
    outer loop
      vertex -6.0784341458131115 1.0714354466323905 6.2604942952875113
      vertex -5.5156579291079399 2.1600387997588726 6.0769064183002861
      vertex -5.3900276869903649 3.007678699412037 5.4445182700281816
    endloop
  endfacet
  facet normal -0.488625 0.480602 0.728194
    outer loop
      vertex -6.0784341458131115 1.0714354466323905 6.2604942952875113
      vertex -5.3900276869903649 3.007678699412037 5.4445182700281816
      vertex -5.7894119296456434 2.8556843582224425 5.2768425072389338
    endloop
  endfacet
  facet normal -0.488625 0.480602 0.728194
    outer loop
      vertex -6.0784341458131115 1.0714354466323905 6.2604942952875113
      vertex -5.7894119296456434 2.8556843582224425 5.2768425072389338
      vertex -5.9691165027415627 2.4749232611704484 5.4075579569639531
    endloop
  endfacet
  facet normal -0.413669 0.496137 0.763365
    outer loop
      vertex -6.7375570230850883 1.1168909062157872 5.8737710532950231
      vertex -6.0784341458131115 1.0714354466323905 6.2604942952875113
      vertex -5.9691165027415627 2.4749232611704484 5.4075579569639531
    endloop
  endfacet
  facet normal -0.506051 1.6096e-15 0.862503
    outer loop
      vertex -6.7375570230850883 1.1168909062157872 5.8737710532950231
      vertex -6.661888116463901 0.98756754168440486 5.9181678204163344
      vertex -6.0784341458131115 1.0714354466323905 6.2604942952875113
    endloop
  endfacet
  facet normal 0 0.324699 0.945817
    outer loop
      vertex -6.7375570230850883 1.1168909062157872 5.8737710532950231
      vertex -19.102470337245556 0.98756754168440486 5.9181678204163344
      vertex -6.661888116463901 0.98756754168440486 5.9181678204163344
    endloop
  endfacet
  facet normal -8.65186e-15 0.324699 0.945817
    outer loop
      vertex -6.7375570230850883 1.1168909062157872 5.8737710532950231
      vertex -5.9691165027415627 2.4749232611704484 5.4075579569639531
      vertex -5.7894119296456434 2.8556843582224425 5.2768425072389338
    endloop
  endfacet
  facet normal 0 0.324699 0.945817
    outer loop
      vertex -6.7375570230850883 1.1168909062157872 5.8737710532950231
      vertex -5.7894119296456434 2.8556843582224425 5.2768425072389338
      vertex -19.102470337245556 2.8556843582224425 5.2768425072389338
    endloop
  endfacet
  facet normal 0 0.614213 0.789141
    outer loop
      vertex -5.7894119296456434 2.8556843582224425 5.2768425072389338
      vertex -5.8263117086147647 3.0649127509737664 5.1139935124740008
      vertex -19.102470337245556 2.8556843582224425 5.2768425072389338
    endloop
  endfacet
  facet normal -8.3172e-18 0.614213 0.789141
    outer loop
      vertex -5.5442610658035427 3.3668985274073084 4.8789485480749279
      vertex -19.102470337245556 2.8556843582224425 5.2768425072389338
      vertex -5.8263117086147647 3.0649127509737664 5.1139935124740008
    endloop
  endfacet
  facet normal -0.332018 0.752647 0.568584
    outer loop
      vertex -5.5442610658035427 3.3668985274073084 4.8789485480749279
      vertex -5.8263117086147647 3.0649127509737664 5.1139935124740008
      vertex -5.3900276869903649 3.007678699412037 5.4445182700281816
    endloop
  endfacet
  facet normal -0.332018 0.752647 0.568584
    outer loop
      vertex -5.5442610658035427 3.3668985274073084 4.8789485480749279
      vertex -5.3900276869903649 3.007678699412037 5.4445182700281816
      vertex -4.6643590885571635 4.0407195354662777 4.5008054188835462
    endloop
  endfacet
  facet normal -0.297854 0.73249 0.612161
    outer loop
      vertex -5.5442610658035427 3.3668985274073084 4.8789485480749279
      vertex -4.6643590885571635 4.0407195354662777 4.5008054188835462
      vertex -4.8584830341439211 4.0226415492912935 4.4279835815811213
    endloop
  endfacet
  facet normal -0.297854 0.73249 0.612161
    outer loop
      vertex -5.5442610658035427 3.3668985274073084 4.8789485480749279
      vertex -4.8584830341439211 4.0226415492912935 4.4279835815811213
      vertex -4.9394033347307396 4.0705756070884158 4.3312546927701625
    endloop
  endfacet
  facet normal 0.379107 0.915245 0.136401
    outer loop
      vertex -4.8584830341439211 4.0326591294687928 4.3607662718832403
      vertex -4.9394033347307396 4.0705756070884158 4.3312546927701625
      vertex -4.8584830341439211 4.0226415492912935 4.4279835815811213
    endloop
  endfacet
  facet normal -0.145829 0.978503 0.145829
    outer loop
      vertex -4.8584830341439211 4.0326591294687928 4.3607662718832403
      vertex -4.8584830341439211 4.0226415492912935 4.4279835815811213
      vertex -4.4405475924104501 4.1031182285422689 4.3059257538002287
    endloop
  endfacet
  facet normal -1.28647e-15 0.614213 0.789141
    outer loop
      vertex -4.8584830341439211 4.0326591294687928 4.3607662718832403
      vertex -4.4405475924104501 4.1031182285422689 4.3059257538002287
      vertex -4.9394033347307396 4.0705756070884158 4.3312546927701625
    endloop
  endfacet
  facet normal -1.88329e-16 0.614213 0.789141
    outer loop
      vertex -4.9394033347307396 4.0705756070884158 4.3312546927701625
      vertex -4.4405475924104501 4.1031182285422689 4.3059257538002287
      vertex -19.102470337245556 4.4143434640387902 4.0636894297544455
    endloop
  endfacet
  facet normal 0 0.614213 0.789141
    outer loop
      vertex -4.4405475924104501 4.1031182285422689 4.3059257538002287
      vertex -4.371558680959712 4.4143434640387902 4.0636894297544455
      vertex -19.102470337245556 4.4143434640387902 4.0636894297544455
    endloop
  endfacet
  facet normal 0 0.837166 0.546948
    outer loop
      vertex -4.3970054375858414 4.4623006593672327 3.9902854777998726
      vertex -19.102470337245556 4.4143434640387902 4.0636894297544455
      vertex -4.371558680959712 4.4143434640387902 4.0636894297544455
    endloop
  endfacet
  facet normal -0.57735 0.57735 0.57735
    outer loop
      vertex -4.3970054375858414 4.4623006593672327 3.9902854777998726
      vertex -4.371558680959712 4.4143434640387902 4.0636894297544455
      vertex -4.3930676083608926 4.4653655948781665 3.991158371513889
    endloop
  endfacet
  facet normal -0.146781 -0.0919126 0.98489
    outer loop
      vertex -4.5819105291294449 4.629087137368578 3.9782935374851336
      vertex -4.3970054375858414 4.4623006593672327 3.9902854777998726
      vertex -4.3930676083608926 4.4653655948781665 3.991158371513889
    endloop
  endfacet
  facet normal -0.146781 -0.0919126 0.98489
    outer loop
      vertex -4.5819105291294449 4.629087137368578 3.9782935374851336
      vertex -4.3930676083608926 4.4653655948781665 3.991158371513889
      vertex -4.4274143062442484 4.858483034143922 4.0227263899574233
    endloop
  endfacet
  facet normal -0.62596 0.280645 0.727607
    outer loop
      vertex -4.8189096761746368 4.8654324959077258 3.6832424972436923
      vertex -4.5819105291294449 4.629087137368578 3.9782935374851336
      vertex -4.4274143062442484 4.858483034143922 4.0227263899574233
    endloop
  endfacet
  facet normal -0.62596 0.280645 0.727607
    outer loop
      vertex -4.8189096761746368 4.8654324959077258 3.6832424972436923
      vertex -4.4274143062442484 4.858483034143922 4.0227263899574233
      vertex -4.4294935644798592 4.8625067820622974 4.0193856056465815
    endloop
  endfacet
  facet normal -0.635512 0.226244 0.738199
    outer loop
      vertex -4.8189096761746368 4.8654324959077258 3.6832424972436923
      vertex -4.4294935644798592 4.8625067820622974 4.0193856056465815
      vertex -4.5245842289871243 5.0365610095602351 3.8841780993896617
    endloop
  endfacet
  facet normal -0.635512 0.226244 0.738199
    outer loop
      vertex -4.8189096761746368 4.8654324959077258 3.6832424972436923
      vertex -4.5245842289871243 5.0365610095602351 3.8841780993896617
      vertex -4.580951339204514 5.1494750105683043 3.8010458661812234
    endloop
  endfacet
  facet normal -0.635512 0.226244 0.738199
    outer loop
      vertex -4.8189096761746368 4.8654324959077258 3.6832424972436923
      vertex -4.580951339204514 5.1494750105683043 3.8010458661812234
      vertex -4.5563095142821268 5.282712136019323 3.7814251664986287
    endloop
  endfacet
  facet normal -0.675161 0.262699 0.689309
    outer loop
      vertex -5.0117567629251116 5.6475980717024017 3.1962665294794954
      vertex -4.8189096761746368 4.8654324959077258 3.6832424972436923
      vertex -4.5563095142821268 5.282712136019323 3.7814251664986287
    endloop
  endfacet
  facet normal -0.789141 1.97734e-17 0.614213
    outer loop
      vertex -5.0117567629251116 5.6475980717024017 3.1962665294794954
      vertex -4.5563095142821268 5.282712136019323 3.7814251664986287
      vertex -5.2768425072389338 19.110918581718863 2.855684358222442
    endloop
  endfacet
  facet normal -0.789141 5.64516e-17 0.614213
    outer loop
      vertex -5.1293881499853242 5.7834433009437163 3.0451337202948676
      vertex -5.0117567629251116 5.6475980717024017 3.1962665294794954
      vertex -5.2768425072389338 19.110918581718863 2.855684358222442
    endloop
  endfacet
  facet normal -0.789141 2.04448e-17 0.614213
    outer loop
      vertex -5.2768425072389338 5.7693941522103982 2.8556843582224425
      vertex -5.1293881499853242 5.7834433009437163 3.0451337202948676
      vertex -5.2768425072389338 19.110918581718863 2.855684358222442
    endloop
  endfacet
  facet normal -0.945817 1.0908e-17 0.324699
    outer loop
      vertex -5.3107088019506437 5.8311511927137234 2.7570352118924291
      vertex -5.2768425072389338 5.7693941522103982 2.8556843582224425
      vertex -5.2768425072389338 19.110918581718863 2.855684358222442
    endloop
  endfacet
  facet normal -0.945817 -1.42855e-17 0.324699
    outer loop
      vertex -5.3107088019506437 5.8311511927137234 2.7570352118924291
      vertex -5.2768425072389338 19.110918581718863 2.855684358222442
      vertex -5.9181678204163344 19.110918581718863 0.98756754168440475
    endloop
  endfacet
  facet normal -0.945817 4.74314e-17 0.324699
    outer loop
      vertex -5.5073873466710213 6.3773305358390653 2.1841301833601596
      vertex -5.3107088019506437 5.8311511927137234 2.7570352118924291
      vertex -5.9181678204163344 19.110918581718863 0.98756754168440475
    endloop
  endfacet
  facet normal -0.945817 -6.55928e-18 0.324699
    outer loop
      vertex -5.8395483723026462 6.6395297404832156 1.2165781703160143
      vertex -5.5073873466710213 6.3773305358390653 2.1841301833601596
      vertex -5.9181678204163344 19.110918581718863 0.98756754168440475
    endloop
  endfacet
  facet normal -0.945817 6.33683e-17 0.324699
    outer loop
      vertex -5.8646643616109113 6.6665655074829964 1.1434177928497029
      vertex -5.8395483723026462 6.6395297404832156 1.2165781703160143
      vertex -5.9181678204163344 19.110918581718863 0.98756754168440475
    endloop
  endfacet
  facet normal -0.945817 2.88109e-18 0.324699
    outer loop
      vertex -5.9181678204163344 6.5986748781637052 0.98756754168440486
      vertex -5.8646643616109113 6.6665655074829964 1.1434177928497029
      vertex -5.9181678204163344 19.110918581718863 0.98756754168440475
    endloop
  endfacet
  facet normal -1 0 0
    outer loop
      vertex -5.9181678204163344 6.5986748781637052 0.98756754168440486
      vertex -5.9181678204163344 19.110918581718863 0.98756754168440475
      vertex -5.9181678204163344 6.605161629185865 0.9458678155339344
    endloop
  endfacet
  facet normal -0.862138 0.500653 0.0778808
    outer loop
      vertex -6.2509433406300934 6.0085983994588785 1.0970284011321203
      vertex -5.9181678204163344 6.5986748781637052 0.98756754168440486
      vertex -5.9181678204163344 6.605161629185865 0.9458678155339344
    endloop
  endfacet
  facet normal -0.862138 0.500653 0.0778808
    outer loop
      vertex -6.289154441068634 6.1113440883481749 0.013537745816892191
      vertex -6.2509433406300934 6.0085983994588785 1.0970284011321203
      vertex -5.9181678204163344 6.605161629185865 0.9458678155339344
    endloop
  endfacet
  facet normal -0.884625 0.452582 0.11229
    outer loop
      vertex -6.289154441068634 6.1113440883481749 0.013537745816892191
      vertex -5.9181678204163344 6.605161629185865 0.9458678155339344
      vertex -5.9181678204163344 6.8359224852289886 0.015789652335332048
    endloop
  endfacet
  facet normal -0.885111 0.453505 -0.104461
    outer loop
      vertex -5.9181678204163344 6.615723584086334 -0.94018115083322129
      vertex -6.289154441068634 6.1113440883481749 0.013537745816892191
      vertex -5.9181678204163344 6.8359224852289886 0.015789652335332048
    endloop
  endfacet
  facet normal -1 0 0
    outer loop
      vertex -5.9181678204163344 6.615723584086334 -0.94018115083322129
      vertex -5.9181678204163344 6.8359224852289886 0.015789652335332048
      vertex -5.9181678204163344 19.110918581718863 -0.98756754168440486
    endloop
  endfacet
  facet normal -1 0 0
    outer loop
      vertex -5.9181678204163344 6.609051615149971 -0.98756754168440486
      vertex -5.9181678204163344 6.615723584086334 -0.94018115083322129
      vertex -5.9181678204163344 19.110918581718863 -0.98756754168440486
    endloop
  endfacet
  facet normal -0.945817 0 -0.324699
    outer loop
      vertex -5.8684841067503308 6.6742063340720659 -1.1322912553760995
      vertex -5.9181678204163344 6.609051615149971 -0.98756754168440486
      vertex -5.9181678204163344 19.110918581718863 -0.98756754168440486
    endloop
  endfacet
  facet normal -0.945817 2.48582e-17 -0.324699
    outer loop
      vertex -5.8684841067503308 6.6742063340720659 -1.1322912553760995
      vertex -5.9181678204163344 19.110918581718863 -0.98756754168440486
      vertex -5.2768425072389338 19.110918581718884 -2.8556843582224425
    endloop
  endfacet
  facet normal -0.945817 -7.65402e-17 -0.324699
    outer loop
      vertex -5.8684841067503308 6.6742063340720659 -1.1322912553760995
      vertex -5.2768425072389338 19.110918581718884 -2.8556843582224425
      vertex -5.8437373082776141 6.6471128650004836 -1.2043762166780589
    endloop
  endfacet
  facet normal -0.789877 0.433274 -0.434013
    outer loop
      vertex -6.254872117796662 6.0154452769830842 -1.0867283611452614
      vertex -5.8684841067503308 6.6742063340720659 -1.1322912553760995
      vertex -5.8437373082776141 6.6471128650004836 -1.2043762166780589
    endloop
  endfacet
  facet normal -0.789877 0.433274 -0.434013
    outer loop
      vertex -6.254872117796662 6.0154452769830842 -1.0867283611452614
      vertex -5.8437373082776141 6.6471128650004836 -1.2043762166780589
      vertex -5.8624582402024794 5.751822880947568 -2.0640706262461577
    endloop
  endfacet
  facet normal -0.368278 0.849809 -0.37709
    outer loop
      vertex -6.316354896159794 5.7272399110636716 -1.6761810894202402
      vertex -6.254872117796662 6.0154452769830842 -1.0867283611452614
      vertex -5.8624582402024794 5.751822880947568 -2.0640706262461577
    endloop
  endfacet
  facet normal -0.368278 0.849809 -0.37709
    outer loop
      vertex -6.3109092864377603 5.5240433418492385 -2.1394226070829196
      vertex -6.316354896159794 5.7272399110636716 -1.6761810894202402
      vertex -5.8624582402024794 5.751822880947568 -2.0640706262461577
    endloop
  endfacet
  facet normal 4.29213e-18 0.915773 -0.401695
    outer loop
      vertex -6.3109092864377603 5.5240433418492385 -2.1394226070829196
      vertex -19.102470337245556 5.8164015956359822 -1.4729129228447955
      vertex -6.316354896159794 5.7272399110636716 -1.6761810894202402
    endloop
  endfacet
  facet normal -7.34186e-18 0.915773 -0.401695
    outer loop
      vertex -6.316354896159794 5.7272399110636716 -1.6761810894202402
      vertex -19.102470337245556 5.8164015956359822 -1.4729129228447955
      vertex -6.3285632605288926 5.8164015956359822 -1.4729129228447957
    endloop
  endfacet
  facet normal -1.43545e-18 0.996584 -0.0825793
    outer loop
      vertex -6.3285632605288926 5.8164015956359822 -1.4729129228447957
      vertex -19.102470337245556 5.8164015956359822 -1.4729129228447955
      vertex -6.7363632293967681 5.8440378135175184 -1.1393933723014953
    endloop
  endfacet
  facet normal -0.268126 0.876214 -0.400447
    outer loop
      vertex -6.3285632605288926 5.8164015956359822 -1.4729129228447957
      vertex -6.7363632293967681 5.8440378135175184 -1.1393933723014953
      vertex -6.254872117796662 6.0154452769830842 -1.0867283611452614
    endloop
  endfacet
  facet normal -0.324986 0.941217 -0.0921622
    outer loop
      vertex -6.7363632293967681 5.8440378135175184 -1.1393933723014953
      vertex -6.7399684621797249 5.850888988805683 -1.0567119825181037
      vertex -6.254872117796662 6.0154452769830842 -1.0867283611452614
    endloop
  endfacet
  facet normal -0.324986 0.941217 -0.0921622
    outer loop
      vertex -6.7399684621797249 5.850888988805683 -1.0567119825181037
      vertex -6.289154441068634 6.1113440883481749 0.013537745816892191
      vertex -6.254872117796662 6.0154452769830842 -1.0867283611452614
    endloop
  endfacet
  facet normal -0.310437 0.945392 -0.0993065
    outer loop
      vertex -6.7399684621797249 5.850888988805683 -1.0567119825181037
      vertex -6.8122744167165727 5.9395896934979291 0.013746330144031711
      vertex -6.289154441068634 6.1113440883481749 0.013537745816892191
    endloop
  endfacet
  facet normal -0.309394 0.94249 0.126446
    outer loop
      vertex -6.8122744167165727 5.9395896934979291 0.013746330144031711
      vertex -6.4939489216201363 5.9794882718782354 0.49525056439770038
      vertex -6.289154441068634 6.1113440883481749 0.013537745816892191
    endloop
  endfacet
  facet normal -0.36034 0.927375 0.100649
    outer loop
      vertex -6.289154441068634 6.1113440883481749 0.013537745816892191
      vertex -6.4939489216201363 5.9794882718782354 0.49525056439770038
      vertex -6.4938378421224545 5.9795069580400195 0.4954760728339947
    endloop
  endfacet
  facet normal 5.4793e-12 0.996584 -0.0825793
    outer loop
      vertex -6.8122744167165727 5.9395896934979291 0.013746330144031711
      vertex -6.4938378421224545 5.9795069580400195 0.4954760728339947
      vertex -6.4939489216201363 5.9794882718782354 0.49525056439770038
    endloop
  endfacet
  facet normal 0 0.996584 -0.0825793
    outer loop
      vertex -6.8122744167165727 5.9395896934979291 0.013746330144031711
      vertex -19.102470337245556 5.9795069580400195 0.4954760728339947
      vertex -6.4938378421224545 5.9795069580400195 0.4954760728339947
    endloop
  endfacet
  facet normal 0 0.9694 0.245485
    outer loop
      vertex -6.4938378421224545 5.9795069580400195 0.4954760728339947
      vertex -19.102470337245556 5.9795069580400195 0.4954760728339947
      vertex -19.102470337245556 5.4946399599303444 2.4101725479178171
    endloop
  endfacet
  facet normal 2.63875e-16 0.9694 0.245485
    outer loop
      vertex -6.4938378421224545 5.9795069580400195 0.4954760728339947
      vertex -19.102470337245556 5.4946399599303444 2.4101725479178171
      vertex -6.7364448803584569 5.8145364842724039 1.1469297412569206
    endloop
  endfacet
  facet normal -0.36034 0.927375 0.100649
    outer loop
      vertex -6.4938378421224545 5.9795069580400195 0.4954760728339947
      vertex -6.7364448803584569 5.8145364842724039 1.1469297412569206
      vertex -6.2509433406300934 6.0085983994588785 1.0970284011321203
    endloop
  endfacet
  facet normal -0.314322 0.878733 0.359208
    outer loop
      vertex -6.7364448803584569 5.8145364842724039 1.1469297412569206
      vertex -6.7047719051858552 5.7960916703480931 1.2197666642525893
      vertex -6.2509433406300934 6.0085983994588785 1.0970284011321203
    endloop
  endfacet
  facet normal -0.314322 0.878733 0.359208
    outer loop
      vertex -6.7047719051858552 5.7960916703480931 1.2197666642525893
      vertex -5.8550514543715604 5.7459624774409095 2.0859394004622516
      vertex -6.2509433406300934 6.0085983994588785 1.0970284011321203
    endloop
  endfacet
  facet normal -0.790796 0.433817 0.431794
    outer loop
      vertex -6.2509433406300934 6.0085983994588785 1.0970284011321203
      vertex -5.8550514543715604 5.7459624774409095 2.0859394004622516
      vertex -5.8395483723026462 6.6395297404832156 1.2165781703160143
    endloop
  endfacet
  facet normal -0.311345 0.880928 0.356414
    outer loop
      vertex -6.7047719051858552 5.7960916703480931 1.2197666642525893
      vertex -6.2970351483476268 5.5549863815839799 2.1718699179706182
      vertex -5.8550514543715604 5.7459624774409095 2.0859394004622516
    endloop
  endfacet
  facet normal -0.235374 0.795791 0.557957
    outer loop
      vertex -6.2970351483476268 5.5549863815839799 2.1718699179706182
      vertex -5.9361643993304698 5.4946399599303444 2.4101725479178171
      vertex -5.8550514543715604 5.7459624774409095 2.0859394004622516
    endloop
  endfacet
  facet normal -0.235374 0.795791 0.557957
    outer loop
      vertex -5.9361643993304698 5.4946399599303444 2.4101725479178171
      vertex -5.9000458807297607 5.3486350282929624 2.6336497323870414
      vertex -5.8550514543715604 5.7459624774409095 2.0859394004622516
    endloop
  endfacet
  facet normal -0.383391 0.762276 0.521485
    outer loop
      vertex -5.8550514543715604 5.7459624774409095 2.0859394004622516
      vertex -5.9000458807297607 5.3486350282929624 2.6336497323870414
      vertex -5.4567729810581289 5.336516235363435 2.9772541224512588
    endloop
  endfacet
  facet normal -0.72127 0.448131 0.528155
    outer loop
      vertex -5.8550514543715604 5.7459624774409095 2.0859394004622516
      vertex -5.4567729810581289 5.336516235363435 2.9772541224512588
      vertex -5.2768425072389338 5.7693941522103982 2.8556843582224425
    endloop
  endfacet
  facet normal -0.383391 0.762276 0.521485
    outer loop
      vertex -5.8741623696724945 5.0723396243111463 3.0565513307864367
      vertex -5.4567729810581289 5.336516235363435 2.9772541224512588
      vertex -5.9000458807297607 5.3486350282929624 2.6336497323870414
    endloop
  endfacet
  facet normal 3.30742e-17 0.837166 0.546948
    outer loop
      vertex -5.8741623696724945 5.0723396243111463 3.0565513307864367
      vertex -5.9000458807297607 5.3486350282929624 2.6336497323870414
      vertex -19.102470337245556 4.4143434640387902 4.0636894297544455
    endloop
  endfacet
  facet normal 4.57405e-16 0.837166 0.546948
    outer loop
      vertex -5.8741623696724945 5.0723396243111463 3.0565513307864367
      vertex -19.102470337245556 4.4143434640387902 4.0636894297544455
      vertex -5.7861054972479122 5.0108599013949213 3.1506530520446532
    endloop
  endfacet
  facet normal -4.19876e-17 0.837166 0.546948
    outer loop
      vertex -5.2279434246033807 4.5878677105149981 3.7980907982235768
      vertex -5.7861054972479122 5.0108599013949213 3.1506530520446532
      vertex -19.102470337245556 4.4143434640387902 4.0636894297544455
    endloop
  endfacet
  facet normal 1.83165e-17 0.837166 0.546948
    outer loop
      vertex -5.2279434246033807 4.5878677105149981 3.7980907982235768
      vertex -19.102470337245556 4.4143434640387902 4.0636894297544455
      vertex -4.8657681335750107 4.502793423719937 3.9283066879916442
    endloop
  endfacet
  facet normal -0.157589 0.566819 0.80863
    outer loop
      vertex -5.2279434246033807 4.5878677105149981 3.7980907982235768
      vertex -4.8657681335750107 4.502793423719937 3.9283066879916442
      vertex -4.8584830341439211 4.5083800036291111 3.9258104560128868
    endloop
  endfacet
  facet normal -0.157589 0.566819 0.80863
    outer loop
      vertex -5.2279434246033807 4.5878677105149981 3.7980907982235768
      vertex -4.8584830341439211 4.5083800036291111 3.9258104560128868
      vertex -4.8189096761746368 4.8654324959077258 3.6832424972436923
    endloop
  endfacet
  facet normal -0.157589 0.566819 0.80863
    outer loop
      vertex -4.8189096761746368 4.8654324959077258 3.6832424972436923
      vertex -4.8584830341439211 4.5083800036291111 3.9258104560128868
      vertex -4.835409805717668 4.5097119314946168 3.9293734217551144
    endloop
  endfacet
  facet normal -0.146781 -0.0919126 0.98489
    outer loop
      vertex -4.8584830341439211 4.5083800036291111 3.9258104560128868
      vertex -4.3970054375858414 4.4623006593672327 3.9902854777998726
      vertex -4.835409805717668 4.5097119314946168 3.9293734217551144
    endloop
  endfacet
  facet normal -0.146781 -0.0919126 0.98489
    outer loop
      vertex -4.8584830341439211 4.5083800036291111 3.9258104560128868
      vertex -4.8584830341439211 4.5046516162179424 3.92546251264086
      vertex -4.3970054375858414 4.4623006593672327 3.9902854777998726
    endloop
  endfacet
  facet normal -1.5492e-14 0.837166 0.546948
    outer loop
      vertex -4.8657681335750107 4.502793423719937 3.9283066879916442
      vertex -4.3970054375858414 4.4623006593672327 3.9902854777998726
      vertex -4.8584830341439211 4.5046516162179424 3.92546251264086
    endloop
  endfacet
  facet normal 0.381269 -0.0859003 0.920465
    outer loop
      vertex -4.8584830341439211 4.5083800036291111 3.9258104560128868
      vertex -4.8657681335750107 4.502793423719937 3.9283066879916442
      vertex -4.8584830341439211 4.5046516162179424 3.92546251264086
    endloop
  endfacet
  facet normal -0.271689 0.681527 0.679489
    outer loop
      vertex -5.2279434246033807 4.5878677105149981 3.7980907982235768
      vertex -4.8189096761746368 4.8654324959077258 3.6832424972436923
      vertex -5.7861054972479122 5.0108599013949213 3.1506530520446532
    endloop
  endfacet
  facet normal -0.284538 0.658649 0.696577
    outer loop
      vertex -5.7861054972479122 5.0108599013949213 3.1506530520446532
      vertex -4.8189096761746368 4.8654324959077258 3.6832424972436923
      vertex -5.4567729810581289 5.336516235363435 2.9772541224512588
    endloop
  endfacet
  facet normal -0.284538 0.658649 0.696577
    outer loop
      vertex -5.8741623696724945 5.0723396243111463 3.0565513307864367
      vertex -5.7861054972479122 5.0108599013949213 3.1506530520446532
      vertex -5.4567729810581289 5.336516235363435 2.9772541224512588
    endloop
  endfacet
  facet normal 1.23839e-16 0.837166 0.546948
    outer loop
      vertex -5.9361643993304698 5.4946399599303444 2.4101725479178171
      vertex -19.102470337245556 4.4143434640387902 4.0636894297544455
      vertex -5.9000458807297607 5.3486350282929624 2.6336497323870414
    endloop
  endfacet
  facet normal 0 0.837166 0.546948
    outer loop
      vertex -5.9361643993304698 5.4946399599303444 2.4101725479178171
      vertex -19.102470337245556 5.4946399599303444 2.4101725479178171
      vertex -19.102470337245556 4.4143434640387902 4.0636894297544455
    endloop
  endfacet
  facet normal -0.583613 0.679806 0.444139
    outer loop
      vertex -19.955950864665638 4.9251345347793158 2.1603643072325305
      vertex -19.102470337245556 4.4143434640387902 4.0636894297544455
      vertex -19.102470337245556 5.4946399599303444 2.4101725479178171
    endloop
  endfacet
  facet normal -0.583613 0.787184 0.199342
    outer loop
      vertex -19.955950864665638 4.9251345347793158 2.1603643072325305
      vertex -19.102470337245556 5.4946399599303444 2.4101725479178171
      vertex -19.955950864665638 5.3597463045366585 0.44412124093067507
    endloop
  endfacet
  facet normal -0.986319 0.159805 0.0404682
    outer loop
      vertex -19.955950864665638 4.9251345347793158 2.1603643072325305
      vertex -19.955950864665638 5.3597463045366585 0.44412124093067507
      vertex -20 5.0934622035606552 0.4220563112407249
    endloop
  endfacet
  facet normal -0.986319 0.159805 0.0404682
    outer loop
      vertex -19.955950864665638 4.9251345347793158 2.1603643072325305
      vertex -20 5.0934622035606552 0.4220563112407249
      vertex -20 4.6804429118438247 2.0530326100503085
    endloop
  endfacet
  facet normal -0.986319 0.164286 -0.0136132
    outer loop
      vertex -19.955950864665638 5.3597463045366585 0.44412124093067507
      vertex -20 4.9545258323125241 -1.254656337770216
      vertex -20 5.0934622035606552 0.4220563112407249
    endloop
  endfacet
  facet normal -1 0 0
    outer loop
      vertex -20 4.2786897097440919 -2.7954075045848148
      vertex -20 5.0934622035606552 0.4220563112407249
      vertex -20 4.9545258323125241 -1.254656337770216
    endloop
  endfacet
  facet normal -0.986319 0.164286 -0.0136132
    outer loop
      vertex -19.955950864665638 5.2135463971647473 -1.3202492530771039
      vertex -20 4.9545258323125241 -1.254656337770216
      vertex -19.955950864665638 5.3597463045366585 0.44412124093067507
    endloop
  endfacet
  facet normal -0.583613 0.809258 -0.067057
    outer loop
      vertex -19.955950864665638 5.2135463971647473 -1.3202492530771039
      vertex -19.955950864665638 5.3597463045366585 0.44412124093067507
      vertex -19.102470337245556 5.9795069580400195 0.4954760728339947
    endloop
  endfacet
  facet normal 0 0.9694 0.245485
    outer loop
      vertex -6.2970351483476268 5.5549863815839799 2.1718699179706182
      vertex -19.102470337245556 5.4946399599303444 2.4101725479178171
      vertex -5.9361643993304698 5.4946399599303444 2.4101725479178171
    endloop
  endfacet
  facet normal 3.50306e-17 0.9694 0.245485
    outer loop
      vertex -6.7047719051858552 5.7960916703480931 1.2197666642525893
      vertex -19.102470337245556 5.4946399599303444 2.4101725479178171
      vertex -6.2970351483476268 5.5549863815839799 2.1718699179706182
    endloop
  endfacet
  facet normal -3.64675e-16 0.9694 0.245485
    outer loop
      vertex -6.7364448803584569 5.8145364842724039 1.1469297412569206
      vertex -19.102470337245556 5.4946399599303444 2.4101725479178171
      vertex -6.7047719051858552 5.7960916703480931 1.2197666642525893
    endloop
  endfacet
  facet normal -0.583613 0.787184 0.199342
    outer loop
      vertex -19.955950864665638 5.3597463045366585 0.44412124093067507
      vertex -19.102470337245556 5.4946399599303444 2.4101725479178171
      vertex -19.102470337245556 5.9795069580400195 0.4954760728339947
    endloop
  endfacet
  facet normal 8.43232e-18 0.996584 -0.0825793
    outer loop
      vertex -6.7399684621797249 5.850888988805683 -1.0567119825181037
      vertex -19.102470337245556 5.9795069580400195 0.4954760728339947
      vertex -6.8122744167165727 5.9395896934979291 0.013746330144031711
    endloop
  endfacet
  facet normal -1.00338e-16 0.996584 -0.0825793
    outer loop
      vertex -6.7363632293967681 5.8440378135175184 -1.1393933723014953
      vertex -19.102470337245556 5.9795069580400195 0.4954760728339947
      vertex -6.7399684621797249 5.850888988805683 -1.0567119825181037
    endloop
  endfacet
  facet normal -2.18752e-17 0.996584 -0.0825793
    outer loop
      vertex -6.7363632293967681 5.8440378135175184 -1.1393933723014953
      vertex -19.102470337245556 5.8164015956359822 -1.4729129228447955
      vertex -19.102470337245556 5.9795069580400195 0.4954760728339947
    endloop
  endfacet
  facet normal -0.268126 0.876214 -0.400447
    outer loop
      vertex -6.316354896159794 5.7272399110636716 -1.6761810894202402
      vertex -6.3285632605288926 5.8164015956359822 -1.4729129228447957
      vertex -6.254872117796662 6.0154452769830842 -1.0867283611452614
    endloop
  endfacet
  facet normal -0.829704 0.395554 -0.393864
    outer loop
      vertex -5.8624582402024794 5.751822880947568 -2.0640706262461577
      vertex -5.8437373082776141 6.6471128650004836 -1.2043762166780589
      vertex -5.5148024008383238 6.3830173801467112 -2.1625308684713573
    endloop
  endfacet
  facet normal -0.759626 0.331074 -0.559784
    outer loop
      vertex -5.3104480529146594 5.8454144404556088 -2.7577947478861149
      vertex -5.8624582402024794 5.751822880947568 -2.0640706262461577
      vertex -5.5148024008383238 6.3830173801467112 -2.1625308684713573
    endloop
  endfacet
  facet normal -0.945817 4.99499e-17 -0.324699
    outer loop
      vertex -5.3104480529146594 5.8454144404556088 -2.7577947478861149
      vertex -5.5148024008383238 6.3830173801467112 -2.1625308684713573
      vertex -5.2768425072389338 19.110918581718884 -2.8556843582224425
    endloop
  endfacet
  facet normal -0.945817 0 -0.324699
    outer loop
      vertex -5.2768425072389338 5.7855970995652717 -2.8556843582224425
      vertex -5.3104480529146594 5.8454144404556088 -2.7577947478861149
      vertex -5.2768425072389338 19.110918581718884 -2.8556843582224425
    endloop
  endfacet
  facet normal -0.945817 -2.12077e-17 -0.324699
    outer loop
      vertex -5.5148024008383238 6.3830173801467112 -2.1625308684713573
      vertex -5.8437373082776141 6.6471128650004836 -1.2043762166780589
      vertex -5.2768425072389338 19.110918581718884 -2.8556843582224425
    endloop
  endfacet
  facet normal -0.933556 0.1605 -0.32049
    outer loop
      vertex -5.8747194578741704 19.378115294937455 -0.98031729230182485
      vertex -5.2768425072389338 19.110918581718884 -2.8556843582224425
      vertex -5.9181678204163344 19.110918581718863 -0.98756754168440486
    endloop
  endfacet
  facet normal -0.987036 0.1605 0
    outer loop
      vertex -5.8747194578741704 19.378115294937455 -0.98031729230182485
      vertex -5.9181678204163344 19.110918581718863 -0.98756754168440486
      vertex -5.8747194578741704 19.378115294937455 0.98031729230182485
    endloop
  endfacet
  facet normal -0.594178 0.804334 0
    outer loop
      vertex -5.8747194578741704 19.378115294937455 -0.98031729230182485
      vertex -5.8747194578741704 19.378115294937455 0.98031729230182485
      vertex -5.0328792924192536 20 0.83983901457853127
    endloop
  endfacet
  facet normal -0.594178 0.804334 0
    outer loop
      vertex -5.8747194578741704 19.378115294937455 -0.98031729230182485
      vertex -5.0328792924192536 20 0.83983901457853127
      vertex -5.0328792924192536 20 -0.83983901457853127
    endloop
  endfacet
  facet normal -0.561984 0.804334 -0.192929
    outer loop
      vertex -5.2381024489490207 19.378115294937455 -2.8347192870945159
      vertex -5.8747194578741704 19.378115294937455 -0.98031729230182485
      vertex -5.0328792924192536 20 -0.83983901457853127
    endloop
  endfacet
  facet normal -0.561984 0.804334 -0.192929
    outer loop
      vertex -5.2381024489490207 19.378115294937455 -2.8347192870945159
      vertex -5.0328792924192536 20 -0.83983901457853127
      vertex -4.4874887279171869 20 -2.4285074550610197
    endloop
  endfacet
  facet normal -0.46889 0.804334 -0.364952
    outer loop
      vertex -5.2381024489490207 19.378115294937455 -2.8347192870945159
      vertex -4.4874887279171869 20 -2.4285074550610197
      vertex -4.0338557621464339 19.378115294937455 -4.3819354619288235
    endloop
  endfacet
  facet normal -0.77891 0.1605 -0.60625
    outer loop
      vertex -5.2381024489490207 19.378115294937455 -2.8347192870945159
      vertex -4.0338557621464339 19.378115294937455 -4.3819354619288235
      vertex -4.0636894297544455 19.110918581718863 -4.4143434640387902
    endloop
  endfacet
  facet normal -0.77891 0.1605 -0.60625
    outer loop
      vertex -5.2381024489490207 19.378115294937455 -2.8347192870945159
      vertex -4.0636894297544455 19.110918581718863 -4.4143434640387902
      vertex -5.2768425072389338 19.110918581718884 -2.8556843582224425
    endloop
  endfacet
  facet normal -0.789141 2.21775e-17 -0.614213
    outer loop
      vertex -5.1379102653466946 5.8045609397938946 -3.0341845062547401
      vertex -5.2768425072389338 19.110918581718884 -2.8556843582224425
      vertex -4.0636894297544455 19.110918581718863 -4.4143434640387902
    endloop
  endfacet
  facet normal -0.46889 0.804334 -0.364952
    outer loop
      vertex -4.0338557621464339 19.378115294937455 -4.3819354619288235
      vertex -4.4874887279171869 20 -2.4285074550610197
      vertex -3.4558091291833928 20 -3.7540094306119522
    endloop
  endfacet
  facet normal -0.324984 0.804334 -0.497426
    outer loop
      vertex -2.3924782117940833 19.378115294937455 -5.4543009367289184
      vertex -4.0338557621464339 19.378115294937455 -4.3819354619288235
      vertex -3.4558091291833928 20 -3.7540094306119522
    endloop
  endfacet
  facet normal -0.324984 0.804334 -0.497426
    outer loop
      vertex -2.3924782117940833 19.378115294937455 -5.4543009367289184
      vertex -3.4558091291833928 20 -3.7540094306119522
      vertex -2.0496389888990323 20 -4.672706234898115
    endloop
  endfacet
  facet normal -0.145862 0.804334 -0.575996
    outer loop
      vertex -2.3924782117940833 19.378115294937455 -5.4543009367289184
      vertex -2.0496389888990323 20 -4.672706234898115
      vertex -0.49183852406946238 19.378115294937455 -5.9356082728354425
    endloop
  endfacet
  facet normal -0.242303 0.1605 -0.956833
    outer loop
      vertex -2.3924782117940833 19.378115294937455 -5.4543009367289184
      vertex -0.49183852406946238 19.378115294937455 -5.9356082728354425
      vertex -0.49547607283399608 19.110918581718863 -5.9795069580400195
    endloop
  endfacet
  facet normal -0.242303 0.1605 -0.956833
    outer loop
      vertex -2.3924782117940833 19.378115294937455 -5.4543009367289184
      vertex -0.49547607283399608 19.110918581718863 -5.9795069580400195
      vertex -2.4101725479178158 19.110918581718863 -5.4946399599303453
    endloop
  endfacet
  facet normal -0.245485 -1.22145e-17 -0.9694
    outer loop
      vertex -2.2642882016227412 5.8804855590459697 -5.5315828936954414
      vertex -2.4101725479178158 19.110918581718863 -5.4946399599303453
      vertex -0.49547607283399608 19.110918581718863 -5.9795069580400195
    endloop
  endfacet
  facet normal 0.0815088 0.1605 -0.983665
    outer loop
      vertex -0.49183852406946238 19.378115294937455 -5.9356082728354425
      vertex 1.4729129228447957 19.11091858171886 -5.8164015956359822
      vertex -0.49547607283399608 19.110918581718863 -5.9795069580400195
    endloop
  endfacet
  facet normal 0.0825793 8.64268e-18 -0.996584
    outer loop
      vertex -0.49547607283399475 6.381328913244964 -5.9795069580400195
      vertex -0.49547607283399608 19.110918581718863 -5.9795069580400195
      vertex 1.4729129228447957 19.11091858171886 -5.8164015956359822
    endloop
  endfacet
  facet normal 0.0825793 9.85052e-17 -0.996584
    outer loop
      vertex -0.49547607283399475 6.381328913244964 -5.9795069580400195
      vertex 1.4729129228447957 19.11091858171886 -5.8164015956359822
      vertex -0.040110125114285751 6.82968117554275 -5.9417742598323322
    endloop
  endfacet
  facet normal -0.220635 0.302134 -0.927381
    outer loop
      vertex -0.49547607283399475 6.381328913244964 -5.9795069580400195
      vertex -0.040110125114285751 6.82968117554275 -5.9417742598323322
      vertex -0.03390357149318711 6.311107254734698 -6.1121983894293548
    endloop
  endfacet
  facet normal 0.20325 0.30789 -0.929459
    outer loop
      vertex -0.03390357149318711 6.311107254734698 -6.1121983894293548
      vertex -0.040110125114285751 6.82968117554275 -5.9417742598323322
      vertex 0.92245808114038363 6.4350349908769884 -5.8620135842420726
    endloop
  endfacet
  facet normal 0.175636 0.431214 -0.884989
    outer loop
      vertex -0.03390357149318711 6.311107254734698 -6.1121983894293548
      vertex 0.92245808114038363 6.4350349908769884 -5.8620135842420726
      vertex 1.7652618456380544 6.0415940947087101 -5.886455438913142
    endloop
  endfacet
  facet normal 0.189589 0.840523 -0.50752
    outer loop
      vertex -0.03390357149318711 6.311107254734698 -6.1121983894293548
      vertex 1.7652618456380544 6.0415940947087101 -5.886455438913142
      vertex 1.4729129228447957 5.8164015956359822 -6.368614507300169
    endloop
  endfacet
  facet normal 0.189589 0.840523 -0.50752
    outer loop
      vertex 1.4729129228447957 5.8164015956359822 -6.368614507300169
      vertex 1.7652618456380544 6.0415940947087101 -5.886455438913142
      vertex 1.8272893850642553 5.6609576671714859 -6.4936705798698098
    endloop
  endfacet
  facet normal 0.571907 0.720072 -0.392961
    outer loop
      vertex 1.8272893850642553 5.6609576671714859 -6.4936705798698098
      vertex 1.7652618456380544 6.0415940947087101 -5.886455438913142
      vertex 2.0464446091965987 5.5648272730440338 -6.3508685283448498
    endloop
  endfacet
  facet normal 0.401695 0.915773 -4.21363e-17
    outer loop
      vertex 1.8272893850642553 5.6609576671714859 -6.4936705798698098
      vertex 2.0464446091965987 5.5648272730440338 -6.3508685283448498
      vertex 1.4729129228447957 5.8164015956359822 -19.11091858171886
    endloop
  endfacet
  facet normal 0.571907 0.720072 -0.392961
    outer loop
      vertex 2.0464446091965987 5.5648272730440338 -6.3508685283448498
      vertex 1.7652618456380544 6.0415940947087101 -5.886455438913142
      vertex 3.2438651802147627 5.2338761074658438 -5.2146110928783846
    endloop
  endfacet
  facet normal 0.537085 0.771389 -0.341318
    outer loop
      vertex 2.0464446091965987 5.5648272730440338 -6.3508685283448498
      vertex 3.2438651802147627 5.2338761074658438 -5.2146110928783846
      vertex 3.2816889487345611 5.0229988695751713 -5.6316824544839683
    endloop
  endfacet
  facet normal 0.401695 0.915773 0
    outer loop
      vertex 2.0464446091965987 5.5648272730440338 -6.3508685283448498
      vertex 3.2816889487345611 5.0229988695751713 -5.6316824544839683
      vertex 3.2816889487345611 5.0229988695751713 -19.110918581718863
    endloop
  endfacet
  facet normal 0.677282 0.735724 0
    outer loop
      vertex 3.3538585508615757 4.9565620706033009 -5.6682683121328727
      vertex 3.2816889487345611 5.0229988695751713 -19.110918581718863
      vertex 3.2816889487345611 5.0229988695751713 -5.6316824544839683
    endloop
  endfacet
  facet normal 0.677282 0.735724 2.40638e-17
    outer loop
      vertex 3.3538585508615757 4.9565620706033009 -5.6682683121328727
      vertex 4.0520219722846145 4.3138573651379382 -4.9671669482305285
      vertex 3.2816889487345611 5.0229988695751713 -19.110918581718863
    endloop
  endfacet
  facet normal 0.677282 0.735724 -4.20003e-17
    outer loop
      vertex 4.0520219722846145 4.3138573651379382 -4.9671669482305285
      vertex 4.4245099168506439 3.9709580562429667 -4.4396071647472439
      vertex 3.2816889487345611 5.0229988695751713 -19.110918581718863
    endloop
  endfacet
  facet normal 0.677282 0.735724 5.62011e-16
    outer loop
      vertex 4.4487631544640367 3.9486313781922533 -4.7998920384311896
      vertex 3.2816889487345611 5.0229988695751713 -19.110918581718863
      vertex 4.4245099168506439 3.9709580562429667 -4.4396071647472439
    endloop
  endfacet
  facet normal 0.0578663 0.996646 -0.0578663
    outer loop
      vertex 4.4487631544640367 3.9486313781922533 -4.7998920384311896
      vertex 4.4245099168506439 3.9709580562429667 -4.4396071647472439
      vertex 4.4396071647472439 3.9709580562429667 -4.4245099168506439
    endloop
  endfacet
  facet normal 0.0578663 0.996646 -0.0578663
    outer loop
      vertex 4.4487631544640367 3.9486313781922533 -4.7998920384311896
      vertex 4.4396071647472439 3.9709580562429667 -4.4245099168506439
      vertex 4.5933329810215069 3.9539981617827844 -4.5628887194859686
    endloop
  endfacet
  facet normal 0.557552 0.749423 -0.357072
    outer loop
      vertex 4.7348430563783612 3.6852762761380067 -4.9059212172977382
      vertex 4.4487631544640367 3.9486313781922533 -4.7998920384311896
      vertex 4.5933329810215069 3.9539981617827844 -4.5628887194859686
    endloop
  endfacet
  facet normal 0.557552 0.749423 -0.357072
    outer loop
      vertex 4.7348430563783612 3.6852762761380067 -4.9059212172977382
      vertex 4.5933329810215069 3.9539981617827844 -4.5628887194859686
      vertex 5.1804792592519524 3.213531589266442 -5.2001788775858104
    endloop
  endfacet
  facet normal 0.557552 0.749423 -0.357072
    outer loop
      vertex 4.8086098098118537 3.5489672547932374 -5.0768234362691711
      vertex 4.7348430563783612 3.6852762761380067 -4.9059212172977382
      vertex 5.1804792592519524 3.213531589266442 -5.2001788775858104
    endloop
  endfacet
  facet normal 0.625222 0.759375 -0.180132
    outer loop
      vertex 4.9333801434149827 3.3184118721216036 -5.6156976098028064
      vertex 4.8086098098118537 3.5489672547932374 -5.0768234362691711
      vertex 5.1804792592519524 3.213531589266442 -5.2001788775858104
    endloop
  endfacet
  facet normal 0.771323 0.550265 -0.319796
    outer loop
      vertex 4.9333801434149827 3.3184118721216036 -5.6156976098028064
      vertex 5.1804792592519524 3.213531589266442 -5.2001788775858104
      vertex 5.0850951499500905 3.0380670948126651 -5.7321551108770423
    endloop
  endfacet
  facet normal 0.879474 0.475947 1.43551e-17
    outer loop
      vertex 4.9333801434149827 3.3184118721216036 -5.6156976098028064
      vertex 5.0850951499500905 3.0380670948126651 -5.7321551108770423
      vertex 4.7348430563783612 3.6852762761380067 -19.11091858171886
    endloop
  endfacet
  facet normal 0.879474 0.475947 1.3077e-17
    outer loop
      vertex 5.674903450203808 1.9481968152281008 -6.2762632652681534
      vertex 4.7348430563783612 3.6852762761380067 -19.11091858171886
      vertex 5.0850951499500905 3.0380670948126651 -5.7321551108770423
    endloop
  endfacet
  facet normal 0.80184 0.550248 -0.232982
    outer loop
      vertex 5.674903450203808 1.9481968152281008 -6.2762632652681534
      vertex 5.0850951499500905 3.0380670948126651 -5.7321551108770423
      vertex 5.8624066141846773 1.7895475706089818 -6.0056369751446868
    endloop
  endfacet
  facet normal 0.80184 0.550248 -0.232982
    outer loop
      vertex 5.6886711559107574 1.8656914781887164 -6.4237378582099813
      vertex 5.674903450203808 1.9481968152281008 -6.2762632652681534
      vertex 5.8624066141846773 1.7895475706089818 -6.0056369751446868
    endloop
  endfacet
  facet normal 0.913301 0.226984 -0.33817
    outer loop
      vertex 5.7381538478249068 1.5691579626638823 -6.4891364945192294
      vertex 5.6886711559107574 1.8656914781887164 -6.4237378582099813
      vertex 5.8624066141846773 1.7895475706089818 -6.0056369751446868
    endloop
  endfacet
  facet normal 0.913301 0.226984 -0.33817
    outer loop
      vertex 6.1718847050625474 -4.5828716261797064e-17 -6.3709932729367749
      vertex 5.7381538478249068 1.5691579626638823 -6.4891364945192294
      vertex 5.8624066141846773 1.7895475706089818 -6.0056369751446868
    endloop
  endfacet
  facet normal 0.441014 0.252124 -0.86136
    outer loop
      vertex 6.1718847050625474 -4.5828716261797064e-17 -6.3709932729367749
      vertex 5.8624066141846773 1.7895475706089818 -6.0056369751446868
      vertex 6.8938976990122276 0.010524698843576496 -5.9982437383867238
    endloop
  endfacet
  facet normal 0.441014 0.252124 -0.86136
    outer loop
      vertex 6.1718847050625474 -4.5828716261797064e-17 -6.3709932729367749
      vertex 6.8938976990122276 0.010524698843576496 -5.9982437383867238
      vertex 6.8964843584205182 0 -6
    endloop
  endfacet
  facet normal 0.441014 -0.252124 -0.86136
    outer loop
      vertex 6.8938976990122276 -0.010524698843576649 -5.9982437383867238
      vertex 6.1718847050625474 -4.5828716261797064e-17 -6.3709932729367749
      vertex 6.8964843584205182 0 -6
    endloop
  endfacet
  facet normal -1.03489e-14 -0.164595 -0.986361
    outer loop
      vertex 6.8938976990122276 -0.010524698843576649 -5.9982437383867238
      vertex 6.8964843584205182 0 -6
      vertex 19.110918581718863 -1.9481968152281037 -5.6749034502038072
    endloop
  endfacet
  facet normal -8.98481e-18 -0.164595 -0.986361
    outer loop
      vertex 6.4468770272739846 -1.8725452371428304 -5.6875274658216952
      vertex 6.8938976990122276 -0.010524698843576649 -5.9982437383867238
      vertex 19.110918581718863 -1.9481968152281037 -5.6749034502038072
    endloop
  endfacet
  facet normal 0 -0.164595 -0.986361
    outer loop
      vertex 6.3412033301643289 -1.9481968152281037 -5.6749034502038072
      vertex 6.4468770272739846 -1.8725452371428304 -5.6875274658216952
      vertex 19.110918581718863 -1.9481968152281037 -5.6749034502038072
    endloop
  endfacet
  facet normal 0 -0.475947 -0.879474
    outer loop
      vertex 6.3412033301643289 -1.9481968152281037 -5.6749034502038072
      vertex 19.110918581718863 -1.9481968152281037 -5.6749034502038072
      vertex 19.110918581718863 -3.6852762761380067 -4.7348430563783612
    endloop
  endfacet
  facet normal -2.12866e-16 -0.475947 -0.879474
    outer loop
      vertex 6.2202418425677299 -2.1742071794040068 -5.5525927576091565
      vertex 6.3412033301643289 -1.9481968152281037 -5.6749034502038072
      vertex 19.110918581718863 -3.6852762761380067 -4.7348430563783612
    endloop
  endfacet
  facet normal -6.22959e-18 -0.475947 -0.879474
    outer loop
      vertex 6.2202418425677299 -2.1742071794040068 -5.5525927576091565
      vertex 19.110918581718863 -3.6852762761380067 -4.7348430563783612
      vertex 5.6180781580491983 -3.3195206508999013 -4.9327801023469444
    endloop
  endfacet
  facet normal 0.320338 -0.575591 -0.752382
    outer loop
      vertex 5.1804792592519533 -3.213531589266442 -5.2001788775858113
      vertex 6.2202418425677299 -2.1742071794040068 -5.5525927576091565
      vertex 5.6180781580491983 -3.3195206508999013 -4.9327801023469444
    endloop
  endfacet
  facet normal 0.192273 -0.763033 -0.617099
    outer loop
      vertex 5.1804792592519533 -3.213531589266442 -5.2001788775858113
      vertex 5.6180781580491983 -3.3195206508999013 -4.9327801023469444
      vertex 5.0557432906446902 -3.5715082769116395 -4.7964112186669476
    endloop
  endfacet
  facet normal 0.324937 -0.578708 -0.748006
    outer loop
      vertex 5.1804792592519533 -3.213531589266442 -5.2001788775858113
      vertex 5.8624066141846773 -1.7895475706089812 -6.0056369751446868
      vertex 6.2202418425677299 -2.1742071794040068 -5.5525927576091565
    endloop
  endfacet
  facet normal 0.771323 -0.550265 -0.319796
    outer loop
      vertex 5.1804792592519533 -3.213531589266442 -5.2001788775858113
      vertex 5.0850951499500869 -3.0380670948126722 -5.7321551108770414
      vertex 5.8624066141846773 -1.7895475706089812 -6.0056369751446868
    endloop
  endfacet
  facet normal 0.80184 -0.550248 -0.232982
    outer loop
      vertex 5.0850951499500869 -3.0380670948126722 -5.7321551108770414
      vertex 5.6749034502038072 -1.9481968152281037 -6.2762632652681463
      vertex 5.8624066141846773 -1.7895475706089812 -6.0056369751446868
    endloop
  endfacet
  facet normal 0.80184 -0.550248 -0.232982
    outer loop
      vertex 5.6749034502038072 -1.9481968152281037 -6.2762632652681463
      vertex 5.6886711559107566 -1.8656914781887157 -6.4237378582099822
      vertex 5.8624066141846773 -1.7895475706089812 -6.0056369751446868
    endloop
  endfacet
  facet normal 0.913301 -0.226984 -0.33817
    outer loop
      vertex 5.6886711559107566 -1.8656914781887157 -6.4237378582099822
      vertex 5.7381538478249059 -1.5691579626638836 -6.4891364945192294
      vertex 5.8624066141846773 -1.7895475706089812 -6.0056369751446868
    endloop
  endfacet
  facet normal 0.913301 -0.226984 -0.33817
    outer loop
      vertex 5.7381538478249059 -1.5691579626638836 -6.4891364945192294
      vertex 6.1718847050625474 -4.5828716261797064e-17 -6.3709932729367749
      vertex 5.8624066141846773 -1.7895475706089812 -6.0056369751446868
    endloop
  endfacet
  facet normal 0.924049 -0.232574 -0.303386
    outer loop
      vertex 5.7381538478249059 -1.5691579626638836 -6.4891364945192294
      vertex 6 -7.5513456301036934e-17 -6.8945175822570501
      vertex 6.1718847050625474 -4.5828716261797064e-17 -6.3709932729367749
    endloop
  endfacet
  facet normal 0.986361 -0.164595 0
    outer loop
      vertex 5.7381538478249059 -1.5691579626638836 -6.4891364945192294
      vertex 6 -9.4828051856388483e-32 -19.110918581718863
      vertex 6 -7.5513456301036934e-17 -6.8945175822570501
    endloop
  endfacet
  facet normal 0.986361 0.164595 1.01741e-18
    outer loop
      vertex 6 -7.5513456301036934e-17 -6.8945175822570501
      vertex 6 -9.4828051856388483e-32 -19.110918581718863
      vertex 5.674903450203808 1.9481968152281008 -19.110918581718863
    endloop
  endfacet
  facet normal 0.986361 0.164595 -3.29195e-17
    outer loop
      vertex 6 -7.5513456301036934e-17 -6.8945175822570501
      vertex 5.674903450203808 1.9481968152281008 -19.110918581718863
      vertex 5.7381538478249068 1.5691579626638823 -6.4891364945192294
    endloop
  endfacet
  facet normal 0.973574 0.162461 -0.1605
    outer loop
      vertex 5.9559508646656383 4.9580578733501692e-18 -19.378115294937455
      vertex 5.674903450203808 1.9481968152281008 -19.110918581718863
      vertex 6 -9.4828051856388483e-32 -19.110918581718863
    endloop
  endfacet
  facet normal 0.973574 -0.162461 -0.1605
    outer loop
      vertex 5.633241018522563 -1.9338940843661112 -19.378115294937455
      vertex 5.9559508646656383 4.9580578733501692e-18 -19.378115294937455
      vertex 6 -9.4828051856388483e-32 -19.110918581718863
    endloop
  endfacet
  facet normal 0.586074 -0.0977985 -0.804334
    outer loop
      vertex 5.633241018522563 -1.9338940843661112 -19.378115294937455
      vertex 4.8260044202328967 -1.656769410136276 -20
      vertex 5.9559508646656383 4.9580578733501692e-18 -19.378115294937455
    endloop
  endfacet
  facet normal 0.586074 -0.0977985 -0.804334
    outer loop
      vertex 5.9559508646656383 4.9580578733501692e-18 -19.378115294937455
      vertex 4.8260044202328967 -1.656769410136276 -20
      vertex 5.1024703372455535 1.0102364046891173e-16 -20
    endloop
  endfacet
  facet normal 0.586074 0.0977985 -0.804334
    outer loop
      vertex 5.9559508646656383 4.9580578733501692e-18 -19.378115294937455
      vertex 5.1024703372455535 1.0102364046891173e-16 -20
      vertex 5.6332410185225639 1.9338940843661083 -19.378115294937455
    endloop
  endfacet
  facet normal 0.586074 0.0977985 -0.804334
    outer loop
      vertex 5.6332410185225639 1.9338940843661083 -19.378115294937455
      vertex 5.1024703372455535 1.0102364046891173e-16 -20
      vertex 4.8260044202328976 1.6567694101362733 -20
    endloop
  endfacet
  facet normal 0 0 -1
    outer loop
      vertex 4.0265660411139441 -3.1340021472581556 -20
      vertex 5.1024703372455535 1.0102364046891173e-16 -20
      vertex 4.8260044202328967 -1.656769410136276 -20
    endloop
  endfacet
  facet normal 0.973574 0.162461 -0.1605
    outer loop
      vertex 5.9559508646656383 4.9580578733501692e-18 -19.378115294937455
      vertex 5.6332410185225639 1.9338940843661083 -19.378115294937455
      vertex 5.674903450203808 1.9481968152281008 -19.110918581718863
    endloop
  endfacet
  facet normal 0.868072 0.469777 -0.1605
    outer loop
      vertex 5.6332410185225639 1.9338940843661083 -19.378115294937455
      vertex 4.7348430563783612 3.6852762761380067 -19.11091858171886
      vertex 5.674903450203808 1.9481968152281008 -19.110918581718863
    endloop
  endfacet
  facet normal 0.868072 0.469777 -0.1605
    outer loop
      vertex 4.7000820992821328 3.6582207372326545 -19.378115294937455
      vertex 4.7348430563783612 3.6852762761380067 -19.11091858171886
      vertex 5.6332410185225639 1.9338940843661083 -19.378115294937455
    endloop
  endfacet
  facet normal 0.986361 -0.164595 -1.05292e-16
    outer loop
      vertex 5.6886711559107566 -1.8656914781887157 -6.4237378582099822
      vertex 6 -9.4828051856388483e-32 -19.110918581718863
      vertex 5.7381538478249059 -1.5691579626638836 -6.4891364945192294
    endloop
  endfacet
  facet normal 0.986361 -0.164595 1.25991e-17
    outer loop
      vertex 5.6886711559107566 -1.8656914781887157 -6.4237378582099822
      vertex 5.6749034502038072 -1.9481968152281033 -19.110918581718863
      vertex 6 -9.4828051856388483e-32 -19.110918581718863
    endloop
  endfacet
  facet normal 0.986361 -0.164595 -5.6951e-18
    outer loop
      vertex 5.6749034502038072 -1.9481968152281037 -6.2762632652681463
      vertex 5.6749034502038072 -1.9481968152281033 -19.110918581718863
      vertex 5.6886711559107566 -1.8656914781887157 -6.4237378582099822
    endloop
  endfacet
  facet normal 0.879474 -0.475947 -1.39606e-17
    outer loop
      vertex 5.0850951499500869 -3.0380670948126722 -5.7321551108770414
      vertex 5.6749034502038072 -1.9481968152281033 -19.110918581718863
      vertex 5.6749034502038072 -1.9481968152281037 -6.2762632652681463
    endloop
  endfacet
  facet normal -2.66565e-17 -0.475947 -0.879474
    outer loop
      vertex 5.0557432906446902 -3.5715082769116395 -4.7964112186669476
      vertex 5.6180781580491983 -3.3195206508999013 -4.9327801023469444
      vertex 19.110918581718863 -3.6852762761380067 -4.7348430563783612
    endloop
  endfacet
  facet normal 0 -0.475947 -0.879474
    outer loop
      vertex 4.9050797565875452 -3.6852762761380067 -4.7348430563783612
      vertex 5.0557432906446902 -3.5715082769116395 -4.7964112186669476
      vertex 19.110918581718863 -3.6852762761380067 -4.7348430563783612
    endloop
  endfacet
  facet normal 0 -0.735724 -0.677282
    outer loop
      vertex 4.9050797565875452 -3.6852762761380067 -4.7348430563783612
      vertex 19.110918581718863 -3.6852762761380067 -4.7348430563783612
      vertex 19.110918581718867 -5.0229988695751722 -3.2816889487345593
    endloop
  endfacet
  facet normal 0.1605 -0.726186 -0.668501
    outer loop
      vertex 19.378115294937455 -3.6582207372326536 -4.7000820992821328
      vertex 19.110918581718867 -5.0229988695751722 -3.2816889487345593
      vertex 19.110918581718863 -3.6852762761380067 -4.7348430563783612
    endloop
  endfacet
  facet normal 0.1605 -0.469777 -0.868072
    outer loop
      vertex 19.378115294937455 -1.9338940843661112 -5.633241018522563
      vertex 19.378115294937455 -3.6582207372326536 -4.7000820992821328
      vertex 19.110918581718863 -3.6852762761380067 -4.7348430563783612
    endloop
  endfacet
  facet normal 0.804334 -0.282797 -0.522564
    outer loop
      vertex 19.378115294937455 -1.9338940843661112 -5.633241018522563
      vertex 20 -1.6567694101362762 -4.8260044202328967
      vertex 19.378115294937455 -3.6582207372326536 -4.7000820992821328
    endloop
  endfacet
  facet normal 0.804334 -0.282797 -0.522564
    outer loop
      vertex 19.378115294937455 -3.6582207372326536 -4.7000820992821328
      vertex 20 -1.6567694101362762 -4.8260044202328967
      vertex 20 -3.1340021472581556 -4.0265660411139441
    endloop
  endfacet
  facet normal 0.804334 -0.437151 -0.402426
    outer loop
      vertex 19.378115294937455 -4.9861224100767947 -3.257596355296545
      vertex 19.378115294937455 -3.6582207372326536 -4.7000820992821328
      vertex 20 -3.1340021472581556 -4.0265660411139441
    endloop
  endfacet
  facet normal 0.804334 -0.437151 -0.402426
    outer loop
      vertex 19.378115294937455 -4.9861224100767947 -3.257596355296545
      vertex 20 -3.1340021472581556 -4.0265660411139441
      vertex 20 -4.271617122670877 -2.7907867528307722
    endloop
  endfacet
  facet normal 0.804334 -0.544132 -0.238679
    outer loop
      vertex 19.378115294937455 -5.7737003521284542 -1.4620994993991088
      vertex 19.378115294937455 -4.9861224100767947 -3.257596355296545
      vertex 20 -4.271617122670877 -2.7907867528307722
    endloop
  endfacet
  facet normal 0.804334 -0.544132 -0.238679
    outer loop
      vertex 19.378115294937455 -5.7737003521284542 -1.4620994993991088
      vertex 20 -4.271617122670877 -2.7907867528307722
      vertex 20 -4.9463361018733858 -1.2525824163602031
    endloop
  endfacet
  facet normal 0.804334 -0.592148 -0.0490668
    outer loop
      vertex 19.378115294937455 -5.7737003521284542 -1.4620994993991088
      vertex 20 -4.9463361018733858 -1.2525824163602031
      vertex 19.378115294937455 -5.9356082728354425 0.49183852406946238
    endloop
  endfacet
  facet normal 0.1605 -0.983665 -0.0815088
    outer loop
      vertex 19.378115294937455 -5.7737003521284542 -1.4620994993991088
      vertex 19.378115294937455 -5.9356082728354425 0.49183852406946238
      vertex 19.11091858171887 -5.9795069580400195 0.4954760728339962
    endloop
  endfacet
  facet normal 0.1605 -0.983665 -0.0815088
    outer loop
      vertex 19.378115294937455 -5.7737003521284542 -1.4620994993991088
      vertex 19.11091858171887 -5.9795069580400195 0.4954760728339962
      vertex 19.110918581718867 -5.8164015956359822 -1.4729129228447957
    endloop
  endfacet
  facet normal -3.18503e-17 -0.996584 -0.0825793
    outer loop
      vertex 6.5745187777075893 -5.8173433461992534 -1.4615476837251518
      vertex 19.110918581718867 -5.8164015956359822 -1.4729129228447957
      vertex 19.11091858171887 -5.9795069580400195 0.4954760728339962
    endloop
  endfacet
  facet normal 0.1605 -0.956833 0.242303
    outer loop
      vertex 19.378115294937455 -5.9356082728354425 0.49183852406946238
      vertex 19.110918581718867 -5.4946399599303453 2.4101725479178158
      vertex 19.11091858171887 -5.9795069580400195 0.4954760728339962
    endloop
  endfacet
  facet normal -1.09849e-17 -0.9694 0.245485
    outer loop
      vertex 6.7981129824771171 -5.966456932335177 0.54700945892591368
      vertex 19.11091858171887 -5.9795069580400195 0.4954760728339962
      vertex 19.110918581718867 -5.4946399599303453 2.4101725479178158
    endloop
  endfacet
  facet normal -6.84155e-16 -0.9694 0.245485
    outer loop
      vertex 6.7937930540807807 -5.9615166457729929 0.56651820937375952
      vertex 6.7981129824771171 -5.966456932335177 0.54700945892591368
      vertex 19.110918581718867 -5.4946399599303453 2.4101725479178158
    endloop
  endfacet
  facet normal -9.13203e-17 -0.9694 0.245485
    outer loop
      vertex 6.7937930540807807 -5.9615166457729929 0.56651820937375952
      vertex 19.110918581718867 -5.4946399599303453 2.4101725479178158
      vertex 6.6002695090541286 -5.7144335414698215 1.5422273228140577
    endloop
  endfacet
  facet normal 0.425065 -0.853818 0.300524
    outer loop
      vertex 5.9228283930103531 -6.0741383858508895 1.4784515246166707
      vertex 6.7937930540807807 -5.9615166457729929 0.56651820937375952
      vertex 6.6002695090541286 -5.7144335414698215 1.5422273228140577
    endloop
  endfacet
  facet normal 0.401573 -0.82631 0.394906
    outer loop
      vertex 5.9228283930103531 -6.0741383858508895 1.4784515246166707
      vertex 6.6002695090541286 -5.7144335414698215 1.5422273228140577
      vertex 6.596438410460383 -5.7123350693489705 1.5505140018178283
    endloop
  endfacet
  facet normal 0.401573 -0.82631 0.394906
    outer loop
      vertex 5.9228283930103531 -6.0741383858508895 1.4784515246166707
      vertex 6.596438410460383 -5.7123350693489705 1.5505140018178283
      vertex 5.6505683801415962 -5.7794513000606056 2.3719189509571228
    endloop
  endfacet
  facet normal 0.827106 -0.40797 0.386596
    outer loop
      vertex 5.9228283930103531 -6.0741383858508895 1.4784515246166707
      vertex 5.6505683801415962 -5.7794513000606056 2.3719189509571228
      vertex 5.6830821240795215 -6.1615017103240923 1.8991847097245407
    endloop
  endfacet
  facet normal 0.827106 -0.40797 0.386596
    outer loop
      vertex 5.6830821240795215 -6.1615017103240923 1.8991847097245407
      vertex 5.6505683801415962 -5.7794513000606056 2.3719189509571228
      vertex 5.674903450203808 -6.1316385361584711 1.9481968152281008
    endloop
  endfacet
  facet normal 0.827106 -0.40797 0.386596
    outer loop
      vertex 5.4082763862962313 -6.2053181712728627 2.4408804762765453
      vertex 5.674903450203808 -6.1316385361584711 1.9481968152281008
      vertex 5.6505683801415962 -5.7794513000606056 2.3719189509571228
    endloop
  endfacet
  facet normal 0.726322 -0.31424 0.611318
    outer loop
      vertex 5.4082763862962313 -6.2053181712728627 2.4408804762765453
      vertex 5.6505683801415962 -5.7794513000606056 2.3719189509571228
      vertex 5.3490190365343757 -6.1292672255354042 2.5503784679538635
    endloop
  endfacet
  facet normal 0.879474 2.8632e-16 0.475947
    outer loop
      vertex 5.4082763862962313 -6.2053181712728627 2.4408804762765453
      vertex 5.3490190365343757 -6.1292672255354042 2.5503784679538635
      vertex 5.674903450203808 -19.102470337245553 1.9481968152281008
    endloop
  endfacet
  facet normal 0.879474 -6.12547e-17 0.475947
    outer loop
      vertex 4.9738114027290177 -5.7514521340040021 3.2437014486270748
      vertex 5.674903450203808 -19.102470337245553 1.9481968152281008
      vertex 5.3490190365343757 -6.1292672255354042 2.5503784679538635
    endloop
  endfacet
  facet normal 0.771317 -0.281498 0.570814
    outer loop
      vertex 4.9738114027290177 -5.7514521340040021 3.2437014486270748
      vertex 5.3490190365343757 -6.1292672255354042 2.5503784679538635
      vertex 5.2413935836369276 -5.2885793073748619 3.110395120522861
    endloop
  endfacet
  facet normal 0.678016 -0.187247 0.710797
    outer loop
      vertex 4.9738114027290177 -5.7514521340040021 3.2437014486270748
      vertex 5.2413935836369276 -5.2885793073748619 3.110395120522861
      vertex 4.824011172575374 -5.2431048623705747 3.520508029085764
    endloop
  endfacet
  facet normal 0.610485 -0.424882 0.668419
    outer loop
      vertex 4.824011172575374 -5.2431048623705747 3.520508029085764
      vertex 5.2413935836369276 -5.2885793073748619 3.110395120522861
      vertex 4.7348430563783612 -5.1120134329733373 3.6852762761380067
    endloop
  endfacet
  facet normal 0.879474 0 0.475947
    outer loop
      vertex 4.824011172575374 -5.2431048623705747 3.520508029085764
      vertex 4.7348430563783612 -5.1120134329733373 3.6852762761380067
      vertex 4.7348430563783612 -19.102470337245556 3.6852762761380067
    endloop
  endfacet
  facet normal 0.677282 0 0.735724
    outer loop
      vertex 4.7348430563783612 -5.1120134329733373 3.6852762761380067
      vertex 4.5590969931749568 -5.1100125417730036 3.8470619244860882
      vertex 4.7348430563783612 -19.102470337245556 3.6852762761380067
    endloop
  endfacet
  facet normal 0.677282 4.83194e-17 0.735724
    outer loop
      vertex 4.4751141411801889 -5.0363937561603791 3.9243735860529765
      vertex 4.7348430563783612 -19.102470337245556 3.6852762761380067
      vertex 4.5590969931749568 -5.1100125417730036 3.8470619244860882
    endloop
  endfacet
  facet normal 0.48476 -0.307055 0.818978
    outer loop
      vertex 4.4751141411801889 -5.0363937561603791 3.9243735860529765
      vertex 4.5590969931749568 -5.1100125417730036 3.8470619244860882
      vertex 4.5282048126622447 -4.8584830341439194 3.9596519765305529
    endloop
  endfacet
  facet normal 0.48476 -0.307055 0.818978
    outer loop
      vertex 4.4751141411801889 -5.0363937561603791 3.9243735860529765
      vertex 4.5282048126622447 -4.8584830341439194 3.9596519765305529
      vertex 4.4701054395397959 -4.9017318592493098 3.9778263989228311
    endloop
  endfacet
  facet normal 0.528154 -0.29624 0.795799
    outer loop
      vertex 4.4751141411801889 -5.0363937561603791 3.9243735860529765
      vertex 4.4701054395397959 -4.9017318592493098 3.9778263989228311
      vertex 4.3842525266508519 -4.9736916981213843 4.0080175946221397
    endloop
  endfacet
  facet normal 0.00413715 0.38268 0.923872
    outer loop
      vertex 4.3842525266508519 -4.9736916981213843 4.0080175946221397
      vertex 4.4701054395397959 -4.9017318592493098 3.9778263989228311
      vertex 4.4363447428366714 -4.8584830341439194 3.9600633314318618
    endloop
  endfacet
  facet normal 0.677282 3.35816e-16 0.735724
    outer loop
      vertex 4.3237767925192232 -4.4143434640387902 4.0636894297544455
      vertex 4.3842525266508519 -4.9736916981213843 4.0080175946221397
      vertex 4.4363447428366714 -4.8584830341439194 3.9600633314318618
    endloop
  endfacet
  facet normal 0.677282 -7.50543e-16 0.735724
    outer loop
      vertex 4.3237767925192232 -4.4143434640387902 4.0636894297544455
      vertex 4.4363447428366714 -4.8584830341439194 3.9600633314318618
      vertex 4.4683297494559548 -4.501282676598108 3.9306190586043717
    endloop
  endfacet
  facet normal 1.29828e-15 -0.837166 0.546948
    outer loop
      vertex 4.3237767925192232 -4.4143434640387902 4.0636894297544455
      vertex 4.4683297494559548 -4.501282676598108 3.9306190586043717
      vertex 4.7892424930606623 -4.5021738012458909 3.9292550907913366
    endloop
  endfacet
  facet normal 8.82042e-16 -0.837166 0.546948
    outer loop
      vertex 4.3237767925192232 -4.4143434640387902 4.0636894297544455
      vertex 4.7892424930606623 -4.5021738012458909 3.9292550907913366
      vertex 4.9111340080846375 -4.4708655091360061 3.9771759993030709
    endloop
  endfacet
  facet normal 0 -0.837166 0.546948
    outer loop
      vertex 4.3237767925192232 -4.4143434640387902 4.0636894297544455
      vertex 4.9111340080846375 -4.4708655091360061 3.9771759993030709
      vertex 19.11091858171886 -4.4143434640387902 4.0636894297544455
    endloop
  endfacet
  facet normal 0 -0.614213 0.789141
    outer loop
      vertex 4.3237767925192232 -4.4143434640387902 4.0636894297544455
      vertex 19.11091858171886 -4.4143434640387902 4.0636894297544455
      vertex 4.9280529271233853 -4.1031956664346954 4.3058654814692492
    endloop
  endfacet
  facet normal -3.58973e-15 -0.614213 0.789141
    outer loop
      vertex 4.3237767925192232 -4.4143434640387902 4.0636894297544455
      vertex 4.9280529271233853 -4.1031956664346954 4.3058654814692492
      vertex 4.9075949413915083 -4.0935349917859467 4.3133846863659269
    endloop
  endfacet
  facet normal -1.86817e-15 -0.614213 0.789141
    outer loop
      vertex 4.3237767925192232 -4.4143434640387902 4.0636894297544455
      vertex 4.9075949413915083 -4.0935349917859467 4.3133846863659269
      vertex 4.8682843706281433 -4.0749717451702381 4.3278330411574997
    endloop
  endfacet
  facet normal 1.62594e-15 -0.614213 0.789141
    outer loop
      vertex 4.3237767925192232 -4.4143434640387902 4.0636894297544455
      vertex 4.8682843706281433 -4.0749717451702381 4.3278330411574997
      vertex 4.7892424930606614 -4.0376465718705115 4.3568843896449483
    endloop
  endfacet
  facet normal -4.46369e-16 -0.614213 0.789141
    outer loop
      vertex 4.3237767925192232 -4.4143434640387902 4.0636894297544455
      vertex 4.7892424930606614 -4.0376465718705115 4.3568843896449483
      vertex 4.3959747906364885 -4.039654270193445 4.3553217353159557
    endloop
  endfacet
  facet normal -1.30405e-14 -0.614213 0.789141
    outer loop
      vertex 4.3237767925192232 -4.4143434640387902 4.0636894297544455
      vertex 4.3959747906364885 -4.039654270193445 4.3553217353159557
      vertex 4.3142507280494957 -4.4030765899369726 4.0724587898661238
    endloop
  endfacet
  facet normal 0.677282 -7.61774e-16 0.735724
    outer loop
      vertex 4.3237767925192232 -4.4143434640387902 4.0636894297544455
      vertex 4.3142507280494957 -4.4030765899369726 4.0724587898661238
      vertex 4.7348430563783612 -19.102470337245556 3.6852762761380067
    endloop
  endfacet
  facet normal 0.677282 7.52487e-17 0.735724
    outer loop
      vertex 4.3142507280494957 -4.4030765899369726 4.0724587898661238
      vertex 3.9641355032171774 -4.425898387497452 4.3947625593706112
      vertex 4.7348430563783612 -19.102470337245556 3.6852762761380067
    endloop
  endfacet
  facet normal 0.677282 -1.71124e-15 0.735724
    outer loop
      vertex 3.9883761788129428 -4.9997670844348745 4.3724474454717726
      vertex 4.7348430563783612 -19.102470337245556 3.6852762761380067
      vertex 3.9641355032171774 -4.425898387497452 4.3947625593706112
    endloop
  endfacet
  facet normal 0.677282 -7.45455e-16 0.735724
    outer loop
      vertex 3.9883761788129428 -4.9997670844348745 4.3724474454717726
      vertex 3.9641355032171774 -4.425898387497452 4.3947625593706112
      vertex 3.9249777998753053 -4.8584830341439194 4.4308097646821425
    endloop
  endfacet
  facet normal 0.921139 0.381548 0.0769681
    outer loop
      vertex 3.9883761788129428 -4.9997670844348745 4.3724474454717726
      vertex 3.9249777998753053 -4.8584830341439194 4.4308097646821425
      vertex 3.9674051567300919 -4.956726918354903 4.4100646764408147
    endloop
  endfacet
  facet normal 0.754916 -0.182677 0.629866
    outer loop
      vertex 3.3143746266930116 -5.6457522262740669 4.9929095833412926
      vertex 3.9883761788129428 -4.9997670844348745 4.3724474454717726
      vertex 3.9674051567300919 -4.956726918354903 4.4100646764408147
    endloop
  endfacet
  facet normal 0.754916 -0.182677 0.629866
    outer loop
      vertex 3.3143746266930116 -5.6457522262740669 4.9929095833412926
      vertex 3.9674051567300919 -4.956726918354903 4.4100646764408147
      vertex 3.2143520639892191 -5.2492085463120777 5.2277977729881995
    endloop
  endfacet
  facet normal 0.532676 -0.327814 0.780253
    outer loop
      vertex 3.3143746266930116 -5.6457522262740669 4.9929095833412926
      vertex 3.2143520639892191 -5.2492085463120777 5.2277977729881995
      vertex 3.2816889487345611 -5.6272467468840697 5.0229988695751713
    endloop
  endfacet
  facet normal 0.677282 0 0.735724
    outer loop
      vertex 3.3143746266930116 -5.6457522262740669 4.9929095833412926
      vertex 3.2816889487345611 -5.6272467468840697 5.0229988695751713
      vertex 3.2816889487345611 -19.102470337245556 5.0229988695751713
    endloop
  endfacet
  facet normal 0.401695 0 0.915773
    outer loop
      vertex 2.0478105104472539 -6.3440031988564618 5.5642281332056633
      vertex 3.2816889487345611 -19.102470337245556 5.0229988695751713
      vertex 3.2816889487345611 -5.6272467468840697 5.0229988695751713
    endloop
  endfacet
  facet normal 0.401695 -2.344e-17 0.915773
    outer loop
      vertex 1.8064468073756466 -6.4847755011925043 5.6701000693924248
      vertex 3.2816889487345611 -19.102470337245556 5.0229988695751713
      vertex 2.0478105104472539 -6.3440031988564618 5.5642281332056633
    endloop
  endfacet
  facet normal 0.533748 -0.329383 0.778858
    outer loop
      vertex 1.8064468073756466 -6.4847755011925043 5.6701000693924248
      vertex 2.0478105104472539 -6.3440031988564618 5.5642281332056633
      vertex 1.7488395157122114 -6.0493750047401855 5.8937112593899244
    endloop
  endfacet
  facet normal 0.171745 -0.431985 0.885377
    outer loop
      vertex 1.4729129228447957 -6.3175262511879167 5.8164015956359822
      vertex 1.8064468073756466 -6.4847755011925043 5.6701000693924248
      vertex 1.7488395157122114 -6.0493750047401855 5.8937112593899244
    endloop
  endfacet
  facet normal 0.171745 -0.431985 0.885377
    outer loop
      vertex 0.92887310145819924 -6.4414266222313348 5.8614820205033693
      vertex 1.4729129228447957 -6.3175262511879167 5.8164015956359822
      vertex 1.7488395157122114 -6.0493750047401855 5.8937112593899244
    endloop
  endfacet
  facet normal 0.171745 -0.431985 0.885377
    outer loop
      vertex -0.03709416048407576 -6.3112502221213056 6.1123746081365944
      vertex 0.92887310145819924 -6.4414266222313348 5.8614820205033693
      vertex 1.7488395157122114 -6.0493750047401855 5.8937112593899244
    endloop
  endfacet
  facet normal 0.18555 -0.840871 0.508436
    outer loop
      vertex -0.03709416048407576 -6.3112502221213056 6.1123746081365944
      vertex 1.7488395157122114 -6.0493750047401855 5.8937112593899244
      vertex 1.4729129228447957 -5.8164015956359822 6.3797091192415758
    endloop
  endfacet
  facet normal 0.18555 -0.840871 0.508436
    outer loop
      vertex -0.03709416048407576 -6.3112502221213056 6.1123746081365944
      vertex 1.4729129228447957 -5.8164015956359822 6.3797091192415758
      vertex 1.2640278592189818 -5.8337103054886956 6.4273143043381094
    endloop
  endfacet
  facet normal 0.210801 -0.869259 0.447159
    outer loop
      vertex -0.03709416048407576 -6.3112502221213056 6.1123746081365944
      vertex 1.2640278592189818 -5.8337103054886956 6.4273143043381094
      vertex -0.043865479588553871 -5.9420854373759093 6.833208902399134
    endloop
  endfacet
  facet normal 0.0825793 -0.996584 -3.96684e-17
    outer loop
      vertex -0.043865479588553871 -5.9420854373759093 6.833208902399134
      vertex 1.2640278592189818 -5.8337103054886956 6.4273143043381094
      vertex -0.4954760728339962 -5.9795069580400195 19.102470337245553
    endloop
  endfacet
  facet normal 0.0825793 -0.996584 9.4695e-18
    outer loop
      vertex -0.49547607283399475 -5.9795069580400195 6.5161733428079298
      vertex -0.043865479588553871 -5.9420854373759093 6.833208902399134
      vertex -0.4954760728339962 -5.9795069580400195 19.102470337245553
    endloop
  endfacet
  facet normal -0.245485 -0.9694 -2.81502e-17
    outer loop
      vertex -0.49547607283399475 -5.9795069580400195 6.5161733428079298
      vertex -0.4954760728339962 -5.9795069580400195 19.102470337245553
      vertex -2.4101725479178158 -5.4946399599303453 19.102470337245553
    endloop
  endfacet
  facet normal -0.199342 -0.787184 0.583613
    outer loop
      vertex -0.44412124093067656 -5.3597463045366585 19.955950864665638
      vertex -2.4101725479178158 -5.4946399599303453 19.102470337245553
      vertex -0.4954760728339962 -5.9795069580400195 19.102470337245553
    endloop
  endfacet
  facet normal 0.067057 -0.809258 0.583613
    outer loop
      vertex -0.44412124093067656 -5.3597463045366585 19.955950864665638
      vertex -0.4954760728339962 -5.9795069580400195 19.102470337245553
      vertex 1.3202492530771039 -5.2135463971647473 19.955950864665638
    endloop
  endfacet
  facet normal 0.0136132 -0.164286 0.986319
    outer loop
      vertex -0.44412124093067656 -5.3597463045366585 19.955950864665638
      vertex 1.3202492530771039 -5.2135463971647473 19.955950864665638
      vertex 1.2546563377702162 -4.954525832312525 20
    endloop
  endfacet
  facet normal 0.0136132 -0.164286 0.986319
    outer loop
      vertex -0.44412124093067656 -5.3597463045366585 19.955950864665638
      vertex 1.2546563377702162 -4.954525832312525 20
      vertex -0.42205631124072635 -5.0934622035606552 20
    endloop
  endfacet
  facet normal -0.0404682 -0.159805 0.986319
    outer loop
      vertex -0.44412124093067656 -5.3597463045366585 19.955950864665638
      vertex -0.42205631124072635 -5.0934622035606552 20
      vertex -2.1603643072325291 -4.9251345347793176 19.955950864665638
    endloop
  endfacet
  facet normal -0.0404682 -0.159805 0.986319
    outer loop
      vertex -2.1603643072325291 -4.9251345347793176 19.955950864665638
      vertex -0.42205631124072635 -5.0934622035606552 20
      vertex -2.0530326100503071 -4.6804429118438255 20
    endloop
  endfacet
  facet normal -0.0901641 -0.138006 0.986319
    outer loop
      vertex -3.6424983793396732 -3.9568080168423658 19.955950864665638
      vertex -2.1603643072325291 -4.9251345347793176 19.955950864665638
      vertex -2.0530326100503071 -4.6804429118438255 20
    endloop
  endfacet
  facet normal -0.0901641 -0.138006 0.986319
    outer loop
      vertex -3.6424983793396732 -3.9568080168423658 19.955950864665638
      vertex -2.0530326100503071 -4.6804429118438255 20
      vertex -3.4615309694777494 -3.7602250060741729 20
    endloop
  endfacet
  facet normal -0.130089 -0.101253 0.986319
    outer loop
      vertex -4.7299112328596342 -2.5596999540782934 19.955950864665638
      vertex -3.6424983793396732 -3.9568080168423658 19.955950864665638
      vertex -3.4615309694777494 -3.7602250060741729 20
    endloop
  endfacet
  facet normal -0.130089 -0.101253 0.986319
    outer loop
      vertex -4.7299112328596342 -2.5596999540782934 19.955950864665638
      vertex -3.4615309694777494 -3.7602250060741729 20
      vertex -4.4949187371752304 -2.432528374993828 20
    endloop
  endfacet
  facet normal -0.155917 -0.0535265 0.986319
    outer loop
      vertex -5.3047648121646223 -0.88520868345277981 19.955950864665638
      vertex -4.7299112328596342 -2.5596999540782934 19.955950864665638
      vertex -4.4949187371752304 -2.432528374993828 20
    endloop
  endfacet
  facet normal -0.155917 -0.0535265 0.986319
    outer loop
      vertex -5.3047648121646223 -0.88520868345277981 19.955950864665638
      vertex -4.4949187371752304 -2.432528374993828 20
      vertex -5.041212313849404 -0.84122954991620602 20
    endloop
  endfacet
  facet normal -0.164849 0 0.986319
    outer loop
      vertex -5.3047648121646223 -0.88520868345277981 19.955950864665638
      vertex -5.041212313849404 -0.84122954991620602 20
      vertex -5.3047648121646223 0.8852086834527797 19.955950864665638
    endloop
  endfacet
  facet normal -0.812032 0 0.583613
    outer loop
      vertex -5.3047648121646223 -0.88520868345277981 19.955950864665638
      vertex -5.3047648121646223 0.8852086834527797 19.955950864665638
      vertex -5.9181678204163344 0.98756754168440486 19.102470337245553
    endloop
  endfacet
  facet normal -0.812032 0 0.583613
    outer loop
      vertex -5.3047648121646223 -0.88520868345277981 19.955950864665638
      vertex -5.9181678204163344 0.98756754168440486 19.102470337245553
      vertex -5.9181678204163344 -0.98756754168440486 19.102470337245553
    endloop
  endfacet
  facet normal -1 0 0
    outer loop
      vertex -5.9181678204163344 -0.98756754168440486 6.6226130665441776
      vertex -5.9181678204163344 -0.98756754168440486 19.102470337245553
      vertex -5.9181678204163344 0.98756754168440486 19.102470337245553
    endloop
  endfacet
  facet normal -0.768034 0.263666 0.583613
    outer loop
      vertex -5.3047648121646223 0.8852086834527797 19.955950864665638
      vertex -5.2768425072389338 2.8556843582224425 19.102470337245556
      vertex -5.9181678204163344 0.98756754168440486 19.102470337245553
    endloop
  endfacet
  facet normal -0.945817 0.324699 0
    outer loop
      vertex -5.9181678204163344 0.98756754168440486 6.6226130665441776
      vertex -5.9181678204163344 0.98756754168440486 19.102470337245553
      vertex -5.2768425072389338 2.8556843582224425 19.102470337245556
    endloop
  endfacet
  facet normal -0.768034 0.263666 0.583613
    outer loop
      vertex -5.3047648121646223 0.8852086834527797 19.955950864665638
      vertex -4.7299112328596342 2.5596999540782934 19.955950864665638
      vertex -5.2768425072389338 2.8556843582224425 19.102470337245556
    endloop
  endfacet
  facet normal -0.640807 0.49876 0.583613
    outer loop
      vertex -4.7299112328596342 2.5596999540782934 19.955950864665638
      vertex -4.0636894297544455 4.4143434640387902 19.102470337245553
      vertex -5.2768425072389338 2.8556843582224425 19.102470337245556
    endloop
  endfacet
  facet normal -0.789141 0.614213 0
    outer loop
      vertex -5.2768425072389338 2.8556843582224425 5.7704169022872032
      vertex -5.2768425072389338 2.8556843582224425 19.102470337245556
      vertex -4.0636894297544455 4.4143434640387902 19.102470337245553
    endloop
  endfacet
  facet normal -0.789141 0.614213 -9.80437e-17
    outer loop
      vertex -5.2768425072389338 2.8556843582224425 5.7704169022872032
      vertex -4.0636894297544455 4.4143434640387902 19.102470337245553
      vertex -5.1158057902980003 3.0625843363778906 5.8201968974667944
    endloop
  endfacet
  facet normal -0.745754 0.465853 0.476269
    outer loop
      vertex -5.3900276869903649 3.007678699412037 5.4445182700281816
      vertex -5.2768425072389338 2.8556843582224425 5.7704169022872032
      vertex -5.1158057902980003 3.0625843363778906 5.8201968974667944
    endloop
  endfacet
  facet normal -0.588768 0.741671 0.321368
    outer loop
      vertex -5.3900276869903649 3.007678699412037 5.4445182700281816
      vertex -5.1158057902980003 3.0625843363778906 5.8201968974667944
      vertex -4.9074066899752884 3.3303355059462536 5.5840672399092437
    endloop
  endfacet
  facet normal -0.588768 0.741671 0.321368
    outer loop
      vertex -5.3900276869903649 3.007678699412037 5.4445182700281816
      vertex -4.9074066899752884 3.3303355059462536 5.5840672399092437
      vertex -4.5310504434838039 4.0407195354662777 4.6341140639569049
    endloop
  endfacet
  facet normal -0.588768 0.741671 0.321368
    outer loop
      vertex -5.3900276869903649 3.007678699412037 5.4445182700281816
      vertex -4.5310504434838039 4.0407195354662777 4.6341140639569049
      vertex -4.569724779051846 4.048029632256843 4.5463894556496838
    endloop
  endfacet
  facet normal -0.145829 0.978503 0.145829
    outer loop
      vertex -4.569724779051846 4.048029632256843 4.5463894556496838
      vertex -4.5310504434838039 4.0407195354662777 4.6341140639569049
      vertex -4.3605563930137166 4.032928781845869 4.8568835631485534
    endloop
  endfacet
  facet normal -0.145829 0.978503 0.145829
    outer loop
      vertex -4.569724779051846 4.048029632256843 4.5463894556496838
      vertex -4.3605563930137166 4.032928781845869 4.8568835631485534
      vertex -4.3059257538002278 4.1031182285422689 4.4405475924104509
    endloop
  endfacet
  facet normal -0.145829 0.978503 0.145829
    outer loop
      vertex -4.4405475924104501 4.1031182285422689 4.3059257538002287
      vertex -4.569724779051846 4.048029632256843 4.5463894556496838
      vertex -4.3059257538002278 4.1031182285422689 4.4405475924104509
    endloop
  endfacet
  facet normal -0.145829 0.978503 0.145829
    outer loop
      vertex -4.4405475924104501 4.1031182285422689 4.3059257538002287
      vertex -4.6643590885571635 4.0407195354662777 4.5008054188835462
      vertex -4.569724779051846 4.048029632256843 4.5463894556496838
    endloop
  endfacet
  facet normal -0.789141 0.614213 1.19693e-15
    outer loop
      vertex -4.3059257538002278 4.1031182285422689 4.4405475924104509
      vertex -4.3605563930137166 4.032928781845869 4.8568835631485534
      vertex -4.3365792793759113 4.0637345780774954 4.9226484141324773
    endloop
  endfacet
  facet normal -0.789141 0.614213 -1.31723e-17
    outer loop
      vertex -4.3059257538002278 4.1031182285422689 4.4405475924104509
      vertex -4.3365792793759113 4.0637345780774954 4.9226484141324773
      vertex -4.0636894297544455 4.4143434640387902 19.102470337245553
    endloop
  endfacet
  facet normal -0.789141 0.614213 0
    outer loop
      vertex -4.3059257538002278 4.1031182285422689 4.4405475924104509
      vertex -4.0636894297544455 4.4143434640387902 19.102470337245553
      vertex -4.0636894297544455 4.4143434640387902 4.4143434640387902
    endloop
  endfacet
  facet normal -0.789141 0.614213 -9.26736e-16
    outer loop
      vertex -4.3059257538002278 4.1031182285422689 4.4405475924104509
      vertex -4.0636894297544455 4.4143434640387902 4.4143434640387902
      vertex -4.0909478278476907 4.3793218734526285 4.3793218734526285
    endloop
  endfacet
  facet normal -0.57735 0.57735 0.57735
    outer loop
      vertex -4.3059257538002278 4.1031182285422689 4.4405475924104509
      vertex -4.0909478278476907 4.3793218734526285 4.3793218734526285
      vertex -4.371558680959712 4.4143434640387902 4.0636894297544455
    endloop
  endfacet
  facet normal -0.789141 -2.30848e-16 0.614213
    outer loop
      vertex -4.0909478278476907 4.3793218734526285 4.3793218734526285
      vertex -4.0636894297544455 4.4143434640387902 4.4143434640387902
      vertex -5.2768425072389338 19.110918581718863 2.855684358222442
    endloop
  endfacet
  facet normal -0.789141 -3.4506e-17 0.614213
    outer loop
      vertex -4.0909478278476907 4.3793218734526285 4.3793218734526285
      vertex -5.2768425072389338 19.110918581718863 2.855684358222442
      vertex -4.3360275633710241 4.9241336685073733 4.0644434228150663
    endloop
  endfacet
  facet normal -0.789141 1.27954e-13 0.614213
    outer loop
      vertex -4.0909478278476907 4.3793218734526285 4.3793218734526285
      vertex -4.3360275633710241 4.9241336685073733 4.0644434228150663
      vertex -4.3370128874217757 4.9214313212730367 4.0631774784487815
    endloop
  endfacet
  facet normal -0.789141 -1.30404e-14 0.614213
    outer loop
      vertex -4.0909478278476907 4.3793218734526285 4.3793218734526285
      vertex -4.3370128874217757 4.9214313212730367 4.0631774784487815
      vertex -4.3563492759260383 4.8683998130450759 4.0383340859906198
    endloop
  endfacet
  facet normal -0.789141 -2.96127e-15 0.614213
    outer loop
      vertex -4.0909478278476907 4.3793218734526285 4.3793218734526285
      vertex -4.3563492759260383 4.8683998130450759 4.0383340859906198
      vertex -4.3610256771662463 4.8553259901417851 4.0323258455543716
    endloop
  endfacet
  facet normal -0.789141 2.51854e-15 0.614213
    outer loop
      vertex -4.3930676083608926 4.4653655948781665 3.991158371513889
      vertex -4.0909478278476907 4.3793218734526285 4.3793218734526285
      vertex -4.3610256771662463 4.8553259901417851 4.0323258455543716
    endloop
  endfacet
  facet normal -0.146781 -0.0919126 0.98489
    outer loop
      vertex -4.3930676083608926 4.4653655948781665 3.991158371513889
      vertex -4.3610256771662463 4.8553259901417851 4.0323258455543716
      vertex -4.4121106970831461 4.8544866417537138 4.0246341745054002
    endloop
  endfacet
  facet normal -0.146781 -0.0919126 0.98489
    outer loop
      vertex -4.3930676083608926 4.4653655948781665 3.991158371513889
      vertex -4.4121106970831461 4.8544866417537138 4.0246341745054002
      vertex -4.4146493556079083 4.8544451759899978 4.0242519615576073
    endloop
  endfacet
  facet normal -0.146781 -0.0919126 0.98489
    outer loop
      vertex -4.3930676083608926 4.4653655948781665 3.991158371513889
      vertex -4.4146493556079083 4.8544451759899978 4.0242519615576073
      vertex -4.4149784307004989 4.8544816096812342 4.0242063186855548
    endloop
  endfacet
  facet normal -0.146781 -0.0919126 0.98489
    outer loop
      vertex -4.3930676083608926 4.4653655948781665 3.991158371513889
      vertex -4.4149784307004989 4.8544816096812342 4.0242063186855548
      vertex -4.4247502273172685 4.8556773869930936 4.0228615942409025
    endloop
  endfacet
  facet normal 0.173675 0.414841 -0.893165
    outer loop
      vertex -4.1370993973963994 4.597330103399293 3.9588026461637584
      vertex -4.4247502273172685 4.8556773869930936 4.0228615942409025
      vertex -4.4149784307004989 4.8544816096812342 4.0242063186855548
    endloop
  endfacet
  facet normal 0.173675 0.414841 -0.893165
    outer loop
      vertex -4.1370761118096047 4.5973491360100471 3.9588160139421946
      vertex -4.1370993973963994 4.597330103399293 3.9588026461637584
      vertex -4.4149784307004989 4.8544816096812342 4.0242063186855548
    endloop
  endfacet
  facet normal 0.169747 0.411213 -0.895595
    outer loop
      vertex -4.1370761118096047 4.5973491360100471 3.9588160139421946
      vertex -4.4149784307004989 4.8544816096812342 4.0242063186855548
      vertex -4.136974135920088 4.5974351584732327 3.9588748393223585
    endloop
  endfacet
  facet normal -0.436208 -0.0948165 0.894836
    outer loop
      vertex -4.1370761118096047 4.5973491360100471 3.9588160139421946
      vertex -4.136974135920088 4.5974351584732327 3.9588748393223585
      vertex -4.4709621774439317 5.0069817983070006 3.8394601819251082
    endloop
  endfacet
  facet normal -0.436208 -0.0948165 0.894836
    outer loop
      vertex -4.136974135920088 4.5974351584732327 3.9588748393223585
      vertex -4.5448104015772826 5.1824486974675583 3.822053594974208
      vertex -4.4709621774439317 5.0069817983070006 3.8394601819251082
    endloop
  endfacet
  facet normal -0.436208 -0.0948165 0.894836
    outer loop
      vertex -4.5813023343246106 5.149190852615261 3.8007407815637482
      vertex -4.4709621774439317 5.0069817983070006 3.8394601819251082
      vertex -4.5448104015772826 5.1824486974675583 3.822053594974208
    endloop
  endfacet
  facet normal -0.436208 -0.0948165 0.894836
    outer loop
      vertex -4.5813023343246106 5.149190852615261 3.8007407815637482
      vertex -4.5448104015772826 5.1824486974675583 3.822053594974208
      vertex -4.5774159652762334 5.1529277748496769 3.8030312436505231
    endloop
  endfacet
  facet normal 0.747774 -0.58347 -0.316854
    outer loop
      vertex -4.5813023343246106 5.149190852615261 3.8007407815637482
      vertex -4.5774159652762334 5.1529277748496769 3.8030312436505231
      vertex -4.580951339204514 5.1494750105683043 3.8010458661812234
    endloop
  endfacet
  facet normal 0.714119 -0.14735 -0.68434
    outer loop
      vertex -4.5836084923279792 5.1451995229985279 3.7991936724215591
      vertex -4.5813023343246106 5.149190852615261 3.8007407815637482
      vertex -4.580951339204514 5.1494750105683043 3.8010458661812234
    endloop
  endfacet
  facet normal -0.635512 0.226244 0.738199
    outer loop
      vertex -4.5563095142821268 5.282712136019323 3.7814251664986287
      vertex -4.5774159652762334 5.1529277748496769 3.8030312436505231
      vertex -4.5448104015772826 5.1824486974675583 3.822053594974208
    endloop
  endfacet
  facet normal -0.635512 0.226244 0.738199
    outer loop
      vertex -4.5563095142821268 5.282712136019323 3.7814251664986287
      vertex -4.5448104015772826 5.1824486974675583 3.822053594974208
      vertex -4.5446849290466043 5.1825695411314223 3.8221245773051118
    endloop
  endfacet
  facet normal -0.635512 0.226244 0.738199
    outer loop
      vertex -4.5563095142821268 5.282712136019323 3.7814251664986287
      vertex -4.5446849290466043 5.1825695411314223 3.8221245773051118
      vertex -4.5078231609609452 5.2156490451660318 3.8437204345192097
    endloop
  endfacet
  facet normal -0.789141 8.39762e-14 0.614213
    outer loop
      vertex -4.5563095142821268 5.282712136019323 3.7814251664986287
      vertex -4.5078231609609452 5.2156490451660318 3.8437204345192097
      vertex -4.5073805697600964 5.2188966874768514 3.8442890757056847
    endloop
  endfacet
  facet normal -0.436836 -0.0970522 0.894291
    outer loop
      vertex -4.0976771627705695 4.6375169377539542 3.9813237807594324
      vertex -4.5073805697600964 5.2188966874768514 3.8442890757056847
      vertex -4.5078231609609452 5.2156490451660318 3.8437204345192097
    endloop
  endfacet
  facet normal -0.436836 -0.0970522 0.894291
    outer loop
      vertex -4.0976771627705695 4.6375169377539542 3.9813237807594324
      vertex -4.5061541622994872 5.220083264539066 3.8450169133724534
      vertex -4.5073805697600964 5.2188966874768514 3.8442890757056847
    endloop
  endfacet
  facet normal -0.436836 -0.0970522 0.894291
    outer loop
      vertex -4.5062360876081726 5.2200097521398137 3.8449689173033716
      vertex -4.5073805697600964 5.2188966874768514 3.8442890757056847
      vertex -4.5061541622994872 5.220083264539066 3.8450169133724534
    endloop
  endfacet
  facet normal 0.635431 -0.22611 -0.73831
    outer loop
      vertex -4.5062360876081726 5.2200097521398137 3.8449689173033716
      vertex -4.5061541622994872 5.220083264539066 3.8450169133724534
      vertex -4.4988720760829075 5.2072295237167658 3.8552207886056191
    endloop
  endfacet
  facet normal 0.635431 -0.22611 -0.73831
    outer loop
      vertex -4.5062360876081726 5.2200097521398137 3.8449689173033716
      vertex -4.4988720760829075 5.2072295237167658 3.8552207886056191
      vertex -4.504330425555513 5.2147890318439458 3.8482079010598476
    endloop
  endfacet
  facet normal -0.789141 -5.84412e-15 0.614213
    outer loop
      vertex -5.2768425072389338 19.110918581718863 2.855684358222442
      vertex -4.504330425555513 5.2147890318439458 3.8482079010598476
      vertex -4.4988720760829075 5.2072295237167658 3.8552207886056191
    endloop
  endfacet
  facet normal -0.789141 -4.94966e-16 0.614213
    outer loop
      vertex -4.4877239824372834 5.1878492016413995 3.8695438596143292
      vertex -5.2768425072389338 19.110918581718863 2.855684358222442
      vertex -4.4988720760829075 5.2072295237167658 3.8552207886056191
    endloop
  endfacet
  facet normal -0.661224 -0.65312 -0.369075
    outer loop
      vertex -4.5060296612818043 5.2202020984290378 3.8450876726100143
      vertex -4.4877239824372834 5.1878492016413995 3.8695438596143292
      vertex -4.4988720760829075 5.2072295237167658 3.8552207886056191
    endloop
  endfacet
  facet normal -0.661224 -0.65312 -0.369075
    outer loop
      vertex -4.5060296612818043 5.2202020984290378 3.8450876726100143
      vertex -4.3399468705104747 4.9309471594134733 4.0594078968993577
      vertex -4.4877239824372834 5.1878492016413995 3.8695438596143292
    endloop
  endfacet
  facet normal -0.661224 -0.65312 -0.369075
    outer loop
      vertex -4.3486911098709964 4.9358007805608457 4.0664847831881161
      vertex -4.4877239824372834 5.1878492016413995 3.8695438596143292
      vertex -4.3399468705104747 4.9309471594134733 4.0594078968993577
    endloop
  endfacet
  facet normal 0.694613 0.506384 0.510968
    outer loop
      vertex -4.3571928093206758 4.9769618280924295 4.0372503142630345
      vertex -4.3486911098709964 4.9358007805608457 4.0664847831881161
      vertex -4.3399468705104747 4.9309471594134733 4.0594078968993577
    endloop
  endfacet
  facet normal -0.789141 1.31934e-13 0.614213
    outer loop
      vertex -4.3571928093206758 4.9769618280924295 4.0372503142630345
      vertex -4.3399468705104747 4.9309471594134733 4.0594078968993577
      vertex -4.3360275633710241 4.9241336685073733 4.0644434228150663
    endloop
  endfacet
  facet normal -0.789141 -9.9105e-15 0.614213
    outer loop
      vertex -4.3474457064240841 4.9938256439879805 4.0497733923205903
      vertex -4.3571928093206758 4.9769618280924295 4.0372503142630345
      vertex -4.3360275633710241 4.9241336685073733 4.0644434228150663
    endloop
  endfacet
  facet normal -0.292624 -0.455301 0.840876
    outer loop
      vertex -4.3635732691211988 4.9840705402629473 4.0388790120027194
      vertex -4.3571928093206758 4.9769618280924295 4.0372503142630345
      vertex -4.3474457064240841 4.9938256439879805 4.0497733923205903
    endloop
  endfacet
  facet normal -0.635512 0.226244 0.738199
    outer loop
      vertex -4.3635732691211988 4.9840705402629473 4.0388790120027194
      vertex -4.3474457064240841 4.9938256439879805 4.0497733923205903
      vertex -4.4877239824372834 5.1878492016413995 3.8695438596143292
    endloop
  endfacet
  facet normal 0.694613 0.506384 0.510968
    outer loop
      vertex -4.3635732691211988 4.9840705402629473 4.0388790120027194
      vertex -4.3486911098709964 4.9358007805608457 4.0664847831881161
      vertex -4.3571928093206758 4.9769618280924295 4.0372503142630345
    endloop
  endfacet
  facet normal -0.635512 0.226244 0.738199
    outer loop
      vertex -4.3635732691211988 4.9840705402629473 4.0388790120027194
      vertex -4.4877239824372834 5.1878492016413995 3.8695438596143292
      vertex -4.3486911098709964 4.9358007805608457 4.0664847831881161
    endloop
  endfacet
  facet normal -0.661224 -0.65312 -0.369075
    outer loop
      vertex -4.5060296612818043 5.2202020984290378 3.8450876726100143
      vertex -4.3360275633710241 4.9241336685073733 4.0644434228150663
      vertex -4.3399468705104747 4.9309471594134733 4.0594078968993577
    endloop
  endfacet
  facet normal -0.661224 -0.65312 -0.369075
    outer loop
      vertex -4.0580314948047649 4.6778222651728552 4.0022697961700153
      vertex -4.3360275633710241 4.9241336685073733 4.0644434228150663
      vertex -4.5060296612818043 5.2202020984290378 3.8450876726100143
    endloop
  endfacet
  facet normal -0.661224 -0.65312 -0.369075
    outer loop
      vertex -4.0580314948047649 4.6778222651728552 4.0022697961700153
      vertex -4.5060296612818043 5.2202020984290378 3.8450876726100143
      vertex -4.5068470696578879 5.2216835884755435 3.8439304535674927
    endloop
  endfacet
  facet normal -0.661224 -0.65312 -0.369075
    outer loop
      vertex -4.0580314948047649 4.6778222651728552 4.0022697961700153
      vertex -4.5068470696578879 5.2216835884755435 3.8439304535674927
      vertex -4.3568608227400052 5.0402613867773693 3.8962666111940694
    endloop
  endfacet
  facet normal 0.661224 0.65312 0.369075
    outer loop
      vertex -4.0580314948047649 4.6778222651728552 4.0022697961700153
      vertex -4.3568608227400052 5.0402613867773693 3.8962666111940694
      vertex -4.0600855114405254 4.6793343644280565 4.0032738805924373
    endloop
  endfacet
  facet normal 0.661224 0.65312 0.369075
    outer loop
      vertex -4.0600855114405254 4.6793343644280565 4.0032738805924373
      vertex -4.3568608227400052 5.0402613867773693 3.8962666111940694
      vertex -4.5060296612818043 5.2202020984290378 3.8450876726100143
    endloop
  endfacet
  facet normal -0.426826 -0.0887044 0.899973
    outer loop
      vertex -4.0600855114405254 4.6793343644280565 4.0032738805924373
      vertex -4.5060296612818043 5.2202020984290378 3.8450876726100143
      vertex -4.5061541622994872 5.220083264539066 3.8450169133724534
    endloop
  endfacet
  facet normal 0.661224 0.65312 0.369075
    outer loop
      vertex -4.5068470696578879 5.2216835884755435 3.8439304535674927
      vertex -4.5060296612818043 5.2202020984290378 3.8450876726100143
      vertex -4.3568608227400052 5.0402613867773693 3.8962666111940694
    endloop
  endfacet
  facet normal -0.661224 -0.65312 -0.369075
    outer loop
      vertex -4.0580314948047649 4.6778222651728552 4.0022697961700153
      vertex -4.0600855114405254 4.6793343644280565 4.0032738805924373
      vertex -4.3360275633710241 4.9241336685073733 4.0644434228150663
    endloop
  endfacet
  facet normal -0.661224 -0.65312 -0.369075
    outer loop
      vertex -4.0600855114405254 4.6793343644280565 4.0032738805924373
      vertex -4.058710464131158 4.6776666248184506 4.0037616401465037
      vertex -4.3360275633710241 4.9241336685073733 4.0644434228150663
    endloop
  endfacet
  facet normal -0.426826 -0.0887044 0.899973
    outer loop
      vertex -4.0976771627705695 4.6375169377539542 3.9813237807594324
      vertex -4.058710464131158 4.6776666248184506 4.0037616401465037
      vertex -4.0600855114405254 4.6793343644280565 4.0032738805924373
    endloop
  endfacet
  facet normal -0.426826 -0.0887046 0.899973
    outer loop
      vertex -4.0976771627705695 4.6375169377539542 3.9813237807594324
      vertex -4.0975953140274415 4.6376012700210971 3.9813709108882054
      vertex -4.058710464131158 4.6776666248184506 4.0037616401465037
    endloop
  endfacet
  facet normal 0.136546 0.378983 -0.915274
    outer loop
      vertex -4.0975953140274415 4.6376012700210971 3.9813709108882054
      vertex -4.3370128874217757 4.9214313212730367 4.0631774784487815
      vertex -4.058710464131158 4.6776666248184506 4.0037616401465037
    endloop
  endfacet
  facet normal 0.136548 0.378985 -0.915273
    outer loop
      vertex -4.0976771627705695 4.6375169377539542 3.9813237807594324
      vertex -4.3563492759260383 4.8683998130450759 4.0383340859906198
      vertex -4.0975953140274415 4.6376012700210971 3.9813709108882054
    endloop
  endfacet
  facet normal 0.136548 0.378985 -0.915273
    outer loop
      vertex -4.0977894625886266 4.6373922370656926 3.9812553924329586
      vertex -4.3563492759260383 4.8683998130450759 4.0383340859906198
      vertex -4.0976771627705695 4.6375169377539542 3.9813237807594324
    endloop
  endfacet
  facet normal -0.436836 -0.0970522 0.894291
    outer loop
      vertex -4.0977894625886266 4.6373922370656926 3.9812553924329586
      vertex -4.0976771627705695 4.6375169377539542 3.9813237807594324
      vertex -4.5446849290466043 5.1825695411314223 3.8221245773051118
    endloop
  endfacet
  facet normal -0.42615 -0.0864773 0.90051
    outer loop
      vertex -4.0979631579363538 4.637208914309622 3.9811555895944584
      vertex -4.0977894625886266 4.6373922370656926 3.9812553924329586
      vertex -4.5446849290466043 5.1825695411314223 3.8221245773051118
    endloop
  endfacet
  facet normal -0.42615 -0.0864773 0.90051
    outer loop
      vertex -4.1318991851101181 4.6014000820856467 3.9616572226761755
      vertex -4.0979631579363538 4.637208914309622 3.9811555895944584
      vertex -4.5446849290466043 5.1825695411314223 3.8221245773051118
    endloop
  endfacet
  facet normal -0.42615 -0.0864773 0.90051
    outer loop
      vertex -4.136974135920088 4.5974351584732327 3.9588748393223585
      vertex -4.1318991851101181 4.6014000820856467 3.9616572226761755
      vertex -4.5446849290466043 5.1825695411314223 3.8221245773051118
    endloop
  endfacet
  facet normal 0.169747 0.411213 -0.895595
    outer loop
      vertex -4.136974135920088 4.5974351584732327 3.9588748393223585
      vertex -4.4146493556079083 4.8544451759899978 4.0242519615576073
      vertex -4.1318991851101181 4.6014000820856467 3.9616572226761755
    endloop
  endfacet
  facet normal 0.132055 0.374575 -0.917744
    outer loop
      vertex -4.1318991851101181 4.6014000820856467 3.9616572226761755
      vertex -4.4121106970831461 4.8544866417537138 4.0246341745054002
      vertex -4.0979631579363538 4.637208914309622 3.9811555895944584
    endloop
  endfacet
  facet normal 0.13203 0.374543 -0.917761
    outer loop
      vertex -4.0979631579363538 4.637208914309622 3.9811555895944584
      vertex -4.3610256771662463 4.8553259901417851 4.0323258455543716
      vertex -4.0977894625886266 4.6373922370656926 3.9812553924329586
    endloop
  endfacet
  facet normal -0.789141 8.52393e-17 0.614213
    outer loop
      vertex -4.3474457064240841 4.9938256439879805 4.0497733923205903
      vertex -5.2768425072389338 19.110918581718863 2.855684358222442
      vertex -4.4877239824372834 5.1878492016413995 3.8695438596143292
    endloop
  endfacet
  facet normal -0.789141 -1.73904e-15 0.614213
    outer loop
      vertex -5.2768425072389338 19.110918581718863 2.855684358222442
      vertex -4.5073805697600964 5.2188966874768514 3.8442890757056847
      vertex -4.504330425555513 5.2147890318439458 3.8482079010598476
    endloop
  endfacet
  facet normal 0.635431 -0.22611 -0.73831
    outer loop
      vertex -4.5061541622994872 5.220083264539066 3.8450169133724534
      vertex -4.5060296612818043 5.2202020984290378 3.8450876726100143
      vertex -4.4988720760829075 5.2072295237167658 3.8552207886056191
    endloop
  endfacet
  facet normal 0.646283 -0.217829 -0.731348
    outer loop
      vertex -4.5062360876081726 5.2200097521398137 3.8449689173033716
      vertex -4.504330425555513 5.2147890318439458 3.8482079010598476
      vertex -4.5073805697600964 5.2188966874768514 3.8442890757056847
    endloop
  endfacet
  facet normal -0.426826 -0.0887044 0.899973
    outer loop
      vertex -4.0976771627705695 4.6375169377539542 3.9813237807594324
      vertex -4.0600855114405254 4.6793343644280565 4.0032738805924373
      vertex -4.5061541622994872 5.220083264539066 3.8450169133724534
    endloop
  endfacet
  facet normal -0.436836 -0.0970522 0.894291
    outer loop
      vertex -4.0976771627705695 4.6375169377539542 3.9813237807594324
      vertex -4.5078231609609452 5.2156490451660318 3.8437204345192097
      vertex -4.5446849290466043 5.1825695411314223 3.8221245773051118
    endloop
  endfacet
  facet normal -0.436208 -0.0948165 0.894836
    outer loop
      vertex -4.5836084923279792 5.1451995229985279 3.7991936724215591
      vertex -4.4709621774439317 5.0069817983070006 3.8394601819251082
      vertex -4.5813023343246106 5.149190852615261 3.8007407815637482
    endloop
  endfacet
  facet normal 0.665304 0.649476 0.368174
    outer loop
      vertex -4.5836084923279792 5.1451995229985279 3.7991936724215591
      vertex -4.5245842289871243 5.0365610095602351 3.8841780993896617
      vertex -4.4709621774439317 5.0069817983070006 3.8394601819251082
    endloop
  endfacet
  facet normal -0.42615 -0.0864773 0.90051
    outer loop
      vertex -4.136974135920088 4.5974351584732327 3.9588748393223585
      vertex -4.5446849290466043 5.1825695411314223 3.8221245773051118
      vertex -4.5448104015772826 5.1824486974675583 3.822053594974208
    endloop
  endfacet
  facet normal -0.436208 -0.0948165 0.894836
    outer loop
      vertex -4.1370761118096047 4.5973491360100471 3.9588160139421946
      vertex -4.4709621774439317 5.0069817983070006 3.8394601819251082
      vertex -4.1370993973963994 4.597330103399293 3.9588026461637584
    endloop
  endfacet
  facet normal -0.665304 -0.649476 -0.368174
    outer loop
      vertex -4.4131231432196465 4.9368092780443247 3.8587305337046796
      vertex -4.1370993973963994 4.597330103399293 3.9588026461637584
      vertex -4.4709621774439317 5.0069817983070006 3.8394601819251082
    endloop
  endfacet
  facet normal 0.665304 0.649476 0.368174
    outer loop
      vertex -4.4131231432196465 4.9368092780443247 3.8587305337046796
      vertex -4.4709621774439317 5.0069817983070006 3.8394601819251082
      vertex -4.4294935644798592 4.8625067820622974 4.0193856056465815
    endloop
  endfacet
  facet normal 0.665304 0.649476 0.368174
    outer loop
      vertex -4.4131231432196465 4.9368092780443247 3.8587305337046796
      vertex -4.4247502273172685 4.8556773869930936 4.0228615942409025
      vertex -4.1370993973963994 4.597330103399293 3.9588026461637584
    endloop
  endfacet
  facet normal 0.665304 0.649476 0.368174
    outer loop
      vertex -4.4131231432196465 4.9368092780443247 3.8587305337046796
      vertex -4.4274143062442484 4.858483034143922 4.0227263899574233
      vertex -4.4247502273172685 4.8556773869930936 4.0228615942409025
    endloop
  endfacet
  facet normal 0.169747 0.411213 -0.895595
    outer loop
      vertex -4.136974135920088 4.5974351584732327 3.9588748393223585
      vertex -4.4149784307004989 4.8544816096812342 4.0242063186855548
      vertex -4.4146493556079083 4.8544451759899978 4.0242519615576073
    endloop
  endfacet
  facet normal 0.132055 0.374575 -0.917744
    outer loop
      vertex -4.1318991851101181 4.6014000820856467 3.9616572226761755
      vertex -4.4146493556079083 4.8544451759899978 4.0242519615576073
      vertex -4.4121106970831461 4.8544866417537138 4.0246341745054002
    endloop
  endfacet
  facet normal 0.13203 0.374543 -0.917761
    outer loop
      vertex -4.0979631579363538 4.637208914309622 3.9811555895944584
      vertex -4.4121106970831461 4.8544866417537138 4.0246341745054002
      vertex -4.3610256771662463 4.8553259901417851 4.0323258455543716
    endloop
  endfacet
  facet normal 0.13203 0.374543 -0.917761
    outer loop
      vertex -4.0977894625886266 4.6373922370656926 3.9812553924329586
      vertex -4.3610256771662463 4.8553259901417851 4.0323258455543716
      vertex -4.3563492759260383 4.8683998130450759 4.0383340859906198
    endloop
  endfacet
  facet normal 0.136548 0.378985 -0.915273
    outer loop
      vertex -4.0975953140274415 4.6376012700210971 3.9813709108882054
      vertex -4.3563492759260383 4.8683998130450759 4.0383340859906198
      vertex -4.3370128874217757 4.9214313212730367 4.0631774784487815
    endloop
  endfacet
  facet normal 0.136546 0.378983 -0.915274
    outer loop
      vertex -4.058710464131158 4.6776666248184506 4.0037616401465037
      vertex -4.3370128874217757 4.9214313212730367 4.0631774784487815
      vertex -4.3360275633710241 4.9241336685073733 4.0644434228150663
    endloop
  endfacet
  facet normal -0.789141 3.76824e-15 0.614213
    outer loop
      vertex -4.3474457064240841 4.9938256439879805 4.0497733923205903
      vertex -4.3360275633710241 4.9241336685073733 4.0644434228150663
      vertex -5.2768425072389338 19.110918581718863 2.855684358222442
    endloop
  endfacet
  facet normal -0.789141 0 0.614213
    outer loop
      vertex -4.0636894297544455 4.4143434640387902 4.4143434640387902
      vertex -4.0636894297544455 19.11091858171886 4.4143434640387902
      vertex -5.2768425072389338 19.110918581718863 2.855684358222442
    endloop
  endfacet
  facet normal -0.77891 0.1605 0.60625
    outer loop
      vertex -4.0338557621464339 19.378115294937455 4.3819354619288235
      vertex -5.2768425072389338 19.110918581718863 2.855684358222442
      vertex -4.0636894297544455 19.11091858171886 4.4143434640387902
    endloop
  endfacet
  facet normal -0.539857 0.1605 0.826313
    outer loop
      vertex -4.0338557621464339 19.378115294937455 4.3819354619288235
      vertex -4.0636894297544455 19.11091858171886 4.4143434640387902
      vertex -2.3924782117940846 19.378115294937455 5.4543009367289175
    endloop
  endfacet
  facet normal -0.324984 0.804334 0.497426
    outer loop
      vertex -4.0338557621464339 19.378115294937455 4.3819354619288235
      vertex -2.3924782117940846 19.378115294937455 5.4543009367289175
      vertex -2.0496389888990336 20 4.6727062348981141
    endloop
  endfacet
  facet normal -0.324984 0.804334 0.497426
    outer loop
      vertex -4.0338557621464339 19.378115294937455 4.3819354619288235
      vertex -2.0496389888990336 20 4.6727062348981141
      vertex -3.4558091291833928 20 3.7540094306119522
    endloop
  endfacet
  facet normal -0.46889 0.804334 0.364952
    outer loop
      vertex -5.2381024489490207 19.378115294937455 2.8347192870945159
      vertex -4.0338557621464339 19.378115294937455 4.3819354619288235
      vertex -3.4558091291833928 20 3.7540094306119522
    endloop
  endfacet
  facet normal -0.46889 0.804334 0.364952
    outer loop
      vertex -5.2381024489490207 19.378115294937455 2.8347192870945159
      vertex -3.4558091291833928 20 3.7540094306119522
      vertex -4.4874887279171869 20 2.4285074550610197
    endloop
  endfacet
  facet normal -0.561984 0.804334 0.192929
    outer loop
      vertex -5.8747194578741704 19.378115294937455 0.98031729230182485
      vertex -5.2381024489490207 19.378115294937455 2.8347192870945159
      vertex -4.4874887279171869 20 2.4285074550610197
    endloop
  endfacet
  facet normal -0.933556 0.1605 0.32049
    outer loop
      vertex -5.8747194578741704 19.378115294937455 0.98031729230182485
      vertex -5.9181678204163344 19.110918581718863 0.98756754168440475
      vertex -5.2381024489490207 19.378115294937455 2.8347192870945159
    endloop
  endfacet
  facet normal 0 1 0
    outer loop
      vertex 4.8260044202328976 20 1.6567694101362733
      vertex -4.4874887279171869 20 2.4285074550610197
      vertex -3.4558091291833928 20 3.7540094306119522
    endloop
  endfacet
  facet normal 0 1 0
    outer loop
      vertex -3.4558091291833928 20 3.7540094306119522
      vertex 4.0265660411139441 20 3.1340021472581561
      vertex 4.8260044202328976 20 1.6567694101362733
    endloop
  endfacet
  facet normal 0.522564 0.804334 0.282797
    outer loop
      vertex 4.7000820992821328 19.378115294937455 3.6582207372326541
      vertex 4.8260044202328976 20 1.6567694101362733
      vertex 4.0265660411139441 20 3.1340021472581561
    endloop
  endfacet
  facet normal 0.402426 0.804334 0.437151
    outer loop
      vertex 3.2575963552965463 19.378115294937455 4.9861224100767947
      vertex 4.7000820992821328 19.378115294937455 3.6582207372326541
      vertex 4.0265660411139441 20 3.1340021472581561
    endloop
  endfacet
  facet normal 0.402426 0.804334 0.437151
    outer loop
      vertex 3.2575963552965463 19.378115294937455 4.9861224100767947
      vertex 4.0265660411139441 20 3.1340021472581561
      vertex 2.7907867528307735 20 4.271617122670877
    endloop
  endfacet
  facet normal 0.238679 0.804334 0.544132
    outer loop
      vertex 3.2575963552965463 19.378115294937455 4.9861224100767947
      vertex 2.7907867528307735 20 4.271617122670877
      vertex 1.4620994993991088 19.378115294937455 5.7737003521284542
    endloop
  endfacet
  facet normal 0.396488 0.1605 0.903901
    outer loop
      vertex 3.2575963552965463 19.378115294937455 4.9861224100767947
      vertex 1.4620994993991088 19.378115294937455 5.7737003521284542
      vertex 1.4729129228447957 19.11091858171886 5.8164015956359822
    endloop
  endfacet
  facet normal 0.396488 0.1605 0.903901
    outer loop
      vertex 3.2575963552965463 19.378115294937455 4.9861224100767947
      vertex 1.4729129228447957 19.11091858171886 5.8164015956359822
      vertex 3.2816889487345611 19.11091858171887 5.0229988695751713
    endloop
  endfacet
  facet normal 0.401695 2.2043e-18 0.915773
    outer loop
      vertex 2.0264133977226928 6.3608695842212359 5.5736137770457548
      vertex 3.2816889487345611 19.11091858171887 5.0229988695751713
      vertex 1.4729129228447957 19.11091858171886 5.8164015956359822
    endloop
  endfacet
  facet normal 0.401695 9.73853e-17 0.915773
    outer loop
      vertex 1.8104877916364348 6.5014044461987579 5.6683275293528697
      vertex 2.0264133977226928 6.3608695842212359 5.5736137770457548
      vertex 1.4729129228447957 19.11091858171886 5.8164015956359822
    endloop
  endfacet
  facet normal 0.401695 -0 0.915773
    outer loop
      vertex 1.4729129228447957 6.3797091192415714 5.8164015956359822
      vertex 1.8104877916364348 6.5014044461987579 5.6683275293528697
      vertex 1.4729129228447957 19.11091858171886 5.8164015956359822
    endloop
  endfacet
  facet normal 0.0825793 0 0.996584
    outer loop
      vertex 1.2640278592189791 6.4273143043381067 5.8337103054886965
      vertex 1.4729129228447957 6.3797091192415714 5.8164015956359822
      vertex 1.4729129228447957 19.11091858171886 5.8164015956359822
    endloop
  endfacet
  facet normal 0.0825793 2.45129e-17 0.996584
    outer loop
      vertex 1.2640278592189791 6.4273143043381067 5.8337103054886965
      vertex 1.4729129228447957 19.11091858171886 5.8164015956359822
      vertex -0.4954760728339947 19.110918581718867 5.9795069580400195
    endloop
  endfacet
  facet normal 0.0825793 -6.79556e-17 0.996584
    outer loop
      vertex -0.043865479588553705 6.833208902399134 5.9420854373759093
      vertex 1.2640278592189791 6.4273143043381067 5.8337103054886965
      vertex -0.4954760728339947 19.110918581718867 5.9795069580400195
    endloop
  endfacet
  facet normal 0.0825793 -0 0.996584
    outer loop
      vertex -0.4954760728339947 6.516173342807928 5.9795069580400195
      vertex -0.043865479588553705 6.833208902399134 5.9420854373759093
      vertex -0.4954760728339947 19.110918581718867 5.9795069580400195
    endloop
  endfacet
  facet normal -0.245485 0 0.9694
    outer loop
      vertex -0.4954760728339947 6.516173342807928 5.9795069580400195
      vertex -0.4954760728339947 19.110918581718867 5.9795069580400195
      vertex -2.4101725479178171 19.11091858171886 5.4946399599303444
    endloop
  endfacet
  facet normal -0.245485 6.71427e-16 0.9694
    outer loop
      vertex -0.60612352301658412 6.5114796465331564 5.9514872182448793
      vertex -0.4954760728339947 6.516173342807928 5.9795069580400195
      vertex -2.4101725479178171 19.11091858171886 5.4946399599303444
    endloop
  endfacet
  facet normal -0.245485 1.01831e-17 0.9694
    outer loop
      vertex -1.8577569411116897 6.4651477604684304 5.6345305903600558
      vertex -0.60612352301658412 6.5114796465331564 5.9514872182448793
      vertex -2.4101725479178171 19.11091858171886 5.4946399599303444
    endloop
  endfacet
  facet normal -0.245485 0 0.9694
    outer loop
      vertex -2.4101725479178171 5.8418938837790844 5.4946399599303444
      vertex -1.8577569411116897 6.4651477604684304 5.6345305903600558
      vertex -2.4101725479178171 19.11091858171886 5.4946399599303444
    endloop
  endfacet
  facet normal -0.546948 0 0.837166
    outer loop
      vertex -2.4101725479178171 5.8418938837790844 5.4946399599303444
      vertex -2.4101725479178171 19.11091858171886 5.4946399599303444
      vertex -4.0636894297544455 19.11091858171886 4.4143434640387902
    endloop
  endfacet
  facet normal -0.546948 -6.95417e-17 0.837166
    outer loop
      vertex -2.9494917619355063 5.7241778115651938 5.142285131582204
      vertex -2.4101725479178171 5.8418938837790844 5.4946399599303444
      vertex -4.0636894297544455 19.11091858171886 4.4143434640387902
    endloop
  endfacet
  facet normal -0.546948 8.26697e-17 0.837166
    outer loop
      vertex -3.3005138344528264 5.6531282549221151 4.9129509656680046
      vertex -2.9494917619355063 5.7241778115651938 5.142285131582204
      vertex -4.0636894297544455 19.11091858171886 4.4143434640387902
    endloop
  endfacet
  facet normal -0.546948 2.8403e-17 0.837166
    outer loop
      vertex -3.690856043428794 5.0327798205184822 4.6579276724755436
      vertex -3.3005138344528264 5.6531282549221151 4.9129509656680046
      vertex -4.0636894297544455 19.11091858171886 4.4143434640387902
    endloop
  endfacet
  facet normal -0.546948 -4.18257e-17 0.837166
    outer loop
      vertex -3.9219518516787808 4.8185709152236793 4.5069452454982093
      vertex -3.690856043428794 5.0327798205184822 4.6579276724755436
      vertex -4.0636894297544455 19.11091858171886 4.4143434640387902
    endloop
  endfacet
  facet normal -0.737834 0.428287 0.5217
    outer loop
      vertex -3.9195071535031558 4.6529584370830293 4.6463615588750127
      vertex -3.690856043428794 5.0327798205184822 4.6579276724755436
      vertex -3.9219518516787808 4.8185709152236793 4.5069452454982093
    endloop
  endfacet
  facet normal -0.991403 -0.0925205 -0.0925205
    outer loop
      vertex -3.9195071535031558 4.6529584370830293 4.6463615588750127
      vertex -3.9219518516787808 4.8185709152236793 4.5069452454982093
      vertex -3.8960309257354879 4.5238802316325515 4.5238802316325515
    endloop
  endfacet
  facet normal -0.991403 -0.0925205 -0.0925205
    outer loop
      vertex -3.9195071535031558 4.6529584370830293 4.6463615588750127
      vertex -3.8960309257354879 4.5238802316325515 4.5238802316325515
      vertex -3.921903119278102 4.5069770839646131 4.8180168846886424
    endloop
  endfacet
  facet normal -0.735575 0.521093 0.432887
    outer loop
      vertex -3.9195071535031558 4.6529584370830293 4.6463615588750127
      vertex -3.921903119278102 4.5069770839646131 4.8180168846886424
      vertex -3.2056146824880369 5.1843285581399945 5.2197859196257888
    endloop
  endfacet
  facet normal -0.735575 0.521093 0.432887
    outer loop
      vertex -3.921903119278102 4.5069770839646131 4.8180168846886424
      vertex -3.6505054719988679 4.6842900165204089 5.0657413136704958
      vertex -3.2056146824880369 5.1843285581399945 5.2197859196257888
    endloop
  endfacet
  facet normal -0.761523 0.610397 0.217941
    outer loop
      vertex -3.6505054719988679 4.6842900165204089 5.0657413136704958
      vertex -3.299302095477985 4.9137426342520003 5.6502685068309049
      vertex -3.2056146824880369 5.1843285581399945 5.2197859196257888
    endloop
  endfacet
  facet normal -0.535397 0.762676 0.362871
    outer loop
      vertex -3.299302095477985 4.9137426342520003 5.6502685068309049
      vertex -2.4101725479178171 5.4946399599303444 5.7412117248786299
      vertex -3.2056146824880369 5.1843285581399945 5.2197859196257888
    endloop
  endfacet
  facet normal -0.535397 0.762676 0.362871
    outer loop
      vertex -3.2056146824880369 5.1843285581399945 5.2197859196257888
      vertex -2.4101725479178171 5.4946399599303444 5.7412117248786299
      vertex -1.7715092178093976 5.8301507734102014 5.9783547543347231
    endloop
  endfacet
  facet normal -0.559317 0.371728 0.740934
    outer loop
      vertex -3.2056146824880369 5.1843285581399945 5.2197859196257888
      vertex -1.7715092178093976 5.8301507734102014 5.9783547543347231
      vertex -2.9494917619355063 5.7241778115651938 5.142285131582204
    endloop
  endfacet
  facet normal -0.535397 0.762676 0.362871
    outer loop
      vertex -2.4101725479178171 5.4946399599303444 5.7412117248786299
      vertex -2.2541233536406389 5.534156982795964 5.8883979464882312
      vertex -1.7715092178093976 5.8301507734102014 5.9783547543347231
    endloop
  endfacet
  facet normal -0.53963 0.808405 0.235119
    outer loop
      vertex -2.2541233536406389 5.534156982795964 5.8883979464882312
      vertex -1.8553533004890193 5.6351392748321976 6.4564243710628224
      vertex -1.7715092178093976 5.8301507734102014 5.9783547543347231
    endloop
  endfacet
  facet normal -0.213825 0.917057 0.33658
    outer loop
      vertex -1.7715092178093976 5.8301507734102014 5.9783547543347231
      vertex -1.8553533004890193 5.6351392748321976 6.4564243710628224
      vertex -1.1310199812134445 5.8185653826870158 6.4168153203452523
    endloop
  endfacet
  facet normal -0.213825 0.917057 0.33658
    outer loop
      vertex -1.7715092178093976 5.8301507734102014 5.9783547543347231
      vertex -1.1310199812134445 5.8185653826870158 6.4168153203452523
      vertex -0.037094160484075725 6.1123746081365944 6.3112502221213056
    endloop
  endfacet
  facet normal -0.237862 0.44098 0.865424
    outer loop
      vertex -1.7715092178093976 5.8301507734102014 5.9783547543347231
      vertex -0.037094160484075725 6.1123746081365944 6.3112502221213056
      vertex -0.4954760728339947 6.516173342807928 5.9795069580400195
    endloop
  endfacet
  facet normal -0.219981 0.927567 0.302041
    outer loop
      vertex -1.1310199812134445 5.8185653826870158 6.4168153203452523
      vertex -0.4954760728339947 5.9795069580400195 6.3854401126772267
      vertex -0.037094160484075725 6.1123746081365944 6.3112502221213056
    endloop
  endfacet
  facet normal -0.219981 0.927567 0.302041
    outer loop
      vertex -0.4954760728339947 5.9795069580400195 6.3854401126772267
      vertex -0.043791036706444693 5.9420792688628312 6.8293488682662611
      vertex -0.037094160484075725 6.1123746081365944 6.3112502221213056
    endloop
  endfacet
  facet normal 0.200014 0.930031 0.30828
    outer loop
      vertex -0.037094160484075725 6.1123746081365944 6.3112502221213056
      vertex -0.043791036706444693 5.9420792688628312 6.8293488682662611
      vertex 0.92887310145819613 5.8614820205033693 6.441426622231333
    endloop
  endfacet
  facet normal 0.171745 0.885377 0.431985
    outer loop
      vertex -0.037094160484075725 6.1123746081365944 6.3112502221213056
      vertex 0.92887310145819613 5.8614820205033693 6.441426622231333
      vertex 1.7488395157122127 5.8937112593899226 6.0493750047401837
    endloop
  endfacet
  facet normal 0.18555 0.508436 0.840871
    outer loop
      vertex -0.037094160484075725 6.1123746081365944 6.3112502221213056
      vertex 1.7488395157122127 5.8937112593899226 6.0493750047401837
      vertex 1.4729129228447957 6.3797091192415714 5.8164015956359822
    endloop
  endfacet
  facet normal 0.171745 0.885377 0.431985
    outer loop
      vertex 0.92887310145819613 5.8614820205033693 6.441426622231333
      vertex 1.4729129228447957 5.8164015956359822 6.3175262511879131
      vertex 1.7488395157122127 5.8937112593899226 6.0493750047401837
    endloop
  endfacet
  facet normal 0.171745 0.885377 0.431985
    outer loop
      vertex 1.7488395157122127 5.8937112593899226 6.0493750047401837
      vertex 1.4729129228447957 5.8164015956359822 6.3175262511879131
      vertex 1.806446807375647 5.6701000693924248 6.484775501192499
    endloop
  endfacet
  facet normal 0.533748 0.778858 0.329383
    outer loop
      vertex 1.7488395157122127 5.8937112593899226 6.0493750047401837
      vertex 1.806446807375647 5.6701000693924248 6.484775501192499
      vertex 2.0478105104472659 5.564228133205658 6.3440031988564503
    endloop
  endfacet
  facet normal 0.533748 0.778858 0.329383
    outer loop
      vertex 1.7488395157122127 5.8937112593899226 6.0493750047401837
      vertex 2.0478105104472659 5.564228133205658 6.3440031988564503
      vertex 3.2143520639892191 5.2277977729881995 5.2492085463120786
    endloop
  endfacet
  facet normal 0.571821 0.393398 0.719902
    outer loop
      vertex 1.7488395157122127 5.8937112593899226 6.0493750047401837
      vertex 3.2143520639892191 5.2277977729881995 5.2492085463120786
      vertex 2.0264133977226928 6.3608695842212359 5.5736137770457548
    endloop
  endfacet
  facet normal 0.536469 0.341492 0.771741
    outer loop
      vertex 2.0264133977226928 6.3608695842212359 5.5736137770457548
      vertex 3.2143520639892191 5.2277977729881995 5.2492085463120786
      vertex 3.2816889487345611 5.6332273605963827 5.0229988695751713
    endloop
  endfacet
  facet normal 0.536469 0.341492 0.771741
    outer loop
      vertex 3.3164100276501753 5.6509155400268831 4.9910358647640418
      vertex 3.2816889487345611 5.6332273605963827 5.0229988695751713
      vertex 3.2143520639892191 5.2277977729881995 5.2492085463120786
    endloop
  endfacet
  facet normal 0.759157 0.195679 0.620799
    outer loop
      vertex 3.3164100276501753 5.6509155400268831 4.9910358647640418
      vertex 3.2143520639892191 5.2277977729881995 5.2492085463120786
      vertex 3.9904725514254165 5.0044388760259615 4.3705175985317828
    endloop
  endfacet
  facet normal 0.677282 2.53833e-17 0.735724
    outer loop
      vertex 3.3164100276501753 5.6509155400268831 4.9910358647640418
      vertex 3.9904725514254165 5.0044388760259615 4.3705175985317828
      vertex 3.2816889487345611 19.11091858171887 5.0229988695751713
    endloop
  endfacet
  facet normal 0.677282 -9.53447e-18 0.735724
    outer loop
      vertex 4.3237767925192232 4.4143434640387902 4.0636894297544455
      vertex 3.2816889487345611 19.11091858171887 5.0229988695751713
      vertex 3.9904725514254165 5.0044388760259615 4.3705175985317828
    endloop
  endfacet
  facet normal 0.677282 -7.01767e-16 0.735724
    outer loop
      vertex 4.3237767925192232 4.4143434640387902 4.0636894297544455
      vertex 3.9904725514254165 5.0044388760259615 4.3705175985317828
      vertex 3.9249777998753048 4.8584830341439202 4.4308097646821425
    endloop
  endfacet
  facet normal 0.677282 -1.57969e-15 0.735724
    outer loop
      vertex 4.3237767925192232 4.4143434640387902 4.0636894297544455
      vertex 3.9249777998753048 4.8584830341439202 4.4308097646821425
      vertex 3.9641355032171761 4.4258983874974573 4.3947625593706103
    endloop
  endfacet
  facet normal 0.677282 1.04258e-14 0.735724
    outer loop
      vertex 4.314250728049501 4.4030765899369788 4.0724587898661193
      vertex 4.3237767925192232 4.4143434640387902 4.0636894297544455
      vertex 3.9641355032171761 4.4258983874974573 4.3947625593706103
    endloop
  endfacet
  facet normal 0.571826 0.580093 0.580093
    outer loop
      vertex 4.314250728049501 4.4030765899369788 4.0724587898661193
      vertex 3.9641355032171761 4.4258983874974573 4.3947625593706103
      vertex 3.9641355032171761 4.3947625593706103 4.4258983874974573
    endloop
  endfacet
  facet normal 0.571826 0.580093 0.580093
    outer loop
      vertex 4.314250728049501 4.4030765899369788 4.0724587898661193
      vertex 3.9641355032171761 4.3947625593706103 4.4258983874974573
      vertex 4.3959747906364939 4.0396542701934468 4.355321735315953
    endloop
  endfacet
  facet normal 0.571826 0.580093 0.580093
    outer loop
      vertex 4.3574032056413463 4.0327341357955317 4.40026375279656
      vertex 4.3959747906364939 4.0396542701934468 4.355321735315953
      vertex 3.9641355032171761 4.3947625593706103 4.4258983874974573
    endloop
  endfacet
  facet normal 0.677282 0.735724 -9.65975e-16
    outer loop
      vertex 4.3574032056413463 4.0327341357955317 4.40026375279656
      vertex 3.9641355032171761 4.3947625593706103 4.4258983874974573
      vertex 3.9249777998753035 4.4308097646821434 4.8584830341439211
    endloop
  endfacet
  facet normal 0.677282 0.735724 -6.53613e-17
    outer loop
      vertex 4.3574032056413463 4.0327341357955317 4.40026375279656
      vertex 3.9249777998753035 4.4308097646821434 4.8584830341439211
      vertex 4.4363447428366705 3.9600633314318623 4.8584830341439211
    endloop
  endfacet
  facet normal 0.00442327 0.987764 0.155891
    outer loop
      vertex 4.3574032056413463 4.0327341357955317 4.40026375279656
      vertex 4.4363447428366705 3.9600633314318623 4.8584830341439211
      vertex 4.5038959812601158 3.9597608329353147 4.8584830341439211
    endloop
  endfacet
  facet normal 0.00442327 0.987764 0.155891
    outer loop
      vertex 4.3574032056413463 4.0327341357955317 4.40026375279656
      vertex 4.5038959812601158 3.9597608329353147 4.8584830341439211
      vertex 4.639365884230477 4.010489282003932 4.5332119180475949
    endloop
  endfacet
  facet normal 0.00442327 0.987764 0.155891
    outer loop
      vertex 4.3574032056413463 4.0327341357955317 4.40026375279656
      vertex 4.639365884230477 4.010489282003932 4.5332119180475949
      vertex 4.7892424930606632 4.0376465718705132 4.3568843896449465
    endloop
  endfacet
  facet normal 0.00442327 0.987764 0.155891
    outer loop
      vertex 4.7892424930606632 4.0376465718705132 4.3568843896449465
      vertex 4.639365884230477 4.010489282003932 4.5332119180475949
      vertex 4.7892424930606632 4.0220093377325359 4.4559655534303753
    endloop
  endfacet
  facet normal -0.378679 0.914212 0.144283
    outer loop
      vertex 4.7892424930606632 4.0376465718705132 4.3568843896449465
      vertex 4.7892424930606632 4.0220093377325359 4.4559655534303753
      vertex 4.8228343400081366 4.0423567634880797 4.4152031251931252
    endloop
  endfacet
  facet normal -0.378679 0.914212 0.144283
    outer loop
      vertex 4.7892424930606632 4.0376465718705132 4.3568843896449465
      vertex 4.8228343400081366 4.0423567634880797 4.4152031251931252
      vertex 4.8686432701172961 4.0751412247681698 4.3277011298915697
    endloop
  endfacet
  facet normal -1.15614e-15 0.614213 0.789141
    outer loop
      vertex 4.3237767925192232 4.4143434640387902 4.0636894297544455
      vertex 4.7892424930606632 4.0376465718705132 4.3568843896449465
      vertex 4.8686432701172961 4.0751412247681698 4.3277011298915697
    endloop
  endfacet
  facet normal 1.26219e-14 0.614213 0.789141
    outer loop
      vertex 4.3237767925192232 4.4143434640387902 4.0636894297544455
      vertex 4.8686432701172961 4.0751412247681698 4.3277011298915697
      vertex 4.930999312818698 4.1016113806824563 4.3070985805662669
    endloop
  endfacet
  facet normal -0 0.614213 0.789141
    outer loop
      vertex 4.3237767925192232 4.4143434640387902 4.0636894297544455
      vertex 4.930999312818698 4.1016113806824563 4.3070985805662669
      vertex 19.110918581718863 4.4143434640387902 4.0636894297544455
    endloop
  endfacet
  facet normal -0 0.837166 0.546948
    outer loop
      vertex 4.3237767925192232 4.4143434640387902 4.0636894297544455
      vertex 19.110918581718863 4.4143434640387902 4.0636894297544455
      vertex 19.110918581718867 5.4946399599303444 2.4101725479178171
    endloop
  endfacet
  facet normal -7.37901e-17 0.837166 0.546948
    outer loop
      vertex 4.3237767925192232 4.4143434640387902 4.0636894297544455
      vertex 19.110918581718867 5.4946399599303444 2.4101725479178171
      vertex 4.9313073839368924 4.465683902000344 3.9851070394447787
    endloop
  endfacet
  facet normal -3.22039e-17 0.837166 0.546948
    outer loop
      vertex 4.3237767925192232 4.4143434640387902 4.0636894297544455
      vertex 4.9313073839368924 4.465683902000344 3.9851070394447787
      vertex 4.7892424930606632 4.5021738012458901 3.9292550907913371
    endloop
  endfacet
  facet normal -3.07487e-16 0.837166 0.546948
    outer loop
      vertex 4.3237767925192232 4.4143434640387902 4.0636894297544455
      vertex 4.7892424930606632 4.5021738012458901 3.9292550907913371
      vertex 4.4683297494559531 4.5012826765981062 3.9306190586043726
    endloop
  endfacet
  facet normal 0.677282 9.38179e-16 0.735724
    outer loop
      vertex 4.3237767925192232 4.4143434640387902 4.0636894297544455
      vertex 4.4683297494559531 4.5012826765981062 3.9306190586043726
      vertex 4.4363447428366687 4.8584830341439202 3.9600633314318636
    endloop
  endfacet
  facet normal 0.677282 -2.18563e-15 0.735724
    outer loop
      vertex 4.3237767925192232 4.4143434640387902 4.0636894297544455
      vertex 4.4363447428366687 4.8584830341439202 3.9600633314318636
      vertex 4.3912705519259232 4.9581704288243165 4.0015570472360142
    endloop
  endfacet
  facet normal 0.00413715 -0.38268 0.923872
    outer loop
      vertex 4.4363447428366687 4.8584830341439202 3.9600633314318636
      vertex 4.4376281155246113 4.9138870503603487 3.9830066793387897
      vertex 4.3912705519259232 4.9581704288243165 4.0015570472360142
    endloop
  endfacet
  facet normal 0.559805 0.255879 0.788127
    outer loop
      vertex 4.4376281155246113 4.9138870503603487 3.9830066793387897
      vertex 4.4499741175538805 4.9961889881161223 3.9475166081368398
      vertex 4.3912705519259232 4.9581704288243165 4.0015570472360142
    endloop
  endfacet
  facet normal 0.677282 1.16955e-16 0.735724
    outer loop
      vertex 4.4499741175538805 4.9961889881161223 3.9475166081368398
      vertex 3.2816889487345611 19.11091858171887 5.0229988695751713
      vertex 4.3912705519259232 4.9581704288243165 4.0015570472360142
    endloop
  endfacet
  facet normal 0.677282 1.32785e-16 0.735724
    outer loop
      vertex 4.4499741175538805 4.9961889881161223 3.9475166081368398
      vertex 4.5607116686358902 5.1062769661021861 3.8455755110122545
      vertex 3.2816889487345611 19.11091858171887 5.0229988695751713
    endloop
  endfacet
  facet normal 0.677282 1.83696e-16 0.735724
    outer loop
      vertex 4.7348430563783612 5.1117235929391249 3.6852762761380067
      vertex 3.2816889487345611 19.11091858171887 5.0229988695751713
      vertex 4.5607116686358902 5.1062769661021861 3.8455755110122545
    endloop
  endfacet
  facet normal 0.611282 0.408385 0.677906
    outer loop
      vertex 4.8179907375096462 4.7834458820001071 3.8080615414514707
      vertex 4.7348430563783612 5.1117235929391249 3.6852762761380067
      vertex 4.5607116686358902 5.1062769661021861 3.8455755110122545
    endloop
  endfacet
  facet normal 0.479601 0.28581 0.829636
    outer loop
      vertex 4.510911301722115 4.8584830341439202 3.9597294179095952
      vertex 4.8179907375096462 4.7834458820001071 3.8080615414514707
      vertex 4.5607116686358902 5.1062769661021861 3.8455755110122545
    endloop
  endfacet
  facet normal 0.479601 0.28581 0.829636
    outer loop
      vertex 4.4376281155246113 4.9138870503603487 3.9830066793387897
      vertex 4.510911301722115 4.8584830341439202 3.9597294179095952
      vertex 4.5607116686358902 5.1062769661021861 3.8455755110122545
    endloop
  endfacet
  facet normal 0.479601 0.28581 0.829636
    outer loop
      vertex 4.6510114821789701 4.6700729632237215 3.9436468172586987
      vertex 4.8179907375096462 4.7834458820001071 3.8080615414514707
      vertex 4.510911301722115 4.8584830341439202 3.9597294179095952
    endloop
  endfacet
  facet normal 0.00446302 -0.0817543 0.996643
    outer loop
      vertex 4.6510114821789701 4.6700729632237215 3.9436468172586987
      vertex 4.510911301722115 4.8584830341439202 3.9597294179095952
      vertex 4.4363447428366687 4.8584830341439202 3.9600633314318636
    endloop
  endfacet
  facet normal 0.329639 0.483953 0.810634
    outer loop
      vertex 4.6510114821789701 4.6700729632237215 3.9436468172586987
      vertex 4.7892424930606632 4.5882041205985784 3.9363121330133239
      vertex 4.8179907375096462 4.7834458820001071 3.8080615414514707
    endloop
  endfacet
  facet normal 0.329639 0.483953 0.810634
    outer loop
      vertex 4.7892424930606632 4.5882041205985784 3.9363121330133239
      vertex 4.8103042504850144 4.5627434179586688 3.9429476645099717
      vertex 4.8179907375096462 4.7834458820001071 3.8080615414514707
    endloop
  endfacet
  facet normal 0.117157 0.51492 0.849195
    outer loop
      vertex 4.8103042504850144 4.5627434179586688 3.9429476645099717
      vertex 5.2214091646735135 4.508987157399619 3.9188264728470945
      vertex 4.8179907375096462 4.7834458820001071 3.8080615414514707
    endloop
  endfacet
  facet normal 0.293066 0.695522 0.65602
    outer loop
      vertex 4.8179907375096462 4.7834458820001071 3.8080615414514707
      vertex 5.2214091646735135 4.508987157399619 3.9188264728470945
      vertex 5.2686279556130931 4.5538303197311176 3.8501889032242502
    endloop
  endfacet
  facet normal 0.293066 0.695522 0.65602
    outer loop
      vertex 4.8179907375096462 4.7834458820001071 3.8080615414514707
      vertex 5.2686279556130931 4.5538303197311176 3.8501889032242502
      vertex 5.2842303185648882 5.2468287597171805 3.1084916178827822
    endloop
  endfacet
  facet normal 0.287172 0.696889 0.657174
    outer loop
      vertex 5.7311435032498279 4.9836882187095988 3.1922424084842587
      vertex 5.2842303185648882 5.2468287597171805 3.1084916178827822
      vertex 5.2686279556130931 4.5538303197311176 3.8501889032242502
    endloop
  endfacet
  facet normal -5.50522e-17 0.837166 0.546948
    outer loop
      vertex 5.7311435032498279 4.9836882187095988 3.1922424084842587
      vertex 5.2686279556130931 4.5538303197311176 3.8501889032242502
      vertex 19.110918581718867 5.4946399599303444 2.4101725479178171
    endloop
  endfacet
  facet normal 3.21007e-16 0.837166 0.546948
    outer loop
      vertex 5.7311435032498279 4.9836882187095988 3.1922424084842587
      vertex 19.110918581718867 5.4946399599303444 2.4101725479178171
      vertex 5.7638705218876893 5.0300033537859159 3.1213518168508658
    endloop
  endfacet
  facet normal 1.23193e-17 0.837166 0.546948
    outer loop
      vertex 6.2288162387140433 5.4501169715573159 2.4783200548148581
      vertex 5.7638705218876893 5.0300033537859159 3.1213518168508658
      vertex 19.110918581718867 5.4946399599303444 2.4101725479178171
    endloop
  endfacet
  facet normal 0 0.837166 0.546948
    outer loop
      vertex 6.2288162387140433 5.4501169715573159 2.4783200548148581
      vertex 19.110918581718867 5.4946399599303444 2.4101725479178171
      vertex 6.1837149441061205 5.4946399599303444 2.4101725479178171
    endloop
  endfacet
  facet normal 0.328464 0.875438 0.354569
    outer loop
      vertex 6.2288162387140433 5.4501169715573159 2.4783200548148581
      vertex 6.1837149441061205 5.4946399599303444 2.4101725479178171
      vertex 5.7614618574273786 5.6680112213244209 2.3732802815062182
    endloop
  endfacet
  facet normal 0.328464 0.875438 0.354569
    outer loop
      vertex 6.2262366445097896 5.521257600624212 2.3050618618734187
      vertex 5.7614618574273786 5.6680112213244209 2.3732802815062182
      vertex 6.1837149441061205 5.4946399599303444 2.4101725479178171
    endloop
  endfacet
  facet normal 0.328464 0.875438 0.354569
    outer loop
      vertex 6.2262366445097896 5.521257600624212 2.3050618618734187
      vertex 6.0887313737830846 5.9090778615062574 1.4749062881156583
      vertex 5.7614618574273786 5.6680112213244209 2.3732802815062182
    endloop
  endfacet
  facet normal 0.78912 0.457229 0.41016
    outer loop
      vertex 5.4963226508493097 6.2109144597210628 2.2781852294928679
      vertex 5.7614618574273786 5.6680112213244209 2.3732802815062182
      vertex 6.0887313737830846 5.9090778615062574 1.4749062881156583
    endloop
  endfacet
  facet normal 0.808064 0.373413 0.455626
    outer loop
      vertex 5.4963226508493097 6.2109144597210628 2.2781852294928679
      vertex 6.0887313737830846 5.9090778615062574 1.4749062881156583
      vertex 5.674903450203808 6.2271067793219785 1.9481968152281008
    endloop
  endfacet
  facet normal 0.879474 -6.84459e-17 0.475947
    outer loop
      vertex 5.4963226508493097 6.2109144597210628 2.2781852294928679
      vertex 5.674903450203808 6.2271067793219785 1.9481968152281008
      vertex 4.7348430563783612 19.11091858171886 3.6852762761380067
    endloop
  endfacet
  facet normal 0.879474 -1.02705e-16 0.475947
    outer loop
      vertex 5.4062231532721556 6.217064543499335 2.4446745185934118
      vertex 5.4963226508493097 6.2109144597210628 2.2781852294928679
      vertex 4.7348430563783612 19.11091858171886 3.6852762761380067
    endloop
  endfacet
  facet normal 0.879474 4.92072e-16 0.475947
    outer loop
      vertex 5.4062231532721556 6.217064543499335 2.4446745185934118
      vertex 4.7348430563783612 19.11091858171886 3.6852762761380067
      vertex 5.3573163348414408 6.146663479731747 2.5350464035834102
    endloop
  endfacet
  facet normal 0.678084 0.355041 0.643543
    outer loop
      vertex 5.4062231532721556 6.217064543499335 2.4446745185934118
      vertex 5.3573163348414408 6.146663479731747 2.5350464035834102
      vertex 5.7614618574273786 5.6680112213244209 2.3732802815062182
    endloop
  endfacet
  facet normal 0.678084 0.355041 0.643543
    outer loop
      vertex 5.7614618574273786 5.6680112213244209 2.3732802815062182
      vertex 5.3573163348414408 6.146663479731747 2.5350464035834102
      vertex 5.2842303185648882 5.2468287597171805 3.1084916178827822
    endloop
  endfacet
  facet normal 0.310638 0.723713 0.616233
    outer loop
      vertex 5.7614618574273786 5.6680112213244209 2.3732802815062182
      vertex 5.2842303185648882 5.2468287597171805 3.1084916178827822
      vertex 5.7638705218876893 5.0300033537859159 3.1213518168508658
    endloop
  endfacet
  facet normal 0.754215 0.308229 0.579789
    outer loop
      vertex 4.9736882249623777 5.7519418997942395 3.2439290612037528
      vertex 5.2842303185648882 5.2468287597171805 3.1084916178827822
      vertex 5.3573163348414408 6.146663479731747 2.5350464035834102
    endloop
  endfacet
  facet normal 0.6605 0.213025 0.719972
    outer loop
      vertex 4.8052748215766101 5.2223383576408118 3.5551297732908456
      vertex 5.2842303185648882 5.2468287597171805 3.1084916178827822
      vertex 4.9736882249623777 5.7519418997942395 3.2439290612037528
    endloop
  endfacet
  facet normal 0.879474 1.52875e-17 0.475947
    outer loop
      vertex 4.8052748215766101 5.2223383576408118 3.5551297732908456
      vertex 4.9736882249623777 5.7519418997942395 3.2439290612037528
      vertex 4.7348430563783612 19.11091858171886 3.6852762761380067
    endloop
  endfacet
  facet normal 0.879474 -0 0.475947
    outer loop
      vertex 4.7348430563783612 5.1117235929391249 3.6852762761380067
      vertex 4.8052748215766101 5.2223383576408118 3.5551297732908456
      vertex 4.7348430563783612 19.11091858171886 3.6852762761380067
    endloop
  endfacet
  facet normal 0.611282 0.408385 0.677906
    outer loop
      vertex 4.7348430563783612 5.1117235929391249 3.6852762761380067
      vertex 5.2842303185648882 5.2468287597171805 3.1084916178827822
      vertex 4.8052748215766101 5.2223383576408118 3.5551297732908456
    endloop
  endfacet
  facet normal 0.879474 -2.5311e-18 0.475947
    outer loop
      vertex 4.9736882249623777 5.7519418997942395 3.2439290612037528
      vertex 5.3573163348414408 6.146663479731747 2.5350464035834102
      vertex 4.7348430563783612 19.11091858171886 3.6852762761380067
    endloop
  endfacet
  facet normal 0.879474 -0 0.475947
    outer loop
      vertex 5.674903450203808 6.2271067793219785 1.9481968152281008
      vertex 5.674903450203808 19.110918581718863 1.9481968152281008
      vertex 4.7348430563783612 19.11091858171886 3.6852762761380067
    endloop
  endfacet
  facet normal 0.868072 0.1605 0.469777
    outer loop
      vertex 5.6332410185225639 19.378115294937455 1.9338940843661083
      vertex 4.7348430563783612 19.11091858171886 3.6852762761380067
      vertex 5.674903450203808 19.110918581718863 1.9481968152281008
    endloop
  endfacet
  facet normal 0.973574 0.1605 0.162461
    outer loop
      vertex 5.9559508646656383 19.378115294937455 3.7185434050126177e-18
      vertex 5.6332410185225639 19.378115294937455 1.9338940843661083
      vertex 5.674903450203808 19.110918581718863 1.9481968152281008
    endloop
  endfacet
  facet normal 0.973574 0.1605 0.162461
    outer loop
      vertex 5.9559508646656383 19.378115294937455 3.7185434050126177e-18
      vertex 5.674903450203808 19.110918581718863 1.9481968152281008
      vertex 6 19.110918581718863 0
    endloop
  endfacet
  facet normal 0.973574 0.1605 -0.162461
    outer loop
      vertex 5.633241018522563 19.378115294937455 -1.9338940843661112
      vertex 5.9559508646656383 19.378115294937455 3.7185434050126177e-18
      vertex 6 19.110918581718863 0
    endloop
  endfacet
  facet normal 0.973574 0.1605 -0.162461
    outer loop
      vertex 5.633241018522563 19.378115294937455 -1.9338940843661112
      vertex 6 19.110918581718863 0
      vertex 5.6749034502038072 19.110918581718863 -1.9481968152281033
    endloop
  endfacet
  facet normal 0.868072 0.1605 -0.469777
    outer loop
      vertex 4.7000820992821328 19.378115294937455 -3.6582207372326541
      vertex 5.633241018522563 19.378115294937455 -1.9338940843661112
      vertex 5.6749034502038072 19.110918581718863 -1.9481968152281033
    endloop
  endfacet
  facet normal 0.868072 0.1605 -0.469777
    outer loop
      vertex 4.7000820992821328 19.378115294937455 -3.6582207372326541
      vertex 5.6749034502038072 19.110918581718863 -1.9481968152281033
      vertex 4.7348430563783612 19.11091858171887 -3.6852762761380067
    endloop
  endfacet
  facet normal 0.668501 0.1605 -0.726186
    outer loop
      vertex 3.2575963552965446 19.378115294937455 -4.9861224100767947
      vertex 4.7000820992821328 19.378115294937455 -3.6582207372326541
      vertex 4.7348430563783612 19.11091858171887 -3.6852762761380067
    endloop
  endfacet
  facet normal 0.668501 0.1605 -0.726186
    outer loop
      vertex 3.2575963552965446 19.378115294937455 -4.9861224100767947
      vertex 4.7348430563783612 19.11091858171887 -3.6852762761380067
      vertex 3.2816889487345593 19.110918581718863 -5.0229988695751722
    endloop
  endfacet
  facet normal 0.396488 0.1605 -0.903901
    outer loop
      vertex 1.4620994993991088 19.378115294937455 -5.7737003521284542
      vertex 3.2575963552965446 19.378115294937455 -4.9861224100767947
      vertex 3.2816889487345593 19.110918581718863 -5.0229988695751722
    endloop
  endfacet
  facet normal 0.396488 0.1605 -0.903901
    outer loop
      vertex 1.4620994993991088 19.378115294937455 -5.7737003521284542
      vertex 3.2816889487345593 19.110918581718863 -5.0229988695751722
      vertex 1.4729129228447957 19.11091858171886 -5.8164015956359822
    endloop
  endfacet
  facet normal 0.401695 0 -0.915773
    outer loop
      vertex 1.4729129228447957 6.3044421507126724 -5.8164015956359822
      vertex 1.4729129228447957 19.11091858171886 -5.8164015956359822
      vertex 3.2816889487345593 19.110918581718863 -5.0229988695751722
    endloop
  endfacet
  facet normal 0.401695 -9.74285e-17 -0.915773
    outer loop
      vertex 1.4729129228447957 6.3044421507126724 -5.8164015956359822
      vertex 3.2816889487345593 19.110918581718863 -5.0229988695751722
      vertex 1.8232468575206748 6.4771305238592456 -5.6627308841576376
    endloop
  endfacet
  facet normal 0.175636 0.431214 -0.884989
    outer loop
      vertex 1.7652618456380544 6.0415940947087101 -5.886455438913142
      vertex 1.4729129228447957 6.3044421507126724 -5.8164015956359822
      vertex 1.8232468575206748 6.4771305238592456 -5.6627308841576376
    endloop
  endfacet
  facet normal 0.53373 0.329092 -0.778993
    outer loop
      vertex 1.7652618456380544 6.0415940947087101 -5.886455438913142
      vertex 1.8232468575206748 6.4771305238592456 -5.6627308841576376
      vertex 2.0660305843577911 6.3354608881476526 -5.556236067796382
    endloop
  endfacet
  facet normal 0.401695 -2.2515e-16 -0.915773
    outer loop
      vertex 1.8232468575206748 6.4771305238592456 -5.6627308841576376
      vertex 3.2816889487345593 19.110918581718863 -5.0229988695751722
      vertex 2.0660305843577911 6.3354608881476526 -5.556236067796382
    endloop
  endfacet
  facet normal 0.401695 -6.82242e-17 -0.915773
    outer loop
      vertex 2.0660305843577911 6.3354608881476526 -5.556236067796382
      vertex 3.2816889487345593 19.110918581718863 -5.0229988695751722
      vertex 3.2816889487345611 5.6262249117919749 -5.0229988695751704
    endloop
  endfacet
  facet normal 0.533682 0.329021 -0.779056
    outer loop
      vertex 2.0660305843577911 6.3354608881476526 -5.556236067796382
      vertex 3.2816889487345611 5.6262249117919749 -5.0229988695751704
      vertex 3.2438651802147627 5.2338761074658438 -5.2146110928783846
    endloop
  endfacet
  facet normal 0.533682 0.329021 -0.779056
    outer loop
      vertex 3.2438651802147627 5.2338761074658438 -5.2146110928783846
      vertex 3.2816889487345611 5.6262249117919749 -5.0229988695751704
      vertex 3.3529453146590167 5.6659635036723826 -4.9574027637513165
    endloop
  endfacet
  facet normal 0.758499 0.18115 -0.62599
    outer loop
      vertex 3.2438651802147627 5.2338761074658438 -5.2146110928783846
      vertex 3.3529453146590167 5.6659635036723826 -4.9574027637513165
      vertex 3.8454494811785827 4.9988044848089723 -4.5537098918788734
    endloop
  endfacet
  facet normal 0.758499 0.18115 -0.62599
    outer loop
      vertex 3.2438651802147627 5.2338761074658438 -5.2146110928783846
      vertex 3.8454494811785827 4.9988044848089723 -4.5537098918788734
      vertex 3.8529976140565245 4.9874347041505542 -4.5478541917644382
    endloop
  endfacet
  facet normal 0.758267 0.275155 -0.591034
    outer loop
      vertex 3.2438651802147627 5.2338761074658438 -5.2146110928783846
      vertex 3.8529976140565245 4.9874347041505542 -4.5478541917644382
      vertex 3.9725056628098852 4.8252946685837319 -4.4700151633423477
    endloop
  endfacet
  facet normal 0.758267 0.275155 -0.591034
    outer loop
      vertex 3.9978453117059165 4.529327345885835 -4.5752926251225334
      vertex 3.2438651802147627 5.2338761074658438 -5.2146110928783846
      vertex 3.9725056628098852 4.8252946685837319 -4.4700151633423477
    endloop
  endfacet
  facet normal 0.982796 0.130598 -0.130598
    outer loop
      vertex 3.9978453117059165 4.529327345885835 -4.5752926251225334
      vertex 3.9725056628098852 4.8252946685837319 -4.4700151633423477
      vertex 3.9728803272714353 4.8236580276126579 -4.4688323211249639
    endloop
  endfacet
  facet normal 0.982796 0.130598 -0.130598
    outer loop
      vertex 3.9978453117059165 4.529327345885835 -4.5752926251225334
      vertex 3.9728803272714353 4.8236580276126579 -4.4688323211249639
      vertex 3.9853173363006946 4.823634128651487 -4.3752633083708794
    endloop
  endfacet
  facet normal 0.982796 0.130598 -0.130598
    outer loop
      vertex 3.9978453117059165 4.529327345885835 -4.5752926251225334
      vertex 3.9853173363006946 4.823634128651487 -4.3752633083708794
      vertex 4.0388224130141577 4.4702443093860955 -4.3260084154406018
    endloop
  endfacet
  facet normal 0.982796 0.130598 -0.130598
    outer loop
      vertex 4.0388224130141577 4.3260084154406027 -4.4702443093860946
      vertex 3.9978453117059165 4.529327345885835 -4.5752926251225334
      vertex 4.0388224130141577 4.4702443093860955 -4.3260084154406018
    endloop
  endfacet
  facet normal 0.57735 0.57735 -0.57735
    outer loop
      vertex 4.0388224130141577 4.3260084154406027 -4.4702443093860946
      vertex 4.0388224130141577 4.4702443093860955 -4.3260084154406018
      vertex 4.4245099168506439 3.9709580562429667 -4.4396071647472439
    endloop
  endfacet
  facet normal 0.57735 0.57735 -0.57735
    outer loop
      vertex 4.0388224130141577 4.4702443093860955 -4.3260084154406018
      vertex 4.4726614077394125 4.3540198913362218 -4.0083938387652198
      vertex 4.4245099168506439 3.9709580562429667 -4.4396071647472439
    endloop
  endfacet
  facet normal 0.57735 0.57735 -0.57735
    outer loop
      vertex 4.0388224130141577 4.4702443093860955 -4.3260084154406018
      vertex 4.3914556738584754 4.4422328334904764 -4.0013866304919024
      vertex 4.4726614077394125 4.3540198913362218 -4.0083938387652198
    endloop
  endfacet
  facet normal 0.05746 0.131509 -0.989648
    outer loop
      vertex 4.4726614077394125 4.3540198913362218 -4.0083938387652198
      vertex 4.3914556738584754 4.4422328334904764 -4.0013866304919024
      vertex 4.8152445730892666 4.374882715284155 -3.9857307706031628
    endloop
  endfacet
  facet normal -3.77899e-15 0.735724 -0.677282
    outer loop
      vertex 4.4726614077394125 4.3540198913362218 -4.0083938387652198
      vertex 4.8152445730892666 4.374882715284155 -3.9857307706031628
      vertex 4.8256831441672539 4.3702717884986546 -3.9907395723018615
    endloop
  endfacet
  facet normal 8.37393e-16 0.735724 -0.677282
    outer loop
      vertex 4.4396071647472439 3.9709580562429667 -4.4245099168506439
      vertex 4.4726614077394125 4.3540198913362218 -4.0083938387652198
      vertex 4.8256831441672539 4.3702717884986546 -3.9907395723018615
    endloop
  endfacet
  facet normal -4.14036e-16 0.735724 -0.677282
    outer loop
      vertex 4.4396071647472439 3.9709580562429667 -4.4245099168506439
      vertex 4.8256831441672539 4.3702717884986546 -3.9907395723018615
      vertex 4.7949539340155427 3.9489373901164888 -4.4484307369008791
    endloop
  endfacet
  facet normal -5.08921e-15 0.735724 -0.677282
    outer loop
      vertex 4.7949539340155427 3.9489373901164888 -4.4484307369008791
      vertex 4.8256831441672539 4.3702717884986546 -3.9907395723018615
      vertex 4.9874272166784825 4.3041073085992094 -4.0626133570593979
    endloop
  endfacet
  facet normal 4.73943e-14 0.735724 -0.677282
    outer loop
      vertex 4.7949539340155427 3.9489373901164888 -4.4484307369008791
      vertex 4.9874272166784825 4.3041073085992094 -4.0626133570593979
      vertex 4.9967827808212304 4.309006636094959 -4.0572912686757006
    endloop
  endfacet
  facet normal -3.60954e-18 0.735724 -0.677282
    outer loop
      vertex 4.7949539340155427 3.9489373901164888 -4.4484307369008791
      vertex 4.9967827808212304 4.309006636094959 -4.0572912686757006
      vertex 19.110918581718863 3.6852762761380067 -4.7348430563783612
    endloop
  endfacet
  facet normal 0 0.735724 -0.677282
    outer loop
      vertex 4.9050797565875452 3.6852762761380067 -4.7348430563783612
      vertex 4.7949539340155427 3.9489373901164888 -4.4484307369008791
      vertex 19.110918581718863 3.6852762761380067 -4.7348430563783612
    endloop
  endfacet
  facet normal 0 0.475947 -0.879474
    outer loop
      vertex 4.9050797565875452 3.6852762761380067 -4.7348430563783612
      vertex 19.110918581718863 3.6852762761380067 -4.7348430563783612
      vertex 5.0557432906446902 3.5715082769116391 -4.7964112186669485
    endloop
  endfacet
  facet normal 0.33876 0.753527 -0.563417
    outer loop
      vertex 4.9050797565875452 3.6852762761380067 -4.7348430563783612
      vertex 5.0557432906446902 3.5715082769116391 -4.7964112186669485
      vertex 5.1804792592519524 3.213531589266442 -5.2001788775858104
    endloop
  endfacet
  facet normal 0.192273 0.763033 -0.617099
    outer loop
      vertex 5.1804792592519524 3.213531589266442 -5.2001788775858104
      vertex 5.0557432906446902 3.5715082769116391 -4.7964112186669485
      vertex 5.6180781580491939 3.3195206508999009 -4.9327801023469453
    endloop
  endfacet
  facet normal 0.320338 0.575591 -0.752382
    outer loop
      vertex 6.2202418425677326 2.174207179404005 -5.5525927576091574
      vertex 5.1804792592519524 3.213531589266442 -5.2001788775858104
      vertex 5.6180781580491939 3.3195206508999009 -4.9327801023469453
    endloop
  endfacet
  facet normal -1.66876e-18 0.475947 -0.879474
    outer loop
      vertex 6.2202418425677326 2.174207179404005 -5.5525927576091574
      vertex 5.6180781580491939 3.3195206508999009 -4.9327801023469453
      vertex 19.110918581718874 1.9481968152281008 -5.674903450203808
    endloop
  endfacet
  facet normal 0 0.475947 -0.879474
    outer loop
      vertex 6.2202418425677326 2.174207179404005 -5.5525927576091574
      vertex 19.110918581718874 1.9481968152281008 -5.674903450203808
      vertex 6.3412033301643334 1.9481968152281008 -5.674903450203808
    endloop
  endfacet
  facet normal 0.324937 0.578708 -0.748006
    outer loop
      vertex 5.8624066141846773 1.7895475706089818 -6.0056369751446868
      vertex 6.2202418425677326 2.174207179404005 -5.5525927576091574
      vertex 6.3412033301643334 1.9481968152281008 -5.674903450203808
    endloop
  endfacet
  facet normal 0.324937 0.578708 -0.748006
    outer loop
      vertex 5.8624066141846773 1.7895475706089818 -6.0056369751446868
      vertex 6.3412033301643334 1.9481968152281008 -5.674903450203808
      vertex 6.4468770272739837 1.8725452371428308 -5.6875274658216961
    endloop
  endfacet
  facet normal 0 0.164595 -0.986361
    outer loop
      vertex 6.4468770272739837 1.8725452371428308 -5.6875274658216961
      vertex 6.3412033301643334 1.9481968152281008 -5.674903450203808
      vertex 19.110918581718874 1.9481968152281008 -5.674903450203808
    endloop
  endfacet
  facet normal 3.37052e-17 0.164595 -0.986361
    outer loop
      vertex 6.4468770272739837 1.8725452371428308 -5.6875274658216961
      vertex 19.110918581718874 1.9481968152281008 -5.674903450203808
      vertex 19.110918581718867 0 -6
    endloop
  endfacet
  facet normal -6.08632e-17 0.164595 -0.986361
    outer loop
      vertex 6.8938976990122276 0.010524698843576496 -5.9982437383867238
      vertex 6.4468770272739837 1.8725452371428308 -5.6875274658216961
      vertex 19.110918581718867 0 -6
    endloop
  endfacet
  facet normal 0.1605 0.162461 -0.973574
    outer loop
      vertex 19.378115294937455 1.9338940843661083 -5.6332410185225639
      vertex 19.110918581718867 0 -6
      vertex 19.110918581718874 1.9481968152281008 -5.674903450203808
    endloop
  endfacet
  facet normal 0.1605 0.469777 -0.868072
    outer loop
      vertex 19.378115294937455 1.9338940843661083 -5.6332410185225639
      vertex 19.110918581718874 1.9481968152281008 -5.674903450203808
      vertex 19.378115294937455 3.6582207372326545 -4.7000820992821328
    endloop
  endfacet
  facet normal 0.804334 0.282797 -0.522564
    outer loop
      vertex 19.378115294937455 1.9338940843661083 -5.6332410185225639
      vertex 19.378115294937455 3.6582207372326545 -4.7000820992821328
      vertex 20 3.1340021472581561 -4.0265660411139441
    endloop
  endfacet
  facet normal 0.804334 0.282797 -0.522564
    outer loop
      vertex 19.378115294937455 1.9338940843661083 -5.6332410185225639
      vertex 20 3.1340021472581561 -4.0265660411139441
      vertex 20 1.6567694101362733 -4.8260044202328976
    endloop
  endfacet
  facet normal 0.804334 0.0977985 -0.586074
    outer loop
      vertex 19.378115294937455 4.3383006391813873e-18 -5.9559508646656383
      vertex 19.378115294937455 1.9338940843661083 -5.6332410185225639
      vertex 20 1.6567694101362733 -4.8260044202328976
    endloop
  endfacet
  facet normal 0.804334 0.0977985 -0.586074
    outer loop
      vertex 19.378115294937455 4.3383006391813873e-18 -5.9559508646656383
      vertex 20 1.6567694101362733 -4.8260044202328976
      vertex 20 8.8395685410297753e-17 -5.1024703372455535
    endloop
  endfacet
  facet normal 0.804334 -0.0977985 -0.586074
    outer loop
      vertex 19.378115294937455 -1.9338940843661112 -5.633241018522563
      vertex 19.378115294937455 4.3383006391813873e-18 -5.9559508646656383
      vertex 20 8.8395685410297753e-17 -5.1024703372455535
    endloop
  endfacet
  facet normal 0.1605 -0.162461 -0.973574
    outer loop
      vertex 19.378115294937455 -1.9338940843661112 -5.633241018522563
      vertex 19.110918581718863 -1.9481968152281037 -5.6749034502038072
      vertex 19.378115294937455 4.3383006391813873e-18 -5.9559508646656383
    endloop
  endfacet
  facet normal 0.1605 -0.162461 -0.973574
    outer loop
      vertex 19.378115294937455 4.3383006391813873e-18 -5.9559508646656383
      vertex 19.110918581718863 -1.9481968152281037 -5.6749034502038072
      vertex 19.110918581718867 0 -6
    endloop
  endfacet
  facet normal 1 0 0
    outer loop
      vertex 20 -2.4285074550610197 4.487488727917186
      vertex 20 8.8395685410297753e-17 -5.1024703372455535
      vertex 20 1.6567694101362733 -4.8260044202328976
    endloop
  endfacet
  facet normal 1 -0 0
    outer loop
      vertex 20 -2.4285074550610197 4.487488727917186
      vertex 20 1.6567694101362733 -4.8260044202328976
      vertex 20 -0.83983901457853138 5.0328792924192536
    endloop
  endfacet
  facet normal 0.804334 -0.192929 0.561984
    outer loop
      vertex 19.378115294937455 -0.98031729230182496 5.8747194578741704
      vertex 20 -2.4285074550610197 4.487488727917186
      vertex 20 -0.83983901457853138 5.0328792924192536
    endloop
  endfacet
  facet normal 0.804334 -0 0.594178
    outer loop
      vertex 19.378115294937455 -0.98031729230182496 5.8747194578741704
      vertex 20 -0.83983901457853138 5.0328792924192536
      vertex 19.378115294937455 0.98031729230182496 5.8747194578741704
    endloop
  endfacet
  facet normal 0.1605 -0 0.987036
    outer loop
      vertex 19.378115294937455 -0.98031729230182496 5.8747194578741704
      vertex 19.378115294937455 0.98031729230182496 5.8747194578741704
      vertex 19.110918581718863 0.98756754168440486 5.9181678204163344
    endloop
  endfacet
  facet normal 0.1605 0 0.987036
    outer loop
      vertex 19.378115294937455 -0.98031729230182496 5.8747194578741704
      vertex 19.110918581718863 0.98756754168440486 5.9181678204163344
      vertex 19.110918581718863 -0.98756754168440486 5.9181678204163344
    endloop
  endfacet
  facet normal 0.1605 -0.32049 0.933556
    outer loop
      vertex 19.378115294937455 -2.8347192870945159 5.2381024489490207
      vertex 19.378115294937455 -0.98031729230182496 5.8747194578741704
      vertex 19.110918581718863 -0.98756754168440486 5.9181678204163344
    endloop
  endfacet
  facet normal 0.1605 -0.32049 0.933556
    outer loop
      vertex 19.378115294937455 -2.8347192870945159 5.2381024489490207
      vertex 19.110918581718863 -0.98756754168440486 5.9181678204163344
      vertex 19.110918581718863 -2.8556843582224425 5.2768425072389338
    endloop
  endfacet
  facet normal 0.1605 -0.60625 0.77891
    outer loop
      vertex 19.378115294937455 -4.3819354619288235 4.0338557621464339
      vertex 19.378115294937455 -2.8347192870945159 5.2381024489490207
      vertex 19.110918581718863 -2.8556843582224425 5.2768425072389338
    endloop
  endfacet
  facet normal 0.1605 -0.60625 0.77891
    outer loop
      vertex 19.378115294937455 -4.3819354619288235 4.0338557621464339
      vertex 19.110918581718863 -2.8556843582224425 5.2768425072389338
      vertex 19.11091858171886 -4.4143434640387902 4.0636894297544455
    endloop
  endfacet
  facet normal 0.1605 -0.826313 0.539857
    outer loop
      vertex 19.378115294937455 -5.4543009367289184 2.3924782117940833
      vertex 19.378115294937455 -4.3819354619288235 4.0338557621464339
      vertex 19.11091858171886 -4.4143434640387902 4.0636894297544455
    endloop
  endfacet
  facet normal 0.1605 -0.826313 0.539857
    outer loop
      vertex 19.378115294937455 -5.4543009367289184 2.3924782117940833
      vertex 19.11091858171886 -4.4143434640387902 4.0636894297544455
      vertex 19.110918581718867 -5.4946399599303453 2.4101725479178158
    endloop
  endfacet
  facet normal 1.69182e-17 -0.837166 0.546948
    outer loop
      vertex 6.2364078659452789 -5.4485054217185027 2.4807867154719396
      vertex 19.110918581718867 -5.4946399599303453 2.4101725479178158
      vertex 19.11091858171886 -4.4143434640387902 4.0636894297544455
    endloop
  endfacet
  facet normal 5.93121e-17 -0.837166 0.546948
    outer loop
      vertex 6.2364078659452789 -5.4485054217185027 2.4807867154719396
      vertex 19.11091858171886 -4.4143434640387902 4.0636894297544455
      vertex 5.7577733424424506 -5.009825785155221 3.1522358847823613
    endloop
  endfacet
  facet normal 0.275345 -0.703091 0.655629
    outer loop
      vertex 5.6505683801415962 -5.7794513000606056 2.3719189509571228
      vertex 6.2364078659452789 -5.4485054217185027 2.4807867154719396
      vertex 5.7577733424424506 -5.009825785155221 3.1522358847823613
    endloop
  endfacet
  facet normal 0.32348 -0.695531 0.641559
    outer loop
      vertex 5.6505683801415962 -5.7794513000606056 2.3719189509571228
      vertex 5.7577733424424506 -5.009825785155221 3.1522358847823613
      vertex 5.2413935836369276 -5.2885793073748619 3.110395120522861
    endloop
  endfacet
  facet normal 0.32348 -0.695531 0.641559
    outer loop
      vertex 5.2413935836369276 -5.2885793073748619 3.110395120522861
      vertex 5.7577733424424506 -5.009825785155221 3.1522358847823613
      vertex 5.7339883017257209 -4.9829659301772953 3.193347953384444
    endloop
  endfacet
  facet normal 0.298905 -0.66702 0.682451
    outer loop
      vertex 5.2413935836369276 -5.2885793073748619 3.110395120522861
      vertex 5.7339883017257209 -4.9829659301772953 3.193347953384444
      vertex 5.6873724667310963 -4.9460601628057574 3.249836435590999
    endloop
  endfacet
  facet normal 0.298905 -0.66702 0.682451
    outer loop
      vertex 4.8527524865526859 -4.7479989342465831 3.8089728288728164
      vertex 5.2413935836369276 -5.2885793073748619 3.110395120522861
      vertex 5.6873724667310963 -4.9460601628057574 3.249836435590999
    endloop
  endfacet
  facet normal 0.269023 -0.708419 0.65251
    outer loop
      vertex 4.8527524865526859 -4.7479989342465831 3.8089728288728164
      vertex 5.6873724667310963 -4.9460601628057574 3.249836435590999
      vertex 5.2172330722634781 -4.5104129464708125 3.9166441402114516
    endloop
  endfacet
  facet normal 0.0977616 -0.531335 0.841502
    outer loop
      vertex 4.8527524865526859 -4.7479989342465831 3.8089728288728164
      vertex 5.2172330722634781 -4.5104129464708125 3.9166441402114516
      vertex 4.8335304003527853 -4.5285577012547762 3.9497640063300339
    endloop
  endfacet
  facet normal 0.313444 -0.493188 0.811492
    outer loop
      vertex 4.8527524865526859 -4.7479989342465831 3.8089728288728164
      vertex 4.8335304003527853 -4.5285577012547762 3.9497640063300339
      vertex 4.7892424930606623 -4.5799521979593392 3.9356352301851589
    endloop
  endfacet
  facet normal 0.313444 -0.493188 0.811492
    outer loop
      vertex 4.8527524865526859 -4.7479989342465831 3.8089728288728164
      vertex 4.7892424930606623 -4.5799521979593392 3.9356352301851589
      vertex 4.7113230728557385 -4.6230786218626161 3.9395218061048367
    endloop
  endfacet
  facet normal 0.48476 -0.307055 0.818978
    outer loop
      vertex 4.5282048126622447 -4.8584830341439194 3.9596519765305529
      vertex 4.8527524865526859 -4.7479989342465831 3.8089728288728164
      vertex 4.7113230728557385 -4.6230786218626161 3.9395218061048367
    endloop
  endfacet
  facet normal 0.00446302 0.0817543 0.996643
    outer loop
      vertex 4.5282048126622447 -4.8584830341439194 3.9596519765305529
      vertex 4.7113230728557385 -4.6230786218626161 3.9395218061048367
      vertex 4.4683297494559548 -4.501282676598108 3.9306190586043717
    endloop
  endfacet
  facet normal 0.00446302 0.0817543 0.996643
    outer loop
      vertex 4.7113230728557385 -4.6230786218626161 3.9395218061048367
      vertex 4.7892424930606623 -4.5799521979593392 3.9356352301851589
      vertex 4.7892424930606623 -4.5021738012458909 3.9292550907913366
    endloop
  endfacet
  facet normal -0.381589 0.0755689 0.921238
    outer loop
      vertex 4.7892424930606623 -4.5799521979593392 3.9356352301851589
      vertex 4.8335304003527853 -4.5285577012547762 3.9497640063300339
      vertex 4.7892424930606623 -4.5021738012458909 3.9292550907913366
    endloop
  endfacet
  facet normal 0.0977616 -0.531335 0.841502
    outer loop
      vertex 4.8335304003527853 -4.5285577012547762 3.9497640063300339
      vertex 5.2172330722634781 -4.5104129464708125 3.9166441402114516
      vertex 4.9111340080846375 -4.4708655091360061 3.9771759993030709
    endloop
  endfacet
  facet normal 3.98323e-17 -0.837166 0.546948
    outer loop
      vertex 5.6873724667310963 -4.9460601628057574 3.249836435590999
      vertex 19.11091858171886 -4.4143434640387902 4.0636894297544455
      vertex 5.2172330722634781 -4.5104129464708125 3.9166441402114516
    endloop
  endfacet
  facet normal 3.17367e-16 -0.837166 0.546948
    outer loop
      vertex 5.6873724667310963 -4.9460601628057574 3.249836435590999
      vertex 5.7339883017257209 -4.9829659301772953 3.193347953384444
      vertex 19.11091858171886 -4.4143434640387902 4.0636894297544455
    endloop
  endfacet
  facet normal 0.397118 -0.831069 0.389386
    outer loop
      vertex 5.6505683801415962 -5.7794513000606056 2.3719189509571228
      vertex 6.2090990505379597 -5.4946399599303453 2.4101725479178158
      vertex 6.2364078659452789 -5.4485054217185027 2.4807867154719396
    endloop
  endfacet
  facet normal -5.24247e-16 -0.837166 0.546948
    outer loop
      vertex 5.7577733424424506 -5.009825785155221 3.1522358847823613
      vertex 19.11091858171886 -4.4143434640387902 4.0636894297544455
      vertex 5.7339883017257209 -4.9829659301772953 3.193347953384444
    endloop
  endfacet
  facet normal 0 -0.837166 0.546948
    outer loop
      vertex 6.2090990505379597 -5.4946399599303453 2.4101725479178158
      vertex 19.110918581718867 -5.4946399599303453 2.4101725479178158
      vertex 6.2364078659452789 -5.4485054217185027 2.4807867154719396
    endloop
  endfacet
  facet normal 0 -0.9694 0.245485
    outer loop
      vertex 6.2090990505379597 -5.4946399599303453 2.4101725479178158
      vertex 6.596438410460383 -5.7123350693489705 1.5505140018178283
      vertex 19.110918581718867 -5.4946399599303453 2.4101725479178158
    endloop
  endfacet
  facet normal 0.804334 -0.497426 0.324984
    outer loop
      vertex 19.378115294937455 -5.4543009367289184 2.3924782117940833
      vertex 20 -4.672706234898115 2.0496389888990323
      vertex 19.378115294937455 -4.3819354619288235 4.0338557621464339
    endloop
  endfacet
  facet normal 0.804334 -0.497426 0.324984
    outer loop
      vertex 19.378115294937455 -4.3819354619288235 4.0338557621464339
      vertex 20 -4.672706234898115 2.0496389888990323
      vertex 20 -3.7540094306119518 3.4558091291833928
    endloop
  endfacet
  facet normal 1 0 0
    outer loop
      vertex 20 -3.1340021472581556 -4.0265660411139441
      vertex 20 -3.7540094306119518 3.4558091291833928
      vertex 20 -4.672706234898115 2.0496389888990323
    endloop
  endfacet
  facet normal 0.804334 -0.575996 0.145862
    outer loop
      vertex 19.378115294937455 -5.4543009367289184 2.3924782117940833
      vertex 20 -5.0850428141254325 0.42135866074173078
      vertex 20 -4.672706234898115 2.0496389888990323
    endloop
  endfacet
  facet normal 1 0 0
    outer loop
      vertex 20 -4.271617122670877 -2.7907867528307722
      vertex 20 -4.672706234898115 2.0496389888990323
      vertex 20 -5.0850428141254325 0.42135866074173078
    endloop
  endfacet
  facet normal 0.804334 -0.575996 0.145862
    outer loop
      vertex 19.378115294937455 -5.9356082728354425 0.49183852406946238
      vertex 20 -5.0850428141254325 0.42135866074173078
      vertex 19.378115294937455 -5.4543009367289184 2.3924782117940833
    endloop
  endfacet
  facet normal 0.804334 -0.364952 0.46889
    outer loop
      vertex 19.378115294937455 -4.3819354619288235 4.0338557621464339
      vertex 20 -3.7540094306119518 3.4558091291833928
      vertex 19.378115294937455 -2.8347192870945159 5.2381024489490207
    endloop
  endfacet
  facet normal 0.804334 -0.364952 0.46889
    outer loop
      vertex 19.378115294937455 -2.8347192870945159 5.2381024489490207
      vertex 20 -3.7540094306119518 3.4558091291833928
      vertex 20 -2.4285074550610197 4.487488727917186
    endloop
  endfacet
  facet normal 1 0 0
    outer loop
      vertex 20 -1.6567694101362762 -4.8260044202328967
      vertex 20 -2.4285074550610197 4.487488727917186
      vertex 20 -3.7540094306119518 3.4558091291833928
    endloop
  endfacet
  facet normal -8.45998e-18 -0.324699 0.945817
    outer loop
      vertex 5.8224735122091493 -2.743866696330429 5.3152295590532601
      vertex 19.110918581718863 -2.8556843582224425 5.2768425072389338
      vertex 19.110918581718863 -0.98756754168440486 5.9181678204163344
    endloop
  endfacet
  facet normal 4.12779e-17 -0.324699 0.945817
    outer loop
      vertex 5.8224735122091493 -2.743866696330429 5.3152295590532601
      vertex 19.110918581718863 -0.98756754168440486 5.9181678204163344
      vertex 6.4411260965864727 -2.1835086603075808 5.5076007158044789
    endloop
  endfacet
  facet normal 0.313194 -0.598824 0.737102
    outer loop
      vertex 5.8224735122091493 -2.743866696330429 5.3152295590532601
      vertex 6.4411260965864727 -2.1835086603075808 5.5076007158044789
      vertex 5.8093356049082372 -2.0859748516804197 5.855284928916098
    endloop
  endfacet
  facet normal 0.452108 -0.56053 0.693833
    outer loop
      vertex 5.7427514027627833 -2.8556843582224425 5.2768425072389338
      vertex 5.8224735122091493 -2.743866696330429 5.3152295590532601
      vertex 5.8093356049082372 -2.0859748516804197 5.855284928916098
    endloop
  endfacet
  facet normal 0.452108 -0.56053 0.693833
    outer loop
      vertex 5.2969809309372078 -3.0076786994120361 5.4445182700281798
      vertex 5.7427514027627833 -2.8556843582224425 5.2768425072389338
      vertex 5.8093356049082372 -2.0859748516804197 5.855284928916098
    endloop
  endfacet
  facet normal 0.742296 -0.569779 0.352631
    outer loop
      vertex 5.2969809309372078 -3.0076786994120361 5.4445182700281798
      vertex 5.8093356049082372 -2.0859748516804197 5.855284928916098
      vertex 5.4734436809071916 -2.3204618630307441 6.1834612174615939
    endloop
  endfacet
  facet normal 0.79249 -0.529295 0.302994
    outer loop
      vertex 5.2969809309372078 -3.0076786994120361 5.4445182700281798
      vertex 5.4734436809071916 -2.3204618630307441 6.1834612174615939
      vertex 5.0387308648806597 -3.1237407896549092 5.9172322944382394
    endloop
  endfacet
  facet normal 0.670357 -0.717271 0.190119
    outer loop
      vertex 4.8561478615501867 -3.4611246291186326 5.2881521136825729
      vertex 5.2969809309372078 -3.0076786994120361 5.4445182700281798
      vertex 5.0387308648806597 -3.1237407896549092 5.9172322944382394
    endloop
  endfacet
  facet normal 0.879474 -0.475947 1.01673e-17
    outer loop
      vertex 4.8561478615501867 -3.4611246291186326 5.2881521136825729
      vertex 5.0387308648806597 -3.1237407896549092 5.9172322944382394
      vertex 4.7348430563783612 -3.6852762761380067 19.102470337245556
    endloop
  endfacet
  facet normal 0.879474 -0.475947 0
    outer loop
      vertex 4.7348430563783612 -3.6852762761380067 5.0783880757719775
      vertex 4.8561478615501867 -3.4611246291186326 5.2881521136825729
      vertex 4.7348430563783612 -3.6852762761380067 19.102470337245556
    endloop
  endfacet
  facet normal 0.677282 -0.735724 0
    outer loop
      vertex 4.7348430563783612 -3.6852762761380067 5.0783880757719775
      vertex 4.7348430563783612 -3.6852762761380067 19.102470337245556
      vertex 3.2816889487345593 -5.0229988695751722 19.102470337245556
    endloop
  endfacet
  facet normal 0.677282 -0.735724 1.58248e-16
    outer loop
      vertex 4.5450248097953674 -3.8600162818710673 5.0454694100595781
      vertex 4.7348430563783612 -3.6852762761380067 5.0783880757719775
      vertex 3.2816889487345593 -5.0229988695751722 19.102470337245556
    endloop
  endfacet
  facet normal 0.677282 -0.735724 2.31e-17
    outer loop
      vertex 4.4571146444541379 -3.9409432900604737 4.9740329283300042
      vertex 4.5450248097953674 -3.8600162818710673 5.0454694100595781
      vertex 3.2816889487345593 -5.0229988695751722 19.102470337245556
    endloop
  endfacet
  facet normal 0.677282 -0.735724 2.48709e-16
    outer loop
      vertex 4.3988003858971503 -3.9946253467541748 4.9415172284939173
      vertex 4.4571146444541379 -3.9409432900604737 4.9740329283300042
      vertex 3.2816889487345593 -5.0229988695751722 19.102470337245556
    endloop
  endfacet
  facet normal 0.677282 -0.735724 8.1451e-17
    outer loop
      vertex 4.3574032056413481 -4.0327341357955309 4.4002637527965547
      vertex 4.3988003858971503 -3.9946253467541748 4.9415172284939173
      vertex 3.2816889487345593 -5.0229988695751722 19.102470337245556
    endloop
  endfacet
  facet normal 0.677282 -0.735724 7.7468e-17
    outer loop
      vertex 4.3574032056413481 -4.0327341357955309 4.4002637527965547
      vertex 3.2816889487345593 -5.0229988695751722 19.102470337245556
      vertex 3.9904725514254169 -4.3705175985317828 5.0044388760259606
    endloop
  endfacet
  facet normal 0.677282 -0.735724 -8.22291e-16
    outer loop
      vertex 3.9249777998753053 -4.4308097646821425 4.8584830341439194
      vertex 4.3574032056413481 -4.0327341357955309 4.4002637527965547
      vertex 3.9904725514254169 -4.3705175985317828 5.0044388760259606
    endloop
  endfacet
  facet normal 0.921139 -0.0769681 -0.381548
    outer loop
      vertex 3.9249777998753053 -4.4308097646821425 4.8584830341439194
      vertex 3.9904725514254169 -4.3705175985317828 5.0044388760259606
      vertex 3.9648665573315065 -4.418278980350328 4.9522552329394838
    endloop
  endfacet
  facet normal 0.921139 -0.0769681 -0.381548
    outer loop
      vertex 3.9179400882551261 -4.515035741913656 4.8584830341439194
      vertex 3.9249777998753053 -4.4308097646821425 4.8584830341439194
      vertex 3.9648665573315065 -4.418278980350328 4.9522552329394838
    endloop
  endfacet
  facet normal 0.758544 -0.604258 0.243892
    outer loop
      vertex 3.2143520639892191 -5.2492085463120777 5.2277977729881995
      vertex 3.9179400882551261 -4.515035741913656 4.8584830341439194
      vertex 3.9648665573315065 -4.418278980350328 4.9522552329394838
    endloop
  endfacet
  facet normal 0.758544 -0.604258 0.243892
    outer loop
      vertex 3.2143520639892191 -5.2492085463120777 5.2277977729881995
      vertex 3.9306597208281842 -4.5912866510615631 4.6300060121186606
      vertex 3.9179400882551261 -4.515035741913656 4.8584830341439194
    endloop
  endfacet
  facet normal 0.99309 -0.0829801 0.0829801
    outer loop
      vertex 3.9306597208281842 -4.5912866510615631 4.6300060121186606
      vertex 3.9641355032171774 -4.3947625593706103 4.4258983874974529
      vertex 3.9179400882551261 -4.515035741913656 4.8584830341439194
    endloop
  endfacet
  facet normal 0.99309 -0.0829801 0.0829801
    outer loop
      vertex 3.9249777998753053 -4.8584830341439194 4.4308097646821425
      vertex 3.9641355032171774 -4.3947625593706103 4.4258983874974529
      vertex 3.9306597208281842 -4.5912866510615631 4.6300060121186606
    endloop
  endfacet
  facet normal 0.99309 -0.0829801 0.0829801
    outer loop
      vertex 3.9249777998753053 -4.8584830341439194 4.4308097646821425
      vertex 3.9306597208281842 -4.5912866510615631 4.6300060121186606
      vertex 3.9175256023071428 -4.8584830341439194 4.519996229910566
    endloop
  endfacet
  facet normal 0.753922 -0.281463 0.593617
    outer loop
      vertex 3.2143520639892191 -5.2492085463120777 5.2277977729881995
      vertex 3.9175256023071428 -4.8584830341439194 4.519996229910566
      vertex 3.9306597208281842 -4.5912866510615631 4.6300060121186606
    endloop
  endfacet
  facet normal 0.99309 -0.0829801 0.0829801
    outer loop
      vertex 3.9641355032171774 -4.3947625593706103 4.4258983874974529
      vertex 3.9249777998753053 -4.4308097646821425 4.8584830341439194
      vertex 3.9179400882551261 -4.515035741913656 4.8584830341439194
    endloop
  endfacet
  facet normal 0.759157 -0.620799 0.195679
    outer loop
      vertex 3.2143520639892191 -5.2492085463120777 5.2277977729881995
      vertex 3.9648665573315065 -4.418278980350328 4.9522552329394838
      vertex 3.9904725514254169 -4.3705175985317828 5.0044388760259606
    endloop
  endfacet
  facet normal 0.759157 -0.620799 0.195679
    outer loop
      vertex 3.2143520639892191 -5.2492085463120777 5.2277977729881995
      vertex 3.9904725514254169 -4.3705175985317828 5.0044388760259606
      vertex 3.316410027650174 -4.9910358647640418 5.6509155400268805
    endloop
  endfacet
  facet normal 0.536469 -0.771741 0.341492
    outer loop
      vertex 3.2143520639892191 -5.2492085463120777 5.2277977729881995
      vertex 3.316410027650174 -4.9910358647640418 5.6509155400268805
      vertex 3.2816889487345611 -5.0229988695751704 5.6332273605963836
    endloop
  endfacet
  facet normal 0.536469 -0.771741 0.341492
    outer loop
      vertex 2.0264133977226773 -5.573613777045761 6.360869584221251
      vertex 3.2143520639892191 -5.2492085463120777 5.2277977729881995
      vertex 3.2816889487345611 -5.0229988695751704 5.6332273605963836
    endloop
  endfacet
  facet normal 0.401695 -0.915773 -2.60838e-17
    outer loop
      vertex 2.0264133977226773 -5.573613777045761 6.360869584221251
      vertex 3.2816889487345611 -5.0229988695751704 5.6332273605963836
      vertex 1.4729129228447955 -5.8164015956359822 19.102470337245553
    endloop
  endfacet
  facet normal 0.401695 -0.915773 -4.99143e-17
    outer loop
      vertex 1.8104877916364341 -5.6683275293528688 6.5014044461987632
      vertex 2.0264133977226773 -5.573613777045761 6.360869584221251
      vertex 1.4729129228447955 -5.8164015956359822 19.102470337245553
    endloop
  endfacet
  facet normal 0.401695 -0.915773 7.01061e-18
    outer loop
      vertex 1.4729129228447957 -5.8164015956359822 6.3797091192415758
      vertex 1.8104877916364341 -5.6683275293528688 6.5014044461987632
      vertex 1.4729129228447955 -5.8164015956359822 19.102470337245553
    endloop
  endfacet
  facet normal 0.571821 -0.719902 0.393398
    outer loop
      vertex 1.7488395157122114 -6.0493750047401855 5.8937112593899244
      vertex 2.0264133977226773 -5.573613777045761 6.360869584221251
      vertex 1.8104877916364341 -5.6683275293528688 6.5014044461987632
    endloop
  endfacet
  facet normal 0.401695 -0.915773 -6.77979e-17
    outer loop
      vertex 3.2816889487345611 -5.0229988695751704 5.6332273605963836
      vertex 3.2816889487345593 -5.0229988695751722 19.102470337245556
      vertex 1.4729129228447955 -5.8164015956359822 19.102470337245553
    endloop
  endfacet
  facet normal 0.326189 -0.743637 0.583613
    outer loop
      vertex 2.9415502547360903 -4.5023778411526276 19.955950864665638
      vertex 1.4729129228447955 -5.8164015956359822 19.102470337245553
      vertex 3.2816889487345593 -5.0229988695751722 19.102470337245556
    endloop
  endfacet
  facet normal 0.549974 -0.597431 0.583613
    outer loop
      vertex 2.9415502547360903 -4.5023778411526276 19.955950864665638
      vertex 3.2816889487345593 -5.0229988695751722 19.102470337245556
      vertex 4.2440886434394773 -3.3033067844613253 19.955950864665638
    endloop
  endfacet
  facet normal 0.11165 -0.121284 0.986319
    outer loop
      vertex 2.9415502547360903 -4.5023778411526276 19.955950864665638
      vertex 4.2440886434394773 -3.3033067844613253 19.955950864665638
      vertex 4.0332328930611121 -3.1391911664135677 20
    endloop
  endfacet
  facet normal 0.11165 -0.121284 0.986319
    outer loop
      vertex 2.9415502547360903 -4.5023778411526276 19.955950864665638
      vertex 4.0332328930611121 -3.1391911664135677 20
      vertex 2.795407504584813 -4.2786897097440919 20
    endloop
  endfacet
  facet normal 0.0662193 -0.150965 0.986319
    outer loop
      vertex 1.3202492530771039 -5.2135463971647473 19.955950864665638
      vertex 2.9415502547360903 -4.5023778411526276 19.955950864665638
      vertex 2.795407504584813 -4.2786897097440919 20
    endloop
  endfacet
  facet normal 0 0 1
    outer loop
      vertex 1.2546563377702162 4.954525832312525 20
      vertex 2.795407504584813 -4.2786897097440919 20
      vertex 4.0332328930611121 -3.1391911664135677 20
    endloop
  endfacet
  facet normal 0 0 1
    outer loop
      vertex 4.0332328930611121 -3.1391911664135677 20
      vertex 2.7954075045848144 4.278689709744091 20
      vertex 1.2546563377702162 4.954525832312525 20
    endloop
  endfacet
  facet normal 0.0662193 0.150965 0.986319
    outer loop
      vertex 2.9415502547360921 4.5023778411526267 19.955950864665638
      vertex 1.2546563377702162 4.954525832312525 20
      vertex 2.7954075045848144 4.278689709744091 20
    endloop
  endfacet
  facet normal 0.11165 0.121284 0.986319
    outer loop
      vertex 2.9415502547360921 4.5023778411526267 19.955950864665638
      vertex 2.7954075045848144 4.278689709744091 20
      vertex 4.2440886434394773 3.3033067844613258 19.955950864665638
    endloop
  endfacet
  facet normal 0.549974 0.597431 0.583613
    outer loop
      vertex 2.9415502547360921 4.5023778411526267 19.955950864665638
      vertex 4.2440886434394773 3.3033067844613258 19.955950864665638
      vertex 4.7348430563783612 3.6852762761380067 19.102470337245556
    endloop
  endfacet
  facet normal 0.549974 0.597431 0.583613
    outer loop
      vertex 2.9415502547360921 4.5023778411526267 19.955950864665638
      vertex 4.7348430563783612 3.6852762761380067 19.102470337245556
      vertex 3.2816889487345611 5.0229988695751713 19.102470337245556
    endloop
  endfacet
  facet normal 0.326189 0.743637 0.583613
    outer loop
      vertex 2.9415502547360921 4.5023778411526267 19.955950864665638
      vertex 3.2816889487345611 5.0229988695751713 19.102470337245556
      vertex 1.3202492530771039 5.2135463971647473 19.955950864665638
    endloop
  endfacet
  facet normal 0.326189 0.743637 0.583613
    outer loop
      vertex 1.3202492530771039 5.2135463971647473 19.955950864665638
      vertex 3.2816889487345611 5.0229988695751713 19.102470337245556
      vertex 1.4729129228447957 5.8164015956359822 19.102470337245553
    endloop
  endfacet
  facet normal 0.067057 0.809258 0.583613
    outer loop
      vertex -0.44412124093067507 5.3597463045366585 19.955950864665638
      vertex 1.3202492530771039 5.2135463971647473 19.955950864665638
      vertex 1.4729129228447957 5.8164015956359822 19.102470337245553
    endloop
  endfacet
  facet normal 0.067057 0.809258 0.583613
    outer loop
      vertex -0.44412124093067507 5.3597463045366585 19.955950864665638
      vertex 1.4729129228447957 5.8164015956359822 19.102470337245553
      vertex -0.4954760728339947 5.9795069580400195 19.102470337245556
    endloop
  endfacet
  facet normal -0.199342 0.787184 0.583613
    outer loop
      vertex -2.1603643072325305 4.9251345347793158 19.955950864665638
      vertex -0.44412124093067507 5.3597463045366585 19.955950864665638
      vertex -0.4954760728339947 5.9795069580400195 19.102470337245556
    endloop
  endfacet
  facet normal -0.199342 0.787184 0.583613
    outer loop
      vertex -2.1603643072325305 4.9251345347793158 19.955950864665638
      vertex -0.4954760728339947 5.9795069580400195 19.102470337245556
      vertex -2.4101725479178171 5.4946399599303444 19.102470337245556
    endloop
  endfacet
  facet normal -0.444139 0.679806 0.583613
    outer loop
      vertex -3.6424983793396732 3.9568080168423658 19.955950864665638
      vertex -2.1603643072325305 4.9251345347793158 19.955950864665638
      vertex -2.4101725479178171 5.4946399599303444 19.102470337245556
    endloop
  endfacet
  facet normal -0.444139 0.679806 0.583613
    outer loop
      vertex -3.6424983793396732 3.9568080168423658 19.955950864665638
      vertex -2.4101725479178171 5.4946399599303444 19.102470337245556
      vertex -4.0636894297544455 4.4143434640387902 19.102470337245553
    endloop
  endfacet
  facet normal -0.546948 0.837166 5.90257e-18
    outer loop
      vertex -3.921903119278102 4.5069770839646131 4.8180168846886424
      vertex -4.0636894297544455 4.4143434640387902 19.102470337245553
      vertex -2.4101725479178171 5.4946399599303444 19.102470337245556
    endloop
  endfacet
  facet normal -0.0901641 0.138006 0.986319
    outer loop
      vertex -3.6424983793396732 3.9568080168423658 19.955950864665638
      vertex -3.4615309694777494 3.7602250060741729 20
      vertex -2.1603643072325305 4.9251345347793158 19.955950864665638
    endloop
  endfacet
  facet normal -0.0901641 0.138006 0.986319
    outer loop
      vertex -2.1603643072325305 4.9251345347793158 19.955950864665638
      vertex -3.4615309694777494 3.7602250060741729 20
      vertex -2.0530326100503085 4.6804429118438247 20
    endloop
  endfacet
  facet normal 0 0 1
    outer loop
      vertex -0.42205631124072635 -5.0934622035606552 20
      vertex -2.0530326100503085 4.6804429118438247 20
      vertex -3.4615309694777494 3.7602250060741729 20
    endloop
  endfacet
  facet normal 0 -0 1
    outer loop
      vertex -0.42205631124072635 -5.0934622035606552 20
      vertex -0.42205631124072485 5.0934622035606552 20
      vertex -2.0530326100503085 4.6804429118438247 20
    endloop
  endfacet
  facet normal -0.0404682 0.159805 0.986319
    outer loop
      vertex -0.44412124093067507 5.3597463045366585 19.955950864665638
      vertex -2.0530326100503085 4.6804429118438247 20
      vertex -0.42205631124072485 5.0934622035606552 20
    endloop
  endfacet
  facet normal -0.130089 0.101253 0.986319
    outer loop
      vertex -3.6424983793396732 3.9568080168423658 19.955950864665638
      vertex -4.4949187371752304 2.432528374993828 20
      vertex -3.4615309694777494 3.7602250060741729 20
    endloop
  endfacet
  facet normal -0 0 1
    outer loop
      vertex -4.4949187371752304 2.432528374993828 20
      vertex -2.0530326100503071 -4.6804429118438255 20
      vertex -3.4615309694777494 3.7602250060741729 20
    endloop
  endfacet
  facet normal -0.130089 0.101253 0.986319
    outer loop
      vertex -4.7299112328596342 2.5596999540782934 19.955950864665638
      vertex -4.4949187371752304 2.432528374993828 20
      vertex -3.6424983793396732 3.9568080168423658 19.955950864665638
    endloop
  endfacet
  facet normal -0.155917 0.0535265 0.986319
    outer loop
      vertex -4.7299112328596342 2.5596999540782934 19.955950864665638
      vertex -5.041212313849404 0.84122954991620591 20
      vertex -4.4949187371752304 2.432528374993828 20
    endloop
  endfacet
  facet normal 0 0 1
    outer loop
      vertex -3.4615309694777494 -3.7602250060741729 20
      vertex -4.4949187371752304 2.432528374993828 20
      vertex -5.041212313849404 0.84122954991620591 20
    endloop
  endfacet
  facet normal 0 0 1
    outer loop
      vertex -3.4615309694777494 -3.7602250060741729 20
      vertex -5.041212313849404 0.84122954991620591 20
      vertex -5.041212313849404 -0.84122954991620602 20
    endloop
  endfacet
  facet normal -0.245485 0.9694 -6.3807e-18
    outer loop
      vertex -2.2541233536406389 5.534156982795964 5.8883979464882312
      vertex -2.4101725479178171 5.4946399599303444 19.102470337245556
      vertex -0.4954760728339947 5.9795069580400195 19.102470337245556
    endloop
  endfacet
  facet normal -0.0404682 0.159805 0.986319
    outer loop
      vertex -2.1603643072325305 4.9251345347793158 19.955950864665638
      vertex -2.0530326100503085 4.6804429118438247 20
      vertex -0.44412124093067507 5.3597463045366585 19.955950864665638
    endloop
  endfacet
  facet normal 0.0825793 0.996584 -0
    outer loop
      vertex -0.4954760728339947 5.9795069580400195 6.3854401126772267
      vertex -0.4954760728339947 5.9795069580400195 19.102470337245556
      vertex 1.4729129228447957 5.8164015956359822 19.102470337245553
    endloop
  endfacet
  facet normal 0.0136132 0.164286 0.986319
    outer loop
      vertex -0.44412124093067507 5.3597463045366585 19.955950864665638
      vertex -0.42205631124072485 5.0934622035606552 20
      vertex 1.3202492530771039 5.2135463971647473 19.955950864665638
    endloop
  endfacet
  facet normal 0.0136132 0.164286 0.986319
    outer loop
      vertex 1.3202492530771039 5.2135463971647473 19.955950864665638
      vertex -0.42205631124072485 5.0934622035606552 20
      vertex 1.2546563377702162 4.954525832312525 20
    endloop
  endfacet
  facet normal 0.401695 0.915773 -0
    outer loop
      vertex 1.4729129228447957 5.8164015956359822 6.3175262511879131
      vertex 1.4729129228447957 5.8164015956359822 19.102470337245553
      vertex 3.2816889487345611 5.0229988695751713 19.102470337245556
    endloop
  endfacet
  facet normal 0.677282 0.735724 -1.22702e-17
    outer loop
      vertex 3.3143746266930116 4.9929095833412926 5.6457522262740678
      vertex 3.2816889487345611 5.0229988695751713 19.102470337245556
      vertex 4.7348430563783612 3.6852762761380067 19.102470337245556
    endloop
  endfacet
  facet normal 0.677282 0.735724 4.08922e-18
    outer loop
      vertex 3.9883761788129437 4.3724474454717708 4.9997670844348807
      vertex 3.3143746266930116 4.9929095833412926 5.6457522262740678
      vertex 4.7348430563783612 3.6852762761380067 19.102470337245556
    endloop
  endfacet
  facet normal 0.677282 0.735724 4.20204e-17
    outer loop
      vertex 3.9883761788129437 4.3724474454717708 4.9997670844348807
      vertex 4.7348430563783612 3.6852762761380067 19.102470337245556
      vertex 4.3988003858971512 3.9946253467541739 4.9415172284939155
    endloop
  endfacet
  facet normal 0.677282 0.735724 -1.5726e-15
    outer loop
      vertex 3.9883761788129437 4.3724474454717708 4.9997670844348807
      vertex 4.3988003858971512 3.9946253467541739 4.9415172284939155
      vertex 3.9249777998753035 4.4308097646821434 4.8584830341439211
    endloop
  endfacet
  facet normal 0.921139 0.0769681 -0.381548
    outer loop
      vertex 3.9883761788129437 4.3724474454717708 4.9997670844348807
      vertex 3.9249777998753035 4.4308097646821434 4.8584830341439211
      vertex 3.9674051567300905 4.4100646764408165 4.9567269183549048
    endloop
  endfacet
  facet normal 0.921139 0.0769681 -0.381548
    outer loop
      vertex 3.9249777998753035 4.4308097646821434 4.8584830341439211
      vertex 3.9175256023071414 4.519996229910566 4.8584830341439211
      vertex 3.9674051567300905 4.4100646764408165 4.9567269183549048
    endloop
  endfacet
  facet normal 0.753922 0.593617 0.281463
    outer loop
      vertex 3.9674051567300905 4.4100646764408165 4.9567269183549048
      vertex 3.9175256023071414 4.519996229910566 4.8584830341439211
      vertex 3.2143520639892191 5.2277977729881995 5.2492085463120786
    endloop
  endfacet
  facet normal 0.754916 0.629866 0.182677
    outer loop
      vertex 3.9674051567300905 4.4100646764408165 4.9567269183549048
      vertex 3.2143520639892191 5.2277977729881995 5.2492085463120786
      vertex 3.3143746266930116 4.9929095833412926 5.6457522262740678
    endloop
  endfacet
  facet normal 0.532676 0.780253 0.327814
    outer loop
      vertex 3.3143746266930116 4.9929095833412926 5.6457522262740678
      vertex 3.2143520639892191 5.2277977729881995 5.2492085463120786
      vertex 3.2816889487345611 5.0229988695751713 5.6272467468840714
    endloop
  endfacet
  facet normal 0.753922 0.593617 0.281463
    outer loop
      vertex 3.9306597208281837 4.6300060121186597 4.591286651061564
      vertex 3.2143520639892191 5.2277977729881995 5.2492085463120786
      vertex 3.9175256023071414 4.519996229910566 4.8584830341439211
    endloop
  endfacet
  facet normal 0.758544 0.243892 0.604258
    outer loop
      vertex 3.9306597208281837 4.6300060121186597 4.591286651061564
      vertex 3.9179400882551256 4.8584830341439202 4.5150357419136551
      vertex 3.2143520639892191 5.2277977729881995 5.2492085463120786
    endloop
  endfacet
  facet normal 0.758544 0.243892 0.604258
    outer loop
      vertex 3.9179400882551256 4.8584830341439202 4.5150357419136551
      vertex 3.9648665573315061 4.9522552329394864 4.4182789803503271
      vertex 3.2143520639892191 5.2277977729881995 5.2492085463120786
    endloop
  endfacet
  facet normal 0.921139 -0.381548 0.0769681
    outer loop
      vertex 3.9249777998753048 4.8584830341439202 4.4308097646821425
      vertex 3.9648665573315061 4.9522552329394864 4.4182789803503271
      vertex 3.9179400882551256 4.8584830341439202 4.5150357419136551
    endloop
  endfacet
  facet normal 0.99309 0.0829801 0.0829801
    outer loop
      vertex 3.9641355032171761 4.4258983874974573 4.3947625593706103
      vertex 3.9179400882551256 4.8584830341439202 4.5150357419136551
      vertex 3.9306597208281837 4.6300060121186597 4.591286651061564
    endloop
  endfacet
  facet normal 0.99309 0.0829801 0.0829801
    outer loop
      vertex 3.9641355032171761 4.4258983874974573 4.3947625593706103
      vertex 3.9306597208281837 4.6300060121186597 4.591286651061564
      vertex 3.9249777998753035 4.4308097646821434 4.8584830341439211
    endloop
  endfacet
  facet normal 0.99309 0.0829801 0.0829801
    outer loop
      vertex 3.9306597208281837 4.6300060121186597 4.591286651061564
      vertex 3.9175256023071414 4.519996229910566 4.8584830341439211
      vertex 3.9249777998753035 4.4308097646821434 4.8584830341439211
    endloop
  endfacet
  facet normal 0.677282 0.735724 -1.09638e-16
    outer loop
      vertex 4.3988003858971512 3.9946253467541739 4.9415172284939155
      vertex 4.7348430563783612 3.6852762761380067 19.102470337245556
      vertex 4.4571146444541361 3.9409432900604751 4.9740329283299998
    endloop
  endfacet
  facet normal 0.542446 0.7793 0.313758
    outer loop
      vertex 4.3988003858971512 3.9946253467541739 4.9415172284939155
      vertex 4.4571146444541361 3.9409432900604751 4.9740329283299998
      vertex 4.4568291026035096 3.9740144998911067 4.892385590521422
    endloop
  endfacet
  facet normal 0.00413715 0.923872 -0.38268
    outer loop
      vertex 4.4363447428366705 3.9600633314318623 4.8584830341439211
      vertex 4.3988003858971512 3.9946253467541739 4.9415172284939155
      vertex 4.4568291026035096 3.9740144998911067 4.892385590521422
    endloop
  endfacet
  facet normal 0.481998 0.812669 0.327486
    outer loop
      vertex 4.4568291026035096 3.9740144998911067 4.892385590521422
      vertex 4.4571146444541361 3.9409432900604751 4.9740329283299998
      vertex 4.5038959812601158 3.9597608329353147 4.8584830341439211
    endloop
  endfacet
  facet normal 0.481998 0.812669 0.327486
    outer loop
      vertex 4.5038959812601158 3.9597608329353147 4.8584830341439211
      vertex 4.4571146444541361 3.9409432900604751 4.9740329283299998
      vertex 4.5450248097953665 3.8600162818710673 5.0454694100595763
    endloop
  endfacet
  facet normal 0.481998 0.812669 0.327486
    outer loop
      vertex 4.5038959812601158 3.9597608329353147 4.8584830341439211
      vertex 4.5450248097953665 3.8600162818710673 5.0454694100595763
      vertex 4.8459952776328752 3.8223134667110163 4.6960583643141449
    endloop
  endfacet
  facet normal 0.57455 0.703067 0.419033
    outer loop
      vertex 4.8459952776328752 3.8223134667110163 4.6960583643141449
      vertex 4.5450248097953665 3.8600162818710673 5.0454694100595763
      vertex 4.7348430563783612 3.6852762761380067 5.0783880757719748
    endloop
  endfacet
  facet normal 0.57455 0.703067 0.419033
    outer loop
      vertex 4.8459952776328752 3.8223134667110163 4.6960583643141449
      vertex 4.7348430563783612 3.6852762761380067 5.0783880757719748
      vertex 4.8561478615501885 3.4611246291186295 5.2881521136825738
    endloop
  endfacet
  facet normal 0.57455 0.703067 0.419033
    outer loop
      vertex 4.8459952776328752 3.8223134667110163 4.6960583643141449
      vertex 4.8561478615501885 3.4611246291186295 5.2881521136825738
      vertex 5.2969809309372078 3.0076786994120361 5.4445182700281798
    endloop
  endfacet
  facet normal 0.348216 0.731441 0.586293
    outer loop
      vertex 4.8459952776328752 3.8223134667110163 4.6960583643141449
      vertex 5.2969809309372078 3.0076786994120361 5.4445182700281798
      vertex 5.5655760959284084 3.2771615616889838 4.948793632044258
    endloop
  endfacet
  facet normal 0.26307 0.669358 0.694805
    outer loop
      vertex 4.8459952776328752 3.8223134667110163 4.6960583643141449
      vertex 5.5655760959284084 3.2771615616889838 4.948793632044258
      vertex 5.2452174159815677 3.9326547961019882 4.4386027688651639
    endloop
  endfacet
  facet normal 0.170039 0.782469 0.599023
    outer loop
      vertex 4.8228343400081366 4.0423567634880797 4.4152031251931252
      vertex 4.8459952776328752 3.8223134667110163 4.6960583643141449
      vertex 5.2452174159815677 3.9326547961019882 4.4386027688651639
    endloop
  endfacet
  facet normal 0.170039 0.782469 0.599023
    outer loop
      vertex 4.9014825358519403 4.0705878870575098 4.3560013874795267
      vertex 4.8228343400081366 4.0423567634880797 4.4152031251931252
      vertex 5.2452174159815677 3.9326547961019882 4.4386027688651639
    endloop
  endfacet
  facet normal 0.170039 0.782469 0.599023
    outer loop
      vertex 4.9014825358519403 4.0705878870575098 4.3560013874795267
      vertex 5.2452174159815677 3.9326547961019882 4.4386027688651639
      vertex 4.930999312818698 4.1016113806824563 4.3070985805662669
    endloop
  endfacet
  facet normal -0.369281 0.869291 0.32858
    outer loop
      vertex 4.8777278088506879 4.0695484246509688 4.3320541809523299
      vertex 4.9014825358519403 4.0705878870575098 4.3560013874795267
      vertex 4.930999312818698 4.1016113806824563 4.3070985805662669
    endloop
  endfacet
  facet normal 0.604575 0.498412 -0.62135
    outer loop
      vertex 4.8777278088506879 4.0695484246509688 4.3320541809523299
      vertex 4.8867982066193383 4.0793415926854788 4.3487352258373129
      vertex 4.9014825358519403 4.0705878870575098 4.3560013874795267
    endloop
  endfacet
  facet normal 0.604575 0.498412 -0.62135
    outer loop
      vertex 4.8686432701172961 4.0751412247681698 4.3277011298915697
      vertex 4.8867982066193383 4.0793415926854788 4.3487352258373129
      vertex 4.8777278088506879 4.0695484246509688 4.3320541809523299
    endloop
  endfacet
  facet normal 0.170039 0.782469 0.599023
    outer loop
      vertex 4.9014825358519403 4.0705878870575098 4.3560013874795267
      vertex 4.8867982066193383 4.0793415926854788 4.3487352258373129
      vertex 4.8228343400081366 4.0423567634880797 4.4152031251931252
    endloop
  endfacet
  facet normal -5.68714e-17 0.614213 0.789141
    outer loop
      vertex 5.5655760959284084 3.2771615616889838 4.948793632044258
      vertex 19.110918581718863 4.4143434640387902 4.0636894297544455
      vertex 5.2452174159815677 3.9326547961019882 4.4386027688651639
    endloop
  endfacet
  facet normal -4.92978e-16 0.614213 0.789141
    outer loop
      vertex 5.5655760959284084 3.2771615616889838 4.948793632044258
      vertex 5.7332649525616084 3.0649127509737668 5.1139935124740008
      vertex 19.110918581718863 4.4143434640387902 4.0636894297544455
    endloop
  endfacet
  facet normal 2.18112e-16 0.614213 0.789141
    outer loop
      vertex 5.7427514027627833 2.8556843582224425 5.2768425072389338
      vertex 19.110918581718863 4.4143434640387902 4.0636894297544455
      vertex 5.7332649525616084 3.0649127509737668 5.1139935124740008
    endloop
  endfacet
  facet normal 0.452108 0.56053 0.693833
    outer loop
      vertex 5.2969809309372078 3.0076786994120361 5.4445182700281798
      vertex 5.7427514027627833 2.8556843582224425 5.2768425072389338
      vertex 5.7332649525616084 3.0649127509737668 5.1139935124740008
    endloop
  endfacet
  facet normal 0.452108 0.56053 0.693833
    outer loop
      vertex 5.8093356049082381 2.0859748516804171 5.8552849289160989
      vertex 5.7427514027627833 2.8556843582224425 5.2768425072389338
      vertex 5.2969809309372078 3.0076786994120361 5.4445182700281798
    endloop
  endfacet
  facet normal 0.742296 0.569779 0.352631
    outer loop
      vertex 5.473443680907188 2.3204618630307485 6.1834612174615868
      vertex 5.8093356049082381 2.0859748516804171 5.8552849289160989
      vertex 5.2969809309372078 3.0076786994120361 5.4445182700281798
    endloop
  endfacet
  facet normal 0.79249 0.529295 0.302994
    outer loop
      vertex 5.473443680907188 2.3204618630307485 6.1834612174615868
      vertex 5.2969809309372078 3.0076786994120361 5.4445182700281798
      vertex 5.0387308648806597 3.1237407896549092 5.9172322944382394
    endloop
  endfacet
  facet normal 0.879474 0.475947 -6.88721e-17
    outer loop
      vertex 5.473443680907188 2.3204618630307485 6.1834612174615868
      vertex 5.0387308648806597 3.1237407896549092 5.9172322944382394
      vertex 5.674903450203808 1.9481968152281008 19.102470337245556
    endloop
  endfacet
  facet normal 0.879474 0.475947 -5.45087e-18
    outer loop
      vertex 5.473443680907188 2.3204618630307485 6.1834612174615868
      vertex 5.674903450203808 1.9481968152281008 19.102470337245556
      vertex 5.5685458256043612 2.1447284917207603 6.2672182148568742
    endloop
  endfacet
  facet normal 0.879474 0.475947 -0
    outer loop
      vertex 5.674903450203808 1.9481968152281008 6.2126376856092209
      vertex 5.5685458256043612 2.1447284917207603 6.2672182148568742
      vertex 5.674903450203808 1.9481968152281008 19.102470337245556
    endloop
  endfacet
  facet normal 0.986361 0.164595 -0
    outer loop
      vertex 5.674903450203808 1.9481968152281008 6.2126376856092209
      vertex 5.674903450203808 1.9481968152281008 19.102470337245556
      vertex 5.7155509623204939 1.704609629506449 6.3175797731367913
    endloop
  endfacet
  facet normal 0.834879 0.329327 0.441045
    outer loop
      vertex 5.8093356049082381 2.0859748516804171 5.8552849289160989
      vertex 5.674903450203808 1.9481968152281008 6.2126376856092209
      vertex 5.7155509623204939 1.704609629506449 6.3175797731367913
    endloop
  endfacet
  facet normal 0.834879 0.329327 0.441045
    outer loop
      vertex 5.99547044954749 1.0714354466323905 6.2604942952875113
      vertex 5.8093356049082381 2.0859748516804171 5.8552849289160989
      vertex 5.7155509623204939 1.704609629506449 6.3175797731367913
    endloop
  endfacet
  facet normal 0.888049 0.367717 0.275958
    outer loop
      vertex 5.8119353332468897 1.1270097608080984 6.7770680179758935
      vertex 5.99547044954749 1.0714354466323905 6.2604942952875113
      vertex 5.7155509623204939 1.704609629506449 6.3175797731367913
    endloop
  endfacet
  facet normal 0.986361 0.164595 1.30637e-16
    outer loop
      vertex 5.8119353332468897 1.1270097608080984 6.7770680179758935
      vertex 5.7155509623204939 1.704609629506449 6.3175797731367913
      vertex 6 0 19.102470337245553
    endloop
  endfacet
  facet normal 0.986361 0.164595 -4.36795e-15
    outer loop
      vertex 5.8138149328199056 1.11574593809343 6.7772951595344031
      vertex 5.8119353332468897 1.1270097608080984 6.7770680179758935
      vertex 6 0 19.102470337245553
    endloop
  endfacet
  facet normal 0.986361 0.164595 -0
    outer loop
      vertex 6 0 6.8126854026733845
      vertex 5.8138149328199056 1.11574593809343 6.7772951595344031
      vertex 6 0 19.102470337245553
    endloop
  endfacet
  facet normal 0.986361 -0.164595 0
    outer loop
      vertex 6 0 6.8126854026733845
      vertex 6 0 19.102470337245553
      vertex 5.6749034502038072 -1.9481968152281037 19.102470337245553
    endloop
  endfacet
  facet normal 0.986361 -0.164595 3.37713e-17
    outer loop
      vertex 5.8138149328199056 -1.1157459380934309 6.7772951595344031
      vertex 6 0 6.8126854026733845
      vertex 5.6749034502038072 -1.9481968152281037 19.102470337245553
    endloop
  endfacet
  facet normal 0.986361 -0.164595 2.39857e-15
    outer loop
      vertex 5.8119353332468897 -1.1270097608080984 6.7770680179758935
      vertex 5.8138149328199056 -1.1157459380934309 6.7772951595344031
      vertex 5.6749034502038072 -1.9481968152281037 19.102470337245553
    endloop
  endfacet
  facet normal 0.986361 -0.164595 1.04995e-17
    outer loop
      vertex 5.715550962320493 -1.7046096295064548 6.3175797731367913
      vertex 5.8119353332468897 -1.1270097608080984 6.7770680179758935
      vertex 5.6749034502038072 -1.9481968152281037 19.102470337245553
    endloop
  endfacet
  facet normal 0.986361 -0.164595 0
    outer loop
      vertex 5.6749034502038072 -1.9481968152281037 6.2126376856092218
      vertex 5.715550962320493 -1.7046096295064548 6.3175797731367913
      vertex 5.6749034502038072 -1.9481968152281037 19.102470337245553
    endloop
  endfacet
  facet normal 0.879474 -0.475947 0
    outer loop
      vertex 5.6749034502038072 -1.9481968152281037 6.2126376856092218
      vertex 5.6749034502038072 -1.9481968152281037 19.102470337245553
      vertex 4.7348430563783612 -3.6852762761380067 19.102470337245556
    endloop
  endfacet
  facet normal 0.879474 -0.475947 2.30243e-16
    outer loop
      vertex 5.6749034502038072 -1.9481968152281037 6.2126376856092218
      vertex 4.7348430563783612 -3.6852762761380067 19.102470337245556
      vertex 5.5685458256043603 -2.1447284917207643 6.2672182148568769
    endloop
  endfacet
  facet normal 0.834879 -0.329327 0.441045
    outer loop
      vertex 5.8093356049082372 -2.0859748516804197 5.855284928916098
      vertex 5.6749034502038072 -1.9481968152281037 6.2126376856092218
      vertex 5.5685458256043603 -2.1447284917207643 6.2672182148568769
    endloop
  endfacet
  facet normal 0.879474 -0.475947 -1.43312e-16
    outer loop
      vertex 5.4734436809071916 -2.3204618630307441 6.1834612174615939
      vertex 5.5685458256043603 -2.1447284917207643 6.2672182148568769
      vertex 4.7348430563783612 -3.6852762761380067 19.102470337245556
    endloop
  endfacet
  facet normal 0.714161 -0.386484 0.583613
    outer loop
      vertex 5.0867141738057358 -1.7462711815877832 19.955950864665638
      vertex 4.7348430563783612 -3.6852762761380067 19.102470337245556
      vertex 5.6749034502038072 -1.9481968152281037 19.102470337245553
    endloop
  endfacet
  facet normal 0.800957 -0.133656 0.583613
    outer loop
      vertex 5.0867141738057358 -1.7462711815877832 19.955950864665638
      vertex 5.6749034502038072 -1.9481968152281037 19.102470337245553
      vertex 5.3781152949374524 6.9997749895584462e-17 19.955950864665638
    endloop
  endfacet
  facet normal 0.162601 -0.0271333 0.986319
    outer loop
      vertex 5.0867141738057358 -1.7462711815877832 19.955950864665638
      vertex 5.3781152949374524 6.9997749895584462e-17 19.955950864665638
      vertex 5.1109185817188552 1.0007272770504262e-16 20
    endloop
  endfacet
  facet normal 0.162601 -0.0271333 0.986319
    outer loop
      vertex 5.0867141738057358 -1.7462711815877832 19.955950864665638
      vertex 5.1109185817188552 1.0007272770504262e-16 20
      vertex 4.8339949155178479 -1.6595125506324688 20
    endloop
  endfacet
  facet normal 0.144981 -0.0784597 0.986319
    outer loop
      vertex 4.2440886434394773 -3.3033067844613253 19.955950864665638
      vertex 5.0867141738057358 -1.7462711815877832 19.955950864665638
      vertex 4.8339949155178479 -1.6595125506324688 20
    endloop
  endfacet
  facet normal 0 -0 1
    outer loop
      vertex 4.8339949155178479 -1.6595125506324688 20
      vertex 5.1109185817188552 1.0007272770504262e-16 20
      vertex 4.0332328930611121 3.1391911664135681 20
    endloop
  endfacet
  facet normal 0 0 1
    outer loop
      vertex 4.8339949155178479 -1.6595125506324688 20
      vertex 4.0332328930611121 3.1391911664135681 20
      vertex 2.7954075045848144 4.278689709744091 20
    endloop
  endfacet
  facet normal 0 0 1
    outer loop
      vertex 5.1109185817188552 1.0007272770504262e-16 20
      vertex 4.8339949155178479 1.6595125506324662 20
      vertex 4.0332328930611121 3.1391911664135681 20
    endloop
  endfacet
  facet normal 0.144981 0.0784597 0.986319
    outer loop
      vertex 5.0867141738057366 1.7462711815877805 19.955950864665638
      vertex 4.0332328930611121 3.1391911664135681 20
      vertex 4.8339949155178479 1.6595125506324662 20
    endloop
  endfacet
  facet normal 0.162601 0.0271333 0.986319
    outer loop
      vertex 5.3781152949374524 6.9997749895584462e-17 19.955950864665638
      vertex 5.0867141738057366 1.7462711815877805 19.955950864665638
      vertex 4.8339949155178479 1.6595125506324662 20
    endloop
  endfacet
  facet normal 0.800957 0.133656 0.583613
    outer loop
      vertex 5.3781152949374524 6.9997749895584462e-17 19.955950864665638
      vertex 6 0 19.102470337245553
      vertex 5.0867141738057366 1.7462711815877805 19.955950864665638
    endloop
  endfacet
  facet normal 0.800957 0.133656 0.583613
    outer loop
      vertex 5.0867141738057366 1.7462711815877805 19.955950864665638
      vertex 6 0 19.102470337245553
      vertex 5.674903450203808 1.9481968152281008 19.102470337245556
    endloop
  endfacet
  facet normal 0.714161 0.386484 0.583613
    outer loop
      vertex 4.2440886434394773 3.3033067844613258 19.955950864665638
      vertex 5.0867141738057366 1.7462711815877805 19.955950864665638
      vertex 5.674903450203808 1.9481968152281008 19.102470337245556
    endloop
  endfacet
  facet normal 0.144981 0.0784597 0.986319
    outer loop
      vertex 4.2440886434394773 3.3033067844613258 19.955950864665638
      vertex 4.0332328930611121 3.1391911664135681 20
      vertex 5.0867141738057366 1.7462711815877805 19.955950864665638
    endloop
  endfacet
  facet normal 0.162601 0.0271333 0.986319
    outer loop
      vertex 5.3781152949374524 6.9997749895584462e-17 19.955950864665638
      vertex 4.8339949155178479 1.6595125506324662 20
      vertex 5.1109185817188552 1.0007272770504262e-16 20
    endloop
  endfacet
  facet normal 0.714161 -0.386484 0.583613
    outer loop
      vertex 4.2440886434394773 -3.3033067844613253 19.955950864665638
      vertex 4.7348430563783612 -3.6852762761380067 19.102470337245556
      vertex 5.0867141738057358 -1.7462711815877832 19.955950864665638
    endloop
  endfacet
  facet normal 0.834879 -0.329327 0.441045
    outer loop
      vertex 5.8093356049082372 -2.0859748516804197 5.855284928916098
      vertex 5.715550962320493 -1.7046096295064548 6.3175797731367913
      vertex 5.6749034502038072 -1.9481968152281037 6.2126376856092218
    endloop
  endfacet
  facet normal 0.834879 -0.329327 0.441045
    outer loop
      vertex 5.8093356049082372 -2.0859748516804197 5.855284928916098
      vertex 5.99547044954749 -1.0714354466323905 6.2604942952875113
      vertex 5.715550962320493 -1.7046096295064548 6.3175797731367913
    endloop
  endfacet
  facet normal 0.442729 -0.401453 0.801765
    outer loop
      vertex 5.8093356049082372 -2.0859748516804197 5.855284928916098
      vertex 6.6331950017440597 -1.1919554736817413 5.8480013547341798
      vertex 5.99547044954749 -1.0714354466323905 6.2604942952875113
    endloop
  endfacet
  facet normal 0.442729 -0.401453 0.801765
    outer loop
      vertex 5.99547044954749 -1.0714354466323905 6.2604942952875113
      vertex 6.6331950017440597 -1.1919554736817413 5.8480013547341798
      vertex 6.6545933268194668 -1.1168909062157872 5.8737710532950231
    endloop
  endfacet
  facet normal 0.497857 -0.105006 0.860879
    outer loop
      vertex 5.99547044954749 -1.0714354466323905 6.2604942952875113
      vertex 6.6545933268194668 -1.1168909062157872 5.8737710532950231
      vertex 6.6051002758595061 -0.98756754168440486 5.9181678204163344
    endloop
  endfacet
  facet normal 0.497857 -0.105006 0.860879
    outer loop
      vertex 5.99547044954749 -1.0714354466323905 6.2604942952875113
      vertex 6.6051002758595061 -0.98756754168440486 5.9181678204163344
      vertex 6.6150055903467919 -0.9406044644302507 5.9181678204163344
    endloop
  endfacet
  facet normal 0.497857 -0.105006 0.860879
    outer loop
      vertex 5.99547044954749 -1.0714354466323905 6.2604942952875113
      vertex 6.6150055903467919 -0.9406044644302507 5.9181678204163344
      vertex 6.1718847050625474 0 6.2891610933531092
    endloop
  endfacet
  facet normal 0.935166 -0.162399 0.314787
    outer loop
      vertex 5.8138149328199056 -1.1157459380934309 6.7772951595344031
      vertex 5.99547044954749 -1.0714354466323905 6.2604942952875113
      vertex 6.1718847050625474 0 6.2891610933531092
    endloop
  endfacet
  facet normal 0.451557 -0.13513 0.88195
    outer loop
      vertex 6.6150055903467919 -0.9406044644302507 5.9181678204163344
      vertex 6.8964843584205191 0 5.9181678204163344
      vertex 6.1718847050625474 0 6.2891610933531092
    endloop
  endfacet
  facet normal 0.451557 0.13513 0.88195
    outer loop
      vertex 6.1718847050625474 0 6.2891610933531092
      vertex 6.8964843584205191 0 5.9181678204163344
      vertex 6.6150055903467919 0.9406044644302507 5.9181678204163344
    endloop
  endfacet
  facet normal 0.497857 0.105006 0.860879
    outer loop
      vertex 6.1718847050625474 0 6.2891610933531092
      vertex 6.6150055903467919 0.9406044644302507 5.9181678204163344
      vertex 5.99547044954749 1.0714354466323905 6.2604942952875113
    endloop
  endfacet
  facet normal 0.935166 0.162399 0.314787
    outer loop
      vertex 6.1718847050625474 0 6.2891610933531092
      vertex 5.99547044954749 1.0714354466323905 6.2604942952875113
      vertex 5.8138149328199056 1.11574593809343 6.7772951595344031
    endloop
  endfacet
  facet normal 0.497857 0.105006 0.860879
    outer loop
      vertex 5.99547044954749 1.0714354466323905 6.2604942952875113
      vertex 6.6150055903467919 0.9406044644302507 5.9181678204163344
      vertex 6.6051002758595061 0.98756754168440486 5.9181678204163344
    endloop
  endfacet
  facet normal 0.497857 0.105006 0.860879
    outer loop
      vertex 5.99547044954749 1.0714354466323905 6.2604942952875113
      vertex 6.6051002758595061 0.98756754168440486 5.9181678204163344
      vertex 6.6545933268194668 1.116890906215787 5.8737710532950231
    endloop
  endfacet
  facet normal 0.442729 0.401453 0.801765
    outer loop
      vertex 5.99547044954749 1.0714354466323905 6.2604942952875113
      vertex 6.6545933268194668 1.116890906215787 5.8737710532950231
      vertex 6.6331950017440597 1.1919554736817406 5.8480013547341798
    endloop
  endfacet
  facet normal 1.16106e-15 0.324699 0.945817
    outer loop
      vertex 6.6331950017440597 1.1919554736817406 5.8480013547341798
      vertex 6.6545933268194668 1.116890906215787 5.8737710532950231
      vertex 19.110918581718863 2.8556843582224425 5.2768425072389338
    endloop
  endfacet
  facet normal -2.48206e-17 0.324699 0.945817
    outer loop
      vertex 6.6331950017440597 1.1919554736817406 5.8480013547341798
      vertex 19.110918581718863 2.8556843582224425 5.2768425072389338
      vertex 6.4411260965864736 2.1835086603075777 5.5076007158044797
    endloop
  endfacet
  facet normal 0.404653 0.36607 0.838003
    outer loop
      vertex 5.8093356049082381 2.0859748516804171 5.8552849289160989
      vertex 6.6331950017440597 1.1919554736817406 5.8480013547341798
      vertex 6.4411260965864736 2.1835086603075777 5.5076007158044797
    endloop
  endfacet
  facet normal 0.313194 0.598824 0.737102
    outer loop
      vertex 5.8093356049082381 2.0859748516804171 5.8552849289160989
      vertex 6.4411260965864736 2.1835086603075777 5.5076007158044797
      vertex 5.8224735122091493 2.7438666963304286 5.3152295590532601
    endloop
  endfacet
  facet normal -2.09582e-17 0.324699 0.945817
    outer loop
      vertex 6.4411260965864736 2.1835086603075777 5.5076007158044797
      vertex 19.110918581718863 2.8556843582224425 5.2768425072389338
      vertex 5.8224735122091493 2.7438666963304286 5.3152295590532601
    endloop
  endfacet
  facet normal 0 0.324699 0.945817
    outer loop
      vertex 5.8224735122091493 2.7438666963304286 5.3152295590532601
      vertex 19.110918581718863 2.8556843582224425 5.2768425072389338
      vertex 5.7427514027627833 2.8556843582224425 5.2768425072389338
    endloop
  endfacet
  facet normal -4.8205e-16 0.324699 0.945817
    outer loop
      vertex 6.6051002758595061 0.98756754168440486 5.9181678204163344
      vertex 19.110918581718863 2.8556843582224425 5.2768425072389338
      vertex 6.6545933268194668 1.116890906215787 5.8737710532950231
    endloop
  endfacet
  facet normal -0 0.324699 0.945817
    outer loop
      vertex 6.6051002758595061 0.98756754168440486 5.9181678204163344
      vertex 19.110918581718863 0.98756754168440486 5.9181678204163344
      vertex 19.110918581718863 2.8556843582224425 5.2768425072389338
    endloop
  endfacet
  facet normal -0 0 1
    outer loop
      vertex 6.6051002758595061 0.98756754168440486 5.9181678204163344
      vertex 6.8964843584205191 0 5.9181678204163344
      vertex 19.110918581718863 0.98756754168440486 5.9181678204163344
    endloop
  endfacet
  facet normal -0 -0 1
    outer loop
      vertex 6.6150055903467919 0.9406044644302507 5.9181678204163344
      vertex 6.8964843584205191 0 5.9181678204163344
      vertex 6.6051002758595061 0.98756754168440486 5.9181678204163344
    endloop
  endfacet
  facet normal 0 0 1
    outer loop
      vertex 6.6150055903467919 -0.9406044644302507 5.9181678204163344
      vertex 19.110918581718863 0.98756754168440486 5.9181678204163344
      vertex 6.8964843584205191 0 5.9181678204163344
    endloop
  endfacet
  facet normal 0 0 1
    outer loop
      vertex 6.6051002758595061 -0.98756754168440486 5.9181678204163344
      vertex 19.110918581718863 -0.98756754168440486 5.9181678204163344
      vertex 6.6150055903467919 -0.9406044644302507 5.9181678204163344
    endloop
  endfacet
  facet normal 0 -0.324699 0.945817
    outer loop
      vertex 6.6545933268194668 -1.1168909062157872 5.8737710532950231
      vertex 19.110918581718863 -0.98756754168440486 5.9181678204163344
      vertex 6.6051002758595061 -0.98756754168440486 5.9181678204163344
    endloop
  endfacet
  facet normal -1.38156e-16 -0.324699 0.945817
    outer loop
      vertex 6.6331950017440597 -1.1919554736817413 5.8480013547341798
      vertex 19.110918581718863 -0.98756754168440486 5.9181678204163344
      vertex 6.6545933268194668 -1.1168909062157872 5.8737710532950231
    endloop
  endfacet
  facet normal 0.888049 -0.367717 0.275958
    outer loop
      vertex 5.715550962320493 -1.7046096295064548 6.3175797731367913
      vertex 5.99547044954749 -1.0714354466323905 6.2604942952875113
      vertex 5.8119353332468897 -1.1270097608080984 6.7770680179758935
    endloop
  endfacet
  facet normal 0.935166 -0.162399 0.314787
    outer loop
      vertex 5.8119353332468897 -1.1270097608080984 6.7770680179758935
      vertex 5.99547044954749 -1.0714354466323905 6.2604942952875113
      vertex 5.8138149328199056 -1.1157459380934309 6.7772951595344031
    endloop
  endfacet
  facet normal 0.936904 -0.166099 0.307607
    outer loop
      vertex 5.8138149328199056 -1.1157459380934309 6.7772951595344031
      vertex 6.1718847050625474 0 6.2891610933531092
      vertex 6 0 6.8126854026733845
    endloop
  endfacet
  facet normal 0.800957 -0.133656 0.583613
    outer loop
      vertex 5.3781152949374524 6.9997749895584462e-17 19.955950864665638
      vertex 5.6749034502038072 -1.9481968152281037 19.102470337245553
      vertex 6 0 19.102470337245553
    endloop
  endfacet
  facet normal 0.936904 0.166099 0.307607
    outer loop
      vertex 6.1718847050625474 0 6.2891610933531092
      vertex 5.8138149328199056 1.11574593809343 6.7772951595344031
      vertex 6 0 6.8126854026733845
    endloop
  endfacet
  facet normal 0.935166 0.162399 0.314787
    outer loop
      vertex 5.8138149328199056 1.11574593809343 6.7772951595344031
      vertex 5.99547044954749 1.0714354466323905 6.2604942952875113
      vertex 5.8119353332468897 1.1270097608080984 6.7770680179758935
    endloop
  endfacet
  facet normal 0.442729 0.401453 0.801765
    outer loop
      vertex 5.99547044954749 1.0714354466323905 6.2604942952875113
      vertex 6.6331950017440597 1.1919554736817406 5.8480013547341798
      vertex 5.8093356049082381 2.0859748516804171 5.8552849289160989
    endloop
  endfacet
  facet normal 0.986361 0.164595 -1.09915e-17
    outer loop
      vertex 5.7155509623204939 1.704609629506449 6.3175797731367913
      vertex 5.674903450203808 1.9481968152281008 19.102470337245556
      vertex 6 0 19.102470337245553
    endloop
  endfacet
  facet normal 0.834879 0.329327 0.441045
    outer loop
      vertex 5.8093356049082381 2.0859748516804171 5.8552849289160989
      vertex 5.5685458256043612 2.1447284917207603 6.2672182148568742
      vertex 5.674903450203808 1.9481968152281008 6.2126376856092209
    endloop
  endfacet
  facet normal 0.879474 0.475947 6.58141e-17
    outer loop
      vertex 4.8561478615501885 3.4611246291186295 5.2881521136825738
      vertex 5.674903450203808 1.9481968152281008 19.102470337245556
      vertex 5.0387308648806597 3.1237407896549092 5.9172322944382394
    endloop
  endfacet
  facet normal 0.879474 0.475947 2.44138e-17
    outer loop
      vertex 4.8561478615501885 3.4611246291186295 5.2881521136825738
      vertex 4.7348430563783612 3.6852762761380067 19.102470337245556
      vertex 5.674903450203808 1.9481968152281008 19.102470337245556
    endloop
  endfacet
  facet normal 0.742296 0.569779 0.352631
    outer loop
      vertex 5.473443680907188 2.3204618630307485 6.1834612174615868
      vertex 5.5685458256043612 2.1447284917207603 6.2672182148568742
      vertex 5.8093356049082381 2.0859748516804171 5.8552849289160989
    endloop
  endfacet
  facet normal 0.452108 0.56053 0.693833
    outer loop
      vertex 5.8093356049082381 2.0859748516804171 5.8552849289160989
      vertex 5.8224735122091493 2.7438666963304286 5.3152295590532601
      vertex 5.7427514027627833 2.8556843582224425 5.2768425072389338
    endloop
  endfacet
  facet normal -0 0.614213 0.789141
    outer loop
      vertex 5.7427514027627833 2.8556843582224425 5.2768425072389338
      vertex 19.110918581718863 2.8556843582224425 5.2768425072389338
      vertex 19.110918581718863 4.4143434640387902 4.0636894297544455
    endloop
  endfacet
  facet normal 0.1605 0.60625 0.77891
    outer loop
      vertex 19.378115294937455 2.8347192870945159 5.2381024489490207
      vertex 19.110918581718863 4.4143434640387902 4.0636894297544455
      vertex 19.110918581718863 2.8556843582224425 5.2768425072389338
    endloop
  endfacet
  facet normal 0.1605 0.32049 0.933556
    outer loop
      vertex 19.378115294937455 0.98031729230182496 5.8747194578741704
      vertex 19.378115294937455 2.8347192870945159 5.2381024489490207
      vertex 19.110918581718863 2.8556843582224425 5.2768425072389338
    endloop
  endfacet
  facet normal 0.804334 0.192929 0.561984
    outer loop
      vertex 19.378115294937455 0.98031729230182496 5.8747194578741704
      vertex 20 0.83983901457853127 5.0328792924192536
      vertex 19.378115294937455 2.8347192870945159 5.2381024489490207
    endloop
  endfacet
  facet normal 0.804334 0.192929 0.561984
    outer loop
      vertex 19.378115294937455 2.8347192870945159 5.2381024489490207
      vertex 20 0.83983901457853127 5.0328792924192536
      vertex 20 2.4285074550610197 4.487488727917186
    endloop
  endfacet
  facet normal 0.804334 0.364952 0.46889
    outer loop
      vertex 19.378115294937455 4.3819354619288235 4.0338557621464339
      vertex 19.378115294937455 2.8347192870945159 5.2381024489490207
      vertex 20 2.4285074550610197 4.487488727917186
    endloop
  endfacet
  facet normal 0.804334 0.364952 0.46889
    outer loop
      vertex 19.378115294937455 4.3819354619288235 4.0338557621464339
      vertex 20 2.4285074550610197 4.487488727917186
      vertex 20 3.7540094306119522 3.4558091291833928
    endloop
  endfacet
  facet normal 0.804334 0.497426 0.324984
    outer loop
      vertex 19.378115294937455 4.3819354619288235 4.0338557621464339
      vertex 20 3.7540094306119522 3.4558091291833928
      vertex 19.378115294937455 5.4543009367289175 2.3924782117940846
    endloop
  endfacet
  facet normal 0.1605 0.826313 0.539857
    outer loop
      vertex 19.378115294937455 4.3819354619288235 4.0338557621464339
      vertex 19.378115294937455 5.4543009367289175 2.3924782117940846
      vertex 19.110918581718867 5.4946399599303444 2.4101725479178171
    endloop
  endfacet
  facet normal 0.1605 0.956833 0.242303
    outer loop
      vertex 19.378115294937455 5.4543009367289175 2.3924782117940846
      vertex 19.110918581718867 5.9795069580400195 0.4954760728339947
      vertex 19.110918581718867 5.4946399599303444 2.4101725479178171
    endloop
  endfacet
  facet normal 2.45393e-18 0.9694 0.245485
    outer loop
      vertex 6.2262366445097896 5.521257600624212 2.3050618618734187
      vertex 19.110918581718867 5.4946399599303444 2.4101725479178171
      vertex 19.110918581718867 5.9795069580400195 0.4954760728339947
    endloop
  endfacet
  facet normal 4.1111e-17 0.9694 0.245485
    outer loop
      vertex 6.2262366445097896 5.521257600624212 2.3050618618734187
      vertex 19.110918581718867 5.9795069580400195 0.4954760728339947
      vertex 6.5979299796061683 5.7145596846945246 1.5417291944847729
    endloop
  endfacet
  facet normal 3.91188e-16 0.9694 0.245485
    outer loop
      vertex 6.6006390549969032 5.7181839672211927 1.5274172264490569
      vertex 6.5979299796061683 5.7145596846945246 1.5417291944847729
      vertex 19.110918581718867 5.9795069580400195 0.4954760728339947
    endloop
  endfacet
  facet normal 3.04961e-17 0.9694 0.245485
    outer loop
      vertex 6.7909572808359489 5.9666088697538271 0.5464094716282496
      vertex 6.6006390549969032 5.7181839672211927 1.5274172264490569
      vertex 19.110918581718867 5.9795069580400195 0.4954760728339947
    endloop
  endfacet
  facet normal -0 0.9694 0.245485
    outer loop
      vertex 6.7446472372682731 5.9795069580400195 0.4954760728339947
      vertex 6.7909572808359489 5.9666088697538271 0.5464094716282496
      vertex 19.110918581718867 5.9795069580400195 0.4954760728339947
    endloop
  endfacet
  facet normal 0 0.996584 -0.0825793
    outer loop
      vertex 6.7465852503895425 5.9731076990568468 0.41824850178839584
      vertex 6.7446472372682731 5.9795069580400195 0.4954760728339947
      vertex 19.110918581718867 5.9795069580400195 0.4954760728339947
    endloop
  endfacet
  facet normal 3.76477e-18 0.996584 -0.0825793
    outer loop
      vertex 6.7465852503895425 5.9731076990568468 0.41824850178839584
      vertex 19.110918581718867 5.9795069580400195 0.4954760728339947
      vertex 19.110918581718867 5.8164015956359822 -1.4729129228447957
    endloop
  endfacet
  facet normal -2.06082e-17 0.996584 -0.0825793
    outer loop
      vertex 6.8117002650753813 5.8958233366615342 -0.51443504849332777
      vertex 6.7465852503895425 5.9731076990568468 0.41824850178839584
      vertex 19.110918581718867 5.8164015956359822 -1.4729129228447957
    endloop
  endfacet
  facet normal -4.48058e-18 0.996584 -0.0825793
    outer loop
      vertex 6.5662138118638618 5.8233228027577537 -1.3893863745173354
      vertex 6.8117002650753813 5.8958233366615342 -0.51443504849332777
      vertex 19.110918581718867 5.8164015956359822 -1.4729129228447957
    endloop
  endfacet
  facet normal 0 0.996584 -0.0825793
    outer loop
      vertex 6.5466445102007249 5.8164015956359822 -1.4729129228447957
      vertex 6.5662138118638618 5.8233228027577537 -1.3893863745173354
      vertex 19.110918581718867 5.8164015956359822 -1.4729129228447957
    endloop
  endfacet
  facet normal 0 0.915773 -0.401695
    outer loop
      vertex 6.5466445102007249 5.8164015956359822 -1.4729129228447957
      vertex 19.110918581718867 5.8164015956359822 -1.4729129228447957
      vertex 6.5932437873186993 5.7899210047677041 -1.5332825892710047
    endloop
  endfacet
  facet normal 0.329369 0.931499 -0.154354
    outer loop
      vertex 6.0938125875451421 5.9775556005713835 -1.4666552900146086
      vertex 6.5466445102007249 5.8164015956359822 -1.4729129228447957
      vertex 6.5932437873186993 5.7899210047677041 -1.5332825892710047
    endloop
  endfacet
  facet normal 0.255263 0.845793 -0.468482
    outer loop
      vertex 6.0938125875451421 5.9775556005713835 -1.4666552900146086
      vertex 6.5932437873186993 5.7899210047677041 -1.5332825892710047
      vertex 6.2665387539085335 5.4146680882070148 -2.3887730694841571
    endloop
  endfacet
  facet normal 0.315588 0.835065 -0.450634
    outer loop
      vertex 5.7792545590094235 5.6277022795550966 -2.335256941221814
      vertex 6.0938125875451421 5.9775556005713835 -1.4666552900146086
      vertex 6.2665387539085335 5.4146680882070148 -2.3887730694841571
    endloop
  endfacet
  facet normal 0.315588 0.835065 -0.450634
    outer loop
      vertex 5.7792545590094235 5.6277022795550966 -2.335256941221814
      vertex 6.2665387539085335 5.4146680882070148 -2.3887730694841571
      vertex 6.2553281802115128 5.3962678571533962 -2.4307213710306628
    endloop
  endfacet
  facet normal 0.274321 0.790293 -0.547891
    outer loop
      vertex 5.7741768629150867 5.1085656859715058 -3.0866162561086745
      vertex 5.7792545590094235 5.6277022795550966 -2.335256941221814
      vertex 6.2553281802115128 5.3962678571533962 -2.4307213710306628
    endloop
  endfacet
  facet normal 1.00621e-17 0.915773 -0.401695
    outer loop
      vertex 5.7741768629150867 5.1085656859715058 -3.0866162561086745
      vertex 6.2553281802115128 5.3962678571533962 -2.4307213710306628
      vertex 19.110918581718867 5.0229988695751713 -3.2816889487345611
    endloop
  endfacet
  facet normal -2.52835e-17 0.915773 -0.401695
    outer loop
      vertex 5.6981699599019162 5.0584235072417307 -3.2009289094349311
      vertex 5.7741768629150867 5.1085656859715058 -3.0866162561086745
      vertex 19.110918581718867 5.0229988695751713 -3.2816889487345611
    endloop
  endfacet
  facet normal 0 0.915773 -0.401695
    outer loop
      vertex 5.5144025842457403 5.0229988695751713 -3.2816889487345611
      vertex 5.6981699599019162 5.0584235072417307 -3.2009289094349311
      vertex 19.110918581718867 5.0229988695751713 -3.2816889487345611
    endloop
  endfacet
  facet normal 0 0.735724 -0.677282
    outer loop
      vertex 5.5144025842457403 5.0229988695751713 -3.2816889487345611
      vertex 19.110918581718867 5.0229988695751713 -3.2816889487345611
      vertex 19.110918581718863 3.6852762761380067 -4.7348430563783612
    endloop
  endfacet
  facet normal -8.01626e-17 0.735724 -0.677282
    outer loop
      vertex 5.2803363181045881 4.6665883425975094 -3.668853988650894
      vertex 5.5144025842457403 5.0229988695751713 -3.2816889487345611
      vertex 19.110918581718863 3.6852762761380067 -4.7348430563783612
    endloop
  endfacet
  facet normal 8.25344e-18 0.735724 -0.677282
    outer loop
      vertex 5.2803363181045881 4.6665883425975094 -3.668853988650894
      vertex 19.110918581718863 3.6852762761380067 -4.7348430563783612
      vertex 5.2329205163463639 4.505271493432323 -3.8440908001890981
    endloop
  endfacet
  facet normal -2.04288e-14 0.735724 -0.677282
    outer loop
      vertex 5.2803363181045881 4.6665883425975094 -3.668853988650894
      vertex 5.2329205163463639 4.505271493432323 -3.8440908001890981
      vertex 5.2238208720873418 4.5058488871311253 -3.843463583433353
    endloop
  endfacet
  facet normal 0.352582 0.628835 -0.693003
    outer loop
      vertex 5.2803363181045881 4.6665883425975094 -3.668853988650894
      vertex 5.2238208720873418 4.5058488871311253 -3.843463583433353
      vertex 5.1400704232953371 4.5907633811164423 -3.809021787465019
    endloop
  endfacet
  facet normal 0.352582 0.628835 -0.693003
    outer loop
      vertex 5.2803363181045881 4.6665883425975094 -3.668853988650894
      vertex 5.1400704232953371 4.5907633811164423 -3.809021787465019
      vertex 5.1340833650960995 4.5976472706636757 -3.8058213696302881
    endloop
  endfacet
  facet normal 0.352582 0.628835 -0.693003
    outer loop
      vertex 4.8209300470686998 4.7976990803593491 -3.7836177067440016
      vertex 5.2803363181045881 4.6665883425975094 -3.668853988650894
      vertex 5.1340833650960995 4.5976472706636757 -3.8058213696302881
    endloop
  endfacet
  facet normal 0.352582 0.628835 -0.693003
    outer loop
      vertex 4.8209300470686998 4.7976990803593491 -3.7836177067440016
      vertex 5.1340833650960995 4.5976472706636757 -3.8058213696302881
      vertex 5.1046527261035983 4.5861853241325052 -3.8311955804317264
    endloop
  endfacet
  facet normal 0.259646 0.52989 -0.807341
    outer loop
      vertex 4.825294668583731 4.5173552866216236 -3.9662149135439373
      vertex 4.8209300470686998 4.7976990803593491 -3.7836177067440016
      vertex 5.1046527261035983 4.5861853241325052 -3.8311955804317264
    endloop
  endfacet
  facet normal 0.259646 0.52989 -0.807341
    outer loop
      vertex 4.825294668583731 4.5173552866216236 -3.9662149135439373
      vertex 5.1046527261035983 4.5861853241325052 -3.8311955804317264
      vertex 4.8611608494484537 4.4669383336650013 -3.9877707830704652
    endloop
  endfacet
  facet normal -0.379832 0.121854 -0.916995
    outer loop
      vertex 4.825294668583731 4.5173552866216236 -3.9662149135439373
      vertex 4.8611608494484537 4.4669383336650013 -3.9877707830704652
      vertex 4.825294668583731 4.4340217600138025 -3.9772886135054759
    endloop
  endfacet
  facet normal 0.05746 0.131509 -0.989648
    outer loop
      vertex 4.825294668583731 4.5173552866216236 -3.9662149135439373
      vertex 4.825294668583731 4.4340217600138025 -3.9772886135054759
      vertex 4.8143616393074797 4.4262153366172683 -3.9789607459041849
    endloop
  endfacet
  facet normal 0.05746 0.131509 -0.989648
    outer loop
      vertex 4.6008710290660506 4.6303463695130587 -3.964230463384256
      vertex 4.825294668583731 4.5173552866216236 -3.9662149135439373
      vertex 4.8143616393074797 4.4262153366172683 -3.9789607459041849
    endloop
  endfacet
  facet normal 0.05746 0.131509 -0.989648
    outer loop
      vertex 4.6008710290660506 4.6303463695130587 -3.964230463384256
      vertex 4.8143616393074797 4.4262153366172683 -3.9789607459041849
      vertex 4.8152445730892666 4.374882715284155 -3.9857307706031628
    endloop
  endfacet
  facet normal 0.388445 -0.113915 0.914404
    outer loop
      vertex 4.587138657636264 4.2158869854604735 -3.9086372388364157
      vertex 4.8152445730892666 4.374882715284155 -3.9857307706031628
      vertex 4.8143616393074797 4.4262153366172683 -3.9789607459041849
    endloop
  endfacet
  facet normal 0.580495 -0.740415 -0.338838
    outer loop
      vertex 4.587138657636264 4.2158869854604735 -3.9086372388364157
      vertex 4.8143616393074797 4.4262153366172683 -3.9789607459041849
      vertex 4.7739900098058117 4.3463067966807669 -3.8735125106442831
    endloop
  endfacet
  facet normal -0.0788715 0.363043 -0.928428
    outer loop
      vertex 4.587138657636264 4.2158869854604735 -3.9086372388364157
      vertex 4.7739900098058117 4.3463067966807669 -3.8735125106442831
      vertex 4.7136867407627534 4.0544764741007215 -3.9825040602946871
    endloop
  endfacet
  facet normal 0.388445 -0.113915 0.914404
    outer loop
      vertex 4.587138657636264 4.2158869854604735 -3.9086372388364157
      vertex 4.7136867407627534 4.0544764741007215 -3.9825040602946871
      vertex 4.8256831441672539 4.3702717884986546 -3.9907395723018615
    endloop
  endfacet
  facet normal -0.0788715 0.363043 -0.928428
    outer loop
      vertex 4.7139973739012149 4.0541250615407947 -3.9826678619473155
      vertex 4.7136867407627534 4.0544764741007215 -3.9825040602946871
      vertex 4.7739900098058117 4.3463067966807669 -3.8735125106442831
    endloop
  endfacet
  facet normal -0.0788715 0.363043 -0.928428
    outer loop
      vertex 4.7139973739012149 4.0541250615407947 -3.9826678619473155
      vertex 4.7739900098058117 4.3463067966807669 -3.8735125106442831
      vertex 5.1400704232953371 4.5907633811164423 -3.809021787465019
    endloop
  endfacet
  facet normal -0.0433079 0.338537 -0.939956
    outer loop
      vertex 4.7143921040222665 4.0535597649669128 -3.9828896477066533
      vertex 4.7139973739012149 4.0541250615407947 -3.9826678619473155
      vertex 5.1400704232953371 4.5907633811164423 -3.809021787465019
    endloop
  endfacet
  facet normal -0.0433079 0.338537 -0.939956
    outer loop
      vertex 4.7143921040222665 4.0535597649669128 -3.9828896477066533
      vertex 5.1400704232953371 4.5907633811164423 -3.809021787465019
      vertex 5.1396007916080171 4.3474544433624782 -3.8966309744460514
    endloop
  endfacet
  facet normal -0.580495 0.740415 0.338838
    outer loop
      vertex 4.7143921040222665 4.0535597649669128 -3.9828896477066533
      vertex 5.1396007916080171 4.3474544433624782 -3.8966309744460514
      vertex 4.9967827808212304 4.309006636094959 -4.0572912686757006
    endloop
  endfacet
  facet normal -0.580495 0.740415 0.338838
    outer loop
      vertex 5.1396007916080171 4.3474544433624782 -3.8966309744460514
      vertex 5.2823509709971201 4.4457742090972499 -3.8669164441562573
      vertex 4.9967827808212304 4.309006636094959 -4.0572912686757006
    endloop
  endfacet
  facet normal -0.580495 0.740415 0.338838
    outer loop
      vertex 5.2825695881374095 4.4462712589717146 -3.8676280423180405
      vertex 4.9967827808212304 4.309006636094959 -4.0572912686757006
      vertex 5.2823509709971201 4.4457742090972499 -3.8669164441562573
    endloop
  endfacet
  facet normal -0.267621 -0.542792 0.796088
    outer loop
      vertex 5.2825695881374095 4.4462712589717146 -3.8676280423180405
      vertex 5.2329205163463639 4.505271493432323 -3.8440908001890981
      vertex 4.9967827808212304 4.309006636094959 -4.0572912686757006
    endloop
  endfacet
  facet normal -0.0433079 0.338537 -0.939956
    outer loop
      vertex 5.1396007916080171 4.3474544433624782 -3.8966309744460514
      vertex 5.2329205163463639 4.505271493432323 -3.8440908001890981
      vertex 5.2825695881374095 4.4462712589717146 -3.8676280423180405
    endloop
  endfacet
  facet normal 0.580495 -0.740415 -0.338838
    outer loop
      vertex 5.1396007916080171 4.3474544433624782 -3.8966309744460514
      vertex 5.2825695881374095 4.4462712589717146 -3.8676280423180405
      vertex 5.2823509709971201 4.4457742090972499 -3.8669164441562573
    endloop
  endfacet
  facet normal 0.367209 -0.106132 0.924064
    outer loop
      vertex 4.7143921040222665 4.0535597649669128 -3.9828896477066533
      vertex 4.9874272166784825 4.3041073085992094 -4.0626133570593979
      vertex 4.7139973739012149 4.0541250615407947 -3.9826678619473155
    endloop
  endfacet
  facet normal 0.367209 -0.106132 0.924064
    outer loop
      vertex 4.7139973739012149 4.0541250615407947 -3.9826678619473155
      vertex 4.9874272166784825 4.3041073085992094 -4.0626133570593979
      vertex 4.7136867407627534 4.0544764741007215 -3.9825040602946871
    endloop
  endfacet
  facet normal 0.580495 -0.740415 -0.338838
    outer loop
      vertex 4.7739900098058117 4.3463067966807669 -3.8735125106442831
      vertex 4.8143616393074797 4.4262153366172683 -3.9789607459041849
      vertex 4.825294668583731 4.4340217600138025 -3.9772886135054759
    endloop
  endfacet
  facet normal 0.580495 -0.740415 -0.338838
    outer loop
      vertex 4.7739900098058117 4.3463067966807669 -3.8735125106442831
      vertex 4.825294668583731 4.4340217600138025 -3.9772886135054759
      vertex 4.8611608494484537 4.4669383336650013 -3.9877707830704652
    endloop
  endfacet
  facet normal 0.580495 -0.740415 -0.338838
    outer loop
      vertex 4.7739900098058117 4.3463067966807669 -3.8735125106442831
      vertex 4.8611608494484537 4.4669383336650013 -3.9877707830704652
      vertex 5.1340833650960995 4.5976472706636757 -3.8058213696302881
    endloop
  endfacet
  facet normal 0.259646 0.52989 -0.807341
    outer loop
      vertex 4.6008710290660506 4.6303463695130587 -3.964230463384256
      vertex 4.8209300470686998 4.7976990803593491 -3.7836177067440016
      vertex 4.825294668583731 4.5173552866216236 -3.9662149135439373
    endloop
  endfacet
  facet normal 0.488383 0.257605 -0.83374
    outer loop
      vertex 4.6008710290660506 4.6303463695130587 -3.964230463384256
      vertex 4.5358193589304561 4.8252946685837319 -3.9421019026455366
      vertex 4.8209300470686998 4.7976990803593491 -3.7836177067440016
    endloop
  endfacet
  facet normal 0.488383 0.257605 -0.83374
    outer loop
      vertex 4.5358193589304561 4.8252946685837319 -3.9421019026455366
      vertex 4.4768649167584345 4.999658323741536 -3.9227618835950349
      vertex 4.8209300470686998 4.7976990803593491 -3.7836177067440016
    endloop
  endfacet
  facet normal 0.488383 0.257605 -0.83374
    outer loop
      vertex 4.8209300470686998 4.7976990803593491 -3.7836177067440016
      vertex 4.4768649167584345 4.999658323741536 -3.9227618835950349
      vertex 4.5712166508307197 5.101893299316985 -3.8359049936515972
    endloop
  endfacet
  facet normal 0.609074 0.380364 -0.695954
    outer loop
      vertex 4.8209300470686998 4.7976990803593491 -3.7836177067440016
      vertex 4.5712166508307197 5.101893299316985 -3.8359049936515972
      vertex 4.7348430563783612 5.1154858623036912 -3.6852762761380067
    endloop
  endfacet
  facet normal 0.609074 0.380364 -0.695954
    outer loop
      vertex 4.8209300470686998 4.7976990803593491 -3.7836177067440016
      vertex 4.7348430563783612 5.1154858623036912 -3.6852762761380067
      vertex 5.2950424886569056 5.2790610281051231 -3.1056104438444416
    endloop
  endfacet
  facet normal 0.609074 0.380364 -0.695954
    outer loop
      vertex 4.7348430563783612 5.1154858623036912 -3.6852762761380067
      vertex 4.7985795177622377 5.2289183143598814 -3.5675016111183817
      vertex 5.2950424886569056 5.2790610281051231 -3.1056104438444416
    endloop
  endfacet
  facet normal 0.65217 0.221407 -0.72502
    outer loop
      vertex 4.7985795177622377 5.2289183143598814 -3.5675016111183817
      vertex 4.9827676853529459 5.8008898152076789 -3.2271516878943411
      vertex 5.2950424886569056 5.2790610281051231 -3.1056104438444416
    endloop
  endfacet
  facet normal 0.764872 0.328678 -0.554024
    outer loop
      vertex 4.9827676853529459 5.8008898152076789 -3.2271516878943411
      vertex 5.368855812846224 6.1049817340209627 -2.5137233158718222
      vertex 5.2950424886569056 5.2790610281051231 -3.1056104438444416
    endloop
  endfacet
  facet normal 0.69959 0.373863 -0.608933
    outer loop
      vertex 5.2950424886569056 5.2790610281051231 -3.1056104438444416
      vertex 5.368855812846224 6.1049817340209627 -2.5137233158718222
      vertex 5.7792545590094235 5.6277022795550966 -2.335256941221814
    endloop
  endfacet
  facet normal 0.69959 0.373863 -0.608933
    outer loop
      vertex 5.368855812846224 6.1049817340209627 -2.5137233158718222
      vertex 5.4222942215198975 6.1658181584650489 -2.4149777855415824
      vertex 5.7792545590094235 5.6277022795550966 -2.335256941221814
    endloop
  endfacet
  facet normal 0.770656 0.443412 -0.457684
    outer loop
      vertex 5.4222942215198975 6.1658181584650489 -2.4149777855415824
      vertex 5.5157793897697038 6.1816452329366545 -2.2422323250019494
      vertex 5.7792545590094235 5.6277022795550966 -2.335256941221814
    endloop
  endfacet
  facet normal 0.879474 0 -0.475947
    outer loop
      vertex 5.4222942215198975 6.1658181584650489 -2.4149777855415824
      vertex 5.6749034502038072 19.110918581718863 -1.9481968152281033
      vertex 5.5157793897697038 6.1816452329366545 -2.2422323250019494
    endloop
  endfacet
  facet normal 0.879474 1.61188e-17 -0.475947
    outer loop
      vertex 5.5157793897697038 6.1816452329366545 -2.2422323250019494
      vertex 5.6749034502038072 19.110918581718863 -1.9481968152281033
      vertex 5.6749034502038072 6.234892351587491 -1.9481968152281037
    endloop
  endfacet
  facet normal 0.790327 0.363146 -0.493466
    outer loop
      vertex 5.5157793897697038 6.1816452329366545 -2.2422323250019494
      vertex 5.6749034502038072 6.234892351587491 -1.9481968152281037
      vertex 6.0938125875451421 5.9775556005713835 -1.4666552900146086
    endloop
  endfacet
  facet normal 0.790327 0.363146 -0.493466
    outer loop
      vertex 5.6749034502038072 6.234892351587491 -1.9481968152281037
      vertex 5.7425844260229564 6.6387372476072999 -1.5426069631516657
      vertex 6.0938125875451421 5.9775556005713835 -1.4666552900146086
    endloop
  endfacet
  facet normal 0.873927 0.440686 -0.205053
    outer loop
      vertex 6.0938125875451421 5.9775556005713835 -1.4666552900146086
      vertex 5.7425844260229564 6.6387372476072999 -1.5426069631516657
      vertex 5.9101796963349162 6.7737031014122415 -0.53826357016965953
    endloop
  endfacet
  facet normal 0.865623 0.451658 -0.216104
    outer loop
      vertex 6.0938125875451421 5.9775556005713835 -1.4666552900146086
      vertex 5.9101796963349162 6.7737031014122415 -0.53826357016965953
      vertex 6.2898403609330353 6.070565569397643 -0.48705902192530487
    endloop
  endfacet
  facet normal 0.329369 0.931499 -0.154354
    outer loop
      vertex 6.0938125875451421 5.9775556005713835 -1.4666552900146086
      vertex 6.2898403609330353 6.070565569397643 -0.48705902192530487
      vertex 6.5662138118638618 5.8233228027577537 -1.3893863745173354
    endloop
  endfacet
  facet normal 0.865623 0.451658 -0.216104
    outer loop
      vertex 5.9101796963349162 6.7737031014122415 -0.53826357016965953
      vertex 5.9139821595577526 6.7773183320768347 -0.51547665734207948
      vertex 6.2898403609330353 6.070565569397643 -0.48705902192530487
    endloop
  endfacet
  facet normal 0.883005 0.468355 -0.0307414
    outer loop
      vertex 5.9139821595577526 6.7773183320768347 -0.51547665734207948
      vertex 6 6.6489803739199846 0
      vertex 6.2898403609330353 6.070565569397643 -0.48705902192530487
    endloop
  endfacet
  facet normal 0.883005 0.468355 -0.0307414
    outer loop
      vertex 6.2898403609330353 6.070565569397643 -0.48705902192530487
      vertex 6 6.6489803739199846 0
      vertex 5.9155315860366331 6.8414563881514763 0.50619145350501527
    endloop
  endfacet
  facet normal 0.882867 0.4686 -0.0309835
    outer loop
      vertex 6.2898403609330353 6.070565569397643 -0.48705902192530487
      vertex 5.9155315860366331 6.8414563881514763 0.50619145350501527
      vertex 6.28475646693476 6.1465516554116455 0.51730352408979829
    endloop
  endfacet
  facet normal 0.337674 0.938708 -0.0693097
    outer loop
      vertex 6.2898403609330353 6.070565569397643 -0.48705902192530487
      vertex 6.28475646693476 6.1465516554116455 0.51730352408979829
      vertex 6.7465852503895425 5.9731076990568468 0.41824850178839584
    endloop
  endfacet
  facet normal 0.882867 0.4686 -0.0309835
    outer loop
      vertex 5.9155315860366331 6.8414563881514763 0.50619145350501527
      vertex 5.909713910121587 6.8547223464927525 0.54105487391604956
      vertex 6.28475646693476 6.1465516554116455 0.51730352408979829
    endloop
  endfacet
  facet normal 0.851312 0.441334 0.283712
    outer loop
      vertex 5.909713910121587 6.8547223464927525 0.54105487391604956
      vertex 5.9062579293773405 6.8480749452925957 0.5617654310833049
      vertex 6.28475646693476 6.1465516554116455 0.51730352408979829
    endloop
  endfacet
  facet normal 0.851312 0.441334 0.283712
    outer loop
      vertex 6.0887313737830846 5.9090778615062574 1.4749062881156583
      vertex 6.28475646693476 6.1465516554116455 0.51730352408979829
      vertex 5.9062579293773405 6.8480749452925957 0.5617654310833049
    endloop
  endfacet
  facet normal 0.8638 0.427364 0.266851
    outer loop
      vertex 6.0887313737830846 5.9090778615062574 1.4749062881156583
      vertex 5.9062579293773405 6.8480749452925957 0.5617654310833049
      vertex 5.7399336663362464 6.5618855879924274 1.5584920950696262
    endloop
  endfacet
  facet normal 0.986361 4.55579e-17 0.164595
    outer loop
      vertex 5.9062579293773405 6.8480749452925957 0.5617654310833049
      vertex 5.674903450203808 19.110918581718863 1.9481968152281008
      vertex 5.7399336663362464 6.5618855879924274 1.5584920950696262
    endloop
  endfacet
  facet normal 0.308528 0.906576 0.287977
    outer loop
      vertex 6.0887313737830846 5.9090778615062574 1.4749062881156583
      vertex 6.6006390549969032 5.7181839672211927 1.5274172264490569
      vertex 6.28475646693476 6.1465516554116455 0.51730352408979829
    endloop
  endfacet
  facet normal 0.986361 2.38924e-15 0.164595
    outer loop
      vertex 5.909713910121587 6.8547223464927525 0.54105487391604956
      vertex 5.674903450203808 19.110918581718863 1.9481968152281008
      vertex 5.9062579293773405 6.8480749452925957 0.5617654310833049
    endloop
  endfacet
  facet normal 0.986361 -1.23946e-15 0.164595
    outer loop
      vertex 5.9155315860366331 6.8414563881514763 0.50619145350501527
      vertex 5.674903450203808 19.110918581718863 1.9481968152281008
      vertex 5.909713910121587 6.8547223464927525 0.54105487391604956
    endloop
  endfacet
  facet normal 0.986361 0 0.164595
    outer loop
      vertex 5.9155315860366331 6.8414563881514763 0.50619145350501527
      vertex 6 6.6489803739199846 0
      vertex 6 19.110918581718863 0
    endloop
  endfacet
  facet normal 0.986361 0 -0.164595
    outer loop
      vertex 5.9139821595577526 6.7773183320768347 -0.51547665734207948
      vertex 6 19.110918581718863 0
      vertex 6 6.6489803739199846 0
    endloop
  endfacet
  facet normal 0.986361 -1.00973e-15 -0.164595
    outer loop
      vertex 5.9101796963349162 6.7737031014122415 -0.53826357016965953
      vertex 6 19.110918581718863 0
      vertex 5.9139821595577526 6.7773183320768347 -0.51547665734207948
    endloop
  endfacet
  facet normal 0.986361 2.66699e-17 -0.164595
    outer loop
      vertex 5.7425844260229564 6.6387372476072999 -1.5426069631516657
      vertex 6 19.110918581718863 0
      vertex 5.9101796963349162 6.7737031014122415 -0.53826357016965953
    endloop
  endfacet
  facet normal 0.986361 5.6768e-18 -0.164595
    outer loop
      vertex 5.6749034502038072 6.234892351587491 -1.9481968152281037
      vertex 5.6749034502038072 19.110918581718863 -1.9481968152281033
      vertex 5.7425844260229564 6.6387372476072999 -1.5426069631516657
    endloop
  endfacet
  facet normal 0.879474 2.92953e-17 -0.475947
    outer loop
      vertex 5.368855812846224 6.1049817340209627 -2.5137233158718222
      vertex 5.6749034502038072 19.110918581718863 -1.9481968152281033
      vertex 5.4222942215198975 6.1658181584650489 -2.4149777855415824
    endloop
  endfacet
  facet normal 0.879474 8.04131e-17 -0.475947
    outer loop
      vertex 4.9827676853529459 5.8008898152076789 -3.2271516878943411
      vertex 5.6749034502038072 19.110918581718863 -1.9481968152281033
      vertex 5.368855812846224 6.1049817340209627 -2.5137233158718222
    endloop
  endfacet
  facet normal 0.879474 -3.08459e-16 -0.475947
    outer loop
      vertex 4.7985795177622377 5.2289183143598814 -3.5675016111183817
      vertex 5.6749034502038072 19.110918581718863 -1.9481968152281033
      vertex 4.9827676853529459 5.8008898152076789 -3.2271516878943411
    endloop
  endfacet
  facet normal 0.879474 0 -0.475947
    outer loop
      vertex 4.7348430563783612 5.1154858623036912 -3.6852762761380067
      vertex 4.7348430563783612 19.11091858171887 -3.6852762761380067
      vertex 4.7985795177622377 5.2289183143598814 -3.5675016111183817
    endloop
  endfacet
  facet normal 0.677282 0 -0.735724
    outer loop
      vertex 4.5712166508307197 5.101893299316985 -3.8359049936515972
      vertex 4.7348430563783612 19.11091858171887 -3.6852762761380067
      vertex 4.7348430563783612 5.1154858623036912 -3.6852762761380067
    endloop
  endfacet
  facet normal 0.677282 -7.13907e-17 -0.735724
    outer loop
      vertex 4.5712166508307197 5.101893299316985 -3.8359049936515972
      vertex 4.4768649167584345 4.999658323741536 -3.9227618835950349
      vertex 4.7348430563783612 19.11091858171887 -3.6852762761380067
    endloop
  endfacet
  facet normal 0.677282 1.23871e-17 -0.735724
    outer loop
      vertex 4.4768649167584345 4.999658323741536 -3.9227618835950349
      vertex 4.4027768722009784 4.9409433922084833 -3.9909647332355234
      vertex 4.7348430563783612 19.11091858171887 -3.6852762761380067
    endloop
  endfacet
  facet normal 0.677282 -4.43486e-16 -0.735724
    outer loop
      vertex 4.7348430563783612 19.11091858171887 -3.6852762761380067
      vertex 4.4027768722009784 4.9409433922084833 -3.9909647332355234
      vertex 4.3977162657584019 4.9329909012933388 -3.9956233496473126
    endloop
  endfacet
  facet normal 0.677282 4.5541e-17 -0.735724
    outer loop
      vertex 4.0388224130141577 4.4702443093860955 -4.3260084154406018
      vertex 4.7348430563783612 19.11091858171887 -3.6852762761380067
      vertex 4.3977162657584019 4.9329909012933388 -3.9956233496473126
    endloop
  endfacet
  facet normal 0.677282 -1.04332e-15 -0.735724
    outer loop
      vertex 4.0388224130141577 4.4702443093860955 -4.3260084154406018
      vertex 4.3977162657584019 4.9329909012933388 -3.9956233496473126
      vertex 4.4300614607897453 4.8656244937763047 -3.9658475000282261
    endloop
  endfacet
  facet normal 0.677282 -6.84991e-15 -0.735724
    outer loop
      vertex 4.0388224130141577 4.4702443093860955 -4.3260084154406018
      vertex 4.4300614607897453 4.8656244937763047 -3.9658475000282261
      vertex 4.450473179141996 4.8252946685837319 -3.9470571895807289
    endloop
  endfacet
  facet normal 0.677282 1.35232e-13 -0.735724
    outer loop
      vertex 4.450473179141996 4.8252946685837319 -3.9470571895807289
      vertex 4.4300614607897453 4.8656244937763047 -3.9658475000282261
      vertex 4.4306561566788325 4.866559028739438 -3.9653000438961667
    endloop
  endfacet
  facet normal 0.0535644 -0.382134 -0.922553
    outer loop
      vertex 4.450473179141996 4.8252946685837319 -3.9470571895807289
      vertex 4.4306561566788325 4.866559028739438 -3.9653000438961667
      vertex 4.4515796878817628 4.8867646635425999 -3.9724546501367657
    endloop
  endfacet
  facet normal 0.0535644 -0.382134 -0.922553
    outer loop
      vertex 4.450473179141996 4.8252946685837319 -3.9470571895807289
      vertex 4.4515796878817628 4.8867646635425999 -3.9724546501367657
      vertex 4.5358193589304561 4.8252946685837319 -3.9421019026455366
    endloop
  endfacet
  facet normal 0.05746 0.131509 -0.989648
    outer loop
      vertex 4.3914556738584754 4.4422328334904764 -4.0013866304919024
      vertex 4.450473179141996 4.8252946685837319 -3.9470571895807289
      vertex 4.5358193589304561 4.8252946685837319 -3.9421019026455366
    endloop
  endfacet
  facet normal 0.488383 0.257605 -0.83374
    outer loop
      vertex 4.5358193589304561 4.8252946685837319 -3.9421019026455366
      vertex 4.4515796878817628 4.8867646635425999 -3.9724546501367657
      vertex 4.4647154496605683 4.908522342568296 -3.9580374766524424
    endloop
  endfacet
  facet normal -0.713584 0.631627 -0.30306
    outer loop
      vertex 4.3989894878740952 4.898546113818167 -3.8240714024464468
      vertex 4.4647154496605683 4.908522342568296 -3.9580374766524424
      vertex 4.4515796878817628 4.8867646635425999 -3.9724546501367657
    endloop
  endfacet
  facet normal -0.713584 0.631627 -0.30306
    outer loop
      vertex 4.3989894878740952 4.898546113818167 -3.8240714024464468
      vertex 4.4436399922992251 4.9536337664940007 -3.8143935802014091
      vertex 4.4647154496605683 4.908522342568296 -3.9580374766524424
    endloop
  endfacet
  facet normal -0.713584 0.631627 -0.30306
    outer loop
      vertex 4.4436399922992251 4.9536337664940007 -3.8143935802014091
      vertex 4.6223791656146176 5.1765780372993824 -3.7705996203945227
      vertex 4.4647154496605683 4.908522342568296 -3.9580374766524424
    endloop
  endfacet
  facet normal -0.549781 -0.236767 0.801051
    outer loop
      vertex 4.6223791656146176 5.1765780372993824 -3.7705996203945227
      vertex 4.4768649167584345 4.999658323741536 -3.9227618835950349
      vertex 4.4647154496605683 4.908522342568296 -3.9580374766524424
    endloop
  endfacet
  facet normal 0.329409 -0.0792779 -0.940853
    outer loop
      vertex 4.1243174980788782 4.6689400245542663 -3.9022050361456064
      vertex 4.6223791656146176 5.1765780372993824 -3.7705996203945227
      vertex 4.4436399922992251 4.9536337664940007 -3.8143935802014091
    endloop
  endfacet
  facet normal 0.329409 -0.0792779 -0.940853
    outer loop
      vertex 4.1243174980788782 4.6689400245542663 -3.9022050361456064
      vertex 4.4436399922992251 4.9536337664940007 -3.8143935802014091
      vertex 4.1775903377108374 4.6217857158399385 -3.8795800061177941
    endloop
  endfacet
  facet normal -0.0536983 0.382005 0.922599
    outer loop
      vertex 4.1243174980788782 4.6689400245542663 -3.9022050361456064
      vertex 4.1775903377108374 4.6217857158399385 -3.8795800061177941
      vertex 4.4300614607897453 4.8656244937763047 -3.9658475000282261
    endloop
  endfacet
  facet normal 0.329409 -0.0792779 -0.940853
    outer loop
      vertex 4.1243174980788782 4.6689400245542663 -3.9022050361456064
      vertex 4.3467119120307647 4.9463361852839851 -3.8477148432839718
      vertex 4.6223791656146176 5.1765780372993824 -3.7705996203945227
    endloop
  endfacet
  facet normal 0.329409 -0.0792779 -0.940853
    outer loop
      vertex 4.3467119120307647 4.9463361852839851 -3.8477148432839718
      vertex 4.5691063259826574 5.2237323460137102 -3.793224650422335
      vertex 4.6223791656146176 5.1765780372993824 -3.7705996203945227
    endloop
  endfacet
  facet normal -0.549781 -0.236767 0.801051
    outer loop
      vertex 4.5691063259826574 5.2237323460137102 -3.793224650422335
      vertex 4.4027768722009784 4.9409433922084833 -3.9909647332355234
      vertex 4.6223791656146176 5.1765780372993824 -3.7705996203945227
    endloop
  endfacet
  facet normal -0.713584 0.631627 -0.30306
    outer loop
      vertex 4.3467119120307647 4.9463361852839851 -3.8477148432839718
      vertex 4.569998552065182 5.2252492852851278 -3.7921639311363928
      vertex 4.5691063259826574 5.2237323460137102 -3.793224650422335
    endloop
  endfacet
  facet normal 0.713584 -0.631627 0.30306
    outer loop
      vertex 4.5691063259826574 5.2237323460137102 -3.793224650422335
      vertex 4.569998552065182 5.2252492852851278 -3.7921639311363928
      vertex 4.5695036744202815 5.2250360675724545 -3.7914430744768688
    endloop
  endfacet
  facet normal 0.713584 -0.631627 0.30306
    outer loop
      vertex 4.5691063259826574 5.2237323460137102 -3.793224650422335
      vertex 4.5695036744202815 5.2250360675724545 -3.7914430744768688
      vertex 4.3977162657584019 4.9329909012933388 -3.9956233496473126
    endloop
  endfacet
  facet normal 0.713584 -0.631627 0.30306
    outer loop
      vertex 4.3467119120307647 4.9463361852839851 -3.8477148432839718
      vertex 4.3977162657584019 4.9329909012933388 -3.9956233496473126
      vertex 4.5695036744202815 5.2250360675724545 -3.7914430744768688
    endloop
  endfacet
  facet normal -0.713584 0.631627 -0.30306
    outer loop
      vertex 4.3467119120307647 4.9463361852839851 -3.8477148432839718
      vertex 4.5695036744202815 5.2250360675724545 -3.7914430744768688
      vertex 4.569998552065182 5.2252492852851278 -3.7921639311363928
    endloop
  endfacet
  facet normal 0.713584 -0.631627 0.30306
    outer loop
      vertex 4.1243174980788782 4.6689400245542663 -3.9022050361456064
      vertex 4.3977162657584019 4.9329909012933388 -3.9956233496473126
      vertex 4.3467119120307647 4.9463361852839851 -3.8477148432839718
    endloop
  endfacet
  facet normal 0.713584 -0.631627 0.30306
    outer loop
      vertex 4.1775903377108374 4.6217857158399385 -3.8795800061177941
      vertex 4.4436399922992251 4.9536337664940007 -3.8143935802014091
      vertex 4.3989894878740952 4.898546113818167 -3.8240714024464468
    endloop
  endfacet
  facet normal -0.713584 0.631627 -0.30306
    outer loop
      vertex 4.1775903377108374 4.6217857158399385 -3.8795800061177941
      vertex 4.3989894878740952 4.898546113818167 -3.8240714024464468
      vertex 4.4306561566788325 4.866559028739438 -3.9653000438961667
    endloop
  endfacet
  facet normal -0.713584 0.631627 -0.30306
    outer loop
      vertex 4.3989894878740952 4.898546113818167 -3.8240714024464468
      vertex 4.4515796878817628 4.8867646635425999 -3.9724546501367657
      vertex 4.4306561566788325 4.866559028739438 -3.9653000438961667
    endloop
  endfacet
  facet normal -0.713584 0.631627 -0.30306
    outer loop
      vertex 4.1775903377108374 4.6217857158399385 -3.8795800061177941
      vertex 4.4306561566788325 4.866559028739438 -3.9653000438961667
      vertex 4.4300614607897453 4.8656244937763047 -3.9658475000282261
    endloop
  endfacet
  facet normal -0.0536983 0.382005 0.922599
    outer loop
      vertex 4.1243174980788782 4.6689400245542663 -3.9022050361456064
      vertex 4.4300614607897453 4.8656244937763047 -3.9658475000282261
      vertex 4.3977162657584019 4.9329909012933388 -3.9956233496473126
    endloop
  endfacet
  facet normal 0.677282 2.94086e-16 -0.735724
    outer loop
      vertex 4.0388224130141577 4.4702443093860955 -4.3260084154406018
      vertex 4.050593699201138 4.9641405995000243 -4.3151721831350889
      vertex 4.7348430563783612 19.11091858171887 -3.6852762761380067
    endloop
  endfacet
  facet normal 0.677282 3.94609e-18 -0.735724
    outer loop
      vertex 4.050593699201138 4.9641405995000243 -4.3151721831350889
      vertex 3.3529453146590167 5.6659635036723826 -4.9574027637513165
      vertex 4.7348430563783612 19.11091858171887 -3.6852762761380067
    endloop
  endfacet
  facet normal 0.758499 0.18115 -0.62599
    outer loop
      vertex 4.050593699201138 4.9641405995000243 -4.3151721831350889
      vertex 4.0183270944769394 4.9284549285850607 -4.3645957188288964
      vertex 3.3529453146590167 5.6659635036723826 -4.9574027637513165
    endloop
  endfacet
  facet normal 0.758499 0.18115 -0.62599
    outer loop
      vertex 4.050593699201138 4.9641405995000243 -4.3151721831350889
      vertex 4.0255056909675746 4.9176417819627574 -4.3590266981225252
      vertex 4.0183270944769394 4.9284549285850607 -4.3645957188288964
    endloop
  endfacet
  facet normal -0.344596 -0.600424 -0.721626
    outer loop
      vertex 3.8030086846701603 5.2206829388394924 -4.504921394853139
      vertex 4.0183270944769394 4.9284549285850607 -4.3645957188288964
      vertex 4.0255056909675746 4.9176417819627574 -4.3590266981225252
    endloop
  endfacet
  facet normal -0.344596 -0.600424 -0.721626
    outer loop
      vertex 3.8030086846701603 5.2206829388394924 -4.504921394853139
      vertex 4.0255056909675746 4.9176417819627574 -4.3590266981225252
      vertex 4.0206915004828847 4.9007812306389669 -4.3426990962191487
    endloop
  endfacet
  facet normal -0.344596 -0.600424 -0.721626
    outer loop
      vertex 3.8030086846701603 5.2206829388394924 -4.504921394853139
      vertex 4.0206915004828847 4.9007812306389669 -4.3426990962191487
      vertex 4.0212636046525541 4.8998199162376253 -4.3421724372298911
    endloop
  endfacet
  facet normal -0.344596 -0.600424 -0.721626
    outer loop
      vertex 3.945301413476284 4.6335146300094694 -4.0843211129924946
      vertex 3.8030086846701603 5.2206829388394924 -4.504921394853139
      vertex 4.0212636046525541 4.8998199162376253 -4.3421724372298911
    endloop
  endfacet
  facet normal -0.917034 0.379694 0.121987
    outer loop
      vertex 3.8923013853185946 4.5411675166304448 -4.1953095782123171
      vertex 3.945301413476284 4.6335146300094694 -4.0843211129924946
      vertex 4.0212636046525541 4.8998199162376253 -4.3421724372298911
    endloop
  endfacet
  facet normal -0.917034 0.379694 0.121987
    outer loop
      vertex 3.8923013853185946 4.5411675166304448 -4.1953095782123171
      vertex 4.0212636046525541 4.8998199162376253 -4.3421724372298911
      vertex 3.9853173363006946 4.823634128651487 -4.3752633083708794
    endloop
  endfacet
  facet normal 0.918636 -0.0574001 -0.390914
    outer loop
      vertex 3.8923013853185946 4.5411675166304448 -4.1953095782123171
      vertex 3.8030086846701603 5.2206829388394924 -4.504921394853139
      vertex 3.945301413476284 4.6335146300094694 -4.0843211129924946
    endloop
  endfacet
  facet normal 0.918636 -0.0574001 -0.390914
    outer loop
      vertex 3.8923013853185946 4.5411675166304448 -4.1953095782123171
      vertex 3.7500086565124708 5.128335825460467 -4.6159098600729616
      vertex 3.8030086846701603 5.2206829388394924 -4.504921394853139
    endloop
  endfacet
  facet normal -0.758376 -0.275008 0.590963
    outer loop
      vertex 3.7500086565124708 5.128335825460467 -4.6159098600729616
      vertex 3.8454494811785827 4.9988044848089723 -4.5537098918788734
      vertex 3.8030086846701603 5.2206829388394924 -4.504921394853139
    endloop
  endfacet
  facet normal 0.344596 0.600424 0.721626
    outer loop
      vertex 3.7482198977887995 5.129589670443413 -4.6160989310907148
      vertex 3.8454494811785827 4.9988044848089723 -4.5537098918788734
      vertex 3.7500086565124708 5.128335825460467 -4.6159098600729616
    endloop
  endfacet
  facet normal 0.344596 0.600424 0.721626
    outer loop
      vertex 3.7482198977887995 5.129589670443413 -4.6160989310907148
      vertex 3.7500086565124708 5.128335825460467 -4.6159098600729616
      vertex 3.7489023383455251 5.1298373095041443 -4.61663086133251
    endloop
  endfacet
  facet normal -0.344596 -0.600424 -0.721626
    outer loop
      vertex 3.8912072645376217 4.5426038977482142 -4.1959822356600158
      vertex 3.7482198977887995 5.129589670443413 -4.6160989310907148
      vertex 3.7489023383455251 5.1298373095041443 -4.61663086133251
    endloop
  endfacet
  facet normal 0.344596 0.600424 0.721626
    outer loop
      vertex 3.8912072645376217 4.5426038977482142 -4.1959822356600158
      vertex 3.8529976140565245 4.9874347041505542 -4.5478541917644382
      vertex 3.7482198977887995 5.129589670443413 -4.6160989310907148
    endloop
  endfacet
  facet normal -0.344596 -0.600424 -0.721626
    outer loop
      vertex 3.8912072645376217 4.5426038977482142 -4.1959822356600158
      vertex 3.7489023383455251 5.1298373095041443 -4.61663086133251
      vertex 3.7500086565124708 5.128335825460467 -4.6159098600729616
    endloop
  endfacet
  facet normal -0.344596 -0.600424 -0.721626
    outer loop
      vertex 3.8912072645376217 4.5426038977482142 -4.1959822356600158
      vertex 3.7500086565124708 5.128335825460467 -4.6159098600729616
      vertex 3.8923013853185946 4.5411675166304448 -4.1953095782123171
    endloop
  endfacet
  facet normal 0.344596 0.600424 0.721626
    outer loop
      vertex 3.8912072645376217 4.5426038977482142 -4.1959822356600158
      vertex 3.8923013853185946 4.5411675166304448 -4.1953095782123171
      vertex 3.9728803272714353 4.8236580276126579 -4.4688323211249639
    endloop
  endfacet
  facet normal 0.677282 -2.22143e-13 -0.735724
    outer loop
      vertex 4.050593699201138 4.9641405995000243 -4.3151721831350889
      vertex 4.0212636046525541 4.8998199162376253 -4.3421724372298911
      vertex 4.0206915004828847 4.9007812306389669 -4.3426990962191487
    endloop
  endfacet
  facet normal -0.758376 -0.275008 0.590963
    outer loop
      vertex 3.8030086846701603 5.2206829388394924 -4.504921394853139
      vertex 3.8454494811785827 4.9988044848089723 -4.5537098918788734
      vertex 4.0183270944769394 4.9284549285850607 -4.3645957188288964
    endloop
  endfacet
  facet normal 0.916995 -0.379832 -0.121854
    outer loop
      vertex 4.050593699201138 4.9641405995000243 -4.3151721831350889
      vertex 4.0206915004828847 4.9007812306389669 -4.3426990962191487
      vertex 4.0255056909675746 4.9176417819627574 -4.3590266981225252
    endloop
  endfacet
  facet normal 0.677282 4.70625e-16 -0.735724
    outer loop
      vertex 4.0388224130141577 4.4702443093860955 -4.3260084154406018
      vertex 4.0212636046525541 4.8998199162376253 -4.3421724372298911
      vertex 4.050593699201138 4.9641405995000243 -4.3151721831350889
    endloop
  endfacet
  facet normal 0.713584 -0.631627 0.30306
    outer loop
      vertex 4.5691063259826574 5.2237323460137102 -3.793224650422335
      vertex 4.3977162657584019 4.9329909012933388 -3.9956233496473126
      vertex 4.4027768722009784 4.9409433922084833 -3.9909647332355234
    endloop
  endfacet
  facet normal -0.549781 -0.236767 0.801051
    outer loop
      vertex 4.6223791656146176 5.1765780372993824 -3.7705996203945227
      vertex 4.4027768722009784 4.9409433922084833 -3.9909647332355234
      vertex 4.4768649167584345 4.999658323741536 -3.9227618835950349
    endloop
  endfacet
  facet normal 0.488383 0.257605 -0.83374
    outer loop
      vertex 4.5358193589304561 4.8252946685837319 -3.9421019026455366
      vertex 4.4647154496605683 4.908522342568296 -3.9580374766524424
      vertex 4.4768649167584345 4.999658323741536 -3.9227618835950349
    endloop
  endfacet
  facet normal 0.05746 0.131509 -0.989648
    outer loop
      vertex 4.3914556738584754 4.4422328334904764 -4.0013866304919024
      vertex 4.5358193589304561 4.8252946685837319 -3.9421019026455366
      vertex 4.6008710290660506 4.6303463695130587 -3.964230463384256
    endloop
  endfacet
  facet normal 0.580495 -0.740415 -0.338838
    outer loop
      vertex 4.8611608494484537 4.4669383336650013 -3.9877707830704652
      vertex 5.1046527261035983 4.5861853241325052 -3.8311955804317264
      vertex 5.1340833650960995 4.5976472706636757 -3.8058213696302881
    endloop
  endfacet
  facet normal 0.352582 0.628835 -0.693003
    outer loop
      vertex 4.8209300470686998 4.7976990803593491 -3.7836177067440016
      vertex 5.2950424886569056 5.2790610281051231 -3.1056104438444416
      vertex 5.2803363181045881 4.6665883425975094 -3.668853988650894
    endloop
  endfacet
  facet normal -0.0788715 0.363043 -0.928428
    outer loop
      vertex 4.7739900098058117 4.3463067966807669 -3.8735125106442831
      vertex 5.1340833650960995 4.5976472706636757 -3.8058213696302881
      vertex 5.1400704232953371 4.5907633811164423 -3.809021787465019
    endloop
  endfacet
  facet normal -0.0433079 0.338537 -0.939956
    outer loop
      vertex 5.1396007916080171 4.3474544433624782 -3.8966309744460514
      vertex 5.1400704232953371 4.5907633811164423 -3.809021787465019
      vertex 5.2238208720873418 4.5058488871311253 -3.843463583433353
    endloop
  endfacet
  facet normal -0.0433079 0.338537 -0.939956
    outer loop
      vertex 5.1396007916080171 4.3474544433624782 -3.8966309744460514
      vertex 5.2238208720873418 4.5058488871311253 -3.843463583433353
      vertex 5.2329205163463639 4.505271493432323 -3.8440908001890981
    endloop
  endfacet
  facet normal 0.190925 0.661966 -0.724809
    outer loop
      vertex 5.2803363181045881 4.6665883425975094 -3.668853988650894
      vertex 5.2950424886569056 5.2790610281051231 -3.1056104438444416
      vertex 5.5144025842457403 5.0229988695751713 -3.2816889487345611
    endloop
  endfacet
  facet normal 0.1605 0.726186 -0.668501
    outer loop
      vertex 19.378115294937455 4.9861224100767938 -3.2575963552965463
      vertex 19.110918581718863 3.6852762761380067 -4.7348430563783612
      vertex 19.110918581718867 5.0229988695751713 -3.2816889487345611
    endloop
  endfacet
  facet normal 0.1605 0.903901 -0.396488
    outer loop
      vertex 19.378115294937455 4.9861224100767938 -3.2575963552965463
      vertex 19.110918581718867 5.0229988695751713 -3.2816889487345611
      vertex 19.378115294937455 5.7737003521284542 -1.4620994993991088
    endloop
  endfacet
  facet normal 0.804334 0.544132 -0.238679
    outer loop
      vertex 19.378115294937455 4.9861224100767938 -3.2575963552965463
      vertex 19.378115294937455 5.7737003521284542 -1.4620994993991088
      vertex 20 4.9463361018733858 -1.2525824163602031
    endloop
  endfacet
  facet normal 0.804334 0.544132 -0.238679
    outer loop
      vertex 19.378115294937455 4.9861224100767938 -3.2575963552965463
      vertex 20 4.9463361018733858 -1.2525824163602031
      vertex 20 4.2716171226708761 -2.7907867528307735
    endloop
  endfacet
  facet normal 0.804334 0.437151 -0.402426
    outer loop
      vertex 19.378115294937455 3.6582207372326545 -4.7000820992821328
      vertex 19.378115294937455 4.9861224100767938 -3.2575963552965463
      vertex 20 4.2716171226708761 -2.7907867528307735
    endloop
  endfacet
  facet normal 1 0 0
    outer loop
      vertex 20 3.7540094306119522 3.4558091291833928
      vertex 20 4.2716171226708761 -2.7907867528307735
      vertex 20 4.9463361018733858 -1.2525824163602031
    endloop
  endfacet
  facet normal 1 0 -0
    outer loop
      vertex 20 4.9463361018733858 -1.2525824163602031
      vertex 20 5.0850428141254325 0.42135866074172929
      vertex 20 3.7540094306119522 3.4558091291833928
    endloop
  endfacet
  facet normal 1 0 0
    outer loop
      vertex 20 5.0850428141254325 0.42135866074172929
      vertex 20 4.6727062348981141 2.0496389888990336
      vertex 20 3.7540094306119522 3.4558091291833928
    endloop
  endfacet
  facet normal 0.804334 0.575996 0.145862
    outer loop
      vertex 19.378115294937455 5.9356082728354425 0.49183852406946094
      vertex 20 4.6727062348981141 2.0496389888990336
      vertex 20 5.0850428141254325 0.42135866074172929
    endloop
  endfacet
  facet normal 0.804334 0.592148 -0.0490668
    outer loop
      vertex 19.378115294937455 5.7737003521284542 -1.4620994993991088
      vertex 19.378115294937455 5.9356082728354425 0.49183852406946094
      vertex 20 5.0850428141254325 0.42135866074172929
    endloop
  endfacet
  facet normal 0.1605 0.983665 -0.0815088
    outer loop
      vertex 19.378115294937455 5.7737003521284542 -1.4620994993991088
      vertex 19.110918581718867 5.8164015956359822 -1.4729129228447957
      vertex 19.378115294937455 5.9356082728354425 0.49183852406946094
    endloop
  endfacet
  facet normal 0.804334 0.575996 0.145862
    outer loop
      vertex 19.378115294937455 5.9356082728354425 0.49183852406946094
      vertex 19.378115294937455 5.4543009367289175 2.3924782117940846
      vertex 20 4.6727062348981141 2.0496389888990336
    endloop
  endfacet
  facet normal 0.804334 0.592148 -0.0490668
    outer loop
      vertex 19.378115294937455 5.7737003521284542 -1.4620994993991088
      vertex 20 5.0850428141254325 0.42135866074172929
      vertex 20 4.9463361018733858 -1.2525824163602031
    endloop
  endfacet
  facet normal 0.1605 0.903901 -0.396488
    outer loop
      vertex 19.378115294937455 5.7737003521284542 -1.4620994993991088
      vertex 19.110918581718867 5.0229988695751713 -3.2816889487345611
      vertex 19.110918581718867 5.8164015956359822 -1.4729129228447957
    endloop
  endfacet
  facet normal 0.1605 0.726186 -0.668501
    outer loop
      vertex 19.378115294937455 3.6582207372326545 -4.7000820992821328
      vertex 19.110918581718863 3.6852762761380067 -4.7348430563783612
      vertex 19.378115294937455 4.9861224100767938 -3.2575963552965463
    endloop
  endfacet
  facet normal 0.190925 0.661966 -0.724809
    outer loop
      vertex 5.5144025842457403 5.0229988695751713 -3.2816889487345611
      vertex 5.2950424886569056 5.2790610281051231 -3.1056104438444416
      vertex 5.6981699599019162 5.0584235072417307 -3.2009289094349311
    endloop
  endfacet
  facet normal 0.300442 0.783762 -0.543555
    outer loop
      vertex 5.2950424886569056 5.2790610281051231 -3.1056104438444416
      vertex 5.7741768629150867 5.1085656859715058 -3.0866162561086745
      vertex 5.6981699599019162 5.0584235072417307 -3.2009289094349311
    endloop
  endfacet
  facet normal 0.300442 0.783762 -0.543555
    outer loop
      vertex 5.2950424886569056 5.2790610281051231 -3.1056104438444416
      vertex 5.7792545590094235 5.6277022795550966 -2.335256941221814
      vertex 5.7741768629150867 5.1085656859715058 -3.0866162561086745
    endloop
  endfacet
  facet normal 5.55773e-16 0.915773 -0.401695
    outer loop
      vertex 6.2553281802115128 5.3962678571533962 -2.4307213710306628
      vertex 6.2665387539085335 5.4146680882070148 -2.3887730694841571
      vertex 19.110918581718867 5.0229988695751713 -3.2816889487345611
    endloop
  endfacet
  facet normal 0.770656 0.443412 -0.457684
    outer loop
      vertex 5.5157793897697038 6.1816452329366545 -2.2422323250019494
      vertex 6.0938125875451421 5.9775556005713835 -1.4666552900146086
      vertex 5.7792545590094235 5.6277022795550966 -2.335256941221814
    endloop
  endfacet
  facet normal -2.25336e-17 0.915773 -0.401695
    outer loop
      vertex 6.2665387539085335 5.4146680882070148 -2.3887730694841571
      vertex 6.5932437873186993 5.7899210047677041 -1.5332825892710047
      vertex 19.110918581718867 5.0229988695751713 -3.2816889487345611
    endloop
  endfacet
  facet normal -3.70462e-17 0.915773 -0.401695
    outer loop
      vertex 6.5932437873186993 5.7899210047677041 -1.5332825892710047
      vertex 19.110918581718867 5.8164015956359822 -1.4729129228447957
      vertex 19.110918581718867 5.0229988695751713 -3.2816889487345611
    endloop
  endfacet
  facet normal 0.329369 0.931499 -0.154354
    outer loop
      vertex 6.0938125875451421 5.9775556005713835 -1.4666552900146086
      vertex 6.5662138118638618 5.8233228027577537 -1.3893863745173354
      vertex 6.5466445102007249 5.8164015956359822 -1.4729129228447957
    endloop
  endfacet
  facet normal 0.305527 0.93805 -0.163451
    outer loop
      vertex 6.5662138118638618 5.8233228027577537 -1.3893863745173354
      vertex 6.2898403609330353 6.070565569397643 -0.48705902192530487
      vertex 6.8117002650753813 5.8958233366615342 -0.51443504849332777
    endloop
  endfacet
  facet normal 0.314339 0.947623 -0.0565768
    outer loop
      vertex 6.2898403609330353 6.070565569397643 -0.48705902192530487
      vertex 6.7465852503895425 5.9731076990568468 0.41824850178839584
      vertex 6.8117002650753813 5.8958233366615342 -0.51443504849332777
    endloop
  endfacet
  facet normal 0.1605 0.983665 -0.0815088
    outer loop
      vertex 19.378115294937455 5.9356082728354425 0.49183852406946094
      vertex 19.110918581718867 5.8164015956359822 -1.4729129228447957
      vertex 19.110918581718867 5.9795069580400195 0.4954760728339947
    endloop
  endfacet
  facet normal 0.337674 0.938708 -0.0693097
    outer loop
      vertex 6.28475646693476 6.1465516554116455 0.51730352408979829
      vertex 6.7446472372682731 5.9795069580400195 0.4954760728339947
      vertex 6.7465852503895425 5.9731076990568468 0.41824850178839584
    endloop
  endfacet
  facet normal 0.337674 0.938708 -0.0693097
    outer loop
      vertex 6.28475646693476 6.1465516554116455 0.51730352408979829
      vertex 6.7909572808359489 5.9666088697538271 0.5464094716282496
      vertex 6.7446472372682731 5.9795069580400195 0.4954760728339947
    endloop
  endfacet
  facet normal 0.305848 0.907141 0.289055
    outer loop
      vertex 6.28475646693476 6.1465516554116455 0.51730352408979829
      vertex 6.6006390549969032 5.7181839672211927 1.5274172264490569
      vertex 6.7909572808359489 5.9666088697538271 0.5464094716282496
    endloop
  endfacet
  facet normal 0.308528 0.906576 0.287977
    outer loop
      vertex 6.0887313737830846 5.9090778615062574 1.4749062881156583
      vertex 6.5979299796061683 5.7145596846945246 1.5417291944847729
      vertex 6.6006390549969032 5.7181839672211927 1.5274172264490569
    endloop
  endfacet
  facet normal 0.1605 0.956833 0.242303
    outer loop
      vertex 19.378115294937455 5.9356082728354425 0.49183852406946094
      vertex 19.110918581718867 5.9795069580400195 0.4954760728339947
      vertex 19.378115294937455 5.4543009367289175 2.3924782117940846
    endloop
  endfacet
  facet normal 0.804334 0.497426 0.324984
    outer loop
      vertex 19.378115294937455 5.4543009367289175 2.3924782117940846
      vertex 20 3.7540094306119522 3.4558091291833928
      vertex 20 4.6727062348981141 2.0496389888990336
    endloop
  endfacet
  facet normal 1 0 0
    outer loop
      vertex 20 4.2716171226708761 -2.7907867528307735
      vertex 20 3.7540094306119522 3.4558091291833928
      vertex 20 2.4285074550610197 4.487488727917186
    endloop
  endfacet
  facet normal 1 0 0
    outer loop
      vertex 20 2.4285074550610197 4.487488727917186
      vertex 20 3.1340021472581561 -4.0265660411139441
      vertex 20 4.2716171226708761 -2.7907867528307735
    endloop
  endfacet
  facet normal 1 0 0
    outer loop
      vertex 20 3.1340021472581561 -4.0265660411139441
      vertex 20 2.4285074550610197 4.487488727917186
      vertex 20 0.83983901457853127 5.0328792924192536
    endloop
  endfacet
  facet normal 0.1605 0.60625 0.77891
    outer loop
      vertex 19.378115294937455 4.3819354619288235 4.0338557621464339
      vertex 19.110918581718863 4.4143434640387902 4.0636894297544455
      vertex 19.378115294937455 2.8347192870945159 5.2381024489490207
    endloop
  endfacet
  facet normal 0.348216 0.731441 0.586293
    outer loop
      vertex 5.5655760959284084 3.2771615616889838 4.948793632044258
      vertex 5.2969809309372078 3.0076786994120361 5.4445182700281798
      vertex 5.7332649525616084 3.0649127509737668 5.1139935124740008
    endloop
  endfacet
  facet normal 0.670357 0.717271 0.190119
    outer loop
      vertex 4.8561478615501885 3.4611246291186295 5.2881521136825738
      vertex 5.0387308648806597 3.1237407896549092 5.9172322944382394
      vertex 5.2969809309372078 3.0076786994120361 5.4445182700281798
    endloop
  endfacet
  facet normal 0.879474 0.475947 -0
    outer loop
      vertex 4.7348430563783612 3.6852762761380067 5.0783880757719748
      vertex 4.7348430563783612 3.6852762761380067 19.102470337245556
      vertex 4.8561478615501885 3.4611246291186295 5.2881521136825738
    endloop
  endfacet
  facet normal 0.677282 0.735724 -0
    outer loop
      vertex 4.7348430563783612 3.6852762761380067 5.0783880757719748
      vertex 4.5450248097953665 3.8600162818710673 5.0454694100595763
      vertex 4.7348430563783612 3.6852762761380067 19.102470337245556
    endloop
  endfacet
  facet normal 0.677282 0.735724 -7.93631e-17
    outer loop
      vertex 4.4571146444541361 3.9409432900604751 4.9740329283299998
      vertex 4.7348430563783612 3.6852762761380067 19.102470337245556
      vertex 4.5450248097953665 3.8600162818710673 5.0454694100595763
    endloop
  endfacet
  facet normal 0.754916 0.629866 0.182677
    outer loop
      vertex 3.9883761788129437 4.3724474454717708 4.9997670844348807
      vertex 3.9674051567300905 4.4100646764408165 4.9567269183549048
      vertex 3.3143746266930116 4.9929095833412926 5.6457522262740678
    endloop
  endfacet
  facet normal 0.677282 0.735724 0
    outer loop
      vertex 3.3143746266930116 4.9929095833412926 5.6457522262740678
      vertex 3.2816889487345611 5.0229988695751713 5.6272467468840714
      vertex 3.2816889487345611 5.0229988695751713 19.102470337245556
    endloop
  endfacet
  facet normal 0.401695 0.915773 0
    outer loop
      vertex 2.0478105104472659 5.564228133205658 6.3440031988564503
      vertex 3.2816889487345611 5.0229988695751713 19.102470337245556
      vertex 3.2816889487345611 5.0229988695751713 5.6272467468840714
    endloop
  endfacet
  facet normal 0.714161 0.386484 0.583613
    outer loop
      vertex 4.2440886434394773 3.3033067844613258 19.955950864665638
      vertex 5.674903450203808 1.9481968152281008 19.102470337245556
      vertex 4.7348430563783612 3.6852762761380067 19.102470337245556
    endloop
  endfacet
  facet normal 0.11165 0.121284 0.986319
    outer loop
      vertex 4.2440886434394773 3.3033067844613258 19.955950864665638
      vertex 2.7954075045848144 4.278689709744091 20
      vertex 4.0332328930611121 3.1391911664135681 20
    endloop
  endfacet
  facet normal 0.0662193 0.150965 0.986319
    outer loop
      vertex 2.9415502547360921 4.5023778411526267 19.955950864665638
      vertex 1.3202492530771039 5.2135463971647473 19.955950864665638
      vertex 1.2546563377702162 4.954525832312525 20
    endloop
  endfacet
  facet normal 0 0 1
    outer loop
      vertex 4.8339949155178479 -1.6595125506324688 20
      vertex 2.7954075045848144 4.278689709744091 20
      vertex 4.0332328930611121 -3.1391911664135677 20
    endloop
  endfacet
  facet normal 0 0 1
    outer loop
      vertex 2.795407504584813 -4.2786897097440919 20
      vertex 1.2546563377702162 4.954525832312525 20
      vertex -0.42205631124072485 5.0934622035606552 20
    endloop
  endfacet
  facet normal 0 -0 1
    outer loop
      vertex 1.2546563377702162 -4.954525832312525 20
      vertex 2.795407504584813 -4.2786897097440919 20
      vertex -0.42205631124072485 5.0934622035606552 20
    endloop
  endfacet
  facet normal 0.144981 -0.0784597 0.986319
    outer loop
      vertex 4.2440886434394773 -3.3033067844613253 19.955950864665638
      vertex 4.8339949155178479 -1.6595125506324688 20
      vertex 4.0332328930611121 -3.1391911664135677 20
    endloop
  endfacet
  facet normal 0.326189 -0.743637 0.583613
    outer loop
      vertex 1.3202492530771039 -5.2135463971647473 19.955950864665638
      vertex 1.4729129228447955 -5.8164015956359822 19.102470337245553
      vertex 2.9415502547360903 -4.5023778411526276 19.955950864665638
    endloop
  endfacet
  facet normal 0.571821 -0.719902 0.393398
    outer loop
      vertex 1.7488395157122114 -6.0493750047401855 5.8937112593899244
      vertex 3.2143520639892191 -5.2492085463120777 5.2277977729881995
      vertex 2.0264133977226773 -5.573613777045761 6.360869584221251
    endloop
  endfacet
  facet normal 0.677282 -0.735724 -7.70752e-18
    outer loop
      vertex 3.2816889487345611 -5.0229988695751704 5.6332273605963836
      vertex 3.316410027650174 -4.9910358647640418 5.6509155400268805
      vertex 3.2816889487345593 -5.0229988695751722 19.102470337245556
    endloop
  endfacet
  facet normal 0.677282 -0.735724 -2.264e-17
    outer loop
      vertex 3.9641355032171774 -4.3947625593706103 4.4258983874974529
      vertex 4.3574032056413481 -4.0327341357955309 4.4002637527965547
      vertex 3.9249777998753053 -4.4308097646821425 4.8584830341439194
    endloop
  endfacet
  facet normal 0.571826 -0.580093 0.580093
    outer loop
      vertex 3.9641355032171774 -4.425898387497452 4.3947625593706112
      vertex 4.3574032056413481 -4.0327341357955309 4.4002637527965547
      vertex 3.9641355032171774 -4.3947625593706103 4.4258983874974529
    endloop
  endfacet
  facet normal 0.677282 -0.735724 -5.64428e-18
    outer loop
      vertex 3.316410027650174 -4.9910358647640418 5.6509155400268805
      vertex 3.9904725514254169 -4.3705175985317828 5.0044388760259606
      vertex 3.2816889487345593 -5.0229988695751722 19.102470337245556
    endloop
  endfacet
  facet normal 0.677282 -0.735724 8.72934e-16
    outer loop
      vertex 4.3574032056413481 -4.0327341357955309 4.4002637527965547
      vertex 4.4363447428366722 -3.9600633314318618 4.8584830341439194
      vertex 4.3988003858971503 -3.9946253467541748 4.9415172284939173
    endloop
  endfacet
  facet normal 0.00413715 -0.923872 -0.38268
    outer loop
      vertex 4.3988003858971503 -3.9946253467541748 4.9415172284939173
      vertex 4.4363447428366722 -3.9600633314318618 4.8584830341439194
      vertex 4.4568291026035114 -3.9740144998911071 4.892385590521422
    endloop
  endfacet
  facet normal 0.00413715 -0.923872 -0.38268
    outer loop
      vertex 4.4363447428366722 -3.9600633314318618 4.8584830341439194
      vertex 4.5038959812601194 -3.9597608329353142 4.8584830341439194
      vertex 4.4568291026035114 -3.9740144998911071 4.892385590521422
    endloop
  endfacet
  facet normal 0.481998 -0.812669 0.327486
    outer loop
      vertex 4.4568291026035114 -3.9740144998911071 4.892385590521422
      vertex 4.5038959812601194 -3.9597608329353142 4.8584830341439194
      vertex 4.5450248097953674 -3.8600162818710673 5.0454694100595781
    endloop
  endfacet
  facet normal 0.481998 -0.812669 0.327486
    outer loop
      vertex 4.5038959812601194 -3.9597608329353142 4.8584830341439194
      vertex 4.8459952776328761 -3.8223134667110159 4.6960583643141458
      vertex 4.5450248097953674 -3.8600162818710673 5.0454694100595781
    endloop
  endfacet
  facet normal 0.481998 -0.812669 0.327486
    outer loop
      vertex 4.6393658842304788 -4.0104892820039302 4.5332119180475949
      vertex 4.8459952776328761 -3.8223134667110159 4.6960583643141458
      vertex 4.5038959812601194 -3.9597608329353142 4.8584830341439194
    endloop
  endfacet
  facet normal 0.24251 -0.773284 0.585851
    outer loop
      vertex 4.6393658842304788 -4.0104892820039302 4.5332119180475949
      vertex 4.7892424930606623 -4.0220093377325341 4.455965553430377
      vertex 4.8459952776328761 -3.8223134667110159 4.6960583643141458
    endloop
  endfacet
  facet normal 0.24251 -0.773284 0.585851
    outer loop
      vertex 4.8228343400081357 -4.0423567634880788 4.4152031251931261
      vertex 4.8459952776328761 -3.8223134667110159 4.6960583643141458
      vertex 4.7892424930606623 -4.0220093377325341 4.455965553430377
    endloop
  endfacet
  facet normal -0.378679 -0.914212 0.144283
    outer loop
      vertex 4.7892424930606614 -4.0376465718705115 4.3568843896449483
      vertex 4.8228343400081357 -4.0423567634880788 4.4152031251931261
      vertex 4.7892424930606623 -4.0220093377325341 4.455965553430377
    endloop
  endfacet
  facet normal -0.378679 -0.914212 0.144283
    outer loop
      vertex 4.8864764326162264 -4.0791555383211042 4.3490695965248163
      vertex 4.8228343400081357 -4.0423567634880788 4.4152031251931261
      vertex 4.7892424930606614 -4.0376465718705115 4.3568843896449483
    endloop
  endfacet
  facet normal 0.170039 -0.782469 0.599023
    outer loop
      vertex 4.8864764326162264 -4.0791555383211042 4.3490695965248163
      vertex 4.8940626856938092 -4.0746434571705672 4.3528100312891764
      vertex 4.8228343400081357 -4.0423567634880788 4.4152031251931261
    endloop
  endfacet
  facet normal 0.170039 -0.782469 0.599023
    outer loop
      vertex 4.8940626856938092 -4.0746434571705672 4.3528100312891764
      vertex 5.245217415981565 -3.9326547961019864 4.4386027688651666
      vertex 4.8228343400081357 -4.0423567634880788 4.4152031251931261
    endloop
  endfacet
  facet normal 0.170039 -0.782469 0.599023
    outer loop
      vertex 4.8940626856938092 -4.0746434571705672 4.3528100312891764
      vertex 4.9280529271233853 -4.1031956664346954 4.3058654814692492
      vertex 5.245217415981565 -3.9326547961019864 4.4386027688651666
    endloop
  endfacet
  facet normal -1.73224e-16 -0.614213 0.789141
    outer loop
      vertex 4.9280529271233853 -4.1031956664346954 4.3058654814692492
      vertex 19.110918581718863 -2.8556843582224425 5.2768425072389338
      vertex 5.245217415981565 -3.9326547961019864 4.4386027688651666
    endloop
  endfacet
  facet normal 8.01589e-17 -0.614213 0.789141
    outer loop
      vertex 5.245217415981565 -3.9326547961019864 4.4386027688651666
      vertex 19.110918581718863 -2.8556843582224425 5.2768425072389338
      vertex 5.5655760959284049 -3.2771615616889873 4.9487936320442572
    endloop
  endfacet
  facet normal 0.26307 -0.669358 0.694805
    outer loop
      vertex 4.8459952776328761 -3.8223134667110159 4.6960583643141458
      vertex 5.245217415981565 -3.9326547961019864 4.4386027688651666
      vertex 5.5655760959284049 -3.2771615616889873 4.9487936320442572
    endloop
  endfacet
  facet normal 0.348216 -0.731441 0.586293
    outer loop
      vertex 4.8459952776328761 -3.8223134667110159 4.6960583643141458
      vertex 5.5655760959284049 -3.2771615616889873 4.9487936320442572
      vertex 5.2969809309372078 -3.0076786994120361 5.4445182700281798
    endloop
  endfacet
  facet normal 0.348216 -0.731441 0.586293
    outer loop
      vertex 5.5655760959284049 -3.2771615616889873 4.9487936320442572
      vertex 5.7332649525616084 -3.0649127509737668 5.113993512473999
      vertex 5.2969809309372078 -3.0076786994120361 5.4445182700281798
    endloop
  endfacet
  facet normal -2.03073e-16 -0.614213 0.789141
    outer loop
      vertex 5.5655760959284049 -3.2771615616889873 4.9487936320442572
      vertex 19.110918581718863 -2.8556843582224425 5.2768425072389338
      vertex 5.7332649525616084 -3.0649127509737668 5.113993512473999
    endloop
  endfacet
  facet normal 0 -0.614213 0.789141
    outer loop
      vertex 5.7332649525616084 -3.0649127509737668 5.113993512473999
      vertex 19.110918581718863 -2.8556843582224425 5.2768425072389338
      vertex 5.7427514027627833 -2.8556843582224425 5.2768425072389338
    endloop
  endfacet
  facet normal 0.170039 -0.782469 0.599023
    outer loop
      vertex 4.9195020561743288 -4.0982514296601709 4.3147510986115201
      vertex 4.9280529271233853 -4.1031956664346954 4.3058654814692492
      vertex 4.8940626856938092 -4.0746434571705672 4.3528100312891764
    endloop
  endfacet
  facet normal -0.381022 -0.87794 0.289903
    outer loop
      vertex 4.9195020561743288 -4.0982514296601709 4.3147510986115201
      vertex 4.8940626856938092 -4.0746434571705672 4.3528100312891764
      vertex 4.9075949413915083 -4.0935349917859467 4.3133846863659269
    endloop
  endfacet
  facet normal -0.381022 -0.87794 0.289903
    outer loop
      vertex 4.8719569703338435 -4.0727180635135882 4.3295871520001032
      vertex 4.9075949413915083 -4.0935349917859467 4.3133846863659269
      vertex 4.8940626856938092 -4.0746434571705672 4.3528100312891764
    endloop
  endfacet
  facet normal 0.604164 -0.504379 -0.616918
    outer loop
      vertex 4.8719569703338435 -4.0727180635135882 4.3295871520001032
      vertex 4.8940626856938092 -4.0746434571705672 4.3528100312891764
      vertex 4.8864764326162264 -4.0791555383211042 4.3490695965248163
    endloop
  endfacet
  facet normal 0.604164 -0.504379 -0.616918
    outer loop
      vertex 4.8719569703338435 -4.0727180635135882 4.3295871520001032
      vertex 4.8864764326162264 -4.0791555383211042 4.3490695965248163
      vertex 4.8682843706281433 -4.0749717451702381 4.3278330411574997
    endloop
  endfacet
  facet normal 0.170039 -0.782469 0.599023
    outer loop
      vertex 4.8228343400081357 -4.0423567634880788 4.4152031251931261
      vertex 5.245217415981565 -3.9326547961019864 4.4386027688651666
      vertex 4.8459952776328761 -3.8223134667110159 4.6960583643141458
    endloop
  endfacet
  facet normal 0.00442327 -0.987764 0.155891
    outer loop
      vertex 4.3959747906364885 -4.039654270193445 4.3553217353159557
      vertex 4.7892424930606623 -4.0220093377325341 4.455965553430377
      vertex 4.6393658842304788 -4.0104892820039302 4.5332119180475949
    endloop
  endfacet
  facet normal 0.00442327 -0.987764 0.155891
    outer loop
      vertex 4.3574032056413481 -4.0327341357955309 4.4002637527965547
      vertex 4.3959747906364885 -4.039654270193445 4.3553217353159557
      vertex 4.6393658842304788 -4.0104892820039302 4.5332119180475949
    endloop
  endfacet
  facet normal 0.00442327 -0.987764 0.155891
    outer loop
      vertex 4.6393658842304788 -4.0104892820039302 4.5332119180475949
      vertex 4.5038959812601194 -3.9597608329353142 4.8584830341439194
      vertex 4.4363447428366722 -3.9600633314318618 4.8584830341439194
    endloop
  endfacet
  facet normal 0.00442327 -0.987764 0.155891
    outer loop
      vertex 4.3574032056413481 -4.0327341357955309 4.4002637527965547
      vertex 4.6393658842304788 -4.0104892820039302 4.5332119180475949
      vertex 4.4363447428366722 -3.9600633314318618 4.8584830341439194
    endloop
  endfacet
  facet normal 0.542446 -0.7793 0.313758
    outer loop
      vertex 4.3988003858971503 -3.9946253467541748 4.9415172284939173
      vertex 4.4568291026035114 -3.9740144998911071 4.892385590521422
      vertex 4.4571146444541379 -3.9409432900604737 4.9740329283300042
    endloop
  endfacet
  facet normal 0.481998 -0.812669 0.327486
    outer loop
      vertex 4.4568291026035114 -3.9740144998911071 4.892385590521422
      vertex 4.5450248097953674 -3.8600162818710673 5.0454694100595781
      vertex 4.4571146444541379 -3.9409432900604737 4.9740329283300042
    endloop
  endfacet
  facet normal 0.57455 -0.703067 0.419033
    outer loop
      vertex 4.8459952776328761 -3.8223134667110159 4.6960583643141458
      vertex 4.7348430563783612 -3.6852762761380067 5.0783880757719775
      vertex 4.5450248097953674 -3.8600162818710673 5.0454694100595781
    endloop
  endfacet
  facet normal 0.549974 -0.597431 0.583613
    outer loop
      vertex 4.2440886434394773 -3.3033067844613253 19.955950864665638
      vertex 3.2816889487345593 -5.0229988695751722 19.102470337245556
      vertex 4.7348430563783612 -3.6852762761380067 19.102470337245556
    endloop
  endfacet
  facet normal 0.57455 -0.703067 0.419033
    outer loop
      vertex 4.8459952776328761 -3.8223134667110159 4.6960583643141458
      vertex 4.8561478615501867 -3.4611246291186326 5.2881521136825729
      vertex 4.7348430563783612 -3.6852762761380067 5.0783880757719775
    endloop
  endfacet
  facet normal 0.57455 -0.703067 0.419033
    outer loop
      vertex 4.8459952776328761 -3.8223134667110159 4.6960583643141458
      vertex 5.2969809309372078 -3.0076786994120361 5.4445182700281798
      vertex 4.8561478615501867 -3.4611246291186326 5.2881521136825729
    endloop
  endfacet
  facet normal 0.879474 -0.475947 2.49991e-17
    outer loop
      vertex 5.0387308648806597 -3.1237407896549092 5.9172322944382394
      vertex 5.4734436809071916 -2.3204618630307441 6.1834612174615939
      vertex 4.7348430563783612 -3.6852762761380067 19.102470337245556
    endloop
  endfacet
  facet normal 0.742296 -0.569779 0.352631
    outer loop
      vertex 5.4734436809071916 -2.3204618630307441 6.1834612174615939
      vertex 5.8093356049082372 -2.0859748516804197 5.855284928916098
      vertex 5.5685458256043603 -2.1447284917207643 6.2672182148568769
    endloop
  endfacet
  facet normal 0.452108 -0.56053 0.693833
    outer loop
      vertex 5.2969809309372078 -3.0076786994120361 5.4445182700281798
      vertex 5.7332649525616084 -3.0649127509737668 5.113993512473999
      vertex 5.7427514027627833 -2.8556843582224425 5.2768425072389338
    endloop
  endfacet
  facet normal 0.404653 -0.36607 0.838003
    outer loop
      vertex 5.8093356049082372 -2.0859748516804197 5.855284928916098
      vertex 6.4411260965864727 -2.1835086603075808 5.5076007158044789
      vertex 6.6331950017440597 -1.1919554736817413 5.8480013547341798
    endloop
  endfacet
  facet normal 4.68284e-17 -0.324699 0.945817
    outer loop
      vertex 6.4411260965864727 -2.1835086603075808 5.5076007158044789
      vertex 19.110918581718863 -0.98756754168440486 5.9181678204163344
      vertex 6.6331950017440597 -1.1919554736817413 5.8480013547341798
    endloop
  endfacet
  facet normal 0 -0.324699 0.945817
    outer loop
      vertex 5.7427514027627833 -2.8556843582224425 5.2768425072389338
      vertex 19.110918581718863 -2.8556843582224425 5.2768425072389338
      vertex 5.8224735122091493 -2.743866696330429 5.3152295590532601
    endloop
  endfacet
  facet normal -0 0 1
    outer loop
      vertex 6.6150055903467919 -0.9406044644302507 5.9181678204163344
      vertex 19.110918581718863 -0.98756754168440486 5.9181678204163344
      vertex 19.110918581718863 0.98756754168440486 5.9181678204163344
    endloop
  endfacet
  facet normal 0.1605 0.32049 0.933556
    outer loop
      vertex 19.378115294937455 0.98031729230182496 5.8747194578741704
      vertex 19.110918581718863 2.8556843582224425 5.2768425072389338
      vertex 19.110918581718863 0.98756754168440486 5.9181678204163344
    endloop
  endfacet
  facet normal 0.804334 0 0.594178
    outer loop
      vertex 19.378115294937455 0.98031729230182496 5.8747194578741704
      vertex 20 -0.83983901457853138 5.0328792924192536
      vertex 20 0.83983901457853127 5.0328792924192536
    endloop
  endfacet
  facet normal 0.804334 -0.192929 0.561984
    outer loop
      vertex 19.378115294937455 -2.8347192870945159 5.2381024489490207
      vertex 20 -2.4285074550610197 4.487488727917186
      vertex 19.378115294937455 -0.98031729230182496 5.8747194578741704
    endloop
  endfacet
  facet normal 1 -0 0
    outer loop
      vertex 20 -0.83983901457853138 5.0328792924192536
      vertex 20 1.6567694101362733 -4.8260044202328976
      vertex 20 0.83983901457853127 5.0328792924192536
    endloop
  endfacet
  facet normal 1 0 0
    outer loop
      vertex 20 -2.4285074550610197 4.487488727917186
      vertex 20 -1.6567694101362762 -4.8260044202328967
      vertex 20 8.8395685410297753e-17 -5.1024703372455535
    endloop
  endfacet
  facet normal 1 0 0
    outer loop
      vertex 20 0.83983901457853127 5.0328792924192536
      vertex 20 1.6567694101362733 -4.8260044202328976
      vertex 20 3.1340021472581561 -4.0265660411139441
    endloop
  endfacet
  facet normal 0.804334 0.437151 -0.402426
    outer loop
      vertex 19.378115294937455 3.6582207372326545 -4.7000820992821328
      vertex 20 4.2716171226708761 -2.7907867528307735
      vertex 20 3.1340021472581561 -4.0265660411139441
    endloop
  endfacet
  facet normal 0.1605 0.469777 -0.868072
    outer loop
      vertex 19.378115294937455 3.6582207372326545 -4.7000820992821328
      vertex 19.110918581718874 1.9481968152281008 -5.674903450203808
      vertex 19.110918581718863 3.6852762761380067 -4.7348430563783612
    endloop
  endfacet
  facet normal 0.1605 0.162461 -0.973574
    outer loop
      vertex 19.378115294937455 4.3383006391813873e-18 -5.9559508646656383
      vertex 19.110918581718867 0 -6
      vertex 19.378115294937455 1.9338940843661083 -5.6332410185225639
    endloop
  endfacet
  facet normal 0.324937 0.578708 -0.748006
    outer loop
      vertex 5.8624066141846773 1.7895475706089818 -6.0056369751446868
      vertex 5.1804792592519524 3.213531589266442 -5.2001788775858104
      vertex 6.2202418425677326 2.174207179404005 -5.5525927576091574
    endloop
  endfacet
  facet normal 1.67138e-16 0.475947 -0.879474
    outer loop
      vertex 5.0557432906446902 3.5715082769116391 -4.7964112186669485
      vertex 19.110918581718874 1.9481968152281008 -5.674903450203808
      vertex 5.6180781580491939 3.3195206508999009 -4.9327801023469453
    endloop
  endfacet
  facet normal 2.04961e-17 0.475947 -0.879474
    outer loop
      vertex 5.0557432906446902 3.5715082769116391 -4.7964112186669485
      vertex 19.110918581718863 3.6852762761380067 -4.7348430563783612
      vertex 19.110918581718874 1.9481968152281008 -5.674903450203808
    endloop
  endfacet
  facet normal 0.33876 0.753527 -0.563417
    outer loop
      vertex 4.9050797565875452 3.6852762761380067 -4.7348430563783612
      vertex 4.5933329810215069 3.9539981617827844 -4.5628887194859686
      vertex 4.7949539340155427 3.9489373901164888 -4.4484307369008791
    endloop
  endfacet
  facet normal 2.06193e-16 0.735724 -0.677282
    outer loop
      vertex 19.110918581718863 3.6852762761380067 -4.7348430563783612
      vertex 4.9967827808212304 4.309006636094959 -4.0572912686757006
      vertex 5.2329205163463639 4.505271493432323 -3.8440908001890981
    endloop
  endfacet
  facet normal -0.580495 0.740415 0.338838
    outer loop
      vertex 4.7143921040222665 4.0535597649669128 -3.9828896477066533
      vertex 4.9967827808212304 4.309006636094959 -4.0572912686757006
      vertex 4.9874272166784825 4.3041073085992094 -4.0626133570593979
    endloop
  endfacet
  facet normal 0.367209 -0.106132 0.924064
    outer loop
      vertex 4.7136867407627534 4.0544764741007215 -3.9825040602946871
      vertex 4.9874272166784825 4.3041073085992094 -4.0626133570593979
      vertex 4.8256831441672539 4.3702717884986546 -3.9907395723018615
    endloop
  endfacet
  facet normal 0.388445 -0.113915 0.914404
    outer loop
      vertex 4.587138657636264 4.2158869854604735 -3.9086372388364157
      vertex 4.8256831441672539 4.3702717884986546 -3.9907395723018615
      vertex 4.8152445730892666 4.374882715284155 -3.9857307706031628
    endloop
  endfacet
  facet normal 0.05746 0.131509 -0.989648
    outer loop
      vertex 4.3914556738584754 4.4422328334904764 -4.0013866304919024
      vertex 4.6008710290660506 4.6303463695130587 -3.964230463384256
      vertex 4.8152445730892666 4.374882715284155 -3.9857307706031628
    endloop
  endfacet
  facet normal 0.677282 0 -0.735724
    outer loop
      vertex 4.0388224130141577 4.4702443093860955 -4.3260084154406018
      vertex 4.450473179141996 4.8252946685837319 -3.9470571895807289
      vertex 4.3914556738584754 4.4422328334904764 -4.0013866304919024
    endloop
  endfacet
  facet normal 0.982796 0.130598 -0.130598
    outer loop
      vertex 4.0388224130141577 4.3260084154406027 -4.4702443093860946
      vertex 3.9733961389751942 4.4633140138193257 -4.8252946685837301
      vertex 3.9978453117059165 4.529327345885835 -4.5752926251225334
    endloop
  endfacet
  facet normal 0.982796 0.130598 -0.130598
    outer loop
      vertex 4.0388224130141577 4.3260084154406027 -4.4702443093860946
      vertex 3.9850659218240549 4.3754947517009093 -4.8252946685837301
      vertex 3.9733961389751942 4.4633140138193257 -4.8252946685837301
    endloop
  endfacet
  facet normal 0.916995 0.121854 0.379832
    outer loop
      vertex 4.0231412683557233 4.3660321787492657 -4.9141809930978368
      vertex 3.9733961389751942 4.4633140138193257 -4.8252946685837301
      vertex 3.9850659218240549 4.3754947517009093 -4.8252946685837301
    endloop
  endfacet
  facet normal 0.916995 0.121854 0.379832
    outer loop
      vertex 4.0520219722846145 4.3138573651379382 -4.9671669482305285
      vertex 4.0231412683557233 4.3660321787492657 -4.9141809930978368
      vertex 3.9850659218240549 4.3754947517009093 -4.8252946685837301
    endloop
  endfacet
  facet normal 0.762338 0.61779 -0.19281
    outer loop
      vertex 4.0520219722846145 4.3138573651379382 -4.9671669482305285
      vertex 3.2438651802147627 5.2338761074658438 -5.2146110928783846
      vertex 4.0231412683557233 4.3660321787492657 -4.9141809930978368
    endloop
  endfacet
  facet normal 0.762276 0.603509 -0.233905
    outer loop
      vertex 4.0231412683557233 4.3660321787492657 -4.9141809930978368
      vertex 3.2438651802147627 5.2338761074658438 -5.2146110928783846
      vertex 3.9733961389751942 4.4633140138193257 -4.8252946685837301
    endloop
  endfacet
  facet normal 0.677282 0.735724 -1.57506e-16
    outer loop
      vertex 4.0520219722846145 4.3138573651379382 -4.9671669482305285
      vertex 3.9850659218240549 4.3754947517009093 -4.8252946685837301
      vertex 4.0388224130141577 4.3260084154406027 -4.4702443093860946
    endloop
  endfacet
  facet normal 0.677282 1.57354e-15 -0.735724
    outer loop
      vertex 4.0388224130141577 4.4702443093860955 -4.3260084154406018
      vertex 3.9853173363006946 4.823634128651487 -4.3752633083708794
      vertex 4.0212636046525541 4.8998199162376253 -4.3421724372298911
    endloop
  endfacet
  facet normal -0.917034 0.379694 0.121987
    outer loop
      vertex 3.8923013853185946 4.5411675166304448 -4.1953095782123171
      vertex 3.9853173363006946 4.823634128651487 -4.3752633083708794
      vertex 3.9728803272714353 4.8236580276126579 -4.4688323211249639
    endloop
  endfacet
  facet normal 0.344596 0.600424 0.721626
    outer loop
      vertex 3.8912072645376217 4.5426038977482142 -4.1959822356600158
      vertex 3.9728803272714353 4.8236580276126579 -4.4688323211249639
      vertex 3.9725056628098852 4.8252946685837319 -4.4700151633423477
    endloop
  endfacet
  facet normal 0.762276 0.603509 -0.233905
    outer loop
      vertex 3.9733961389751942 4.4633140138193257 -4.8252946685837301
      vertex 3.2438651802147627 5.2338761074658438 -5.2146110928783846
      vertex 3.9978453117059165 4.529327345885835 -4.5752926251225334
    endloop
  endfacet
  facet normal 0.344596 0.600424 0.721626
    outer loop
      vertex 3.8912072645376217 4.5426038977482142 -4.1959822356600158
      vertex 3.9725056628098852 4.8252946685837319 -4.4700151633423477
      vertex 3.8529976140565245 4.9874347041505542 -4.5478541917644382
    endloop
  endfacet
  facet normal 0.344596 0.600424 0.721626
    outer loop
      vertex 3.7482198977887995 5.129589670443413 -4.6160989310907148
      vertex 3.8529976140565245 4.9874347041505542 -4.5478541917644382
      vertex 3.8454494811785827 4.9988044848089723 -4.5537098918788734
    endloop
  endfacet
  facet normal 0.758499 0.18115 -0.62599
    outer loop
      vertex 3.3529453146590167 5.6659635036723826 -4.9574027637513165
      vertex 4.0183270944769394 4.9284549285850607 -4.3645957188288964
      vertex 3.8454494811785827 4.9988044848089723 -4.5537098918788734
    endloop
  endfacet
  facet normal 0.677282 -3.16553e-16 -0.735724
    outer loop
      vertex 3.2816889487345611 5.6262249117919749 -5.0229988695751704
      vertex 4.7348430563783612 19.11091858171887 -3.6852762761380067
      vertex 3.3529453146590167 5.6659635036723826 -4.9574027637513165
    endloop
  endfacet
  facet normal 0.0825793 0 -0.996584
    outer loop
      vertex 0.92245808114038363 6.4350349908769884 -5.8620135842420726
      vertex 1.4729129228447957 19.11091858171886 -5.8164015956359822
      vertex 1.4729129228447957 6.3044421507126724 -5.8164015956359822
    endloop
  endfacet
  facet normal 0.238679 0.804334 -0.544132
    outer loop
      vertex 1.4620994993991088 19.378115294937455 -5.7737003521284542
      vertex 1.2525824163602031 20 -4.9463361018733858
      vertex 3.2575963552965446 19.378115294937455 -4.9861224100767947
    endloop
  endfacet
  facet normal 0.238679 0.804334 -0.544132
    outer loop
      vertex 3.2575963552965446 19.378115294937455 -4.9861224100767947
      vertex 1.2525824163602031 20 -4.9463361018733858
      vertex 2.7907867528307722 20 -4.271617122670877
    endloop
  endfacet
  facet normal 0 1 0
    outer loop
      vertex -3.4558091291833928 20 -3.7540094306119522
      vertex 2.7907867528307722 20 -4.271617122670877
      vertex 1.2525824163602031 20 -4.9463361018733858
    endloop
  endfacet
  facet normal 0 1 0
    outer loop
      vertex -3.4558091291833928 20 -3.7540094306119522
      vertex 1.2525824163602031 20 -4.9463361018733858
      vertex -0.42135866074173078 20 -5.0850428141254325
    endloop
  endfacet
  facet normal 0.0490668 0.804334 -0.592148
    outer loop
      vertex 1.4620994993991088 19.378115294937455 -5.7737003521284542
      vertex -0.42135866074173078 20 -5.0850428141254325
      vertex 1.2525824163602031 20 -4.9463361018733858
    endloop
  endfacet
  facet normal 0.0490668 0.804334 -0.592148
    outer loop
      vertex -0.49183852406946238 19.378115294937455 -5.9356082728354425
      vertex -0.42135866074173078 20 -5.0850428141254325
      vertex 1.4620994993991088 19.378115294937455 -5.7737003521284542
    endloop
  endfacet
  facet normal 0.677282 -7.69869e-18 -0.735724
    outer loop
      vertex 3.2816889487345611 5.6262249117919749 -5.0229988695751704
      vertex 3.2816889487345593 19.110918581718863 -5.0229988695751722
      vertex 4.7348430563783612 19.11091858171887 -3.6852762761380067
    endloop
  endfacet
  facet normal 0.402426 0.804334 -0.437151
    outer loop
      vertex 3.2575963552965446 19.378115294937455 -4.9861224100767947
      vertex 2.7907867528307722 20 -4.271617122670877
      vertex 4.7000820992821328 19.378115294937455 -3.6582207372326541
    endloop
  endfacet
  facet normal 0.402426 0.804334 -0.437151
    outer loop
      vertex 4.7000820992821328 19.378115294937455 -3.6582207372326541
      vertex 2.7907867528307722 20 -4.271617122670877
      vertex 4.0265660411139441 20 -3.1340021472581556
    endloop
  endfacet
  facet normal 0 1 0
    outer loop
      vertex -4.4874887279171869 20 -2.4285074550610197
      vertex 4.0265660411139441 20 -3.1340021472581556
      vertex 2.7907867528307722 20 -4.271617122670877
    endloop
  endfacet
  facet normal 0.879474 1.31597e-17 -0.475947
    outer loop
      vertex 4.7985795177622377 5.2289183143598814 -3.5675016111183817
      vertex 4.7348430563783612 19.11091858171887 -3.6852762761380067
      vertex 5.6749034502038072 19.110918581718863 -1.9481968152281033
    endloop
  endfacet
  facet normal 0.522564 0.804334 -0.282797
    outer loop
      vertex 4.7000820992821328 19.378115294937455 -3.6582207372326541
      vertex 4.0265660411139441 20 -3.1340021472581556
      vertex 5.633241018522563 19.378115294937455 -1.9338940843661112
    endloop
  endfacet
  facet normal 0.522564 0.804334 -0.282797
    outer loop
      vertex 5.633241018522563 19.378115294937455 -1.9338940843661112
      vertex 4.0265660411139441 20 -3.1340021472581556
      vertex 4.8260044202328967 20 -1.656769410136276
    endloop
  endfacet
  facet normal 0 1 0
    outer loop
      vertex -5.0328792924192536 20 -0.83983901457853127
      vertex 4.8260044202328967 20 -1.656769410136276
      vertex 4.0265660411139441 20 -3.1340021472581556
    endloop
  endfacet
  facet normal 0.986361 -5.29552e-17 -0.164595
    outer loop
      vertex 5.7425844260229564 6.6387372476072999 -1.5426069631516657
      vertex 5.6749034502038072 19.110918581718863 -1.9481968152281033
      vertex 6 19.110918581718863 0
    endloop
  endfacet
  facet normal 0.586074 0.804334 -0.0977985
    outer loop
      vertex 5.633241018522563 19.378115294937455 -1.9338940843661112
      vertex 4.8260044202328967 20 -1.656769410136276
      vertex 5.9559508646656383 19.378115294937455 3.7185434050126177e-18
    endloop
  endfacet
  facet normal 0.586074 0.804334 -0.0977985
    outer loop
      vertex 5.9559508646656383 19.378115294937455 3.7185434050126177e-18
      vertex 4.8260044202328967 20 -1.656769410136276
      vertex 5.1024703372455535 20 7.576773035168378e-17
    endloop
  endfacet
  facet normal 0 1 0
    outer loop
      vertex -4.4874887279171869 20 2.4285074550610197
      vertex 5.1024703372455535 20 7.576773035168378e-17
      vertex 4.8260044202328967 20 -1.656769410136276
    endloop
  endfacet
  facet normal -0 1 0
    outer loop
      vertex -5.0328792924192536 20 0.83983901457853127
      vertex -4.4874887279171869 20 2.4285074550610197
      vertex 4.8260044202328967 20 -1.656769410136276
    endloop
  endfacet
  facet normal 0.986361 -1.14532e-17 0.164595
    outer loop
      vertex 5.9155315860366331 6.8414563881514763 0.50619145350501527
      vertex 6 19.110918581718863 0
      vertex 5.674903450203808 19.110918581718863 1.9481968152281008
    endloop
  endfacet
  facet normal 0.586074 0.804334 0.0977985
    outer loop
      vertex 5.9559508646656383 19.378115294937455 3.7185434050126177e-18
      vertex 5.1024703372455535 20 7.576773035168378e-17
      vertex 5.6332410185225639 19.378115294937455 1.9338940843661083
    endloop
  endfacet
  facet normal 0.586074 0.804334 0.0977985
    outer loop
      vertex 5.6332410185225639 19.378115294937455 1.9338940843661083
      vertex 5.1024703372455535 20 7.576773035168378e-17
      vertex 4.8260044202328976 20 1.6567694101362733
    endloop
  endfacet
  facet normal 0.868072 0.1605 0.469777
    outer loop
      vertex 4.7000820992821328 19.378115294937455 3.6582207372326541
      vertex 4.7348430563783612 19.11091858171886 3.6852762761380067
      vertex 5.6332410185225639 19.378115294937455 1.9338940843661083
    endloop
  endfacet
  facet normal 0.668501 0.1605 0.726186
    outer loop
      vertex 4.7000820992821328 19.378115294937455 3.6582207372326541
      vertex 3.2816889487345611 19.11091858171887 5.0229988695751713
      vertex 4.7348430563783612 19.11091858171886 3.6852762761380067
    endloop
  endfacet
  facet normal 0.986361 -0 0.164595
    outer loop
      vertex 5.674903450203808 6.2271067793219785 1.9481968152281008
      vertex 5.7399336663362464 6.5618855879924274 1.5584920950696262
      vertex 5.674903450203808 19.110918581718863 1.9481968152281008
    endloop
  endfacet
  facet normal 0.808064 0.373413 0.455626
    outer loop
      vertex 6.0887313737830846 5.9090778615062574 1.4749062881156583
      vertex 5.7399336663362464 6.5618855879924274 1.5584920950696262
      vertex 5.674903450203808 6.2271067793219785 1.9481968152281008
    endloop
  endfacet
  facet normal 0.78912 0.457229 0.41016
    outer loop
      vertex 5.4062231532721556 6.217064543499335 2.4446745185934118
      vertex 5.7614618574273786 5.6680112213244209 2.3732802815062182
      vertex 5.4963226508493097 6.2109144597210628 2.2781852294928679
    endloop
  endfacet
  facet normal 0.289996 0.8846 0.36522
    outer loop
      vertex 6.2262366445097896 5.521257600624212 2.3050618618734187
      vertex 6.5979299796061683 5.7145596846945246 1.5417291944847729
      vertex 6.0887313737830846 5.9090778615062574 1.4749062881156583
    endloop
  endfacet
  facet normal 0 0.9694 0.245485
    outer loop
      vertex 6.2262366445097896 5.521257600624212 2.3050618618734187
      vertex 6.1837149441061205 5.4946399599303444 2.4101725479178171
      vertex 19.110918581718867 5.4946399599303444 2.4101725479178171
    endloop
  endfacet
  facet normal 0.204703 0.745074 0.634792
    outer loop
      vertex 6.2288162387140433 5.4501169715573159 2.4783200548148581
      vertex 5.7614618574273786 5.6680112213244209 2.3732802815062182
      vertex 5.7638705218876893 5.0300033537859159 3.1213518168508658
    endloop
  endfacet
  facet normal 0.310638 0.723713 0.616233
    outer loop
      vertex 5.7311435032498279 4.9836882187095988 3.1922424084842587
      vertex 5.7638705218876893 5.0300033537859159 3.1213518168508658
      vertex 5.2842303185648882 5.2468287597171805 3.1084916178827822
    endloop
  endfacet
  facet normal 1.81757e-15 0.837166 0.546948
    outer loop
      vertex 5.2214091646735135 4.508987157399619 3.9188264728470945
      vertex 19.110918581718867 5.4946399599303444 2.4101725479178171
      vertex 5.2686279556130931 4.5538303197311176 3.8501889032242502
    endloop
  endfacet
  facet normal 0.117157 0.51492 0.849195
    outer loop
      vertex 4.8103042504850144 4.5627434179586688 3.9429476645099717
      vertex 4.9313073839368924 4.465683902000344 3.9851070394447787
      vertex 5.2214091646735135 4.508987157399619 3.9188264728470945
    endloop
  endfacet
  facet normal -0.381589 -0.0755689 0.921238
    outer loop
      vertex 4.7892424930606632 4.5021738012458901 3.9292550907913371
      vertex 4.8103042504850144 4.5627434179586688 3.9429476645099717
      vertex 4.7892424930606632 4.5882041205985784 3.9363121330133239
    endloop
  endfacet
  facet normal 0.00446302 -0.0817543 0.996643
    outer loop
      vertex 4.4683297494559531 4.5012826765981062 3.9306190586043726
      vertex 4.7892424930606632 4.5882041205985784 3.9363121330133239
      vertex 4.6510114821789701 4.6700729632237215 3.9436468172586987
    endloop
  endfacet
  facet normal 0.611282 0.408385 0.677906
    outer loop
      vertex 4.8179907375096462 4.7834458820001071 3.8080615414514707
      vertex 5.2842303185648882 5.2468287597171805 3.1084916178827822
      vertex 4.7348430563783612 5.1117235929391249 3.6852762761380067
    endloop
  endfacet
  facet normal 0.677282 -0 0.735724
    outer loop
      vertex 4.7348430563783612 5.1117235929391249 3.6852762761380067
      vertex 4.7348430563783612 19.11091858171886 3.6852762761380067
      vertex 3.2816889487345611 19.11091858171887 5.0229988695751713
    endloop
  endfacet
  facet normal 0.479601 0.28581 0.829636
    outer loop
      vertex 4.4376281155246113 4.9138870503603487 3.9830066793387897
      vertex 4.5607116686358902 5.1062769661021861 3.8455755110122545
      vertex 4.4499741175538805 4.9961889881161223 3.9475166081368398
    endloop
  endfacet
  facet normal 0.00413715 -0.38268 0.923872
    outer loop
      vertex 4.4363447428366687 4.8584830341439202 3.9600633314318636
      vertex 4.510911301722115 4.8584830341439202 3.9597294179095952
      vertex 4.4376281155246113 4.9138870503603487 3.9830066793387897
    endloop
  endfacet
  facet normal 0.00446302 -0.0817543 0.996643
    outer loop
      vertex 4.4683297494559531 4.5012826765981062 3.9306190586043726
      vertex 4.6510114821789701 4.6700729632237215 3.9436468172586987
      vertex 4.4363447428366687 4.8584830341439202 3.9600633314318636
    endloop
  endfacet
  facet normal 0.00446302 -0.0817543 0.996643
    outer loop
      vertex 4.4683297494559531 4.5012826765981062 3.9306190586043726
      vertex 4.7892424930606632 4.5021738012458901 3.9292550907913371
      vertex 4.7892424930606632 4.5882041205985784 3.9363121330133239
    endloop
  endfacet
  facet normal -0.381589 -0.0755689 0.921238
    outer loop
      vertex 4.7892424930606632 4.5021738012458901 3.9292550907913371
      vertex 4.9313073839368924 4.465683902000344 3.9851070394447787
      vertex 4.8103042504850144 4.5627434179586688 3.9429476645099717
    endloop
  endfacet
  facet normal -1.37124e-15 0.837166 0.546948
    outer loop
      vertex 4.9313073839368924 4.465683902000344 3.9851070394447787
      vertex 19.110918581718867 5.4946399599303444 2.4101725479178171
      vertex 5.2214091646735135 4.508987157399619 3.9188264728470945
    endloop
  endfacet
  facet normal 0.1605 0.826313 0.539857
    outer loop
      vertex 19.378115294937455 4.3819354619288235 4.0338557621464339
      vertex 19.110918581718867 5.4946399599303444 2.4101725479178171
      vertex 19.110918581718863 4.4143434640387902 4.0636894297544455
    endloop
  endfacet
  facet normal -7.46478e-17 0.614213 0.789141
    outer loop
      vertex 4.930999312818698 4.1016113806824563 4.3070985805662669
      vertex 5.2452174159815677 3.9326547961019882 4.4386027688651639
      vertex 19.110918581718863 4.4143434640387902 4.0636894297544455
    endloop
  endfacet
  facet normal 2.90054e-14 0.614213 0.789141
    outer loop
      vertex 4.8686432701172961 4.0751412247681698 4.3277011298915697
      vertex 4.8777278088506879 4.0695484246509688 4.3320541809523299
      vertex 4.930999312818698 4.1016113806824563 4.3070985805662669
    endloop
  endfacet
  facet normal -2.30624e-15 0.614213 0.789141
    outer loop
      vertex 4.3237767925192232 4.4143434640387902 4.0636894297544455
      vertex 4.3959747906364939 4.0396542701934468 4.355321735315953
      vertex 4.7892424930606632 4.0376465718705132 4.3568843896449465
    endloop
  endfacet
  facet normal -0.378679 0.914212 0.144283
    outer loop
      vertex 4.8686432701172961 4.0751412247681698 4.3277011298915697
      vertex 4.8228343400081366 4.0423567634880797 4.4152031251931252
      vertex 4.8867982066193383 4.0793415926854788 4.3487352258373129
    endloop
  endfacet
  facet normal 0.24251 0.773284 0.585851
    outer loop
      vertex 4.8228343400081366 4.0423567634880797 4.4152031251931252
      vertex 4.7892424930606632 4.0220093377325359 4.4559655534303753
      vertex 4.8459952776328752 3.8223134667110163 4.6960583643141449
    endloop
  endfacet
  facet normal 0.24251 0.773284 0.585851
    outer loop
      vertex 4.639365884230477 4.010489282003932 4.5332119180475949
      vertex 4.8459952776328752 3.8223134667110163 4.6960583643141449
      vertex 4.7892424930606632 4.0220093377325359 4.4559655534303753
    endloop
  endfacet
  facet normal 0.481998 0.812669 0.327486
    outer loop
      vertex 4.639365884230477 4.010489282003932 4.5332119180475949
      vertex 4.5038959812601158 3.9597608329353147 4.8584830341439211
      vertex 4.8459952776328752 3.8223134667110163 4.6960583643141449
    endloop
  endfacet
  facet normal 0.00413715 0.923872 -0.38268
    outer loop
      vertex 4.4363447428366705 3.9600633314318623 4.8584830341439211
      vertex 4.4568291026035096 3.9740144998911067 4.892385590521422
      vertex 4.5038959812601158 3.9597608329353147 4.8584830341439211
    endloop
  endfacet
  facet normal 0.677282 0.735724 -4.32831e-15
    outer loop
      vertex 3.9249777998753035 4.4308097646821434 4.8584830341439211
      vertex 4.3988003858971512 3.9946253467541739 4.9415172284939155
      vertex 4.4363447428366705 3.9600633314318623 4.8584830341439211
    endloop
  endfacet
  facet normal 0.00442327 0.987764 0.155891
    outer loop
      vertex 4.3574032056413463 4.0327341357955317 4.40026375279656
      vertex 4.7892424930606632 4.0376465718705132 4.3568843896449465
      vertex 4.3959747906364939 4.0396542701934468 4.355321735315953
    endloop
  endfacet
  facet normal 0.99309 0.0829801 0.0829801
    outer loop
      vertex 3.9641355032171761 4.3947625593706103 4.4258983874974573
      vertex 3.9641355032171761 4.4258983874974573 4.3947625593706103
      vertex 3.9249777998753035 4.4308097646821434 4.8584830341439211
    endloop
  endfacet
  facet normal 1.63982e-14 0.614213 0.789141
    outer loop
      vertex 4.314250728049501 4.4030765899369788 4.0724587898661193
      vertex 4.3959747906364939 4.0396542701934468 4.355321735315953
      vertex 4.3237767925192232 4.4143434640387902 4.0636894297544455
    endloop
  endfacet
  facet normal 0.99309 0.0829801 0.0829801
    outer loop
      vertex 3.9641355032171761 4.4258983874974573 4.3947625593706103
      vertex 3.9249777998753048 4.8584830341439202 4.4308097646821425
      vertex 3.9179400882551256 4.8584830341439202 4.5150357419136551
    endloop
  endfacet
  facet normal 0.921139 -0.381548 0.0769681
    outer loop
      vertex 3.9249777998753048 4.8584830341439202 4.4308097646821425
      vertex 3.9904725514254165 5.0044388760259615 4.3705175985317828
      vertex 3.9648665573315061 4.9522552329394864 4.4182789803503271
    endloop
  endfacet
  facet normal 0.677282 -1.8342e-16 0.735724
    outer loop
      vertex 4.3237767925192232 4.4143434640387902 4.0636894297544455
      vertex 4.3912705519259232 4.9581704288243165 4.0015570472360142
      vertex 3.2816889487345611 19.11091858171887 5.0229988695751713
    endloop
  endfacet
  facet normal 0.759157 0.195679 0.620799
    outer loop
      vertex 3.9648665573315061 4.9522552329394864 4.4182789803503271
      vertex 3.9904725514254165 5.0044388760259615 4.3705175985317828
      vertex 3.2143520639892191 5.2277977729881995 5.2492085463120786
    endloop
  endfacet
  facet normal 0.677282 0 0.735724
    outer loop
      vertex 3.3164100276501753 5.6509155400268831 4.9910358647640418
      vertex 3.2816889487345611 19.11091858171887 5.0229988695751713
      vertex 3.2816889487345611 5.6332273605963827 5.0229988695751713
    endloop
  endfacet
  facet normal 0.532676 0.780253 0.327814
    outer loop
      vertex 2.0478105104472659 5.564228133205658 6.3440031988564503
      vertex 3.2816889487345611 5.0229988695751713 5.6272467468840714
      vertex 3.2143520639892191 5.2277977729881995 5.2492085463120786
    endloop
  endfacet
  facet normal 0.401695 0.915773 -7.03201e-17
    outer loop
      vertex 1.806446807375647 5.6701000693924248 6.484775501192499
      vertex 3.2816889487345611 5.0229988695751713 19.102470337245556
      vertex 2.0478105104472659 5.564228133205658 6.3440031988564503
    endloop
  endfacet
  facet normal 0.401695 0.915773 5.13271e-17
    outer loop
      vertex 1.4729129228447957 5.8164015956359822 6.3175262511879131
      vertex 3.2816889487345611 5.0229988695751713 19.102470337245556
      vertex 1.806446807375647 5.6701000693924248 6.484775501192499
    endloop
  endfacet
  facet normal 0.0825793 0.996584 0
    outer loop
      vertex 0.92887310145819613 5.8614820205033693 6.441426622231333
      vertex 1.4729129228447957 5.8164015956359822 19.102470337245553
      vertex 1.4729129228447957 5.8164015956359822 6.3175262511879131
    endloop
  endfacet
  facet normal 0.0825793 0.996584 -1.54579e-17
    outer loop
      vertex -0.043791036706444693 5.9420792688628312 6.8293488682662611
      vertex 1.4729129228447957 5.8164015956359822 19.102470337245553
      vertex 0.92887310145819613 5.8614820205033693 6.441426622231333
    endloop
  endfacet
  facet normal 0.0825793 0.996584 2.24339e-16
    outer loop
      vertex -0.4954760728339947 5.9795069580400195 6.3854401126772267
      vertex 1.4729129228447957 5.8164015956359822 19.102470337245553
      vertex -0.043791036706444693 5.9420792688628312 6.8293488682662611
    endloop
  endfacet
  facet normal -0.245485 0.9694 0
    outer loop
      vertex -1.1310199812134445 5.8185653826870158 6.4168153203452523
      vertex -0.4954760728339947 5.9795069580400195 19.102470337245556
      vertex -0.4954760728339947 5.9795069580400195 6.3854401126772267
    endloop
  endfacet
  facet normal -0.245485 0.9694 5.5484e-17
    outer loop
      vertex -1.8553533004890193 5.6351392748321976 6.4564243710628224
      vertex -0.4954760728339947 5.9795069580400195 19.102470337245556
      vertex -1.1310199812134445 5.8185653826870158 6.4168153203452523
    endloop
  endfacet
  facet normal -0.245485 0.9694 1.26012e-17
    outer loop
      vertex -2.2541233536406389 5.534156982795964 5.8883979464882312
      vertex -0.4954760728339947 5.9795069580400195 19.102470337245556
      vertex -1.8553533004890193 5.6351392748321976 6.4564243710628224
    endloop
  endfacet
  facet normal -0.245485 0.9694 0
    outer loop
      vertex -2.4101725479178171 5.4946399599303444 5.7412117248786299
      vertex -2.4101725479178171 5.4946399599303444 19.102470337245556
      vertex -2.2541233536406389 5.534156982795964 5.8883979464882312
    endloop
  endfacet
  facet normal -0.546948 0.837166 0
    outer loop
      vertex -3.299302095477985 4.9137426342520003 5.6502685068309049
      vertex -2.4101725479178171 5.4946399599303444 19.102470337245556
      vertex -2.4101725479178171 5.4946399599303444 5.7412117248786299
    endloop
  endfacet
  facet normal -0.546948 0.837166 1.32628e-16
    outer loop
      vertex -3.6505054719988679 4.6842900165204089 5.0657413136704958
      vertex -2.4101725479178171 5.4946399599303444 19.102470337245556
      vertex -3.299302095477985 4.9137426342520003 5.6502685068309049
    endloop
  endfacet
  facet normal -0.546948 0.837166 -1.32691e-16
    outer loop
      vertex -3.921903119278102 4.5069770839646131 4.8180168846886424
      vertex -2.4101725479178171 5.4946399599303444 19.102470337245556
      vertex -3.6505054719988679 4.6842900165204089 5.0657413136704958
    endloop
  endfacet
  facet normal -0.546948 0.837166 -6.12665e-16
    outer loop
      vertex -4.0636894297544455 4.4143434640387902 4.4143434640387902
      vertex -3.921903119278102 4.5069770839646131 4.8180168846886424
      vertex -3.8960309257354879 4.5238802316325515 4.5238802316325515
    endloop
  endfacet
  facet normal -0.546948 5.00329e-16 0.837166
    outer loop
      vertex -4.0636894297544455 4.4143434640387902 4.4143434640387902
      vertex -3.8960309257354879 4.5238802316325515 4.5238802316325515
      vertex -3.9219518516787808 4.8185709152236793 4.5069452454982093
    endloop
  endfacet
  facet normal -0.737834 0.428287 0.5217
    outer loop
      vertex -3.9195071535031558 4.6529584370830293 4.6463615588750127
      vertex -3.2056146824880369 5.1843285581399945 5.2197859196257888
      vertex -3.690856043428794 5.0327798205184822 4.6579276724755436
    endloop
  endfacet
  facet normal -0.766016 0.23623 0.597842
    outer loop
      vertex -3.690856043428794 5.0327798205184822 4.6579276724755436
      vertex -3.2056146824880369 5.1843285581399945 5.2197859196257888
      vertex -3.3005138344528264 5.6531282549221151 4.9129509656680046
    endloop
  endfacet
  facet normal -0.559317 0.371728 0.740934
    outer loop
      vertex -3.3005138344528264 5.6531282549221151 4.9129509656680046
      vertex -3.2056146824880369 5.1843285581399945 5.2197859196257888
      vertex -2.9494917619355063 5.7241778115651938 5.142285131582204
    endloop
  endfacet
  facet normal -0.565648 0.331918 0.7549
    outer loop
      vertex -2.9494917619355063 5.7241778115651938 5.142285131582204
      vertex -1.7715092178093976 5.8301507734102014 5.9783547543347231
      vertex -2.4101725479178171 5.8418938837790844 5.4946399599303444
    endloop
  endfacet
  facet normal -0.565648 0.331918 0.7549
    outer loop
      vertex -2.4101725479178171 5.8418938837790844 5.4946399599303444
      vertex -1.7715092178093976 5.8301507734102014 5.9783547543347231
      vertex -1.8577569411116897 6.4651477604684304 5.6345305903600558
    endloop
  endfacet
  facet normal -0.235911 0.437729 0.867605
    outer loop
      vertex -1.7715092178093976 5.8301507734102014 5.9783547543347231
      vertex -0.60612352301658412 6.5114796465331564 5.9514872182448793
      vertex -1.8577569411116897 6.4651477604684304 5.6345305903600558
    endloop
  endfacet
  facet normal -0.237862 0.44098 0.865424
    outer loop
      vertex -1.7715092178093976 5.8301507734102014 5.9783547543347231
      vertex -0.4954760728339947 6.516173342807928 5.9795069580400195
      vertex -0.60612352301658412 6.5114796465331564 5.9514872182448793
    endloop
  endfacet
  facet normal -0.242303 0.1605 0.956833
    outer loop
      vertex -0.49183852406946094 19.378115294937455 5.9356082728354425
      vertex -2.4101725479178171 19.11091858171886 5.4946399599303444
      vertex -0.4954760728339947 19.110918581718867 5.9795069580400195
    endloop
  endfacet
  facet normal 0.0815088 0.1605 0.983665
    outer loop
      vertex -0.49183852406946094 19.378115294937455 5.9356082728354425
      vertex -0.4954760728339947 19.110918581718867 5.9795069580400195
      vertex 1.4620994993991088 19.378115294937455 5.7737003521284542
    endloop
  endfacet
  facet normal 0.0490668 0.804334 0.592148
    outer loop
      vertex -0.49183852406946094 19.378115294937455 5.9356082728354425
      vertex 1.4620994993991088 19.378115294937455 5.7737003521284542
      vertex 1.2525824163602031 20 4.9463361018733858
    endloop
  endfacet
  facet normal 0.0490668 0.804334 0.592148
    outer loop
      vertex -0.49183852406946094 19.378115294937455 5.9356082728354425
      vertex 1.2525824163602031 20 4.9463361018733858
      vertex -0.42135866074172929 20 5.0850428141254325
    endloop
  endfacet
  facet normal -0.145862 0.804334 0.575996
    outer loop
      vertex -2.3924782117940846 19.378115294937455 5.4543009367289175
      vertex -0.49183852406946094 19.378115294937455 5.9356082728354425
      vertex -0.42135866074172929 20 5.0850428141254325
    endloop
  endfacet
  facet normal 0 1 0
    outer loop
      vertex -0.42135866074172929 20 5.0850428141254325
      vertex 1.2525824163602031 20 4.9463361018733858
      vertex 2.7907867528307735 20 4.271617122670877
    endloop
  endfacet
  facet normal -0 1 0
    outer loop
      vertex -2.0496389888990336 20 4.6727062348981141
      vertex -0.42135866074172929 20 5.0850428141254325
      vertex 2.7907867528307735 20 4.271617122670877
    endloop
  endfacet
  facet normal -0.242303 0.1605 0.956833
    outer loop
      vertex -2.3924782117940846 19.378115294937455 5.4543009367289175
      vertex -2.4101725479178171 19.11091858171886 5.4946399599303444
      vertex -0.49183852406946094 19.378115294937455 5.9356082728354425
    endloop
  endfacet
  facet normal -0.237862 0.44098 0.865424
    outer loop
      vertex -0.037094160484075725 6.1123746081365944 6.3112502221213056
      vertex -0.043865479588553705 6.833208902399134 5.9420854373759093
      vertex -0.4954760728339947 6.516173342807928 5.9795069580400195
    endloop
  endfacet
  facet normal 0.210801 0.447159 0.869259
    outer loop
      vertex -0.037094160484075725 6.1123746081365944 6.3112502221213056
      vertex 1.2640278592189791 6.4273143043381067 5.8337103054886965
      vertex -0.043865479588553705 6.833208902399134 5.9420854373759093
    endloop
  endfacet
  facet normal 0.18555 0.508436 0.840871
    outer loop
      vertex -0.037094160484075725 6.1123746081365944 6.3112502221213056
      vertex 1.4729129228447957 6.3797091192415714 5.8164015956359822
      vertex 1.2640278592189791 6.4273143043381067 5.8337103054886965
    endloop
  endfacet
  facet normal 0.18555 0.508436 0.840871
    outer loop
      vertex 1.7488395157122127 5.8937112593899226 6.0493750047401837
      vertex 1.8104877916364348 6.5014044461987579 5.6683275293528697
      vertex 1.4729129228447957 6.3797091192415714 5.8164015956359822
    endloop
  endfacet
  facet normal 0.571821 0.393398 0.719902
    outer loop
      vertex 1.7488395157122127 5.8937112593899226 6.0493750047401837
      vertex 2.0264133977226928 6.3608695842212359 5.5736137770457548
      vertex 1.8104877916364348 6.5014044461987579 5.6683275293528697
    endloop
  endfacet
  facet normal 0.401695 0 0.915773
    outer loop
      vertex 2.0264133977226928 6.3608695842212359 5.5736137770457548
      vertex 3.2816889487345611 5.6332273605963827 5.0229988695751713
      vertex 3.2816889487345611 19.11091858171887 5.0229988695751713
    endloop
  endfacet
  facet normal 0.0815088 0.1605 0.983665
    outer loop
      vertex 1.4620994993991088 19.378115294937455 5.7737003521284542
      vertex -0.4954760728339947 19.110918581718867 5.9795069580400195
      vertex 1.4729129228447957 19.11091858171886 5.8164015956359822
    endloop
  endfacet
  facet normal 0.238679 0.804334 0.544132
    outer loop
      vertex 1.4620994993991088 19.378115294937455 5.7737003521284542
      vertex 2.7907867528307735 20 4.271617122670877
      vertex 1.2525824163602031 20 4.9463361018733858
    endloop
  endfacet
  facet normal 0 1 0
    outer loop
      vertex -2.0496389888990336 20 4.6727062348981141
      vertex 2.7907867528307735 20 4.271617122670877
      vertex 4.0265660411139441 20 3.1340021472581561
    endloop
  endfacet
  facet normal 0.668501 0.1605 0.726186
    outer loop
      vertex 3.2575963552965463 19.378115294937455 4.9861224100767947
      vertex 3.2816889487345611 19.11091858171887 5.0229988695751713
      vertex 4.7000820992821328 19.378115294937455 3.6582207372326541
    endloop
  endfacet
  facet normal 0.522564 0.804334 0.282797
    outer loop
      vertex 4.7000820992821328 19.378115294937455 3.6582207372326541
      vertex 5.6332410185225639 19.378115294937455 1.9338940843661083
      vertex 4.8260044202328976 20 1.6567694101362733
    endloop
  endfacet
  facet normal 0 1 0
    outer loop
      vertex -4.4874887279171869 20 2.4285074550610197
      vertex 4.8260044202328976 20 1.6567694101362733
      vertex 5.1024703372455535 20 7.576773035168378e-17
    endloop
  endfacet
  facet normal 0 1 0
    outer loop
      vertex 4.0265660411139441 20 3.1340021472581561
      vertex -3.4558091291833928 20 3.7540094306119522
      vertex -2.0496389888990336 20 4.6727062348981141
    endloop
  endfacet
  facet normal -0.145862 0.804334 0.575996
    outer loop
      vertex -2.3924782117940846 19.378115294937455 5.4543009367289175
      vertex -0.42135866074172929 20 5.0850428141254325
      vertex -2.0496389888990336 20 4.6727062348981141
    endloop
  endfacet
  facet normal -0.539857 0.1605 0.826313
    outer loop
      vertex -2.3924782117940846 19.378115294937455 5.4543009367289175
      vertex -4.0636894297544455 19.11091858171886 4.4143434640387902
      vertex -2.4101725479178171 19.11091858171886 5.4946399599303444
    endloop
  endfacet
  facet normal -0.77891 0.1605 0.60625
    outer loop
      vertex -5.2381024489490207 19.378115294937455 2.8347192870945159
      vertex -5.2768425072389338 19.110918581718863 2.855684358222442
      vertex -4.0338557621464339 19.378115294937455 4.3819354619288235
    endloop
  endfacet
  facet normal -0.546948 0 0.837166
    outer loop
      vertex -4.0636894297544455 4.4143434640387902 4.4143434640387902
      vertex -3.9219518516787808 4.8185709152236793 4.5069452454982093
      vertex -4.0636894297544455 19.11091858171886 4.4143434640387902
    endloop
  endfacet
  facet normal -0.546948 0.837166 0
    outer loop
      vertex -4.0636894297544455 4.4143434640387902 4.4143434640387902
      vertex -4.0636894297544455 4.4143434640387902 19.102470337245553
      vertex -3.921903119278102 4.5069770839646131 4.8180168846886424
    endloop
  endfacet
  facet normal -0.789141 0.614213 -1.08341e-14
    outer loop
      vertex -4.3370235543431388 4.0631637735879327 4.9235852041339214
      vertex -4.0636894297544455 4.4143434640387902 19.102470337245553
      vertex -4.3365792793759113 4.0637345780774954 4.9226484141324773
    endloop
  endfacet
  facet normal -0.789141 0.614213 -4.00323e-12
    outer loop
      vertex -4.3370235543431388 4.0631637735879327 4.9235852041339214
      vertex -4.3365792793759113 4.0637345780774954 4.9226484141324773
      vertex -4.337030574457339 4.0631547541450237 4.9235659550876729
    endloop
  endfacet
  facet normal -0.136401 0.915245 -0.379107
    outer loop
      vertex -4.3370235543431388 4.0631637735879327 4.9235852041339214
      vertex -4.337030574457339 4.0631547541450237 4.9235659550876729
      vertex -4.345128126964191 4.0655708341827452 4.9323123623637883
    endloop
  endfacet
  facet normal 0.69595 0.509843 0.505681
    outer loop
      vertex -4.3561408967134501 4.0386018116084275 4.9746598522627075
      vertex -4.3370235543431388 4.0631637735879327 4.9235852041339214
      vertex -4.345128126964191 4.0655708341827452 4.9323123623637883
    endloop
  endfacet
  facet normal -0.600107 0.736224 0.312803
    outer loop
      vertex -4.3561408967134501 4.0386018116084275 4.9746598522627075
      vertex -4.345128126964191 4.0655708341827452 4.9323123623637883
      vertex -4.3693355605256077 4.0216493071960011 4.989246147481686
    endloop
  endfacet
  facet normal -0.789141 0.614213 -4.07918e-16
    outer loop
      vertex -4.3561408967134501 4.0386018116084275 4.9746598522627075
      vertex -4.3693355605256077 4.0216493071960011 4.989246147481686
      vertex -4.0636894297544455 4.4143434640387902 19.102470337245553
    endloop
  endfacet
  facet normal -0.789141 0.614213 2.42352e-15
    outer loop
      vertex -4.0636894297544455 4.4143434640387902 19.102470337245553
      vertex -4.3693355605256077 4.0216493071960011 4.989246147481686
      vertex -4.3721999654699539 4.017969119648269 4.9950698512109328
    endloop
  endfacet
  facet normal -0.789141 0.614213 -1.9795e-17
    outer loop
      vertex -4.0636894297544455 4.4143434640387902 19.102470337245553
      vertex -4.3721999654699539 4.017969119648269 4.9950698512109328
      vertex -4.5510143884412351 3.7882283443180866 5.1929624851460483
    endloop
  endfacet
  facet normal -0.789141 0.614213 -5.96097e-17
    outer loop
      vertex -4.9074066899752884 3.3303355059462536 5.5840672399092437
      vertex -4.0636894297544455 4.4143434640387902 19.102470337245553
      vertex -4.5510143884412351 3.7882283443180866 5.1929624851460483
    endloop
  endfacet
  facet normal -0.789141 0.614213 1.66385e-14
    outer loop
      vertex -4.9074066899752884 3.3303355059462536 5.5840672399092437
      vertex -4.5510143884412351 3.7882283443180866 5.1929624851460483
      vertex -4.5511451233739066 3.7880603760731564 5.1902310300896932
    endloop
  endfacet
  facet normal -0.600107 0.736224 0.312803
    outer loop
      vertex -4.9074066899752884 3.3303355059462536 5.5840672399092437
      vertex -4.5511451233739066 3.7880603760731564 5.1902310300896932
      vertex -4.5721115421931602 3.7780417298568727 5.1735875304736947
    endloop
  endfacet
  facet normal -0.600107 0.736224 0.312803
    outer loop
      vertex -4.9074066899752884 3.3303355059462536 5.5840672399092437
      vertex -4.5721115421931602 3.7780417298568727 5.1735875304736947
      vertex -4.4381336037158379 4.021128863630488 4.8584830341439211
    endloop
  endfacet
  facet normal 0.733536 0.350514 0.582293
    outer loop
      vertex -4.4381336037158379 4.021128863630488 4.8584830341439211
      vertex -4.5721115421931602 3.7780417298568727 5.1735875304736947
      vertex -4.4370675375566613 4.0215232703846437 4.8569026567038156
    endloop
  endfacet
  facet normal -0.145829 0.978503 0.145829
    outer loop
      vertex -4.5310504434838039 4.0407195354662777 4.6341140639569049
      vertex -4.4381336037158379 4.021128863630488 4.8584830341439211
      vertex -4.4370675375566613 4.0215232703846437 4.8569026567038156
    endloop
  endfacet
  facet normal 0.733536 0.350514 0.582293
    outer loop
      vertex -4.1573921503349718 3.9381503288018367 4.554772250706506
      vertex -4.4370675375566613 4.0215232703846437 4.8569026567038156
      vertex -4.5721115421931602 3.7780417298568727 5.1735875304736947
    endloop
  endfacet
  facet normal 0.136536 -0.915285 0.378961
    outer loop
      vertex -4.1573921503349718 3.9381503288018367 4.554772250706506
      vertex -4.3605563930137166 4.032928781845869 4.8568835631485534
      vertex -4.4370675375566613 4.0215232703846437 4.8569026567038156
    endloop
  endfacet
  facet normal -0.407029 0.91268 -0.0366428
    outer loop
      vertex -4.1573921503349718 3.9381503288018367 4.554772250706506
      vertex -4.5721115421931602 3.7780417298568727 5.1735875304736947
      vertex -4.5511451233739066 3.7880603760731564 5.1902310300896932
    endloop
  endfacet
  facet normal -0.407029 0.91268 -0.0366428
    outer loop
      vertex -4.1573921503349718 3.9381503288018367 4.554772250706506
      vertex -4.5511451233739066 3.7880603760731564 5.1902310300896932
      vertex -4.480255556377033 3.8220399223104948 5.2491320486962918
    endloop
  endfacet
  facet normal -0.407029 0.91268 -0.0366428
    outer loop
      vertex -4.1573921503349718 3.9381503288018367 4.554772250706506
      vertex -4.480255556377033 3.8220399223104948 5.2491320486962918
      vertex -4.0643866735833249 3.9825922993540943 4.6286015789263706
    endloop
  endfacet
  facet normal 0.136536 -0.915285 0.378961
    outer loop
      vertex -4.1573921503349718 3.9381503288018367 4.554772250706506
      vertex -4.0643866735833249 3.9825922993540943 4.6286015789263706
      vertex -4.3365792793759113 4.0637345780774954 4.9226484141324773
    endloop
  endfacet
  facet normal -0.733536 -0.350514 -0.582293
    outer loop
      vertex -4.0643866735833249 3.9825922993540943 4.6286015789263706
      vertex -4.480255556377033 3.8220399223104948 5.2491320486962918
      vertex -4.3721999654699539 4.017969119648269 4.9950698512109328
    endloop
  endfacet
  facet normal -0.407029 0.91268 -0.0366428
    outer loop
      vertex -4.480255556377033 3.8220399223104948 5.2491320486962918
      vertex -4.5511451233739066 3.7880603760731564 5.1902310300896932
      vertex -4.5510143884412351 3.7882283443180866 5.1929624851460483
    endloop
  endfacet
  facet normal 0.600043 -0.736341 -0.312651
    outer loop
      vertex -4.480255556377033 3.8220399223104948 5.2491320486962918
      vertex -4.5510143884412351 3.7882283443180866 5.1929624851460483
      vertex -4.3721999654699539 4.017969119648269 4.9950698512109328
    endloop
  endfacet
  facet normal -0.733536 -0.350514 -0.582293
    outer loop
      vertex -4.0643866735833249 3.9825922993540943 4.6286015789263706
      vertex -4.3721999654699539 4.017969119648269 4.9950698512109328
      vertex -4.3693355605256077 4.0216493071960011 4.989246147481686
    endloop
  endfacet
  facet normal -0.733536 -0.350514 -0.582293
    outer loop
      vertex -4.0643866735833249 3.9825922993540943 4.6286015789263706
      vertex -4.3693355605256077 4.0216493071960011 4.989246147481686
      vertex -4.337030574457339 4.0631547541450237 4.9235659550876729
    endloop
  endfacet
  facet normal -0.733536 -0.350514 -0.582293
    outer loop
      vertex -4.345128126964191 4.0655708341827452 4.9323123623637883
      vertex -4.337030574457339 4.0631547541450237 4.9235659550876729
      vertex -4.3693355605256077 4.0216493071960011 4.989246147481686
    endloop
  endfacet
  facet normal -0.733536 -0.350514 -0.582293
    outer loop
      vertex -4.0643866735833249 3.9825922993540943 4.6286015789263706
      vertex -4.337030574457339 4.0631547541450237 4.9235659550876729
      vertex -4.3365792793759113 4.0637345780774954 4.9226484141324773
    endloop
  endfacet
  facet normal -0.789141 0.614213 -3.10275e-16
    outer loop
      vertex -4.3561408967134501 4.0386018116084275 4.9746598522627075
      vertex -4.0636894297544455 4.4143434640387902 19.102470337245553
      vertex -4.3370235543431388 4.0631637735879327 4.9235852041339214
    endloop
  endfacet
  facet normal 0.136536 -0.915285 0.378961
    outer loop
      vertex -4.1573921503349718 3.9381503288018367 4.554772250706506
      vertex -4.3365792793759113 4.0637345780774954 4.9226484141324773
      vertex -4.3605563930137166 4.032928781845869 4.8568835631485534
    endloop
  endfacet
  facet normal -0.145829 0.978503 0.145829
    outer loop
      vertex -4.5310504434838039 4.0407195354662777 4.6341140639569049
      vertex -4.4370675375566613 4.0215232703846437 4.8569026567038156
      vertex -4.3605563930137166 4.032928781845869 4.8568835631485534
    endloop
  endfacet
  facet normal -0.600107 0.736224 0.312803
    outer loop
      vertex -4.5310504434838039 4.0407195354662777 4.6341140639569049
      vertex -4.9074066899752884 3.3303355059462536 5.5840672399092437
      vertex -4.4381336037158379 4.021128863630488 4.8584830341439211
    endloop
  endfacet
  facet normal -0.789141 0.614213 1.80852e-16
    outer loop
      vertex -5.1158057902980003 3.0625843363778906 5.8201968974667944
      vertex -4.0636894297544455 4.4143434640387902 19.102470337245553
      vertex -4.9074066899752884 3.3303355059462536 5.5840672399092437
    endloop
  endfacet
  facet normal -0.945817 0.324699 0
    outer loop
      vertex -5.5156579291079399 2.1600387997588726 6.0769064183002861
      vertex -5.2768425072389338 2.8556843582224425 19.102470337245556
      vertex -5.2768425072389338 2.8556843582224425 5.7704169022872032
    endloop
  endfacet
  facet normal -0.640807 0.49876 0.583613
    outer loop
      vertex -4.7299112328596342 2.5596999540782934 19.955950864665638
      vertex -3.6424983793396732 3.9568080168423658 19.955950864665638
      vertex -4.0636894297544455 4.4143434640387902 19.102470337245553
    endloop
  endfacet
  facet normal -0.155917 0.0535265 0.986319
    outer loop
      vertex -5.3047648121646223 0.8852086834527797 19.955950864665638
      vertex -5.041212313849404 0.84122954991620591 20
      vertex -4.7299112328596342 2.5596999540782934 19.955950864665638
    endloop
  endfacet
  facet normal -0.164849 0 0.986319
    outer loop
      vertex -5.3047648121646223 0.8852086834527797 19.955950864665638
      vertex -5.041212313849404 -0.84122954991620602 20
      vertex -5.041212313849404 0.84122954991620591 20
    endloop
  endfacet
  facet normal -0.768034 -0.263666 0.583613
    outer loop
      vertex -5.3047648121646223 -0.88520868345277981 19.955950864665638
      vertex -5.9181678204163344 -0.98756754168440486 19.102470337245553
      vertex -4.7299112328596342 -2.5596999540782934 19.955950864665638
    endloop
  endfacet
  facet normal -0.768034 -0.263666 0.583613
    outer loop
      vertex -4.7299112328596342 -2.5596999540782934 19.955950864665638
      vertex -5.9181678204163344 -0.98756754168440486 19.102470337245553
      vertex -5.2768425072389338 -2.8556843582224425 19.102470337245556
    endloop
  endfacet
  facet normal -0.640807 -0.49876 0.583613
    outer loop
      vertex -4.7299112328596342 -2.5596999540782934 19.955950864665638
      vertex -5.2768425072389338 -2.8556843582224425 19.102470337245556
      vertex -4.0636894297544455 -4.4143434640387902 19.102470337245549
    endloop
  endfacet
  facet normal -0.789141 -0.614213 -2.11598e-17
    outer loop
      vertex -5.1158057902980012 -3.0625843363778893 5.8201968974667917
      vertex -4.0636894297544455 -4.4143434640387902 19.102470337245549
      vertex -5.2768425072389338 -2.8556843582224425 19.102470337245556
    endloop
  endfacet
  facet normal -0.945817 -0.324699 -2.15768e-17
    outer loop
      vertex -5.5156579291079417 -2.1600387997588673 6.076906418300287
      vertex -5.2768425072389338 -2.8556843582224425 19.102470337245556
      vertex -5.9181678204163344 -0.98756754168440486 19.102470337245553
    endloop
  endfacet
  facet normal -0 -0 1
    outer loop
      vertex -4.4949187371752304 -2.432528374993828 20
      vertex -3.4615309694777494 -3.7602250060741729 20
      vertex -5.041212313849404 -0.84122954991620602 20
    endloop
  endfacet
  facet normal -0.640807 -0.49876 0.583613
    outer loop
      vertex -4.7299112328596342 -2.5596999540782934 19.955950864665638
      vertex -4.0636894297544455 -4.4143434640387902 19.102470337245549
      vertex -3.6424983793396732 -3.9568080168423658 19.955950864665638
    endloop
  endfacet
  facet normal 0 0 1
    outer loop
      vertex -2.0530326100503071 -4.6804429118438255 20
      vertex -4.4949187371752304 2.432528374993828 20
      vertex -3.4615309694777494 -3.7602250060741729 20
    endloop
  endfacet
  facet normal -0.444139 -0.679806 0.583613
    outer loop
      vertex -3.6424983793396732 -3.9568080168423658 19.955950864665638
      vertex -4.0636894297544455 -4.4143434640387902 19.102470337245549
      vertex -2.1603643072325291 -4.9251345347793176 19.955950864665638
    endloop
  endfacet
  facet normal 0 0 1
    outer loop
      vertex -0.42205631124072635 -5.0934622035606552 20
      vertex -3.4615309694777494 3.7602250060741729 20
      vertex -2.0530326100503071 -4.6804429118438255 20
    endloop
  endfacet
  facet normal 0 0 1
    outer loop
      vertex -0.42205631124072635 -5.0934622035606552 20
      vertex 1.2546563377702162 -4.954525832312525 20
      vertex -0.42205631124072485 5.0934622035606552 20
    endloop
  endfacet
  facet normal 0.0662193 -0.150965 0.986319
    outer loop
      vertex 1.3202492530771039 -5.2135463971647473 19.955950864665638
      vertex 2.795407504584813 -4.2786897097440919 20
      vertex 1.2546563377702162 -4.954525832312525 20
    endloop
  endfacet
  facet normal 0.067057 -0.809258 0.583613
    outer loop
      vertex 1.3202492530771039 -5.2135463971647473 19.955950864665638
      vertex -0.4954760728339962 -5.9795069580400195 19.102470337245553
      vertex 1.4729129228447955 -5.8164015956359822 19.102470337245553
    endloop
  endfacet
  facet normal -0.199342 -0.787184 0.583613
    outer loop
      vertex -0.44412124093067656 -5.3597463045366585 19.955950864665638
      vertex -2.1603643072325291 -4.9251345347793176 19.955950864665638
      vertex -2.4101725479178158 -5.4946399599303453 19.102470337245553
    endloop
  endfacet
  facet normal 0.0825793 -0.996584 -2.54993e-17
    outer loop
      vertex 1.2640278592189818 -5.8337103054886956 6.4273143043381094
      vertex 1.4729129228447955 -5.8164015956359822 19.102470337245553
      vertex -0.4954760728339962 -5.9795069580400195 19.102470337245553
    endloop
  endfacet
  facet normal 0.0825793 -0.996584 1.46365e-18
    outer loop
      vertex 1.2640278592189818 -5.8337103054886956 6.4273143043381094
      vertex 1.4729129228447957 -5.8164015956359822 6.3797091192415758
      vertex 1.4729129228447955 -5.8164015956359822 19.102470337245553
    endloop
  endfacet
  facet normal 0.18555 -0.840871 0.508436
    outer loop
      vertex 1.7488395157122114 -6.0493750047401855 5.8937112593899244
      vertex 1.8104877916364341 -5.6683275293528688 6.5014044461987632
      vertex 1.4729129228447957 -5.8164015956359822 6.3797091192415758
    endloop
  endfacet
  facet normal 0.200014 -0.30828 0.930031
    outer loop
      vertex -0.0437910367064447 -6.8293488682662611 5.9420792688628312
      vertex 0.92887310145819924 -6.4414266222313348 5.8614820205033693
      vertex -0.03709416048407576 -6.3112502221213056 6.1123746081365944
    endloop
  endfacet
  facet normal -0.219981 -0.302041 0.927567
    outer loop
      vertex -0.4954760728339947 -6.3854401126772267 5.9795069580400195
      vertex -0.0437910367064447 -6.8293488682662611 5.9420792688628312
      vertex -0.03709416048407576 -6.3112502221213056 6.1123746081365944
    endloop
  endfacet
  facet normal 0.0825793 -2.24339e-16 0.996584
    outer loop
      vertex -0.4954760728339947 -6.3854401126772267 5.9795069580400195
      vertex 1.4729129228447957 -19.102470337245553 5.8164015956359822
      vertex -0.0437910367064447 -6.8293488682662611 5.9420792688628312
    endloop
  endfacet
  facet normal 0.0825793 0 0.996584
    outer loop
      vertex -0.4954760728339947 -6.3854401126772267 5.9795069580400195
      vertex -0.4954760728339947 -19.102470337245556 5.9795069580400195
      vertex 1.4729129228447957 -19.102470337245553 5.8164015956359822
    endloop
  endfacet
  facet normal 0.0825793 -1.54579e-17 0.996584
    outer loop
      vertex -0.0437910367064447 -6.8293488682662611 5.9420792688628312
      vertex 1.4729129228447957 -19.102470337245553 5.8164015956359822
      vertex 0.92887310145819924 -6.4414266222313348 5.8614820205033693
    endloop
  endfacet
  facet normal 0.0825793 0 0.996584
    outer loop
      vertex 0.92887310145819924 -6.4414266222313348 5.8614820205033693
      vertex 1.4729129228447957 -19.102470337245553 5.8164015956359822
      vertex 1.4729129228447957 -6.3175262511879167 5.8164015956359822
    endloop
  endfacet
  facet normal 0.401695 0 0.915773
    outer loop
      vertex 1.4729129228447957 -6.3175262511879167 5.8164015956359822
      vertex 1.4729129228447957 -19.102470337245553 5.8164015956359822
      vertex 3.2816889487345611 -19.102470337245556 5.0229988695751713
    endloop
  endfacet
  facet normal 0.533748 -0.329383 0.778858
    outer loop
      vertex 2.0478105104472539 -6.3440031988564618 5.5642281332056633
      vertex 3.2143520639892191 -5.2492085463120777 5.2277977729881995
      vertex 1.7488395157122114 -6.0493750047401855 5.8937112593899244
    endloop
  endfacet
  facet normal 0.401695 3.84954e-17 0.915773
    outer loop
      vertex 1.4729129228447957 -6.3175262511879167 5.8164015956359822
      vertex 3.2816889487345611 -19.102470337245556 5.0229988695751713
      vertex 1.8064468073756466 -6.4847755011925043 5.6701000693924248
    endloop
  endfacet
  facet normal 0.532676 -0.327814 0.780253
    outer loop
      vertex 2.0478105104472539 -6.3440031988564618 5.5642281332056633
      vertex 3.2816889487345611 -5.6272467468840697 5.0229988695751713
      vertex 3.2143520639892191 -5.2492085463120777 5.2277977729881995
    endloop
  endfacet
  facet normal 0.753922 -0.281463 0.593617
    outer loop
      vertex 3.2143520639892191 -5.2492085463120777 5.2277977729881995
      vertex 3.9674051567300919 -4.956726918354903 4.4100646764408147
      vertex 3.9175256023071428 -4.8584830341439194 4.519996229910566
    endloop
  endfacet
  facet normal 0.921139 0.381548 0.0769681
    outer loop
      vertex 3.9674051567300919 -4.956726918354903 4.4100646764408147
      vertex 3.9249777998753053 -4.8584830341439194 4.4308097646821425
      vertex 3.9175256023071428 -4.8584830341439194 4.519996229910566
    endloop
  endfacet
  facet normal 0.99309 -0.0829801 0.0829801
    outer loop
      vertex 3.9249777998753053 -4.8584830341439194 4.4308097646821425
      vertex 3.9641355032171774 -4.425898387497452 4.3947625593706112
      vertex 3.9641355032171774 -4.3947625593706103 4.4258983874974529
    endloop
  endfacet
  facet normal 0.677282 -1.0632e-16 0.735724
    outer loop
      vertex 3.3143746266930116 -5.6457522262740669 4.9929095833412926
      vertex 4.7348430563783612 -19.102470337245556 3.6852762761380067
      vertex 3.9883761788129428 -4.9997670844348745 4.3724474454717726
    endloop
  endfacet
  facet normal 0.571826 -0.580093 0.580093
    outer loop
      vertex 4.3142507280494957 -4.4030765899369726 4.0724587898661238
      vertex 4.3574032056413481 -4.0327341357955309 4.4002637527965547
      vertex 3.9641355032171774 -4.425898387497452 4.3947625593706112
    endloop
  endfacet
  facet normal 0.571826 -0.580093 0.580093
    outer loop
      vertex 4.3142507280494957 -4.4030765899369726 4.0724587898661238
      vertex 4.3959747906364885 -4.039654270193445 4.3553217353159557
      vertex 4.3574032056413481 -4.0327341357955309 4.4002637527965547
    endloop
  endfacet
  facet normal 0.00442327 -0.987764 0.155891
    outer loop
      vertex 4.3959747906364885 -4.039654270193445 4.3553217353159557
      vertex 4.7892424930606614 -4.0376465718705115 4.3568843896449483
      vertex 4.7892424930606623 -4.0220093377325341 4.455965553430377
    endloop
  endfacet
  facet normal -0.378679 -0.914212 0.144283
    outer loop
      vertex 4.8682843706281433 -4.0749717451702381 4.3278330411574997
      vertex 4.8864764326162264 -4.0791555383211042 4.3490695965248163
      vertex 4.7892424930606614 -4.0376465718705115 4.3568843896449483
    endloop
  endfacet
  facet normal -9.85786e-15 -0.614213 0.789141
    outer loop
      vertex 4.8719569703338435 -4.0727180635135882 4.3295871520001032
      vertex 4.8682843706281433 -4.0749717451702381 4.3278330411574997
      vertex 4.9075949413915083 -4.0935349917859467 4.3133846863659269
    endloop
  endfacet
  facet normal -0.378679 -0.914212 0.144283
    outer loop
      vertex 4.9195020561743288 -4.0982514296601709 4.3147510986115201
      vertex 4.9075949413915083 -4.0935349917859467 4.3133846863659269
      vertex 4.9280529271233853 -4.1031956664346954 4.3058654814692492
    endloop
  endfacet
  facet normal 4.35955e-17 -0.614213 0.789141
    outer loop
      vertex 4.9280529271233853 -4.1031956664346954 4.3058654814692492
      vertex 19.11091858171886 -4.4143434640387902 4.0636894297544455
      vertex 19.110918581718863 -2.8556843582224425 5.2768425072389338
    endloop
  endfacet
  facet normal -3.8928e-17 -0.837166 0.546948
    outer loop
      vertex 4.9111340080846375 -4.4708655091360061 3.9771759993030709
      vertex 5.2172330722634781 -4.5104129464708125 3.9166441402114516
      vertex 19.11091858171886 -4.4143434640387902 4.0636894297544455
    endloop
  endfacet
  facet normal -0.381589 0.0755689 0.921238
    outer loop
      vertex 4.7892424930606623 -4.5021738012458909 3.9292550907913366
      vertex 4.8335304003527853 -4.5285577012547762 3.9497640063300339
      vertex 4.9111340080846375 -4.4708655091360061 3.9771759993030709
    endloop
  endfacet
  facet normal 0.00446302 0.0817543 0.996643
    outer loop
      vertex 4.4683297494559548 -4.501282676598108 3.9306190586043717
      vertex 4.7113230728557385 -4.6230786218626161 3.9395218061048367
      vertex 4.7892424930606623 -4.5021738012458909 3.9292550907913366
    endloop
  endfacet
  facet normal 0.00446302 0.0817543 0.996643
    outer loop
      vertex 4.4363447428366714 -4.8584830341439194 3.9600633314318618
      vertex 4.5282048126622447 -4.8584830341439194 3.9596519765305529
      vertex 4.4683297494559548 -4.501282676598108 3.9306190586043717
    endloop
  endfacet
  facet normal 0.677282 -7.36673e-17 0.735724
    outer loop
      vertex 4.3237767925192232 -4.4143434640387902 4.0636894297544455
      vertex 4.7348430563783612 -19.102470337245556 3.6852762761380067
      vertex 4.3842525266508519 -4.9736916981213843 4.0080175946221397
    endloop
  endfacet
  facet normal 0.00413715 0.38268 0.923872
    outer loop
      vertex 4.4363447428366714 -4.8584830341439194 3.9600633314318618
      vertex 4.4701054395397959 -4.9017318592493098 3.9778263989228311
      vertex 4.5282048126622447 -4.8584830341439194 3.9596519765305529
    endloop
  endfacet
  facet normal 0.48476 -0.307055 0.818978
    outer loop
      vertex 4.5590969931749568 -5.1100125417730036 3.8470619244860882
      vertex 4.8527524865526859 -4.7479989342465831 3.8089728288728164
      vertex 4.5282048126622447 -4.8584830341439194 3.9596519765305529
    endloop
  endfacet
  facet normal 0.677282 -2.02298e-17 0.735724
    outer loop
      vertex 4.4751141411801889 -5.0363937561603791 3.9243735860529765
      vertex 4.3842525266508519 -4.9736916981213843 4.0080175946221397
      vertex 4.7348430563783612 -19.102470337245556 3.6852762761380067
    endloop
  endfacet
  facet normal 0.610485 -0.424882 0.668419
    outer loop
      vertex 4.7348430563783612 -5.1120134329733373 3.6852762761380067
      vertex 4.8527524865526859 -4.7479989342465831 3.8089728288728164
      vertex 4.5590969931749568 -5.1100125417730036 3.8470619244860882
    endloop
  endfacet
  facet normal 0.610485 -0.424882 0.668419
    outer loop
      vertex 4.7348430563783612 -5.1120134329733373 3.6852762761380067
      vertex 5.2413935836369276 -5.2885793073748619 3.110395120522861
      vertex 4.8527524865526859 -4.7479989342465831 3.8089728288728164
    endloop
  endfacet
  facet normal 0.879474 -8.03742e-17 0.475947
    outer loop
      vertex 4.9738114027290177 -5.7514521340040021 3.2437014486270748
      vertex 4.824011172575374 -5.2431048623705747 3.520508029085764
      vertex 5.674903450203808 -19.102470337245553 1.9481968152281008
    endloop
  endfacet
  facet normal 0.726322 -0.31424 0.611318
    outer loop
      vertex 5.6505683801415962 -5.7794513000606056 2.3719189509571228
      vertex 5.2413935836369276 -5.2885793073748619 3.110395120522861
      vertex 5.3490190365343757 -6.1292672255354042 2.5503784679538635
    endloop
  endfacet
  facet normal 0.879474 0 0.475947
    outer loop
      vertex 5.4082763862962313 -6.2053181712728627 2.4408804762765453
      vertex 5.674903450203808 -19.102470337245553 1.9481968152281008
      vertex 5.674903450203808 -6.1316385361584711 1.9481968152281008
    endloop
  endfacet
  facet normal 0.397118 -0.831069 0.389386
    outer loop
      vertex 5.6505683801415962 -5.7794513000606056 2.3719189509571228
      vertex 6.596438410460383 -5.7123350693489705 1.5505140018178283
      vertex 6.2090990505379597 -5.4946399599303453 2.4101725479178158
    endloop
  endfacet
  facet normal 0.434254 -0.845655 0.310308
    outer loop
      vertex 6.0899135069973163 -6.3415010527616165 0.51600827070087973
      vertex 6.7937930540807807 -5.9615166457729929 0.56651820937375952
      vertex 5.9228283930103531 -6.0741383858508895 1.4784515246166707
    endloop
  endfacet
  facet normal 6.49101e-15 -0.9694 0.245485
    outer loop
      vertex 6.6002695090541286 -5.7144335414698215 1.5422273228140577
      vertex 19.110918581718867 -5.4946399599303453 2.4101725479178158
      vertex 6.596438410460383 -5.7123350693489705 1.5505140018178283
    endloop
  endfacet
  facet normal 0.434254 -0.845655 0.310308
    outer loop
      vertex 6.0899135069973163 -6.3415010527616165 0.51600827070087973
      vertex 6.7981129824771171 -5.966456932335177 0.54700945892591368
      vertex 6.7937930540807807 -5.9615166457729929 0.56651820937375952
    endloop
  endfacet
  facet normal 0.469228 -0.880727 -0.0643819
    outer loop
      vertex 6.0899135069973163 -6.3415010527616165 0.51600827070087973
      vertex 6.7665477103995277 -5.9795069580400195 0.4954760728339962
      vertex 6.7981129824771171 -5.966456932335177 0.54700945892591368
    endloop
  endfacet
  facet normal 0 -0.9694 0.245485
    outer loop
      vertex 6.7665477103995277 -5.9795069580400195 0.4954760728339962
      vertex 19.11091858171887 -5.9795069580400195 0.4954760728339962
      vertex 6.7981129824771171 -5.966456932335177 0.54700945892591368
    endloop
  endfacet
  facet normal 0 -0.996584 -0.0825793
    outer loop
      vertex 6.7665477103995277 -5.9795069580400195 0.4954760728339962
      vertex 6.766784647785328 -5.9784353988390757 0.48254427642787556
      vertex 19.11091858171887 -5.9795069580400195 0.4954760728339962
    endloop
  endfacet
  facet normal 0.1605 -0.956833 0.242303
    outer loop
      vertex 19.378115294937455 -5.9356082728354425 0.49183852406946238
      vertex 19.378115294937455 -5.4543009367289184 2.3924782117940833
      vertex 19.110918581718867 -5.4946399599303453 2.4101725479178158
    endloop
  endfacet
  facet normal 0.804334 -0.592148 -0.0490668
    outer loop
      vertex 19.378115294937455 -5.9356082728354425 0.49183852406946238
      vertex 20 -4.9463361018733858 -1.2525824163602031
      vertex 20 -5.0850428141254325 0.42135866074173078
    endloop
  endfacet
  facet normal 1 -0 -0
    outer loop
      vertex 20 -4.9463361018733858 -1.2525824163602031
      vertex 20 -4.271617122670877 -2.7907867528307722
      vertex 20 -5.0850428141254325 0.42135866074173078
    endloop
  endfacet
  facet normal 0.1605 -0.903901 -0.396488
    outer loop
      vertex 19.378115294937455 -5.7737003521284542 -1.4620994993991088
      vertex 19.110918581718867 -5.8164015956359822 -1.4729129228447957
      vertex 19.378115294937455 -4.9861224100767947 -3.257596355296545
    endloop
  endfacet
  facet normal 0.1605 -0.903901 -0.396488
    outer loop
      vertex 19.378115294937455 -4.9861224100767947 -3.257596355296545
      vertex 19.110918581718867 -5.8164015956359822 -1.4729129228447957
      vertex 19.110918581718867 -5.0229988695751722 -3.2816889487345593
    endloop
  endfacet
  facet normal 1.5725e-17 -0.915773 -0.401695
    outer loop
      vertex 5.7063027676712412 -5.056871876411809 -3.204466271425265
      vertex 19.110918581718867 -5.0229988695751722 -3.2816889487345593
      vertex 19.110918581718867 -5.8164015956359822 -1.4729129228447957
    endloop
  endfacet
  facet normal -1.34155e-16 -0.915773 -0.401695
    outer loop
      vertex 5.7063027676712412 -5.056871876411809 -3.204466271425265
      vertex 19.110918581718867 -5.8164015956359822 -1.4729129228447957
      vertex 6.2409565169121075 -5.384763368360578 -2.4569489636958424
    endloop
  endfacet
  facet normal 0.3269 -0.756943 -0.565838
    outer loop
      vertex 5.243650792000162 -5.3301158267920732 -3.106224164792228
      vertex 5.7063027676712412 -5.056871876411809 -3.204466271425265
      vertex 6.2409565169121075 -5.384763368360578 -2.4569489636958424
    endloop
  endfacet
  facet normal 0.335662 -0.743667 -0.578179
    outer loop
      vertex 5.243650792000162 -5.3301158267920732 -3.106224164792228
      vertex 6.2409565169121075 -5.384763368360578 -2.4569489636958424
      vertex 5.6705661590991001 -5.7359074226803246 -2.3364396142906609
    endloop
  endfacet
  facet normal 0.335662 -0.743667 -0.578179
    outer loop
      vertex 5.6705661590991001 -5.7359074226803246 -2.3364396142906609
      vertex 6.2409565169121075 -5.384763368360578 -2.4569489636958424
      vertex 6.2595632304118149 -5.3956356631483189 -2.4321626281911626
    endloop
  endfacet
  facet normal 0.223667 -0.642289 -0.733101
    outer loop
      vertex 5.5504652024378176 -5.0229988695751722 -3.2816889487345593
      vertex 5.7063027676712412 -5.056871876411809 -3.204466271425265
      vertex 5.243650792000162 -5.3301158267920732 -3.106224164792228
    endloop
  endfacet
  facet normal 0.223667 -0.642289 -0.733101
    outer loop
      vertex 5.5504652024378176 -5.0229988695751722 -3.2816889487345593
      vertex 5.243650792000162 -5.3301158267920732 -3.106224164792228
      vertex 5.2696587497382685 -4.6153482727607837 -3.7245155423425866
    endloop
  endfacet
  facet normal 0 -0.735724 -0.677282
    outer loop
      vertex 5.5504652024378176 -5.0229988695751722 -3.2816889487345593
      vertex 5.2696587497382685 -4.6153482727607837 -3.7245155423425866
      vertex 19.110918581718867 -5.0229988695751722 -3.2816889487345593
    endloop
  endfacet
  facet normal -1.80668e-17 -0.735724 -0.677282
    outer loop
      vertex 5.2167145516012283 -4.5010291143228223 -3.8486992523894257
      vertex 19.110918581718867 -5.0229988695751722 -3.2816889487345593
      vertex 5.2696587497382685 -4.6153482727607837 -3.7245155423425866
    endloop
  endfacet
  facet normal 0.315387 -0.62737 -0.711996
    outer loop
      vertex 4.8681428441644661 -4.7512884965052375 -3.7825891369886486
      vertex 5.2167145516012283 -4.5010291143228223 -3.8486992523894257
      vertex 5.2696587497382685 -4.6153482727607837 -3.7245155423425866
    endloop
  endfacet
  facet normal 0.229606 -0.534647 -0.813286
    outer loop
      vertex 4.8681428441644661 -4.7512884965052375 -3.7825891369886486
      vertex 4.825294668583731 -4.4835270849724909 -3.9707101433817908
      vertex 5.2167145516012283 -4.5010291143228223 -3.8486992523894257
    endloop
  endfacet
  facet normal 0.229606 -0.534647 -0.813286
    outer loop
      vertex 4.825294668583731 -4.4835270849724909 -3.9707101433817908
      vertex 5.1286926244579121 -4.4430893230958448 -3.9116386435835091
      vertex 5.2167145516012283 -4.5010291143228223 -3.8486992523894257
    endloop
  endfacet
  facet normal 0.229606 -0.534647 -0.813286
    outer loop
      vertex 4.825294668583731 -4.4835270849724909 -3.9707101433817908
      vertex 4.8762773042796068 -4.4158234930528 -4.0008245728253335
      vertex 5.1286926244579121 -4.4430893230958448 -3.9116386435835091
    endloop
  endfacet
  facet normal 0.206756 -0.603891 -0.769784
    outer loop
      vertex 4.8762773042796068 -4.4158234930528 -4.0008245728253335
      vertex 4.978130979380003 -4.3090939664815471 -4.0571964025871585
      vertex 5.1286926244579121 -4.4430893230958448 -3.9116386435835091
    endloop
  endfacet
  facet normal -1.89431e-16 -0.735724 -0.677282
    outer loop
      vertex 4.978130979380003 -4.3090939664815471 -4.0571964025871585
      vertex 19.110918581718867 -5.0229988695751722 -3.2816889487345593
      vertex 5.1286926244579121 -4.4430893230958448 -3.9116386435835091
    endloop
  endfacet
  facet normal 3.79056e-17 -0.735724 -0.677282
    outer loop
      vertex 4.7949539340155445 -3.9489373901164884 -4.4484307369008791
      vertex 19.110918581718867 -5.0229988695751722 -3.2816889487345593
      vertex 4.978130979380003 -4.3090939664815471 -4.0571964025871585
    endloop
  endfacet
  facet normal -3.28652e-15 -0.735724 -0.677282
    outer loop
      vertex 4.825294668583731 -4.3754947517009066 -3.9850659218240558
      vertex 4.7949539340155445 -3.9489373901164884 -4.4484307369008791
      vertex 4.978130979380003 -4.3090939664815471 -4.0571964025871585
    endloop
  endfacet
  facet normal 3.05949e-16 -0.735724 -0.677282
    outer loop
      vertex 4.825294668583731 -4.3754947517009066 -3.9850659218240558
      vertex 4.472661407739416 -4.3540198913362183 -4.0083938387652225
      vertex 4.7949539340155445 -3.9489373901164884 -4.4484307369008791
    endloop
  endfacet
  facet normal 0.05746 -0.131509 -0.989648
    outer loop
      vertex 4.825294668583731 -4.4835270849724909 -3.9707101433817908
      vertex 4.472661407739416 -4.3540198913362183 -4.0083938387652225
      vertex 4.825294668583731 -4.3754947517009066 -3.9850659218240558
    endloop
  endfacet
  facet normal 0.05746 -0.131509 -0.989648
    outer loop
      vertex 4.6688072646077243 -4.5504346222097078 -3.9709050156375132
      vertex 4.472661407739416 -4.3540198913362183 -4.0083938387652225
      vertex 4.825294668583731 -4.4835270849724909 -3.9707101433817908
    endloop
  endfacet
  facet normal 0.05746 -0.131509 -0.989648
    outer loop
      vertex 4.6688072646077243 -4.5504346222097078 -3.9709050156375132
      vertex 4.4502179152218311 -4.8236378404067164 -3.9472921765731601
      vertex 4.472661407739416 -4.3540198913362183 -4.0083938387652225
    endloop
  endfacet
  facet normal 0.05746 -0.131509 -0.989648
    outer loop
      vertex 4.3914556738584736 -4.442232833490479 -4.0013866304919032
      vertex 4.472661407739416 -4.3540198913362183 -4.0083938387652225
      vertex 4.4502179152218311 -4.8236378404067164 -3.9472921765731601
    endloop
  endfacet
  facet normal 0.05746 -0.131509 -0.989648
    outer loop
      vertex 4.6688072646077243 -4.5504346222097078 -3.9709050156375132
      vertex 4.450879591301411 -4.8236379945424224 -3.9472537384975874
      vertex 4.4502179152218311 -4.8236378404067164 -3.9472921765731601
    endloop
  endfacet
  facet normal -0.0536849 -0.381992 0.922605
    outer loop
      vertex 4.2437473657042775 -4.5837267220947586 -3.8599743106120563
      vertex 4.4502179152218311 -4.8236378404067164 -3.9472921765731601
      vertex 4.450879591301411 -4.8236379945424224 -3.9472537384975874
    endloop
  endfacet
  facet normal 0.150771 -0.220415 0.963683
    outer loop
      vertex 4.2437473657042775 -4.5837267220947586 -3.8599743106120563
      vertex 4.450879591301411 -4.8236379945424224 -3.9472537384975874
      vertex 4.2441049157363402 -4.5837265526886481 -3.8600302117266554
    endloop
  endfacet
  facet normal -0.149364 -0.252055 -0.956116
    outer loop
      vertex 4.2437473657042775 -4.5837267220947586 -3.8599743106120563
      vertex 4.2441049157363402 -4.5837265526886481 -3.8600302117266554
      vertex 4.649460577972687 -5.0495285166248296 -3.8005582571382752
    endloop
  endfacet
  facet normal 0.150771 -0.220415 0.963683
    outer loop
      vertex 4.2441049157363402 -4.5837265526886481 -3.8600302117266554
      vertex 4.450879591301411 -4.8236379945424224 -3.9472537384975874
      vertex 4.244170761207088 -4.5835071130154441 -3.8599903228436454
    endloop
  endfacet
  facet normal 0.254393 0.0985472 -0.962067
    outer loop
      vertex 4.2441049157363402 -4.5837265526886481 -3.8600302117266554
      vertex 4.244170761207088 -4.5835071130154441 -3.8599903228436454
      vertex 4.6610596911218325 -5.0390894927264025 -3.7964218860138224
    endloop
  endfacet
  facet normal 0.254393 0.0985472 -0.962067
    outer loop
      vertex 4.244170761207088 -4.5835071130154441 -3.8599903228436454
      vertex 4.3175313559404556 -4.5349510735784273 -3.8356183612281107
      vertex 4.6610596911218325 -5.0390894927264025 -3.7964218860138224
    endloop
  endfacet
  facet normal 0.784227 0.555826 0.275764
    outer loop
      vertex 4.3175313559404556 -4.5349510735784273 -3.8356183612281107
      vertex 4.679373741136482 -5.087102796186052 -3.7517290372453282
      vertex 4.6610596911218325 -5.0390894927264025 -3.7964218860138224
    endloop
  endfacet
  facet normal -0.784227 -0.555826 -0.275764
    outer loop
      vertex 4.3161630512798315 -4.533772378912559 -3.8341028875606225
      vertex 4.6610596911218325 -5.0390894927264025 -3.7964218860138224
      vertex 4.679373741136482 -5.087102796186052 -3.7517290372453282
    endloop
  endfacet
  facet normal -0.784227 -0.555826 -0.275764
    outer loop
      vertex 4.3161630512798315 -4.533772378912559 -3.8341028875606225
      vertex 4.6501272577704587 -5.0104283151260329 -3.8231009433525185
      vertex 4.6610596911218325 -5.0390894927264025 -3.7964218860138224
    endloop
  endfacet
  facet normal -0.784227 -0.555826 -0.275764
    outer loop
      vertex 4.3161630512798315 -4.533772378912559 -3.8341028875606225
      vertex 4.5335048348295306 -4.7840574632922088 -3.9477160548488048
      vertex 4.6501272577704587 -5.0104283151260329 -3.8231009433525185
    endloop
  endfacet
  facet normal -0.784227 -0.555826 -0.275764
    outer loop
      vertex 4.5602588505437609 -4.825294668583731 -3.9406829206384426
      vertex 4.6501272577704587 -5.0104283151260329 -3.8231009433525185
      vertex 4.5335048348295306 -4.7840574632922088 -3.9477160548488048
    endloop
  endfacet
  facet normal 0.05746 -0.131509 -0.989648
    outer loop
      vertex 4.6688072646077243 -4.5504346222097078 -3.9709050156375132
      vertex 4.5602588505437609 -4.825294668583731 -3.9406829206384426
      vertex 4.5335048348295306 -4.7840574632922088 -3.9477160548488048
    endloop
  endfacet
  facet normal 0.05746 -0.131509 -0.989648
    outer loop
      vertex 4.6688072646077243 -4.5504346222097078 -3.9709050156375132
      vertex 4.5335048348295306 -4.7840574632922088 -3.9477160548488048
      vertex 4.5158046264895324 -4.7851227221084294 -3.9486021911911688
    endloop
  endfacet
  facet normal -0.0197713 -0.424489 0.905217
    outer loop
      vertex 4.3175313559404556 -4.5349510735784273 -3.8356183612281107
      vertex 4.5158046264895324 -4.7851227221084294 -3.9486021911911688
      vertex 4.5335048348295306 -4.7840574632922088 -3.9477160548488048
    endloop
  endfacet
  facet normal 0.491142 -0.28449 -0.823313
    outer loop
      vertex 4.5602588505437609 -4.825294668583731 -3.9406829206384426
      vertex 4.6688072646077243 -4.5504346222097078 -3.9709050156375132
      vertex 4.8681428441644661 -4.7512884965052375 -3.7825891369886486
    endloop
  endfacet
  facet normal 0.491142 -0.28449 -0.823313
    outer loop
      vertex 4.5602588505437609 -4.825294668583731 -3.9406829206384426
      vertex 4.8681428441644661 -4.7512884965052375 -3.7825891369886486
      vertex 4.6501272577704587 -5.0104283151260329 -3.8231009433525185
    endloop
  endfacet
  facet normal -0.784227 -0.555826 -0.275764
    outer loop
      vertex 4.3175313559404556 -4.5349510735784273 -3.8356183612281107
      vertex 4.5335048348295306 -4.7840574632922088 -3.9477160548488048
      vertex 4.3161630512798315 -4.533772378912559 -3.8341028875606225
    endloop
  endfacet
  facet normal 0.784227 0.555826 0.275764
    outer loop
      vertex 4.3175313559404556 -4.5349510735784273 -3.8356183612281107
      vertex 4.3161630512798315 -4.533772378912559 -3.8341028875606225
      vertex 4.679373741136482 -5.087102796186052 -3.7517290372453282
    endloop
  endfacet
  facet normal -0.0197713 -0.424489 0.905217
    outer loop
      vertex 4.244170761207088 -4.5835071130154441 -3.8599903228436454
      vertex 4.5158046264895324 -4.7851227221084294 -3.9486021911911688
      vertex 4.3175313559404556 -4.5349510735784273 -3.8356183612281107
    endloop
  endfacet
  facet normal 0.150771 -0.220415 0.963683
    outer loop
      vertex 4.244170761207088 -4.5835071130154441 -3.8599903228436454
      vertex 4.450879591301411 -4.8236379945424224 -3.9472537384975874
      vertex 4.5158046264895324 -4.7851227221084294 -3.9486021911911688
    endloop
  endfacet
  facet normal -0.0536849 -0.381992 0.922605
    outer loop
      vertex 4.1349475114292238 -4.6622044026682774 -3.8987978616356735
      vertex 4.4502179152218311 -4.8236378404067164 -3.9472921765731601
      vertex 4.2437473657042775 -4.5837267220947586 -3.8599743106120563
    endloop
  endfacet
  facet normal 0.301557 0.0528801 -0.951981
    outer loop
      vertex 4.6453966357905623 -5.1796705950032047 -3.7658478332075878
      vertex 4.1349475114292238 -4.6622044026682774 -3.8987978616356735
      vertex 4.2437473657042775 -4.5837267220947586 -3.8599743106120563
    endloop
  endfacet
  facet normal 0.301557 0.0528801 -0.951981
    outer loop
      vertex 4.6453966357905623 -5.1796705950032047 -3.7658478332075878
      vertex 4.2437473657042775 -4.5837267220947586 -3.8599743106120563
      vertex 4.6457184768624806 -5.1794174371127024 -3.765731821968334
    endloop
  endfacet
  facet normal -0.510608 0.275971 0.814321
    outer loop
      vertex 4.6453966357905623 -5.1796705950032047 -3.7658478332075878
      vertex 4.6457184768624806 -5.1794174371127024 -3.765731821968334
      vertex 4.6416264463416876 -5.1711832701268667 -3.7710882107936299
    endloop
  endfacet
  facet normal -0.510608 0.275971 0.814321
    outer loop
      vertex 4.6452091829245834 -5.1798292089409328 -3.7659116189630044
      vertex 4.6453966357905623 -5.1796705950032047 -3.7658478332075878
      vertex 4.6416264463416876 -5.1711832701268667 -3.7710882107936299
    endloop
  endfacet
  facet normal 0.290584 0.0410213 -0.95597
    outer loop
      vertex 4.6452091829245834 -5.1798292089409328 -3.7659116189630044
      vertex 4.1344019299485355 -4.662579030242501 -3.8989847152945614
      vertex 4.6453966357905623 -5.1796705950032047 -3.7658478332075878
    endloop
  endfacet
  facet normal 0.290584 0.0410213 -0.95597
    outer loop
      vertex 4.6453966357905623 -5.1796705950032047 -3.7658478332075878
      vertex 4.1344019299485355 -4.662579030242501 -3.8989847152945614
      vertex 4.1347221385873425 -4.6623669678021082 -3.898878282626455
    endloop
  endfacet
  facet normal -0.053683 -0.38199 0.922606
    outer loop
      vertex 4.1344019299485355 -4.662579030242501 -3.8989847152945614
      vertex 4.3897679436779766 -4.9495472104331348 -4.00294029557271
      vertex 4.1347221385873425 -4.6623669678021082 -3.898878282626455
    endloop
  endfacet
  facet normal -0.053683 -0.38199 0.922606
    outer loop
      vertex 4.1347221385873425 -4.6623669678021082 -3.898878282626455
      vertex 4.3897679436779766 -4.9495472104331348 -4.00294029557271
      vertex 4.1349475114292238 -4.6622044026682774 -3.8987978616356735
    endloop
  endfacet
  facet normal 0.290584 0.0410213 -0.95597
    outer loop
      vertex 4.5461078642855881 -5.2564768665228598 -3.7993241727840732
      vertex 4.1344019299485355 -4.662579030242501 -3.8989847152945614
      vertex 4.6452091829245834 -5.1798292089409328 -3.7659116189630044
    endloop
  endfacet
  facet normal -0.499603 0.290151 0.816217
    outer loop
      vertex 4.5461078642855881 -5.2564768665228598 -3.7993241727840732
      vertex 4.6452091829245834 -5.1798292089409328 -3.7659116189630044
      vertex 4.4852291292897464 -5.0357229781170716 -3.9150620835390111
    endloop
  endfacet
  facet normal 0.76508 0.578004 0.283838
    outer loop
      vertex 4.5461078642855881 -5.2564768665228598 -3.7993241727840732
      vertex 4.3934461770435584 -4.9560787106122861 -3.9995542432254809
      vertex 4.1344019299485355 -4.662579030242501 -3.8989847152945614
    endloop
  endfacet
  facet normal -0.149364 -0.252055 -0.956116
    outer loop
      vertex 4.6457184768624806 -5.1794174371127024 -3.765731821968334
      vertex 4.2437473657042775 -4.5837267220947586 -3.8599743106120563
      vertex 4.6467861199971709 -5.1777491999808261 -3.7663383965878299
    endloop
  endfacet
  facet normal 0.301557 0.0528801 -0.951981
    outer loop
      vertex 4.6453966357905623 -5.1796705950032047 -3.7658478332075878
      vertex 4.1347221385873425 -4.6623669678021082 -3.898878282626455
      vertex 4.1349475114292238 -4.6622044026682774 -3.8987978616356735
    endloop
  endfacet
  facet normal -0.0536849 -0.381992 0.922605
    outer loop
      vertex 4.1349475114292238 -4.6622044026682774 -3.8987978616356735
      vertex 4.4412862673945348 -4.8422411143233219 -3.9555143376174353
      vertex 4.4502179152218311 -4.8236378404067164 -3.9472921765731601
    endloop
  endfacet
  facet normal 0.05746 -0.131509 -0.989648
    outer loop
      vertex 4.6688072646077243 -4.5504346222097078 -3.9709050156375132
      vertex 4.5158046264895324 -4.7851227221084294 -3.9486021911911688
      vertex 4.450879591301411 -4.8236379945424224 -3.9472537384975874
    endloop
  endfacet
  facet normal -0.379832 -0.121854 -0.916995
    outer loop
      vertex 4.825294668583731 -4.3754947517009066 -3.9850659218240558
      vertex 4.978130979380003 -4.3090939664815471 -4.0571964025871585
      vertex 4.8762773042796068 -4.4158234930528 -4.0008245728253335
    endloop
  endfacet
  facet normal -0.379832 -0.121854 -0.916995
    outer loop
      vertex 4.825294668583731 -4.4835270849724909 -3.9707101433817908
      vertex 4.825294668583731 -4.3754947517009066 -3.9850659218240558
      vertex 4.8762773042796068 -4.4158234930528 -4.0008245728253335
    endloop
  endfacet
  facet normal 0.229606 -0.534647 -0.813286
    outer loop
      vertex 4.6688072646077243 -4.5504346222097078 -3.9709050156375132
      vertex 4.825294668583731 -4.4835270849724909 -3.9707101433817908
      vertex 4.8681428441644661 -4.7512884965052375 -3.7825891369886486
    endloop
  endfacet
  facet normal 3.71468e-16 -0.735724 -0.677282
    outer loop
      vertex 5.1286926244579121 -4.4430893230958448 -3.9116386435835091
      vertex 19.110918581718867 -5.0229988695751722 -3.2816889487345593
      vertex 5.2167145516012283 -4.5010291143228223 -3.8486992523894257
    endloop
  endfacet
  facet normal 1.84913e-15 -0.915773 -0.401695
    outer loop
      vertex 6.2409565169121075 -5.384763368360578 -2.4569489636958424
      vertex 19.110918581718867 -5.8164015956359822 -1.4729129228447957
      vertex 6.2595632304118149 -5.3956356631483189 -2.4321626281911626
    endloop
  endfacet
  facet normal -5.347e-16 -0.915773 -0.401695
    outer loop
      vertex 6.2595632304118149 -5.3956356631483189 -2.4321626281911626
      vertex 19.110918581718867 -5.8164015956359822 -1.4729129228447957
      vertex 6.2669073218601428 -5.4044957172991142 -2.4119637392667306
    endloop
  endfacet
  facet normal 0 -0.915773 -0.401695
    outer loop
      vertex 5.5504652024378176 -5.0229988695751722 -3.2816889487345593
      vertex 19.110918581718867 -5.0229988695751722 -3.2816889487345593
      vertex 5.7063027676712412 -5.056871876411809 -3.204466271425265
    endloop
  endfacet
  facet normal 1 0 0
    outer loop
      vertex 20 -4.672706234898115 2.0496389888990323
      vertex 20 -4.271617122670877 -2.7907867528307722
      vertex 20 -3.1340021472581556 -4.0265660411139441
    endloop
  endfacet
  facet normal 1 0 0
    outer loop
      vertex 20 -3.7540094306119518 3.4558091291833928
      vertex 20 -3.1340021472581556 -4.0265660411139441
      vertex 20 -1.6567694101362762 -4.8260044202328967
    endloop
  endfacet
  facet normal 0.804334 -0.0977985 -0.586074
    outer loop
      vertex 19.378115294937455 -1.9338940843661112 -5.633241018522563
      vertex 20 8.8395685410297753e-17 -5.1024703372455535
      vertex 20 -1.6567694101362762 -4.8260044202328967
    endloop
  endfacet
  facet normal 0.1605 -0.726186 -0.668501
    outer loop
      vertex 19.378115294937455 -4.9861224100767947 -3.257596355296545
      vertex 19.110918581718867 -5.0229988695751722 -3.2816889487345593
      vertex 19.378115294937455 -3.6582207372326536 -4.7000820992821328
    endloop
  endfacet
  facet normal 0.324937 -0.578708 -0.748006
    outer loop
      vertex 6.2202418425677299 -2.1742071794040068 -5.5525927576091565
      vertex 5.8624066141846773 -1.7895475706089812 -6.0056369751446868
      vertex 6.3412033301643289 -1.9481968152281037 -5.6749034502038072
    endloop
  endfacet
  facet normal 0.1605 -0.469777 -0.868072
    outer loop
      vertex 19.378115294937455 -1.9338940843661112 -5.633241018522563
      vertex 19.110918581718863 -3.6852762761380067 -4.7348430563783612
      vertex 19.110918581718863 -1.9481968152281037 -5.6749034502038072
    endloop
  endfacet
  facet normal 0.324937 -0.578708 -0.748006
    outer loop
      vertex 5.8624066141846773 -1.7895475706089812 -6.0056369751446868
      vertex 6.4468770272739846 -1.8725452371428304 -5.6875274658216952
      vertex 6.3412033301643289 -1.9481968152281037 -5.6749034502038072
    endloop
  endfacet
  facet normal 0.435497 -0.24891 -0.865093
    outer loop
      vertex 5.8624066141846773 -1.7895475706089812 -6.0056369751446868
      vertex 6.8938976990122276 -0.010524698843576649 -5.9982437383867238
      vertex 6.4468770272739846 -1.8725452371428304 -5.6875274658216952
    endloop
  endfacet
  facet normal 0 -0.164595 -0.986361
    outer loop
      vertex 6.8964843584205182 0 -6
      vertex 19.110918581718867 0 -6
      vertex 19.110918581718863 -1.9481968152281037 -5.6749034502038072
    endloop
  endfacet
  facet normal 0.441014 -0.252124 -0.86136
    outer loop
      vertex 5.8624066141846773 -1.7895475706089812 -6.0056369751446868
      vertex 6.1718847050625474 -4.5828716261797064e-17 -6.3709932729367749
      vertex 6.8938976990122276 -0.010524698843576649 -5.9982437383867238
    endloop
  endfacet
  facet normal 0 0.164595 -0.986361
    outer loop
      vertex 6.8964843584205182 0 -6
      vertex 6.8938976990122276 0.010524698843576496 -5.9982437383867238
      vertex 19.110918581718867 0 -6
    endloop
  endfacet
  facet normal 0.435497 0.24891 -0.865093
    outer loop
      vertex 5.8624066141846773 1.7895475706089818 -6.0056369751446868
      vertex 6.4468770272739837 1.8725452371428308 -5.6875274658216961
      vertex 6.8938976990122276 0.010524698843576496 -5.9982437383867238
    endloop
  endfacet
  facet normal 0.924049 0.232574 -0.303386
    outer loop
      vertex 6 -7.5513456301036934e-17 -6.8945175822570501
      vertex 5.7381538478249068 1.5691579626638823 -6.4891364945192294
      vertex 6.1718847050625474 -4.5828716261797064e-17 -6.3709932729367749
    endloop
  endfacet
  facet normal 0.986361 0.164595 -2.9066e-17
    outer loop
      vertex 5.7381538478249068 1.5691579626638823 -6.4891364945192294
      vertex 5.674903450203808 1.9481968152281008 -19.110918581718863
      vertex 5.6886711559107574 1.8656914781887164 -6.4237378582099813
    endloop
  endfacet
  facet normal 0.986361 0.164595 0
    outer loop
      vertex 5.6886711559107574 1.8656914781887164 -6.4237378582099813
      vertex 5.674903450203808 1.9481968152281008 -19.110918581718863
      vertex 5.674903450203808 1.9481968152281008 -6.2762632652681534
    endloop
  endfacet
  facet normal 0.879474 0.475947 0
    outer loop
      vertex 5.674903450203808 1.9481968152281008 -6.2762632652681534
      vertex 5.674903450203808 1.9481968152281008 -19.110918581718863
      vertex 4.7348430563783612 3.6852762761380067 -19.11091858171886
    endloop
  endfacet
  facet normal 0.771323 0.550265 -0.319796
    outer loop
      vertex 5.8624066141846773 1.7895475706089818 -6.0056369751446868
      vertex 5.0850951499500905 3.0380670948126651 -5.7321551108770423
      vertex 5.1804792592519524 3.213531589266442 -5.2001788775858104
    endloop
  endfacet
  facet normal 0.879474 0.475947 -7.37674e-18
    outer loop
      vertex 4.9333801434149827 3.3184118721216036 -5.6156976098028064
      vertex 4.7348430563783612 3.6852762761380067 -19.11091858171886
      vertex 4.8086098098118537 3.5489672547932374 -5.0768234362691711
    endloop
  endfacet
  facet normal 0.879474 0.475947 0
    outer loop
      vertex 4.8086098098118537 3.5489672547932374 -5.0768234362691711
      vertex 4.7348430563783612 3.6852762761380067 -19.11091858171886
      vertex 4.7348430563783612 3.6852762761380067 -4.9059212172977382
    endloop
  endfacet
  facet normal 0.677282 0.735724 0
    outer loop
      vertex 4.7348430563783612 3.6852762761380067 -4.9059212172977382
      vertex 4.7348430563783612 3.6852762761380067 -19.11091858171886
      vertex 3.2816889487345611 5.0229988695751713 -19.110918581718863
    endloop
  endfacet
  facet normal 0.33876 0.753527 -0.563417
    outer loop
      vertex 4.9050797565875452 3.6852762761380067 -4.7348430563783612
      vertex 5.1804792592519524 3.213531589266442 -5.2001788775858104
      vertex 4.5933329810215069 3.9539981617827844 -4.5628887194859686
    endloop
  endfacet
  facet normal 0.0578663 0.996646 -0.0578663
    outer loop
      vertex 4.4396071647472439 3.9709580562429667 -4.4245099168506439
      vertex 4.7949539340155427 3.9489373901164888 -4.4484307369008791
      vertex 4.5933329810215069 3.9539981617827844 -4.5628887194859686
    endloop
  endfacet
  facet normal 0.57735 0.57735 -0.57735
    outer loop
      vertex 4.4245099168506439 3.9709580562429667 -4.4396071647472439
      vertex 4.4726614077394125 4.3540198913362218 -4.0083938387652198
      vertex 4.4396071647472439 3.9709580562429667 -4.4245099168506439
    endloop
  endfacet
  facet normal 0.677282 0.735724 -1.3556e-16
    outer loop
      vertex 4.7348430563783612 3.6852762761380067 -4.9059212172977382
      vertex 3.2816889487345611 5.0229988695751713 -19.110918581718863
      vertex 4.4487631544640367 3.9486313781922533 -4.7998920384311896
    endloop
  endfacet
  facet normal 0.677282 0.735724 -3.12322e-16
    outer loop
      vertex 4.0520219722846145 4.3138573651379382 -4.9671669482305285
      vertex 4.0388224130141577 4.3260084154406027 -4.4702443093860946
      vertex 4.4245099168506439 3.9709580562429667 -4.4396071647472439
    endloop
  endfacet
  facet normal 0.762338 0.61779 -0.19281
    outer loop
      vertex 3.3538585508615757 4.9565620706033009 -5.6682683121328727
      vertex 3.2438651802147627 5.2338761074658438 -5.2146110928783846
      vertex 4.0520219722846145 4.3138573651379382 -4.9671669482305285
    endloop
  endfacet
  facet normal 0.537085 0.771389 -0.341318
    outer loop
      vertex 3.3538585508615757 4.9565620706033009 -5.6682683121328727
      vertex 3.2816889487345611 5.0229988695751713 -5.6316824544839683
      vertex 3.2438651802147627 5.2338761074658438 -5.2146110928783846
    endloop
  endfacet
  facet normal 0.53373 0.329092 -0.778993
    outer loop
      vertex 1.7652618456380544 6.0415940947087101 -5.886455438913142
      vertex 2.0660305843577911 6.3354608881476526 -5.556236067796382
      vertex 3.2438651802147627 5.2338761074658438 -5.2146110928783846
    endloop
  endfacet
  facet normal 0.175636 0.431214 -0.884989
    outer loop
      vertex 0.92245808114038363 6.4350349908769884 -5.8620135842420726
      vertex 1.4729129228447957 6.3044421507126724 -5.8164015956359822
      vertex 1.7652618456380544 6.0415940947087101 -5.886455438913142
    endloop
  endfacet
  facet normal 0.0825793 -3.56378e-17 -0.996584
    outer loop
      vertex -0.040110125114285751 6.82968117554275 -5.9417742598323322
      vertex 1.4729129228447957 19.11091858171886 -5.8164015956359822
      vertex 0.92245808114038363 6.4350349908769884 -5.8620135842420726
    endloop
  endfacet
  facet normal -0.245485 -2.49758e-17 -0.9694
    outer loop
      vertex -1.0878804193373455 6.4091899589603569 -5.8294898034183564
      vertex -0.49547607283399608 19.110918581718863 -5.9795069580400195
      vertex -0.49547607283399475 6.381328913244964 -5.9795069580400195
    endloop
  endfacet
  facet normal 0.0815088 0.1605 -0.983665
    outer loop
      vertex -0.49183852406946238 19.378115294937455 -5.9356082728354425
      vertex 1.4620994993991088 19.378115294937455 -5.7737003521284542
      vertex 1.4729129228447957 19.11091858171886 -5.8164015956359822
    endloop
  endfacet
  facet normal -0.145862 0.804334 -0.575996
    outer loop
      vertex -0.49183852406946238 19.378115294937455 -5.9356082728354425
      vertex -2.0496389888990323 20 -4.672706234898115
      vertex -0.42135866074173078 20 -5.0850428141254325
    endloop
  endfacet
  facet normal -0 1 -0
    outer loop
      vertex -2.0496389888990323 20 -4.672706234898115
      vertex -3.4558091291833928 20 -3.7540094306119522
      vertex -0.42135866074173078 20 -5.0850428141254325
    endloop
  endfacet
  facet normal -0.539857 0.1605 -0.826313
    outer loop
      vertex -2.3924782117940833 19.378115294937455 -5.4543009367289184
      vertex -2.4101725479178158 19.110918581718863 -5.4946399599303453
      vertex -4.0338557621464339 19.378115294937455 -4.3819354619288235
    endloop
  endfacet
  facet normal 0 1 0
    outer loop
      vertex 2.7907867528307722 20 -4.271617122670877
      vertex -3.4558091291833928 20 -3.7540094306119522
      vertex -4.4874887279171869 20 -2.4285074550610197
    endloop
  endfacet
  facet normal 0 1 0
    outer loop
      vertex 4.0265660411139441 20 -3.1340021472581556
      vertex -4.4874887279171869 20 -2.4285074550610197
      vertex -5.0328792924192536 20 -0.83983901457853127
    endloop
  endfacet
  facet normal -0 1 0
    outer loop
      vertex -5.0328792924192536 20 -0.83983901457853127
      vertex -5.0328792924192536 20 0.83983901457853127
      vertex 4.8260044202328967 20 -1.656769410136276
    endloop
  endfacet
  facet normal -0.561984 0.804334 0.192929
    outer loop
      vertex -5.8747194578741704 19.378115294937455 0.98031729230182485
      vertex -4.4874887279171869 20 2.4285074550610197
      vertex -5.0328792924192536 20 0.83983901457853127
    endloop
  endfacet
  facet normal -0.987036 0.1605 0
    outer loop
      vertex -5.8747194578741704 19.378115294937455 0.98031729230182485
      vertex -5.9181678204163344 19.110918581718863 -0.98756754168440486
      vertex -5.9181678204163344 19.110918581718863 0.98756754168440475
    endloop
  endfacet
  facet normal -0.933556 0.1605 -0.32049
    outer loop
      vertex -5.2381024489490207 19.378115294937455 -2.8347192870945159
      vertex -5.2768425072389338 19.110918581718884 -2.8556843582224425
      vertex -5.8747194578741704 19.378115294937455 -0.98031729230182485
    endloop
  endfacet
  facet normal -0.862546 0.501036 -0.0705455
    outer loop
      vertex -6.254872117796662 6.0154452769830842 -1.0867283611452614
      vertex -5.9181678204163344 6.609051615149971 -0.98756754168440486
      vertex -5.8684841067503308 6.6742063340720659 -1.1322912553760995
    endloop
  endfacet
  facet normal -0.862546 0.501036 -0.0705455
    outer loop
      vertex -6.254872117796662 6.0154452769830842 -1.0867283611452614
      vertex -5.9181678204163344 6.615723584086334 -0.94018115083322129
      vertex -5.9181678204163344 6.609051615149971 -0.98756754168440486
    endloop
  endfacet
  facet normal -0.862546 0.501036 -0.0705455
    outer loop
      vertex -6.254872117796662 6.0154452769830842 -1.0867283611452614
      vertex -6.289154441068634 6.1113440883481749 0.013537745816892191
      vertex -5.9181678204163344 6.615723584086334 -0.94018115083322129
    endloop
  endfacet
  facet normal -1 0 0
    outer loop
      vertex -5.9181678204163344 6.8359224852289886 0.015789652335332048
      vertex -5.9181678204163344 6.605161629185865 0.9458678155339344
      vertex -5.9181678204163344 19.110918581718863 -0.98756754168440486
    endloop
  endfacet
  facet normal -0.36034 0.927375 0.100649
    outer loop
      vertex -6.289154441068634 6.1113440883481749 0.013537745816892191
      vertex -6.4938378421224545 5.9795069580400195 0.4954760728339947
      vertex -6.2509433406300934 6.0085983994588785 1.0970284011321203
    endloop
  endfacet
  facet normal -1 0 0
    outer loop
      vertex -5.9181678204163344 6.605161629185865 0.9458678155339344
      vertex -5.9181678204163344 19.110918581718863 0.98756754168440475
      vertex -5.9181678204163344 19.110918581718863 -0.98756754168440486
    endloop
  endfacet
  facet normal -0.862138 0.500653 0.0778808
    outer loop
      vertex -6.2509433406300934 6.0085983994588785 1.0970284011321203
      vertex -5.8646643616109113 6.6665655074829964 1.1434177928497029
      vertex -5.9181678204163344 6.5986748781637052 0.98756754168440486
    endloop
  endfacet
  facet normal -0.790796 0.433817 0.431794
    outer loop
      vertex -6.2509433406300934 6.0085983994588785 1.0970284011321203
      vertex -5.8395483723026462 6.6395297404832156 1.2165781703160143
      vertex -5.8646643616109113 6.6665655074829964 1.1434177928497029
    endloop
  endfacet
  facet normal -0.83016 0.396113 0.392338
    outer loop
      vertex -5.8550514543715604 5.7459624774409095 2.0859394004622516
      vertex -5.5073873466710213 6.3773305358390653 2.1841301833601596
      vertex -5.8395483723026462 6.6395297404832156 1.2165781703160143
    endloop
  endfacet
  facet normal -0.753927 0.326492 0.570085
    outer loop
      vertex -5.8550514543715604 5.7459624774409095 2.0859394004622516
      vertex -5.3107088019506437 5.8311511927137234 2.7570352118924291
      vertex -5.5073873466710213 6.3773305358390653 2.1841301833601596
    endloop
  endfacet
  facet normal -0.933556 0.1605 0.32049
    outer loop
      vertex -5.2381024489490207 19.378115294937455 2.8347192870945159
      vertex -5.9181678204163344 19.110918581718863 0.98756754168440475
      vertex -5.2768425072389338 19.110918581718863 2.855684358222442
    endloop
  endfacet
  facet normal -0.72127 0.448131 0.528155
    outer loop
      vertex -5.8550514543715604 5.7459624774409095 2.0859394004622516
      vertex -5.2768425072389338 5.7693941522103982 2.8556843582224425
      vertex -5.3107088019506437 5.8311511927137234 2.7570352118924291
    endloop
  endfacet
  facet normal -0.72127 0.448131 0.528155
    outer loop
      vertex -5.4567729810581289 5.336516235363435 2.9772541224512588
      vertex -5.1293881499853242 5.7834433009437163 3.0451337202948676
      vertex -5.2768425072389338 5.7693941522103982 2.8556843582224425
    endloop
  endfacet
  facet normal -0.588204 0.317936 0.743594
    outer loop
      vertex -5.4567729810581289 5.336516235363435 2.9772541224512588
      vertex -5.0117567629251116 5.6475980717024017 3.1962665294794954
      vertex -5.1293881499853242 5.7834433009437163 3.0451337202948676
    endloop
  endfacet
  facet normal -0.789141 1.41926e-16 0.614213
    outer loop
      vertex -4.5563095142821268 5.282712136019323 3.7814251664986287
      vertex -4.5073805697600964 5.2188966874768514 3.8442890757056847
      vertex -5.2768425072389338 19.110918581718863 2.855684358222442
    endloop
  endfacet
  facet normal -0.588204 0.317936 0.743594
    outer loop
      vertex -5.4567729810581289 5.336516235363435 2.9772541224512588
      vertex -4.8189096761746368 4.8654324959077258 3.6832424972436923
      vertex -5.0117567629251116 5.6475980717024017 3.1962665294794954
    endloop
  endfacet
  facet normal -0.635512 0.226244 0.738199
    outer loop
      vertex -4.5563095142821268 5.282712136019323 3.7814251664986287
      vertex -4.580951339204514 5.1494750105683043 3.8010458661812234
      vertex -4.5774159652762334 5.1529277748496769 3.8030312436505231
    endloop
  endfacet
  facet normal 0.714119 -0.14735 -0.68434
    outer loop
      vertex -4.5836084923279792 5.1451995229985279 3.7991936724215591
      vertex -4.580951339204514 5.1494750105683043 3.8010458661812234
      vertex -4.5245842289871243 5.0365610095602351 3.8841780993896617
    endloop
  endfacet
  facet normal 0.665304 0.649476 0.368174
    outer loop
      vertex -4.4709621774439317 5.0069817983070006 3.8394601819251082
      vertex -4.5245842289871243 5.0365610095602351 3.8841780993896617
      vertex -4.4294935644798592 4.8625067820622974 4.0193856056465815
    endloop
  endfacet
  facet normal 0.665304 0.649476 0.368174
    outer loop
      vertex -4.4131231432196465 4.9368092780443247 3.8587305337046796
      vertex -4.4294935644798592 4.8625067820622974 4.0193856056465815
      vertex -4.4274143062442484 4.858483034143922 4.0227263899574233
    endloop
  endfacet
  facet normal -0.395915 0.53485 0.74645
    outer loop
      vertex -4.8189096761746368 4.8654324959077258 3.6832424972436923
      vertex -4.835409805717668 4.5097119314946168 3.9293734217551144
      vertex -4.5819105291294449 4.629087137368578 3.9782935374851336
    endloop
  endfacet
  facet normal -0.146781 -0.0919126 0.98489
    outer loop
      vertex -4.3930676083608926 4.4653655948781665 3.991158371513889
      vertex -4.4247502273172685 4.8556773869930936 4.0228615942409025
      vertex -4.4274143062442484 4.858483034143922 4.0227263899574233
    endloop
  endfacet
  facet normal -0.146781 -0.0919126 0.98489
    outer loop
      vertex -4.835409805717668 4.5097119314946168 3.9293734217551144
      vertex -4.3970054375858414 4.4623006593672327 3.9902854777998726
      vertex -4.5819105291294449 4.629087137368578 3.9782935374851336
    endloop
  endfacet
  facet normal -0.57735 0.57735 0.57735
    outer loop
      vertex -4.3930676083608926 4.4653655948781665 3.991158371513889
      vertex -4.371558680959712 4.4143434640387902 4.0636894297544455
      vertex -4.0909478278476907 4.3793218734526285 4.3793218734526285
    endloop
  endfacet
  facet normal 3.76177e-17 0.837166 0.546948
    outer loop
      vertex -4.8657681335750107 4.502793423719937 3.9283066879916442
      vertex -19.102470337245556 4.4143434640387902 4.0636894297544455
      vertex -4.3970054375858414 4.4623006593672327 3.9902854777998726
    endloop
  endfacet
  facet normal -0.57735 0.57735 0.57735
    outer loop
      vertex -4.4405475924104501 4.1031182285422689 4.3059257538002287
      vertex -4.3059257538002278 4.1031182285422689 4.4405475924104509
      vertex -4.371558680959712 4.4143434640387902 4.0636894297544455
    endloop
  endfacet
  facet normal -0.145829 0.978503 0.145829
    outer loop
      vertex -4.4405475924104501 4.1031182285422689 4.3059257538002287
      vertex -4.8584830341439211 4.0226415492912935 4.4279835815811213
      vertex -4.6643590885571635 4.0407195354662777 4.5008054188835462
    endloop
  endfacet
  facet normal -0.332018 0.752647 0.568584
    outer loop
      vertex -5.3900276869903649 3.007678699412037 5.4445182700281816
      vertex -4.569724779051846 4.048029632256843 4.5463894556496838
      vertex -4.6643590885571635 4.0407195354662777 4.5008054188835462
    endloop
  endfacet
  facet normal -3.79627e-17 0.614213 0.789141
    outer loop
      vertex -5.5442610658035427 3.3668985274073084 4.8789485480749279
      vertex -4.9394033347307396 4.0705756070884158 4.3312546927701625
      vertex -19.102470337245556 2.8556843582224425 5.2768425072389338
    endloop
  endfacet
  facet normal -0.488625 0.480602 0.728194
    outer loop
      vertex -5.7894119296456434 2.8556843582224425 5.2768425072389338
      vertex -5.3900276869903649 3.007678699412037 5.4445182700281816
      vertex -5.8263117086147647 3.0649127509737664 5.1139935124740008
    endloop
  endfacet
  facet normal -0.745754 0.465853 0.476269
    outer loop
      vertex -5.5156579291079399 2.1600387997588726 6.0769064183002861
      vertex -5.2768425072389338 2.8556843582224425 5.7704169022872032
      vertex -5.3900276869903649 3.007678699412037 5.4445182700281816
    endloop
  endfacet
  facet normal -0.945817 0.324699 -3.73163e-17
    outer loop
      vertex -5.8746743486181794 1.1142596968298251 6.7208857543732776
      vertex -5.2768425072389338 2.8556843582224425 19.102470337245556
      vertex -5.5156579291079399 2.1600387997588726 6.0769064183002861
    endloop
  endfacet
  facet normal -0.945817 0.324699 1.40884e-16
    outer loop
      vertex -5.9181678204163344 0.98756754168440486 6.6226130665441776
      vertex -5.2768425072389338 2.8556843582224425 19.102470337245556
      vertex -5.8746743486181794 1.1142596968298251 6.7208857543732776
    endloop
  endfacet
  facet normal -1 0 0
    outer loop
      vertex -5.9181678204163344 -0.98756754168440486 6.6226130665441776
      vertex -5.9181678204163344 0.98756754168440486 19.102470337245553
      vertex -5.9181678204163344 0.98756754168440486 6.6226130665441776
    endloop
  endfacet
  facet normal -0.945817 -0.324699 0
    outer loop
      vertex -5.8746743486181794 -1.1142596968298251 6.7208857543732776
      vertex -5.9181678204163344 -0.98756754168440486 19.102470337245553
      vertex -5.9181678204163344 -0.98756754168440486 6.6226130665441776
    endloop
  endfacet
  facet normal -0.945817 -0.324699 1.63221e-17
    outer loop
      vertex -5.5156579291079417 -2.1600387997588673 6.076906418300287
      vertex -5.9181678204163344 -0.98756754168440486 19.102470337245553
      vertex -5.8746743486181794 -1.1142596968298251 6.7208857543732776
    endloop
  endfacet
  facet normal -0.945817 -0.324699 0
    outer loop
      vertex -5.2768425072389338 -2.8556843582224425 5.7704169022872014
      vertex -5.2768425072389338 -2.8556843582224425 19.102470337245556
      vertex -5.5156579291079417 -2.1600387997588673 6.076906418300287
    endloop
  endfacet
  facet normal -0.789141 -0.614213 0
    outer loop
      vertex -5.2768425072389338 -2.8556843582224425 5.7704169022872014
      vertex -5.1158057902980012 -3.0625843363778893 5.8201968974667917
      vertex -5.2768425072389338 -2.8556843582224425 19.102470337245556
    endloop
  endfacet
  facet normal -0.789141 -0.614213 9.04259e-17
    outer loop
      vertex -5.1158057902980012 -3.0625843363778893 5.8201968974667917
      vertex -4.9074066899752831 -3.3303355059462598 5.5840672399092348
      vertex -4.0636894297544455 -4.4143434640387902 19.102470337245549
    endloop
  endfacet
  facet normal -0.789141 -0.614213 -6.6233e-18
    outer loop
      vertex -4.9074066899752831 -3.3303355059462598 5.5840672399092348
      vertex -4.5510143884412342 -3.788228344318088 5.1929624851460412
      vertex -4.0636894297544455 -4.4143434640387902 19.102470337245549
    endloop
  endfacet
  facet normal -0.789141 -0.614213 -7.93819e-17
    outer loop
      vertex -4.0636894297544455 -4.4143434640387902 19.102470337245549
      vertex -4.5510143884412342 -3.788228344318088 5.1929624851460412
      vertex -4.3726549958083103 -4.0173844966575967 4.995573430008891
    endloop
  endfacet
  facet normal -0.789141 -0.614213 -1.67208e-16
    outer loop
      vertex -4.3697899907004905 -4.0210654552953748 4.9897485060700975
      vertex -4.0636894297544455 -4.4143434640387902 19.102470337245549
      vertex -4.3726549958083103 -4.0173844966575967 4.995573430008891
    endloop
  endfacet
  facet normal -0.733536 0.350514 -0.582293
    outer loop
      vertex -4.0645667340882987 -3.9825062587902651 4.6284586438371171
      vertex -4.3697899907004905 -4.0210654552953748 4.9897485060700975
      vertex -4.3726549958083103 -4.0173844966575967 4.995573430008891
    endloop
  endfacet
  facet normal -0.733536 0.350514 -0.582293
    outer loop
      vertex -4.0645667340882987 -3.9825062587902651 4.6284586438371171
      vertex -4.3726549958083103 -4.0173844966575967 4.995573430008891
      vertex -4.4804356168819979 -3.8219538817466634 5.2489891136070304
    endloop
  endfacet
  facet normal -0.407029 -0.91268 -0.0366428
    outer loop
      vertex -4.0645667340882987 -3.9825062587902651 4.6284586438371171
      vertex -4.4804356168819979 -3.8219538817466634 5.2489891136070304
      vertex -4.5510143884412342 -3.788228344318088 5.1929624851460412
    endloop
  endfacet
  facet normal -0.407029 -0.91268 -0.0366428
    outer loop
      vertex -4.0645667340882987 -3.9825062587902651 4.6284586438371171
      vertex -4.5510143884412342 -3.788228344318088 5.1929624851460412
      vertex -4.5511451233739058 -3.7880603760731577 5.1902310300896906
    endloop
  endfacet
  facet normal -0.407029 -0.91268 -0.0366428
    outer loop
      vertex -4.1573921503349744 -3.938150328801842 4.5547722507065087
      vertex -4.0645667340882987 -3.9825062587902651 4.6284586438371171
      vertex -4.5511451233739058 -3.7880603760731577 5.1902310300896906
    endloop
  endfacet
  facet normal -0.407029 -0.91268 -0.0366428
    outer loop
      vertex -4.1573921503349744 -3.938150328801842 4.5547722507065087
      vertex -4.5511451233739058 -3.7880603760731577 5.1902310300896906
      vertex -4.5721115421931566 -3.7780417298568745 5.1735875304736938
    endloop
  endfacet
  facet normal 0.733536 -0.350514 0.582293
    outer loop
      vertex -4.1573921503349744 -3.938150328801842 4.5547722507065087
      vertex -4.5721115421931566 -3.7780417298568745 5.1735875304736938
      vertex -4.4370675375566604 -4.0215232703846437 4.8569026567038156
    endloop
  endfacet
  facet normal -0.600107 -0.736224 0.312803
    outer loop
      vertex -4.9074066899752831 -3.3303355059462598 5.5840672399092348
      vertex -4.5721115421931566 -3.7780417298568745 5.1735875304736938
      vertex -4.5511451233739058 -3.7880603760731577 5.1902310300896906
    endloop
  endfacet
  facet normal 0.136536 0.915285 0.378961
    outer loop
      vertex -4.1573921503349744 -3.938150328801842 4.5547722507065087
      vertex -4.4370675375566604 -4.0215232703846437 4.8569026567038156
      vertex -4.0645667340882987 -3.9825062587902651 4.6284586438371171
    endloop
  endfacet
  facet normal -0.733536 0.350514 -0.582293
    outer loop
      vertex -4.0645667340882987 -3.9825062587902651 4.6284586438371171
      vertex -4.3371188564264802 -4.0630413294687528 4.9233238872724625
      vertex -4.3697899907004905 -4.0210654552953748 4.9897485060700975
    endloop
  endfacet
  facet normal -0.733536 0.350514 -0.582293
    outer loop
      vertex -4.3453081874691595 -4.0654847936189107 4.9321694272745296
      vertex -4.3697899907004905 -4.0210654552953748 4.9897485060700975
      vertex -4.3371188564264802 -4.0630413294687528 4.9233238872724625
    endloop
  endfacet
  facet normal -0.136401 -0.915245 -0.379107
    outer loop
      vertex -4.3371044907889056 -4.0630597864402862 4.923363277631962
      vertex -4.3453081874691595 -4.0654847936189107 4.9321694272745296
      vertex -4.3371188564264802 -4.0630413294687528 4.9233238872724625
    endloop
  endfacet
  facet normal -0.789141 -0.614213 -1.23749e-12
    outer loop
      vertex -4.3371044907889056 -4.0630597864402862 4.923363277631962
      vertex -4.3371188564264802 -4.0630413294687528 4.9233238872724625
      vertex -4.3366675459491981 -4.0636211731818195 4.9224063150155137
    endloop
  endfacet
  facet normal 0.694613 -0.510968 0.506384
    outer loop
      vertex -4.3453081874691595 -4.0654847936189107 4.9321694272745296
      vertex -4.3371044907889056 -4.0630597864402862 4.923363277631962
      vertex -4.356463855378867 -4.0381868743066169 4.9750168731390527
    endloop
  endfacet
  facet normal -0.789141 -0.614213 6.46039e-17
    outer loop
      vertex -4.3371044907889056 -4.0630597864402862 4.923363277631962
      vertex -4.0636894297544455 -4.4143434640387902 19.102470337245549
      vertex -4.356463855378867 -4.0381868743066169 4.9750168731390527
    endloop
  endfacet
  facet normal -0.600107 -0.736224 0.312803
    outer loop
      vertex -4.3453081874691595 -4.0654847936189107 4.9321694272745296
      vertex -4.356463855378867 -4.0381868743066169 4.9750168731390527
      vertex -4.3697899907004905 -4.0210654552953748 4.9897485060700975
    endloop
  endfacet
  facet normal -0.733536 0.350514 -0.582293
    outer loop
      vertex -4.0645667340882987 -3.9825062587902651 4.6284586438371171
      vertex -4.3366675459491981 -4.0636211731818195 4.9224063150155137
      vertex -4.3371188564264802 -4.0630413294687528 4.9233238872724625
    endloop
  endfacet
  facet normal -0.789141 -0.614213 4.28791e-16
    outer loop
      vertex -4.356463855378867 -4.0381868743066169 4.9750168731390527
      vertex -4.0636894297544455 -4.4143434640387902 19.102470337245549
      vertex -4.3697899907004905 -4.0210654552953748 4.9897485060700975
    endloop
  endfacet
  facet normal 0.600043 0.736341 -0.312651
    outer loop
      vertex -4.4804356168819979 -3.8219538817466634 5.2489891136070304
      vertex -4.3726549958083103 -4.0173844966575967 4.995573430008891
      vertex -4.5510143884412342 -3.788228344318088 5.1929624851460412
    endloop
  endfacet
  facet normal -0.789141 -0.614213 1.66385e-14
    outer loop
      vertex -4.9074066899752831 -3.3303355059462598 5.5840672399092348
      vertex -4.5511451233739058 -3.7880603760731577 5.1902310300896906
      vertex -4.5510143884412342 -3.788228344318088 5.1929624851460412
    endloop
  endfacet
  facet normal -0.588768 -0.741671 0.321368
    outer loop
      vertex -5.3900276869903649 -3.007678699412037 5.4445182700281816
      vertex -4.569724779051846 -4.0480296322568439 4.5463894556496838
      vertex -4.531050443483803 -4.0407195354662786 4.6341140639569049
    endloop
  endfacet
  facet normal -0.600107 -0.736224 0.312803
    outer loop
      vertex -4.9074066899752831 -3.3303355059462598 5.5840672399092348
      vertex -4.4381336037158388 -4.0211288636304854 4.8584830341439247
      vertex -4.5721115421931566 -3.7780417298568745 5.1735875304736938
    endloop
  endfacet
  facet normal 0.733536 -0.350514 0.582293
    outer loop
      vertex -4.4381336037158388 -4.0211288636304854 4.8584830341439247
      vertex -4.4370675375566604 -4.0215232703846437 4.8569026567038156
      vertex -4.5721115421931566 -3.7780417298568745 5.1735875304736938
    endloop
  endfacet
  facet normal 0.136536 0.915285 0.378961
    outer loop
      vertex -4.0645667340882987 -3.9825062587902651 4.6284586438371171
      vertex -4.4370675375566604 -4.0215232703846437 4.8569026567038156
      vertex -4.3605563930137174 -4.0329287818458681 4.8568835631485516
    endloop
  endfacet
  facet normal 0.136536 0.915285 0.378961
    outer loop
      vertex -4.0645667340882987 -3.9825062587902651 4.6284586438371171
      vertex -4.3605563930137174 -4.0329287818458681 4.8568835631485516
      vertex -4.3366675459491981 -4.0636211731818195 4.9224063150155137
    endloop
  endfacet
  facet normal -0.789141 -0.614213 1.23963e-14
    outer loop
      vertex -4.3371044907889056 -4.0630597864402862 4.923363277631962
      vertex -4.3366675459491981 -4.0636211731818195 4.9224063150155137
      vertex -4.0636894297544455 -4.4143434640387902 19.102470337245549
    endloop
  endfacet
  facet normal -0.546948 -0.837166 -7.93411e-17
    outer loop
      vertex -3.9219518516787804 -4.5069452454982093 4.8185709152236775
      vertex -3.6908560434287945 -4.6579276724755436 5.0327798205184822
      vertex -4.0636894297544455 -4.4143434640387902 19.102470337245549
    endloop
  endfacet
  facet normal -0.991403 0.0925205 -0.0925205
    outer loop
      vertex -3.9195071535031558 -4.6463615588750118 4.6529584370830275
      vertex -3.9219518516787804 -4.5069452454982093 4.8185709152236775
      vertex -3.8960309257354884 -4.5238802316325515 4.5238802316325515
    endloop
  endfacet
  facet normal -0.789141 0 0.614213
    outer loop
      vertex -4.0636894297544455 -4.4143434640387902 4.4143434640387902
      vertex -4.0909478278476898 -4.3793218734526285 4.3793218734526285
      vertex -4.0636894297544455 -19.102470337245553 4.4143434640387902
    endloop
  endfacet
  facet normal -0.789141 6.1459e-17 0.614213
    outer loop
      vertex -4.0909478278476898 -4.3793218734526285 4.3793218734526285
      vertex -4.3360376813879498 -4.9241068263601573 4.0644304231866553
      vertex -4.0636894297544455 -19.102470337245553 4.4143434640387902
    endloop
  endfacet
  facet normal -0.789141 -2.76367e-16 0.614213
    outer loop
      vertex -4.3397486771369769 -4.930865749991546 4.0596625357508334
      vertex -4.0636894297544455 -19.102470337245553 4.4143434640387902
      vertex -4.3360376813879498 -4.9241068263601573 4.0644304231866553
    endloop
  endfacet
  facet normal -0.684049 0.632226 -0.363822
    outer loop
      vertex -4.0670187708491037 -4.6703950481916374 3.9995114455903948
      vertex -4.3397486771369769 -4.930865749991546 4.0596625357508334
      vertex -4.3360376813879498 -4.9241068263601573 4.0644304231866553
    endloop
  endfacet
  facet normal 0.13654 -0.378976 -0.915278
    outer loop
      vertex -4.1537442261912085 -4.5902398598802776 3.9533851468240466
      vertex -4.0670187708491037 -4.6703950481916374 3.9995114455903948
      vertex -4.3360376813879498 -4.9241068263601573 4.0644304231866553
    endloop
  endfacet
  facet normal 0.13654 -0.378976 -0.915278
    outer loop
      vertex -4.1537442261912085 -4.5902398598802776 3.9533851468240466
      vertex -4.3360376813879498 -4.9241068263601573 4.0644304231866553
      vertex -4.3609994961561647 -4.8556446212810265 4.0323594829168128
    endloop
  endfacet
  facet normal 0.13654 -0.378976 -0.915278
    outer loop
      vertex -4.1537442261912085 -4.5902398598802776 3.9533851468240466
      vertex -4.3609994961561647 -4.8556446212810265 4.0323594829168128
      vertex -4.43519735805243 -4.8556783541949677 4.0213047199317424
    endloop
  endfacet
  facet normal 0.684049 -0.632226 0.363822
    outer loop
      vertex -4.1537442261912085 -4.5902398598802776 3.9533851468240466
      vertex -4.43519735805243 -4.8556783541949677 4.0213047199317424
      vertex -4.4377281626853566 -4.858483034143922 4.0211892876202073
    endloop
  endfacet
  facet normal 0.684049 -0.632226 0.363822
    outer loop
      vertex -4.5155292576898081 -5.0553457598460545 3.8253740216800769
      vertex -4.1537442261912085 -4.5902398598802776 3.9533851468240466
      vertex -4.4377281626853566 -4.858483034143922 4.0211892876202073
    endloop
  endfacet
  facet normal 0.684049 -0.632226 0.363822
    outer loop
      vertex -4.5155292576898081 -5.0553457598460545 3.8253740216800769
      vertex -4.4377281626853566 -4.858483034143922 4.0211892876202073
      vertex -4.5878738934478882 -5.1483510364396734 3.7997761737449052
    endloop
  endfacet
  facet normal -0.414845 0.0730683 0.906954
    outer loop
      vertex -4.5155292576898081 -5.0553457598460545 3.8253740216800769
      vertex -4.5878738934478882 -5.1483510364396734 3.7997761737449052
      vertex -4.5096400770867904 -5.2206579071041572 3.8413860606330008
    endloop
  endfacet
  facet normal -0.414845 0.0730683 0.906954
    outer loop
      vertex -4.5155292576898081 -5.0553457598460545 3.8253740216800769
      vertex -4.5096400770867904 -5.2206579071041572 3.8413860606330008
      vertex -4.5093248577734615 -5.2238951989345423 3.8417910544150451
    endloop
  endfacet
  facet normal -0.414845 0.0730683 0.906954
    outer loop
      vertex -4.5024815530400275 -5.2302200591202475 3.8454307737735474
      vertex -4.5155292576898081 -5.0553457598460545 3.8253740216800769
      vertex -4.5093248577734615 -5.2238951989345423 3.8417910544150451
    endloop
  endfacet
  facet normal 0.622169 0.245342 -0.743447
    outer loop
      vertex -4.5024815530400275 -5.2302200591202475 3.8454307737735474
      vertex -4.5093248577734615 -5.2238951989345423 3.8417910544150451
      vertex -4.4752210580731369 -5.1776047760736708 3.8856076171657823
    endloop
  endfacet
  facet normal -0.684049 0.632226 -0.363822
    outer loop
      vertex -4.5026957961539908 -5.2314935197210097 3.8436206536277329
      vertex -4.5024815530400275 -5.2302200591202475 3.8454307737735474
      vertex -4.4752210580731369 -5.1776047760736708 3.8856076171657823
    endloop
  endfacet
  facet normal -0.684049 0.632226 -0.363822
    outer loop
      vertex -4.5026957961539908 -5.2314935197210097 3.8436206536277329
      vertex -4.4752210580731369 -5.1776047760736708 3.8856076171657823
      vertex -4.3929554852959942 -5.089414840903256 3.8841846025498015
    endloop
  endfacet
  facet normal 0.684049 -0.632226 0.363822
    outer loop
      vertex -4.5026957961539908 -5.2314935197210097 3.8436206536277329
      vertex -4.3929554852959942 -5.089414840903256 3.8841846025498015
      vertex -4.5032558142588393 -5.2317144550668084 3.8442896583326629
    endloop
  endfacet
  facet normal 0.684049 -0.632226 0.363822
    outer loop
      vertex -4.5032558142588393 -5.2317144550668084 3.8442896583326629
      vertex -4.3929554852959942 -5.089414840903256 3.8841846025498015
      vertex -4.5024815530400275 -5.2302200591202475 3.8454307737735474
    endloop
  endfacet
  facet normal -0.414845 0.0730683 0.906954
    outer loop
      vertex -4.5024815530400275 -5.2302200591202475 3.8454307737735474
      vertex -4.3929554852959942 -5.089414840903256 3.8841846025498015
      vertex -4.1537442261912085 -4.5902398598802776 3.9533851468240466
    endloop
  endfacet
  facet normal -0.684049 0.632226 -0.363822
    outer loop
      vertex -4.3929554852959942 -5.089414840903256 3.8841846025498015
      vertex -4.4752210580731369 -5.1776047760736708 3.8856076171657823
      vertex -4.4674719182499123 -5.1634910858901533 3.8955637122141962
    endloop
  endfacet
  facet normal -0.684049 0.632226 -0.363822
    outer loop
      vertex -4.3929554852959942 -5.089414840903256 3.8841846025498015
      vertex -4.4674719182499123 -5.1634910858901533 3.8955637122141962
      vertex -4.3397486771369769 -4.930865749991546 4.0596625357508334
    endloop
  endfacet
  facet normal -0.684049 0.632226 -0.363822
    outer loop
      vertex -4.3510027073432518 -4.9386382224552836 4.0673155863865551
      vertex -4.3397486771369769 -4.930865749991546 4.0596625357508334
      vertex -4.4674719182499123 -5.1634910858901533 3.8955637122141962
    endloop
  endfacet
  facet normal -0.622242 -0.245484 0.743339
    outer loop
      vertex -4.3656921551558625 -4.9875323495047832 4.0388721427870573
      vertex -4.3510027073432518 -4.9386382224552836 4.0673155863865551
      vertex -4.4674719182499123 -5.1634910858901533 3.8955637122141962
    endloop
  endfacet
  facet normal -0.622242 -0.245484 0.743339
    outer loop
      vertex -4.3656921551558625 -4.9875323495047832 4.0388721427870573
      vertex -4.4674719182499123 -5.1634910858901533 3.8955637122141962
      vertex -4.3457672699234617 -4.9984976865172852 4.0519298475806744
    endloop
  endfacet
  facet normal -0.299977 0.453998 0.838987
    outer loop
      vertex -4.3656921551558625 -4.9875323495047832 4.0388721427870573
      vertex -4.3457672699234617 -4.9984976865172852 4.0519298475806744
      vertex -4.3575232650916753 -4.9783530423063107 4.0368257446797751
    endloop
  endfacet
  facet normal -0.789141 -8.43021e-15 0.614213
    outer loop
      vertex -4.3575232650916753 -4.9783530423063107 4.0368257446797751
      vertex -4.3457672699234617 -4.9984976865172852 4.0519298475806744
      vertex -4.3397486771369769 -4.930865749991546 4.0596625357508334
    endloop
  endfacet
  facet normal -0.789141 -3.38431e-17 0.614213
    outer loop
      vertex -4.3457672699234617 -4.9984976865172852 4.0519298475806744
      vertex -4.4674719182499123 -5.1634910858901533 3.8955637122141962
      vertex -4.0636894297544455 -19.102470337245553 4.4143434640387902
    endloop
  endfacet
  facet normal 0.69595 -0.505681 0.509843
    outer loop
      vertex -4.3656921551558625 -4.9875323495047832 4.0388721427870573
      vertex -4.3575232650916753 -4.9783530423063107 4.0368257446797751
      vertex -4.3510027073432518 -4.9386382224552836 4.0673155863865551
    endloop
  endfacet
  facet normal 0.69595 -0.505681 0.509843
    outer loop
      vertex -4.3575232650916753 -4.9783530423063107 4.0368257446797751
      vertex -4.3397486771369769 -4.930865749991546 4.0596625357508334
      vertex -4.3510027073432518 -4.9386382224552836 4.0673155863865551
    endloop
  endfacet
  facet normal -0.789141 3.14829e-15 0.614213
    outer loop
      vertex -4.0636894297544455 -19.102470337245553 4.4143434640387902
      vertex -4.4674719182499123 -5.1634910858901533 3.8955637122141962
      vertex -4.4752210580731369 -5.1776047760736708 3.8856076171657823
    endloop
  endfacet
  facet normal -0.684049 0.632226 -0.363822
    outer loop
      vertex -4.5026957961539908 -5.2314935197210097 3.8436206536277329
      vertex -4.5032558142588393 -5.2317144550668084 3.8442896583326629
      vertex -4.5024815530400275 -5.2302200591202475 3.8454307737735474
    endloop
  endfacet
  facet normal -0.789141 -5.52223e-16 0.614213
    outer loop
      vertex -4.0636894297544455 -19.102470337245553 4.4143434640387902
      vertex -4.4752210580731369 -5.1776047760736708 3.8856076171657823
      vertex -4.5093248577734615 -5.2238951989345423 3.8417910544150451
    endloop
  endfacet
  facet normal -0.789141 2.36897e-16 0.614213
    outer loop
      vertex -4.5560210399983987 -5.2835359716826487 3.7817957982659398
      vertex -4.0636894297544455 -19.102470337245553 4.4143434640387902
      vertex -4.5093248577734615 -5.2238951989345423 3.8417910544150451
    endloop
  endfacet
  facet normal -0.789141 -2.19405e-14 0.614213
    outer loop
      vertex -4.5560210399983987 -5.2835359716826487 3.7817957982659398
      vertex -4.5093248577734615 -5.2238951989345423 3.8417910544150451
      vertex -4.5096400770867904 -5.2206579071041572 3.8413860606330008
    endloop
  endfacet
  facet normal -0.622242 -0.245484 0.743339
    outer loop
      vertex -4.5560210399983987 -5.2835359716826487 3.7817957982659398
      vertex -4.5096400770867904 -5.2206579071041572 3.8413860606330008
      vertex -4.5878738934478882 -5.1483510364396734 3.7997761737449052
    endloop
  endfacet
  facet normal -0.622242 -0.245484 0.743339
    outer loop
      vertex -4.5560210399983987 -5.2835359716826487 3.7817957982659398
      vertex -4.5878738934478882 -5.1483510364396734 3.7997761737449052
      vertex -4.8500958807144041 -4.8334958555903995 3.6842516915825345
    endloop
  endfacet
  facet normal -0.66167 -0.281759 0.694841
    outer loop
      vertex -5.0242855798410568 -5.6675458442575444 3.1801695051768113
      vertex -4.5560210399983987 -5.2835359716826487 3.7817957982659398
      vertex -4.8500958807144041 -4.8334958555903995 3.6842516915825345
    endloop
  endfacet
  facet normal -0.622242 -0.245484 0.743339
    outer loop
      vertex -4.8500958807144041 -4.8334958555903995 3.6842516915825345
      vertex -4.5878738934478882 -5.1483510364396734 3.7997761737449052
      vertex -4.4377281626853566 -4.858483034143922 4.0211892876202073
    endloop
  endfacet
  facet normal -0.622242 -0.245484 0.743339
    outer loop
      vertex -4.8500958807144041 -4.8334958555903995 3.6842516915825345
      vertex -4.4377281626853566 -4.858483034143922 4.0211892876202073
      vertex -4.4440087199732812 -4.8482806670065282 4.0193011659537898
    endloop
  endfacet
  facet normal -0.612737 -0.304645 0.729208
    outer loop
      vertex -4.8500958807144041 -4.8334958555903995 3.6842516915825345
      vertex -4.4440087199732812 -4.8482806670065282 4.0193011659537898
      vertex -4.628749719634353 -4.5984239916298781 3.9684513952181328
    endloop
  endfacet
  facet normal -0.385625 -0.540731 0.747598
    outer loop
      vertex -4.8500958807144041 -4.8334958555903995 3.6842516915825345
      vertex -4.628749719634353 -4.5984239916298781 3.9684513952181328
      vertex -4.852694546987812 -4.5104748542378008 3.9165493833199667
    endloop
  endfacet
  facet normal -0.146781 0.0919126 0.98489
    outer loop
      vertex -4.4440087199732812 -4.8482806670065282 4.0193011659537898
      vertex -4.3609994961561647 -4.8556446212810265 4.0323594829168128
      vertex -4.628749719634353 -4.5984239916298781 3.9684513952181328
    endloop
  endfacet
  facet normal -0.146781 0.0919126 0.98489
    outer loop
      vertex -4.628749719634353 -4.5984239916298781 3.9684513952181328
      vertex -4.3609994961561647 -4.8556446212810265 4.0323594829168128
      vertex -4.3970054375858432 -4.4623006593672336 3.9902854777998726
    endloop
  endfacet
  facet normal -0.146781 0.0919126 0.98489
    outer loop
      vertex -4.3970054375858432 -4.4623006593672336 3.9902854777998726
      vertex -4.3609994961561647 -4.8556446212810265 4.0323594829168128
      vertex -4.3930676083608926 -4.4653655948781674 3.9911583715138894
    endloop
  endfacet
  facet normal -0.414845 0.0730683 0.906954
    outer loop
      vertex -4.5024815530400275 -5.2302200591202475 3.8454307737735474
      vertex -4.1537442261912085 -4.5902398598802776 3.9533851468240466
      vertex -4.5155292576898081 -5.0553457598460545 3.8253740216800769
    endloop
  endfacet
  facet normal -0.146781 0.0919126 0.98489
    outer loop
      vertex -4.4440087199732812 -4.8482806670065282 4.0193011659537898
      vertex -4.4377281626853566 -4.858483034143922 4.0211892876202073
      vertex -4.43519735805243 -4.8556783541949677 4.0213047199317424
    endloop
  endfacet
  facet normal -0.146781 0.0919126 0.98489
    outer loop
      vertex -4.4440087199732812 -4.8482806670065282 4.0193011659537898
      vertex -4.43519735805243 -4.8556783541949677 4.0213047199317424
      vertex -4.3609994961561647 -4.8556446212810265 4.0323594829168128
    endloop
  endfacet
  facet normal -0.789141 -6.17696e-15 0.614213
    outer loop
      vertex -4.3930676083608926 -4.4653655948781674 3.9911583715138894
      vertex -4.3609994961561647 -4.8556446212810265 4.0323594829168128
      vertex -4.3360376813879498 -4.9241068263601573 4.0644304231866553
    endloop
  endfacet
  facet normal -0.414845 0.0730683 0.906954
    outer loop
      vertex -4.3929554852959942 -5.089414840903256 3.8841846025498015
      vertex -4.0670187708491037 -4.6703950481916374 3.9995114455903948
      vertex -4.1537442261912085 -4.5902398598802776 3.9533851468240466
    endloop
  endfacet
  facet normal -0.684049 0.632226 -0.363822
    outer loop
      vertex -4.3929554852959942 -5.089414840903256 3.8841846025498015
      vertex -4.3397486771369769 -4.930865749991546 4.0596625357508334
      vertex -4.0670187708491037 -4.6703950481916374 3.9995114455903948
    endloop
  endfacet
  facet normal -0.789141 -1.32977e-15 0.614213
    outer loop
      vertex -4.3457672699234617 -4.9984976865172852 4.0519298475806744
      vertex -4.0636894297544455 -19.102470337245553 4.4143434640387902
      vertex -4.3397486771369769 -4.930865749991546 4.0596625357508334
    endloop
  endfacet
  facet normal -0.789141 8.9099e-17 0.614213
    outer loop
      vertex -4.3930676083608926 -4.4653655948781674 3.9911583715138894
      vertex -4.3360376813879498 -4.9241068263601573 4.0644304231866553
      vertex -4.0909478278476898 -4.3793218734526285 4.3793218734526285
    endloop
  endfacet
  facet normal -0.761523 -0.217941 0.610397
    outer loop
      vertex -3.2993020954779859 -5.6502685068309066 4.9137426342519994
      vertex -3.2056146824880369 -5.2197859196257888 5.1843285581399936
      vertex -3.6505054719988657 -5.0657413136704958 4.6842900165204107
    endloop
  endfacet
  facet normal -0.991403 0.0925205 -0.0925205
    outer loop
      vertex -3.921903119278102 -4.8180168846886415 4.5069770839646131
      vertex -3.9195071535031558 -4.6463615588750118 4.6529584370830275
      vertex -3.8960309257354884 -4.5238802316325515 4.5238802316325515
    endloop
  endfacet
  facet normal -0.737834 -0.5217 0.428287
    outer loop
      vertex -3.9195071535031558 -4.6463615588750118 4.6529584370830275
      vertex -3.6908560434287945 -4.6579276724755436 5.0327798205184822
      vertex -3.9219518516787804 -4.5069452454982093 4.8185709152236775
    endloop
  endfacet
  facet normal -0.559317 -0.740934 0.371728
    outer loop
      vertex -3.2056146824880369 -5.2197859196257888 5.1843285581399936
      vertex -1.7715092178093976 -5.9783547543347231 5.8301507734102005
      vertex -2.9494917619355201 -5.1422851315821951 5.724177811565192
    endloop
  endfacet
  facet normal -0.546948 -0.837166 6.08987e-17
    outer loop
      vertex -3.6908560434287945 -4.6579276724755436 5.0327798205184822
      vertex -3.3005138344528278 -4.9129509656680037 5.6531282549221178
      vertex -4.0636894297544455 -4.4143434640387902 19.102470337245549
    endloop
  endfacet
  facet normal -0.444139 -0.679806 0.583613
    outer loop
      vertex -2.1603643072325291 -4.9251345347793176 19.955950864665638
      vertex -4.0636894297544455 -4.4143434640387902 19.102470337245549
      vertex -2.4101725479178158 -5.4946399599303453 19.102470337245553
    endloop
  endfacet
  facet normal -0.565648 -0.7549 0.331918
    outer loop
      vertex -2.9494917619355201 -5.1422851315821951 5.724177811565192
      vertex -1.7715092178093976 -5.9783547543347231 5.8301507734102005
      vertex -2.4101725479178158 -5.4946399599303453 5.8418938837790861
    endloop
  endfacet
  facet normal -0.245485 -0.9694 -2.71731e-17
    outer loop
      vertex -1.8577569411116897 -5.6345305903600558 6.4651477604684295
      vertex -0.60612352301658001 -5.9514872182448801 6.511479646533159
      vertex -2.4101725479178158 -5.4946399599303453 19.102470337245553
    endloop
  endfacet
  facet normal -0.245485 -0.9694 4.12723e-16
    outer loop
      vertex -0.60612352301658001 -5.9514872182448801 6.511479646533159
      vertex -0.49547607283399475 -5.9795069580400195 6.5161733428079298
      vertex -2.4101725479178158 -5.4946399599303453 19.102470337245553
    endloop
  endfacet
  facet normal -0.237862 -0.865424 0.44098
    outer loop
      vertex -0.03709416048407576 -6.3112502221213056 6.1123746081365944
      vertex -0.043865479588553871 -5.9420854373759093 6.833208902399134
      vertex -0.49547607283399475 -5.9795069580400195 6.5161733428079298
    endloop
  endfacet
  facet normal -0.219981 -0.302041 0.927567
    outer loop
      vertex -1.1310199812134409 -6.4168153203452514 5.8185653826870158
      vertex -0.4954760728339947 -6.3854401126772267 5.9795069580400195
      vertex -0.03709416048407576 -6.3112502221213056 6.1123746081365944
    endloop
  endfacet
  facet normal -0.245485 0 0.9694
    outer loop
      vertex -1.1310199812134409 -6.4168153203452514 5.8185653826870158
      vertex -0.4954760728339947 -19.102470337245556 5.9795069580400195
      vertex -0.4954760728339947 -6.3854401126772267 5.9795069580400195
    endloop
  endfacet
  facet normal -0.53963 -0.235119 0.808405
    outer loop
      vertex -1.8553533004890186 -6.4564243710628197 5.6351392748321976
      vertex -1.7715092178093976 -5.9783547543347231 5.8301507734102005
      vertex -2.2541233536406371 -5.8883979464882321 5.534156982795964
    endloop
  endfacet
  facet normal -0.245485 2.44777e-17 0.9694
    outer loop
      vertex -2.4101725479178158 -5.7412117248786307 5.4946399599303444
      vertex -2.4101725479178171 -19.102470337245556 5.4946399599303444
      vertex -2.2541233536406371 -5.8883979464882321 5.534156982795964
    endloop
  endfacet
  facet normal 0.067057 -0.583613 0.809258
    outer loop
      vertex -0.44412124093067507 -19.955950864665638 5.3597463045366585
      vertex 1.4729129228447957 -19.102470337245553 5.8164015956359822
      vertex -0.4954760728339947 -19.102470337245556 5.9795069580400195
    endloop
  endfacet
  facet normal 0.067057 -0.583613 0.809258
    outer loop
      vertex -0.44412124093067507 -19.955950864665638 5.3597463045366585
      vertex 1.3202492530771039 -19.955950864665638 5.2135463971647473
      vertex 1.4729129228447957 -19.102470337245553 5.8164015956359822
    endloop
  endfacet
  facet normal 0.0136132 -0.986319 0.164286
    outer loop
      vertex -0.44412124093067507 -19.955950864665638 5.3597463045366585
      vertex -0.42205631124072485 -20 5.0934622035606552
      vertex 1.3202492530771039 -19.955950864665638 5.2135463971647473
    endloop
  endfacet
  facet normal -0.0901641 -0.986319 0.138006
    outer loop
      vertex -3.6424983793396732 -19.955950864665638 3.9568080168423658
      vertex -3.4615309694777494 -20 3.7602250060741729
      vertex -2.1603643072325305 -19.955950864665638 4.9251345347793158
    endloop
  endfacet
  facet normal -0.0404682 -0.986319 0.159805
    outer loop
      vertex -0.44412124093067507 -19.955950864665638 5.3597463045366585
      vertex -2.0530326100503085 -20 4.6804429118438247
      vertex -0.42205631124072485 -20 5.0934622035606552
    endloop
  endfacet
  facet normal 0 -1 0
    outer loop
      vertex 2.7954075045848144 -20 4.278689709744091
      vertex -3.4615309694777494 -20 3.7602250060741729
      vertex -4.4949187371752304 -20 2.432528374993828
    endloop
  endfacet
  facet normal 0.0136132 -0.986319 0.164286
    outer loop
      vertex 1.3202492530771039 -19.955950864665638 5.2135463971647473
      vertex -0.42205631124072485 -20 5.0934622035606552
      vertex 1.2546563377702162 -20 4.954525832312525
    endloop
  endfacet
  facet normal 0.326189 -0.583613 0.743637
    outer loop
      vertex 1.3202492530771039 -19.955950864665638 5.2135463971647473
      vertex 3.2816889487345611 -19.102470337245556 5.0229988695751713
      vertex 1.4729129228447957 -19.102470337245553 5.8164015956359822
    endloop
  endfacet
  facet normal 0.677282 1.22702e-17 0.735724
    outer loop
      vertex 3.3143746266930116 -5.6457522262740669 4.9929095833412926
      vertex 3.2816889487345611 -19.102470337245556 5.0229988695751713
      vertex 4.7348430563783612 -19.102470337245556 3.6852762761380067
    endloop
  endfacet
  facet normal 0.11165 -0.986319 0.121284
    outer loop
      vertex 2.9415502547360921 -19.955950864665638 4.5023778411526267
      vertex 2.7954075045848144 -20 4.278689709744091
      vertex 4.2440886434394773 -19.955950864665638 3.3033067844613258
    endloop
  endfacet
  facet normal 0.11165 -0.986319 0.121284
    outer loop
      vertex 4.2440886434394773 -19.955950864665638 3.3033067844613258
      vertex 2.7954075045848144 -20 4.278689709744091
      vertex 4.0332328930611121 -20 3.1391911664135681
    endloop
  endfacet
  facet normal 0.879474 3.34599e-17 0.475947
    outer loop
      vertex 4.824011172575374 -5.2431048623705747 3.520508029085764
      vertex 4.7348430563783612 -19.102470337245556 3.6852762761380067
      vertex 5.674903450203808 -19.102470337245553 1.9481968152281008
    endloop
  endfacet
  facet normal 0.986361 0 0.164595
    outer loop
      vertex 5.6830821240795215 -6.1615017103240923 1.8991847097245407
      vertex 5.674903450203808 -6.1316385361584711 1.9481968152281008
      vertex 5.674903450203808 -19.102470337245553 1.9481968152281008
    endloop
  endfacet
  facet normal 0.86133 -0.259099 0.437011
    outer loop
      vertex 5.7403979217331598 -6.5502892534152588 1.5557099650030761
      vertex 5.9228283930103531 -6.0741383858508895 1.4784515246166707
      vertex 5.6830821240795215 -6.1615017103240923 1.8991847097245407
    endloop
  endfacet
  facet normal 0.918057 -0.312067 0.244512
    outer loop
      vertex 5.903078651413793 -6.8355574569958186 0.58081779939417133
      vertex 5.9228283930103531 -6.0741383858508895 1.4784515246166707
      vertex 5.7403979217331598 -6.5502892534152588 1.5557099650030761
    endloop
  endfacet
  facet normal 0.916751 -0.314351 0.246478
    outer loop
      vertex 5.903078651413793 -6.8355574569958186 0.58081779939417133
      vertex 6.0899135069973163 -6.3415010527616165 0.51600827070087973
      vertex 5.9228283930103531 -6.0741383858508895 1.4784515246166707
    endloop
  endfacet
  facet normal 0.986361 -3.00801e-11 0.164595
    outer loop
      vertex 5.9098069286272894 -6.8475501949785151 0.54049744457181503
      vertex 6 -6.5611063900927276 0
      vertex 5.9989666846717489 -6.5643809354706733 0.0061923192752666107
    endloop
  endfacet
  facet normal 0.469228 -0.880727 -0.0643819
    outer loop
      vertex 6.0899135069973163 -6.3415010527616165 0.51600827070087973
      vertex 6.766784647785328 -5.9784353988390757 0.48254427642787556
      vertex 6.7665477103995277 -5.9795069580400195 0.4954760728339962
    endloop
  endfacet
  facet normal -2.69656e-17 -0.996584 -0.0825793
    outer loop
      vertex 6.8136322265414933 -5.8958105845100253 -0.51458894407548794
      vertex 19.11091858171887 -5.9795069580400195 0.4954760728339962
      vertex 6.766784647785328 -5.9784353988390757 0.48254427642787556
    endloop
  endfacet
  facet normal -5.09384e-17 -0.996584 -0.0825793
    outer loop
      vertex 6.5745187777075893 -5.8173433461992534 -1.4615476837251518
      vertex 19.11091858171887 -5.9795069580400195 0.4954760728339962
      vertex 6.8136322265414933 -5.8958105845100253 -0.51458894407548794
    endloop
  endfacet
  facet normal 0.925785 -0.321217 -0.199355
    outer loop
      vertex 5.906673607392535 -6.7633831998187235 -0.55927440930571326
      vertex 5.9251754078257965 -6.1457770861248218 -1.4684921066659933
      vertex 6.0948620460281635 -6.2655019172424682 -0.48757374452982233
    endloop
  endfacet
  facet normal 0 -0.996584 -0.0825793
    outer loop
      vertex 6.5716759885974119 -5.8164015956359822 -1.4729129228447957
      vertex 19.110918581718867 -5.8164015956359822 -1.4729129228447957
      vertex 6.5745187777075893 -5.8173433461992534 -1.4615476837251518
    endloop
  endfacet
  facet normal 0 -0.915773 -0.401695
    outer loop
      vertex 6.5994080041883576 -5.7893796654552121 -1.5345167185954265
      vertex 19.110918581718867 -5.8164015956359822 -1.4729129228447957
      vertex 6.5716759885974119 -5.8164015956359822 -1.4729129228447957
    endloop
  endfacet
  facet normal -1.10182e-17 -0.915773 -0.401695
    outer loop
      vertex 6.5994080041883576 -5.7893796654552121 -1.5345167185954265
      vertex 6.2669073218601428 -5.4044957172991142 -2.4119637392667306
      vertex 19.110918581718867 -5.8164015956359822 -1.4729129228447957
    endloop
  endfacet
  facet normal 0.377579 -0.789632 -0.483648
    outer loop
      vertex 5.6705661590991001 -5.7359074226803246 -2.3364396142906609
      vertex 6.2595632304118149 -5.3956356631483189 -2.4321626281911626
      vertex 6.2669073218601428 -5.4044957172991142 -2.4119637392667306
    endloop
  endfacet
  facet normal 0.810475 -0.40092 -0.427076
    outer loop
      vertex 5.6845452149205151 -6.1827693239193522 -1.8904168870004867
      vertex 5.6749034502038072 -6.1407110528260596 -1.9481968152281037
      vertex 5.6705661590991001 -5.7359074226803246 -2.3364396142906609
    endloop
  endfacet
  facet normal 0.926298 -0.320178 -0.198639
    outer loop
      vertex 5.7429718278114326 -6.6283644279080622 -1.5402853915108894
      vertex 5.9251754078257965 -6.1457770861248218 -1.4684921066659933
      vertex 5.906673607392535 -6.7633831998187235 -0.55927440930571326
    endloop
  endfacet
  facet normal 0.925785 -0.321217 -0.199355
    outer loop
      vertex 5.906673607392535 -6.7633831998187235 -0.55927440930571326
      vertex 6.0948620460281635 -6.2655019172424682 -0.48757374452982233
      vertex 5.9140876194095462 -6.7695893150253541 -0.51484467109822007
    endloop
  endfacet
  facet normal 0.986361 0 -0.164595
    outer loop
      vertex 5.9140876194095462 -6.7695893150253541 -0.51484467109822007
      vertex 6 -6.5611063900927276 0
      vertex 6 -19.102470337245553 0
    endloop
  endfacet
  facet normal 0.986361 0 -0.164595
    outer loop
      vertex 5.6845452149205151 -6.1827693239193522 -1.8904168870004867
      vertex 5.6749034502038072 -19.102470337245553 -1.9481968152281037
      vertex 5.6749034502038072 -6.1407110528260596 -1.9481968152281037
    endloop
  endfacet
  facet normal 0.810475 -0.40092 -0.427076
    outer loop
      vertex 5.4244699704628934 -6.1540211450087359 -2.4109573536355051
      vertex 5.6705661590991001 -5.7359074226803246 -2.3364396142906609
      vertex 5.6749034502038072 -6.1407110528260596 -1.9481968152281037
    endloop
  endfacet
  facet normal 0.740142 -0.331351 -0.585147
    outer loop
      vertex 5.3581957842092844 -6.0857938919991765 -2.5334213234887426
      vertex 5.6705661590991001 -5.7359074226803246 -2.3364396142906609
      vertex 5.4244699704628934 -6.1540211450087359 -2.4109573536355051
    endloop
  endfacet
  facet normal 0.740142 -0.331351 -0.585147
    outer loop
      vertex 5.3581957842092844 -6.0857938919991765 -2.5334213234887426
      vertex 5.243650792000162 -5.3301158267920732 -3.106224164792228
      vertex 5.6705661590991001 -5.7359074226803246 -2.3364396142906609
    endloop
  endfacet
  facet normal 0.879474 -1.73244e-17 -0.475947
    outer loop
      vertex 4.9829054420740997 -5.8002987176454237 -3.2268971357692982
      vertex 4.7348430563783612 -19.102470337245556 -3.6852762761380067
      vertex 4.821090434884022 -5.2558034484106066 -3.5259050796238771
    endloop
  endfacet
  facet normal 0.879474 0 -0.475947
    outer loop
      vertex 4.821090434884022 -5.2558034484106066 -3.5259050796238771
      vertex 4.7348430563783612 -19.102470337245556 -3.6852762761380067
      vertex 4.7348430563783612 -5.1160591986536064 -3.6852762761380067
    endloop
  endfacet
  facet normal 0.315387 -0.62737 -0.711996
    outer loop
      vertex 4.8681428441644661 -4.7512884965052375 -3.7825891369886486
      vertex 5.2696587497382685 -4.6153482727607837 -3.7245155423425866
      vertex 5.243650792000162 -5.3301158267920732 -3.106224164792228
    endloop
  endfacet
  facet normal 0.607703 -0.404414 -0.683481
    outer loop
      vertex 4.8681428441644661 -4.7512884965052375 -3.7825891369886486
      vertex 4.6610596911218325 -5.0390894927264025 -3.7964218860138224
      vertex 4.6501272577704587 -5.0104283151260329 -3.8231009433525185
    endloop
  endfacet
  facet normal 0.254393 0.0985472 -0.962067
    outer loop
      vertex 4.2441049157363402 -4.5837265526886481 -3.8600302117266554
      vertex 4.6610596911218325 -5.0390894927264025 -3.7964218860138224
      vertex 4.649460577972687 -5.0495285166248296 -3.8005582571382752
    endloop
  endfacet
  facet normal -0.149364 -0.252055 -0.956116
    outer loop
      vertex 4.2437473657042775 -4.5837267220947586 -3.8599743106120563
      vertex 4.649460577972687 -5.0495285166248296 -3.8005582571382752
      vertex 4.6303233361856941 -5.1105061878591433 -3.7814934567013041
    endloop
  endfacet
  facet normal -0.149364 -0.252055 -0.956116
    outer loop
      vertex 4.2437473657042775 -4.5837267220947586 -3.8599743106120563
      vertex 4.6303233361856941 -5.1105061878591433 -3.7814934567013041
      vertex 4.6467861199971709 -5.1777491999808261 -3.7663383965878299
    endloop
  endfacet
  facet normal 0.677282 0 -0.735724
    outer loop
      vertex 4.7348430563783612 -5.1160591986536064 -3.6852762761380067
      vertex 4.7348430563783612 -19.102470337245556 -3.6852762761380067
      vertex 3.2816889487345593 -19.102470337245556 -5.0229988695751722
    endloop
  endfacet
  facet normal -0.218044 0.453718 0.864058
    outer loop
      vertex 4.6457184768624806 -5.1794174371127024 -3.765731821968334
      vertex 4.6467861199971709 -5.1777491999808261 -3.7663383965878299
      vertex 4.6416264463416876 -5.1711832701268667 -3.7710882107936299
    endloop
  endfacet
  facet normal -0.510608 0.275971 0.814321
    outer loop
      vertex 4.6452091829245834 -5.1798292089409328 -3.7659116189630044
      vertex 4.6416264463416876 -5.1711832701268667 -3.7710882107936299
      vertex 4.4852291292897464 -5.0357229781170716 -3.9150620835390111
    endloop
  endfacet
  facet normal -0.499603 0.290151 0.816217
    outer loop
      vertex 4.5461078642855881 -5.2564768665228598 -3.7993241727840732
      vertex 4.4852291292897464 -5.0357229781170716 -3.9150620835390111
      vertex 4.3934461770435584 -4.9560787106122861 -3.9995542432254809
    endloop
  endfacet
  facet normal 0.76508 0.578004 0.283838
    outer loop
      vertex 4.1344019299485355 -4.662579030242501 -3.8989847152945614
      vertex 4.3934461770435584 -4.9560787106122861 -3.9995542432254809
      vertex 4.3897679436779766 -4.9495472104331348 -4.00294029557271
    endloop
  endfacet
  facet normal -0.053683 -0.38199 0.922606
    outer loop
      vertex 4.1349475114292238 -4.6622044026682774 -3.8987978616356735
      vertex 4.3897679436779766 -4.9495472104331348 -4.00294029557271
      vertex 4.4412862673945348 -4.8422411143233219 -3.9555143376174353
    endloop
  endfacet
  facet normal 0.982796 -0.130598 -0.130598
    outer loop
      vertex 3.9733961389751951 -4.825294668583731 -4.4633140138193239
      vertex 4.0388224130141595 -4.4702443093860973 -4.3260084154406
      vertex 3.9850659218240563 -4.825294668583731 -4.3754947517009066
    endloop
  endfacet
  facet normal 0.677282 -4.18359e-15 -0.735724
    outer loop
      vertex 4.3914556738584736 -4.442232833490479 -4.0013866304919032
      vertex 4.4502179152218311 -4.8236378404067164 -3.9472921765731601
      vertex 4.4412862673945348 -4.8422411143233219 -3.9555143376174353
    endloop
  endfacet
  facet normal 0.57735 -0.57735 -0.57735
    outer loop
      vertex 4.3914556738584736 -4.442232833490479 -4.0013866304919032
      vertex 4.4396071647472475 -3.9709580562429667 -4.4245099168506439
      vertex 4.472661407739416 -4.3540198913362183 -4.0083938387652225
    endloop
  endfacet
  facet normal 0.982796 -0.130598 -0.130598
    outer loop
      vertex 4.0388224130141595 -4.4702443093860973 -4.3260084154406
      vertex 3.9853173363006964 -4.3752633083708776 -4.8236341286514861
      vertex 4.0388224130141595 -4.3260084154406 -4.4702443093860982
    endloop
  endfacet
  facet normal 0.677282 -0.735724 6.45311e-16
    outer loop
      vertex 4.0388224130141595 -4.3260084154406 -4.4702443093860982
      vertex 4.0212636046525549 -4.3421724372298911 -4.8998199162376226
      vertex 4.4245099168506439 -3.9709580562429667 -4.4396071647472475
    endloop
  endfacet
  facet normal 5.58053e-16 -0.735724 -0.677282
    outer loop
      vertex 4.4396071647472475 -3.9709580562429667 -4.4245099168506439
      vertex 4.7949539340155445 -3.9489373901164884 -4.4484307369008791
      vertex 4.472661407739416 -4.3540198913362183 -4.0083938387652225
    endloop
  endfacet
  facet normal 0.0578663 -0.996646 -0.0578663
    outer loop
      vertex 4.4487631544640367 -3.9486313781922528 -4.7998920384311914
      vertex 4.5933329810215078 -3.953998161782784 -4.5628887194859686
      vertex 4.4245099168506439 -3.9709580562429667 -4.4396071647472475
    endloop
  endfacet
  facet normal -9.65789e-18 -0.735724 -0.677282
    outer loop
      vertex 4.7949539340155445 -3.9489373901164884 -4.4484307369008791
      vertex 4.9050797565875452 -3.6852762761380067 -4.7348430563783612
      vertex 19.110918581718867 -5.0229988695751722 -3.2816889487345593
    endloop
  endfacet
  facet normal 0.33876 -0.753527 -0.563417
    outer loop
      vertex 4.9050797565875452 -3.6852762761380067 -4.7348430563783612
      vertex 5.1804792592519533 -3.213531589266442 -5.2001788775858113
      vertex 5.0557432906446902 -3.5715082769116395 -4.7964112186669476
    endloop
  endfacet
  facet normal 0.557552 -0.749423 -0.357072
    outer loop
      vertex 4.4487631544640367 -3.9486313781922528 -4.7998920384311914
      vertex 4.7348430563783612 -3.6852762761380067 -4.90592121729774
      vertex 4.5933329810215078 -3.953998161782784 -4.5628887194859686
    endloop
  endfacet
  facet normal 0.771323 -0.550265 -0.319796
    outer loop
      vertex 4.9333801434149827 -3.3184118721216049 -5.61569760980281
      vertex 5.0850951499500869 -3.0380670948126722 -5.7321551108770414
      vertex 5.1804792592519533 -3.213531589266442 -5.2001788775858113
    endloop
  endfacet
  facet normal 0.879474 -0.475947 1.21252e-16
    outer loop
      vertex 4.9333801434149827 -3.3184118721216049 -5.61569760980281
      vertex 5.6749034502038072 -1.9481968152281033 -19.110918581718863
      vertex 5.0850951499500869 -3.0380670948126722 -5.7321551108770414
    endloop
  endfacet
  facet normal 0.879474 -0.475947 0
    outer loop
      vertex 4.8086098098118528 -3.5489672547932396 -5.0768234362691711
      vertex 4.7348430563783612 -3.6852762761380067 -4.90592121729774
      vertex 4.7348430563783612 -3.6852762761380067 -19.110918581718867
    endloop
  endfacet
  facet normal 0.973574 -0.162461 -0.1605
    outer loop
      vertex 5.633241018522563 -1.9338940843661112 -19.378115294937455
      vertex 6 -9.4828051856388483e-32 -19.110918581718863
      vertex 5.6749034502038072 -1.9481968152281033 -19.110918581718863
    endloop
  endfacet
  facet normal 0.522564 -0.282797 -0.804334
    outer loop
      vertex 5.633241018522563 -1.9338940843661112 -19.378115294937455
      vertex 4.0265660411139441 -3.1340021472581556 -20
      vertex 4.8260044202328967 -1.656769410136276 -20
    endloop
  endfacet
  facet normal 0.402426 -0.437151 -0.804334
    outer loop
      vertex 3.257596355296545 -4.9861224100767947 -19.378115294937455
      vertex 2.7907867528307722 -4.271617122670877 -20
      vertex 4.7000820992821328 -3.6582207372326541 -19.378115294937455
    endloop
  endfacet
  facet normal 0 0 -1
    outer loop
      vertex 4.0265660411139441 -3.1340021472581556 -20
      vertex 4.8260044202328976 1.6567694101362733 -20
      vertex 5.1024703372455535 1.0102364046891173e-16 -20
    endloop
  endfacet
  facet normal 0 0 -1
    outer loop
      vertex 4.0265660411139441 3.1340021472581561 -20
      vertex 2.7907867528307722 -4.271617122670877 -20
      vertex 1.2525824163602031 -4.9463361018733858 -20
    endloop
  endfacet
  facet normal 0.522564 0.282797 -0.804334
    outer loop
      vertex 4.7000820992821328 3.6582207372326545 -19.378115294937455
      vertex 5.6332410185225639 1.9338940843661083 -19.378115294937455
      vertex 4.8260044202328976 1.6567694101362733 -20
    endloop
  endfacet
  facet normal 0.668501 0.726186 -0.1605
    outer loop
      vertex 4.7000820992821328 3.6582207372326545 -19.378115294937455
      vertex 3.2816889487345611 5.0229988695751713 -19.110918581718863
      vertex 4.7348430563783612 3.6852762761380067 -19.11091858171886
    endloop
  endfacet
  facet normal 0.401695 0.915773 -6.60773e-18
    outer loop
      vertex 2.0464446091965987 5.5648272730440338 -6.3508685283448498
      vertex 3.2816889487345611 5.0229988695751713 -19.110918581718863
      vertex 1.4729129228447957 5.8164015956359822 -19.11091858171886
    endloop
  endfacet
  facet normal 0.401695 0.915773 0
    outer loop
      vertex 1.4729129228447957 5.8164015956359822 -6.368614507300169
      vertex 1.8272893850642553 5.6609576671714859 -6.4936705798698098
      vertex 1.4729129228447957 5.8164015956359822 -19.11091858171886
    endloop
  endfacet
  facet normal 0.189589 0.840523 -0.50752
    outer loop
      vertex -0.03390357149318711 6.311107254734698 -6.1121983894293548
      vertex 1.4729129228447957 5.8164015956359822 -6.368614507300169
      vertex 1.2626112398150091 5.833827689919203 -6.4183145041018816
    endloop
  endfacet
  facet normal 0.214297 0.868637 -0.446707
    outer loop
      vertex -0.040176129652959837 5.941779729124339 -6.8333781581687134
      vertex -0.03390357149318711 6.311107254734698 -6.1121983894293548
      vertex 1.2626112398150091 5.833827689919203 -6.4183145041018816
    endloop
  endfacet
  facet normal -0.238573 0.865211 -0.441013
    outer loop
      vertex -0.4954760728339947 5.9795069580400195 -6.513060742095834
      vertex -0.03390357149318711 6.311107254734698 -6.1121983894293548
      vertex -0.040176129652959837 5.941779729124339 -6.8333781581687134
    endloop
  endfacet
  facet normal -0.220635 0.302134 -0.927381
    outer loop
      vertex -1.0878804193373455 6.4091899589603569 -5.8294898034183564
      vertex -0.49547607283399475 6.381328913244964 -5.9795069580400195
      vertex -0.03390357149318711 6.311107254734698 -6.1121983894293548
    endloop
  endfacet
  facet normal -0.245485 -3.24532e-17 -0.9694
    outer loop
      vertex -1.8692496086811379 6.450050152397611 -5.6316202516733842
      vertex -0.49547607283399608 19.110918581718863 -5.9795069580400195
      vertex -1.0878804193373455 6.4091899589603569 -5.8294898034183564
    endloop
  endfacet
  facet normal -0.245485 8.29047e-17 -0.9694
    outer loop
      vertex -2.2642882016227412 5.8804855590459697 -5.5315828936954414
      vertex -0.49547607283399608 19.110918581718863 -5.9795069580400195
      vertex -1.8692496086811379 6.450050152397611 -5.6316202516733842
    endloop
  endfacet
  facet normal -0.245485 0 -0.9694
    outer loop
      vertex -2.4101725479178158 5.7394916195397219 -5.4946399599303453
      vertex -2.4101725479178158 19.110918581718863 -5.4946399599303453
      vertex -2.2642882016227412 5.8804855590459697 -5.5315828936954414
    endloop
  endfacet
  facet normal -0.546948 0 -0.837166
    outer loop
      vertex -2.4101725479178158 5.7394916195397219 -5.4946399599303453
      vertex -3.3237446126187185 5.6350959848692197 -4.8977735407955274
      vertex -2.4101725479178158 19.110918581718863 -5.4946399599303453
    endloop
  endfacet
  facet normal -0.546948 -5.76136e-17 -0.837166
    outer loop
      vertex -3.6630729944193932 5.0443975419975304 -4.6760792443280792
      vertex -2.4101725479178158 19.110918581718863 -5.4946399599303453
      vertex -3.3237446126187185 5.6350959848692197 -4.8977735407955274
    endloop
  endfacet
  facet normal -0.539857 0.1605 -0.826313
    outer loop
      vertex -4.0338557621464339 19.378115294937455 -4.3819354619288235
      vertex -2.4101725479178158 19.110918581718863 -5.4946399599303453
      vertex -4.0636894297544455 19.110918581718863 -4.4143434640387902
    endloop
  endfacet
  facet normal -0.789141 -3.67703e-17 -0.614213
    outer loop
      vertex -4.1140392338772109 4.3496540343793892 -4.3496540343793892
      vertex -4.3513461711331631 4.989784275342906 -4.0447620751599178
      vertex -4.0636894297544455 19.110918581718863 -4.4143434640387902
    endloop
  endfacet
  facet normal -0.789141 6.26199e-17 -0.614213
    outer loop
      vertex -4.3513461711331631 4.989784275342906 -4.0447620751599178
      vertex -4.557044828953221 5.302575523139077 -3.7804804341898941
      vertex -4.0636894297544455 19.110918581718863 -4.4143434640387902
    endloop
  endfacet
  facet normal -0.789141 1.02294e-17 -0.614213
    outer loop
      vertex -5.0263979875587221 5.678033425795042 -3.1774554836856717
      vertex -4.0636894297544455 19.110918581718863 -4.4143434640387902
      vertex -4.557044828953221 5.302575523139077 -3.7804804341898941
    endloop
  endfacet
  facet normal -0.630651 0.215252 -0.745618
    outer loop
      vertex -4.3964673866353658 4.9636597531609921 -4.0141399748993507
      vertex -4.557044828953221 5.302575523139077 -3.7804804341898941
      vertex -4.3513461711331631 4.989784275342906 -4.0447620751599178
    endloop
  endfacet
  facet normal -0.309643 -0.448176 -0.838605
    outer loop
      vertex -4.3784110469644197 4.9434178405253215 -4.0099891219810422
      vertex -4.3964673866353658 4.9636597531609921 -4.0141399748993507
      vertex -4.3513461711331631 4.989784275342906 -4.0447620751599178
    endloop
  endfacet
  facet normal -0.789141 -4.72759e-15 -0.614213
    outer loop
      vertex -4.3784110469644197 4.9434178405253215 -4.0099891219810422
      vertex -4.3513461711331631 4.989784275342906 -4.0447620751599178
      vertex -4.3649270115004546 4.9077066924024555 -4.0273134110993114
    endloop
  endfacet
  facet normal 0.689744 0.509845 -0.514112
    outer loop
      vertex -4.3815601338206882 4.9172755382203883 -4.0401393282121578
      vertex -4.3784110469644197 4.9434178405253215 -4.0099891219810422
      vertex -4.3649270115004546 4.9077066924024555 -4.0273134110993114
    endloop
  endfacet
  facet normal -0.661204 -0.65204 0.371016
    outer loop
      vertex -4.3815601338206882 4.9172755382203883 -4.0401393282121578
      vertex -4.3649270115004546 4.9077066924024555 -4.0273134110993114
      vertex -4.536888035577892 5.1951944237453427 -3.8285290777034033
    endloop
  endfacet
  facet normal -0.630651 0.215252 -0.745618
    outer loop
      vertex -4.3815601338206882 4.9172755382203883 -4.0401393282121578
      vertex -4.536888035577892 5.1951944237453427 -3.8285290777034033
      vertex -4.3964673866353658 4.9636597531609921 -4.0141399748993507
    endloop
  endfacet
  facet normal -0.661204 -0.65204 0.371016
    outer loop
      vertex -4.09835896881859 4.664510523203405 -3.9796543505919248
      vertex -4.536888035577892 5.1951944237453427 -3.8285290777034033
      vertex -4.3649270115004546 4.9077066924024555 -4.0273134110993114
    endloop
  endfacet
  facet normal -0.661204 -0.65204 0.371016
    outer loop
      vertex -4.09835896881859 4.664510523203405 -3.9796543505919248
      vertex -4.3649270115004546 4.9077066924024555 -4.0273134110993114
      vertex -4.3582898266202363 4.8961240347808701 -4.0358408664077459
    endloop
  endfacet
  facet normal 0.139793 0.378816 0.914853
    outer loop
      vertex -4.09835896881859 4.664510523203405 -3.9796543505919248
      vertex -4.3582898266202363 4.8961240347808701 -4.0358408664077459
      vertex -4.3612335027636275 4.8880765899112655 -4.0320588312213985
    endloop
  endfacet
  facet normal 0.139793 0.378816 0.914853
    outer loop
      vertex -4.1566211685540955 4.600301315138732 -3.9441643623706888
      vertex -4.09835896881859 4.664510523203405 -3.9796543505919248
      vertex -4.3612335027636275 4.8880765899112655 -4.0320588312213985
    endloop
  endfacet
  facet normal 0.1398 0.37882 0.91485
    outer loop
      vertex -4.1566211685540955 4.600301315138732 -3.9441643623706888
      vertex -4.3612335027636275 4.8880765899112655 -4.0320588312213985
      vertex -4.3848798198812542 4.8234335291372448 -4.001678042367586
    endloop
  endfacet
  facet normal 0.1398 0.37882 0.91485
    outer loop
      vertex -4.1566211685540955 4.600301315138732 -3.9441643623706888
      vertex -4.3848798198812542 4.8234335291372448 -4.001678042367586
      vertex -4.1567508575690457 4.6001583949002267 -3.9440853640150899
    endloop
  endfacet
  facet normal 0.1398 0.37882 0.91485
    outer loop
      vertex -4.1567508575690457 4.6001583949002267 -3.9440853640150899
      vertex -4.3848798198812542 4.8234335291372448 -4.001678042367586
      vertex -4.4015279193307872 4.8234390532385314 -3.9991362965990129
    endloop
  endfacet
  facet normal 0.1398 0.37882 0.91485
    outer loop
      vertex -4.1569009452180703 4.5999517180494465 -3.9439768482161468
      vertex -4.1567508575690457 4.6001583949002267 -3.9440853640150899
      vertex -4.4015279193307872 4.8234390532385314 -3.9991362965990129
    endloop
  endfacet
  facet normal 0.139795 0.378816 0.914853
    outer loop
      vertex -4.1569009452180703 4.5999517180494465 -3.9439768482161468
      vertex -4.4015279193307872 4.8234390532385314 -3.9991362965990129
      vertex -4.4111287621128072 4.8234421270482812 -3.9976704982797981
    endloop
  endfacet
  facet normal 0.139795 0.378816 0.914853
    outer loop
      vertex -4.1930073139154427 4.5595259277763684 -3.921720338471042
      vertex -4.1569009452180703 4.5999517180494465 -3.9439768482161468
      vertex -4.4111287621128072 4.8234421270482812 -3.9976704982797981
    endloop
  endfacet
  facet normal 0.139807 0.378824 0.914848
    outer loop
      vertex -4.1930852040287743 4.559438726440816 -3.9216723265997095
      vertex -4.1930073139154427 4.5595259277763684 -3.921720338471042
      vertex -4.4111287621128072 4.8234421270482812 -3.9976704982797981
    endloop
  endfacet
  facet normal 0.139807 0.378824 0.914848
    outer loop
      vertex -4.1930852040287743 4.559438726440816 -3.9216723265997095
      vertex -4.4111287621128072 4.8234421270482812 -3.9976704982797981
      vertex -4.4752980501264785 4.8234644543435881 -3.9878733823500476
    endloop
  endfacet
  facet normal 0.139807 0.378824 0.914848
    outer loop
      vertex -4.1930852040287743 4.559438726440816 -3.9216723265997095
      vertex -4.4752980501264785 4.8234644543435881 -3.9878733823500476
      vertex -4.1931621332894862 4.5593107347351891 -3.9216075709201759
    endloop
  endfacet
  facet normal -0.487927 -0.142437 -0.861185
    outer loop
      vertex -4.379640491158268 4.7975003367103408 -3.8553489753219718
      vertex -4.1930852040287743 4.559438726440816 -3.9216723265997095
      vertex -4.1931621332894862 4.5593107347351891 -3.9216075709201759
    endloop
  endfacet
  facet normal -0.487927 -0.142437 -0.861185
    outer loop
      vertex -4.379640491158268 4.7975003367103408 -3.8553489753219718
      vertex -4.5946140920147753 5.143953324641596 -3.7908520070710954
      vertex -4.1930852040287743 4.559438726440816 -3.9216723265997095
    endloop
  endfacet
  facet normal -0.437826 -0.100812 -0.89339
    outer loop
      vertex -4.1930852040287743 4.559438726440816 -3.9216723265997095
      vertex -4.5946140920147753 5.143953324641596 -3.7908520070710954
      vertex -4.1569009452180703 4.5999517180494465 -3.9439768482161468
    endloop
  endfacet
  facet normal -0.437826 -0.100812 -0.89339
    outer loop
      vertex -4.1569009452180703 4.5999517180494465 -3.9439768482161468
      vertex -4.5946140920147753 5.143953324641596 -3.7908520070710954
      vertex -4.5944840625695331 5.1440574266215888 -3.7909274781359201
    endloop
  endfacet
  facet normal 0.621447 -0.234215 0.747627
    outer loop
      vertex -4.5946140920147753 5.143953324641596 -3.7908520070710954
      vertex -4.5247723367934771 4.9542963517049694 -3.9083214636332198
      vertex -4.5944840625695331 5.1440574266215888 -3.7909274781359201
    endloop
  endfacet
  facet normal 0.621447 -0.234215 0.747627
    outer loop
      vertex -4.5944840625695331 5.1440574266215888 -3.7909274781359201
      vertex -4.5247723367934771 4.9542963517049694 -3.9083214636332198
      vertex -4.4766112006820968 4.9257288838997191 -3.9573037766829424
    endloop
  endfacet
  facet normal 0.661722 -0.194523 0.724075
    outer loop
      vertex -4.5944840625695331 5.1440574266215888 -3.7909274781359201
      vertex -4.4766112006820968 4.9257288838997191 -3.9573037766829424
      vertex -4.5525136039002909 5.1835699697655908 -3.8186686741425757
    endloop
  endfacet
  facet normal -0.462475 -0.125028 -0.877773
    outer loop
      vertex -4.5944840625695331 5.1440574266215888 -3.7909274781359201
      vertex -4.5525136039002909 5.1835699697655908 -3.8186686741425757
      vertex -4.5372943611452392 5.1948287665375199 -3.8282909649027617
    endloop
  endfacet
  facet normal -0.462475 -0.125028 -0.877773
    outer loop
      vertex -4.1567508575690457 4.6001583949002267 -3.9440853640150899
      vertex -4.5944840625695331 5.1440574266215888 -3.7909274781359201
      vertex -4.5372943611452392 5.1948287665375199 -3.8282909649027617
    endloop
  endfacet
  facet normal -0.432681 -0.102471 -0.895705
    outer loop
      vertex -4.1567508575690457 4.6001583949002267 -3.9440853640150899
      vertex -4.5372943611452392 5.1948287665375199 -3.8282909649027617
      vertex -4.09835896881859 4.664510523203405 -3.9796543505919248
    endloop
  endfacet
  facet normal -0.630651 0.215252 -0.745618
    outer loop
      vertex -4.557044828953221 5.302575523139077 -3.7804804341898941
      vertex -4.5372943611452392 5.1948287665375199 -3.8282909649027617
      vertex -4.5525136039002909 5.1835699697655908 -3.8186686741425757
    endloop
  endfacet
  facet normal -0.630651 0.215252 -0.745618
    outer loop
      vertex -4.8178671419461194 4.8978233577311272 -3.6767220767901563
      vertex -4.557044828953221 5.302575523139077 -3.7804804341898941
      vertex -4.5525136039002909 5.1835699697655908 -3.8186686741425757
    endloop
  endfacet
  facet normal -0.630651 0.215252 -0.745618
    outer loop
      vertex -4.8178671419461194 4.8978233577311272 -3.6767220767901563
      vertex -4.5525136039002909 5.1835699697655908 -3.8186686741425757
      vertex -4.5247723367934771 4.9542963517049694 -3.9083214636332198
    endloop
  endfacet
  facet normal -0.630651 0.215252 -0.745618
    outer loop
      vertex -4.8178671419461194 4.8978233577311272 -3.6767220767901563
      vertex -4.5247723367934771 4.9542963517049694 -3.9083214636332198
      vertex -4.5152842658080887 4.8983235528964819 -3.932505343850587
    endloop
  endfacet
  facet normal -0.630651 0.215252 -0.745618
    outer loop
      vertex -4.8178671419461194 4.8978233577311272 -3.6767220767901563
      vertex -4.5152842658080887 4.8983235528964819 -3.932505343850587
      vertex -4.4975758099760972 4.8651515675561781 -3.9570597478121914
    endloop
  endfacet
  facet normal -0.625128 0.241173 -0.742328
    outer loop
      vertex -4.8178671419461194 4.8978233577311272 -3.6767220767901563
      vertex -4.4975758099760972 4.8651515675561781 -3.9570597478121914
      vertex -4.4768044484070186 4.825294668583731 -3.9875006602460816
    endloop
  endfacet
  facet normal -0.625128 0.241173 -0.742328
    outer loop
      vertex -4.5558231980862454 4.6046153098742328 -3.9926533640500441
      vertex -4.8178671419461194 4.8978233577311272 -3.6767220767901563
      vertex -4.4768044484070186 4.825294668583731 -3.9875006602460816
    endloop
  endfacet
  facet normal -0.150454 0.0768868 -0.985623
    outer loop
      vertex -4.5558231980862454 4.6046153098742328 -3.9926533640500441
      vertex -4.4768044484070186 4.825294668583731 -3.9875006602460816
      vertex -4.4752980501264785 4.8234644543435881 -3.9878733823500476
    endloop
  endfacet
  facet normal 0.680291 0.634609 -0.366709
    outer loop
      vertex -4.379640491158268 4.7975003367103408 -3.8553489753219718
      vertex -4.4752980501264785 4.8234644543435881 -3.9878733823500476
      vertex -4.4768044484070186 4.825294668583731 -3.9875006602460816
    endloop
  endfacet
  facet normal 0.680291 0.634609 -0.366709
    outer loop
      vertex -4.379640491158268 4.7975003367103408 -3.8553489753219718
      vertex -4.4768044484070186 4.825294668583731 -3.9875006602460816
      vertex -4.4424974817353071 4.8782894140993136 -3.8321469299646047
    endloop
  endfacet
  facet normal -0.680291 -0.634609 0.366709
    outer loop
      vertex -4.379640491158268 4.7975003367103408 -3.8553489753219718
      vertex -4.4424974817353071 4.8782894140993136 -3.8321469299646047
      vertex -4.6282783016499724 5.1150864726772047 -3.7670041811910351
    endloop
  endfacet
  facet normal 0.680291 0.634609 -0.366709
    outer loop
      vertex -4.4424974817353071 4.8782894140993136 -3.8321469299646047
      vertex -4.5152842658080887 4.8983235528964819 -3.932505343850587
      vertex -4.6282783016499724 5.1150864726772047 -3.7670041811910351
    endloop
  endfacet
  facet normal 0.680291 0.634609 -0.366709
    outer loop
      vertex -4.4424974817353071 4.8782894140993136 -3.8321469299646047
      vertex -4.4768044484070186 4.825294668583731 -3.9875006602460816
      vertex -4.4975758099760972 4.8651515675561781 -3.9570597478121914
    endloop
  endfacet
  facet normal 0.680291 0.634609 -0.366709
    outer loop
      vertex -4.4424974817353071 4.8782894140993136 -3.8321469299646047
      vertex -4.4975758099760972 4.8651515675561781 -3.9570597478121914
      vertex -4.5152842658080887 4.8983235528964819 -3.932505343850587
    endloop
  endfacet
  facet normal 0.672686 -0.194434 0.713925
    outer loop
      vertex -4.6282783016499724 5.1150864726772047 -3.7670041811910351
      vertex -4.5152842658080887 4.8983235528964819 -3.932505343850587
      vertex -4.5247723367934771 4.9542963517049694 -3.9083214636332198
    endloop
  endfacet
  facet normal 0.672686 -0.194434 0.713925
    outer loop
      vertex -4.6282783016499724 5.1150864726772047 -3.7670041811910351
      vertex -4.5247723367934771 4.9542963517049694 -3.9083214636332198
      vertex -4.5946893119214467 5.1439117370260536 -3.7908025107906487
    endloop
  endfacet
  facet normal -0.487927 -0.142437 -0.861185
    outer loop
      vertex -4.6282783016499724 5.1150864726772047 -3.7670041811910351
      vertex -4.5946893119214467 5.1439117370260536 -3.7908025107906487
      vertex -4.5946140920147753 5.143953324641596 -3.7908520070710954
    endloop
  endfacet
  facet normal -0.630651 0.215252 -0.745618
    outer loop
      vertex -4.557044828953221 5.302575523139077 -3.7804804341898941
      vertex -4.536888035577892 5.1951944237453427 -3.8285290777034033
      vertex -4.5372943611452392 5.1948287665375199 -3.8282909649027617
    endloop
  endfacet
  facet normal -0.630651 0.215252 -0.745618
    outer loop
      vertex -4.5247723367934771 4.9542963517049694 -3.9083214636332198
      vertex -4.5525136039002909 5.1835699697655908 -3.8186686741425757
      vertex -4.4766112006820968 4.9257288838997191 -3.9573037766829424
    endloop
  endfacet
  facet normal 0.621447 -0.234215 0.747627
    outer loop
      vertex -4.5946893119214467 5.1439117370260536 -3.7908025107906487
      vertex -4.5247723367934771 4.9542963517049694 -3.9083214636332198
      vertex -4.5946140920147753 5.143953324641596 -3.7908520070710954
    endloop
  endfacet
  facet normal -0.487927 -0.142437 -0.861185
    outer loop
      vertex -4.379640491158268 4.7975003367103408 -3.8553489753219718
      vertex -4.6282783016499724 5.1150864726772047 -3.7670041811910351
      vertex -4.5946140920147753 5.143953324641596 -3.7908520070710954
    endloop
  endfacet
  facet normal 0.680291 0.634609 -0.366709
    outer loop
      vertex -4.379640491158268 4.7975003367103408 -3.8553489753219718
      vertex -4.1931621332894862 4.5593107347351891 -3.9216075709201759
      vertex -4.4752980501264785 4.8234644543435881 -3.9878733823500476
    endloop
  endfacet
  facet normal -0.150454 0.0768868 -0.985623
    outer loop
      vertex -4.5558231980862454 4.6046153098742328 -3.9926533640500441
      vertex -4.4752980501264785 4.8234644543435881 -3.9878733823500476
      vertex -4.4111287621128072 4.8234421270482812 -3.9976704982797981
    endloop
  endfacet
  facet normal -0.437826 -0.100812 -0.89339
    outer loop
      vertex -4.1930852040287743 4.559438726440816 -3.9216723265997095
      vertex -4.1569009452180703 4.5999517180494465 -3.9439768482161468
      vertex -4.1930073139154427 4.5595259277763684 -3.921720338471042
    endloop
  endfacet
  facet normal -0.150454 0.0768868 -0.985623
    outer loop
      vertex -4.5558231980862454 4.6046153098742328 -3.9926533640500441
      vertex -4.4111287621128072 4.8234421270482812 -3.9976704982797981
      vertex -4.4015279193307872 4.8234390532385314 -3.9991362965990129
    endloop
  endfacet
  facet normal -0.462475 -0.125028 -0.877773
    outer loop
      vertex -4.1569009452180703 4.5999517180494465 -3.9439768482161468
      vertex -4.5944840625695331 5.1440574266215888 -3.7909274781359201
      vertex -4.1567508575690457 4.6001583949002267 -3.9440853640150899
    endloop
  endfacet
  facet normal -0.150454 0.0768868 -0.985623
    outer loop
      vertex -4.5558231980862454 4.6046153098742328 -3.9926533640500441
      vertex -4.4015279193307872 4.8234390532385314 -3.9991362965990129
      vertex -4.3848798198812542 4.8234335291372448 -4.001678042367586
    endloop
  endfacet
  facet normal -0.150454 0.0768868 -0.985623
    outer loop
      vertex -4.4451118936977503 4.3334819462411263 -4.0307039944162621
      vertex -4.5558231980862454 4.6046153098742328 -3.9926533640500441
      vertex -4.3848798198812542 4.8234335291372448 -4.001678042367586
    endloop
  endfacet
  facet normal -0.150454 0.0768868 -0.985623
    outer loop
      vertex -4.4451118936977503 4.3334819462411263 -4.0307039944162621
      vertex -4.3848798198812542 4.8234335291372448 -4.001678042367586
      vertex -4.3567942159013713 4.4158214365045554 -4.0377624270986265
    endloop
  endfacet
  facet normal -0.150454 0.0768868 -0.985623
    outer loop
      vertex -4.4451118936977503 4.3334819462411263 -4.0307039944162621
      vertex -4.837293642874072 4.498165886959625 -3.9579911410385971
      vertex -4.5558231980862454 4.6046153098742328 -3.9926533640500441
    endloop
  endfacet
  facet normal -0.789141 5.56683e-16 -0.614213
    outer loop
      vertex -4.3567942159013713 4.4158214365045554 -4.0377624270986265
      vertex -4.3848798198812542 4.8234335291372448 -4.001678042367586
      vertex -4.3612335027636275 4.8880765899112655 -4.0320588312213985
    endloop
  endfacet
  facet normal -0.789141 4.4726e-16 -0.614213
    outer loop
      vertex -4.1140392338772109 4.3496540343793892 -4.3496540343793892
      vertex -4.3567942159013713 4.4158214365045554 -4.0377624270986265
      vertex -4.3612335027636275 4.8880765899112655 -4.0320588312213985
    endloop
  endfacet
  facet normal -0.582029 0.574996 -0.574996
    outer loop
      vertex -4.4163482153067708 3.9960657843766163 -4.3972356535242918
      vertex -4.3567942159013713 4.4158214365045554 -4.0377624270986265
      vertex -4.1140392338772109 4.3496540343793892 -4.3496540343793892
    endloop
  endfacet
  facet normal -0.432681 -0.102471 -0.895705
    outer loop
      vertex -4.1566211685540955 4.600301315138732 -3.9441643623706888
      vertex -4.1567508575690457 4.6001583949002267 -3.9440853640150899
      vertex -4.09835896881859 4.664510523203405 -3.9796543505919248
    endloop
  endfacet
  facet normal -0.789141 -2.8618e-14 -0.614213
    outer loop
      vertex -4.1140392338772109 4.3496540343793892 -4.3496540343793892
      vertex -4.3612335027636275 4.8880765899112655 -4.0320588312213985
      vertex -4.3582898266202363 4.8961240347808701 -4.0358408664077459
    endloop
  endfacet
  facet normal -0.432681 -0.102471 -0.895705
    outer loop
      vertex -4.09835896881859 4.664510523203405 -3.9796543505919248
      vertex -4.5372943611452392 5.1948287665375199 -3.8282909649027617
      vertex -4.536888035577892 5.1951944237453427 -3.8285290777034033
    endloop
  endfacet
  facet normal -0.789141 -3.39099e-15 -0.614213
    outer loop
      vertex -4.3513461711331631 4.989784275342906 -4.0447620751599178
      vertex -4.3582898266202363 4.8961240347808701 -4.0358408664077459
      vertex -4.3649270115004546 4.9077066924024555 -4.0273134110993114
    endloop
  endfacet
  facet normal 0.689744 0.509845 -0.514112
    outer loop
      vertex -4.3815601338206882 4.9172755382203883 -4.0401393282121578
      vertex -4.3964673866353658 4.9636597531609921 -4.0141399748993507
      vertex -4.3784110469644197 4.9434178405253215 -4.0099891219810422
    endloop
  endfacet
  facet normal -0.630651 0.215252 -0.745618
    outer loop
      vertex -4.3964673866353658 4.9636597531609921 -4.0141399748993507
      vertex -4.536888035577892 5.1951944237453427 -3.8285290777034033
      vertex -4.557044828953221 5.302575523139077 -3.7804804341898941
    endloop
  endfacet
  facet normal -0.789141 -3.19594e-15 -0.614213
    outer loop
      vertex -4.1140392338772109 4.3496540343793892 -4.3496540343793892
      vertex -4.3582898266202363 4.8961240347808701 -4.0358408664077459
      vertex -4.3513461711331631 4.989784275342906 -4.0447620751599178
    endloop
  endfacet
  facet normal -0.582029 0.574996 -0.574996
    outer loop
      vertex -4.4163482153067708 3.9960657843766163 -4.3972356535242918
      vertex -4.1140392338772109 4.3496540343793892 -4.3496540343793892
      vertex -4.3855578942923508 4.0008068523463995 -4.4236615140132658
    endloop
  endfacet
  facet normal -0.150901 0.988548 0.00153217
    outer loop
      vertex -4.5640691374324467 3.9739536440890317 -4.6793815426503205
      vertex -4.4163482153067708 3.9960657843766163 -4.3972356535242918
      vertex -4.3855578942923508 4.0008068523463995 -4.4236615140132658
    endloop
  endfacet
  facet normal -0.150901 0.988548 0.00153217
    outer loop
      vertex -4.4987485626253276 3.9841509143283251 -4.8252946685837301
      vertex -4.3855578942923508 4.0008068523463995 -4.4236615140132658
      vertex -4.3850080575522901 4.0015132826044706 -4.8252946685837301
    endloop
  endfacet
  facet normal -0.139647 0.914827 0.378934
    outer loop
      vertex -4.3926161091006444 4.0431424963009812 -4.9286002544879892
      vertex -4.4809058403403856 3.9936259345002871 -4.8415938630703197
      vertex -4.3850080575522901 4.0015132826044706 -4.8252946685837301
    endloop
  endfacet
  facet normal -0.139647 0.914827 0.378934
    outer loop
      vertex -4.4987485626253276 3.9841509143283251 -4.8252946685837301
      vertex -4.3850080575522901 4.0015132826044706 -4.8252946685837301
      vertex -4.4809058403403856 3.9936259345002871 -4.8415938630703197
    endloop
  endfacet
  facet normal -0.150901 0.988548 0.00153217
    outer loop
      vertex -4.4987485626253276 3.9841509143283251 -4.8252946685837301
      vertex -4.5640691374324467 3.9739536440890317 -4.6793815426503205
      vertex -4.3855578942923508 4.0008068523463995 -4.4236615140132658
    endloop
  endfacet
  facet normal -0.326834 0.813331 -0.481324
    outer loop
      vertex -5.0454694100595807 3.8600162818710677 -4.5450248097953656
      vertex -4.8843145759260702 3.9248600524889738 -4.5448822647630553
      vertex -4.6960583643141458 3.8223134667110155 -4.8459952776328761
    endloop
  endfacet
  facet normal -0.419033 0.703067 -0.57455
    outer loop
      vertex -5.0783880757719766 3.6852762761380067 -4.7348430563783612
      vertex -5.0454694100595807 3.8600162818710677 -4.5450248097953656
      vertex -4.6960583643141458 3.8223134667110155 -4.8459952776328761
    endloop
  endfacet
  facet normal -0.419033 0.703067 -0.57455
    outer loop
      vertex -5.2881521136825747 3.4611246291186308 -4.8561478615501876
      vertex -5.0783880757719766 3.6852762761380067 -4.7348430563783612
      vertex -4.6960583643141458 3.8223134667110155 -4.8459952776328761
    endloop
  endfacet
  facet normal -0.419033 0.703067 -0.57455
    outer loop
      vertex -5.4445182700281798 3.0076786994120361 -5.2969809309372078
      vertex -5.2881521136825747 3.4611246291186308 -4.8561478615501876
      vertex -4.6960583643141458 3.8223134667110155 -4.8459952776328761
    endloop
  endfacet
  facet normal -0.586293 0.731441 -0.348216
    outer loop
      vertex -5.4445182700281798 3.0076786994120361 -5.2969809309372078
      vertex -4.6960583643141458 3.8223134667110155 -4.8459952776328761
      vertex -4.9487936320442598 3.2771615616889833 -5.5655760959284102
    endloop
  endfacet
  facet normal -0.190119 0.717271 -0.670357
    outer loop
      vertex -5.9172322944382394 3.1237407896549092 -5.0387308648806597
      vertex -5.2881521136825747 3.4611246291186308 -4.8561478615501876
      vertex -5.4445182700281798 3.0076786994120361 -5.2969809309372078
    endloop
  endfacet
  facet normal -2.54182e-18 0.475947 -0.879474
    outer loop
      vertex -5.9172322944382394 3.1237407896549092 -5.0387308648806597
      vertex -19.102470337245556 3.6852762761380067 -4.7348430563783612
      vertex -5.2881521136825747 3.4611246291186308 -4.8561478615501876
    endloop
  endfacet
  facet normal 0 0.475947 -0.879474
    outer loop
      vertex -5.2881521136825747 3.4611246291186308 -4.8561478615501876
      vertex -19.102470337245556 3.6852762761380067 -4.7348430563783612
      vertex -5.0783880757719766 3.6852762761380067 -4.7348430563783612
    endloop
  endfacet
  facet normal 0 0.735724 -0.677282
    outer loop
      vertex -5.0783880757719766 3.6852762761380067 -4.7348430563783612
      vertex -19.102470337245556 3.6852762761380067 -4.7348430563783612
      vertex -19.102470337245556 5.0229988695751713 -3.2816889487345611
    endloop
  endfacet
  facet normal 3.46638e-16 0.735724 -0.677282
    outer loop
      vertex -5.0783880757719766 3.6852762761380067 -4.7348430563783612
      vertex -19.102470337245556 5.0229988695751713 -3.2816889487345611
      vertex -5.0454694100595807 3.8600162818710677 -4.5450248097953656
    endloop
  endfacet
  facet normal -3.38719e-16 0.735724 -0.677282
    outer loop
      vertex -5.0454694100595807 3.8600162818710677 -4.5450248097953656
      vertex -19.102470337245556 5.0229988695751713 -3.2816889487345611
      vertex -4.9800985641182631 3.9335698007817332 -4.4651243889898398
    endloop
  endfacet
  facet normal -0.326834 0.813331 -0.481324
    outer loop
      vertex -5.0454694100595807 3.8600162818710677 -4.5450248097953656
      vertex -4.9800985641182631 3.9335698007817332 -4.4651243889898398
      vertex -4.9410439265443546 3.9482371893480668 -4.4668590468668361
    endloop
  endfacet
  facet normal -0.326834 0.813331 -0.481324
    outer loop
      vertex -5.0454694100595807 3.8600162818710677 -4.5450248097953656
      vertex -4.9410439265443546 3.9482371893480668 -4.4668590468668361
      vertex -4.8843145759260702 3.9248600524889738 -4.5448822647630553
    endloop
  endfacet
  facet normal -0.316385 0.778289 -0.542372
    outer loop
      vertex -4.9800985641182631 3.9335698007817332 -4.4651243889898398
      vertex -4.9653418045907332 3.9582574458136324 -4.4383064575575997
      vertex -4.9410439265443546 3.9482371893480668 -4.4668590468668361
    endloop
  endfacet
  facet normal -0.150901 0.988548 0.00153217
    outer loop
      vertex -4.8843145759260702 3.9247512817417456 -4.4747038542909143
      vertex -4.4163482153067708 3.9960657843766163 -4.3972356535242918
      vertex -4.5640691374324467 3.9739536440890317 -4.6793815426503205
    endloop
  endfacet
  facet normal 1.28853e-17 0.735724 -0.677282
    outer loop
      vertex -4.9800985641182631 3.9335698007817332 -4.4651243889898398
      vertex -19.102470337245556 5.0229988695751713 -3.2816889487345611
      vertex -4.9653418045907332 3.9582574458136324 -4.4383064575575997
    endloop
  endfacet
  facet normal -0.582029 0.574996 -0.574996
    outer loop
      vertex -4.4163482153067708 3.9960657843766163 -4.3972356535242918
      vertex -4.4451118936977503 4.3334819462411263 -4.0307039944162621
      vertex -4.3567942159013713 4.4158214365045554 -4.0377624270986265
    endloop
  endfacet
  facet normal -0.150454 0.0768868 -0.985623
    outer loop
      vertex -4.4451118936977503 4.3334819462411263 -4.0307039944162621
      vertex -4.8843145759260702 4.3999751279996184 -3.9584731442559256
      vertex -4.8843145759260702 4.4827027953728544 -3.9520196954075821
    endloop
  endfacet
  facet normal 1.02007e-16 0.735724 -0.677282
    outer loop
      vertex -5.0014297384468982 4.351862867771592 -4.0107369909767492
      vertex -19.102470337245556 5.0229988695751713 -3.2816889487345611
      vertex -5.132339155768217 4.5279896360091865 -3.819412318741922
    endloop
  endfacet
  facet normal -0.150454 0.0768868 -0.985623
    outer loop
      vertex -4.4451118936977503 4.3334819462411263 -4.0307039944162621
      vertex -4.8843145759260702 4.4827027953728544 -3.9520196954075821
      vertex -4.837293642874072 4.498165886959625 -3.9579911410385971
    endloop
  endfacet
  facet normal -0.305974 0.557832 -0.771495
    outer loop
      vertex -4.837293642874072 4.498165886959625 -3.9579911410385971
      vertex -4.8178671419461194 4.8978233577311272 -3.6767220767901563
      vertex -4.5558231980862454 4.6046153098742328 -3.9926533640500441
    endloop
  endfacet
  facet normal -2.21785e-16 0.735724 -0.677282
    outer loop
      vertex -5.132339155768217 4.5279896360091865 -3.819412318741922
      vertex -19.102470337245556 5.0229988695751713 -3.2816889487345611
      vertex -5.196949970623101 4.5985347761054003 -3.7427798684805258
    endloop
  endfacet
  facet normal -1.62674e-17 0.735724 -0.677282
    outer loop
      vertex -5.196949970623101 4.5985347761054003 -3.7427798684805258
      vertex -19.102470337245556 5.0229988695751713 -3.2816889487345611
      vertex -5.3863336814558185 5.019827232315639 -3.285134265225631
    endloop
  endfacet
  facet normal -0.178005 0.667428 -0.723087
    outer loop
      vertex -5.3884371292904145 5.0229988695751713 -3.2816889487345611
      vertex -5.4654867528147681 5.3418418861515757 -2.968421005348354
      vertex -5.3863336814558185 5.019827232315639 -3.285134265225631
    endloop
  endfacet
  facet normal -0.676995 0.259724 -0.688637
    outer loop
      vertex -5.0263979875587221 5.678033425795042 -3.1774554836856717
      vertex -4.557044828953221 5.302575523139077 -3.7804804341898941
      vertex -4.8178671419461194 4.8978233577311272 -3.6767220767901563
    endloop
  endfacet
  facet normal -0.789141 0 -0.614213
    outer loop
      vertex -5.0263979875587221 5.678033425795042 -3.1774554836856717
      vertex -5.1379102653466946 5.8045609397938946 -3.0341845062547401
      vertex -4.0636894297544455 19.110918581718863 -4.4143434640387902
    endloop
  endfacet
  facet normal -0.789141 0 -0.614213
    outer loop
      vertex -5.2768425072389338 5.7855970995652717 -2.8556843582224425
      vertex -5.2768425072389338 19.110918581718884 -2.8556843582224425
      vertex -5.1379102653466946 5.8045609397938946 -3.0341845062547401
    endloop
  endfacet
  facet normal -0.729817 0.442617 -0.521016
    outer loop
      vertex -5.2768425072389338 5.7855970995652717 -2.8556843582224425
      vertex -5.8624582402024794 5.751822880947568 -2.0640706262461577
      vertex -5.3104480529146594 5.8454144404556088 -2.7577947478861149
    endloop
  endfacet
  facet normal -0.3221 0.801056 -0.504541
    outer loop
      vertex -6.2613929081081245 5.478367462388495 -2.2435531236746815
      vertex -6.3109092864377603 5.5240433418492385 -2.1394226070829196
      vertex -5.8624582402024794 5.751822880947568 -2.0640706262461577
    endloop
  endfacet
  facet normal 2.05458e-16 0.915773 -0.401695
    outer loop
      vertex -6.2613929081081245 5.478367462388495 -2.2435531236746815
      vertex -19.102470337245556 5.8164015956359822 -1.4729129228447955
      vertex -6.3109092864377603 5.5240433418492385 -2.1394226070829196
    endloop
  endfacet
  facet normal -0.178005 0.667428 -0.723087
    outer loop
      vertex -5.888262815890922 5.1136893698263926 -3.0749354334740322
      vertex -5.4654867528147681 5.3418418861515757 -2.968421005348354
      vertex -5.3884371292904145 5.0229988695751713 -3.2816889487345611
    endloop
  endfacet
  facet normal 0 0.735724 -0.677282
    outer loop
      vertex -5.3884371292904145 5.0229988695751713 -3.2816889487345611
      vertex -5.3863336814558185 5.019827232315639 -3.285134265225631
      vertex -19.102470337245556 5.0229988695751713 -3.2816889487345611
    endloop
  endfacet
  facet normal -0.583613 0.809258 -0.067057
    outer loop
      vertex -19.955950864665638 5.2135463971647473 -1.3202492530771039
      vertex -19.102470337245556 5.9795069580400195 0.4954760728339947
      vertex -19.102470337245556 5.8164015956359822 -1.4729129228447955
    endloop
  endfacet
  facet normal -0.986319 0.150965 -0.0662193
    outer loop
      vertex -19.955950864665638 5.2135463971647473 -1.3202492530771039
      vertex -20 4.2786897097440919 -2.7954075045848148
      vertex -20 4.9545258323125241 -1.254656337770216
    endloop
  endfacet
  facet normal -0.986319 0.121284 -0.11165
    outer loop
      vertex -19.955950864665638 3.3033067844613258 -4.2440886434394773
      vertex -20 3.1391911664135685 -4.0332328930611121
      vertex -19.955950864665638 4.5023778411526267 -2.9415502547360921
    endloop
  endfacet
  facet normal -1 0 0
    outer loop
      vertex -20 4.2786897097440919 -2.7954075045848148
      vertex -20 4.6804429118438247 2.0530326100503085
      vertex -20 5.0934622035606552 0.4220563112407249
    endloop
  endfacet
  facet normal -1 0 0
    outer loop
      vertex -20 3.7602250060741729 3.4615309694777499
      vertex -20 3.1391911664135685 -4.0332328930611121
      vertex -20 1.6595125506324662 -4.8339949155178488
    endloop
  endfacet
  facet normal -0.986319 0.138006 0.0901641
    outer loop
      vertex -19.955950864665638 4.9251345347793158 2.1603643072325305
      vertex -20 4.6804429118438247 2.0530326100503085
      vertex -19.955950864665638 3.9568080168423658 3.6424983793396728
    endloop
  endfacet
  facet normal -0.583613 0.679806 0.444139
    outer loop
      vertex -19.955950864665638 4.9251345347793158 2.1603643072325305
      vertex -19.955950864665638 3.9568080168423658 3.6424983793396728
      vertex -19.102470337245556 4.4143434640387902 4.0636894297544455
    endloop
  endfacet
  facet normal 2.18282e-17 0.614213 0.789141
    outer loop
      vertex -4.9394033347307396 4.0705756070884158 4.3312546927701625
      vertex -19.102470337245556 4.4143434640387902 4.0636894297544455
      vertex -19.102470337245556 2.8556843582224425 5.2768425072389338
    endloop
  endfacet
  facet normal 2.55708e-17 0.324699 0.945817
    outer loop
      vertex -6.7375570230850883 1.1168909062157872 5.8737710532950231
      vertex -19.102470337245556 2.8556843582224425 5.2768425072389338
      vertex -19.102470337245556 0.98756754168440486 5.9181678204163344
    endloop
  endfacet
  facet normal -0.986319 0.0535265 0.155917
    outer loop
      vertex -19.955950864665638 2.5596999540782934 4.7299112328596342
      vertex -20 2.432528374993828 4.4949187371752304
      vertex -19.955950864665638 0.88520868345277981 5.3047648121646223
    endloop
  endfacet
  facet normal 0 0 1
    outer loop
      vertex -6.661888116463901 0.98756754168440486 5.9181678204163344
      vertex -19.102470337245556 0.98756754168440486 5.9181678204163344
      vertex -19.102470337245556 -0.98756754168440486 5.9181678204163344
    endloop
  endfacet
  facet normal -0.506051 0 0.862503
    outer loop
      vertex -6.0784341458131115 -1.0714354466323905 6.2604942952875113
      vertex -6.0784341458131115 1.0714354466323905 6.2604942952875113
      vertex -6.661888116463901 0.98756754168440486 5.9181678204163344
    endloop
  endfacet
  facet normal 4.02496e-16 -0.324699 0.945817
    outer loop
      vertex -6.7375570230850883 -1.1168909062157872 5.8737710532950231
      vertex -6.661888116463901 -0.98756754168440486 5.9181678204163344
      vertex -19.102470337245553 -2.8556843582224425 5.2768425072389338
    endloop
  endfacet
  facet normal -0.488625 -0.480602 0.728194
    outer loop
      vertex -5.7894119296456443 -2.8556843582224425 5.2768425072389338
      vertex -6.0784341458131115 -1.0714354466323905 6.2604942952875113
      vertex -5.9691165027415627 -2.4749232611704493 5.4075579569639531
    endloop
  endfacet
  facet normal -0.488625 -0.480602 0.728194
    outer loop
      vertex -5.8263117086147655 -3.0649127509737668 5.1139935124740008
      vertex -5.3900276869903649 -3.007678699412037 5.4445182700281816
      vertex -5.7894119296456443 -2.8556843582224425 5.2768425072389338
    endloop
  endfacet
  facet normal -0.332018 -0.752647 0.568584
    outer loop
      vertex -5.5442610658035445 -3.366898527407308 4.8789485480749279
      vertex -5.3900276869903649 -3.007678699412037 5.4445182700281816
      vertex -5.8263117086147655 -3.0649127509737668 5.1139935124740008
    endloop
  endfacet
  facet normal -0.332018 -0.752647 0.568584
    outer loop
      vertex -5.5442610658035445 -3.366898527407308 4.8789485480749279
      vertex -4.6643590885571617 -4.0407195354662786 4.5008054188835462
      vertex -5.3900276869903649 -3.007678699412037 5.4445182700281816
    endloop
  endfacet
  facet normal -0.297854 -0.73249 0.612161
    outer loop
      vertex -5.5442610658035445 -3.366898527407308 4.8789485480749279
      vertex -4.8584830341439211 -4.0226415492912944 4.4279835815811213
      vertex -4.6643590885571617 -4.0407195354662786 4.5008054188835462
    endloop
  endfacet
  facet normal 4.92351e-16 -0.614213 0.789141
    outer loop
      vertex -4.9394033347307396 -4.0705756070884167 4.3312546927701625
      vertex -4.4405475924104501 -4.1031182285422689 4.3059257538002287
      vertex -4.8584830341439211 -4.0326591294687928 4.3607662718832403
    endloop
  endfacet
  facet normal -0.332018 -0.752647 0.568584
    outer loop
      vertex -5.3900276869903649 -3.007678699412037 5.4445182700281816
      vertex -4.6643590885571617 -4.0407195354662786 4.5008054188835462
      vertex -4.569724779051846 -4.0480296322568439 4.5463894556496838
    endloop
  endfacet
  facet normal -0.145829 -0.978503 0.145829
    outer loop
      vertex -4.569724779051846 -4.0480296322568439 4.5463894556496838
      vertex -4.3059257538002278 -4.1031182285422689 4.4405475924104509
      vertex -4.531050443483803 -4.0407195354662786 4.6341140639569049
    endloop
  endfacet
  facet normal -0.789141 -0.614213 -1.89981e-14
    outer loop
      vertex -4.0636894297544455 -4.4143434640387902 4.4143434640387902
      vertex -4.3059257538002278 -4.1031182285422689 4.4405475924104509
      vertex -4.0909478278476898 -4.3793218734526285 4.3793218734526285
    endloop
  endfacet
  facet normal -0.57735 -0.57735 0.57735
    outer loop
      vertex -4.3930676083608926 -4.4653655948781674 3.9911583715138894
      vertex -4.0909478278476898 -4.3793218734526285 4.3793218734526285
      vertex -4.3715586809597129 -4.4143434640387902 4.0636894297544455
    endloop
  endfacet
  facet normal 8.00938e-17 -0.614213 0.789141
    outer loop
      vertex -4.9394033347307396 -4.0705756070884167 4.3312546927701625
      vertex -19.102470337245556 -4.4143434640387902 4.0636894297544455
      vertex -4.4405475924104501 -4.1031182285422689 4.3059257538002287
    endloop
  endfacet
  facet normal -0.57735 -0.57735 0.57735
    outer loop
      vertex -4.3970054375858432 -4.4623006593672336 3.9902854777998726
      vertex -4.3930676083608926 -4.4653655948781674 3.9911583715138894
      vertex -4.3715586809597129 -4.4143434640387902 4.0636894297544455
    endloop
  endfacet
  facet normal -0.146781 0.0919126 0.98489
    outer loop
      vertex -4.8410808333709516 -4.5030545725921192 3.9279069698860432
      vertex -4.628749719634353 -4.5984239916298781 3.9684513952181328
      vertex -4.3970054375858432 -4.4623006593672336 3.9902854777998726
    endloop
  endfacet
  facet normal -0.385625 -0.540731 0.747598
    outer loop
      vertex -4.852694546987812 -4.5104748542378008 3.9165493833199667
      vertex -4.628749719634353 -4.5984239916298781 3.9684513952181328
      vertex -4.8410808333709516 -4.5030545725921192 3.9279069698860432
    endloop
  endfacet
  facet normal -0.137431 -0.579034 0.803637
    outer loop
      vertex -5.2246474504477476 -4.5889939612995772 3.7963669430666211
      vertex -4.8500958807144041 -4.8334958555903995 3.6842516915825345
      vertex -4.852694546987812 -4.5104748542378008 3.9165493833199667
    endloop
  endfacet
  facet normal -0.253161 -0.695952 0.671983
    outer loop
      vertex -5.7678260767949503 -5.0024463478700438 3.1635309544006551
      vertex -4.8500958807144041 -4.8334958555903995 3.6842516915825345
      vertex -5.2246474504477476 -4.5889939612995772 3.7963669430666211
    endloop
  endfacet
  facet normal -0.295798 -0.623574 0.723643
    outer loop
      vertex -5.7678260767949503 -5.0024463478700438 3.1635309544006551
      vertex -5.4008358083515695 -5.3922390634262012 2.9776525176352875
      vertex -4.8500958807144041 -4.8334958555903995 3.6842516915825345
    endloop
  endfacet
  facet normal -0.295798 -0.623574 0.723643
    outer loop
      vertex -5.8798181861714793 -5.0708844300369078 3.0587786714359324
      vertex -5.4008358083515695 -5.3922390634262012 2.9776525176352875
      vertex -5.7678260767949503 -5.0024463478700438 3.1635309544006551
    endloop
  endfacet
  facet normal -0.80342 -0.240611 0.544631
    outer loop
      vertex -5.5075339456657755 -6.375945128000982 2.1837031550770707
      vertex -5.3530585882256814 -5.8732251306242089 2.6336744988633076
      vertex -5.7227765724542543 -5.8781861386768686 2.086088328109335
    endloop
  endfacet
  facet normal -0.874665 -0.304219 0.377376
    outer loop
      vertex -5.8241939256483883 -6.609722584589341 1.261304145439845
      vertex -5.5075339456657755 -6.375945128000982 2.1837031550770707
      vertex -5.7227765724542543 -5.8781861386768686 2.086088328109335
    endloop
  endfacet
  facet normal -0.84955 -0.338433 0.404633
    outer loop
      vertex -5.8241939256483883 -6.609722584589341 1.261304145439845
      vertex -5.7227765724542543 -5.8781861386768686 2.086088328109335
      vertex -6.0697253045042849 -6.1898211034874304 1.0970011102991475
    endloop
  endfacet
  facet normal -0.84955 -0.338433 0.404633
    outer loop
      vertex -5.8655842187289782 -6.6499723323448956 1.1407383406032918
      vertex -5.8241939256483883 -6.609722584589341 1.261304145439845
      vertex -6.0697253045042849 -6.1898211034874304 1.0970011102991475
    endloop
  endfacet
  facet normal -0.914504 -0.399845 0.0616972
    outer loop
      vertex -5.8655842187289782 -6.6499723323448956 1.1407383406032918
      vertex -6.0697253045042849 -6.1898211034874304 1.0970011102991475
      vertex -5.9181678204163344 -6.5533407335805069 0.98756754168440486
    endloop
  endfacet
  facet normal -0.945817 0 0.324699
    outer loop
      vertex -5.8655842187289782 -6.6499723323448956 1.1407383406032918
      vertex -5.9181678204163344 -6.5533407335805069 0.98756754168440486
      vertex -5.9181678204163344 -19.102470337245553 0.98756754168440486
    endloop
  endfacet
  facet normal -0.945817 9.0279e-18 0.324699
    outer loop
      vertex -5.8655842187289782 -6.6499723323448956 1.1407383406032918
      vertex -5.9181678204163344 -19.102470337245553 0.98756754168440486
      vertex -5.2768425072389338 -19.102470337245556 2.8556843582224425
    endloop
  endfacet
  facet normal -1 0 0
    outer loop
      vertex -5.9181678204163344 -6.5842474167350877 0.78726838503345475
      vertex -5.9181678204163344 -19.102470337245553 0.98756754168440486
      vertex -5.9181678204163344 -6.5533407335805069 0.98756754168440486
    endloop
  endfacet
  facet normal -0.914504 -0.399845 0.0616972
    outer loop
      vertex -5.9181678204163344 -6.5842474167350877 0.78726838503345475
      vertex -5.9181678204163344 -6.5533407335805069 0.98756754168440486
      vertex -6.0697253045042849 -6.1898211034874304 1.0970011102991475
    endloop
  endfacet
  facet normal -0.914504 -0.399845 0.0616972
    outer loop
      vertex -6.0900497557568762 -6.3104474853939712 0.013990785461645934
      vertex -5.9181678204163344 -6.5842474167350877 0.78726838503345475
      vertex -6.0697253045042849 -6.1898211034874304 1.0970011102991475
    endloop
  endfacet
  facet normal -0.475982 -0.873023 0.10617
    outer loop
      vertex -6.7311608423792197 -5.8310640327242833 1.0816639283928524
      vertex -6.0900497557568762 -6.3104474853939712 0.013990785461645934
      vertex -6.0697253045042849 -6.1898211034874304 1.0970011102991475
    endloop
  endfacet
  facet normal -0.945817 8.35844e-18 0.324699
    outer loop
      vertex -5.8655842187289782 -6.6499723323448956 1.1407383406032918
      vertex -5.2768425072389338 -19.102470337245556 2.8556843582224425
      vertex -5.8241939256483883 -6.609722584589341 1.261304145439845
    endloop
  endfacet
  facet normal -0.419972 -0.812929 0.403448
    outer loop
      vertex -6.7275745557643702 -5.8034401372962483 1.1907482245201391
      vertex -6.0697253045042849 -6.1898211034874304 1.0970011102991475
      vertex -5.7227765724542543 -5.8781861386768686 2.086088328109335
    endloop
  endfacet
  facet normal -0.945817 -2.64811e-17 0.324699
    outer loop
      vertex -5.8241939256483883 -6.609722584589341 1.261304145439845
      vertex -5.2768425072389338 -19.102470337245556 2.8556843582224425
      vertex -5.5075339456657755 -6.375945128000982 2.1837031550770707
    endloop
  endfacet
  facet normal -0.945817 -1.51509e-17 0.324699
    outer loop
      vertex -5.5075339456657755 -6.375945128000982 2.1837031550770707
      vertex -5.2768425072389338 -19.102470337245556 2.8556843582224425
      vertex -5.3530585882256814 -5.8732251306242089 2.6336744988633076
    endloop
  endfacet
  facet normal -0.945817 0 0.324699
    outer loop
      vertex -5.3530585882256814 -5.8732251306242089 2.6336744988633076
      vertex -5.2768425072389338 -19.102470337245556 2.8556843582224425
      vertex -5.2768425072389338 -5.7454762800006129 2.8556843582224425
    endloop
  endfacet
  facet normal -0.615855 -0.309314 0.724602
    outer loop
      vertex -5.0242855798410568 -5.6675458442575444 3.1801695051768113
      vertex -4.8500958807144041 -4.8334958555903995 3.6842516915825345
      vertex -5.4008358083515695 -5.3922390634262012 2.9776525176352875
    endloop
  endfacet
  facet normal -0.789141 1.0239e-17 0.614213
    outer loop
      vertex -5.0242855798410568 -5.6675458442575444 3.1801695051768113
      vertex -4.0636894297544455 -19.102470337245553 4.4143434640387902
      vertex -4.5560210399983987 -5.2835359716826487 3.7817957982659398
    endloop
  endfacet
  facet normal -0.789141 0 0.614213
    outer loop
      vertex -5.2768425072389338 -5.7454762800006129 2.8556843582224425
      vertex -5.2768425072389338 -19.102470337245556 2.8556843582224425
      vertex -5.1314076595508054 -5.7766763858022454 3.042539054352094
    endloop
  endfacet
  facet normal -0.444139 -0.583613 0.679806
    outer loop
      vertex -3.6424983793396732 -19.955950864665638 3.9568080168423658
      vertex -2.4101725479178171 -19.102470337245556 5.4946399599303444
      vertex -4.0636894297544455 -19.102470337245553 4.4143434640387902
    endloop
  endfacet
  facet normal -0.130089 -0.986319 0.101253
    outer loop
      vertex -3.6424983793396732 -19.955950864665638 3.9568080168423658
      vertex -4.4949187371752304 -20 2.432528374993828
      vertex -3.4615309694777494 -20 3.7602250060741729
    endloop
  endfacet
  facet normal -0.155917 -0.986319 0.0535265
    outer loop
      vertex -5.3047648121646223 -19.955950864665638 0.8852086834527797
      vertex -5.0412123138494049 -20 0.84122954991620591
      vertex -4.7299112328596342 -19.955950864665638 2.5596999540782934
    endloop
  endfacet
  facet normal 0 -1 0
    outer loop
      vertex -4.4949187371752304 -20 2.432528374993828
      vertex 4.0332328930611121 -20 3.1391911664135681
      vertex 2.7954075045848144 -20 4.278689709744091
    endloop
  endfacet
  facet normal 0 -1 0
    outer loop
      vertex 4.8339949155178488 -20 1.6595125506324662
      vertex -5.0412123138494049 -20 0.84122954991620591
      vertex -5.0412123138494049 -20 -0.84122954991620602
    endloop
  endfacet
  facet normal 0.144981 -0.986319 0.0784597
    outer loop
      vertex 4.2440886434394773 -19.955950864665638 3.3033067844613258
      vertex 4.0332328930611121 -20 3.1391911664135681
      vertex 5.0867141738057366 -19.955950864665638 1.7462711815877805
    endloop
  endfacet
  facet normal 0.800957 -0.583613 0.133656
    outer loop
      vertex 5.3781152949374524 -19.955950864665638 6.9997749895584462e-17
      vertex 6 -19.102470337245553 0
      vertex 5.0867141738057366 -19.955950864665638 1.7462711815877805
    endloop
  endfacet
  facet normal 0.162601 -0.986319 -0.0271333
    outer loop
      vertex 5.0867141738057358 -19.955950864665638 -1.7462711815877832
      vertex 5.3781152949374524 -19.955950864665638 6.9997749895584462e-17
      vertex 5.110918581718856 -20 1.0007272770504259e-16
    endloop
  endfacet
  facet normal 0.714161 -0.583613 -0.386484
    outer loop
      vertex 4.2440886434394773 -19.955950864665638 -3.3033067844613253
      vertex 4.7348430563783612 -19.102470337245556 -3.6852762761380067
      vertex 5.0867141738057358 -19.955950864665638 -1.7462711815877832
    endloop
  endfacet
  facet normal 0.549974 -0.583613 -0.597431
    outer loop
      vertex 4.2440886434394773 -19.955950864665638 -3.3033067844613253
      vertex 3.2816889487345593 -19.102470337245556 -5.0229988695751722
      vertex 4.7348430563783612 -19.102470337245556 -3.6852762761380067
    endloop
  endfacet
  facet normal 0.326189 -0.583613 -0.743637
    outer loop
      vertex 1.3202492530771039 -19.955950864665638 -5.2135463971647473
      vertex 1.4729129228447955 -19.102470337245553 -5.8164015956359822
      vertex 2.9415502547360903 -19.955950864665638 -4.5023778411526276
    endloop
  endfacet
  facet normal 0.0662193 -0.986319 -0.150965
    outer loop
      vertex 1.3202492530771039 -19.955950864665638 -5.2135463971647473
      vertex 2.9415502547360903 -19.955950864665638 -4.5023778411526276
      vertex 2.795407504584813 -20 -4.2786897097440919
    endloop
  endfacet
  facet normal 0.401695 0 -0.915773
    outer loop
      vertex 2.0464446091965995 -6.3508685283448516 -5.5648272730440329
      vertex 3.2816889487345593 -5.631682454483971 -5.0229988695751722
      vertex 3.2816889487345593 -19.102470337245556 -5.0229988695751722
    endloop
  endfacet
  facet normal 0.571907 -0.392961 -0.720072
    outer loop
      vertex 1.8272893850642566 -6.4936705798698107 -5.660957667171485
      vertex 1.7652618456380562 -5.886455438913142 -6.0415940947087101
      vertex 2.0464446091965995 -6.3508685283448516 -5.5648272730440329
    endloop
  endfacet
  facet normal 0.189589 -0.50752 -0.840523
    outer loop
      vertex 1.4729129228447957 -6.3686145073001708 -5.8164015956359822
      vertex 1.7652618456380562 -5.886455438913142 -6.0415940947087101
      vertex 1.8272893850642566 -6.4936705798698107 -5.660957667171485
    endloop
  endfacet
  facet normal 0.20325 -0.929459 -0.30789
    outer loop
      vertex -0.040110125114284773 -5.9417742598323322 -6.8296811755427465
      vertex 0.92245808114038386 -5.8620135842420726 -6.4350349908769884
      vertex -0.033903571493186326 -6.1121983894293539 -6.3111072547346971
    endloop
  endfacet
  facet normal 0.53373 -0.778993 -0.329092
    outer loop
      vertex 1.8232468575206768 -5.6627308841576367 -6.4771305238592474
      vertex 2.0660305843577862 -5.5562360677963847 -6.335460888147658
      vertex 1.7652618456380562 -5.886455438913142 -6.0415940947087101
    endloop
  endfacet
  facet normal 0.401695 -0.915773 1.55276e-17
    outer loop
      vertex 1.8232468575206768 -5.6627308841576367 -6.4771305238592474
      vertex 3.2816889487345593 -5.0229988695751722 -19.110918581718863
      vertex 2.0660305843577862 -5.5562360677963847 -6.335460888147658
    endloop
  endfacet
  facet normal 0.0825793 -0.996584 0
    outer loop
      vertex 0.92245808114038386 -5.8620135842420726 -6.4350349908769884
      vertex 1.4729129228447957 -5.8164015956359822 -19.11091858171886
      vertex 1.4729129228447957 -5.8164015956359822 -6.3044421507126733
    endloop
  endfacet
  facet normal 0.668501 -0.726186 -0.1605
    outer loop
      vertex 3.257596355296545 -4.9861224100767947 -19.378115294937455
      vertex 4.7348430563783612 -3.6852762761380067 -19.110918581718867
      vertex 3.2816889487345593 -5.0229988695751722 -19.110918581718863
    endloop
  endfacet
  facet normal 0.238679 -0.544132 -0.804334
    outer loop
      vertex 3.257596355296545 -4.9861224100767947 -19.378115294937455
      vertex 1.2525824163602031 -4.9463361018733858 -20
      vertex 2.7907867528307722 -4.271617122670877 -20
    endloop
  endfacet
  facet normal 0.0490668 -0.592148 -0.804334
    outer loop
      vertex -0.49183852406946238 -5.9356082728354425 -19.378115294937455
      vertex -0.42135866074173078 -5.0850428141254325 -20
      vertex 1.4620994993991088 -5.7737003521284542 -19.378115294937455
    endloop
  endfacet
  facet normal 0 0 -1
    outer loop
      vertex 1.2525824163602031 -4.9463361018733858 -20
      vertex 2.7907867528307735 4.2716171226708761 -20
      vertex 4.0265660411139441 3.1340021472581561 -20
    endloop
  endfacet
  facet normal 0.238679 0.544132 -0.804334
    outer loop
      vertex 3.2575963552965463 4.9861224100767938 -19.378115294937455
      vertex 2.7907867528307735 4.2716171226708761 -20
      vertex 1.4620994993991088 5.7737003521284542 -19.378115294937455
    endloop
  endfacet
  facet normal 0.0815088 0.983665 -0.1605
    outer loop
      vertex -0.49183852406946094 5.9356082728354425 -19.378115294937455
      vertex -0.4954760728339947 5.9795069580400195 -19.110918581718867
      vertex 1.4620994993991088 5.7737003521284542 -19.378115294937455
    endloop
  endfacet
  facet normal -0.242303 0.956833 -0.1605
    outer loop
      vertex -0.49183852406946094 5.9356082728354425 -19.378115294937455
      vertex -2.4101725479178171 5.4946399599303444 -19.11091858171886
      vertex -0.4954760728339947 5.9795069580400195 -19.110918581718867
    endloop
  endfacet
  facet normal -0.539857 0.826313 -0.1605
    outer loop
      vertex -4.0338557621464339 4.3819354619288235 -19.378115294937455
      vertex -4.0636894297544455 4.4143434640387902 -19.11091858171886
      vertex -2.3924782117940846 5.4543009367289175 -19.378115294937455
    endloop
  endfacet
  facet normal -0.245485 0.9694 2.63684e-17
    outer loop
      vertex -1.8717817812480935 5.630979018492452 -6.4591675009152913
      vertex -2.4101725479178171 5.4946399599303444 -19.11091858171886
      vertex -2.4101725479178158 5.4946399599303444 -5.843990599812626
    endloop
  endfacet
  facet normal -0.568433 0.753426 -0.330503
    outer loop
      vertex -3.019418413352581 5.096599770080851 -5.7035325283356642
      vertex -1.7851958159371943 5.9738541741416151 -5.8264571902310989
      vertex -2.4101725479178158 5.4946399599303444 -5.843990599812626
    endloop
  endfacet
  facet normal -0.563282 0.741372 -0.364802
    outer loop
      vertex -3.2274279075270944 5.2013275180981369 -5.1695157117893373
      vertex -1.7851958159371943 5.9738541741416151 -5.8264571902310989
      vertex -3.019418413352581 5.096599770080851 -5.7035325283356642
    endloop
  endfacet
  facet normal -0.74096 0.426874 -0.518418
    outer loop
      vertex -3.9476821303365184 4.6128436346441228 -4.6246443595261306
      vertex -3.9499229906188216 4.7740872192412294 -4.4886707883608512
      vertex -3.2274279075270944 5.2013275180981369 -5.1695157117893373
    endloop
  endfacet
  facet normal -0.992228 -0.0879875 0.0879875
    outer loop
      vertex -3.949901538505773 4.4886848037258051 -4.7738312900054449
      vertex -3.927241353258883 4.5034894416387115 -4.5034894416387115
      vertex -3.9476821303365184 4.6128436346441228 -4.6246443595261306
    endloop
  endfacet
  facet normal -0.546948 0.837166 -2.10878e-17
    outer loop
      vertex -3.3247635761277436 4.8971078187092676 -5.6374758320674454
      vertex -4.0636894297544455 4.4143434640387902 -19.11091858171886
      vertex -3.6994673061373788 4.6523016537566093 -5.013842741845262
    endloop
  endfacet
  facet normal -0.546948 0.837166 -5.59884e-16
    outer loop
      vertex -4.0636894297544455 4.4143434640387902 -4.4143434640387902
      vertex -3.927241353258883 4.5034894416387115 -4.5034894416387115
      vertex -3.949901538505773 4.4886848037258051 -4.7738312900054449
    endloop
  endfacet
  facet normal -0.789141 0.614213 8.37576e-16
    outer loop
      vertex -4.3321716180978314 4.0693975414033439 -5.0208346197868865
      vertex -4.3598951191903357 4.0337783864715178 -4.8939347201531733
      vertex -4.0636894297544455 4.4143434640387902 -4.4143434640387902
    endloop
  endfacet
  facet normal -0.610407 0.771252 -0.180481
    outer loop
      vertex -4.4386027688651675 3.9326547961019851 -5.2452174159815597
      vertex -4.40985437566236 4.0181594760596413 -4.9770588522267616
      vertex -4.3321716180978314 4.0693975414033439 -5.0208346197868865
    endloop
  endfacet
  facet normal -0.694805 0.669358 -0.26307
    outer loop
      vertex -4.9487936320442598 3.2771615616889833 -5.5655760959284102
      vertex -4.6960583643141458 3.8223134667110155 -4.8459952776328761
      vertex -4.4386027688651675 3.9326547961019851 -5.2452174159815597
    endloop
  endfacet
  facet normal -0.586293 0.731441 -0.348216
    outer loop
      vertex -5.1139935124739999 3.0649127509737673 -5.7332649525616084
      vertex -5.4445182700281798 3.0076786994120361 -5.2969809309372078
      vertex -4.9487936320442598 3.2771615616889833 -5.5655760959284102
    endloop
  endfacet
  facet normal -0.302994 0.529295 -0.79249
    outer loop
      vertex -6.1834612174615851 2.3204618630307499 -5.473443680907188
      vertex -5.9172322944382394 3.1237407896549092 -5.0387308648806597
      vertex -5.4445182700281798 3.0076786994120361 -5.2969809309372078
    endloop
  endfacet
  facet normal -4.54529e-17 0.475947 -0.879474
    outer loop
      vertex -6.1834612174615851 2.3204618630307499 -5.473443680907188
      vertex -19.102470337245556 3.6852762761380067 -4.7348430563783612
      vertex -5.9172322944382394 3.1237407896549092 -5.0387308648806597
    endloop
  endfacet
  facet normal -0.441045 0.329327 -0.834879
    outer loop
      vertex -6.2672182148568742 2.1447284917207603 -5.5685458256043612
      vertex -5.8552849289160989 2.0859748516804171 -5.8093356049082381
      vertex -6.2126376856092209 1.9481968152281008 -5.674903450203808
    endloop
  endfacet
  facet normal -0.441045 0.329327 -0.834879
    outer loop
      vertex -6.3175797731367913 1.7046096295064477 -5.7155509623204948
      vertex -6.2126376856092209 1.9481968152281008 -5.674903450203808
      vertex -5.8552849289160989 2.0859748516804171 -5.8093356049082381
    endloop
  endfacet
  facet normal -0.441045 0.329327 -0.834879
    outer loop
      vertex -6.2604942952875113 1.0714354466323905 -5.99547044954749
      vertex -6.3175797731367913 1.7046096295064477 -5.7155509623204948
      vertex -5.8552849289160989 2.0859748516804171 -5.8093356049082381
    endloop
  endfacet
  facet normal -0.801765 0.401453 -0.442729
    outer loop
      vertex -6.2604942952875113 1.0714354466323905 -5.99547044954749
      vertex -5.8552849289160989 2.0859748516804171 -5.8093356049082381
      vertex -5.8480013547341789 1.1919554736817428 -6.633195001744058
    endloop
  endfacet
  facet normal -0.275958 0.367717 -0.888049
    outer loop
      vertex -6.7770680179758918 1.127009760808098 -5.8119353332468897
      vertex -6.3175797731367913 1.7046096295064477 -5.7155509623204948
      vertex -6.2604942952875113 1.0714354466323905 -5.99547044954749
    endloop
  endfacet
  facet normal -0.314787 0.162399 -0.935166
    outer loop
      vertex -6.7772951595344031 1.1157459380934271 -5.8138149328199065
      vertex -6.7770680179758918 1.127009760808098 -5.8119353332468897
      vertex -6.2604942952875113 1.0714354466323905 -5.99547044954749
    endloop
  endfacet
  facet normal -4.56498e-17 0.164595 -0.986361
    outer loop
      vertex -6.7770680179758918 1.127009760808098 -5.8119353332468897
      vertex -19.102470337245556 1.9481968152281008 -5.674903450203808
      vertex -6.3175797731367913 1.7046096295064477 -5.7155509623204948
    endloop
  endfacet
  facet normal 0 0.164595 -0.986361
    outer loop
      vertex -6.3175797731367913 1.7046096295064477 -5.7155509623204948
      vertex -19.102470337245556 1.9481968152281008 -5.674903450203808
      vertex -6.2126376856092209 1.9481968152281008 -5.674903450203808
    endloop
  endfacet
  facet normal -0.583613 0.597431 -0.549974
    outer loop
      vertex -19.955950864665638 3.3033067844613258 -4.2440886434394773
      vertex -19.102470337245556 5.0229988695751713 -3.2816889487345611
      vertex -19.102470337245556 3.6852762761380067 -4.7348430563783612
    endloop
  endfacet
  facet normal -0.986319 0.0784597 -0.144981
    outer loop
      vertex -19.955950864665638 3.3033067844613258 -4.2440886434394773
      vertex -20 1.6595125506324662 -4.8339949155178488
      vertex -20 3.1391911664135685 -4.0332328930611121
    endloop
  endfacet
  facet normal -0.986319 0.0271333 -0.162601
    outer loop
      vertex -19.955950864665638 6.1248031158636404e-17 -5.3781152949374524
      vertex -20 8.7563636741912273e-17 -5.110918581718856
      vertex -19.955950864665638 1.7462711815877805 -5.0867141738057366
    endloop
  endfacet
  facet normal -1 -0 0
    outer loop
      vertex -20 3.7602250060741729 3.4615309694777499
      vertex -20 1.6595125506324662 -4.8339949155178488
      vertex -20 2.432528374993828 4.4949187371752304
    endloop
  endfacet
  facet normal -0.986319 0.0535265 0.155917
    outer loop
      vertex -19.955950864665638 0.88520868345277981 5.3047648121646223
      vertex -20 2.432528374993828 4.4949187371752304
      vertex -20 0.84122954991620602 5.0412123138494049
    endloop
  endfacet
  facet normal -0.986319 0 0.164849
    outer loop
      vertex -19.955950864665638 -0.88520868345277981 5.3047648121646223
      vertex -19.955950864665638 0.88520868345277981 5.3047648121646223
      vertex -20 0.84122954991620602 5.0412123138494049
    endloop
  endfacet
  facet normal -0.583613 -0.263666 0.768034
    outer loop
      vertex -19.955950864665638 -2.5596999540782934 4.7299112328596342
      vertex -19.102470337245553 -2.8556843582224425 5.2768425072389338
      vertex -19.955950864665638 -0.88520868345277981 5.3047648121646223
    endloop
  endfacet
  facet normal -0.986319 -0.101253 0.130089
    outer loop
      vertex -19.955950864665638 -3.9568080168423658 3.6424983793396732
      vertex -19.955950864665638 -2.5596999540782934 4.7299112328596342
      vertex -20 -2.432528374993828 4.4949187371752304
    endloop
  endfacet
  facet normal -0.583613 -0.679806 0.444139
    outer loop
      vertex -19.955950864665638 -3.9568080168423658 3.6424983793396732
      vertex -19.102470337245556 -5.4946399599303453 2.4101725479178158
      vertex -19.102470337245556 -4.4143434640387902 4.0636894297544455
    endloop
  endfacet
  facet normal -0.583613 -0.787184 0.199342
    outer loop
      vertex -19.955950864665638 -5.3597463045366585 0.44412124093067656
      vertex -19.102470337245556 -5.9795069580400195 0.4954760728339962
      vertex -19.955950864665638 -4.9251345347793176 2.1603643072325291
    endloop
  endfacet
  facet normal 0 -0.837166 0.546948
    outer loop
      vertex -6.0353606475446364 -5.4946399599303453 2.4101725479178158
      vertex -5.9028976981732386 -5.1636739549242243 2.9167537306513607
      vertex -19.102470337245556 -5.4946399599303453 2.4101725479178158
    endloop
  endfacet
  facet normal -0.324626 -0.750722 0.575356
    outer loop
      vertex -6.3124050391437327 -5.5537574246741155 2.1767229590571917
      vertex -5.7227765724542543 -5.8781861386768686 2.086088328109335
      vertex -6.0353606475446364 -5.4946399599303453 2.4101725479178158
    endloop
  endfacet
  facet normal -0.400454 -0.833902 0.379794
    outer loop
      vertex -6.7275745557643702 -5.8034401372962483 1.1907482245201391
      vertex -5.7227765724542543 -5.8781861386768686 2.086088328109335
      vertex -6.3124050391437327 -5.5537574246741155 2.1767229590571917
    endloop
  endfacet
  facet normal -0.419972 -0.812929 0.403448
    outer loop
      vertex -6.747348712245457 -5.8140835900924861 1.1487181799282646
      vertex -6.0697253045042849 -6.1898211034874304 1.0970011102991475
      vertex -6.7275745557643702 -5.8034401372962483 1.1907482245201391
    endloop
  endfacet
  facet normal -0.475982 -0.873023 0.10617
    outer loop
      vertex -6.7311608423792197 -5.8310640327242833 1.0816639283928524
      vertex -6.0697253045042849 -6.1898211034874304 1.0970011102991475
      vertex -6.747348712245457 -5.8140835900924861 1.1487181799282646
    endloop
  endfacet
  facet normal -0.452195 -0.883118 0.124987
    outer loop
      vertex -6.6032802263270396 -5.9795069580400195 0.4954760728339962
      vertex -6.0900497557568762 -6.3104474853939712 0.013990785461645934
      vertex -6.7311608423792197 -5.8310640327242833 1.0816639283928524
    endloop
  endfacet
  facet normal -0.452195 -0.883118 0.124987
    outer loop
      vertex -6.8143853259771436 -5.9395899919844908 0.013749932341128356
      vertex -6.0900497557568762 -6.3104474853939712 0.013990785461645934
      vertex -6.6032802263270396 -5.9795069580400195 0.4954760728339962
    endloop
  endfacet
  facet normal -0.945405 -0.310063 0.100356
    outer loop
      vertex -6.0900497557568762 -6.3104474853939712 0.013990785461645934
      vertex -5.9181678204163344 -6.8339491422825187 0.015781795837449999
      vertex -5.9181678204163344 -6.5842474167350877 0.78726838503345475
    endloop
  endfacet
  facet normal -1 0 0
    outer loop
      vertex -5.9181678204163344 -6.8339491422825187 0.015781795837449999
      vertex -5.9181678204163344 -19.102470337245553 0.98756754168440486
      vertex -5.9181678204163344 -6.5842474167350877 0.78726838503345475
    endloop
  endfacet
  facet normal -1 0 0
    outer loop
      vertex -5.9181678204163344 -6.5655976277172776 -0.98756754168440486
      vertex -5.9181678204163344 -19.102470337245553 -0.98756754168440486
      vertex -5.9181678204163344 -6.5937871433021256 -0.78320621008664315
    endloop
  endfacet
  facet normal -0.768034 -0.583613 0.263666
    outer loop
      vertex -5.3047648121646223 -19.955950864665638 0.8852086834527797
      vertex -5.2768425072389338 -19.102470337245556 2.8556843582224425
      vertex -5.9181678204163344 -19.102470337245553 0.98756754168440486
    endloop
  endfacet
  facet normal -0.164849 -0.986319 0
    outer loop
      vertex -5.3047648121646223 -19.955950864665638 0.8852086834527797
      vertex -5.0412123138494049 -20 -0.84122954991620602
      vertex -5.0412123138494049 -20 0.84122954991620591
    endloop
  endfacet
  facet normal 0 -1 0
    outer loop
      vertex 4.8339949155178488 -20 1.6595125506324662
      vertex -5.0412123138494049 -20 -0.84122954991620602
      vertex -4.4949187371752304 -20 -2.432528374993828
    endloop
  endfacet
  facet normal -0.768034 -0.583613 -0.263666
    outer loop
      vertex -5.3047648121646223 -19.955950864665638 -0.88520868345277981
      vertex -5.9181678204163344 -19.102470337245553 -0.98756754168440486
      vertex -4.7299112328596342 -19.955950864665638 -2.5596999540782934
    endloop
  endfacet
  facet normal 0 -1 0
    outer loop
      vertex 4.8339949155178479 -20 -1.6595125506324688
      vertex -4.4949187371752304 -20 -2.432528374993828
      vertex -3.4615309694777494 -20 -3.7602250060741729
    endloop
  endfacet
  facet normal -0.640807 -0.583613 -0.49876
    outer loop
      vertex -4.7299112328596342 -19.955950864665638 -2.5596999540782934
      vertex -5.2768425072389338 -19.102470337245556 -2.8556843582224425
      vertex -3.6424983793396732 -19.955950864665638 -3.9568080168423658
    endloop
  endfacet
  facet normal -0.640807 -0.583613 -0.49876
    outer loop
      vertex -3.6424983793396732 -19.955950864665638 -3.9568080168423658
      vertex -5.2768425072389338 -19.102470337245556 -2.8556843582224425
      vertex -4.0636894297544455 -19.102470337245549 -4.4143434640387902
    endloop
  endfacet
  facet normal -0.0901641 -0.986319 -0.138006
    outer loop
      vertex -3.6424983793396732 -19.955950864665638 -3.9568080168423658
      vertex -2.1603643072325291 -19.955950864665638 -4.9251345347793176
      vertex -2.0530326100503071 -20 -4.6804429118438255
    endloop
  endfacet
  facet normal 0 -1 0
    outer loop
      vertex -3.4615309694777494 -20 -3.7602250060741729
      vertex 4.0332328930611121 -20 -3.1391911664135677
      vertex 4.8339949155178479 -20 -1.6595125506324688
    endloop
  endfacet
  facet normal 0.11165 -0.986319 -0.121284
    outer loop
      vertex 2.9415502547360903 -19.955950864665638 -4.5023778411526276
      vertex 4.0332328930611121 -20 -3.1391911664135677
      vertex 2.795407504584813 -20 -4.2786897097440919
    endloop
  endfacet
  facet normal -0.0404682 -0.986319 -0.159805
    outer loop
      vertex -2.1603643072325291 -19.955950864665638 -4.9251345347793176
      vertex -0.42205631124072635 -20 -5.0934622035606552
      vertex -2.0530326100503071 -20 -4.6804429118438255
    endloop
  endfacet
  facet normal 0.0662193 -0.986319 -0.150965
    outer loop
      vertex 1.3202492530771039 -19.955950864665638 -5.2135463971647473
      vertex 2.795407504584813 -20 -4.2786897097440919
      vertex 1.2546563377702162 -20 -4.954525832312525
    endloop
  endfacet
  facet normal 0.067057 -0.583613 -0.809258
    outer loop
      vertex 1.3202492530771039 -19.955950864665638 -5.2135463971647473
      vertex -0.4954760728339962 -19.102470337245553 -5.9795069580400195
      vertex 1.4729129228447955 -19.102470337245553 -5.8164015956359822
    endloop
  endfacet
  facet normal -0.245485 -0 -0.9694
    outer loop
      vertex -0.4954760728339962 -6.5130607420958304 -5.9795069580400195
      vertex -0.4954760728339962 -19.102470337245553 -5.9795069580400195
      vertex -2.4101725479178158 -19.102470337245553 -5.4946399599303453
    endloop
  endfacet
  facet normal -0.0404682 -0.986319 -0.159805
    outer loop
      vertex -0.44412124093067656 -19.955950864665638 -5.3597463045366585
      vertex -0.42205631124072635 -20 -5.0934622035606552
      vertex -2.1603643072325291 -19.955950864665638 -4.9251345347793176
    endloop
  endfacet
  facet normal -0.444139 -0.583613 -0.679806
    outer loop
      vertex -3.6424983793396732 -19.955950864665638 -3.9568080168423658
      vertex -4.0636894297544455 -19.102470337245549 -4.4143434640387902
      vertex -2.1603643072325291 -19.955950864665638 -4.9251345347793176
    endloop
  endfacet
  facet normal -0.245485 0 -0.9694
    outer loop
      vertex -1.871781781248093 -6.4591675009152913 -5.6309790184924529
      vertex -2.4101725479178158 -19.102470337245553 -5.4946399599303453
      vertex -2.4101725479178158 -5.8439905998126243 -5.4946399599303453
    endloop
  endfacet
  facet normal -0.568433 -0.330503 -0.753426
    outer loop
      vertex -3.0194184133525619 -5.703532528335665 -5.0965997700808643
      vertex -1.7851958159371941 -5.8264571902310989 -5.973854174141616
      vertex -2.4101725479178158 -5.8439905998126243 -5.4946399599303453
    endloop
  endfacet
  facet normal -0.539031 -0.76244 -0.357954
    outer loop
      vertex -3.2274279075270935 -5.1695157117893364 -5.2013275180981378
      vertex -3.3237446126187167 -4.8977735407955292 -5.6350959848692161
      vertex -2.4101725479178158 -5.4946399599303453 -5.739491619539721
    endloop
  endfacet
  facet normal -0.542279 -0.806839 -0.234402
    outer loop
      vertex -1.8692496086811374 -5.6316202516733842 -6.4500501523976119
      vertex -1.7851958159371941 -5.8264571902310989 -5.973854174141616
      vertex -2.2642882016227412 -5.5315828936954414 -5.8804855590459706
    endloop
  endfacet
  facet normal -0.245485 -0.9694 -3.82637e-17
    outer loop
      vertex -1.8692496086811374 -5.6316202516733842 -6.4500501523976119
      vertex -2.2642882016227412 -5.5315828936954414 -5.8804855590459706
      vertex -0.4954760728339962 -5.9795069580400195 -19.11091858171886
    endloop
  endfacet
  facet normal -0.546948 -0.837166 -0
    outer loop
      vertex -2.4101725479178158 -5.4946399599303453 -5.739491619539721
      vertex -3.3237446126187167 -4.8977735407955292 -5.6350959848692161
      vertex -2.4101725479178158 -5.4946399599303453 -19.110918581718863
    endloop
  endfacet
  facet normal 0.0815088 -0.983665 -0.1605
    outer loop
      vertex -0.49183852406946238 -5.9356082728354425 -19.378115294937455
      vertex 1.4729129228447957 -5.8164015956359822 -19.11091858171886
      vertex -0.4954760728339962 -5.9795069580400195 -19.11091858171886
    endloop
  endfacet
  facet normal -0.145862 -0.575996 -0.804334
    outer loop
      vertex -0.49183852406946238 -5.9356082728354425 -19.378115294937455
      vertex -2.0496389888990323 -4.672706234898115 -20
      vertex -0.42135866074173078 -5.0850428141254325 -20
    endloop
  endfacet
  facet normal -0.324984 -0.497426 -0.804334
    outer loop
      vertex -2.3924782117940833 -5.4543009367289184 -19.378115294937455
      vertex -4.0338557621464339 -4.3819354619288235 -19.378115294937455
      vertex -3.4558091291833928 -3.7540094306119522 -20
    endloop
  endfacet
  facet normal 0 0 -1
    outer loop
      vertex -2.0496389888990323 -4.672706234898115 -20
      vertex -0.42135866074172929 5.0850428141254325 -20
      vertex 1.2525824163602031 4.9463361018733858 -20
    endloop
  endfacet
  facet normal -0.145862 0.575996 -0.804334
    outer loop
      vertex -2.3924782117940846 5.4543009367289175 -19.378115294937455
      vertex -0.42135866074172929 5.0850428141254325 -20
      vertex -2.0496389888990336 4.6727062348981141 -20
    endloop
  endfacet
  facet normal -0.324984 0.497426 -0.804334
    outer loop
      vertex -4.0338557621464339 4.3819354619288235 -19.378115294937455
      vertex -2.3924782117940846 5.4543009367289175 -19.378115294937455
      vertex -2.0496389888990336 4.6727062348981141 -20
    endloop
  endfacet
  facet normal -0.77891 0.60625 -0.1605
    outer loop
      vertex -4.0338557621464339 4.3819354619288235 -19.378115294937455
      vertex -5.2768425072389338 2.855684358222442 -19.110918581718863
      vertex -4.0636894297544455 4.4143434640387902 -19.11091858171886
    endloop
  endfacet
  facet normal -0.933556 0.32049 -0.1605
    outer loop
      vertex -5.8747194578741704 0.98031729230182496 -19.378115294937455
      vertex -5.9181678204163344 0.98756754168440486 -19.110918581718863
      vertex -5.2381024489490207 2.8347192870945159 -19.378115294937455
    endloop
  endfacet
  facet normal -0.945817 0.324699 -1.09763e-17
    outer loop
      vertex -5.3152295590532601 2.7438666963304303 -5.8224735122091493
      vertex -5.2768425072389338 2.8556843582224425 -5.7427514027627842
      vertex -5.2768425072389338 2.855684358222442 -19.110918581718863
    endloop
  endfacet
  facet normal -0.737102 0.598824 -0.313194
    outer loop
      vertex -5.5076007158044797 2.1835086603075777 -6.4411260965864727
      vertex -5.8552849289160989 2.0859748516804171 -5.8093356049082381
      vertex -5.3152295590532601 2.7438666963304303 -5.8224735122091493
    endloop
  endfacet
  facet normal -0.838003 0.36607 -0.404653
    outer loop
      vertex -5.8480013547341789 1.1919554736817428 -6.633195001744058
      vertex -5.8552849289160989 2.0859748516804171 -5.8093356049082381
      vertex -5.5076007158044797 2.1835086603075777 -6.4411260965864727
    endloop
  endfacet
  facet normal -0.801765 0.401453 -0.442729
    outer loop
      vertex -6.2604942952875113 1.0714354466323905 -5.99547044954749
      vertex -5.8480013547341789 1.1919554736817428 -6.633195001744058
      vertex -5.8737710532950231 1.116890906215787 -6.6545933268194668
    endloop
  endfacet
  facet normal -0.860879 0.105006 -0.497857
    outer loop
      vertex -6.2604942952875113 1.0714354466323905 -5.99547044954749
      vertex -5.8737710532950231 1.116890906215787 -6.6545933268194668
      vertex -5.9181678204163344 0.98756754168440486 -6.6051002758595052
    endloop
  endfacet
  facet normal -0.860879 0.105006 -0.497857
    outer loop
      vertex -6.2604942952875113 1.0714354466323905 -5.99547044954749
      vertex -5.9181678204163344 0.98756754168440486 -6.6051002758595052
      vertex -5.9181678204163344 0.94060446443024914 -6.6150055903467919
    endloop
  endfacet
  facet normal -0.860879 0.105006 -0.497857
    outer loop
      vertex -6.2891610933531092 -2.4183627804920827e-18 -6.1718847050625474
      vertex -6.2604942952875113 1.0714354466323905 -5.99547044954749
      vertex -5.9181678204163344 0.94060446443024914 -6.6150055903467919
    endloop
  endfacet
  facet normal -0.314787 0.162399 -0.935166
    outer loop
      vertex -6.2891610933531092 -2.4183627804920827e-18 -6.1718847050625474
      vertex -6.7772951595344031 1.1157459380934271 -5.8138149328199065
      vertex -6.2604942952875113 1.0714354466323905 -5.99547044954749
    endloop
  endfacet
  facet normal -4.24635e-16 0.164595 -0.986361
    outer loop
      vertex -6.7772951595344031 1.1157459380934271 -5.8138149328199065
      vertex -19.102470337245556 1.9481968152281008 -5.674903450203808
      vertex -6.7770680179758918 1.127009760808098 -5.8119353332468897
    endloop
  endfacet
  facet normal 0 -0.164595 -0.986361
    outer loop
      vertex -6.777295159534404 -1.1157459380934327 -5.8138149328199056
      vertex -19.102470337245556 0 -6
      vertex -6.8126854026733845 0 -6
    endloop
  endfacet
  facet normal -0.583613 0.133656 -0.800957
    outer loop
      vertex -19.955950864665638 6.1248031158636404e-17 -5.3781152949374524
      vertex -19.955950864665638 1.7462711815877805 -5.0867141738057366
      vertex -19.102470337245556 1.9481968152281008 -5.674903450203808
    endloop
  endfacet
  facet normal -0.986319 -0.0271333 -0.162601
    outer loop
      vertex -19.955950864665638 6.1248031158636404e-17 -5.3781152949374524
      vertex -20 -1.6595125506324688 -4.8339949155178479
      vertex -20 8.7563636741912273e-17 -5.110918581718856
    endloop
  endfacet
  facet normal -1 0 0
    outer loop
      vertex -20 -0.84122954991620602 5.0412123138494049
      vertex -20 -1.6595125506324688 -4.8339949155178479
      vertex -20 -3.1391911664135681 -4.0332328930611121
    endloop
  endfacet
  facet normal -0.986319 -0.121284 -0.11165
    outer loop
      vertex -19.955950864665638 -3.3033067844613253 -4.2440886434394773
      vertex -20 -4.2786897097440928 -2.795407504584813
      vertex -20 -3.1391911664135681 -4.0332328930611121
    endloop
  endfacet
  facet normal -1 0 0
    outer loop
      vertex -20 -3.7602250060741729 3.4615309694777499
      vertex -20 -4.2786897097440928 -2.795407504584813
      vertex -20 -4.9545258323125241 -1.2546563377702162
    endloop
  endfacet
  facet normal -1 0 0
    outer loop
      vertex -20 -4.9545258323125241 -1.2546563377702162
      vertex -20 -5.0934622035606552 0.42205631124072635
      vertex -20 -3.7602250060741729 3.4615309694777499
    endloop
  endfacet
  facet normal -0.986319 -0.159805 0.0404682
    outer loop
      vertex -19.955950864665638 -5.3597463045366585 0.44412124093067656
      vertex -20 -4.6804429118438255 2.0530326100503071
      vertex -20 -5.0934622035606552 0.42205631124072635
    endloop
  endfacet
  facet normal -0.583613 -0.809258 -0.067057
    outer loop
      vertex -19.955950864665638 -5.3597463045366585 0.44412124093067656
      vertex -19.102470337245556 -5.8164015956359822 -1.4729129228447957
      vertex -19.102470337245556 -5.9795069580400195 0.4954760728339962
    endloop
  endfacet
  facet normal -0.583613 -0.743637 -0.326189
    outer loop
      vertex -19.955950864665638 -5.2135463971647473 -1.3202492530771039
      vertex -19.955950864665638 -4.5023778411526276 -2.9415502547360903
      vertex -19.102470337245556 -5.0229988695751722 -3.2816889487345593
    endloop
  endfacet
  facet normal 4.7344e-16 -0.996584 -0.0825793
    outer loop
      vertex -6.7495421653387666 -5.8438554073610733 -1.141594687241712
      vertex -6.7517130213409331 -5.8471573247778617 -1.1017464700399699
      vertex -19.102470337245556 -5.8164015956359822 -1.4729129228447957
    endloop
  endfacet
  facet normal -0.454456 -0.885348 -0.09812
    outer loop
      vertex -6.7495421653387666 -5.8438554073610733 -1.141594687241712
      vertex -6.0732377935119137 -6.1971053065789867 -1.086576199484149
      vertex -6.7517130213409331 -5.8471573247778617 -1.1017464700399699
    endloop
  endfacet
  facet normal 5.50564e-17 -0.915773 -0.401695
    outer loop
      vertex -6.4419310235437308 -5.8164015956359822 -1.4729129228447957
      vertex -19.102470337245556 -5.0229988695751722 -3.2816889487345593
      vertex -6.336067307071918 -5.5671141967879967 -2.0412309482079904
    endloop
  endfacet
  facet normal -0.434994 -0.80195 -0.409459
    outer loop
      vertex -6.336067307071918 -5.5671141967879967 -2.0412309482079904
      vertex -6.3225829246759604 -5.5225165615629788 -2.1429033155401478
      vertex -5.7302631971477682 -5.8839456757011925 -2.0642805353999401
    endloop
  endfacet
  facet normal -0.849084 -0.337873 -0.406076
    outer loop
      vertex -5.8693913760994691 -6.6576105615109764 -1.129648470047919
      vertex -6.0732377935119137 -6.1971053065789867 -1.086576199484149
      vertex -5.8286055140773909 -6.6173193262684684 -1.2484536273602884
    endloop
  endfacet
  facet normal -0.945817 -2.77659e-17 -0.324699
    outer loop
      vertex -5.514949121521397 -6.3816329002821544 -2.1621034857223056
      vertex -5.9181678204163344 -19.102470337245553 -0.98756754168440486
      vertex -5.8286055140773909 -6.6173193262684684 -1.2484536273602884
    endloop
  endfacet
  facet normal -0.768034 -0.583613 -0.263666
    outer loop
      vertex -4.7299112328596342 -19.955950864665638 -2.5596999540782934
      vertex -5.9181678204163344 -19.102470337245553 -0.98756754168440486
      vertex -5.2768425072389338 -19.102470337245556 -2.8556843582224425
    endloop
  endfacet
  facet normal -0.754717 -0.426064 -0.49887
    outer loop
      vertex -5.3522586607433835 -5.8841114995337023 -2.6360046080153809
      vertex -5.7302631971477682 -5.8839456757011925 -2.0642805353999401
      vertex -5.2768425072389338 -5.7604827410884161 -2.8556843582224425
    endloop
  endfacet
  facet normal -0.754717 -0.426064 -0.49887
    outer loop
      vertex -5.2768425072389338 -5.7604827410884161 -2.8556843582224425
      vertex -5.4044132547223178 -5.4032480978741235 -2.9677875011108483
      vertex -5.1400673685447895 -5.7970049977235645 -3.0314130600091693
    endloop
  endfacet
  facet normal -0.789141 -1.2232e-16 -0.614213
    outer loop
      vertex -4.5566416097052418 -5.3036778465592809 -3.7809984902902882
      vertex -4.3485002619842881 -4.9925798194045994 -4.0484184993091406
      vertex -5.2768425072389338 -19.102470337245556 -2.8556843582224425
    endloop
  endfacet
  facet normal -0.613532 -0.237017 -0.75326
    outer loop
      vertex -4.5566416097052418 -5.3036778465592809 -3.7809984902902882
      vertex -4.5335528888758496 -5.2068497673763563 -3.830271693296853
      vertex -4.3485002619842881 -4.9925798194045994 -4.0484184993091406
    endloop
  endfacet
  facet normal -0.613532 -0.237017 -0.75326
    outer loop
      vertex -4.3992635932487723 -4.9653102585595024 -4.0156521289747973
      vertex -4.3485002619842881 -4.9925798194045994 -4.0484184993091406
      vertex -4.5335528888758496 -5.2068497673763563 -3.830271693296853
    endloop
  endfacet
  facet normal -0.613532 -0.237017 -0.75326
    outer loop
      vertex -4.3992635932487723 -4.9653102585595024 -4.0156521289747973
      vertex -4.5335528888758496 -5.2068497673763563 -3.830271693296853
      vertex -4.3852766803825851 -4.9208246578779473 -4.0410420947914369
    endloop
  endfacet
  facet normal 0.688343 -0.510533 -0.515305
    outer loop
      vertex -4.3992635932487723 -4.9653102585595024 -4.0156521289747973
      vertex -4.3852766803825851 -4.9208246578779473 -4.0410420947914369
      vertex -4.3779337650869579 -4.9416485993657355 -4.0106023337497412
    endloop
  endfacet
  facet normal 0.688343 -0.510533 -0.515305
    outer loop
      vertex -4.3779337650869579 -4.9416485993657355 -4.0106023337497412
      vertex -4.3852766803825851 -4.9208246578779473 -4.0410420947914369
      vertex -4.363876910340827 -4.9044669243492631 -4.0286625810967838
    endloop
  endfacet
  facet normal -0.789141 -1.01678e-13 -0.614213
    outer loop
      vertex -4.3779337650869579 -4.9416485993657355 -4.0106023337497412
      vertex -4.363876910340827 -4.9044669243492631 -4.0286625810967838
      vertex -4.3587239234994337 -4.8949369095207445 -4.0352831387259522
    endloop
  endfacet
  facet normal -0.689381 0.625997 0.36453
    outer loop
      vertex -4.1116054038230567 -4.6584072896847637 -3.9741304973823017
      vertex -4.3587239234994337 -4.8949369095207445 -4.0352831387259522
      vertex -4.363876910340827 -4.9044669243492631 -4.0286625810967838
    endloop
  endfacet
  facet normal -0.689381 0.625997 0.36453
    outer loop
      vertex -4.1116054038230567 -4.6584072896847637 -3.9741304973823017
      vertex -4.363876910340827 -4.9044669243492631 -4.0286625810967838
      vertex -4.5335528888758496 -5.2068497673763563 -3.830271693296853
    endloop
  endfacet
  facet normal -0.421299 0.0873452 -0.902706
    outer loop
      vertex -4.1116054038230567 -4.6584072896847637 -3.9741304973823017
      vertex -4.5335528888758496 -5.2068497673763563 -3.830271693296853
      vertex -4.5339065766893105 -5.2065507712653769 -3.83007769415065
    endloop
  endfacet
  facet normal -0.421299 0.0873452 -0.902706
    outer loop
      vertex -4.1628444610604269 -4.6046490490877154 -3.9450152731908905
      vertex -4.1116054038230567 -4.6584072896847637 -3.9741304973823017
      vertex -4.5339065766893105 -5.2065507712653769 -3.83007769415065
    endloop
  endfacet
  facet normal -0.4437 0.103548 -0.890173
    outer loop
      vertex -4.5863660127481154 -5.1635497625595494 -3.7989276746404448
      vertex -4.1628444610604269 -4.6046490490877154 -3.9450152731908905
      vertex -4.5339065766893105 -5.2065507712653769 -3.83007769415065
    endloop
  endfacet
  facet normal -0.4437 0.103548 -0.890173
    outer loop
      vertex -4.5863660127481154 -5.1635497625595494 -3.7989276746404448
      vertex -4.5339065766893105 -5.2065507712653769 -3.83007769415065
      vertex -4.5546190798219461 -5.1913611270081672 -3.8179867981030116
    endloop
  endfacet
  facet normal 0.637272 0.221648 0.738076
    outer loop
      vertex -4.5863660127481154 -5.1635497625595494 -3.7989276746404448
      vertex -4.5546190798219461 -5.1913611270081672 -3.8179867981030116
      vertex -4.4918438006664241 -4.9773470364888199 -3.9364578969200346
    endloop
  endfacet
  facet normal 0.608375 0.248007 0.753904
    outer loop
      vertex -4.5865429556270403 -5.1634049189095252 -3.7988325360956914
      vertex -4.5863660127481154 -5.1635497625595494 -3.7989276746404448
      vertex -4.4918438006664241 -4.9773470364888199 -3.9364578969200346
    endloop
  endfacet
  facet normal 0.608375 0.248007 0.753904
    outer loop
      vertex -4.5866556960646525 -5.1633249126717109 -3.7987678775644702
      vertex -4.5865429556270403 -5.1634049189095252 -3.7988325360956914
      vertex -4.4918438006664241 -4.9773470364888199 -3.9364578969200346
    endloop
  endfacet
  facet normal 0.608375 0.248007 0.753904
    outer loop
      vertex -4.5866556960646525 -5.1633249126717109 -3.7987678775644702
      vertex -4.4918438006664241 -4.9773470364888199 -3.9364578969200346
      vertex -4.5422472262657543 -5.003892773817129 -3.8870514492009356
    endloop
  endfacet
  facet normal 0.622626 0.239151 0.74508
    outer loop
      vertex -4.5866556960646525 -5.1633249126717109 -3.7987678775644702
      vertex -4.5422472262657543 -5.003892773817129 -3.8870514492009356
      vertex -4.6192386321414487 -5.136482273878066 -3.7801557301364039
    endloop
  endfacet
  facet normal 0.622626 0.239151 0.74508
    outer loop
      vertex -4.5866556960646525 -5.1633249126717109 -3.7987678775644702
      vertex -4.6192386321414487 -5.136482273878066 -3.7801557301364039
      vertex -4.608248406529964 -5.1462784885663053 -3.7861953837869438
    endloop
  endfacet
  facet normal -0.442077 0.0976488 -0.891646
    outer loop
      vertex -4.5866556960646525 -5.1633249126717109 -3.7987678775644702
      vertex -4.608248406529964 -5.1462784885663053 -3.7861953837869438
      vertex -4.2163549641621927 -4.5532203376158913 -3.9155469482952521
    endloop
  endfacet
  facet normal -0.442077 0.0976488 -0.891646
    outer loop
      vertex -4.6261353345724032 -5.1310909979625805 -3.7756637958331289
      vertex -4.2163549641621927 -4.5532203376158913 -3.9155469482952521
      vertex -4.608248406529964 -5.1462784885663053 -3.7861953837869438
    endloop
  endfacet
  facet normal -0.442077 0.0976488 -0.891646
    outer loop
      vertex -4.6261353345724032 -5.1310909979625805 -3.7756637958331289
      vertex -4.6385792054549295 -5.1192412663152949 -3.7681964072138818
      vertex -4.2163549641621927 -4.5532203376158913 -3.9155469482952521
    endloop
  endfacet
  facet normal -0.442077 0.0976488 -0.891646
    outer loop
      vertex -4.6385792054549295 -5.1192412663152949 -3.7681964072138818
      vertex -4.2165026734299298 -4.5530620741299739 -3.9154563818803534
      vertex -4.2163549641621927 -4.5532203376158913 -3.9155469482952521
    endloop
  endfacet
  facet normal -0.442077 0.0976488 -0.891646
    outer loop
      vertex -4.2165026734299298 -4.5530620741299739 -3.9154563818803534
      vertex -4.2164039914590035 -4.5531676878822287 -3.9155168746476883
      vertex -4.2163549641621927 -4.5532203376158913 -3.9155469482952521
    endloop
  endfacet
  facet normal 0.146196 -0.384499 0.911475
    outer loop
      vertex -4.2164039914590035 -4.5531676878822287 -3.9155168746476883
      vertex -4.4533577323535054 -4.8228422533692692 -3.9912710856159297
      vertex -4.2163549641621927 -4.5532203376158913 -3.9155469482952521
    endloop
  endfacet
  facet normal 0.146196 -0.384499 0.911475
    outer loop
      vertex -4.2163549641621927 -4.5532203376158913 -3.9155469482952521
      vertex -4.4533577323535054 -4.8228422533692692 -3.9912710856159297
      vertex -4.4503519837044019 -4.8227956755777299 -3.9917335434373959
    endloop
  endfacet
  facet normal 0.146196 -0.384499 0.911475
    outer loop
      vertex -4.1946139300010383 -4.5731127137325878 -3.9274255575631654
      vertex -4.2163549641621927 -4.5532203376158913 -3.9155469482952521
      vertex -4.4503519837044019 -4.8227956755777299 -3.9917335434373959
    endloop
  endfacet
  facet normal 0.135488 -0.374976 0.91708
    outer loop
      vertex -4.1946139300010383 -4.5731127137325878 -3.9274255575631654
      vertex -4.4503519837044019 -4.8227956755777299 -3.9917335434373959
      vertex -4.4450133246092918 -4.8228495186036797 -3.9925442839184737
    endloop
  endfacet
  facet normal 0.135488 -0.374976 0.91708
    outer loop
      vertex -4.1946139300010383 -4.5731127137325878 -3.9274255575631654
      vertex -4.4450133246092918 -4.8228495186036797 -3.9925442839184737
      vertex -4.1631513891445602 -4.6043201402106089 -3.9448338713504021
    endloop
  endfacet
  facet normal -0.41941 0.0815089 -0.90413
    outer loop
      vertex -4.5865429556270403 -5.1634049189095252 -3.7988325360956914
      vertex -4.1946139300010383 -4.5731127137325878 -3.9274255575631654
      vertex -4.1631513891445602 -4.6043201402106089 -3.9448338713504021
    endloop
  endfacet
  facet normal -0.41941 0.0815089 -0.90413
    outer loop
      vertex -4.5865429556270403 -5.1634049189095252 -3.7988325360956914
      vertex -4.1631513891445602 -4.6043201402106089 -3.9448338713504021
      vertex -4.1629887703035005 -4.6044815267832107 -3.9449238566026286
    endloop
  endfacet
  facet normal 0.135426 -0.374904 0.917119
    outer loop
      vertex -4.1629887703035005 -4.6044815267832107 -3.9449238566026286
      vertex -4.1631513891445602 -4.6043201402106089 -3.9448338713504021
      vertex -4.3881135246264202 -4.8234321683153727 -4.0011845269003468
    endloop
  endfacet
  facet normal 0.139793 -0.378812 0.914855
    outer loop
      vertex -4.1629887703035005 -4.6044815267832107 -3.9449238566026286
      vertex -4.3881135246264202 -4.8234321683153727 -4.0011845269003468
      vertex -4.1628444610604269 -4.6046490490877154 -3.9450152731908905
    endloop
  endfacet
  facet normal 0.139793 -0.378812 0.914855
    outer loop
      vertex -4.1627296490171499 -4.6047626289344326 -3.9450798466540364
      vertex -4.1628444610604269 -4.6046490490877154 -3.9450152731908905
      vertex -4.3881135246264202 -4.8234321683153727 -4.0011845269003468
    endloop
  endfacet
  facet normal 0.139793 -0.378812 0.914855
    outer loop
      vertex -4.1627296490171499 -4.6047626289344326 -3.9450798466540364
      vertex -4.3881135246264202 -4.8234321683153727 -4.0011845269003468
      vertex -4.3848796561970271 -4.8234311535547247 -4.0016782526690848
    endloop
  endfacet
  facet normal -0.421299 0.0873452 -0.902706
    outer loop
      vertex -4.1627296490171499 -4.6047626289344326 -3.9450798466540364
      vertex -4.110265397282685 -4.6566655646285469 -3.9745873593027854
      vertex -4.1628444610604269 -4.6046490490877154 -3.9450152731908905
    endloop
  endfacet
  facet normal 0.139788 -0.378809 0.914857
    outer loop
      vertex -4.1627296490171499 -4.6047626289344326 -3.9450798466540364
      vertex -4.3616975598456937 -4.8868073285515017 -4.0314626106701725
      vertex -4.110265397282685 -4.6566655646285469 -3.9745873593027854
    endloop
  endfacet
  facet normal 0.135426 -0.374904 0.917119
    outer loop
      vertex -4.1631513891445602 -4.6043201402106089 -3.9448338713504021
      vertex -4.4450133246092918 -4.8228495186036797 -3.9925442839184737
      vertex -4.3881135246264202 -4.8234321683153727 -4.0011845269003468
    endloop
  endfacet
  facet normal -0.150454 -0.0768868 -0.985623
    outer loop
      vertex -4.3567942159013704 -4.4158214365045554 -4.0377624270986274
      vertex -4.3881135246264202 -4.8234321683153727 -4.0011845269003468
      vertex -4.4450133246092918 -4.8228495186036797 -3.9925442839184737
    endloop
  endfacet
  facet normal -0.150454 -0.0768868 -0.985623
    outer loop
      vertex -4.3567942159013704 -4.4158214365045554 -4.0377624270986274
      vertex -4.4450133246092918 -4.8228495186036797 -3.9925442839184737
      vertex -4.4503519837044019 -4.8227956755777299 -3.9917335434373959
    endloop
  endfacet
  facet normal -0.41941 0.0815089 -0.90413
    outer loop
      vertex -4.5865429556270403 -5.1634049189095252 -3.7988325360956914
      vertex -4.2163549641621927 -4.5532203376158913 -3.9155469482952521
      vertex -4.1946139300010383 -4.5731127137325878 -3.9274255575631654
    endloop
  endfacet
  facet normal -0.150454 -0.0768868 -0.985623
    outer loop
      vertex -4.3567942159013704 -4.4158214365045554 -4.0377624270986274
      vertex -4.4503519837044019 -4.8227956755777299 -3.9917335434373959
      vertex -4.4533577323535054 -4.8228422533692692 -3.9912710856159297
    endloop
  endfacet
  facet normal -0.150454 -0.0768868 -0.985623
    outer loop
      vertex -4.3567942159013704 -4.4158214365045554 -4.0377624270986274
      vertex -4.4533577323535054 -4.8228422533692692 -3.9912710856159297
      vertex -4.4906894492887943 -4.8234639019190553 -3.9855239445761659
    endloop
  endfacet
  facet normal -0.150454 -0.0768868 -0.985623
    outer loop
      vertex -4.3567942159013704 -4.4158214365045554 -4.0377624270986274
      vertex -4.4906894492887943 -4.8234639019190553 -3.9855239445761659
      vertex -4.4921141776976592 -4.8252946685837301 -3.9851636461983473
    endloop
  endfacet
  facet normal -0.150454 -0.0768868 -0.985623
    outer loop
      vertex -4.6136376390810705 -4.5527319241910478 -3.9878753878588458
      vertex -4.3567942159013704 -4.4158214365045554 -4.0377624270986274
      vertex -4.4921141776976592 -4.8252946685837301 -3.9851636461983473
    endloop
  endfacet
  facet normal 0.699826 -0.61584 -0.361917
    outer loop
      vertex -4.2165026734299298 -4.5530620741299739 -3.9154563818803534
      vertex -4.4921141776976592 -4.8252946685837301 -3.9851636461983473
      vertex -4.4906894492887943 -4.8234639019190553 -3.9855239445761659
    endloop
  endfacet
  facet normal 0.699826 -0.61584 -0.361917
    outer loop
      vertex -4.2165026734299298 -4.5530620741299739 -3.9154563818803534
      vertex -4.5014429528638953 -4.8445592511832309 -3.9704216274121182
      vertex -4.4921141776976592 -4.8252946685837301 -3.9851636461983473
    endloop
  endfacet
  facet normal -0.605636 -0.277446 -0.745808
    outer loop
      vertex -4.8557032972169836 -4.8596891375845344 -3.6771150198729283
      vertex -4.4921141776976592 -4.8252946685837301 -3.9851636461983473
      vertex -4.5014429528638953 -4.8445592511832309 -3.9704216274121182
    endloop
  endfacet
  facet normal -0.613532 -0.237017 -0.75326
    outer loop
      vertex -4.8557032972169836 -4.8596891375845344 -3.6771150198729283
      vertex -4.5014429528638953 -4.8445592511832309 -3.9704216274121182
      vertex -4.5432412045168231 -4.9273801135617568 -3.9103168982063559
    endloop
  endfacet
  facet normal -0.613532 -0.237017 -0.75326
    outer loop
      vertex -4.8557032972169836 -4.8596891375845344 -3.6771150198729283
      vertex -4.5432412045168231 -4.9273801135617568 -3.9103168982063559
      vertex -4.551979335547176 -4.9713264991802735 -3.8893717445092268
    endloop
  endfacet
  facet normal -0.613532 -0.237017 -0.75326
    outer loop
      vertex -4.8557032972169836 -4.8596891375845344 -3.6771150198729283
      vertex -4.551979335547176 -4.9713264991802735 -3.8893717445092268
      vertex -4.5422472262657543 -5.003892773817129 -3.8870514492009356
    endloop
  endfacet
  facet normal -0.613532 -0.237017 -0.75326
    outer loop
      vertex -4.8557032972169836 -4.8596891375845344 -3.6771150198729283
      vertex -4.5422472262657543 -5.003892773817129 -3.8870514492009356
      vertex -4.5546190798219461 -5.1913611270081672 -3.8179867981030116
    endloop
  endfacet
  facet normal 0.647065 0.219357 0.730198
    outer loop
      vertex -4.6385792054549295 -5.1192412663152949 -3.7681964072138818
      vertex -4.551979335547176 -4.9713264991802735 -3.8893717445092268
      vertex -4.5432412045168231 -4.9273801135617568 -3.9103168982063559
    endloop
  endfacet
  facet normal 0.647065 0.219357 0.730198
    outer loop
      vertex -4.6192386321414487 -5.136482273878066 -3.7801557301364039
      vertex -4.551979335547176 -4.9713264991802735 -3.8893717445092268
      vertex -4.6385792054549295 -5.1192412663152949 -3.7681964072138818
    endloop
  endfacet
  facet normal 0.699826 -0.61584 -0.361917
    outer loop
      vertex -4.2165026734299298 -4.5530620741299739 -3.9154563818803534
      vertex -4.5432412045168231 -4.9273801135617568 -3.9103168982063559
      vertex -4.5014429528638953 -4.8445592511832309 -3.9704216274121182
    endloop
  endfacet
  facet normal 0.146692 -0.384869 0.911239
    outer loop
      vertex -4.2164039914590035 -4.5531676878822287 -3.9155168746476883
      vertex -4.4906894492887943 -4.8234639019190553 -3.9855239445761659
      vertex -4.4533577323535054 -4.8228422533692692 -3.9912710856159297
    endloop
  endfacet
  facet normal 0.146692 -0.384869 0.911239
    outer loop
      vertex -4.2165026734299298 -4.5530620741299739 -3.9154563818803534
      vertex -4.4906894492887943 -4.8234639019190553 -3.9855239445761659
      vertex -4.2164039914590035 -4.5531676878822287 -3.9155168746476883
    endloop
  endfacet
  facet normal 0.699826 -0.61584 -0.361917
    outer loop
      vertex -4.6385792054549295 -5.1192412663152949 -3.7681964072138818
      vertex -4.5432412045168231 -4.9273801135617568 -3.9103168982063559
      vertex -4.2165026734299298 -4.5530620741299739 -3.9154563818803534
    endloop
  endfacet
  facet normal 0.647065 0.219357 0.730198
    outer loop
      vertex -4.6261353345724032 -5.1310909979625805 -3.7756637958331289
      vertex -4.6192386321414487 -5.136482273878066 -3.7801557301364039
      vertex -4.6385792054549295 -5.1192412663152949 -3.7681964072138818
    endloop
  endfacet
  facet normal 0.710329 0.47885 0.515883
    outer loop
      vertex -4.6261353345724032 -5.1310909979625805 -3.7756637958331289
      vertex -4.608248406529964 -5.1462784885663053 -3.7861953837869438
      vertex -4.6192386321414487 -5.136482273878066 -3.7801557301364039
    endloop
  endfacet
  facet normal 0.622626 0.239151 0.74508
    outer loop
      vertex -4.6192386321414487 -5.136482273878066 -3.7801557301364039
      vertex -4.5422472262657543 -5.003892773817129 -3.8870514492009356
      vertex -4.551979335547176 -4.9713264991802735 -3.8893717445092268
    endloop
  endfacet
  facet normal -0.442077 0.0976488 -0.891646
    outer loop
      vertex -4.5866556960646525 -5.1633249126717109 -3.7987678775644702
      vertex -4.2163549641621927 -4.5532203376158913 -3.9155469482952521
      vertex -4.5865429556270403 -5.1634049189095252 -3.7988325360956914
    endloop
  endfacet
  facet normal -0.41941 0.0815089 -0.90413
    outer loop
      vertex -4.5865429556270403 -5.1634049189095252 -3.7988325360956914
      vertex -4.1629887703035005 -4.6044815267832107 -3.9449238566026286
      vertex -4.5863660127481154 -5.1635497625595494 -3.7989276746404448
    endloop
  endfacet
  facet normal -0.613532 -0.237017 -0.75326
    outer loop
      vertex -4.4918438006664241 -4.9773470364888199 -3.9364578969200346
      vertex -4.5546190798219461 -5.1913611270081672 -3.8179867981030116
      vertex -4.5422472262657543 -5.003892773817129 -3.8870514492009356
    endloop
  endfacet
  facet normal -0.613532 -0.237017 -0.75326
    outer loop
      vertex -4.5566416097052418 -5.3036778465592809 -3.7809984902902882
      vertex -4.5546190798219461 -5.1913611270081672 -3.8179867981030116
      vertex -4.5339065766893105 -5.2065507712653769 -3.83007769415065
    endloop
  endfacet
  facet normal -0.4437 0.103548 -0.890173
    outer loop
      vertex -4.5863660127481154 -5.1635497625595494 -3.7989276746404448
      vertex -4.1629887703035005 -4.6044815267832107 -3.9449238566026286
      vertex -4.1628444610604269 -4.6046490490877154 -3.9450152731908905
    endloop
  endfacet
  facet normal -0.421299 0.0873452 -0.902706
    outer loop
      vertex -4.1628444610604269 -4.6046490490877154 -3.9450152731908905
      vertex -4.110265397282685 -4.6566655646285469 -3.9745873593027854
      vertex -4.1116054038230567 -4.6584072896847637 -3.9741304973823017
    endloop
  endfacet
  facet normal -0.689381 0.625997 0.36453
    outer loop
      vertex -4.1116054038230567 -4.6584072896847637 -3.9741304973823017
      vertex -4.110265397282685 -4.6566655646285469 -3.9745873593027854
      vertex -4.3587239234994337 -4.8949369095207445 -4.0352831387259522
    endloop
  endfacet
  facet normal -0.689381 0.625997 0.36453
    outer loop
      vertex -4.5335528888758496 -5.2068497673763563 -3.830271693296853
      vertex -4.363876910340827 -4.9044669243492631 -4.0286625810967838
      vertex -4.3852766803825851 -4.9208246578779473 -4.0410420947914369
    endloop
  endfacet
  facet normal -0.300655 0.450437 -0.840662
    outer loop
      vertex -4.3992635932487723 -4.9653102585595024 -4.0156521289747973
      vertex -4.3779337650869579 -4.9416485993657355 -4.0106023337497412
      vertex -4.3485002619842881 -4.9925798194045994 -4.0484184993091406
    endloop
  endfacet
  facet normal -0.613532 -0.237017 -0.75326
    outer loop
      vertex -4.5566416097052418 -5.3036778465592809 -3.7809984902902882
      vertex -4.5339065766893105 -5.2065507712653769 -3.83007769415065
      vertex -4.5335528888758496 -5.2068497673763563 -3.830271693296853
    endloop
  endfacet
  facet normal -0.613532 -0.237017 -0.75326
    outer loop
      vertex -4.5566416097052418 -5.3036778465592809 -3.7809984902902882
      vertex -4.8557032972169836 -4.8596891375845344 -3.6771150198729283
      vertex -4.5546190798219461 -5.1913611270081672 -3.8179867981030116
    endloop
  endfacet
  facet normal -0.626238 -0.304445 -0.717732
    outer loop
      vertex -5.0410807975728549 -5.7007955303941653 -3.1585910089938589
      vertex -5.1400673685447895 -5.7970049977235645 -3.0314130600091693
      vertex -5.4044132547223178 -5.4032480978741235 -2.9677875011108483
    endloop
  endfacet
  facet normal -0.213823 -0.64057 -0.73753
    outer loop
      vertex -5.4608363966409614 -5.0229988695751722 -3.2816889487345593
      vertex -5.313743189396142 -4.8271600105148558 -3.4944266597337883
      vertex -5.4044132547223178 -5.4032480978741235 -2.9677875011108483
    endloop
  endfacet
  facet normal -1.72622e-16 -0.735724 -0.677282
    outer loop
      vertex -5.313743189396142 -4.8271600105148558 -3.4944266597337883
      vertex -19.102470337245556 -3.6852762761380067 -4.7348430563783612
      vertex -5.1928668113949996 -4.6002392628875608 -3.7409283022581477
    endloop
  endfacet
  facet normal -0.285107 -0.561557 -0.776768
    outer loop
      vertex -5.1042251784952519 -4.5106964134250802 -3.8381977661551439
      vertex -4.872019976186448 -4.4668381291209007 -3.9551340295466475
      vertex -5.1928668113949996 -4.6002392628875608 -3.7409283022581477
    endloop
  endfacet
  facet normal -0.605636 -0.277446 -0.745808
    outer loop
      vertex -4.6136376390810705 -4.5527319241910478 -3.9878753878588458
      vertex -4.4921141776976592 -4.8252946685837301 -3.9851636461983473
      vertex -4.8557032972169836 -4.8596891375845344 -3.6771150198729283
    endloop
  endfacet
  facet normal -0.150454 -0.0768868 -0.985623
    outer loop
      vertex -4.6136376390810705 -4.5527319241910478 -3.9878753878588458
      vertex -4.4451118936977512 -4.3334819462411254 -4.030703994416263
      vertex -4.3567942159013704 -4.4158214365045554 -4.0377624270986274
    endloop
  endfacet
  facet normal -0.150454 -0.0768868 -0.985623
    outer loop
      vertex -4.8843145759260693 -4.463731445793627 -3.9534996190894787
      vertex -4.8843145759260693 -4.3999751279996158 -3.9584731442559273
      vertex -4.872019976186448 -4.4668381291209007 -3.9551340295466475
    endloop
  endfacet
  facet normal -3.41071e-15 -0.735724 -0.677282
    outer loop
      vertex -4.8843145759260693 -4.3999751279996158 -3.9584731442559273
      vertex -4.993044213217769 -4.3553077383014918 -4.0069948640325048
      vertex -4.8843145759260693 -3.9247512817417456 -4.4747038542909134
    endloop
  endfacet
  facet normal -0.150901 -0.988548 0.00153217
    outer loop
      vertex -4.8843145759260693 -3.9248600524889738 -4.5448822647630553
      vertex -4.4163482153067717 -3.9960657843766163 -4.3972356535242909
      vertex -4.8843145759260693 -3.9247512817417456 -4.4747038542909134
    endloop
  endfacet
  facet normal -0.150901 -0.988548 0.00153217
    outer loop
      vertex -4.3850080575522909 -4.0015132826044706 -4.825294668583731
      vertex -4.3855578942923508 -4.0008068523463995 -4.4236615140132658
      vertex -4.4163482153067717 -3.9960657843766163 -4.3972356535242909
    endloop
  endfacet
  facet normal -0.789141 -0.614213 5.55165e-16
    outer loop
      vertex -4.3850080575522909 -4.0015132826044706 -4.825294668583731
      vertex -4.0636894297544455 -4.4143434640387902 -4.4143434640387902
      vertex -4.3855578942923508 -4.0008068523463995 -4.4236615140132658
    endloop
  endfacet
  facet normal -0.582029 -0.574996 -0.574996
    outer loop
      vertex -4.4451118936977512 -4.3334819462411254 -4.030703994416263
      vertex -4.1140392338772109 -4.3496540343793901 -4.3496540343793901
      vertex -4.3567942159013704 -4.4158214365045554 -4.0377624270986274
    endloop
  endfacet
  facet normal -0.150454 -0.0768868 -0.985623
    outer loop
      vertex -4.3567942159013704 -4.4158214365045554 -4.0377624270986274
      vertex -4.3848796561970271 -4.8234311535547247 -4.0016782526690848
      vertex -4.3881135246264202 -4.8234321683153727 -4.0011845269003468
    endloop
  endfacet
  facet normal 0.139793 -0.378812 0.914855
    outer loop
      vertex -4.1627296490171499 -4.6047626289344326 -3.9450798466540364
      vertex -4.3848796561970271 -4.8234311535547247 -4.0016782526690848
      vertex -4.3616975598456937 -4.8868073285515017 -4.0314626106701725
    endloop
  endfacet
  facet normal 0.139788 -0.378809 0.914857
    outer loop
      vertex -4.110265397282685 -4.6566655646285469 -3.9745873593027854
      vertex -4.3616975598456937 -4.8868073285515017 -4.0314626106701725
      vertex -4.3587239234994337 -4.8949369095207445 -4.0352831387259522
    endloop
  endfacet
  facet normal -0.789141 -1.24512e-14 -0.614213
    outer loop
      vertex -4.3779337650869579 -4.9416485993657355 -4.0106023337497412
      vertex -4.3587239234994337 -4.8949369095207445 -4.0352831387259522
      vertex -4.3485002619842881 -4.9925798194045994 -4.0484184993091406
    endloop
  endfacet
  facet normal -0.789141 3.58536e-17 -0.614213
    outer loop
      vertex -4.3485002619842881 -4.9925798194045994 -4.0484184993091406
      vertex -4.0636894297544455 -19.102470337245549 -4.4143434640387902
      vertex -5.2768425072389338 -19.102470337245556 -2.8556843582224425
    endloop
  endfacet
  facet normal -0.546948 3.6952e-17 -0.837166
    outer loop
      vertex -3.6994673061373784 -5.0138427418452611 -4.6523016537566102
      vertex -4.0636894297544455 -19.102470337245549 -4.4143434640387902
      vertex -3.9499015385057721 -4.7738312900054458 -4.4886848037258051
    endloop
  endfacet
  facet normal -0.992228 0.0879875 0.0879875
    outer loop
      vertex -3.9499015385057721 -4.7738312900054458 -4.4886848037258051
      vertex -3.9272413532588821 -4.5034894416387115 -4.5034894416387115
      vertex -3.9476821303365175 -4.6246443595261306 -4.6128436346441228
    endloop
  endfacet
  facet normal -0.992228 0.0879875 0.0879875
    outer loop
      vertex -3.9499229906188207 -4.4886707883608521 -4.7740872192412276
      vertex -3.9476821303365175 -4.6246443595261306 -4.6128436346441228
      vertex -3.9272413532588821 -4.5034894416387115 -4.5034894416387115
    endloop
  endfacet
  facet normal -0.546948 -0.837166 1.88588e-17
    outer loop
      vertex -3.6630729944193883 -4.6760792443280828 -5.0443975419975322
      vertex -3.9499229906188207 -4.4886707883608521 -4.7740872192412276
      vertex -2.4101725479178158 -5.4946399599303453 -19.110918581718863
    endloop
  endfacet
  facet normal -0.789141 -0.614213 0
    outer loop
      vertex -4.3326423125733076 -4.0687927931288899 -5.0218269584189335
      vertex -4.0636894297544455 -4.4143434640387902 -19.110918581718863
      vertex -4.0636894297544455 -4.4143434640387902 -4.4143434640387902
    endloop
  endfacet
  facet normal -0.539857 -0.826313 -0.1605
    outer loop
      vertex -2.3924782117940833 -5.4543009367289184 -19.378115294937455
      vertex -2.4101725479178158 -5.4946399599303453 -19.110918581718863
      vertex -4.0338557621464339 -4.3819354619288235 -19.378115294937455
    endloop
  endfacet
  facet normal -0.46889 -0.364952 -0.804334
    outer loop
      vertex -4.0338557621464339 -4.3819354619288235 -19.378115294937455
      vertex -4.4874887279171869 -2.4285074550610197 -20
      vertex -3.4558091291833928 -3.7540094306119522 -20
    endloop
  endfacet
  facet normal 0 0 -1
    outer loop
      vertex -3.4558091291833928 3.7540094306119522 -20
      vertex -4.4874887279171869 -2.4285074550610197 -20
      vertex -5.0328792924192536 -0.83983901457853127 -20
    endloop
  endfacet
  facet normal 0 0 -1
    outer loop
      vertex -5.0328792924192536 -0.83983901457853127 -20
      vertex -5.0328792924192536 0.83983901457853138 -20
      vertex -3.4558091291833928 3.7540094306119522 -20
    endloop
  endfacet
  facet normal -0.561984 0.192929 -0.804334
    outer loop
      vertex -5.8747194578741704 0.98031729230182496 -19.378115294937455
      vertex -4.4874887279171869 2.4285074550610197 -20
      vertex -5.0328792924192536 0.83983901457853138 -20
    endloop
  endfacet
  facet normal -0.987036 0 -0.1605
    outer loop
      vertex -5.8747194578741704 0.98031729230182496 -19.378115294937455
      vertex -5.9181678204163344 -0.98756754168440486 -19.110918581718863
      vertex -5.9181678204163344 0.98756754168440486 -19.110918581718863
    endloop
  endfacet
  facet normal -0.933556 -0.32049 -0.1605
    outer loop
      vertex -5.2381024489490207 -2.8347192870945159 -19.378115294937455
      vertex -5.2768425072389338 -2.8556843582224425 -19.11091858171886
      vertex -5.8747194578741704 -0.98031729230182496 -19.378115294937455
    endloop
  endfacet
  facet normal -1 0 0
    outer loop
      vertex -5.9181678204163344 -0.98756754168440486 -6.6051002758595052
      vertex -5.9181678204163344 -1.2613247961234145e-17 -6.8964843584205191
      vertex -5.9181678204163344 -0.98756754168440486 -19.110918581718863
    endloop
  endfacet
  facet normal -0.860879 -0.105006 -0.497857
    outer loop
      vertex -6.2604942952875113 -1.0714354466323908 -5.99547044954749
      vertex -5.9181678204163344 -0.98756754168440486 -6.6051002758595052
      vertex -5.8737710532950231 -1.116890906215787 -6.6545933268194668
    endloop
  endfacet
  facet normal -0.314787 -0.162399 -0.935166
    outer loop
      vertex -6.7770680179758944 -1.1270097608080987 -5.8119353332468897
      vertex -6.777295159534404 -1.1157459380934327 -5.8138149328199056
      vertex -6.2604942952875113 -1.0714354466323908 -5.99547044954749
    endloop
  endfacet
  facet normal 1.09585e-15 -0.164595 -0.986361
    outer loop
      vertex -6.7770680179758944 -1.1270097608080987 -5.8119353332468897
      vertex -19.102470337245556 0 -6
      vertex -6.777295159534404 -1.1157459380934327 -5.8138149328199056
    endloop
  endfacet
  facet normal -0.583613 -0.133656 -0.800957
    outer loop
      vertex -19.955950864665638 -1.7462711815877832 -5.0867141738057358
      vertex -19.102470337245556 0 -6
      vertex -19.102470337245556 -1.9481968152281035 -5.6749034502038072
    endloop
  endfacet
  facet normal -0.441045 -0.329327 -0.834879
    outer loop
      vertex -6.3175797731367913 -1.7046096295064521 -5.715550962320493
      vertex -5.855284928916098 -2.0859748516804197 -5.8093356049082372
      vertex -6.2126376856092209 -1.9481968152281037 -5.6749034502038072
    endloop
  endfacet
  facet normal -1.89992e-17 -0.475947 -0.879474
    outer loop
      vertex -5.9172322944382394 -3.1237407896549092 -5.0387308648806597
      vertex -19.102470337245556 -1.9481968152281035 -5.6749034502038072
      vertex -6.1834612174615904 -2.3204618630307476 -5.4734436809071898
    endloop
  endfacet
  facet normal -0.441045 -0.329327 -0.834879
    outer loop
      vertex -6.267218214856876 -2.1447284917207639 -5.5685458256043603
      vertex -6.2126376856092209 -1.9481968152281037 -5.6749034502038072
      vertex -5.855284928916098 -2.0859748516804197 -5.8093356049082372
    endloop
  endfacet
  facet normal -0.302994 -0.529295 -0.79249
    outer loop
      vertex -5.9172322944382394 -3.1237407896549092 -5.0387308648806597
      vertex -6.1834612174615904 -2.3204618630307476 -5.4734436809071898
      vertex -5.4445182700281798 -3.0076786994120361 -5.2969809309372078
    endloop
  endfacet
  facet normal -0.693833 -0.56053 -0.452108
    outer loop
      vertex -5.2768425072389338 -2.8556843582224425 -5.7427514027627824
      vertex -5.1139935124740017 -3.0649127509737659 -5.7332649525616048
      vertex -5.4445182700281798 -3.0076786994120361 -5.2969809309372078
    endloop
  endfacet
  facet normal -0.789141 -0.614213 -0
    outer loop
      vertex -5.2768425072389338 -2.8556843582224425 -5.7427514027627824
      vertex -5.2768425072389338 -2.8556843582224425 -19.11091858171886
      vertex -4.0636894297544455 -4.4143434640387902 -19.110918581718863
    endloop
  endfacet
  facet normal -0.945817 -0.324699 0
    outer loop
      vertex -5.5076007158044789 -2.1835086603075808 -6.4411260965864718
      vertex -5.8480013547341789 -1.1919554736817428 -6.633195001744058
      vertex -5.2768425072389338 -2.8556843582224425 -19.11091858171886
    endloop
  endfacet
  facet normal -0.737102 -0.598824 -0.313194
    outer loop
      vertex -5.3152295590532601 -2.7438666963304281 -5.8224735122091493
      vertex -5.855284928916098 -2.0859748516804197 -5.8093356049082372
      vertex -5.5076007158044789 -2.1835086603075808 -6.4411260965864718
    endloop
  endfacet
endsolid comp0
