solid OpenSCAD_Model
  facet normal -1 0 0
    outer loop
      vertex 0 5 1.4999999999999998
      vertex 0 1.4999999999999998 1.4999999999999998
      vertex 0 1.4999999999999998 6
    endloop
  endfacet
  facet normal -1 0 0
    outer loop
      vertex 0 5 1.4999999999999998
      vertex 0 1.4999999999999998 6
      vertex 0 1.4999999999999998 12
    endloop
  endfacet
  facet normal -1 0 0
    outer loop
      vertex 0 5 1.4999999999999998
      vertex 0 1.4999999999999998 12
      vertex 0 1.4999999999999998 18
    endloop
  endfacet
  facet normal -1 0 0
    outer loop
      vertex 0 5 1.4999999999999998
      vertex 0 1.4999999999999998 18
      vertex 0 1.4999999999999998 24
    endloop
  endfacet
  facet normal -1 0 0
    outer loop
      vertex 0 5 1.4999999999999998
      vertex 0 1.4999999999999998 24
      vertex 0 1.4999999999999998 28.5
    endloop
  endfacet
  facet normal -1 0 0
    outer loop
      vertex 0 5 1.4999999999999998
      vertex 0 1.4999999999999998 28.5
      vertex 0 5 28.5
    endloop
  endfacet
  facet normal -1 0 0
    outer loop
      vertex 0 5 1.4999999999999998
      vertex 0 5 28.5
      vertex 0 10 28.5
    endloop
  endfacet
  facet normal -1 0 0
    outer loop
      vertex 0 5 1.4999999999999998
      vertex 0 10 28.5
      vertex 0 15 28.5
    endloop
  endfacet
  facet normal -1 0 0
    outer loop
      vertex 0 5 1.4999999999999998
      vertex 0 15 28.5
      vertex 0 18.5 28.5
    endloop
  endfacet
  facet normal -1 0 0
    outer loop
      vertex 0 5 1.4999999999999998
      vertex 0 18.5 28.5
      vertex 0 18.5 24
    endloop
  endfacet
  facet normal -1 0 0
    outer loop
      vertex 0 5 1.4999999999999998
      vertex 0 18.5 24
      vertex 0 18.5 18
    endloop
  endfacet
  facet normal -1 0 0
    outer loop
      vertex 0 5 1.4999999999999998
      vertex 0 18.5 18
      vertex 0 18.5 12
    endloop
  endfacet
  facet normal -1 0 0
    outer loop
      vertex 0 5 1.4999999999999998
      vertex 0 18.5 12
      vertex 0 18.5 6
    endloop
  endfacet
  facet normal -1 0 0
    outer loop
      vertex 0 18.5 6
      vertex 0 18.5 1.4999999999999998
      vertex 0 15 1.4999999999999998
    endloop
  endfacet
  facet normal -1 0 0
    outer loop
      vertex 0 18.5 6
      vertex 0 15 1.4999999999999998
      vertex 0 10 1.4999999999999998
    endloop
  endfacet
  facet normal -1 0 0
    outer loop
      vertex 0 18.5 6
      vertex 0 10 1.4999999999999998
      vertex 0 5 1.4999999999999998
    endloop
  endfacet
  facet normal 0 -1 0
    outer loop
      vertex 38.5 0 4.5
      vertex 34.57142857142857 0 4.5
      vertex 1.4999999999999998 0 1.4999999999999998
    endloop
  endfacet
  facet normal 0 -1 0
    outer loop
      vertex 34.57142857142857 0 4.5
      vertex 29.142857142857142 0 4.5
      vertex 1.4999999999999998 0 1.4999999999999998
    endloop
  endfacet
  facet normal 0 -1 0
    outer loop
      vertex 29.142857142857142 0 4.5
      vertex 23.71428571428571 0 4.5
      vertex 1.4999999999999998 0 1.4999999999999998
    endloop
  endfacet
  facet normal 0 -1 0
    outer loop
      vertex 23.71428571428571 0 4.5
      vertex 18.285714285714285 0 4.5
      vertex 1.4999999999999998 0 1.4999999999999998
    endloop
  endfacet
  facet normal 0 -1 0
    outer loop
      vertex 18.285714285714285 0 4.5
      vertex 12.857142857142856 0 4.5
      vertex 1.4999999999999998 0 1.4999999999999998
    endloop
  endfacet
  facet normal 0 -1 0
    outer loop
      vertex 12.857142857142856 0 4.5
      vertex 7.428571428571428 0 4.5
      vertex 1.4999999999999998 0 1.4999999999999998
    endloop
  endfacet
  facet normal 0 -1 0
    outer loop
      vertex 1.4999999999999998 0 1.4999999999999998
      vertex 7.428571428571428 0 4.5
      vertex 3.5 0 4.5
    endloop
  endfacet
  facet normal 0 -1 0
    outer loop
      vertex 3.5 0 4.5
      vertex 0.5000000000000002 0 4.5
      vertex 1.4999999999999998 0 1.4999999999999998
    endloop
  endfacet
  facet normal 0 -1 0
    outer loop
      vertex 1.4999999999999998 0 1.4999999999999998
      vertex 5.7142857142857135 0 1.4999999999999998
      vertex 38.5 0 4.5
    endloop
  endfacet
  facet normal 0 -1 0
    outer loop
      vertex 5.7142857142857135 0 1.4999999999999998
      vertex 11.428571428571427 0 1.4999999999999998
      vertex 38.5 0 4.5
    endloop
  endfacet
  facet normal 0 -1 0
    outer loop
      vertex 11.428571428571427 0 1.4999999999999998
      vertex 17.142857142857142 0 1.4999999999999998
      vertex 38.5 0 4.5
    endloop
  endfacet
  facet normal 0 -1 0
    outer loop
      vertex 17.142857142857142 0 1.4999999999999998
      vertex 22.857142857142854 0 1.4999999999999998
      vertex 38.5 0 4.5
    endloop
  endfacet
  facet normal 0 -1 0
    outer loop
      vertex 22.857142857142854 0 1.4999999999999998
      vertex 28.571428571428573 0 1.4999999999999998
      vertex 38.5 0 4.5
    endloop
  endfacet
  facet normal 0 -1 0
    outer loop
      vertex 28.571428571428573 0 1.4999999999999998
      vertex 34.285714285714285 0 1.4999999999999998
      vertex 38.5 0 4.5
    endloop
  endfacet
  facet normal 0 -1 0
    outer loop
      vertex 34.285714285714285 0 1.4999999999999998
      vertex 38.5 0 1.4999999999999998
      vertex 38.5 0 4.5
    endloop
  endfacet
  facet normal 0 1 0
    outer loop
      vertex 1.4999999999999998 0 6
      vertex 1.4999999999999998 0 1.4999999999999998
      vertex 0.5000000000000002 0 4.5
    endloop
  endfacet
  facet normal 0 1 0
    outer loop
      vertex 1.4999999999999998 0 6
      vertex 0.5000000000000002 0 4.5
      vertex 0.5000000000000002 0 7.5
    endloop
  endfacet
  facet normal 0 1 0
    outer loop
      vertex 0.5000000000000002 0 7.5
      vertex 0.5000000000000002 0 12
      vertex 1.4999999999999998 0 6
    endloop
  endfacet
  facet normal 0 1 0
    outer loop
      vertex 0.5000000000000002 0 12
      vertex 0.5000000000000002 0 18
      vertex 1.4999999999999998 0 6
    endloop
  endfacet
  facet normal 0 1 0
    outer loop
      vertex 0.5000000000000002 0 18
      vertex 0.5000000000000002 0 24
      vertex 1.4999999999999998 0 6
    endloop
  endfacet
  facet normal 0 1 0
    outer loop
      vertex 0.5000000000000002 0 24
      vertex 0.5000000000000002 0 28.5
      vertex 1.4999999999999998 0 6
    endloop
  endfacet
  facet normal 0 1 0
    outer loop
      vertex 1.4999999999999998 0 28.5
      vertex 1.4999999999999998 0 24
      vertex 0.5000000000000002 0 28.5
    endloop
  endfacet
  facet normal 0 1 0
    outer loop
      vertex 1.4999999999999998 0 24
      vertex 1.4999999999999998 0 18
      vertex 0.5000000000000002 0 28.5
    endloop
  endfacet
  facet normal 0 1 0
    outer loop
      vertex 1.4999999999999998 0 18
      vertex 1.4999999999999998 0 12
      vertex 0.5000000000000002 0 28.5
    endloop
  endfacet
  facet normal 0 1 0
    outer loop
      vertex 1.4999999999999998 0 12
      vertex 1.4999999999999998 0 6
      vertex 0.5000000000000002 0 28.5
    endloop
  endfacet
  facet normal 0 0 -1
    outer loop
      vertex 5.7142857142857135 1.4999999999999998 0
      vertex 1.4999999999999998 1.4999999999999998 0
      vertex 1.4999999999999998 5 0
    endloop
  endfacet
  facet normal 0 0 -1
    outer loop
      vertex 5.7142857142857135 1.4999999999999998 0
      vertex 1.4999999999999998 5 0
      vertex 1.4999999999999998 10 0
    endloop
  endfacet
  facet normal 0 0 -1
    outer loop
      vertex 5.7142857142857135 1.4999999999999998 0
      vertex 1.4999999999999998 10 0
      vertex 1.4999999999999998 15 0
    endloop
  endfacet
  facet normal 0 0 -1
    outer loop
      vertex 5.7142857142857135 1.4999999999999998 0
      vertex 1.4999999999999998 15 0
      vertex 1.4999999999999998 18.5 0
    endloop
  endfacet
  facet normal 0 0 -1
    outer loop
      vertex 5.7142857142857135 1.4999999999999998 0
      vertex 1.4999999999999998 18.5 0
      vertex 2 18.5 0
    endloop
  endfacet
  facet normal 0 0 -1
    outer loop
      vertex 5.7142857142857135 1.4999999999999998 0
      vertex 2 18.5 0
      vertex 7.428571428571428 18.5 0
    endloop
  endfacet
  facet normal 0 0 -1
    outer loop
      vertex 5.7142857142857135 1.4999999999999998 0
      vertex 7.428571428571428 18.5 0
      vertex 12.857142857142856 18.5 0
    endloop
  endfacet
  facet normal 0 0 -1
    outer loop
      vertex 5.7142857142857135 1.4999999999999998 0
      vertex 12.857142857142856 18.5 0
      vertex 18.285714285714285 18.5 0
    endloop
  endfacet
  facet normal 0 0 -1
    outer loop
      vertex 5.7142857142857135 1.4999999999999998 0
      vertex 18.285714285714285 18.5 0
      vertex 23.71428571428571 18.5 0
    endloop
  endfacet
  facet normal 0 0 -1
    outer loop
      vertex 5.7142857142857135 1.4999999999999998 0
      vertex 23.71428571428571 18.5 0
      vertex 29.142857142857142 18.5 0
    endloop
  endfacet
  facet normal 0 0 -1
    outer loop
      vertex 5.7142857142857135 1.4999999999999998 0
      vertex 29.142857142857142 18.5 0
      vertex 34.57142857142857 18.5 0
    endloop
  endfacet
  facet normal 0 0 -1
    outer loop
      vertex 5.7142857142857135 1.4999999999999998 0
      vertex 34.57142857142857 18.5 0
      vertex 38.5 18.5 0
    endloop
  endfacet
  facet normal 0 0 -1
    outer loop
      vertex 5.7142857142857135 1.4999999999999998 0
      vertex 38.5 18.5 0
      vertex 38.5 15 0
    endloop
  endfacet
  facet normal 0 0 -1
    outer loop
      vertex 5.7142857142857135 1.4999999999999998 0
      vertex 38.5 15 0
      vertex 38.5 10 0
    endloop
  endfacet
  facet normal 0 0 -1
    outer loop
      vertex 5.7142857142857135 1.4999999999999998 0
      vertex 38.5 10 0
      vertex 38.5 5 0
    endloop
  endfacet
  facet normal 0 0 -1
    outer loop
      vertex 38.5 5 0
      vertex 38.5 1.4999999999999998 0
      vertex 34.285714285714285 1.4999999999999998 0
    endloop
  endfacet
  facet normal 0 0 -1
    outer loop
      vertex 38.5 5 0
      vertex 34.285714285714285 1.4999999999999998 0
      vertex 28.571428571428573 1.4999999999999998 0
    endloop
  endfacet
  facet normal 0 0 -1
    outer loop
      vertex 38.5 5 0
      vertex 28.571428571428573 1.4999999999999998 0
      vertex 22.857142857142854 1.4999999999999998 0
    endloop
  endfacet
  facet normal 0 0 -1
    outer loop
      vertex 38.5 5 0
      vertex 22.857142857142854 1.4999999999999998 0
      vertex 17.142857142857142 1.4999999999999998 0
    endloop
  endfacet
  facet normal 0 0 -1
    outer loop
      vertex 38.5 5 0
      vertex 17.142857142857142 1.4999999999999998 0
      vertex 11.428571428571427 1.4999999999999998 0
    endloop
  endfacet
  facet normal 0 0 -1
    outer loop
      vertex 38.5 5 0
      vertex 11.428571428571427 1.4999999999999998 0
      vertex 5.7142857142857135 1.4999999999999998 0
    endloop
  endfacet
  facet normal 0 0 1
    outer loop
      vertex 3.5 5 6
      vertex 3.5 1.4999999999999998 6
      vertex 7.428571428571428 1.4999999999999998 6
    endloop
  endfacet
  facet normal 0 0 1
    outer loop
      vertex 3.5 5 6
      vertex 7.428571428571428 1.4999999999999998 6
      vertex 12.857142857142856 1.4999999999999998 6
    endloop
  endfacet
  facet normal 0 0 1
    outer loop
      vertex 3.5 5 6
      vertex 12.857142857142856 1.4999999999999998 6
      vertex 18.285714285714285 1.4999999999999998 6
    endloop
  endfacet
  facet normal 0 0 1
    outer loop
      vertex 3.5 5 6
      vertex 18.285714285714285 1.4999999999999998 6
      vertex 23.71428571428571 1.4999999999999998 6
    endloop
  endfacet
  facet normal 0 0 1
    outer loop
      vertex 3.5 5 6
      vertex 23.71428571428571 1.4999999999999998 6
      vertex 29.142857142857142 1.4999999999999998 6
    endloop
  endfacet
  facet normal 0 0 1
    outer loop
      vertex 3.5 5 6
      vertex 29.142857142857142 1.4999999999999998 6
      vertex 34.57142857142857 1.4999999999999998 6
    endloop
  endfacet
  facet normal 0 0 1
    outer loop
      vertex 3.5 5 6
      vertex 34.57142857142857 1.4999999999999998 6
      vertex 38.5 1.4999999999999998 6
    endloop
  endfacet
  facet normal 0 0 1
    outer loop
      vertex 3.5 5 6
      vertex 38.5 1.4999999999999998 6
      vertex 38.5 5 6
    endloop
  endfacet
  facet normal 0 0 1
    outer loop
      vertex 3.5 5 6
      vertex 38.5 5 6
      vertex 38.5 10 6
    endloop
  endfacet
  facet normal 0 0 1
    outer loop
      vertex 3.5 5 6
      vertex 38.5 10 6
      vertex 38.5 15 6
    endloop
  endfacet
  facet normal 0 0 1
    outer loop
      vertex 3.5 5 6
      vertex 38.5 15 6
      vertex 38.5 18.5 6
    endloop
  endfacet
  facet normal 0 0 1
    outer loop
      vertex 3.5 5 6
      vertex 38.5 18.5 6
      vertex 34.57142857142857 18.5 6
    endloop
  endfacet
  facet normal 0 0 1
    outer loop
      vertex 3.5 5 6
      vertex 34.57142857142857 18.5 6
      vertex 29.142857142857142 18.5 6
    endloop
  endfacet
  facet normal 0 0 1
    outer loop
      vertex 3.5 5 6
      vertex 29.142857142857142 18.5 6
      vertex 23.71428571428571 18.5 6
    endloop
  endfacet
  facet normal 0 0 1
    outer loop
      vertex 3.5 5 6
      vertex 23.71428571428571 18.5 6
      vertex 18.285714285714285 18.5 6
    endloop
  endfacet
  facet normal 0 0 1
    outer loop
      vertex 3.5 5 6
      vertex 18.285714285714285 18.5 6
      vertex 12.857142857142856 18.5 6
    endloop
  endfacet
  facet normal 0 0 1
    outer loop
      vertex 3.5 5 6
      vertex 12.857142857142856 18.5 6
      vertex 7.428571428571428 18.5 6
    endloop
  endfacet
  facet normal 0 0 1
    outer loop
      vertex 7.428571428571428 18.5 6
      vertex 3.5 18.5 6
      vertex 3.5 15 6
    endloop
  endfacet
  facet normal 0 0 1
    outer loop
      vertex 7.428571428571428 18.5 6
      vertex 3.5 15 6
      vertex 3.5 10 6
    endloop
  endfacet
  facet normal 0 0 1
    outer loop
      vertex 7.428571428571428 18.5 6
      vertex 3.5 10 6
      vertex 3.5 5 6
    endloop
  endfacet
  facet normal 1 0 0
    outer loop
      vertex 40 1.4999999999999998 4.5
      vertex 40 1.4999999999999998 1.4999999999999998
      vertex 40 5 1.4999999999999998
    endloop
  endfacet
  facet normal 1 0 0
    outer loop
      vertex 40 1.4999999999999998 4.5
      vertex 40 5 1.4999999999999998
      vertex 40 10 1.4999999999999998
    endloop
  endfacet
  facet normal 1 0 0
    outer loop
      vertex 40 1.4999999999999998 4.5
      vertex 40 10 1.4999999999999998
      vertex 40 15 1.4999999999999998
    endloop
  endfacet
  facet normal 1 0 0
    outer loop
      vertex 40 1.4999999999999998 4.5
      vertex 40 15 1.4999999999999998
      vertex 40 18.5 1.4999999999999998
    endloop
  endfacet
  facet normal 1 0 0
    outer loop
      vertex 40 18.5 1.4999999999999998
      vertex 40 18.5 4.5
      vertex 40 15 4.5
    endloop
  endfacet
  facet normal 1 0 0
    outer loop
      vertex 40 18.5 1.4999999999999998
      vertex 40 15 4.5
      vertex 40 10 4.5
    endloop
  endfacet
  facet normal 1 0 0
    outer loop
      vertex 40 18.5 1.4999999999999998
      vertex 40 10 4.5
      vertex 40 5 4.5
    endloop
  endfacet
  facet normal 1 0 0
    outer loop
      vertex 40 18.5 1.4999999999999998
      vertex 40 5 4.5
      vertex 40 1.4999999999999998 4.5
    endloop
  endfacet
  facet normal 0 1 0
    outer loop
      vertex 38.5 20 1.4999999999999998
      vertex 0.5000000000000002 20 4.5
      vertex 3.5 20 4.5
    endloop
  endfacet
  facet normal 0 1 0
    outer loop
      vertex 3.5 20 4.5
      vertex 7.428571428571428 20 4.5
      vertex 38.5 20 1.4999999999999998
    endloop
  endfacet
  facet normal 0 1 0
    outer loop
      vertex 7.428571428571428 20 4.5
      vertex 12.857142857142856 20 4.5
      vertex 38.5 20 1.4999999999999998
    endloop
  endfacet
  facet normal 0 1 0
    outer loop
      vertex 12.857142857142856 20 4.5
      vertex 18.285714285714285 20 4.5
      vertex 38.5 20 1.4999999999999998
    endloop
  endfacet
  facet normal 0 1 0
    outer loop
      vertex 18.285714285714285 20 4.5
      vertex 23.71428571428571 20 4.5
      vertex 38.5 20 1.4999999999999998
    endloop
  endfacet
  facet normal 0 1 0
    outer loop
      vertex 23.71428571428571 20 4.5
      vertex 29.142857142857142 20 4.5
      vertex 38.5 20 1.4999999999999998
    endloop
  endfacet
  facet normal 0 1 0
    outer loop
      vertex 29.142857142857142 20 4.5
      vertex 34.57142857142857 20 4.5
      vertex 38.5 20 1.4999999999999998
    endloop
  endfacet
  facet normal 0 1 0
    outer loop
      vertex 34.57142857142857 20 4.5
      vertex 38.5 20 4.5
      vertex 38.5 20 1.4999999999999998
    endloop
  endfacet
  facet normal 0 1 0
    outer loop
      vertex 2 20 1.4999999999999998
      vertex 1.4999999999999998 20 1.4999999999999998
      vertex 1.4999999999999998 20 6
    endloop
  endfacet
  facet normal 0 1 0
    outer loop
      vertex 38.5 20 1.4999999999999998
      vertex 34.57142857142857 20 1.4999999999999998
      vertex 0.5000000000000002 20 4.5
    endloop
  endfacet
  facet normal 0 1 0
    outer loop
      vertex 34.57142857142857 20 1.4999999999999998
      vertex 29.142857142857142 20 1.4999999999999998
      vertex 0.5000000000000002 20 4.5
    endloop
  endfacet
  facet normal 0 1 0
    outer loop
      vertex 29.142857142857142 20 1.4999999999999998
      vertex 23.71428571428571 20 1.4999999999999998
      vertex 0.5000000000000002 20 4.5
    endloop
  endfacet
  facet normal 0 1 0
    outer loop
      vertex 23.71428571428571 20 1.4999999999999998
      vertex 18.285714285714285 20 1.4999999999999998
      vertex 0.5000000000000002 20 4.5
    endloop
  endfacet
  facet normal 0 1 0
    outer loop
      vertex 18.285714285714285 20 1.4999999999999998
      vertex 12.857142857142856 20 1.4999999999999998
      vertex 0.5000000000000002 20 4.5
    endloop
  endfacet
  facet normal 0 1 0
    outer loop
      vertex 12.857142857142856 20 1.4999999999999998
      vertex 7.428571428571428 20 1.4999999999999998
      vertex 0.5000000000000002 20 4.5
    endloop
  endfacet
  facet normal 0 1 0
    outer loop
      vertex 7.428571428571428 20 1.4999999999999998
      vertex 2 20 1.4999999999999998
      vertex 0.5000000000000002 20 4.5
    endloop
  endfacet
  facet normal 0 -1 0
    outer loop
      vertex 0.5000000000000002 20 4.5
      vertex 2 20 1.4999999999999998
      vertex 1.4999999999999998 20 6
    endloop
  endfacet
  facet normal 0 -1 0
    outer loop
      vertex 1.4999999999999998 20 6
      vertex 1.4999999999999998 20 12
      vertex 0.5000000000000002 20 4.5
    endloop
  endfacet
  facet normal 0 -1 0
    outer loop
      vertex 1.4999999999999998 20 12
      vertex 1.4999999999999998 20 18
      vertex 0.5000000000000002 20 4.5
    endloop
  endfacet
  facet normal 0 -1 0
    outer loop
      vertex 1.4999999999999998 20 18
      vertex 1.4999999999999998 20 24
      vertex 0.5000000000000002 20 4.5
    endloop
  endfacet
  facet normal 0 -1 0
    outer loop
      vertex 1.4999999999999998 20 24
      vertex 1.4999999999999998 20 28.5
      vertex 0.5000000000000002 20 4.5
    endloop
  endfacet
  facet normal 0 -1 0
    outer loop
      vertex 0.5000000000000002 20 28.5
      vertex 0.5000000000000002 20 24
      vertex 1.4999999999999998 20 28.5
    endloop
  endfacet
  facet normal 0 -1 0
    outer loop
      vertex 0.5000000000000002 20 24
      vertex 0.5000000000000002 20 18
      vertex 1.4999999999999998 20 28.5
    endloop
  endfacet
  facet normal 0 -1 0
    outer loop
      vertex 0.5000000000000002 20 18
      vertex 0.5000000000000002 20 12
      vertex 1.4999999999999998 20 28.5
    endloop
  endfacet
  facet normal 0 -1 0
    outer loop
      vertex 1.4999999999999998 20 28.5
      vertex 0.5000000000000002 20 12
      vertex 0.5000000000000002 20 7.5
    endloop
  endfacet
  facet normal 0 -1 0
    outer loop
      vertex 0.5000000000000002 20 7.5
      vertex 0.5000000000000002 20 4.5
      vertex 1.4999999999999998 20 28.5
    endloop
  endfacet
  facet normal 1 0 0
    outer loop
      vertex 2 1.4999999999999998 12
      vertex 2 1.4999999999999998 7.5
      vertex 2 5 7.5
    endloop
  endfacet
  facet normal 1 0 0
    outer loop
      vertex 2 1.4999999999999998 12
      vertex 2 5 7.5
      vertex 2 10 7.5
    endloop
  endfacet
  facet normal 1 0 0
    outer loop
      vertex 2 1.4999999999999998 12
      vertex 2 10 7.5
      vertex 2 15 7.5
    endloop
  endfacet
  facet normal 1 0 0
    outer loop
      vertex 2 1.4999999999999998 12
      vertex 2 15 7.5
      vertex 2 18.5 7.5
    endloop
  endfacet
  facet normal 1 0 0
    outer loop
      vertex 2 1.4999999999999998 12
      vertex 2 18.5 7.5
      vertex 2 18.5 12
    endloop
  endfacet
  facet normal 1 0 0
    outer loop
      vertex 2 1.4999999999999998 12
      vertex 2 18.5 12
      vertex 2 18.5 18
    endloop
  endfacet
  facet normal 1 0 0
    outer loop
      vertex 2 1.4999999999999998 12
      vertex 2 18.5 18
      vertex 2 18.5 24
    endloop
  endfacet
  facet normal 1 0 0
    outer loop
      vertex 2 1.4999999999999998 12
      vertex 2 18.5 24
      vertex 2 18.5 28.5
    endloop
  endfacet
  facet normal 1 0 0
    outer loop
      vertex 2 1.4999999999999998 12
      vertex 2 18.5 28.5
      vertex 2 15 28.5
    endloop
  endfacet
  facet normal 1 0 0
    outer loop
      vertex 2 1.4999999999999998 12
      vertex 2 15 28.5
      vertex 2 10 28.5
    endloop
  endfacet
  facet normal 1 0 0
    outer loop
      vertex 2 1.4999999999999998 12
      vertex 2 10 28.5
      vertex 2 5 28.5
    endloop
  endfacet
  facet normal 1 0 0
    outer loop
      vertex 2 5 28.5
      vertex 2 1.4999999999999998 28.5
      vertex 2 1.4999999999999998 24
    endloop
  endfacet
  facet normal 1 0 0
    outer loop
      vertex 2 5 28.5
      vertex 2 1.4999999999999998 24
      vertex 2 1.4999999999999998 18
    endloop
  endfacet
  facet normal 1 0 0
    outer loop
      vertex 2 5 28.5
      vertex 2 1.4999999999999998 18
      vertex 2 1.4999999999999998 12
    endloop
  endfacet
  facet normal 0 0 -1
    outer loop
      vertex 1.4999999999999998 18.5 30
      vertex 1.4999999999999998 15 30
      vertex 0.5000000000000002 1.4999999999999998 30
    endloop
  endfacet
  facet normal 0 0 -1
    outer loop
      vertex 1.4999999999999998 15 30
      vertex 1.4999999999999998 10 30
      vertex 0.5000000000000002 1.4999999999999998 30
    endloop
  endfacet
  facet normal 0 0 -1
    outer loop
      vertex 1.4999999999999998 10 30
      vertex 1.4999999999999998 5 30
      vertex 0.5000000000000002 1.4999999999999998 30
    endloop
  endfacet
  facet normal 0 0 -1
    outer loop
      vertex 1.4999999999999998 5 30
      vertex 1.4999999999999998 1.4999999999999998 30
      vertex 0.5000000000000002 1.4999999999999998 30
    endloop
  endfacet
  facet normal 0 0 -1
    outer loop
      vertex 0.5000000000000002 1.4999999999999998 30
      vertex 0.5000000000000002 5 30
      vertex 1.4999999999999998 18.5 30
    endloop
  endfacet
  facet normal 0 0 -1
    outer loop
      vertex 0.5000000000000002 5 30
      vertex 0.5000000000000002 10 30
      vertex 1.4999999999999998 18.5 30
    endloop
  endfacet
  facet normal 0 0 -1
    outer loop
      vertex 0.5000000000000002 10 30
      vertex 0.5000000000000002 15 30
      vertex 1.4999999999999998 18.5 30
    endloop
  endfacet
  facet normal 0 0 -1
    outer loop
      vertex 0.5000000000000002 15 30
      vertex 0.5000000000000002 18.5 30
      vertex 1.4999999999999998 18.5 30
    endloop
  endfacet
  facet normal -0.9238795325112867 -0.38268343236508967 0
    outer loop
      vertex 0 1.4999999999999998 1.4999999999999998
      vertex 0.4393398282201786 0.4393398282201786 6
      vertex 0 1.4999999999999998 6
    endloop
  endfacet
  facet normal -0.9238795325112867 -0.38268343236508967 -3.7672354182449486e-18
    outer loop
      vertex 0 1.4999999999999998 1.4999999999999998
      vertex 0.4393398282201786 0.4393398282201786 1.4999999999999998
      vertex 0.4393398282201786 0.4393398282201786 6
    endloop
  endfacet
  facet normal -0.38268343236508967 -0.9238795325112867 0
    outer loop
      vertex 0.4393398282201786 0.4393398282201786 1.4999999999999998
      vertex 1.4999999999999998 0 6
      vertex 0.4393398282201786 0.4393398282201786 6
    endloop
  endfacet
  facet normal -0.38268343236508967 -0.9238795325112867 -3.7672354182449486e-18
    outer loop
      vertex 0.4393398282201786 0.4393398282201786 1.4999999999999998
      vertex 1.4999999999999998 0 1.4999999999999998
      vertex 1.4999999999999998 0 6
    endloop
  endfacet
  facet normal -0.9238795325112866 0 -0.38268343236508967
    outer loop
      vertex 0 1.4999999999999998 1.4999999999999998
      vertex 0 5 1.4999999999999998
      vertex 0.4393398282201786 5 0.4393398282201786
    endloop
  endfacet
  facet normal -0.9238795325112866 -4.843588394886362e-18 -0.38268343236508967
    outer loop
      vertex 0 1.4999999999999998 1.4999999999999998
      vertex 0.4393398282201786 5 0.4393398282201786
      vertex 0.4393398282201786 1.4999999999999998 0.4393398282201786
    endloop
  endfacet
  facet normal -0.38268343236508967 0 -0.9238795325112866
    outer loop
      vertex 0.4393398282201786 1.4999999999999998 0.4393398282201786
      vertex 0.4393398282201786 5 0.4393398282201786
      vertex 1.4999999999999998 5 0
    endloop
  endfacet
  facet normal -0.38268343236508967 -4.843588394886362e-18 -0.9238795325112866
    outer loop
      vertex 0.4393398282201786 1.4999999999999998 0.4393398282201786
      vertex 1.4999999999999998 5 0
      vertex 1.4999999999999998 1.4999999999999998 0
    endloop
  endfacet
  facet normal 0 -0.3826834323650897 -0.9238795325112868
    outer loop
      vertex 1.4999999999999998 1.4999999999999998 0
      vertex 5.7142857142857135 1.4999999999999998 0
      vertex 5.7142857142857135 0.4393398282201786 0.4393398282201786
    endloop
  endfacet
  facet normal -4.022641209312404e-18 -0.3826834323650897 -0.9238795325112868
    outer loop
      vertex 1.4999999999999998 1.4999999999999998 0
      vertex 5.7142857142857135 0.4393398282201786 0.4393398282201786
      vertex 1.4999999999999998 0.4393398282201786 0.4393398282201786
    endloop
  endfacet
  facet normal 0 -0.9238795325112868 -0.3826834323650897
    outer loop
      vertex 1.4999999999999998 0.4393398282201786 0.4393398282201786
      vertex 5.7142857142857135 0.4393398282201786 0.4393398282201786
      vertex 5.7142857142857135 0 1.4999999999999998
    endloop
  endfacet
  facet normal -4.022641209312404e-18 -0.9238795325112868 -0.3826834323650897
    outer loop
      vertex 1.4999999999999998 0.4393398282201786 0.4393398282201786
      vertex 5.7142857142857135 0 1.4999999999999998
      vertex 1.4999999999999998 0 1.4999999999999998
    endloop
  endfacet
  facet normal -0.9238795325112867 -0.38268343236508967 0
    outer loop
      vertex 0 1.4999999999999998 6
      vertex 0.4393398282201786 0.4393398282201786 12
      vertex 0 1.4999999999999998 12
    endloop
  endfacet
  facet normal -0.9238795325112867 -0.38268343236508967 -2.825426563683711e-18
    outer loop
      vertex 0 1.4999999999999998 6
      vertex 0.4393398282201786 0.4393398282201786 6
      vertex 0.4393398282201786 0.4393398282201786 12
    endloop
  endfacet
  facet normal -0.38268343236508967 -0.9238795325112867 0
    outer loop
      vertex 0.4393398282201786 0.4393398282201786 6
      vertex 1.4999999999999998 0 12
      vertex 0.4393398282201786 0.4393398282201786 12
    endloop
  endfacet
  facet normal -0.38268343236508967 -0.9238795325112867 -2.825426563683711e-18
    outer loop
      vertex 0.4393398282201786 0.4393398282201786 6
      vertex 1.4999999999999998 0 6
      vertex 1.4999999999999998 0 12
    endloop
  endfacet
  facet normal 0.9238795325112867 -0.38268343236508967 0
    outer loop
      vertex 2 1.4999999999999998 7.5
      vertex 2 1.4999999999999998 12
      vertex 1.5606601717798214 0.4393398282201786 12
    endloop
  endfacet
  facet normal 0.9238795325112867 -0.38268343236508967 3.7672354182449486e-18
    outer loop
      vertex 2 1.4999999999999998 7.5
      vertex 1.5606601717798214 0.4393398282201786 12
      vertex 1.5606601717798214 0.4393398282201786 7.5
    endloop
  endfacet
  facet normal 0.38268343236508967 -0.9238795325112867 0
    outer loop
      vertex 1.5606601717798214 0.4393398282201786 7.5
      vertex 1.5606601717798214 0.4393398282201786 12
      vertex 0.5000000000000002 0 12
    endloop
  endfacet
  facet normal 0.38268343236508967 -0.9238795325112867 3.7672354182449486e-18
    outer loop
      vertex 1.5606601717798214 0.4393398282201786 7.5
      vertex 0.5000000000000002 0 12
      vertex 0.5000000000000002 0 7.5
    endloop
  endfacet
  facet normal 0.3826834323650901 0 0.9238795325112866
    outer loop
      vertex 3.5 1.4999999999999998 6
      vertex 3.5 5 6
      vertex 2.439339828220179 5 6.439339828220179
    endloop
  endfacet
  facet normal 0.3826834323650901 -1.0848283383510748e-18 0.9238795325112866
    outer loop
      vertex 3.5 1.4999999999999998 6
      vertex 2.439339828220179 5 6.439339828220179
      vertex 2.439339828220179 1.4999999999999998 6.439339828220179
    endloop
  endfacet
  facet normal 0.9238795325112866 0 0.3826834323650901
    outer loop
      vertex 2.439339828220179 1.4999999999999998 6.439339828220179
      vertex 2.439339828220179 5 6.439339828220179
      vertex 2 5 7.5
    endloop
  endfacet
  facet normal 0.9238795325112866 -1.0848283383510748e-18 0.3826834323650901
    outer loop
      vertex 2.439339828220179 1.4999999999999998 6.439339828220179
      vertex 2 5 7.5
      vertex 2 1.4999999999999998 7.5
    endloop
  endfacet
  facet normal 0 -0.9238795325112866 0.3826834323650897
    outer loop
      vertex 3.5 0 4.5
      vertex 7.428571428571428 0 4.5
      vertex 7.428571428571428 0.4393398282201786 5.560660171779821
    endloop
  endfacet
  facet normal -5.00632090708067e-18 -0.9238795325112866 0.3826834323650897
    outer loop
      vertex 3.5 0 4.5
      vertex 7.428571428571428 0.4393398282201786 5.560660171779821
      vertex 3.5 0.4393398282201786 5.560660171779821
    endloop
  endfacet
  facet normal 0 -0.38268343236509006 0.9238795325112866
    outer loop
      vertex 3.5 0.4393398282201786 5.560660171779821
      vertex 7.428571428571428 0.4393398282201786 5.560660171779821
      vertex 7.428571428571428 1.4999999999999998 6
    endloop
  endfacet
  facet normal -2.0199187391839466e-18 -0.38268343236509006 0.9238795325112866
    outer loop
      vertex 3.5 0.4393398282201786 5.560660171779821
      vertex 7.428571428571428 1.4999999999999998 6
      vertex 3.5 1.4999999999999998 6
    endloop
  endfacet
  facet normal 0 0.38268343236508867 -0.9238795325112872
    outer loop
      vertex 1.4999999999999998 1.4999999999999998 30
      vertex 0.5000000000000002 0.4393398282201786 29.560660171779823
      vertex 0.5000000000000002 1.4999999999999998 30
    endloop
  endfacet
  facet normal -5.088663113092913e-18 0.38268343236508867 -0.9238795325112872
    outer loop
      vertex 1.4999999999999998 1.4999999999999998 30
      vertex 1.4999999999999998 0.4393398282201786 29.560660171779823
      vertex 0.5000000000000002 0.4393398282201786 29.560660171779823
    endloop
  endfacet
  facet normal 0 0.923879532511287 -0.38268343236508917
    outer loop
      vertex 1.4999999999999998 0.4393398282201786 29.560660171779823
      vertex 0.5000000000000002 0 28.5
      vertex 0.5000000000000002 0.4393398282201786 29.560660171779823
    endloop
  endfacet
  facet normal -1.6820957344116073e-17 0.923879532511287 -0.38268343236508917
    outer loop
      vertex 1.4999999999999998 0.4393398282201786 29.560660171779823
      vertex 1.4999999999999998 0 28.5
      vertex 0.5000000000000002 0 28.5
    endloop
  endfacet
  facet normal -0.9238795325112867 -0.38268343236508967 0
    outer loop
      vertex 0 1.4999999999999998 28.5
      vertex 0 1.4999999999999998 24
      vertex 0.4393398282201786 0.4393398282201786 24
    endloop
  endfacet
  facet normal -0.9238795325112867 -0.38268343236508967 -3.7672354182449486e-18
    outer loop
      vertex 0 1.4999999999999998 28.5
      vertex 0.4393398282201786 0.4393398282201786 24
      vertex 0.4393398282201786 0.4393398282201786 28.5
    endloop
  endfacet
  facet normal -0.38268343236508967 -0.9238795325112867 0
    outer loop
      vertex 0.4393398282201786 0.4393398282201786 28.5
      vertex 0.4393398282201786 0.4393398282201786 24
      vertex 1.4999999999999998 0 24
    endloop
  endfacet
  facet normal -0.38268343236508967 -0.9238795325112867 -3.7672354182449486e-18
    outer loop
      vertex 0.4393398282201786 0.4393398282201786 28.5
      vertex 1.4999999999999998 0 24
      vertex 1.4999999999999998 0 28.5
    endloop
  endfacet
  facet normal -0.38268343236508867 0 0.9238795325112871
    outer loop
      vertex 1.4999999999999998 1.4999999999999998 30
      vertex 1.4999999999999998 5 30
      vertex 0.4393398282201786 5 29.560660171779823
    endloop
  endfacet
  facet normal -0.38268343236508867 -1.4539037465979743e-18 0.9238795325112871
    outer loop
      vertex 1.4999999999999998 1.4999999999999998 30
      vertex 0.4393398282201786 5 29.560660171779823
      vertex 0.4393398282201786 1.4999999999999998 29.560660171779823
    endloop
  endfacet
  facet normal -0.923879532511287 0 0.3826834323650892
    outer loop
      vertex 0.4393398282201786 1.4999999999999998 29.560660171779823
      vertex 0.4393398282201786 5 29.560660171779823
      vertex 0 5 28.5
    endloop
  endfacet
  facet normal -0.923879532511287 -4.805987812604591e-18 0.3826834323650892
    outer loop
      vertex 0.4393398282201786 1.4999999999999998 29.560660171779823
      vertex 0 5 28.5
      vertex 0 1.4999999999999998 28.5
    endloop
  endfacet
  facet normal 0.9238795325112867 -0.38268343236508967 0
    outer loop
      vertex 2 1.4999999999999998 28.5
      vertex 1.5606601717798214 0.4393398282201786 24
      vertex 2 1.4999999999999998 24
    endloop
  endfacet
  facet normal 0.9238795325112867 -0.38268343236508967 3.7672354182449486e-18
    outer loop
      vertex 2 1.4999999999999998 28.5
      vertex 1.5606601717798214 0.4393398282201786 28.5
      vertex 1.5606601717798214 0.4393398282201786 24
    endloop
  endfacet
  facet normal 0.38268343236508967 -0.9238795325112867 0
    outer loop
      vertex 1.5606601717798214 0.4393398282201786 28.5
      vertex 0.5000000000000002 0 24
      vertex 1.5606601717798214 0.4393398282201786 24
    endloop
  endfacet
  facet normal 0.38268343236508967 -0.9238795325112867 3.7672354182449486e-18
    outer loop
      vertex 1.5606601717798214 0.4393398282201786 28.5
      vertex 0.5000000000000002 0 28.5
      vertex 0.5000000000000002 0 24
    endloop
  endfacet
  facet normal 0.923879532511287 0 0.3826834323650892
    outer loop
      vertex 2 1.4999999999999998 28.5
      vertex 2 5 28.5
      vertex 1.5606601717798214 5 29.560660171779823
    endloop
  endfacet
  facet normal 0.923879532511287 4.805987812604591e-18 0.3826834323650892
    outer loop
      vertex 2 1.4999999999999998 28.5
      vertex 1.5606601717798214 5 29.560660171779823
      vertex 1.5606601717798214 1.4999999999999998 29.560660171779823
    endloop
  endfacet
  facet normal 0.38268343236508867 0 0.9238795325112871
    outer loop
      vertex 1.5606601717798214 1.4999999999999998 29.560660171779823
      vertex 1.5606601717798214 5 29.560660171779823
      vertex 0.5000000000000002 5 30
    endloop
  endfacet
  facet normal 0.38268343236508867 1.4539037465979743e-18 0.9238795325112871
    outer loop
      vertex 1.5606601717798214 1.4999999999999998 29.560660171779823
      vertex 0.5000000000000002 5 30
      vertex 0.5000000000000002 1.4999999999999998 30
    endloop
  endfacet
  facet normal 0 0.3826834323650893 -0.923879532511287
    outer loop
      vertex 1.4999999999999998 18.5 0
      vertex 2 19.560660171779823 0.4393398282201786
      vertex 2 18.5 0
    endloop
  endfacet
  facet normal -3.364191468823212e-17 0.3826834323650893 -0.923879532511287
    outer loop
      vertex 1.4999999999999998 18.5 0
      vertex 1.4999999999999998 19.560660171779823 0.4393398282201786
      vertex 2 19.560660171779823 0.4393398282201786
    endloop
  endfacet
  facet normal 0 0.9238795325112873 -0.3826834323650888
    outer loop
      vertex 1.4999999999999998 19.560660171779823 0.4393398282201786
      vertex 2 20 1.4999999999999998
      vertex 2 19.560660171779823 0.4393398282201786
    endloop
  endfacet
  facet normal -1.0177326226185818e-17 0.9238795325112873 -0.3826834323650888
    outer loop
      vertex 1.4999999999999998 19.560660171779823 0.4393398282201786
      vertex 1.4999999999999998 20 1.4999999999999998
      vertex 2 20 1.4999999999999998
    endloop
  endfacet
  facet normal -0.923879532511287 0.3826834323650892 0
    outer loop
      vertex 0 18.5 1.4999999999999998
      vertex 0 18.5 6
      vertex 0.4393398282201786 19.560660171779823 6
    endloop
  endfacet
  facet normal -0.923879532511287 0.3826834323650892 -3.737990520914681e-18
    outer loop
      vertex 0 18.5 1.4999999999999998
      vertex 0.4393398282201786 19.560660171779823 6
      vertex 0.4393398282201786 19.560660171779823 1.4999999999999998
    endloop
  endfacet
  facet normal -0.3826834323650887 0.9238795325112872 0
    outer loop
      vertex 0.4393398282201786 19.560660171779823 1.4999999999999998
      vertex 0.4393398282201786 19.560660171779823 6
      vertex 1.4999999999999998 20 6
    endloop
  endfacet
  facet normal -0.3826834323650887 0.9238795325112872 -1.1308140251317579e-18
    outer loop
      vertex 0.4393398282201786 19.560660171779823 1.4999999999999998
      vertex 1.4999999999999998 20 6
      vertex 1.4999999999999998 20 1.4999999999999998
    endloop
  endfacet
  facet normal -0.9238795325112866 0 -0.38268343236508967
    outer loop
      vertex 0 18.5 1.4999999999999998
      vertex 0.4393398282201786 15 0.4393398282201786
      vertex 0 15 1.4999999999999998
    endloop
  endfacet
  facet normal -0.9238795325112866 -4.843588394886362e-18 -0.38268343236508967
    outer loop
      vertex 0 18.5 1.4999999999999998
      vertex 0.4393398282201786 18.5 0.4393398282201786
      vertex 0.4393398282201786 15 0.4393398282201786
    endloop
  endfacet
  facet normal -0.38268343236508967 0 -0.9238795325112866
    outer loop
      vertex 0.4393398282201786 18.5 0.4393398282201786
      vertex 1.4999999999999998 15 0
      vertex 0.4393398282201786 15 0.4393398282201786
    endloop
  endfacet
  facet normal -0.38268343236508967 -4.843588394886362e-18 -0.9238795325112866
    outer loop
      vertex 0.4393398282201786 18.5 0.4393398282201786
      vertex 1.4999999999999998 18.5 0
      vertex 1.4999999999999998 15 0
    endloop
  endfacet
  facet normal 0 0.38268343236508917 -0.9238795325112868
    outer loop
      vertex 2 18.5 0
      vertex 7.428571428571428 19.560660171779823 0.4393398282201786
      vertex 7.428571428571428 18.5 0
    endloop
  endfacet
  facet normal -3.098597405495065e-18 0.38268343236508917 -0.9238795325112868
    outer loop
      vertex 2 18.5 0
      vertex 2 19.560660171779823 0.4393398282201786
      vertex 7.428571428571428 19.560660171779823 0.4393398282201786
    endloop
  endfacet
  facet normal 0 0.9238795325112872 -0.38268343236508867
    outer loop
      vertex 2 19.560660171779823 0.4393398282201786
      vertex 7.428571428571428 20 1.4999999999999998
      vertex 7.428571428571428 19.560660171779823 0.4393398282201786
    endloop
  endfacet
  facet normal -9.373853103065889e-19 0.9238795325112872 -0.38268343236508867
    outer loop
      vertex 2 19.560660171779823 0.4393398282201786
      vertex 2 20 1.4999999999999998
      vertex 7.428571428571428 20 1.4999999999999998
    endloop
  endfacet
  facet normal -0.923879532511287 0.3826834323650892 0
    outer loop
      vertex 0 18.5 6
      vertex 0 18.5 12
      vertex 0.4393398282201786 19.560660171779823 12
    endloop
  endfacet
  facet normal -0.923879532511287 0.3826834323650892 -2.8034928906860114e-18
    outer loop
      vertex 0 18.5 6
      vertex 0.4393398282201786 19.560660171779823 12
      vertex 0.4393398282201786 19.560660171779823 6
    endloop
  endfacet
  facet normal -0.38268343236508867 0.9238795325112871 0
    outer loop
      vertex 0.4393398282201786 19.560660171779823 6
      vertex 0.4393398282201786 19.560660171779823 12
      vertex 1.4999999999999998 20 12
    endloop
  endfacet
  facet normal -0.38268343236508867 0.9238795325112871 -8.481105188488183e-19
    outer loop
      vertex 0.4393398282201786 19.560660171779823 6
      vertex 1.4999999999999998 20 12
      vertex 1.4999999999999998 20 6
    endloop
  endfacet
  facet normal 0.3826834323650901 0 0.9238795325112866
    outer loop
      vertex 3.5 18.5 6
      vertex 2.439339828220179 15 6.439339828220179
      vertex 3.5 15 6
    endloop
  endfacet
  facet normal 0.3826834323650901 -1.0848283383510748e-18 0.9238795325112866
    outer loop
      vertex 3.5 18.5 6
      vertex 2.439339828220179 18.5 6.439339828220179
      vertex 2.439339828220179 15 6.439339828220179
    endloop
  endfacet
  facet normal 0.9238795325112866 0 0.3826834323650901
    outer loop
      vertex 2.439339828220179 18.5 6.439339828220179
      vertex 2 15 7.5
      vertex 2.439339828220179 15 6.439339828220179
    endloop
  endfacet
  facet normal 0.9238795325112866 -1.0848283383510748e-18 0.3826834323650901
    outer loop
      vertex 2.439339828220179 18.5 6.439339828220179
      vertex 2 18.5 7.5
      vertex 2 15 7.5
    endloop
  endfacet
  facet normal 0.923879532511287 0.3826834323650892 0
    outer loop
      vertex 2 18.5 7.5
      vertex 1.5606601717798214 19.560660171779823 12
      vertex 2 18.5 12
    endloop
  endfacet
  facet normal 0.923879532511287 0.3826834323650892 3.737990520914681e-18
    outer loop
      vertex 2 18.5 7.5
      vertex 1.5606601717798214 19.560660171779823 7.5
      vertex 1.5606601717798214 19.560660171779823 12
    endloop
  endfacet
  facet normal 0.3826834323650887 0.9238795325112872 0
    outer loop
      vertex 1.5606601717798214 19.560660171779823 7.5
      vertex 0.5000000000000002 20 12
      vertex 1.5606601717798214 19.560660171779823 12
    endloop
  endfacet
  facet normal 0.3826834323650887 0.9238795325112872 1.1308140251317579e-18
    outer loop
      vertex 1.5606601717798214 19.560660171779823 7.5
      vertex 0.5000000000000002 20 7.5
      vertex 0.5000000000000002 20 12
    endloop
  endfacet
  facet normal 0 0.38268343236508956 0.9238795325112867
    outer loop
      vertex 3.5 18.5 6
      vertex 7.428571428571428 18.5 6
      vertex 7.428571428571428 19.560660171779823 5.560660171779821
    endloop
  endfacet
  facet normal -1.6911061027458852e-18 0.38268343236508956 0.9238795325112867
    outer loop
      vertex 3.5 18.5 6
      vertex 7.428571428571428 19.560660171779823 5.560660171779821
      vertex 3.5 19.560660171779823 5.560660171779821
    endloop
  endfacet
  facet normal 0 0.9238795325112872 0.38268343236508884
    outer loop
      vertex 3.5 19.560660171779823 5.560660171779821
      vertex 7.428571428571428 19.560660171779823 5.560660171779821
      vertex 7.428571428571428 20 4.5
    endloop
  endfacet
  facet normal -1.691106102745889e-18 0.9238795325112872 0.38268343236508884
    outer loop
      vertex 3.5 19.560660171779823 5.560660171779821
      vertex 7.428571428571428 20 4.5
      vertex 3.5 20 4.5
    endloop
  endfacet
  facet normal 0 -0.38268343236508817 -0.9238795325112873
    outer loop
      vertex 1.4999999999999998 18.5 30
      vertex 0.5000000000000002 18.5 30
      vertex 0.5000000000000002 19.560660171779823 29.560660171779823
    endloop
  endfacet
  facet normal -9.490363051629029e-18 -0.38268343236508817 -0.9238795325112873
    outer loop
      vertex 1.4999999999999998 18.5 30
      vertex 0.5000000000000002 19.560660171779823 29.560660171779823
      vertex 1.4999999999999998 19.560660171779823 29.560660171779823
    endloop
  endfacet
  facet normal 0 -0.9238795325112873 -0.38268343236508817
    outer loop
      vertex 1.4999999999999998 19.560660171779823 29.560660171779823
      vertex 0.5000000000000002 19.560660171779823 29.560660171779823
      vertex 0.5000000000000002 20 28.5
    endloop
  endfacet
  facet normal -9.490363051629029e-18 -0.9238795325112873 -0.38268343236508817
    outer loop
      vertex 1.4999999999999998 19.560660171779823 29.560660171779823
      vertex 0.5000000000000002 20 28.5
      vertex 1.4999999999999998 20 28.5
    endloop
  endfacet
  facet normal -0.38268343236508867 0 0.9238795325112871
    outer loop
      vertex 1.4999999999999998 18.5 30
      vertex 0.4393398282201786 15 29.560660171779823
      vertex 1.4999999999999998 15 30
    endloop
  endfacet
  facet normal -0.38268343236508867 -1.4539037465979743e-18 0.9238795325112871
    outer loop
      vertex 1.4999999999999998 18.5 30
      vertex 0.4393398282201786 18.5 29.560660171779823
      vertex 0.4393398282201786 15 29.560660171779823
    endloop
  endfacet
  facet normal -0.923879532511287 0 0.3826834323650892
    outer loop
      vertex 0.4393398282201786 18.5 29.560660171779823
      vertex 0 15 28.5
      vertex 0.4393398282201786 15 29.560660171779823
    endloop
  endfacet
  facet normal -0.923879532511287 -4.805987812604591e-18 0.3826834323650892
    outer loop
      vertex 0.4393398282201786 18.5 29.560660171779823
      vertex 0 18.5 28.5
      vertex 0 15 28.5
    endloop
  endfacet
  facet normal -0.923879532511287 0.3826834323650892 0
    outer loop
      vertex 0 18.5 28.5
      vertex 0.4393398282201786 19.560660171779823 24
      vertex 0 18.5 24
    endloop
  endfacet
  facet normal -0.923879532511287 0.3826834323650892 -3.737990520914681e-18
    outer loop
      vertex 0 18.5 28.5
      vertex 0.4393398282201786 19.560660171779823 28.5
      vertex 0.4393398282201786 19.560660171779823 24
    endloop
  endfacet
  facet normal -0.3826834323650887 0.9238795325112872 0
    outer loop
      vertex 0.4393398282201786 19.560660171779823 28.5
      vertex 1.4999999999999998 20 24
      vertex 0.4393398282201786 19.560660171779823 24
    endloop
  endfacet
  facet normal -0.3826834323650887 0.9238795325112872 -1.1308140251317579e-18
    outer loop
      vertex 0.4393398282201786 19.560660171779823 28.5
      vertex 1.4999999999999998 20 28.5
      vertex 1.4999999999999998 20 24
    endloop
  endfacet
  facet normal 0.923879532511287 0 0.3826834323650892
    outer loop
      vertex 2 18.5 28.5
      vertex 1.5606601717798214 15 29.560660171779823
      vertex 2 15 28.5
    endloop
  endfacet
  facet normal 0.923879532511287 4.805987812604591e-18 0.3826834323650892
    outer loop
      vertex 2 18.5 28.5
      vertex 1.5606601717798214 18.5 29.560660171779823
      vertex 1.5606601717798214 15 29.560660171779823
    endloop
  endfacet
  facet normal 0.38268343236508867 0 0.9238795325112871
    outer loop
      vertex 1.5606601717798214 18.5 29.560660171779823
      vertex 0.5000000000000002 15 30
      vertex 1.5606601717798214 15 29.560660171779823
    endloop
  endfacet
  facet normal 0.38268343236508867 1.4539037465979743e-18 0.9238795325112871
    outer loop
      vertex 1.5606601717798214 18.5 29.560660171779823
      vertex 0.5000000000000002 18.5 30
      vertex 0.5000000000000002 15 30
    endloop
  endfacet
  facet normal 0.923879532511287 0.3826834323650892 0
    outer loop
      vertex 2 18.5 28.5
      vertex 2 18.5 24
      vertex 1.5606601717798214 19.560660171779823 24
    endloop
  endfacet
  facet normal 0.923879532511287 0.3826834323650892 3.737990520914681e-18
    outer loop
      vertex 2 18.5 28.5
      vertex 1.5606601717798214 19.560660171779823 24
      vertex 1.5606601717798214 19.560660171779823 28.5
    endloop
  endfacet
  facet normal 0.3826834323650887 0.9238795325112872 0
    outer loop
      vertex 1.5606601717798214 19.560660171779823 28.5
      vertex 1.5606601717798214 19.560660171779823 24
      vertex 0.5000000000000002 20 24
    endloop
  endfacet
  facet normal 0.3826834323650887 0.9238795325112872 1.1308140251317579e-18
    outer loop
      vertex 1.5606601717798214 19.560660171779823 28.5
      vertex 0.5000000000000002 20 24
      vertex 0.5000000000000002 20 28.5
    endloop
  endfacet
  facet normal 0.3826834323650892 -0.923879532511287 0
    outer loop
      vertex 38.5 0 1.4999999999999998
      vertex 39.56066017177982 0.4393398282201786 4.5
      vertex 38.5 0 4.5
    endloop
  endfacet
  facet normal 0.3826834323650892 -0.923879532511287 -5.606985781372023e-18
    outer loop
      vertex 38.5 0 1.4999999999999998
      vertex 39.56066017177982 0.4393398282201786 1.4999999999999998
      vertex 39.56066017177982 0.4393398282201786 4.5
    endloop
  endfacet
  facet normal 0.9238795325112871 -0.38268343236508867 0
    outer loop
      vertex 39.56066017177982 0.4393398282201786 1.4999999999999998
      vertex 40 1.4999999999999998 4.5
      vertex 39.56066017177982 0.4393398282201786 4.5
    endloop
  endfacet
  facet normal 0.9238795325112871 -0.38268343236508867 -1.6962210376976366e-18
    outer loop
      vertex 39.56066017177982 0.4393398282201786 1.4999999999999998
      vertex 40 1.4999999999999998 1.4999999999999998
      vertex 40 1.4999999999999998 4.5
    endloop
  endfacet
  facet normal 0 -0.3826834323650897 -0.9238795325112867
    outer loop
      vertex 38.5 1.4999999999999998 0
      vertex 34.285714285714285 0.4393398282201786 0.4393398282201786
      vertex 34.285714285714285 1.4999999999999998 0
    endloop
  endfacet
  facet normal -4.022641209312402e-18 -0.3826834323650897 -0.9238795325112867
    outer loop
      vertex 38.5 1.4999999999999998 0
      vertex 38.5 0.4393398282201786 0.4393398282201786
      vertex 34.285714285714285 0.4393398282201786 0.4393398282201786
    endloop
  endfacet
  facet normal 0 -0.9238795325112867 -0.3826834323650897
    outer loop
      vertex 38.5 0.4393398282201786 0.4393398282201786
      vertex 34.285714285714285 0 1.4999999999999998
      vertex 34.285714285714285 0.4393398282201786 0.4393398282201786
    endloop
  endfacet
  facet normal -4.022641209312402e-18 -0.9238795325112867 -0.3826834323650897
    outer loop
      vertex 38.5 0.4393398282201786 0.4393398282201786
      vertex 38.5 0 1.4999999999999998
      vertex 34.285714285714285 0 1.4999999999999998
    endloop
  endfacet
  facet normal 0.9238795325112871 0 -0.38268343236508867
    outer loop
      vertex 40 1.4999999999999998 1.4999999999999998
      vertex 39.56066017177982 5 0.4393398282201786
      vertex 40 5 1.4999999999999998
    endloop
  endfacet
  facet normal 0.9238795325112871 -1.4539037465979743e-18 -0.38268343236508867
    outer loop
      vertex 40 1.4999999999999998 1.4999999999999998
      vertex 39.56066017177982 1.4999999999999998 0.4393398282201786
      vertex 39.56066017177982 5 0.4393398282201786
    endloop
  endfacet
  facet normal 0.3826834323650892 0 -0.923879532511287
    outer loop
      vertex 39.56066017177982 1.4999999999999998 0.4393398282201786
      vertex 38.5 5 0
      vertex 39.56066017177982 5 0.4393398282201786
    endloop
  endfacet
  facet normal 0.3826834323650892 -4.805987812604591e-18 -0.923879532511287
    outer loop
      vertex 39.56066017177982 1.4999999999999998 0.4393398282201786
      vertex 38.5 1.4999999999999998 0
      vertex 38.5 5 0
    endloop
  endfacet
  facet normal 0 -0.9238795325112867 0.3826834323650898
    outer loop
      vertex 38.5 0 4.5
      vertex 34.57142857142857 0.4393398282201786 5.560660171779821
      vertex 34.57142857142857 0 4.5
    endloop
  endfacet
  facet normal -5.006320907080667e-18 -0.9238795325112867 0.3826834323650898
    outer loop
      vertex 38.5 0 4.5
      vertex 38.5 0.4393398282201786 5.560660171779821
      vertex 34.57142857142857 0.4393398282201786 5.560660171779821
    endloop
  endfacet
  facet normal 0 -0.38268343236509 0.9238795325112865
    outer loop
      vertex 38.5 0.4393398282201786 5.560660171779821
      vertex 34.57142857142857 1.4999999999999998 6
      vertex 34.57142857142857 0.4393398282201786 5.560660171779821
    endloop
  endfacet
  facet normal -2.019918739183945e-18 -0.38268343236509 0.9238795325112865
    outer loop
      vertex 38.5 0.4393398282201786 5.560660171779821
      vertex 38.5 1.4999999999999998 6
      vertex 34.57142857142857 1.4999999999999998 6
    endloop
  endfacet
  facet normal 0.3826834323650895 0 0.9238795325112867
    outer loop
      vertex 38.5 1.4999999999999998 6
      vertex 39.56066017177982 5 5.560660171779821
      vertex 38.5 5 6
    endloop
  endfacet
  facet normal 0.3826834323650895 -1.8981803194086463e-18 0.9238795325112867
    outer loop
      vertex 38.5 1.4999999999999998 6
      vertex 39.56066017177982 1.4999999999999998 5.560660171779821
      vertex 39.56066017177982 5 5.560660171779821
    endloop
  endfacet
  facet normal 0.9238795325112871 0 0.3826834323650887
    outer loop
      vertex 39.56066017177982 1.4999999999999998 5.560660171779821
      vertex 40 5 4.5
      vertex 39.56066017177982 5 5.560660171779821
    endloop
  endfacet
  facet normal 0.9238795325112871 -1.89818031940865e-18 0.3826834323650887
    outer loop
      vertex 39.56066017177982 1.4999999999999998 5.560660171779821
      vertex 40 1.4999999999999998 4.5
      vertex 40 5 4.5
    endloop
  endfacet
  facet normal 0.3826834323650882 0.9238795325112873 0
    outer loop
      vertex 38.5 20 1.4999999999999998
      vertex 38.5 20 4.5
      vertex 39.56066017177982 19.560660171779823 4.5
    endloop
  endfacet
  facet normal 0.3826834323650882 0.9238795325112873 -3.1634543505430084e-18
    outer loop
      vertex 38.5 20 1.4999999999999998
      vertex 39.56066017177982 19.560660171779823 4.5
      vertex 39.56066017177982 19.560660171779823 1.4999999999999998
    endloop
  endfacet
  facet normal 0.9238795325112873 0.3826834323650882 0
    outer loop
      vertex 39.56066017177982 19.560660171779823 1.4999999999999998
      vertex 39.56066017177982 19.560660171779823 4.5
      vertex 40 18.5 4.5
    endloop
  endfacet
  facet normal 0.9238795325112873 0.3826834323650882 -3.1634543505430084e-18
    outer loop
      vertex 39.56066017177982 19.560660171779823 1.4999999999999998
      vertex 40 18.5 4.5
      vertex 40 18.5 1.4999999999999998
    endloop
  endfacet
  facet normal 0 0.3826834323650892 -0.923879532511287
    outer loop
      vertex 38.5 18.5 0
      vertex 34.57142857142857 18.5 0
      vertex 34.57142857142857 19.560660171779823 0.4393398282201786
    endloop
  endfacet
  facet normal -4.281698233047725e-18 0.3826834323650892 -0.923879532511287
    outer loop
      vertex 38.5 18.5 0
      vertex 34.57142857142857 19.560660171779823 0.4393398282201786
      vertex 38.5 19.560660171779823 0.4393398282201786
    endloop
  endfacet
  facet normal 0 0.9238795325112871 -0.3826834323650887
    outer loop
      vertex 38.5 19.560660171779823 0.4393398282201786
      vertex 34.57142857142857 19.560660171779823 0.4393398282201786
      vertex 34.57142857142857 20 1.4999999999999998
    endloop
  endfacet
  facet normal -1.295296065150922e-18 0.9238795325112871 -0.3826834323650887
    outer loop
      vertex 38.5 19.560660171779823 0.4393398282201786
      vertex 34.57142857142857 20 1.4999999999999998
      vertex 38.5 20 1.4999999999999998
    endloop
  endfacet
  facet normal 0.9238795325112871 0 -0.38268343236508867
    outer loop
      vertex 40 18.5 1.4999999999999998
      vertex 40 15 1.4999999999999998
      vertex 39.56066017177982 15 0.4393398282201786
    endloop
  endfacet
  facet normal 0.9238795325112871 -1.4539037465979743e-18 -0.38268343236508867
    outer loop
      vertex 40 18.5 1.4999999999999998
      vertex 39.56066017177982 15 0.4393398282201786
      vertex 39.56066017177982 18.5 0.4393398282201786
    endloop
  endfacet
  facet normal 0.3826834323650892 0 -0.923879532511287
    outer loop
      vertex 39.56066017177982 18.5 0.4393398282201786
      vertex 39.56066017177982 15 0.4393398282201786
      vertex 38.5 15 0
    endloop
  endfacet
  facet normal 0.3826834323650892 -4.805987812604591e-18 -0.923879532511287
    outer loop
      vertex 39.56066017177982 18.5 0.4393398282201786
      vertex 38.5 15 0
      vertex 38.5 18.5 0
    endloop
  endfacet
  facet normal 0 0.38268343236508956 0.9238795325112868
    outer loop
      vertex 38.5 18.5 6
      vertex 34.57142857142857 19.560660171779823 5.560660171779821
      vertex 34.57142857142857 18.5 6
    endloop
  endfacet
  facet normal -1.6911061027458842e-18 0.38268343236508956 0.9238795325112868
    outer loop
      vertex 38.5 18.5 6
      vertex 38.5 19.560660171779823 5.560660171779821
      vertex 34.57142857142857 19.560660171779823 5.560660171779821
    endloop
  endfacet
  facet normal 0 0.9238795325112871 0.3826834323650888
    outer loop
      vertex 38.5 19.560660171779823 5.560660171779821
      vertex 34.57142857142857 20 4.5
      vertex 34.57142857142857 19.560660171779823 5.560660171779821
    endloop
  endfacet
  facet normal -1.6911061027458877e-18 0.9238795325112871 0.3826834323650888
    outer loop
      vertex 38.5 19.560660171779823 5.560660171779821
      vertex 38.5 20 4.5
      vertex 34.57142857142857 20 4.5
    endloop
  endfacet
  facet normal 0.3826834323650895 0 0.9238795325112867
    outer loop
      vertex 38.5 18.5 6
      vertex 38.5 15 6
      vertex 39.56066017177982 15 5.560660171779821
    endloop
  endfacet
  facet normal 0.3826834323650895 -1.8981803194086463e-18 0.9238795325112867
    outer loop
      vertex 38.5 18.5 6
      vertex 39.56066017177982 15 5.560660171779821
      vertex 39.56066017177982 18.5 5.560660171779821
    endloop
  endfacet
  facet normal 0.9238795325112871 0 0.3826834323650887
    outer loop
      vertex 39.56066017177982 18.5 5.560660171779821
      vertex 39.56066017177982 15 5.560660171779821
      vertex 40 15 4.5
    endloop
  endfacet
  facet normal 0.9238795325112871 -1.89818031940865e-18 0.3826834323650887
    outer loop
      vertex 39.56066017177982 18.5 5.560660171779821
      vertex 40 15 4.5
      vertex 40 18.5 4.5
    endloop
  endfacet
  facet normal -0.9238795325112867 0 -0.38268343236508967
    outer loop
      vertex 0 5 1.4999999999999998
      vertex 0 10 1.4999999999999998
      vertex 0.4393398282201786 10 0.4393398282201786
    endloop
  endfacet
  facet normal -0.9238795325112867 -3.3905118764204534e-18 -0.38268343236508967
    outer loop
      vertex 0 5 1.4999999999999998
      vertex 0.4393398282201786 10 0.4393398282201786
      vertex 0.4393398282201786 5 0.4393398282201786
    endloop
  endfacet
  facet normal -0.38268343236508967 0 -0.9238795325112867
    outer loop
      vertex 0.4393398282201786 5 0.4393398282201786
      vertex 0.4393398282201786 10 0.4393398282201786
      vertex 1.4999999999999998 10 0
    endloop
  endfacet
  facet normal -0.38268343236508967 -3.3905118764204534e-18 -0.9238795325112867
    outer loop
      vertex 0.4393398282201786 5 0.4393398282201786
      vertex 1.4999999999999998 10 0
      vertex 1.4999999999999998 5 0
    endloop
  endfacet
  facet normal -0.9238795325112867 0 -0.38268343236508967
    outer loop
      vertex 0 10 1.4999999999999998
      vertex 0 15 1.4999999999999998
      vertex 0.4393398282201786 15 0.4393398282201786
    endloop
  endfacet
  facet normal -0.9238795325112867 -3.3905118764204534e-18 -0.38268343236508967
    outer loop
      vertex 0 10 1.4999999999999998
      vertex 0.4393398282201786 15 0.4393398282201786
      vertex 0.4393398282201786 10 0.4393398282201786
    endloop
  endfacet
  facet normal -0.38268343236508967 0 -0.9238795325112867
    outer loop
      vertex 0.4393398282201786 10 0.4393398282201786
      vertex 0.4393398282201786 15 0.4393398282201786
      vertex 1.4999999999999998 15 0
    endloop
  endfacet
  facet normal -0.38268343236508967 -3.3905118764204534e-18 -0.9238795325112867
    outer loop
      vertex 0.4393398282201786 10 0.4393398282201786
      vertex 1.4999999999999998 15 0
      vertex 1.4999999999999998 10 0
    endloop
  endfacet
  facet normal 0 -0.3826834323650897 -0.9238795325112868
    outer loop
      vertex 5.7142857142857135 1.4999999999999998 0
      vertex 11.428571428571427 1.4999999999999998 0
      vertex 11.428571428571427 0.4393398282201786 0.4393398282201786
    endloop
  endfacet
  facet normal -2.9666978918678975e-18 -0.3826834323650897 -0.9238795325112868
    outer loop
      vertex 5.7142857142857135 1.4999999999999998 0
      vertex 11.428571428571427 0.4393398282201786 0.4393398282201786
      vertex 5.7142857142857135 0.4393398282201786 0.4393398282201786
    endloop
  endfacet
  facet normal 0 -0.9238795325112868 -0.3826834323650897
    outer loop
      vertex 5.7142857142857135 0.4393398282201786 0.4393398282201786
      vertex 11.428571428571427 0.4393398282201786 0.4393398282201786
      vertex 11.428571428571427 0 1.4999999999999998
    endloop
  endfacet
  facet normal -2.9666978918678975e-18 -0.9238795325112868 -0.3826834323650897
    outer loop
      vertex 5.7142857142857135 0.4393398282201786 0.4393398282201786
      vertex 11.428571428571427 0 1.4999999999999998
      vertex 5.7142857142857135 0 1.4999999999999998
    endloop
  endfacet
  facet normal 0 -0.38268343236508967 -0.9238795325112867
    outer loop
      vertex 11.428571428571427 1.4999999999999998 0
      vertex 17.142857142857142 1.4999999999999998 0
      vertex 17.142857142857142 0.4393398282201786 0.4393398282201786
    endloop
  endfacet
  facet normal -2.966697891867896e-18 -0.38268343236508967 -0.9238795325112867
    outer loop
      vertex 11.428571428571427 1.4999999999999998 0
      vertex 17.142857142857142 0.4393398282201786 0.4393398282201786
      vertex 11.428571428571427 0.4393398282201786 0.4393398282201786
    endloop
  endfacet
  facet normal 0 -0.9238795325112867 -0.38268343236508967
    outer loop
      vertex 11.428571428571427 0.4393398282201786 0.4393398282201786
      vertex 17.142857142857142 0.4393398282201786 0.4393398282201786
      vertex 17.142857142857142 0 1.4999999999999998
    endloop
  endfacet
  facet normal -2.966697891867896e-18 -0.9238795325112867 -0.38268343236508967
    outer loop
      vertex 11.428571428571427 0.4393398282201786 0.4393398282201786
      vertex 17.142857142857142 0 1.4999999999999998
      vertex 11.428571428571427 0 1.4999999999999998
    endloop
  endfacet
  facet normal 0 -0.3826834323650897 -0.9238795325112868
    outer loop
      vertex 17.142857142857142 1.4999999999999998 0
      vertex 22.857142857142854 1.4999999999999998 0
      vertex 22.857142857142854 0.4393398282201786 0.4393398282201786
    endloop
  endfacet
  facet normal -2.9666978918678987e-18 -0.3826834323650897 -0.9238795325112868
    outer loop
      vertex 17.142857142857142 1.4999999999999998 0
      vertex 22.857142857142854 0.4393398282201786 0.4393398282201786
      vertex 17.142857142857142 0.4393398282201786 0.4393398282201786
    endloop
  endfacet
  facet normal 0 -0.9238795325112868 -0.3826834323650897
    outer loop
      vertex 17.142857142857142 0.4393398282201786 0.4393398282201786
      vertex 22.857142857142854 0.4393398282201786 0.4393398282201786
      vertex 22.857142857142854 0 1.4999999999999998
    endloop
  endfacet
  facet normal -2.9666978918678987e-18 -0.9238795325112868 -0.3826834323650897
    outer loop
      vertex 17.142857142857142 0.4393398282201786 0.4393398282201786
      vertex 22.857142857142854 0 1.4999999999999998
      vertex 17.142857142857142 0 1.4999999999999998
    endloop
  endfacet
  facet normal 0 -0.38268343236508967 -0.9238795325112868
    outer loop
      vertex 22.857142857142854 1.4999999999999998 0
      vertex 28.571428571428573 1.4999999999999998 0
      vertex 28.571428571428573 0.4393398282201786 0.4393398282201786
    endloop
  endfacet
  facet normal -2.9666978918678944e-18 -0.38268343236508967 -0.9238795325112868
    outer loop
      vertex 22.857142857142854 1.4999999999999998 0
      vertex 28.571428571428573 0.4393398282201786 0.4393398282201786
      vertex 22.857142857142854 0.4393398282201786 0.4393398282201786
    endloop
  endfacet
  facet normal 0 -0.9238795325112868 -0.38268343236508967
    outer loop
      vertex 22.857142857142854 0.4393398282201786 0.4393398282201786
      vertex 28.571428571428573 0.4393398282201786 0.4393398282201786
      vertex 28.571428571428573 0 1.4999999999999998
    endloop
  endfacet
  facet normal -2.9666978918678944e-18 -0.9238795325112868 -0.38268343236508967
    outer loop
      vertex 22.857142857142854 0.4393398282201786 0.4393398282201786
      vertex 28.571428571428573 0 1.4999999999999998
      vertex 22.857142857142854 0 1.4999999999999998
    endloop
  endfacet
  facet normal 0 -0.3826834323650897 -0.9238795325112868
    outer loop
      vertex 28.571428571428573 1.4999999999999998 0
      vertex 34.285714285714285 1.4999999999999998 0
      vertex 34.285714285714285 0.4393398282201786 0.4393398282201786
    endloop
  endfacet
  facet normal -2.9666978918678987e-18 -0.3826834323650897 -0.9238795325112868
    outer loop
      vertex 28.571428571428573 1.4999999999999998 0
      vertex 34.285714285714285 0.4393398282201786 0.4393398282201786
      vertex 28.571428571428573 0.4393398282201786 0.4393398282201786
    endloop
  endfacet
  facet normal 0 -0.9238795325112868 -0.3826834323650897
    outer loop
      vertex 28.571428571428573 0.4393398282201786 0.4393398282201786
      vertex 34.285714285714285 0.4393398282201786 0.4393398282201786
      vertex 34.285714285714285 0 1.4999999999999998
    endloop
  endfacet
  facet normal -2.9666978918678987e-18 -0.9238795325112868 -0.3826834323650897
    outer loop
      vertex 28.571428571428573 0.4393398282201786 0.4393398282201786
      vertex 34.285714285714285 0 1.4999999999999998
      vertex 28.571428571428573 0 1.4999999999999998
    endloop
  endfacet
  facet normal -0.9238795325112867 -0.38268343236508967 0
    outer loop
      vertex 0 1.4999999999999998 12
      vertex 0.4393398282201786 0.4393398282201786 18
      vertex 0 1.4999999999999998 18
    endloop
  endfacet
  facet normal -0.9238795325112867 -0.38268343236508967 -2.825426563683711e-18
    outer loop
      vertex 0 1.4999999999999998 12
      vertex 0.4393398282201786 0.4393398282201786 12
      vertex 0.4393398282201786 0.4393398282201786 18
    endloop
  endfacet
  facet normal -0.38268343236508967 -0.9238795325112867 0
    outer loop
      vertex 0.4393398282201786 0.4393398282201786 12
      vertex 1.4999999999999998 0 18
      vertex 0.4393398282201786 0.4393398282201786 18
    endloop
  endfacet
  facet normal -0.38268343236508967 -0.9238795325112867 -2.825426563683711e-18
    outer loop
      vertex 0.4393398282201786 0.4393398282201786 12
      vertex 1.4999999999999998 0 12
      vertex 1.4999999999999998 0 18
    endloop
  endfacet
  facet normal -0.9238795325112867 -0.38268343236508967 0
    outer loop
      vertex 0 1.4999999999999998 18
      vertex 0.4393398282201786 0.4393398282201786 24
      vertex 0 1.4999999999999998 24
    endloop
  endfacet
  facet normal -0.9238795325112867 -0.38268343236508967 -2.825426563683711e-18
    outer loop
      vertex 0 1.4999999999999998 18
      vertex 0.4393398282201786 0.4393398282201786 18
      vertex 0.4393398282201786 0.4393398282201786 24
    endloop
  endfacet
  facet normal -0.38268343236508967 -0.9238795325112867 0
    outer loop
      vertex 0.4393398282201786 0.4393398282201786 18
      vertex 1.4999999999999998 0 24
      vertex 0.4393398282201786 0.4393398282201786 24
    endloop
  endfacet
  facet normal -0.38268343236508967 -0.9238795325112867 -2.825426563683711e-18
    outer loop
      vertex 0.4393398282201786 0.4393398282201786 18
      vertex 1.4999999999999998 0 18
      vertex 1.4999999999999998 0 24
    endloop
  endfacet
  facet normal 0.9238795325112867 -0.38268343236508967 0
    outer loop
      vertex 2 1.4999999999999998 12
      vertex 2 1.4999999999999998 18
      vertex 1.5606601717798214 0.4393398282201786 18
    endloop
  endfacet
  facet normal 0.9238795325112867 -0.38268343236508967 2.825426563683711e-18
    outer loop
      vertex 2 1.4999999999999998 12
      vertex 1.5606601717798214 0.4393398282201786 18
      vertex 1.5606601717798214 0.4393398282201786 12
    endloop
  endfacet
  facet normal 0.38268343236508967 -0.9238795325112867 0
    outer loop
      vertex 1.5606601717798214 0.4393398282201786 12
      vertex 1.5606601717798214 0.4393398282201786 18
      vertex 0.5000000000000002 0 18
    endloop
  endfacet
  facet normal 0.38268343236508967 -0.9238795325112867 2.825426563683711e-18
    outer loop
      vertex 1.5606601717798214 0.4393398282201786 12
      vertex 0.5000000000000002 0 18
      vertex 0.5000000000000002 0 12
    endloop
  endfacet
  facet normal 0.9238795325112867 -0.38268343236508967 0
    outer loop
      vertex 2 1.4999999999999998 18
      vertex 2 1.4999999999999998 24
      vertex 1.5606601717798214 0.4393398282201786 24
    endloop
  endfacet
  facet normal 0.9238795325112867 -0.38268343236508967 2.825426563683711e-18
    outer loop
      vertex 2 1.4999999999999998 18
      vertex 1.5606601717798214 0.4393398282201786 24
      vertex 1.5606601717798214 0.4393398282201786 18
    endloop
  endfacet
  facet normal 0.38268343236508967 -0.9238795325112867 0
    outer loop
      vertex 1.5606601717798214 0.4393398282201786 18
      vertex 1.5606601717798214 0.4393398282201786 24
      vertex 0.5000000000000002 0 24
    endloop
  endfacet
  facet normal 0.38268343236508967 -0.9238795325112867 2.825426563683711e-18
    outer loop
      vertex 1.5606601717798214 0.4393398282201786 18
      vertex 0.5000000000000002 0 24
      vertex 0.5000000000000002 0 18
    endloop
  endfacet
  facet normal 0.38268343236509006 0 0.9238795325112866
    outer loop
      vertex 3.5 5 6
      vertex 3.5 10 6
      vertex 2.439339828220179 10 6.439339828220179
    endloop
  endfacet
  facet normal 0.38268343236509006 -7.593798368457524e-19 0.9238795325112866
    outer loop
      vertex 3.5 5 6
      vertex 2.439339828220179 10 6.439339828220179
      vertex 2.439339828220179 5 6.439339828220179
    endloop
  endfacet
  facet normal 0.9238795325112866 0 0.38268343236509006
    outer loop
      vertex 2.439339828220179 5 6.439339828220179
      vertex 2.439339828220179 10 6.439339828220179
      vertex 2 10 7.5
    endloop
  endfacet
  facet normal 0.9238795325112866 -7.593798368457524e-19 0.38268343236509006
    outer loop
      vertex 2.439339828220179 5 6.439339828220179
      vertex 2 10 7.5
      vertex 2 5 7.5
    endloop
  endfacet
  facet normal 0.38268343236509006 0 0.9238795325112866
    outer loop
      vertex 3.5 10 6
      vertex 3.5 15 6
      vertex 2.439339828220179 15 6.439339828220179
    endloop
  endfacet
  facet normal 0.38268343236509006 -7.593798368457524e-19 0.9238795325112866
    outer loop
      vertex 3.5 10 6
      vertex 2.439339828220179 15 6.439339828220179
      vertex 2.439339828220179 10 6.439339828220179
    endloop
  endfacet
  facet normal 0.9238795325112866 0 0.38268343236509006
    outer loop
      vertex 2.439339828220179 10 6.439339828220179
      vertex 2.439339828220179 15 6.439339828220179
      vertex 2 15 7.5
    endloop
  endfacet
  facet normal 0.9238795325112866 -7.593798368457524e-19 0.38268343236509006
    outer loop
      vertex 2.439339828220179 10 6.439339828220179
      vertex 2 15 7.5
      vertex 2 10 7.5
    endloop
  endfacet
  facet normal 0 -0.9238795325112867 0.3826834323650898
    outer loop
      vertex 7.428571428571428 0 4.5
      vertex 12.857142857142856 0 4.5
      vertex 12.857142857142856 0.4393398282201786 5.560660171779821
    endloop
  endfacet
  facet normal -3.622995393282064e-18 -0.9238795325112867 0.3826834323650898
    outer loop
      vertex 7.428571428571428 0 4.5
      vertex 12.857142857142856 0.4393398282201786 5.560660171779821
      vertex 7.428571428571428 0.4393398282201786 5.560660171779821
    endloop
  endfacet
  facet normal 0 -0.38268343236509 0.9238795325112866
    outer loop
      vertex 7.428571428571428 0.4393398282201786 5.560660171779821
      vertex 12.857142857142856 0.4393398282201786 5.560660171779821
      vertex 12.857142857142856 1.4999999999999998 6
    endloop
  endfacet
  facet normal -1.4617832980936453e-18 -0.38268343236509 0.9238795325112866
    outer loop
      vertex 7.428571428571428 0.4393398282201786 5.560660171779821
      vertex 12.857142857142856 1.4999999999999998 6
      vertex 7.428571428571428 1.4999999999999998 6
    endloop
  endfacet
  facet normal 0 -0.9238795325112867 0.3826834323650898
    outer loop
      vertex 12.857142857142856 0 4.5
      vertex 18.285714285714285 0 4.5
      vertex 18.285714285714285 0.4393398282201786 5.560660171779821
    endloop
  endfacet
  facet normal -3.622995393282063e-18 -0.9238795325112867 0.3826834323650898
    outer loop
      vertex 12.857142857142856 0 4.5
      vertex 18.285714285714285 0.4393398282201786 5.560660171779821
      vertex 12.857142857142856 0.4393398282201786 5.560660171779821
    endloop
  endfacet
  facet normal 0 -0.38268343236509 0.9238795325112867
    outer loop
      vertex 12.857142857142856 0.4393398282201786 5.560660171779821
      vertex 18.285714285714285 0.4393398282201786 5.560660171779821
      vertex 18.285714285714285 1.4999999999999998 6
    endloop
  endfacet
  facet normal -1.4617832980936453e-18 -0.38268343236509 0.9238795325112867
    outer loop
      vertex 12.857142857142856 0.4393398282201786 5.560660171779821
      vertex 18.285714285714285 1.4999999999999998 6
      vertex 12.857142857142856 1.4999999999999998 6
    endloop
  endfacet
  facet normal 0 -0.9238795325112868 0.3826834323650898
    outer loop
      vertex 18.285714285714285 0 4.5
      vertex 23.71428571428571 0 4.5
      vertex 23.71428571428571 0.4393398282201786 5.560660171779821
    endloop
  endfacet
  facet normal -3.6229953932820645e-18 -0.9238795325112868 0.3826834323650898
    outer loop
      vertex 18.285714285714285 0 4.5
      vertex 23.71428571428571 0.4393398282201786 5.560660171779821
      vertex 18.285714285714285 0.4393398282201786 5.560660171779821
    endloop
  endfacet
  facet normal 0 -0.38268343236509 0.9238795325112866
    outer loop
      vertex 18.285714285714285 0.4393398282201786 5.560660171779821
      vertex 23.71428571428571 0.4393398282201786 5.560660171779821
      vertex 23.71428571428571 1.4999999999999998 6
    endloop
  endfacet
  facet normal -1.4617832980936455e-18 -0.38268343236509 0.9238795325112866
    outer loop
      vertex 18.285714285714285 0.4393398282201786 5.560660171779821
      vertex 23.71428571428571 1.4999999999999998 6
      vertex 18.285714285714285 1.4999999999999998 6
    endloop
  endfacet
  facet normal 0 -0.9238795325112867 0.38268343236508984
    outer loop
      vertex 23.71428571428571 0 4.5
      vertex 29.142857142857142 0 4.5
      vertex 29.142857142857142 0.4393398282201786 5.560660171779821
    endloop
  endfacet
  facet normal -3.622995393282062e-18 -0.9238795325112867 0.38268343236508984
    outer loop
      vertex 23.71428571428571 0 4.5
      vertex 29.142857142857142 0.4393398282201786 5.560660171779821
      vertex 23.71428571428571 0.4393398282201786 5.560660171779821
    endloop
  endfacet
  facet normal 0 -0.38268343236509 0.9238795325112866
    outer loop
      vertex 23.71428571428571 0.4393398282201786 5.560660171779821
      vertex 29.142857142857142 0.4393398282201786 5.560660171779821
      vertex 29.142857142857142 1.4999999999999998 6
    endloop
  endfacet
  facet normal -1.4617832980936445e-18 -0.38268343236509 0.9238795325112866
    outer loop
      vertex 23.71428571428571 0.4393398282201786 5.560660171779821
      vertex 29.142857142857142 1.4999999999999998 6
      vertex 23.71428571428571 1.4999999999999998 6
    endloop
  endfacet
  facet normal 0 -0.9238795325112868 0.3826834323650898
    outer loop
      vertex 29.142857142857142 0 4.5
      vertex 34.57142857142857 0 4.5
      vertex 34.57142857142857 0.4393398282201786 5.560660171779821
    endloop
  endfacet
  facet normal -3.6229953932820645e-18 -0.9238795325112868 0.3826834323650898
    outer loop
      vertex 29.142857142857142 0 4.5
      vertex 34.57142857142857 0.4393398282201786 5.560660171779821
      vertex 29.142857142857142 0.4393398282201786 5.560660171779821
    endloop
  endfacet
  facet normal 0 -0.38268343236509 0.9238795325112866
    outer loop
      vertex 29.142857142857142 0.4393398282201786 5.560660171779821
      vertex 34.57142857142857 0.4393398282201786 5.560660171779821
      vertex 34.57142857142857 1.4999999999999998 6
    endloop
  endfacet
  facet normal -1.4617832980936455e-18 -0.38268343236509 0.9238795325112866
    outer loop
      vertex 29.142857142857142 0.4393398282201786 5.560660171779821
      vertex 34.57142857142857 1.4999999999999998 6
      vertex 29.142857142857142 1.4999999999999998 6
    endloop
  endfacet
  facet normal -0.3826834323650887 0 0.9238795325112872
    outer loop
      vertex 1.4999999999999998 5 30
      vertex 1.4999999999999998 10 30
      vertex 0.4393398282201786 10 29.560660171779823
    endloop
  endfacet
  facet normal -0.3826834323650887 -1.017732622618582e-18 0.9238795325112872
    outer loop
      vertex 1.4999999999999998 5 30
      vertex 0.4393398282201786 10 29.560660171779823
      vertex 0.4393398282201786 5 29.560660171779823
    endloop
  endfacet
  facet normal -0.923879532511287 0 0.3826834323650892
    outer loop
      vertex 0.4393398282201786 5 29.560660171779823
      vertex 0.4393398282201786 10 29.560660171779823
      vertex 0 10 28.5
    endloop
  endfacet
  facet normal -0.923879532511287 -3.3641914688232137e-18 0.3826834323650892
    outer loop
      vertex 0.4393398282201786 5 29.560660171779823
      vertex 0 10 28.5
      vertex 0 5 28.5
    endloop
  endfacet
  facet normal -0.3826834323650887 0 0.9238795325112872
    outer loop
      vertex 1.4999999999999998 10 30
      vertex 1.4999999999999998 15 30
      vertex 0.4393398282201786 15 29.560660171779823
    endloop
  endfacet
  facet normal -0.3826834323650887 -1.017732622618582e-18 0.9238795325112872
    outer loop
      vertex 1.4999999999999998 10 30
      vertex 0.4393398282201786 15 29.560660171779823
      vertex 0.4393398282201786 10 29.560660171779823
    endloop
  endfacet
  facet normal -0.923879532511287 0 0.3826834323650892
    outer loop
      vertex 0.4393398282201786 10 29.560660171779823
      vertex 0.4393398282201786 15 29.560660171779823
      vertex 0 15 28.5
    endloop
  endfacet
  facet normal -0.923879532511287 -3.3641914688232137e-18 0.3826834323650892
    outer loop
      vertex 0.4393398282201786 10 29.560660171779823
      vertex 0 15 28.5
      vertex 0 10 28.5
    endloop
  endfacet
  facet normal 0.923879532511287 0 0.3826834323650892
    outer loop
      vertex 2 5 28.5
      vertex 2 10 28.5
      vertex 1.5606601717798214 10 29.560660171779823
    endloop
  endfacet
  facet normal 0.923879532511287 3.3641914688232137e-18 0.3826834323650892
    outer loop
      vertex 2 5 28.5
      vertex 1.5606601717798214 10 29.560660171779823
      vertex 1.5606601717798214 5 29.560660171779823
    endloop
  endfacet
  facet normal 0.3826834323650887 0 0.9238795325112872
    outer loop
      vertex 1.5606601717798214 5 29.560660171779823
      vertex 1.5606601717798214 10 29.560660171779823
      vertex 0.5000000000000002 10 30
    endloop
  endfacet
  facet normal 0.3826834323650887 1.017732622618582e-18 0.9238795325112872
    outer loop
      vertex 1.5606601717798214 5 29.560660171779823
      vertex 0.5000000000000002 10 30
      vertex 0.5000000000000002 5 30
    endloop
  endfacet
  facet normal 0.923879532511287 0 0.3826834323650892
    outer loop
      vertex 2 10 28.5
      vertex 2 15 28.5
      vertex 1.5606601717798214 15 29.560660171779823
    endloop
  endfacet
  facet normal 0.923879532511287 3.3641914688232137e-18 0.3826834323650892
    outer loop
      vertex 2 10 28.5
      vertex 1.5606601717798214 15 29.560660171779823
      vertex 1.5606601717798214 10 29.560660171779823
    endloop
  endfacet
  facet normal 0.3826834323650887 0 0.9238795325112872
    outer loop
      vertex 1.5606601717798214 10 29.560660171779823
      vertex 1.5606601717798214 15 29.560660171779823
      vertex 0.5000000000000002 15 30
    endloop
  endfacet
  facet normal 0.3826834323650887 1.017732622618582e-18 0.9238795325112872
    outer loop
      vertex 1.5606601717798214 10 29.560660171779823
      vertex 0.5000000000000002 15 30
      vertex 0.5000000000000002 10 30
    endloop
  endfacet
  facet normal 0 0.38268343236508917 -0.9238795325112868
    outer loop
      vertex 7.428571428571428 18.5 0
      vertex 12.857142857142856 19.560660171779823 0.4393398282201786
      vertex 12.857142857142856 18.5 0
    endloop
  endfacet
  facet normal -3.098597405495065e-18 0.38268343236508917 -0.9238795325112868
    outer loop
      vertex 7.428571428571428 18.5 0
      vertex 7.428571428571428 19.560660171779823 0.4393398282201786
      vertex 12.857142857142856 19.560660171779823 0.4393398282201786
    endloop
  endfacet
  facet normal 0 0.9238795325112872 -0.38268343236508867
    outer loop
      vertex 7.428571428571428 19.560660171779823 0.4393398282201786
      vertex 12.857142857142856 20 1.4999999999999998
      vertex 12.857142857142856 19.560660171779823 0.4393398282201786
    endloop
  endfacet
  facet normal -9.373853103065889e-19 0.9238795325112872 -0.38268343236508867
    outer loop
      vertex 7.428571428571428 19.560660171779823 0.4393398282201786
      vertex 7.428571428571428 20 1.4999999999999998
      vertex 12.857142857142856 20 1.4999999999999998
    endloop
  endfacet
  facet normal 0 0.3826834323650892 -0.923879532511287
    outer loop
      vertex 12.857142857142856 18.5 0
      vertex 18.285714285714285 19.560660171779823 0.4393398282201786
      vertex 18.285714285714285 18.5 0
    endloop
  endfacet
  facet normal -3.098597405495065e-18 0.3826834323650892 -0.923879532511287
    outer loop
      vertex 12.857142857142856 18.5 0
      vertex 12.857142857142856 19.560660171779823 0.4393398282201786
      vertex 18.285714285714285 19.560660171779823 0.4393398282201786
    endloop
  endfacet
  facet normal 0 0.9238795325112872 -0.38268343236508867
    outer loop
      vertex 12.857142857142856 19.560660171779823 0.4393398282201786
      vertex 18.285714285714285 20 1.4999999999999998
      vertex 18.285714285714285 19.560660171779823 0.4393398282201786
    endloop
  endfacet
  facet normal -9.373853103065887e-19 0.9238795325112872 -0.38268343236508867
    outer loop
      vertex 12.857142857142856 19.560660171779823 0.4393398282201786
      vertex 12.857142857142856 20 1.4999999999999998
      vertex 18.285714285714285 20 1.4999999999999998
    endloop
  endfacet
  facet normal 0 0.3826834323650892 -0.923879532511287
    outer loop
      vertex 18.285714285714285 18.5 0
      vertex 23.71428571428571 19.560660171779823 0.4393398282201786
      vertex 23.71428571428571 18.5 0
    endloop
  endfacet
  facet normal -3.098597405495066e-18 0.3826834323650892 -0.923879532511287
    outer loop
      vertex 18.285714285714285 18.5 0
      vertex 18.285714285714285 19.560660171779823 0.4393398282201786
      vertex 23.71428571428571 19.560660171779823 0.4393398282201786
    endloop
  endfacet
  facet normal 0 0.9238795325112871 -0.38268343236508867
    outer loop
      vertex 18.285714285714285 19.560660171779823 0.4393398282201786
      vertex 23.71428571428571 20 1.4999999999999998
      vertex 23.71428571428571 19.560660171779823 0.4393398282201786
    endloop
  endfacet
  facet normal -9.373853103065889e-19 0.9238795325112871 -0.38268343236508867
    outer loop
      vertex 18.285714285714285 19.560660171779823 0.4393398282201786
      vertex 18.285714285714285 20 1.4999999999999998
      vertex 23.71428571428571 20 1.4999999999999998
    endloop
  endfacet
  facet normal 0 0.3826834323650893 -0.923879532511287
    outer loop
      vertex 23.71428571428571 18.5 0
      vertex 29.142857142857142 19.560660171779823 0.4393398282201786
      vertex 29.142857142857142 18.5 0
    endloop
  endfacet
  facet normal -3.0985974054950643e-18 0.3826834323650893 -0.923879532511287
    outer loop
      vertex 23.71428571428571 18.5 0
      vertex 23.71428571428571 19.560660171779823 0.4393398282201786
      vertex 29.142857142857142 19.560660171779823 0.4393398282201786
    endloop
  endfacet
  facet normal 0 0.9238795325112872 -0.38268343236508867
    outer loop
      vertex 23.71428571428571 19.560660171779823 0.4393398282201786
      vertex 29.142857142857142 20 1.4999999999999998
      vertex 29.142857142857142 19.560660171779823 0.4393398282201786
    endloop
  endfacet
  facet normal -9.373853103065885e-19 0.9238795325112872 -0.38268343236508867
    outer loop
      vertex 23.71428571428571 19.560660171779823 0.4393398282201786
      vertex 23.71428571428571 20 1.4999999999999998
      vertex 29.142857142857142 20 1.4999999999999998
    endloop
  endfacet
  facet normal 0 0.3826834323650892 -0.923879532511287
    outer loop
      vertex 29.142857142857142 18.5 0
      vertex 34.57142857142857 19.560660171779823 0.4393398282201786
      vertex 34.57142857142857 18.5 0
    endloop
  endfacet
  facet normal -3.098597405495066e-18 0.3826834323650892 -0.923879532511287
    outer loop
      vertex 29.142857142857142 18.5 0
      vertex 29.142857142857142 19.560660171779823 0.4393398282201786
      vertex 34.57142857142857 19.560660171779823 0.4393398282201786
    endloop
  endfacet
  facet normal 0 0.9238795325112871 -0.38268343236508867
    outer loop
      vertex 29.142857142857142 19.560660171779823 0.4393398282201786
      vertex 34.57142857142857 20 1.4999999999999998
      vertex 34.57142857142857 19.560660171779823 0.4393398282201786
    endloop
  endfacet
  facet normal -9.373853103065889e-19 0.9238795325112871 -0.38268343236508867
    outer loop
      vertex 29.142857142857142 19.560660171779823 0.4393398282201786
      vertex 29.142857142857142 20 1.4999999999999998
      vertex 34.57142857142857 20 1.4999999999999998
    endloop
  endfacet
  facet normal -0.923879532511287 0.3826834323650892 0
    outer loop
      vertex 0 18.5 12
      vertex 0 18.5 18
      vertex 0.4393398282201786 19.560660171779823 18
    endloop
  endfacet
  facet normal -0.923879532511287 0.3826834323650892 -2.8034928906860114e-18
    outer loop
      vertex 0 18.5 12
      vertex 0.4393398282201786 19.560660171779823 18
      vertex 0.4393398282201786 19.560660171779823 12
    endloop
  endfacet
  facet normal -0.38268343236508867 0.9238795325112871 0
    outer loop
      vertex 0.4393398282201786 19.560660171779823 12
      vertex 0.4393398282201786 19.560660171779823 18
      vertex 1.4999999999999998 20 18
    endloop
  endfacet
  facet normal -0.38268343236508867 0.9238795325112871 -8.481105188488183e-19
    outer loop
      vertex 0.4393398282201786 19.560660171779823 12
      vertex 1.4999999999999998 20 18
      vertex 1.4999999999999998 20 12
    endloop
  endfacet
  facet normal -0.923879532511287 0.3826834323650892 0
    outer loop
      vertex 0 18.5 18
      vertex 0 18.5 24
      vertex 0.4393398282201786 19.560660171779823 24
    endloop
  endfacet
  facet normal -0.923879532511287 0.3826834323650892 -2.8034928906860114e-18
    outer loop
      vertex 0 18.5 18
      vertex 0.4393398282201786 19.560660171779823 24
      vertex 0.4393398282201786 19.560660171779823 18
    endloop
  endfacet
  facet normal -0.38268343236508867 0.9238795325112871 0
    outer loop
      vertex 0.4393398282201786 19.560660171779823 18
      vertex 0.4393398282201786 19.560660171779823 24
      vertex 1.4999999999999998 20 24
    endloop
  endfacet
  facet normal -0.38268343236508867 0.9238795325112871 -8.481105188488183e-19
    outer loop
      vertex 0.4393398282201786 19.560660171779823 18
      vertex 1.4999999999999998 20 24
      vertex 1.4999999999999998 20 18
    endloop
  endfacet
  facet normal 0.923879532511287 0.3826834323650892 0
    outer loop
      vertex 2 18.5 12
      vertex 1.5606601717798214 19.560660171779823 18
      vertex 2 18.5 18
    endloop
  endfacet
  facet normal 0.923879532511287 0.3826834323650892 2.8034928906860114e-18
    outer loop
      vertex 2 18.5 12
      vertex 1.5606601717798214 19.560660171779823 12
      vertex 1.5606601717798214 19.560660171779823 18
    endloop
  endfacet
  facet normal 0.38268343236508867 0.9238795325112871 0
    outer loop
      vertex 1.5606601717798214 19.560660171779823 12
      vertex 0.5000000000000002 20 18
      vertex 1.5606601717798214 19.560660171779823 18
    endloop
  endfacet
  facet normal 0.38268343236508867 0.9238795325112871 8.481105188488183e-19
    outer loop
      vertex 1.5606601717798214 19.560660171779823 12
      vertex 0.5000000000000002 20 12
      vertex 0.5000000000000002 20 18
    endloop
  endfacet
  facet normal 0.923879532511287 0.3826834323650892 0
    outer loop
      vertex 2 18.5 18
      vertex 1.5606601717798214 19.560660171779823 24
      vertex 2 18.5 24
    endloop
  endfacet
  facet normal 0.923879532511287 0.3826834323650892 2.8034928906860114e-18
    outer loop
      vertex 2 18.5 18
      vertex 1.5606601717798214 19.560660171779823 18
      vertex 1.5606601717798214 19.560660171779823 24
    endloop
  endfacet
  facet normal 0.38268343236508867 0.9238795325112871 0
    outer loop
      vertex 1.5606601717798214 19.560660171779823 18
      vertex 0.5000000000000002 20 24
      vertex 1.5606601717798214 19.560660171779823 24
    endloop
  endfacet
  facet normal 0.38268343236508867 0.9238795325112871 8.481105188488183e-19
    outer loop
      vertex 1.5606601717798214 19.560660171779823 18
      vertex 0.5000000000000002 20 18
      vertex 0.5000000000000002 20 24
    endloop
  endfacet
  facet normal 0 0.3826834323650896 0.9238795325112868
    outer loop
      vertex 7.428571428571428 18.5 6
      vertex 12.857142857142856 18.5 6
      vertex 12.857142857142856 19.560660171779823 5.560660171779821
    endloop
  endfacet
  facet normal -1.2238267848818906e-18 0.3826834323650896 0.9238795325112868
    outer loop
      vertex 7.428571428571428 18.5 6
      vertex 12.857142857142856 19.560660171779823 5.560660171779821
      vertex 7.428571428571428 19.560660171779823 5.560660171779821
    endloop
  endfacet
  facet normal 0 0.9238795325112871 0.3826834323650888
    outer loop
      vertex 7.428571428571428 19.560660171779823 5.560660171779821
      vertex 12.857142857142856 19.560660171779823 5.560660171779821
      vertex 12.857142857142856 20 4.5
    endloop
  endfacet
  facet normal -1.2238267848818931e-18 0.9238795325112871 0.3826834323650888
    outer loop
      vertex 7.428571428571428 19.560660171779823 5.560660171779821
      vertex 12.857142857142856 20 4.5
      vertex 7.428571428571428 20 4.5
    endloop
  endfacet
  facet normal 0 0.38268343236508956 0.9238795325112868
    outer loop
      vertex 12.857142857142856 18.5 6
      vertex 18.285714285714285 18.5 6
      vertex 18.285714285714285 19.560660171779823 5.560660171779821
    endloop
  endfacet
  facet normal -1.2238267848818904e-18 0.38268343236508956 0.9238795325112868
    outer loop
      vertex 12.857142857142856 18.5 6
      vertex 18.285714285714285 19.560660171779823 5.560660171779821
      vertex 12.857142857142856 19.560660171779823 5.560660171779821
    endloop
  endfacet
  facet normal 0 0.9238795325112871 0.3826834323650888
    outer loop
      vertex 12.857142857142856 19.560660171779823 5.560660171779821
      vertex 18.285714285714285 19.560660171779823 5.560660171779821
      vertex 18.285714285714285 20 4.5
    endloop
  endfacet
  facet normal -1.223826784881893e-18 0.9238795325112871 0.3826834323650888
    outer loop
      vertex 12.857142857142856 19.560660171779823 5.560660171779821
      vertex 18.285714285714285 20 4.5
      vertex 12.857142857142856 20 4.5
    endloop
  endfacet
  facet normal 0 0.38268343236508956 0.9238795325112868
    outer loop
      vertex 18.285714285714285 18.5 6
      vertex 23.71428571428571 18.5 6
      vertex 23.71428571428571 19.560660171779823 5.560660171779821
    endloop
  endfacet
  facet normal -1.2238267848818908e-18 0.38268343236508956 0.9238795325112868
    outer loop
      vertex 18.285714285714285 18.5 6
      vertex 23.71428571428571 19.560660171779823 5.560660171779821
      vertex 18.285714285714285 19.560660171779823 5.560660171779821
    endloop
  endfacet
  facet normal 0 0.9238795325112872 0.38268343236508884
    outer loop
      vertex 18.285714285714285 19.560660171779823 5.560660171779821
      vertex 23.71428571428571 19.560660171779823 5.560660171779821
      vertex 23.71428571428571 20 4.5
    endloop
  endfacet
  facet normal -1.2238267848818935e-18 0.9238795325112872 0.38268343236508884
    outer loop
      vertex 18.285714285714285 19.560660171779823 5.560660171779821
      vertex 23.71428571428571 20 4.5
      vertex 18.285714285714285 20 4.5
    endloop
  endfacet
  facet normal 0 0.38268343236508956 0.9238795325112868
    outer loop
      vertex 23.71428571428571 18.5 6
      vertex 29.142857142857142 18.5 6
      vertex 29.142857142857142 19.560660171779823 5.560660171779821
    endloop
  endfacet
  facet normal -1.22382678488189e-18 0.38268343236508956 0.9238795325112868
    outer loop
      vertex 23.71428571428571 18.5 6
      vertex 29.142857142857142 19.560660171779823 5.560660171779821
      vertex 23.71428571428571 19.560660171779823 5.560660171779821
    endloop
  endfacet
  facet normal 0 0.9238795325112872 0.3826834323650888
    outer loop
      vertex 23.71428571428571 19.560660171779823 5.560660171779821
      vertex 29.142857142857142 19.560660171779823 5.560660171779821
      vertex 29.142857142857142 20 4.5
    endloop
  endfacet
  facet normal -1.2238267848818926e-18 0.9238795325112872 0.3826834323650888
    outer loop
      vertex 23.71428571428571 19.560660171779823 5.560660171779821
      vertex 29.142857142857142 20 4.5
      vertex 23.71428571428571 20 4.5
    endloop
  endfacet
  facet normal 0 0.38268343236508956 0.9238795325112868
    outer loop
      vertex 29.142857142857142 18.5 6
      vertex 34.57142857142857 18.5 6
      vertex 34.57142857142857 19.560660171779823 5.560660171779821
    endloop
  endfacet
  facet normal -1.2238267848818908e-18 0.38268343236508956 0.9238795325112868
    outer loop
      vertex 29.142857142857142 18.5 6
      vertex 34.57142857142857 19.560660171779823 5.560660171779821
      vertex 29.142857142857142 19.560660171779823 5.560660171779821
    endloop
  endfacet
  facet normal 0 0.9238795325112872 0.38268343236508884
    outer loop
      vertex 29.142857142857142 19.560660171779823 5.560660171779821
      vertex 34.57142857142857 19.560660171779823 5.560660171779821
      vertex 34.57142857142857 20 4.5
    endloop
  endfacet
  facet normal -1.2238267848818935e-18 0.9238795325112872 0.38268343236508884
    outer loop
      vertex 29.142857142857142 19.560660171779823 5.560660171779821
      vertex 34.57142857142857 20 4.5
      vertex 29.142857142857142 20 4.5
    endloop
  endfacet
  facet normal 0.9238795325112872 0 -0.3826834323650887
    outer loop
      vertex 40 5 1.4999999999999998
      vertex 39.56066017177982 10 0.4393398282201786
      vertex 40 10 1.4999999999999998
    endloop
  endfacet
  facet normal 0.9238795325112872 -1.017732622618582e-18 -0.3826834323650887
    outer loop
      vertex 40 5 1.4999999999999998
      vertex 39.56066017177982 5 0.4393398282201786
      vertex 39.56066017177982 10 0.4393398282201786
    endloop
  endfacet
  facet normal 0.3826834323650892 0 -0.923879532511287
    outer loop
      vertex 39.56066017177982 5 0.4393398282201786
      vertex 38.5 10 0
      vertex 39.56066017177982 10 0.4393398282201786
    endloop
  endfacet
  facet normal 0.3826834323650892 -3.3641914688232137e-18 -0.923879532511287
    outer loop
      vertex 39.56066017177982 5 0.4393398282201786
      vertex 38.5 5 0
      vertex 38.5 10 0
    endloop
  endfacet
  facet normal 0.9238795325112872 0 -0.3826834323650887
    outer loop
      vertex 40 10 1.4999999999999998
      vertex 39.56066017177982 15 0.4393398282201786
      vertex 40 15 1.4999999999999998
    endloop
  endfacet
  facet normal 0.9238795325112872 -1.017732622618582e-18 -0.3826834323650887
    outer loop
      vertex 40 10 1.4999999999999998
      vertex 39.56066017177982 10 0.4393398282201786
      vertex 39.56066017177982 15 0.4393398282201786
    endloop
  endfacet
  facet normal 0.3826834323650892 0 -0.923879532511287
    outer loop
      vertex 39.56066017177982 10 0.4393398282201786
      vertex 38.5 15 0
      vertex 39.56066017177982 15 0.4393398282201786
    endloop
  endfacet
  facet normal 0.3826834323650892 -3.3641914688232137e-18 -0.923879532511287
    outer loop
      vertex 39.56066017177982 10 0.4393398282201786
      vertex 38.5 10 0
      vertex 38.5 15 0
    endloop
  endfacet
  facet normal 0.38268343236508956 0 0.9238795325112868
    outer loop
      vertex 38.5 5 6
      vertex 39.56066017177982 10 5.560660171779821
      vertex 38.5 10 6
    endloop
  endfacet
  facet normal 0.38268343236508956 -1.3287262235860526e-18 0.9238795325112868
    outer loop
      vertex 38.5 5 6
      vertex 39.56066017177982 5 5.560660171779821
      vertex 39.56066017177982 10 5.560660171779821
    endloop
  endfacet
  facet normal 0.9238795325112873 0 0.38268343236508884
    outer loop
      vertex 39.56066017177982 5 5.560660171779821
      vertex 40 10 4.5
      vertex 39.56066017177982 10 5.560660171779821
    endloop
  endfacet
  facet normal 0.9238795325112873 -1.3287262235860555e-18 0.38268343236508884
    outer loop
      vertex 39.56066017177982 5 5.560660171779821
      vertex 40 5 4.5
      vertex 40 10 4.5
    endloop
  endfacet
  facet normal 0.38268343236508956 0 0.9238795325112868
    outer loop
      vertex 38.5 10 6
      vertex 39.56066017177982 15 5.560660171779821
      vertex 38.5 15 6
    endloop
  endfacet
  facet normal 0.38268343236508956 -1.3287262235860526e-18 0.9238795325112868
    outer loop
      vertex 38.5 10 6
      vertex 39.56066017177982 10 5.560660171779821
      vertex 39.56066017177982 15 5.560660171779821
    endloop
  endfacet
  facet normal 0.9238795325112873 0 0.38268343236508884
    outer loop
      vertex 39.56066017177982 10 5.560660171779821
      vertex 40 15 4.5
      vertex 39.56066017177982 15 5.560660171779821
    endloop
  endfacet
  facet normal 0.9238795325112873 -1.3287262235860555e-18 0.38268343236508884
    outer loop
      vertex 39.56066017177982 10 5.560660171779821
      vertex 40 10 4.5
      vertex 40 15 4.5
    endloop
  endfacet
  facet normal -0.8628562094610169 -0.3574067443365932 -0.3574067443365932
    outer loop
      vertex 0 1.4999999999999998 1.4999999999999998
      vertex 0.4393398282201786 1.4999999999999998 0.4393398282201786
      vertex 0.4393398282201786 0.4393398282201786 1.4999999999999998
    endloop
  endfacet
  facet normal -0.5773502691896257 -0.5773502691896257 -0.5773502691896257
    outer loop
      vertex 0.4393398282201786 1.4999999999999998 0.4393398282201786
      vertex 1.4999999999999998 0.4393398282201786 0.4393398282201786
      vertex 0.4393398282201786 0.4393398282201786 1.4999999999999998
    endloop
  endfacet
  facet normal -0.3574067443365932 -0.8628562094610169 -0.3574067443365932
    outer loop
      vertex 0.4393398282201786 0.4393398282201786 1.4999999999999998
      vertex 1.4999999999999998 0.4393398282201786 0.4393398282201786
      vertex 1.4999999999999998 0 1.4999999999999998
    endloop
  endfacet
  facet normal -0.35740674433659314 -0.35740674433659314 -0.8628562094610168
    outer loop
      vertex 0.4393398282201786 1.4999999999999998 0.4393398282201786
      vertex 1.4999999999999998 1.4999999999999998 0
      vertex 1.4999999999999998 0.4393398282201786 0.4393398282201786
    endloop
  endfacet
  facet normal 0.862856209461017 -0.3574067443365921 0.35740674433659375
    outer loop
      vertex 2 1.4999999999999998 7.5
      vertex 2.128679656440359 0.4393398282201786 6.128679656440359
      vertex 2.439339828220179 1.4999999999999998 6.439339828220179
    endloop
  endfacet
  facet normal 0.8628562094610164 -0.357406744336593 0.3574067443365943
    outer loop
      vertex 2 1.4999999999999998 7.5
      vertex 1.5606601717798214 0.4393398282201786 7.5
      vertex 2.128679656440359 0.4393398282201786 6.128679656440359
    endloop
  endfacet
  facet normal 0.3779644730092268 -0.9124869568340761 0.15655801081562193
    outer loop
      vertex 1.5606601717798214 0.4393398282201786 7.5
      vertex 1.3786796564403585 -2.220446049250313e-16 5.378679656440359
      vertex 2.128679656440359 0.4393398282201786 6.128679656440359
    endloop
  endfacet
  facet normal 0.37796447300922714 -0.912486956834076 0.15655801081562187
    outer loop
      vertex 1.5606601717798214 0.4393398282201786 7.5
      vertex 0.5000000000000002 0 7.5
      vertex 1.3786796564403585 -2.220446049250313e-16 5.378679656440359
    endloop
  endfacet
  facet normal 0.35740674433659353 -0.3574067443365935 0.8628562094610166
    outer loop
      vertex 2.439339828220179 1.4999999999999998 6.439339828220179
      vertex 3.5 0.4393398282201786 5.560660171779821
      vertex 3.5 1.4999999999999998 6
    endloop
  endfacet
  facet normal 0.35740674433659475 -0.35740674433659225 0.8628562094610166
    outer loop
      vertex 2.439339828220179 1.4999999999999998 6.439339828220179
      vertex 2.128679656440359 0.4393398282201786 6.128679656440359
      vertex 3.5 0.4393398282201786 5.560660171779821
    endloop
  endfacet
  facet normal 0.15655801081562218 -0.9124869568340759 0.37796447300922714
    outer loop
      vertex 2.128679656440359 0.4393398282201786 6.128679656440359
      vertex 3.5 0 4.5
      vertex 3.5 0.4393398282201786 5.560660171779821
    endloop
  endfacet
  facet normal 0.15655801081562185 -0.912486956834076 0.3779644730092269
    outer loop
      vertex 2.128679656440359 0.4393398282201786 6.128679656440359
      vertex 1.3786796564403585 -2.220446049250313e-16 5.378679656440359
      vertex 3.5 0 4.5
    endloop
  endfacet
  facet normal -2.527025671956056e-16 -1 0
    outer loop
      vertex 0.5000000000000002 0 4.5
      vertex 1.3786796564403585 -2.220446049250313e-16 5.378679656440359
      vertex 0.5000000000000002 0 7.5
    endloop
  endfacet
  facet normal 0 -1 -2.527025671956054e-16
    outer loop
      vertex 1.3786796564403585 -2.220446049250313e-16 5.378679656440359
      vertex 0.5000000000000002 0 4.5
      vertex 3.5 0 4.5
    endloop
  endfacet
  facet normal -0.8628562094610172 -0.3574067443365933 0.35740674433659275
    outer loop
      vertex 0 1.4999999999999998 28.5
      vertex 0.4393398282201786 0.4393398282201786 28.5
      vertex 0.4393398282201786 1.4999999999999998 29.560660171779823
    endloop
  endfacet
  facet normal -0.5773502691896261 -0.5773502691896261 0.5773502691896252
    outer loop
      vertex 0.4393398282201786 1.4999999999999998 29.560660171779823
      vertex 0.4393398282201786 0.4393398282201786 28.5
      vertex 1.4999999999999998 0.4393398282201786 29.560660171779823
    endloop
  endfacet
  facet normal -0.3574067443365933 -0.8628562094610172 0.35740674433659275
    outer loop
      vertex 0.4393398282201786 0.4393398282201786 28.5
      vertex 1.4999999999999998 0 28.5
      vertex 1.4999999999999998 0.4393398282201786 29.560660171779823
    endloop
  endfacet
  facet normal -0.3574067443365924 -0.3574067443365924 0.8628562094610175
    outer loop
      vertex 0.4393398282201786 1.4999999999999998 29.560660171779823
      vertex 1.4999999999999998 0.4393398282201786 29.560660171779823
      vertex 1.4999999999999998 1.4999999999999998 30
    endloop
  endfacet
  facet normal 0.8628562094610172 -0.3574067443365933 0.35740674433659275
    outer loop
      vertex 2 1.4999999999999998 28.5
      vertex 1.5606601717798214 1.4999999999999998 29.560660171779823
      vertex 1.5606601717798214 0.4393398282201786 28.5
    endloop
  endfacet
  facet normal 0.5773502691896261 -0.5773502691896261 0.5773502691896252
    outer loop
      vertex 1.5606601717798214 0.4393398282201786 28.5
      vertex 1.5606601717798214 1.4999999999999998 29.560660171779823
      vertex 0.5000000000000002 0.4393398282201786 29.560660171779823
    endloop
  endfacet
  facet normal 0.3574067443365924 -0.3574067443365924 0.8628562094610175
    outer loop
      vertex 1.5606601717798214 1.4999999999999998 29.560660171779823
      vertex 0.5000000000000002 1.4999999999999998 30
      vertex 0.5000000000000002 0.4393398282201786 29.560660171779823
    endloop
  endfacet
  facet normal 0.3574067443365933 -0.8628562094610172 0.35740674433659275
    outer loop
      vertex 1.5606601717798214 0.4393398282201786 28.5
      vertex 0.5000000000000002 0.4393398282201786 29.560660171779823
      vertex 0.5000000000000002 0 28.5
    endloop
  endfacet
  facet normal -0.8628562094610172 0.35740674433659275 -0.3574067443365933
    outer loop
      vertex 0 18.5 1.4999999999999998
      vertex 0.4393398282201786 19.560660171779823 1.4999999999999998
      vertex 0.4393398282201786 18.5 0.4393398282201786
    endloop
  endfacet
  facet normal -0.5773502691896261 0.5773502691896252 -0.5773502691896261
    outer loop
      vertex 0.4393398282201786 19.560660171779823 1.4999999999999998
      vertex 1.4999999999999998 19.560660171779823 0.4393398282201786
      vertex 0.4393398282201786 18.5 0.4393398282201786
    endloop
  endfacet
  facet normal -0.35740674433659325 0.3574067443365927 -0.8628562094610169
    outer loop
      vertex 0.4393398282201786 18.5 0.4393398282201786
      vertex 1.4999999999999998 19.560660171779823 0.4393398282201786
      vertex 1.4999999999999998 18.5 0
    endloop
  endfacet
  facet normal -0.3574067443365924 0.8628562094610175 -0.3574067443365924
    outer loop
      vertex 0.4393398282201786 19.560660171779823 1.4999999999999998
      vertex 1.4999999999999998 20 1.4999999999999998
      vertex 1.4999999999999998 19.560660171779823 0.4393398282201786
    endloop
  endfacet
  facet normal 0.3574067443365937 0.3574067443365926 0.8628562094610169
    outer loop
      vertex 3.5 18.5 6
      vertex 2.128679656440358 19.560660171779823 6.128679656440358
      vertex 2.439339828220179 18.5 6.439339828220179
    endloop
  endfacet
  facet normal 0.3574067443365939 0.3574067443365929 0.8628562094610166
    outer loop
      vertex 3.5 18.5 6
      vertex 3.5 19.560660171779823 5.560660171779821
      vertex 2.128679656440358 19.560660171779823 6.128679656440358
    endloop
  endfacet
  facet normal 0.15655801081562135 0.9124869568340765 0.3779644730092259
    outer loop
      vertex 3.5 19.560660171779823 5.560660171779821
      vertex 1.378679656440358 20 5.378679656440358
      vertex 2.128679656440358 19.560660171779823 6.128679656440358
    endloop
  endfacet
  facet normal 0.15655801081562132 0.9124869568340765 0.3779644730092263
    outer loop
      vertex 3.5 19.560660171779823 5.560660171779821
      vertex 3.5 20 4.5
      vertex 1.378679656440358 20 5.378679656440358
    endloop
  endfacet
  facet normal 0.8628562094610169 0.35740674433659275 0.3574067443365937
    outer loop
      vertex 2.439339828220179 18.5 6.439339828220179
      vertex 1.5606601717798214 19.560660171779823 7.5
      vertex 2 18.5 7.5
    endloop
  endfacet
  facet normal 0.8628562094610169 0.3574067443365926 0.3574067443365938
    outer loop
      vertex 2.439339828220179 18.5 6.439339828220179
      vertex 2.128679656440358 19.560660171779823 6.128679656440358
      vertex 1.5606601717798214 19.560660171779823 7.5
    endloop
  endfacet
  facet normal 0.3779644730092262 0.9124869568340764 0.15655801081562132
    outer loop
      vertex 2.128679656440358 19.560660171779823 6.128679656440358
      vertex 0.5000000000000002 20 7.5
      vertex 1.5606601717798214 19.560660171779823 7.5
    endloop
  endfacet
  facet normal 0.3779644730092261 0.9124869568340765 0.1565580108156212
    outer loop
      vertex 2.128679656440358 19.560660171779823 6.128679656440358
      vertex 1.378679656440358 20 5.378679656440358
      vertex 0.5000000000000002 20 7.5
    endloop
  endfacet
  facet normal 0 1 0
    outer loop
      vertex 0.5000000000000002 20 4.5
      vertex 1.378679656440358 20 5.378679656440358
      vertex 3.5 20 4.5
    endloop
  endfacet
  facet normal 0 1 0
    outer loop
      vertex 1.378679656440358 20 5.378679656440358
      vertex 0.5000000000000002 20 4.5
      vertex 0.5000000000000002 20 7.5
    endloop
  endfacet
  facet normal -0.3574067443365924 0.3574067443365919 0.8628562094610177
    outer loop
      vertex 1.4999999999999998 18.5 30
      vertex 1.4999999999999998 19.560660171779823 29.560660171779823
      vertex 0.4393398282201786 18.5 29.560660171779823
    endloop
  endfacet
  facet normal -0.5773502691896263 0.5773502691896255 0.5773502691896255
    outer loop
      vertex 1.4999999999999998 19.560660171779823 29.560660171779823
      vertex 0.4393398282201786 19.560660171779823 28.5
      vertex 0.4393398282201786 18.5 29.560660171779823
    endloop
  endfacet
  facet normal -0.8628562094610172 0.3574067443365928 0.3574067443365928
    outer loop
      vertex 0.4393398282201786 18.5 29.560660171779823
      vertex 0.4393398282201786 19.560660171779823 28.5
      vertex 0 18.5 28.5
    endloop
  endfacet
  facet normal -0.3574067443365924 0.8628562094610177 0.3574067443365919
    outer loop
      vertex 1.4999999999999998 19.560660171779823 29.560660171779823
      vertex 1.4999999999999998 20 28.5
      vertex 0.4393398282201786 19.560660171779823 28.5
    endloop
  endfacet
  facet normal 0.8628562094610172 0.3574067443365928 0.3574067443365928
    outer loop
      vertex 2 18.5 28.5
      vertex 1.5606601717798214 19.560660171779823 28.5
      vertex 1.5606601717798214 18.5 29.560660171779823
    endloop
  endfacet
  facet normal 0.5773502691896263 0.5773502691896255 0.5773502691896255
    outer loop
      vertex 1.5606601717798214 19.560660171779823 28.5
      vertex 0.5000000000000002 19.560660171779823 29.560660171779823
      vertex 1.5606601717798214 18.5 29.560660171779823
    endloop
  endfacet
  facet normal 0.3574067443365924 0.3574067443365919 0.8628562094610177
    outer loop
      vertex 1.5606601717798214 18.5 29.560660171779823
      vertex 0.5000000000000002 19.560660171779823 29.560660171779823
      vertex 0.5000000000000002 18.5 30
    endloop
  endfacet
  facet normal 0.3574067443365924 0.8628562094610177 0.3574067443365919
    outer loop
      vertex 1.5606601717798214 19.560660171779823 28.5
      vertex 0.5000000000000002 20 28.5
      vertex 0.5000000000000002 19.560660171779823 29.560660171779823
    endloop
  endfacet
  facet normal 0.3574067443365927 -0.35740674433659325 -0.8628562094610169
    outer loop
      vertex 38.5 1.4999999999999998 0
      vertex 39.56066017177982 1.4999999999999998 0.4393398282201786
      vertex 38.5 0.4393398282201786 0.4393398282201786
    endloop
  endfacet
  facet normal 0.5773502691896252 -0.5773502691896261 -0.5773502691896261
    outer loop
      vertex 39.56066017177982 1.4999999999999998 0.4393398282201786
      vertex 39.56066017177982 0.4393398282201786 1.4999999999999998
      vertex 38.5 0.4393398282201786 0.4393398282201786
    endloop
  endfacet
  facet normal 0.35740674433659275 -0.8628562094610172 -0.3574067443365933
    outer loop
      vertex 38.5 0.4393398282201786 0.4393398282201786
      vertex 39.56066017177982 0.4393398282201786 1.4999999999999998
      vertex 38.5 0 1.4999999999999998
    endloop
  endfacet
  facet normal 0.8628562094610175 -0.3574067443365924 -0.3574067443365924
    outer loop
      vertex 39.56066017177982 1.4999999999999998 0.4393398282201786
      vertex 40 1.4999999999999998 1.4999999999999998
      vertex 39.56066017177982 0.4393398282201786 1.4999999999999998
    endloop
  endfacet
  facet normal 0.3574067443365928 -0.862856209461017 0.3574067443365934
    outer loop
      vertex 38.5 0 4.5
      vertex 39.56066017177982 0.4393398282201786 4.5
      vertex 38.5 0.4393398282201786 5.560660171779821
    endloop
  endfacet
  facet normal 0.5773502691896252 -0.577350269189626 0.5773502691896262
    outer loop
      vertex 39.56066017177982 0.4393398282201786 4.5
      vertex 39.56066017177982 1.4999999999999998 5.560660171779821
      vertex 38.5 0.4393398282201786 5.560660171779821
    endloop
  endfacet
  facet normal 0.357406744336593 -0.35740674433659353 0.8628562094610168
    outer loop
      vertex 38.5 0.4393398282201786 5.560660171779821
      vertex 39.56066017177982 1.4999999999999998 5.560660171779821
      vertex 38.5 1.4999999999999998 6
    endloop
  endfacet
  facet normal 0.8628562094610175 -0.35740674433659236 0.3574067443365925
    outer loop
      vertex 39.56066017177982 0.4393398282201786 4.5
      vertex 40 1.4999999999999998 4.5
      vertex 39.56066017177982 1.4999999999999998 5.560660171779821
    endloop
  endfacet
  facet normal 0.8628562094610177 0.3574067443365919 -0.3574067443365924
    outer loop
      vertex 40 18.5 1.4999999999999998
      vertex 39.56066017177982 18.5 0.4393398282201786
      vertex 39.56066017177982 19.560660171779823 1.4999999999999998
    endloop
  endfacet
  facet normal 0.5773502691896255 0.5773502691896255 -0.5773502691896263
    outer loop
      vertex 39.56066017177982 19.560660171779823 1.4999999999999998
      vertex 39.56066017177982 18.5 0.4393398282201786
      vertex 38.5 19.560660171779823 0.4393398282201786
    endloop
  endfacet
  facet normal 0.3574067443365928 0.3574067443365928 -0.8628562094610172
    outer loop
      vertex 39.56066017177982 18.5 0.4393398282201786
      vertex 38.5 18.5 0
      vertex 38.5 19.560660171779823 0.4393398282201786
    endloop
  endfacet
  facet normal 0.3574067443365919 0.8628562094610177 -0.3574067443365924
    outer loop
      vertex 39.56066017177982 19.560660171779823 1.4999999999999998
      vertex 38.5 19.560660171779823 0.4393398282201786
      vertex 38.5 20 1.4999999999999998
    endloop
  endfacet
  facet normal 0.3574067443365931 0.3574067443365931 0.8628562094610169
    outer loop
      vertex 38.5 18.5 6
      vertex 39.56066017177982 18.5 5.560660171779821
      vertex 38.5 19.560660171779823 5.560660171779821
    endloop
  endfacet
  facet normal 0.5773502691896254 0.5773502691896254 0.5773502691896264
    outer loop
      vertex 39.56066017177982 18.5 5.560660171779821
      vertex 39.56066017177982 19.560660171779823 4.5
      vertex 38.5 19.560660171779823 5.560660171779821
    endloop
  endfacet
  facet normal 0.357406744336592 0.8628562094610176 0.35740674433659253
    outer loop
      vertex 38.5 19.560660171779823 5.560660171779821
      vertex 39.56066017177982 19.560660171779823 4.5
      vertex 38.5 20 4.5
    endloop
  endfacet
  facet normal 0.8628562094610176 0.357406744336592 0.35740674433659253
    outer loop
      vertex 39.56066017177982 18.5 5.560660171779821
      vertex 40 18.5 4.5
      vertex 39.56066017177982 19.560660171779823 4.5
    endloop
  endfacet
endsolid OpenSCAD_Model
