solid OpenSCAD_Model
  facet normal 0 -1 0
    outer loop
      vertex 2.9999999999999996 0 2.9999999999999996
      vertex 21 0 3.0000000000000004
      vertex 11 0 3.0000000000000004
    endloop
  endfacet
  facet normal 0 -1 0
    outer loop
      vertex 2.9999999999999996 0 2.9999999999999996
      vertex 37 0 3.0000000000000004
      vertex 21 0 3.0000000000000004
    endloop
  endfacet
  facet normal 0 0 1
    outer loop
      vertex 2.9999999999999996 21 6
      vertex 2.9999999999999996 2.9999999999999996 6
      vertex 5 2.9999999999999996 6
    endloop
  endfacet
  facet normal 0 0 1
    outer loop
      vertex 5 2.9999999999999996 6
      vertex 5 21 6
      vertex 2.9999999999999996 21 6
    endloop
  endfacet
  facet normal 0 0 -1
    outer loop
      vertex 17 2.9999999999999996 6
      vertex 15 2.9999999999999996 6
      vertex 17 21 6
    endloop
  endfacet
  facet normal 0 0 -1
    outer loop
      vertex 15 21 6
      vertex 17 21 6
      vertex 15 2.9999999999999996 6
    endloop
  endfacet
  facet normal 0 0 -1
    outer loop
      vertex 37 2.9999999999999996 0
      vertex 2.9999999999999996 2.9999999999999996 0
      vertex 2.9999999999999996 21 0
    endloop
  endfacet
  facet normal 0 0 -1
    outer loop
      vertex 2.9999999999999996 21 0
      vertex 37 21 0
      vertex 37 2.9999999999999996 0
    endloop
  endfacet
  facet normal 0 1 0
    outer loop
      vertex 2.9999999999999996 24 2.9999999999999996
      vertex 11 24 3.0000000000000004
      vertex 37 24 2.9999999999999996
    endloop
  endfacet
  facet normal 0 1 0
    outer loop
      vertex 11 24 3.0000000000000004
      vertex 21 24 3.0000000000000004
      vertex 37 24 2.9999999999999996
    endloop
  endfacet
  facet normal 0 0 1
    outer loop
      vertex 27 21 6
      vertex 27 2.9999999999999996 6
      vertex 37 2.9999999999999996 6
    endloop
  endfacet
  facet normal 0 0 1
    outer loop
      vertex 37 2.9999999999999996 6
      vertex 37 21 6
      vertex 27 21 6
    endloop
  endfacet
  facet normal 1 0 0
    outer loop
      vertex 14 2.9999999999999996 23
      vertex 14 2.9999999999999996 9
      vertex 14 21 9
    endloop
  endfacet
  facet normal 1 0 0
    outer loop
      vertex 14 21 9
      vertex 14 21 23
      vertex 14 2.9999999999999996 23
    endloop
  endfacet
  facet normal -1 0 0
    outer loop
      vertex 8 21 9
      vertex 8 2.9999999999999996 9
      vertex 8 2.9999999999999996 23
    endloop
  endfacet
  facet normal -1 0 0
    outer loop
      vertex 8 2.9999999999999996 23
      vertex 8 21 23
      vertex 8 21 9
    endloop
  endfacet
  facet normal -1 0 0
    outer loop
      vertex 18 21 9
      vertex 18 2.9999999999999996 9
      vertex 18 2.9999999999999996 23
    endloop
  endfacet
  facet normal -1 0 0
    outer loop
      vertex 18 2.9999999999999996 23
      vertex 18 21 23
      vertex 18 21 9
    endloop
  endfacet
  facet normal 1 0 0
    outer loop
      vertex 24 2.9999999999999996 23
      vertex 24 2.9999999999999996 9
      vertex 24 21 9
    endloop
  endfacet
  facet normal 1 0 0
    outer loop
      vertex 24 21 9
      vertex 24 21 23
      vertex 24 2.9999999999999996 23
    endloop
  endfacet
  facet normal -0.9659258262890683 1.2770971692636231e-17 -0.2588190451025206
    outer loop
      vertex 0 2.9999999999999996 2.9999999999999996
      vertex 0 21 3.0000000000000004
      vertex 0.401923788646684 21 1.4999999999999996
    endloop
  endfacet
  facet normal -0.9659258262890682 0 -0.2588190451025207
    outer loop
      vertex 0 2.9999999999999996 2.9999999999999996
      vertex 0.401923788646684 21 1.4999999999999996
      vertex 0.401923788646684 2.9999999999999996 1.4999999999999996
    endloop
  endfacet
  facet normal -0.7071067811865474 0 -0.7071067811865477
    outer loop
      vertex 0.401923788646684 2.9999999999999996 1.4999999999999996
      vertex 0.401923788646684 21 1.4999999999999996
      vertex 1.5 21 0.401923788646684
    endloop
  endfacet
  facet normal -0.7071067811865474 -3.7929049428832125e-18 -0.7071067811865477
    outer loop
      vertex 0.401923788646684 2.9999999999999996 1.4999999999999996
      vertex 1.5 21 0.401923788646684
      vertex 1.5 2.9999999999999996 0.401923788646684
    endloop
  endfacet
  facet normal -0.2588190451025208 0 -0.9659258262890682
    outer loop
      vertex 1.5 2.9999999999999996 0.401923788646684
      vertex 1.5 21 0.401923788646684
      vertex 2.9999999999999996 21 0
    endloop
  endfacet
  facet normal -0.2588190451025208 -1.5581666901722734e-18 -0.9659258262890682
    outer loop
      vertex 1.5 2.9999999999999996 0.401923788646684
      vertex 2.9999999999999996 21 0
      vertex 2.9999999999999996 2.9999999999999996 0
    endloop
  endfacet
  facet normal 6.761102660807416e-18 -0.9659258262890683 -0.2588190451025206
    outer loop
      vertex 2.9999999999999996 0 2.9999999999999996
      vertex 37 0.401923788646684 1.4999999999999996
      vertex 37 0 3.0000000000000004
    endloop
  endfacet
  facet normal 0 -0.9659258262890683 -0.25881904510252074
    outer loop
      vertex 2.9999999999999996 0 2.9999999999999996
      vertex 2.9999999999999996 0.401923788646684 1.4999999999999996
      vertex 37 0.401923788646684 1.4999999999999996
    endloop
  endfacet
  facet normal 0 -0.7071067811865475 -0.7071067811865477
    outer loop
      vertex 2.9999999999999996 0.401923788646684 1.4999999999999996
      vertex 37 1.5 0.401923788646684
      vertex 37 0.401923788646684 1.4999999999999996
    endloop
  endfacet
  facet normal -2.0080084991734657e-18 -0.7071067811865475 -0.7071067811865477
    outer loop
      vertex 2.9999999999999996 0.401923788646684 1.4999999999999996
      vertex 2.9999999999999996 1.5 0.401923788646684
      vertex 37 1.5 0.401923788646684
    endloop
  endfacet
  facet normal 0 -0.2588190451025208 -0.9659258262890683
    outer loop
      vertex 2.9999999999999996 1.5 0.401923788646684
      vertex 37 2.9999999999999996 0
      vertex 37 1.5 0.401923788646684
    endloop
  endfacet
  facet normal -8.249117771500272e-19 -0.2588190451025208 -0.9659258262890683
    outer loop
      vertex 2.9999999999999996 1.5 0.401923788646684
      vertex 2.9999999999999996 2.9999999999999996 0
      vertex 37 2.9999999999999996 0
    endloop
  endfacet
  facet normal 0 -1 0
    outer loop
      vertex 2.9999999999999996 0 2.9999999999999996
      vertex 11 0 3.0000000000000004
      vertex 9.184792530904096 0 5.226681596905678
    endloop
  endfacet
  facet normal -0.0927794754458268 -0.9617594811444399 0.2577026762856281
    outer loop
      vertex 2.9999999999999996 0 2.9999999999999996
      vertex 9.184792530904096 0 5.226681596905678
      vertex 2.9999999999999996 0.401923788646684 4.5
    endloop
  endfacet
  facet normal -0.11485264846053725 -0.855994569406933 0.5040656368841657
    outer loop
      vertex 2.9999999999999996 0.401923788646684 4.5
      vertex 9.184792530904096 0 5.226681596905678
      vertex 6.815207469095904 0.773318403094323 6
    endloop
  endfacet
  facet normal -0.2047433859113989 -0.6921272086565937 0.6921272086565937
    outer loop
      vertex 2.9999999999999996 0.401923788646684 4.5
      vertex 6.815207469095904 0.773318403094323 6
      vertex 2.9999999999999996 1.5 5.598076211353316
    endloop
  endfacet
  facet normal -0.12312851055582327 -0.10037528146376108 0.9873014599196008
    outer loop
      vertex 2.9999999999999996 1.5 5.598076211353316
      vertex 6.815207469095904 0.773318403094323 6
      vertex 5 2.9999999999999996 6
    endloop
  endfacet
  facet normal 1.4023500211550458e-17 -0.2588190451025208 0.9659258262890682
    outer loop
      vertex 2.9999999999999996 1.5 5.598076211353316
      vertex 5 2.9999999999999996 6
      vertex 2.9999999999999996 2.9999999999999996 6
    endloop
  endfacet
  facet normal -0.9659258262890682 -1.277097169263624e-17 0.2588190451025208
    outer loop
      vertex 0 2.9999999999999996 2.9999999999999996
      vertex 0.401923788646684 21 4.5
      vertex 0 21 3.0000000000000004
    endloop
  endfacet
  facet normal -0.9659258262890684 -1.5581666901722728e-18 0.2588190451025207
    outer loop
      vertex 0 2.9999999999999996 2.9999999999999996
      vertex 0.401923788646684 2.9999999999999996 4.5
      vertex 0.401923788646684 21 4.5
    endloop
  endfacet
  facet normal -0.7071067811865476 0 0.7071067811865476
    outer loop
      vertex 0.401923788646684 2.9999999999999996 4.5
      vertex 1.5 21 5.598076211353316
      vertex 0.401923788646684 21 4.5
    endloop
  endfacet
  facet normal -0.7071067811865476 -2.592580903434907e-18 0.7071067811865476
    outer loop
      vertex 0.401923788646684 2.9999999999999996 4.5
      vertex 1.5 2.9999999999999996 5.598076211353316
      vertex 1.5 21 5.598076211353316
    endloop
  endfacet
  facet normal -0.2588190451025208 0 0.9659258262890682
    outer loop
      vertex 1.5 2.9999999999999996 5.598076211353316
      vertex 2.9999999999999996 21 6
      vertex 1.5 21 5.598076211353316
    endloop
  endfacet
  facet normal -0.2588190451025208 1.5581666901722734e-18 0.9659258262890682
    outer loop
      vertex 1.5 2.9999999999999996 5.598076211353316
      vertex 2.9999999999999996 2.9999999999999996 6
      vertex 2.9999999999999996 21 6
    endloop
  endfacet
  facet normal -0.9659258262890684 -0.25881904510252074 0
    outer loop
      vertex 8 2.9999999999999996 9
      vertex 8.401923788646684 1.4999999999999996 23
      vertex 8 2.9999999999999996 23
    endloop
  endfacet
  facet normal -0.9994203174308518 -0.021511226566425703 0.026387425755902923
    outer loop
      vertex 8 2.9999999999999996 9
      vertex 8 0.7733184030943216 7.184792530904096
      vertex 8.401923788646684 1.4999999999999996 23
    endloop
  endfacet
  facet normal -0.7062082543484496 -0.7062082543484498 0.050396458012748134
    outer loop
      vertex 8 0.7733184030943216 7.184792530904096
      vertex 9.5 0.401923788646684 23
      vertex 8.401923788646684 1.4999999999999996 23
    endloop
  endfacet
  facet normal -0.6383533469025972 -0.7685694964540396 0.04249627770330814
    outer loop
      vertex 8 0.7733184030943216 7.184792530904096
      vertex 8.773318403094324 0 4.815207469095905
      vertex 9.5 0.401923788646684 23
    endloop
  endfacet
  facet normal -0.258689168403494 -0.9654411198495813 0.03167583075935458
    outer loop
      vertex 8.773318403094324 0 4.815207469095905
      vertex 11 0 23
      vertex 9.5 0.401923788646684 23
    endloop
  endfacet
  facet normal 0 -1 0
    outer loop
      vertex 8.773318403094324 0 4.815207469095905
      vertex 11 0 3.0000000000000004
      vertex 11 0 23
    endloop
  endfacet
  facet normal -0.2588190451025207 0 0.9659258262890682
    outer loop
      vertex 5 2.9999999999999996 6
      vertex 6.5 21 6.401923788646684
      vertex 5 21 6
    endloop
  endfacet
  facet normal -0.2588190451025207 0 0.9659258262890682
    outer loop
      vertex 5 2.9999999999999996 6
      vertex 6.5 2.9999999999999996 6.401923788646684
      vertex 6.5 21 6.401923788646684
    endloop
  endfacet
  facet normal -0.7071067811865476 0 0.7071067811865476
    outer loop
      vertex 6.5 2.9999999999999996 6.401923788646684
      vertex 7.598076211353316 21 7.5
      vertex 6.5 21 6.401923788646684
    endloop
  endfacet
  facet normal -0.7071067811865476 -2.592580903434907e-18 0.7071067811865476
    outer loop
      vertex 6.5 2.9999999999999996 6.401923788646684
      vertex 7.598076211353316 2.9999999999999996 7.5
      vertex 7.598076211353316 21 7.5
    endloop
  endfacet
  facet normal -0.9659258262890682 0 0.2588190451025207
    outer loop
      vertex 7.598076211353316 2.9999999999999996 7.5
      vertex 8 21 9
      vertex 7.598076211353316 21 7.5
    endloop
  endfacet
  facet normal -0.9659258262890682 0 0.2588190451025207
    outer loop
      vertex 7.598076211353316 2.9999999999999996 7.5
      vertex 8 2.9999999999999996 9
      vertex 8 21 9
    endloop
  endfacet
  facet normal 0 -1 0
    outer loop
      vertex 11 0 3.0000000000000004
      vertex 21 0 3.0000000000000004
      vertex 19.184792530904094 0 5.226681596905678
    endloop
  endfacet
  facet normal 0 -1 0
    outer loop
      vertex 11 0 3.0000000000000004
      vertex 19.184792530904094 0 5.226681596905678
      vertex 12.815207469095904 0 5.226681596905678
    endloop
  endfacet
  facet normal 0 -0.7071067811865471 0.7071067811865479
    outer loop
      vertex 12.815207469095904 0 5.226681596905678
      vertex 19.184792530904094 0 5.226681596905678
      vertex 16.815207469095906 0.773318403094323 6
    endloop
  endfacet
  facet normal 2.611311768014308e-17 -0.7071067811865471 0.7071067811865478
    outer loop
      vertex 12.815207469095904 0 5.226681596905678
      vertex 16.815207469095906 0.773318403094323 6
      vertex 15.184792530904096 0.773318403094323 6
    endloop
  endfacet
  facet normal 0 0 1
    outer loop
      vertex 15.184792530904096 0.773318403094323 6
      vertex 16.815207469095906 0.773318403094323 6
      vertex 15 2.9999999999999996 6
    endloop
  endfacet
  facet normal 0 0 -1
    outer loop
      vertex 15.184792530904096 0.773318403094323 6
      vertex 15 2.9999999999999996 6
      vertex 17 2.9999999999999996 6
    endloop
  endfacet
  facet normal 0.2588190451025207 -0.9659258262890683 0
    outer loop
      vertex 11 0 3.0000000000000004
      vertex 12.5 0.401923788646684 23
      vertex 11 0 23
    endloop
  endfacet
  facet normal -0.017442781637290253 -0.9996188918377522 0.02139673923330823
    outer loop
      vertex 11 0 3.0000000000000004
      vertex 13.226681596905676 0 4.815207469095904
      vertex 12.5 0.401923788646684 23
    endloop
  endfacet
  facet normal 0.7064268487058939 -0.7064268487058942 0.04384307077429252
    outer loop
      vertex 13.226681596905676 0 4.815207469095904
      vertex 13.598076211353316 1.4999999999999996 23
      vertex 12.5 0.401923788646684 23
    endloop
  endfacet
  facet normal 0.622492883141478 -0.7809158423160155 0.05170162142600758
    outer loop
      vertex 13.226681596905676 0 4.815207469095904
      vertex 14 0.773318403094323 7.184792530904095
      vertex 13.598076211353316 1.4999999999999996 23
    endloop
  endfacet
  facet normal 0.9652851473601912 -0.25864737570092045 0.03641592136471109
    outer loop
      vertex 14 0.773318403094323 7.184792530904095
      vertex 14 2.9999999999999996 23
      vertex 13.598076211353316 1.4999999999999996 23
    endloop
  endfacet
  facet normal 1 0 0
    outer loop
      vertex 14 0.773318403094323 7.184792530904095
      vertex 14 2.9999999999999996 9
      vertex 14 2.9999999999999996 23
    endloop
  endfacet
  facet normal 0.2588190451025207 0 0.9659258262890682
    outer loop
      vertex 17 2.9999999999999996 6
      vertex 17 21 6
      vertex 15.5 21 6.401923788646684
    endloop
  endfacet
  facet normal 0.2588190451025207 0 0.9659258262890682
    outer loop
      vertex 17 2.9999999999999996 6
      vertex 15.5 21 6.401923788646684
      vertex 15.5 2.9999999999999996 6.401923788646684
    endloop
  endfacet
  facet normal 0.7071067811865476 0 0.7071067811865476
    outer loop
      vertex 15.5 2.9999999999999996 6.401923788646684
      vertex 15.5 21 6.401923788646684
      vertex 14.401923788646684 21 7.5
    endloop
  endfacet
  facet normal 0.7071067811865476 2.592580903434907e-18 0.7071067811865476
    outer loop
      vertex 15.5 2.9999999999999996 6.401923788646684
      vertex 14.401923788646684 21 7.5
      vertex 14.401923788646684 2.9999999999999996 7.5
    endloop
  endfacet
  facet normal 0.9659258262890682 0 0.2588190451025207
    outer loop
      vertex 14.401923788646684 2.9999999999999996 7.5
      vertex 14.401923788646684 21 7.5
      vertex 14 21 9
    endloop
  endfacet
  facet normal 0.9659258262890682 0 0.2588190451025207
    outer loop
      vertex 14.401923788646684 2.9999999999999996 7.5
      vertex 14 21 9
      vertex 14 2.9999999999999996 9
    endloop
  endfacet
  facet normal -0.9659258262890684 -0.25881904510252074 0
    outer loop
      vertex 18 2.9999999999999996 9
      vertex 18.401923788646684 1.4999999999999996 23
      vertex 18 2.9999999999999996 23
    endloop
  endfacet
  facet normal -0.9994203174308518 -0.021511226566425703 0.026387425755902923
    outer loop
      vertex 18 2.9999999999999996 9
      vertex 18 0.7733184030943216 7.184792530904096
      vertex 18.401923788646684 1.4999999999999996 23
    endloop
  endfacet
  facet normal -0.7062082543484496 -0.7062082543484498 0.050396458012748134
    outer loop
      vertex 18 0.7733184030943216 7.184792530904096
      vertex 19.5 0.401923788646684 23
      vertex 18.401923788646684 1.4999999999999996 23
    endloop
  endfacet
  facet normal -0.6383533469025978 -0.768569496454039 0.042496277703308216
    outer loop
      vertex 18 0.7733184030943216 7.184792530904096
      vertex 18.773318403094322 0 4.815207469095905
      vertex 19.5 0.401923788646684 23
    endloop
  endfacet
  facet normal -0.258689168403494 -0.9654411198495813 0.03167583075935461
    outer loop
      vertex 18.773318403094322 0 4.815207469095905
      vertex 21 0 23
      vertex 19.5 0.401923788646684 23
    endloop
  endfacet
  facet normal 0 -1 0
    outer loop
      vertex 18.773318403094322 0 4.815207469095905
      vertex 21 0 3.0000000000000004
      vertex 21 0 23
    endloop
  endfacet
  facet normal -0.2588190451025207 0 0.9659258262890682
    outer loop
      vertex 15 2.9999999999999996 6
      vertex 16.5 21 6.401923788646684
      vertex 15 21 6
    endloop
  endfacet
  facet normal -0.2588190451025207 0 0.9659258262890682
    outer loop
      vertex 15 2.9999999999999996 6
      vertex 16.5 2.9999999999999996 6.401923788646684
      vertex 16.5 21 6.401923788646684
    endloop
  endfacet
  facet normal -0.7071067811865476 0 0.7071067811865476
    outer loop
      vertex 16.5 2.9999999999999996 6.401923788646684
      vertex 17.598076211353316 21 7.5
      vertex 16.5 21 6.401923788646684
    endloop
  endfacet
  facet normal -0.7071067811865476 -2.592580903434907e-18 0.7071067811865476
    outer loop
      vertex 16.5 2.9999999999999996 6.401923788646684
      vertex 17.598076211353316 2.9999999999999996 7.5
      vertex 17.598076211353316 21 7.5
    endloop
  endfacet
  facet normal -0.9659258262890682 0 0.2588190451025207
    outer loop
      vertex 17.598076211353316 2.9999999999999996 7.5
      vertex 18 21 9
      vertex 17.598076211353316 21 7.5
    endloop
  endfacet
  facet normal -0.9659258262890682 0 0.2588190451025207
    outer loop
      vertex 17.598076211353316 2.9999999999999996 7.5
      vertex 18 2.9999999999999996 9
      vertex 18 21 9
    endloop
  endfacet
  facet normal -0.9659258262890682 0 0.2588190451025207
    outer loop
      vertex 8 2.9999999999999996 23
      vertex 8.401923788646684 21 24.5
      vertex 8 21 23
    endloop
  endfacet
  facet normal -0.9659258262890682 0 0.2588190451025207
    outer loop
      vertex 8 2.9999999999999996 23
      vertex 8.401923788646684 2.9999999999999996 24.5
      vertex 8.401923788646684 21 24.5
    endloop
  endfacet
  facet normal -0.7071067811865476 0 0.7071067811865476
    outer loop
      vertex 8.401923788646684 2.9999999999999996 24.5
      vertex 9.5 21 25.598076211353316
      vertex 8.401923788646684 21 24.5
    endloop
  endfacet
  facet normal -0.7071067811865476 -2.592580903434907e-18 0.7071067811865476
    outer loop
      vertex 8.401923788646684 2.9999999999999996 24.5
      vertex 9.5 2.9999999999999996 25.598076211353316
      vertex 9.5 21 25.598076211353316
    endloop
  endfacet
  facet normal -0.2588190451025207 0 0.9659258262890682
    outer loop
      vertex 9.5 2.9999999999999996 25.598076211353316
      vertex 11 21 26
      vertex 9.5 21 25.598076211353316
    endloop
  endfacet
  facet normal -0.2588190451025207 0 0.9659258262890682
    outer loop
      vertex 9.5 2.9999999999999996 25.598076211353316
      vertex 11 2.9999999999999996 26
      vertex 11 21 26
    endloop
  endfacet
  facet normal 0.9659258262890682 0 0.2588190451025207
    outer loop
      vertex 14 2.9999999999999996 23
      vertex 14 21 23
      vertex 13.598076211353316 21 24.5
    endloop
  endfacet
  facet normal 0.9659258262890682 0 0.2588190451025207
    outer loop
      vertex 14 2.9999999999999996 23
      vertex 13.598076211353316 21 24.5
      vertex 13.598076211353316 2.9999999999999996 24.5
    endloop
  endfacet
  facet normal 0.7071067811865476 0 0.7071067811865476
    outer loop
      vertex 13.598076211353316 2.9999999999999996 24.5
      vertex 13.598076211353316 21 24.5
      vertex 12.5 21 25.598076211353316
    endloop
  endfacet
  facet normal 0.7071067811865476 2.592580903434907e-18 0.7071067811865476
    outer loop
      vertex 13.598076211353316 2.9999999999999996 24.5
      vertex 12.5 21 25.598076211353316
      vertex 12.5 2.9999999999999996 25.598076211353316
    endloop
  endfacet
  facet normal 0.2588190451025207 0 0.9659258262890682
    outer loop
      vertex 12.5 2.9999999999999996 25.598076211353316
      vertex 12.5 21 25.598076211353316
      vertex 11 21 26
    endloop
  endfacet
  facet normal 0.2588190451025207 0 0.9659258262890682
    outer loop
      vertex 12.5 2.9999999999999996 25.598076211353316
      vertex 11 21 26
      vertex 11 2.9999999999999996 26
    endloop
  endfacet
  facet normal -0.9659258262890682 0 0.2588190451025207
    outer loop
      vertex 18 2.9999999999999996 23
      vertex 18.401923788646684 21 24.5
      vertex 18 21 23
    endloop
  endfacet
  facet normal -0.9659258262890682 0 0.2588190451025207
    outer loop
      vertex 18 2.9999999999999996 23
      vertex 18.401923788646684 2.9999999999999996 24.5
      vertex 18.401923788646684 21 24.5
    endloop
  endfacet
  facet normal -0.7071067811865476 0 0.7071067811865476
    outer loop
      vertex 18.401923788646684 2.9999999999999996 24.5
      vertex 19.5 21 25.598076211353316
      vertex 18.401923788646684 21 24.5
    endloop
  endfacet
  facet normal -0.7071067811865476 -2.592580903434907e-18 0.7071067811865476
    outer loop
      vertex 18.401923788646684 2.9999999999999996 24.5
      vertex 19.5 2.9999999999999996 25.598076211353316
      vertex 19.5 21 25.598076211353316
    endloop
  endfacet
  facet normal -0.2588190451025207 0 0.9659258262890682
    outer loop
      vertex 19.5 2.9999999999999996 25.598076211353316
      vertex 21 21 26
      vertex 19.5 21 25.598076211353316
    endloop
  endfacet
  facet normal -0.2588190451025207 0 0.9659258262890682
    outer loop
      vertex 19.5 2.9999999999999996 25.598076211353316
      vertex 21 2.9999999999999996 26
      vertex 21 21 26
    endloop
  endfacet
  facet normal 0 0.25881904510252074 -0.9659258262890683
    outer loop
      vertex 2.9999999999999996 21 0
      vertex 37 22.5 0.401923788646684
      vertex 37 21 0
    endloop
  endfacet
  facet normal 0 0.25881904510252074 -0.9659258262890683
    outer loop
      vertex 2.9999999999999996 21 0
      vertex 2.9999999999999996 22.5 0.401923788646684
      vertex 37 22.5 0.401923788646684
    endloop
  endfacet
  facet normal 0 0.7071067811865475 -0.7071067811865477
    outer loop
      vertex 2.9999999999999996 22.5 0.401923788646684
      vertex 37 23.598076211353316 1.4999999999999996
      vertex 37 22.5 0.401923788646684
    endloop
  endfacet
  facet normal 2.0080084991734657e-18 0.7071067811865475 -0.7071067811865477
    outer loop
      vertex 2.9999999999999996 22.5 0.401923788646684
      vertex 2.9999999999999996 23.598076211353316 1.4999999999999996
      vertex 37 23.598076211353316 1.4999999999999996
    endloop
  endfacet
  facet normal 0 0.9659258262890683 -0.25881904510252074
    outer loop
      vertex 2.9999999999999996 23.598076211353316 1.4999999999999996
      vertex 37 24 2.9999999999999996
      vertex 37 23.598076211353316 1.4999999999999996
    endloop
  endfacet
  facet normal 0 0.9659258262890683 -0.25881904510252074
    outer loop
      vertex 2.9999999999999996 23.598076211353316 1.4999999999999996
      vertex 2.9999999999999996 24 2.9999999999999996
      vertex 37 24 2.9999999999999996
    endloop
  endfacet
  facet normal 0 0 1
    outer loop
      vertex 2.9999999999999996 21 6
      vertex 5 21 6
      vertex 6.815207469095904 23.226681596905678 6
    endloop
  endfacet
  facet normal -0.149360950075951 0.25591580453753004 0.9550907849939282
    outer loop
      vertex 2.9999999999999996 21 6
      vertex 6.815207469095904 23.226681596905678 6
      vertex 2.9999999999999996 22.5 5.598076211353316
    endloop
  endfacet
  facet normal -0.20861828627552248 0.9328763030721382 0.2936327873346646
    outer loop
      vertex 2.9999999999999996 22.5 5.598076211353316
      vertex 6.815207469095904 23.226681596905678 6
      vertex 9.184792530904096 24 5.226681596905676
    endloop
  endfacet
  facet normal -0.12797240633650656 0.7012927574189127 0.7012927574189127
    outer loop
      vertex 2.9999999999999996 22.5 5.598076211353316
      vertex 9.184792530904096 24 5.226681596905676
      vertex 2.9999999999999996 23.598076211353316 4.5
    endloop
  endfacet
  facet normal -0.05913254206053381 0.9970855492333012 -0.04820528995437493
    outer loop
      vertex 2.9999999999999996 23.598076211353316 4.5
      vertex 9.184792530904096 24 5.226681596905676
      vertex 11 24 3.0000000000000004
    endloop
  endfacet
  facet normal -3.224056136131914e-17 0.9659258262890682 0.25881904510252063
    outer loop
      vertex 2.9999999999999996 23.598076211353316 4.5
      vertex 11 24 3.0000000000000004
      vertex 2.9999999999999996 24 2.9999999999999996
    endloop
  endfacet
  facet normal -0.9659258262890684 0.25881904510252074 0
    outer loop
      vertex 8 21 9
      vertex 8 21 23
      vertex 8.401923788646684 22.5 23
    endloop
  endfacet
  facet normal -0.9994203174308518 0.021511226566425703 0.026387425755902923
    outer loop
      vertex 8 21 9
      vertex 8.401923788646684 22.5 23
      vertex 8 23.226681596905678 7.184792530904096
    endloop
  endfacet
  facet normal -0.7062082543484498 0.7062082543484498 0.050396458012748134
    outer loop
      vertex 8 23.226681596905678 7.184792530904096
      vertex 8.401923788646684 22.5 23
      vertex 9.5 23.598076211353316 23
    endloop
  endfacet
  facet normal -0.6383533469025973 0.7685694964540394 0.04249627770330814
    outer loop
      vertex 8 23.226681596905678 7.184792530904096
      vertex 9.5 23.598076211353316 23
      vertex 8.773318403094324 24 4.815207469095904
    endloop
  endfacet
  facet normal -0.258689168403494 0.9654411198495813 0.03167583075935458
    outer loop
      vertex 8.773318403094324 24 4.815207469095904
      vertex 9.5 23.598076211353316 23
      vertex 11 24 23
    endloop
  endfacet
  facet normal 0 1 0
    outer loop
      vertex 8.773318403094324 24 4.815207469095904
      vertex 11 24 23
      vertex 11 24 3.0000000000000004
    endloop
  endfacet
  facet normal 0 0 -1
    outer loop
      vertex 17 21 6
      vertex 15 21 6
      vertex 16.815207469095906 23.226681596905678 6
    endloop
  endfacet
  facet normal 0 0 1
    outer loop
      vertex 17 21 6
      vertex 16.815207469095906 23.226681596905678 6
      vertex 15.184792530904096 23.226681596905678 6
    endloop
  endfacet
  facet normal 0 0.7071067811865483 0.7071067811865468
    outer loop
      vertex 15.184792530904096 23.226681596905678 6
      vertex 16.815207469095906 23.226681596905678 6
      vertex 19.184792530904097 24 5.226681596905676
    endloop
  endfacet
  facet normal 6.280426234565948e-18 0.7071067811865483 0.7071067811865468
    outer loop
      vertex 15.184792530904096 23.226681596905678 6
      vertex 19.184792530904097 24 5.226681596905676
      vertex 12.815207469095904 24 5.226681596905676
    endloop
  endfacet
  facet normal 0 1 0
    outer loop
      vertex 12.815207469095904 24 5.226681596905676
      vertex 19.184792530904097 24 5.226681596905676
      vertex 21 24 3.0000000000000004
    endloop
  endfacet
  facet normal 0 1 0
    outer loop
      vertex 12.815207469095904 24 5.226681596905676
      vertex 21 24 3.0000000000000004
      vertex 11 24 3.0000000000000004
    endloop
  endfacet
  facet normal 0.9659258262890684 0.25881904510252074 0
    outer loop
      vertex 14 21 9
      vertex 13.598076211353316 22.5 23
      vertex 14 21 23
    endloop
  endfacet
  facet normal 0.9994203174308518 0.021511226566425703 0.026387425755902923
    outer loop
      vertex 14 21 9
      vertex 14 23.226681596905678 7.184792530904096
      vertex 13.598076211353316 22.5 23
    endloop
  endfacet
  facet normal 0.7062082543484498 0.7062082543484498 0.050396458012748134
    outer loop
      vertex 14 23.226681596905678 7.184792530904096
      vertex 12.5 23.598076211353316 23
      vertex 13.598076211353316 22.5 23
    endloop
  endfacet
  facet normal 0.6383533469025973 0.7685694964540394 0.04249627770330814
    outer loop
      vertex 14 23.226681596905678 7.184792530904096
      vertex 13.226681596905676 24 4.815207469095904
      vertex 12.5 23.598076211353316 23
    endloop
  endfacet
  facet normal 0.258689168403494 0.9654411198495813 0.03167583075935458
    outer loop
      vertex 13.226681596905676 24 4.815207469095904
      vertex 11 24 23
      vertex 12.5 23.598076211353316 23
    endloop
  endfacet
  facet normal 0 1 0
    outer loop
      vertex 13.226681596905676 24 4.815207469095904
      vertex 11 24 3.0000000000000004
      vertex 11 24 23
    endloop
  endfacet
  facet normal -0.9659258262890684 0.25881904510252074 0
    outer loop
      vertex 18 21 9
      vertex 18 21 23
      vertex 18.401923788646684 22.5 23
    endloop
  endfacet
  facet normal -0.9994203174308518 0.021511226566425703 0.026387425755902923
    outer loop
      vertex 18 21 9
      vertex 18.401923788646684 22.5 23
      vertex 18 23.226681596905678 7.184792530904096
    endloop
  endfacet
  facet normal -0.7062082543484498 0.7062082543484498 0.050396458012748134
    outer loop
      vertex 18 23.226681596905678 7.184792530904096
      vertex 18.401923788646684 22.5 23
      vertex 19.5 23.598076211353316 23
    endloop
  endfacet
  facet normal -0.6383533469025979 0.7685694964540388 0.042496277703308216
    outer loop
      vertex 18 23.226681596905678 7.184792530904096
      vertex 19.5 23.598076211353316 23
      vertex 18.773318403094322 24 4.815207469095904
    endloop
  endfacet
  facet normal -0.258689168403494 0.9654411198495813 0.0316758307593546
    outer loop
      vertex 18.773318403094322 24 4.815207469095904
      vertex 19.5 23.598076211353316 23
      vertex 21 24 23
    endloop
  endfacet
  facet normal 0 1 0
    outer loop
      vertex 18.773318403094322 24 4.815207469095904
      vertex 21 24 23
      vertex 21 24 3.0000000000000004
    endloop
  endfacet
  facet normal 0 -0.9659258262890682 0.2588190451025208
    outer loop
      vertex 21 0 3.0000000000000004
      vertex 37 0 3.0000000000000004
      vertex 37 0.401923788646684 4.5
    endloop
  endfacet
  facet normal 0.027182203274030457 -0.999384861079663 -0.0221591351354728
    outer loop
      vertex 21 0 3.0000000000000004
      vertex 37 0.401923788646684 4.5
      vertex 22.815207469095906 0 5.226681596905678
    endloop
  endfacet
  facet normal 0.05617174196618853 -0.7059903453321738 0.7059903453321738
    outer loop
      vertex 22.815207469095906 0 5.226681596905678
      vertex 37 0.401923788646684 4.5
      vertex 37 1.5 5.598076211353316
    endloop
  endfacet
  facet normal 0.06953572016804518 -0.8038387876246823 0.5907689794926544
    outer loop
      vertex 22.815207469095906 0 5.226681596905678
      vertex 37 1.5 5.598076211353316
      vertex 25.184792530904094 0.773318403094323 6
    endloop
  endfacet
  facet normal 0.04871884470513708 -0.2585117057803765 0.9647788203236619
    outer loop
      vertex 25.184792530904094 0.773318403094323 6
      vertex 37 1.5 5.598076211353316
      vertex 37 2.9999999999999996 6
    endloop
  endfacet
  facet normal 0 0 1
    outer loop
      vertex 25.184792530904094 0.773318403094323 6
      vertex 37 2.9999999999999996 6
      vertex 27 2.9999999999999996 6
    endloop
  endfacet
  facet normal 0.2588190451025207 -0.9659258262890683 0
    outer loop
      vertex 21 0 3.0000000000000004
      vertex 22.5 0.401923788646684 23
      vertex 21 0 23
    endloop
  endfacet
  facet normal -0.01744278163729024 -0.9996188918377522 0.02139673923330823
    outer loop
      vertex 21 0 3.0000000000000004
      vertex 23.226681596905678 0 4.815207469095904
      vertex 22.5 0.401923788646684 23
    endloop
  endfacet
  facet normal 0.7064268487058939 -0.7064268487058942 0.043843070774292586
    outer loop
      vertex 23.226681596905678 0 4.815207469095904
      vertex 23.598076211353316 1.4999999999999996 23
      vertex 22.5 0.401923788646684 23
    endloop
  endfacet
  facet normal 0.6224928831414788 -0.7809158423160147 0.051701621426007566
    outer loop
      vertex 23.226681596905678 0 4.815207469095904
      vertex 24 0.773318403094323 7.184792530904095
      vertex 23.598076211353316 1.4999999999999996 23
    endloop
  endfacet
  facet normal 0.9652851473601912 -0.25864737570092045 0.03641592136471109
    outer loop
      vertex 24 0.773318403094323 7.184792530904095
      vertex 24 2.9999999999999996 23
      vertex 23.598076211353316 1.4999999999999996 23
    endloop
  endfacet
  facet normal 1 0 0
    outer loop
      vertex 24 0.773318403094323 7.184792530904095
      vertex 24 2.9999999999999996 9
      vertex 24 2.9999999999999996 23
    endloop
  endfacet
  facet normal 0.2588190451025207 0 0.9659258262890682
    outer loop
      vertex 27 2.9999999999999996 6
      vertex 27 21 6
      vertex 25.5 21 6.401923788646684
    endloop
  endfacet
  facet normal 0.2588190451025207 0 0.9659258262890682
    outer loop
      vertex 27 2.9999999999999996 6
      vertex 25.5 21 6.401923788646684
      vertex 25.5 2.9999999999999996 6.401923788646684
    endloop
  endfacet
  facet normal 0.7071067811865476 0 0.7071067811865476
    outer loop
      vertex 25.5 2.9999999999999996 6.401923788646684
      vertex 25.5 21 6.401923788646684
      vertex 24.401923788646684 21 7.5
    endloop
  endfacet
  facet normal 0.7071067811865476 2.592580903434907e-18 0.7071067811865476
    outer loop
      vertex 25.5 2.9999999999999996 6.401923788646684
      vertex 24.401923788646684 21 7.5
      vertex 24.401923788646684 2.9999999999999996 7.5
    endloop
  endfacet
  facet normal 0.9659258262890682 0 0.2588190451025207
    outer loop
      vertex 24.401923788646684 2.9999999999999996 7.5
      vertex 24.401923788646684 21 7.5
      vertex 24 21 9
    endloop
  endfacet
  facet normal 0.9659258262890682 0 0.2588190451025207
    outer loop
      vertex 24.401923788646684 2.9999999999999996 7.5
      vertex 24 21 9
      vertex 24 2.9999999999999996 9
    endloop
  endfacet
  facet normal 0.2588190451025207 0 -0.9659258262890682
    outer loop
      vertex 37 2.9999999999999996 0
      vertex 37 21 0
      vertex 38.5 21 0.401923788646684
    endloop
  endfacet
  facet normal 0.2588190451025207 0 -0.9659258262890682
    outer loop
      vertex 37 2.9999999999999996 0
      vertex 38.5 21 0.401923788646684
      vertex 38.5 2.9999999999999996 0.401923788646684
    endloop
  endfacet
  facet normal 0.7071067811865474 0 -0.7071067811865477
    outer loop
      vertex 38.5 2.9999999999999996 0.401923788646684
      vertex 38.5 21 0.401923788646684
      vertex 39.598076211353316 21 1.4999999999999996
    endloop
  endfacet
  facet normal 0.7071067811865474 3.7929049428832125e-18 -0.7071067811865477
    outer loop
      vertex 38.5 2.9999999999999996 0.401923788646684
      vertex 39.598076211353316 21 1.4999999999999996
      vertex 39.598076211353316 2.9999999999999996 1.4999999999999996
    endloop
  endfacet
  facet normal 0.9659258262890682 0 -0.2588190451025207
    outer loop
      vertex 39.598076211353316 2.9999999999999996 1.4999999999999996
      vertex 39.598076211353316 21 1.4999999999999996
      vertex 40 21 2.9999999999999996
    endloop
  endfacet
  facet normal 0.9659258262890682 0 -0.2588190451025207
    outer loop
      vertex 39.598076211353316 2.9999999999999996 1.4999999999999996
      vertex 40 21 2.9999999999999996
      vertex 40 2.9999999999999996 2.9999999999999996
    endloop
  endfacet
  facet normal 0.2588190451025207 0 0.9659258262890682
    outer loop
      vertex 37 2.9999999999999996 6
      vertex 38.5 21 5.598076211353316
      vertex 37 21 6
    endloop
  endfacet
  facet normal 0.2588190451025207 0 0.9659258262890682
    outer loop
      vertex 37 2.9999999999999996 6
      vertex 38.5 2.9999999999999996 5.598076211353316
      vertex 38.5 21 5.598076211353316
    endloop
  endfacet
  facet normal 0.7071067811865476 0 0.7071067811865476
    outer loop
      vertex 38.5 2.9999999999999996 5.598076211353316
      vertex 39.598076211353316 21 4.5
      vertex 38.5 21 5.598076211353316
    endloop
  endfacet
  facet normal 0.7071067811865476 2.592580903434907e-18 0.7071067811865476
    outer loop
      vertex 38.5 2.9999999999999996 5.598076211353316
      vertex 39.598076211353316 2.9999999999999996 4.5
      vertex 39.598076211353316 21 4.5
    endloop
  endfacet
  facet normal 0.9659258262890684 0 0.2588190451025207
    outer loop
      vertex 39.598076211353316 2.9999999999999996 4.5
      vertex 40 21 2.9999999999999996
      vertex 39.598076211353316 21 4.5
    endloop
  endfacet
  facet normal 0.9659258262890684 1.5581666901722728e-18 0.2588190451025207
    outer loop
      vertex 39.598076211353316 2.9999999999999996 4.5
      vertex 40 2.9999999999999996 2.9999999999999996
      vertex 40 21 2.9999999999999996
    endloop
  endfacet
  facet normal 0.9659258262890682 0 0.2588190451025207
    outer loop
      vertex 24 2.9999999999999996 23
      vertex 24 21 23
      vertex 23.598076211353316 21 24.5
    endloop
  endfacet
  facet normal 0.9659258262890682 0 0.2588190451025207
    outer loop
      vertex 24 2.9999999999999996 23
      vertex 23.598076211353316 21 24.5
      vertex 23.598076211353316 2.9999999999999996 24.5
    endloop
  endfacet
  facet normal 0.7071067811865476 0 0.7071067811865476
    outer loop
      vertex 23.598076211353316 2.9999999999999996 24.5
      vertex 23.598076211353316 21 24.5
      vertex 22.5 21 25.598076211353316
    endloop
  endfacet
  facet normal 0.7071067811865476 2.592580903434907e-18 0.7071067811865476
    outer loop
      vertex 23.598076211353316 2.9999999999999996 24.5
      vertex 22.5 21 25.598076211353316
      vertex 22.5 2.9999999999999996 25.598076211353316
    endloop
  endfacet
  facet normal 0.2588190451025207 0 0.9659258262890682
    outer loop
      vertex 22.5 2.9999999999999996 25.598076211353316
      vertex 22.5 21 25.598076211353316
      vertex 21 21 26
    endloop
  endfacet
  facet normal 0.2588190451025207 0 0.9659258262890682
    outer loop
      vertex 22.5 2.9999999999999996 25.598076211353316
      vertex 21 21 26
      vertex 21 2.9999999999999996 26
    endloop
  endfacet
  facet normal 0 0.2588190451025207 0.9659258262890683
    outer loop
      vertex 27 21 6
      vertex 37 21 6
      vertex 37 22.5 5.598076211353316
    endloop
  endfacet
  facet normal 0.035774943264251055 0.029164000955499703 0.9989342393184384
    outer loop
      vertex 27 21 6
      vertex 37 22.5 5.598076211353316
      vertex 25.184792530904094 23.226681596905678 6
    endloop
  endfacet
  facet normal 0.06739029517429816 0.7054993083328717 0.7054993083328718
    outer loop
      vertex 25.184792530904094 23.226681596905678 6
      vertex 37 22.5 5.598076211353316
      vertex 37 23.598076211353316 4.5
    endloop
  endfacet
  facet normal 0.05390247070138611 0.7838160393926126 0.6186492867878897
    outer loop
      vertex 25.184792530904094 23.226681596905678 6
      vertex 37 23.598076211353316 4.5
      vertex 22.815207469095903 24 5.226681596905676
    endloop
  endfacet
  facet normal 0.040595062769925305 0.9651295949766813 0.2586056955653782
    outer loop
      vertex 22.815207469095903 24 5.226681596905676
      vertex 37 23.598076211353316 4.5
      vertex 37 24 2.9999999999999996
    endloop
  endfacet
  facet normal 0 1 0
    outer loop
      vertex 22.815207469095903 24 5.226681596905676
      vertex 37 24 2.9999999999999996
      vertex 21 24 3.0000000000000004
    endloop
  endfacet
  facet normal 0.9659258262890684 0.25881904510252074 0
    outer loop
      vertex 24 21 9
      vertex 23.598076211353316 22.5 23
      vertex 24 21 23
    endloop
  endfacet
  facet normal 0.9994203174308518 0.021511226566425703 0.026387425755902923
    outer loop
      vertex 24 21 9
      vertex 24 23.226681596905678 7.184792530904096
      vertex 23.598076211353316 22.5 23
    endloop
  endfacet
  facet normal 0.7062082543484498 0.7062082543484498 0.050396458012748134
    outer loop
      vertex 24 23.226681596905678 7.184792530904096
      vertex 22.5 23.598076211353316 23
      vertex 23.598076211353316 22.5 23
    endloop
  endfacet
  facet normal 0.6383533469025979 0.7685694964540388 0.042496277703308216
    outer loop
      vertex 24 23.226681596905678 7.184792530904096
      vertex 23.226681596905678 24 4.815207469095904
      vertex 22.5 23.598076211353316 23
    endloop
  endfacet
  facet normal 0.25868916840349404 0.9654411198495813 0.03167583075935461
    outer loop
      vertex 23.226681596905678 24 4.815207469095904
      vertex 21 24 23
      vertex 22.5 23.598076211353316 23
    endloop
  endfacet
  facet normal 0 1 0
    outer loop
      vertex 23.226681596905678 24 4.815207469095904
      vertex 21 24 3.0000000000000004
      vertex 21 24 23
    endloop
  endfacet
  facet normal -0.25056280708573153 -0.9351131265310294 -0.25056280708573153
    outer loop
      vertex 2.9999999999999996 0 2.9999999999999996
      vertex 1.4999999999999996 0.401923788646684 2.9999999999999996
      vertex 2.9999999999999996 0.401923788646684 1.4999999999999996
    endloop
  endfacet
  facet normal -0.374146452762368 -0.8485451453933811 -0.374146452762368
    outer loop
      vertex 1.4999999999999996 0.401923788646684 2.9999999999999996
      vertex 1.2679491924311228 1.2679491924311228 1.2679491924311228
      vertex 2.9999999999999996 0.401923788646684 1.4999999999999996
    endloop
  endfacet
  facet normal -0.25056280708573186 -0.6845503194452977 -0.6845503194452979
    outer loop
      vertex 2.9999999999999996 0.401923788646684 1.4999999999999996
      vertex 1.2679491924311228 1.2679491924311228 1.2679491924311228
      vertex 2.9999999999999996 1.5 0.401923788646684
    endloop
  endfacet
  facet normal -0.3741464527623679 -0.3741464527623679 -0.8485451453933812
    outer loop
      vertex 1.2679491924311228 1.2679491924311228 1.2679491924311228
      vertex 1.5 2.9999999999999996 0.401923788646684
      vertex 2.9999999999999996 1.5 0.401923788646684
    endloop
  endfacet
  facet normal -0.2505628070857316 -0.2505628070857316 -0.9351131265310294
    outer loop
      vertex 2.9999999999999996 1.5 0.401923788646684
      vertex 1.5 2.9999999999999996 0.401923788646684
      vertex 2.9999999999999996 2.9999999999999996 0
    endloop
  endfacet
  facet normal -0.6845503194452979 -0.6845503194452977 -0.25056280708573186
    outer loop
      vertex 1.4999999999999996 0.401923788646684 2.9999999999999996
      vertex 0.401923788646684 1.5 2.9999999999999996
      vertex 1.2679491924311228 1.2679491924311228 1.2679491924311228
    endloop
  endfacet
  facet normal -0.8485451453933811 -0.374146452762368 -0.3741464527623679
    outer loop
      vertex 0.401923788646684 1.5 2.9999999999999996
      vertex 0.401923788646684 2.9999999999999996 1.4999999999999996
      vertex 1.2679491924311228 1.2679491924311228 1.2679491924311228
    endloop
  endfacet
  facet normal -0.6845503194452977 -0.25056280708573186 -0.6845503194452979
    outer loop
      vertex 1.2679491924311228 1.2679491924311228 1.2679491924311228
      vertex 0.401923788646684 2.9999999999999996 1.4999999999999996
      vertex 1.5 2.9999999999999996 0.401923788646684
    endloop
  endfacet
  facet normal -0.9351131265310292 -0.2505628070857316 -0.25056280708573153
    outer loop
      vertex 0.401923788646684 1.5 2.9999999999999996
      vertex 0 2.9999999999999996 2.9999999999999996
      vertex 0.401923788646684 2.9999999999999996 1.4999999999999996
    endloop
  endfacet
  facet normal -0.25056280708573153 -0.9351131265310294 0.2505628070857315
    outer loop
      vertex 2.9999999999999996 0 2.9999999999999996
      vertex 2.9999999999999996 0.401923788646684 4.5
      vertex 1.4999999999999996 0.401923788646684 2.9999999999999996
    endloop
  endfacet
  facet normal -0.3741464527623679 -0.8485451453933813 0.3741464527623678
    outer loop
      vertex 2.9999999999999996 0.401923788646684 4.5
      vertex 1.2679491924311224 1.2679491924311224 4.732050807568877
      vertex 1.4999999999999996 0.401923788646684 2.9999999999999996
    endloop
  endfacet
  facet normal -0.684550319445298 -0.6845503194452977 0.2505628070857315
    outer loop
      vertex 1.4999999999999996 0.401923788646684 2.9999999999999996
      vertex 1.2679491924311224 1.2679491924311224 4.732050807568877
      vertex 0.401923788646684 1.5 2.9999999999999996
    endloop
  endfacet
  facet normal -0.8485451453933813 -0.37414645276236785 0.37414645276236763
    outer loop
      vertex 1.2679491924311224 1.2679491924311224 4.732050807568877
      vertex 0.401923788646684 2.9999999999999996 4.5
      vertex 0.401923788646684 1.5 2.9999999999999996
    endloop
  endfacet
  facet normal -0.9351131265310294 -0.25056280708573164 0.2505628070857315
    outer loop
      vertex 0.401923788646684 1.5 2.9999999999999996
      vertex 0.401923788646684 2.9999999999999996 4.5
      vertex 0 2.9999999999999996 2.9999999999999996
    endloop
  endfacet
  facet normal -0.25056280708573175 -0.6845503194452979 0.6845503194452979
    outer loop
      vertex 2.9999999999999996 0.401923788646684 4.5
      vertex 2.9999999999999996 1.5 5.598076211353316
      vertex 1.2679491924311224 1.2679491924311224 4.732050807568877
    endloop
  endfacet
  facet normal -0.3741464527623679 -0.3741464527623679 0.8485451453933811
    outer loop
      vertex 2.9999999999999996 1.5 5.598076211353316
      vertex 1.5 2.9999999999999996 5.598076211353316
      vertex 1.2679491924311224 1.2679491924311224 4.732050807568877
    endloop
  endfacet
  facet normal -0.6845503194452979 -0.25056280708573175 0.6845503194452979
    outer loop
      vertex 1.2679491924311224 1.2679491924311224 4.732050807568877
      vertex 1.5 2.9999999999999996 5.598076211353316
      vertex 0.401923788646684 2.9999999999999996 4.5
    endloop
  endfacet
  facet normal -0.2505628070857316 -0.2505628070857316 0.9351131265310294
    outer loop
      vertex 2.9999999999999996 1.5 5.598076211353316
      vertex 2.9999999999999996 2.9999999999999996 6
      vertex 1.5 2.9999999999999996 5.598076211353316
    endloop
  endfacet
  facet normal -0.7239232937411929 -0.2568205764884085 0.640295444518438
    outer loop
      vertex 6.5 2.9999999999999996 6.401923788646684
      vertex 7.014834007479564 1.2732813854332479 6.291417708668353
      vertex 6.865422180719911 2.1494157679865036 6.473906333969734
    endloop
  endfacet
  facet normal -0.2563548748290653 -0.13766262961557163 0.9567294176300319
    outer loop
      vertex 6.5 2.9999999999999996 6.401923788646684
      vertex 5 2.9999999999999996 6
      vertex 7.014834007479564 1.2732813854332479 6.291417708668353
    endloop
  endfacet
  facet normal -0.40804489549097617 -0.33264124653070165 0.850205365997098
    outer loop
      vertex 5 2.9999999999999996 6
      vertex 6.815207469095904 0.773318403094323 6
      vertex 7.014834007479564 1.2732813854332479 6.291417708668353
    endloop
  endfacet
  facet normal 0.32717130503101755 0.21836242752965937 0.9193893557180521
    outer loop
      vertex 6.865422180719911 2.1494157679865036 6.473906333969734
      vertex 7.281124688273133 1.9847451868910981 6.365086209560089
      vertex 6.5 2.9999999999999996 6.401923788646684
    endloop
  endfacet
  facet normal 0.18605257641792222 -0.16984234594555184 0.9677489428214141
    outer loop
      vertex 6.865422180719911 2.1494157679865036 6.473906333969734
      vertex 7.014834007479564 1.2732813854332479 6.291417708668353
      vertex 7.281124688273133 1.9847451868910981 6.365086209560089
    endloop
  endfacet
  facet normal 0.20998232315434942 -0.17813532671236973 0.961340329612661
    outer loop
      vertex 7.014834007479564 1.2732813854332479 6.291417708668353
      vertex 8.372813480765608 0.7720916892214761 5.901928925828103
      vertex 7.281124688273133 1.9847451868910981 6.365086209560089
    endloop
  endfacet
  facet normal 0.05331836772772386 -0.5186666225189066 0.8533124201297443
    outer loop
      vertex 7.014834007479564 1.2732813854332479 6.291417708668353
      vertex 6.815207469095904 0.773318403094323 6
      vertex 8.372813480765608 0.7720916892214761 5.901928925828103
    endloop
  endfacet
  facet normal 0.04839727901725654 -0.6282261711650184 0.7765240377780116
    outer loop
      vertex 6.815207469095904 0.773318403094323 6
      vertex 9.184792530904096 0 5.226681596905678
      vertex 8.372813480765608 0.7720916892214761 5.901928925828103
    endloop
  endfacet
  facet normal 0.7432943793808406 0.5585220782791189 0.3681936360878942
    outer loop
      vertex 7.281124688273133 1.9847451868910981 6.365086209560089
      vertex 7.54921665545807 1.909376900818258 5.938201045921741
      vertex 6.5 2.9999999999999996 6.401923788646684
    endloop
  endfacet
  facet normal 0.7549675677051129 0.5346194070363972 0.37974473180477036
    outer loop
      vertex 7.281124688273133 1.9847451868910981 6.365086209560089
      vertex 8.372813480765608 0.7720916892214761 5.901928925828103
      vertex 7.54921665545807 1.909376900818258 5.938201045921741
    endloop
  endfacet
  facet normal 0.7294328216204888 0.5138375319339588 0.45155149154752017
    outer loop
      vertex 8.372813480765608 0.7720916892214761 5.901928925828103
      vertex 9.313400773257968 0.6227982967159119 4.552398017812397
      vertex 7.54921665545807 1.909376900818258 5.938201045921741
    endloop
  endfacet
  facet normal 0.7778387730250934 0.3807256678417608 0.5000148088059615
    outer loop
      vertex 8.372813480765608 0.7720916892214761 5.901928925828103
      vertex 9.184792530904096 0 5.226681596905678
      vertex 9.313400773257968 0.6227982967159119 4.552398017812397
    endloop
  endfacet
  facet normal 0.6865321612582224 0.46416311463886 0.5596661456322569
    outer loop
      vertex 9.184792530904096 0 5.226681596905678
      vertex 11 0 3.0000000000000004
      vertex 9.313400773257968 0.6227982967159119 4.552398017812397
    endloop
  endfacet
  facet normal -0.5456497025710338 -0.1766220249513188 -0.8191892714057222
    outer loop
      vertex 7.54921665545807 1.909376900818258 5.938201045921741
      vertex 7.122331491819724 1.9847451868910981 6.206293013106679
      vertex 6.5 2.9999999999999996 6.401923788646684
    endloop
  endfacet
  facet normal -0.48566727714318925 0.23955635076291948 -0.8406783277339043
    outer loop
      vertex 7.54921665545807 1.909376900818258 5.938201045921741
      vertex 9.313400773257968 0.6227982967159119 4.552398017812397
      vertex 7.122331491819724 1.9847451868910981 6.206293013106679
    endloop
  endfacet
  facet normal -0.5622883264149854 0.09320890974650832 -0.8216714289308726
    outer loop
      vertex 9.313400773257968 0.6227982967159119 4.552398017812397
      vertex 7.963788392789949 0.7720916892214762 5.492903837852444
      vertex 7.122331491819724 1.9847451868910981 6.206293013106679
    endloop
  endfacet
  facet normal -0.41405745774066505 0.5952416658860423 -0.6886536000650448
    outer loop
      vertex 9.313400773257968 0.6227982967159119 4.552398017812397
      vertex 11 0 3.0000000000000004
      vertex 7.963788392789949 0.7720916892214762 5.492903837852444
    endloop
  endfacet
  facet normal -0.6317554229778507 0.017827504776216804 -0.7749627511122911
    outer loop
      vertex 11 0 3.0000000000000004
      vertex 8.773318403094324 0 4.815207469095905
      vertex 7.963788392789949 0.7720916892214762 5.492903837852444
    endloop
  endfacet
  facet normal -0.8539420564457202 -0.520072901428396 -0.017525451010013637
    outer loop
      vertex 7.122331491819724 1.9847451868910981 6.206293013106679
      vertex 7.013511367410079 2.1494157679865036 6.621995520659902
      vertex 6.5 2.9999999999999996 6.401923788646684
    endloop
  endfacet
  facet normal -0.8176346657185497 -0.5755680819054001 0.013961966446536342
    outer loop
      vertex 7.122331491819724 1.9847451868910981 6.206293013106679
      vertex 7.963788392789949 0.7720916892214762 5.492903837852444
      vertex 7.013511367410079 2.1494157679865036 6.621995520659902
    endloop
  endfacet
  facet normal -0.8369337545516032 -0.5459551401200133 -0.03840410744560383
    outer loop
      vertex 7.963788392789949 0.7720916892214762 5.492903837852444
      vertex 7.574483864060342 1.2733629121781003 6.850844526880693
      vertex 7.013511367410079 2.1494157679865036 6.621995520659902
    endloop
  endfacet
  facet normal -0.643944169675935 -0.7590766896777682 0.09559542629337356
    outer loop
      vertex 7.963788392789949 0.7720916892214762 5.492903837852444
      vertex 8.773318403094324 0 4.815207469095905
      vertex 7.574483864060342 1.2733629121781003 6.850844526880693
    endloop
  endfacet
  facet normal -0.751258815936644 -0.6593254385783496 -0.030002625234113834
    outer loop
      vertex 8.773318403094324 0 4.815207469095905
      vertex 8 0.7733184030943216 7.184792530904096
      vertex 7.574483864060342 1.2733629121781003 6.850844526880693
    endloop
  endfacet
  facet normal -0.6869623744551823 -0.2369923884132053 0.6869623744551823
    outer loop
      vertex 6.5 2.9999999999999996 6.401923788646684
      vertex 7.013511367410079 2.1494157679865036 6.621995520659902
      vertex 7.598076211353316 2.9999999999999996 7.5
    endloop
  endfacet
  facet normal -0.6869623744551832 -0.23699238841320439 0.686962374455182
    outer loop
      vertex 7.013511367410079 2.1494157679865036 6.621995520659902
      vertex 7.526093666030267 2.1494157679865036 7.134577819280091
      vertex 7.598076211353316 2.9999999999999996 7.5
    endloop
  endfacet
  facet normal -0.6829914297284563 -0.25893129172612533 0.6829914297284552
    outer loop
      vertex 7.013511367410079 2.1494157679865036 6.621995520659902
      vertex 7.574483864060342 1.2733629121781003 6.850844526880693
      vertex 7.526093666030267 2.1494157679865036 7.134577819280091
    endloop
  endfacet
  facet normal -0.683667971548487 -0.25876923856959655 0.6823756925982113
    outer loop
      vertex 7.574483864060342 1.2733629121781003 6.850844526880693
      vertex 7.708582291331647 1.273281385433247 6.985165992520436
      vertex 7.526093666030267 2.1494157679865036 7.134577819280091
    endloop
  endfacet
  facet normal -0.7017887280614783 -0.12934218897016062 0.7005449159891602
    outer loop
      vertex 7.574483864060342 1.2733629121781003 6.850844526880693
      vertex 8 0.7733184030943216 7.184792530904096
      vertex 7.708582291331647 1.273281385433247 6.985165992520436
    endloop
  endfacet
  facet normal -0.6402954445184352 -0.25682057648840895 0.7239232937411952
    outer loop
      vertex 7.526093666030267 2.1494157679865036 7.134577819280091
      vertex 7.708582291331647 1.273281385433247 6.985165992520436
      vertex 7.598076211353316 2.9999999999999996 7.5
    endloop
  endfacet
  facet normal -0.7820144601554521 -0.22351587181349417 0.5818024055942278
    outer loop
      vertex 7.708582291331647 1.273281385433247 6.985165992520436
      vertex 8 0.7733184030943216 7.184792530904096
      vertex 7.598076211353316 2.9999999999999996 7.5
    endloop
  endfacet
  facet normal -0.9451178390857453 -0.20644604302704445 0.2532435617352732
    outer loop
      vertex 8 0.7733184030943216 7.184792530904096
      vertex 8 2.9999999999999996 9
      vertex 7.598076211353316 2.9999999999999996 7.5
    endloop
  endfacet
  facet normal 0.6402954445184269 -0.2568205764884111 0.7239232937412018
    outer loop
      vertex 14.401923788646684 2.9999999999999996 7.5
      vertex 14.291417708668352 1.2732813854332479 6.985165992520436
      vertex 14.473906333969735 2.1494157679865036 7.134577819280091
    endloop
  endfacet
  facet normal 0.9567294176300319 -0.1376626296155726 0.2563548748290653
    outer loop
      vertex 14.401923788646684 2.9999999999999996 7.5
      vertex 14 2.9999999999999996 9
      vertex 14.291417708668352 1.2732813854332479 6.985165992520436
    endloop
  endfacet
  facet normal 0.8502053659970991 -0.33264124653070076 0.4080448954909748
    outer loop
      vertex 14 2.9999999999999996 9
      vertex 14 0.773318403094323 7.184792530904095
      vertex 14.291417708668352 1.2732813854332479 6.985165992520436
    endloop
  endfacet
  facet normal 0.9193893557180525 0.2183624275296594 -0.32717130503101693
    outer loop
      vertex 14.473906333969735 2.1494157679865036 7.134577819280091
      vertex 14.36508620956009 1.9847451868910981 6.718875311726868
      vertex 14.401923788646684 2.9999999999999996 7.5
    endloop
  endfacet
  facet normal 0.967748942821414 -0.1698423459455547 -0.1860525764179207
    outer loop
      vertex 14.473906333969735 2.1494157679865036 7.134577819280091
      vertex 14.291417708668352 1.2732813854332479 6.985165992520436
      vertex 14.36508620956009 1.9847451868910981 6.718875311726868
    endloop
  endfacet
  facet normal 0.9613403296126608 -0.1781353267123724 -0.20998232315434776
    outer loop
      vertex 14.291417708668352 1.2732813854332479 6.985165992520436
      vertex 13.901928925828102 0.772091689221476 5.627186519234392
      vertex 14.36508620956009 1.9847451868910981 6.718875311726868
    endloop
  endfacet
  facet normal 0.8533124201297456 -0.5186666225189045 -0.053318367727724435
    outer loop
      vertex 14.291417708668352 1.2732813854332479 6.985165992520436
      vertex 14 0.773318403094323 7.184792530904095
      vertex 13.901928925828102 0.772091689221476 5.627186519234392
    endloop
  endfacet
  facet normal 0.7765240377780115 -0.6282261711650188 -0.048397279017256954
    outer loop
      vertex 14 0.773318403094323 7.184792530904095
      vertex 13.226681596905676 0 4.815207469095904
      vertex 13.901928925828102 0.772091689221476 5.627186519234392
    endloop
  endfacet
  facet normal 0.3681936360878943 0.5585220782791187 -0.7432943793808408
    outer loop
      vertex 14.36508620956009 1.9847451868910981 6.718875311726868
      vertex 13.938201045921742 1.909376900818258 6.4507833445419305
      vertex 14.401923788646684 2.9999999999999996 7.5
    endloop
  endfacet
  facet normal 0.3797447318047704 0.5346194070363971 -0.7549675677051129
    outer loop
      vertex 14.36508620956009 1.9847451868910981 6.718875311726868
      vertex 13.901928925828102 0.772091689221476 5.627186519234392
      vertex 13.938201045921742 1.909376900818258 6.4507833445419305
    endloop
  endfacet
  facet normal 0.45155149154751967 0.5138375319339588 -0.7294328216204891
    outer loop
      vertex 13.901928925828102 0.772091689221476 5.627186519234392
      vertex 12.552398017812395 0.6227982967159119 4.686599226742033
      vertex 13.938201045921742 1.909376900818258 6.4507833445419305
    endloop
  endfacet
  facet normal 0.5000148088059609 0.38072566784176115 -0.7778387730250937
    outer loop
      vertex 13.901928925828102 0.772091689221476 5.627186519234392
      vertex 13.226681596905676 0 4.815207469095904
      vertex 12.552398017812395 0.6227982967159119 4.686599226742033
    endloop
  endfacet
  facet normal 0.5596661456322567 0.4641631146388609 -0.6865321612582219
    outer loop
      vertex 13.226681596905676 0 4.815207469095904
      vertex 11 0 3.0000000000000004
      vertex 12.552398017812395 0.6227982967159119 4.686599226742033
    endloop
  endfacet
  facet normal -0.8191892714057217 -0.17662202495131962 0.5456497025710343
    outer loop
      vertex 13.938201045921742 1.909376900818258 6.4507833445419305
      vertex 14.20629301310668 1.9847451868910981 6.877668508180278
      vertex 14.401923788646684 2.9999999999999996 7.5
    endloop
  endfacet
  facet normal -0.8406783277339038 0.23955635076292028 0.4856672771431896
    outer loop
      vertex 13.938201045921742 1.909376900818258 6.4507833445419305
      vertex 12.552398017812395 0.6227982967159119 4.686599226742033
      vertex 14.20629301310668 1.9847451868910981 6.877668508180278
    endloop
  endfacet
  facet normal -0.8216714289308723 0.09320890974650926 0.5622883264149857
    outer loop
      vertex 12.552398017812395 0.6227982967159119 4.686599226742033
      vertex 13.492903837852444 0.7720916892214761 6.036211607210052
      vertex 14.20629301310668 1.9847451868910981 6.877668508180278
    endloop
  endfacet
  facet normal -0.6886536000650464 0.5952416658860391 0.41405745774066693
    outer loop
      vertex 12.552398017812395 0.6227982967159119 4.686599226742033
      vertex 11 0 3.0000000000000004
      vertex 13.492903837852444 0.7720916892214761 6.036211607210052
    endloop
  endfacet
  facet normal -0.7749627511122913 0.017827504776218275 0.6317554229778504
    outer loop
      vertex 11 0 3.0000000000000004
      vertex 12.815207469095904 0 5.226681596905678
      vertex 13.492903837852444 0.7720916892214761 6.036211607210052
    endloop
  endfacet
  facet normal -0.01752545101001432 -0.5200729014283948 0.8539420564457209
    outer loop
      vertex 14.20629301310668 1.9847451868910981 6.877668508180278
      vertex 14.621995520659903 2.1494157679865036 6.986488632589923
      vertex 14.401923788646684 2.9999999999999996 7.5
    endloop
  endfacet
  facet normal 0.013961966446536724 -0.5755680819054008 0.8176346657185493
    outer loop
      vertex 14.20629301310668 1.9847451868910981 6.877668508180278
      vertex 13.492903837852444 0.7720916892214761 6.036211607210052
      vertex 14.621995520659903 2.1494157679865036 6.986488632589923
    endloop
  endfacet
  facet normal -0.03840410744560224 -0.5459551401200144 0.8369337545516023
    outer loop
      vertex 13.492903837852444 0.7720916892214761 6.036211607210052
      vertex 14.850844526880692 1.2733629121781012 6.425516135939658
      vertex 14.621995520659903 2.1494157679865036 6.986488632589923
    endloop
  endfacet
  facet normal 0.09559542629337457 -0.7590766896777683 0.6439441696759347
    outer loop
      vertex 13.492903837852444 0.7720916892214761 6.036211607210052
      vertex 12.815207469095904 0 5.226681596905678
      vertex 14.850844526880692 1.2733629121781012 6.425516135939658
    endloop
  endfacet
  facet normal -0.03000262523411287 -0.6593254385783496 0.7512588159366439
    outer loop
      vertex 12.815207469095904 0 5.226681596905678
      vertex 15.184792530904096 0.773318403094323 6
      vertex 14.850844526880692 1.2733629121781012 6.425516135939658
    endloop
  endfacet
  facet normal 0.6869623744551826 -0.23699238841320328 0.6869623744551826
    outer loop
      vertex 14.401923788646684 2.9999999999999996 7.5
      vertex 14.621995520659903 2.1494157679865036 6.986488632589923
      vertex 15.5 2.9999999999999996 6.401923788646684
    endloop
  endfacet
  facet normal 0.6869623744551824 -0.2369923884132024 0.6869623744551836
    outer loop
      vertex 14.621995520659903 2.1494157679865036 6.986488632589923
      vertex 15.134577819280093 2.1494157679865036 6.473906333969734
      vertex 15.5 2.9999999999999996 6.401923788646684
    endloop
  endfacet
  facet normal 0.6829914297284546 -0.25893129172612817 0.6829914297284558
    outer loop
      vertex 14.621995520659903 2.1494157679865036 6.986488632589923
      vertex 14.850844526880692 1.2733629121781012 6.425516135939658
      vertex 15.134577819280093 2.1494157679865036 6.473906333969734
    endloop
  endfacet
  facet normal 0.6823756925982085 -0.25876923856959877 0.6836679715484888
    outer loop
      vertex 14.850844526880692 1.2733629121781012 6.425516135939658
      vertex 14.985165992520436 1.2732813854332479 6.291417708668353
      vertex 15.134577819280093 2.1494157679865036 6.473906333969734
    endloop
  endfacet
  facet normal 0.7005449159891578 -0.12934218897016292 0.7017887280614803
    outer loop
      vertex 14.850844526880692 1.2733629121781012 6.425516135939658
      vertex 15.184792530904096 0.773318403094323 6
      vertex 14.985165992520436 1.2732813854332479 6.291417708668353
    endloop
  endfacet
  facet normal 0.7239232937412025 -0.2568205764884106 0.6402954445184261
    outer loop
      vertex 15.134577819280093 2.1494157679865036 6.473906333969734
      vertex 14.985165992520436 1.2732813854332479 6.291417708668353
      vertex 15.5 2.9999999999999996 6.401923788646684
    endloop
  endfacet
  facet normal 0.581802405594228 -0.2235158718134943 0.7820144601554521
    outer loop
      vertex 14.985165992520436 1.2732813854332479 6.291417708668353
      vertex 15.184792530904096 0.773318403094323 6
      vertex 15.5 2.9999999999999996 6.401923788646684
    endloop
  endfacet
  facet normal 0.2532435617352731 -0.20644604302704456 0.9451178390857452
    outer loop
      vertex 15.184792530904096 0.773318403094323 6
      vertex 17 2.9999999999999996 6
      vertex 15.5 2.9999999999999996 6.401923788646684
    endloop
  endfacet
  facet normal -0.7239232937411877 -0.2568205764884088 0.6402954445184437
    outer loop
      vertex 16.5 2.9999999999999996 6.401923788646684
      vertex 17.014834007479568 1.2732813854332479 6.291417708668353
      vertex 16.865422180719914 2.1494157679865036 6.473906333969734
    endloop
  endfacet
  facet normal -0.2563548748290653 -0.13766262961557213 0.9567294176300319
    outer loop
      vertex 16.5 2.9999999999999996 6.401923788646684
      vertex 15 2.9999999999999996 6
      vertex 17.014834007479568 1.2732813854332479 6.291417708668353
    endloop
  endfacet
  facet normal -0.4080448954909753 -0.33264124653070126 0.8502053659970985
    outer loop
      vertex 15 2.9999999999999996 6
      vertex 16.815207469095906 0.773318403094323 6
      vertex 17.014834007479568 1.2732813854332479 6.291417708668353
    endloop
  endfacet
  facet normal 0.3271713050310193 0.21836242752966142 0.919389355718051
    outer loop
      vertex 16.865422180719914 2.1494157679865036 6.473906333969734
      vertex 17.281124688273135 1.9847451868910984 6.365086209560089
      vertex 16.5 2.9999999999999996 6.401923788646684
    endloop
  endfacet
  facet normal 0.18605257641792317 -0.16984234594555167 0.967748942821414
    outer loop
      vertex 16.865422180719914 2.1494157679865036 6.473906333969734
      vertex 17.014834007479568 1.2732813854332479 6.291417708668353
      vertex 17.281124688273135 1.9847451868910984 6.365086209560089
    endloop
  endfacet
  facet normal 0.20998232315435011 -0.17813532671236937 0.9613403296126609
    outer loop
      vertex 17.014834007479568 1.2732813854332479 6.291417708668353
      vertex 18.372813480765608 0.7720916892214763 5.901928925828103
      vertex 17.281124688273135 1.9847451868910984 6.365086209560089
    endloop
  endfacet
  facet normal 0.05331836772772398 -0.5186666225189068 0.8533124201297442
    outer loop
      vertex 17.014834007479568 1.2732813854332479 6.291417708668353
      vertex 16.815207469095906 0.773318403094323 6
      vertex 18.372813480765608 0.7720916892214763 5.901928925828103
    endloop
  endfacet
  facet normal 0.0483972790172567 -0.6282261711650182 0.7765240377780117
    outer loop
      vertex 16.815207469095906 0.773318403094323 6
      vertex 19.184792530904094 0 5.226681596905678
      vertex 18.372813480765608 0.7720916892214763 5.901928925828103
    endloop
  endfacet
  facet normal 0.743294379380839 0.558522078279119 0.3681936360878975
    outer loop
      vertex 17.281124688273135 1.9847451868910984 6.365086209560089
      vertex 17.549216655458075 1.909376900818258 5.938201045921741
      vertex 16.5 2.9999999999999996 6.401923788646684
    endloop
  endfacet
  facet normal 0.7549675677051125 0.534619407036394 0.37974473180477514
    outer loop
      vertex 17.281124688273135 1.9847451868910984 6.365086209560089
      vertex 18.372813480765608 0.7720916892214763 5.901928925828103
      vertex 17.549216655458075 1.909376900818258 5.938201045921741
    endloop
  endfacet
  facet normal 0.7294328216204904 0.5138375319339571 0.45155149154751945
    outer loop
      vertex 18.372813480765608 0.7720916892214763 5.901928925828103
      vertex 19.313400773257964 0.6227982967159119 4.552398017812397
      vertex 17.549216655458075 1.909376900818258 5.938201045921741
    endloop
  endfacet
  facet normal 0.7778387730250944 0.3807256678417612 0.50001480880596
    outer loop
      vertex 18.372813480765608 0.7720916892214763 5.901928925828103
      vertex 19.184792530904094 0 5.226681596905678
      vertex 19.313400773257964 0.6227982967159119 4.552398017812397
    endloop
  endfacet
  facet normal 0.6865321612582215 0.4641631146388619 0.5596661456322567
    outer loop
      vertex 19.184792530904094 0 5.226681596905678
      vertex 21 0 3.0000000000000004
      vertex 19.313400773257964 0.6227982967159119 4.552398017812397
    endloop
  endfacet
  facet normal -0.5456497025710314 -0.17662202495131787 -0.819189271405724
    outer loop
      vertex 17.549216655458075 1.909376900818258 5.938201045921741
      vertex 17.122331491819725 1.9847451868910981 6.206293013106679
      vertex 16.5 2.9999999999999996 6.401923788646684
    endloop
  endfacet
  facet normal -0.4856672771431846 0.23955635076292892 -0.8406783277339043
    outer loop
      vertex 17.549216655458075 1.909376900818258 5.938201045921741
      vertex 19.313400773257964 0.6227982967159119 4.552398017812397
      vertex 17.122331491819725 1.9847451868910981 6.206293013106679
    endloop
  endfacet
  facet normal -0.562288326414987 0.09320890974650647 -0.8216714289308716
    outer loop
      vertex 19.313400773257964 0.6227982967159119 4.552398017812397
      vertex 17.96378839278995 0.772091689221476 5.492903837852444
      vertex 17.122331491819725 1.9847451868910981 6.206293013106679
    endloop
  endfacet
  facet normal -0.4140574577406698 0.5952416658860351 -0.6886536000650479
    outer loop
      vertex 19.313400773257964 0.6227982967159119 4.552398017812397
      vertex 21 0 3.0000000000000004
      vertex 17.96378839278995 0.772091689221476 5.492903837852444
    endloop
  endfacet
  facet normal -0.6317554229778504 0.017827504776220256 -0.7749627511122913
    outer loop
      vertex 21 0 3.0000000000000004
      vertex 18.773318403094322 0 4.815207469095905
      vertex 17.96378839278995 0.772091689221476 5.492903837852444
    endloop
  endfacet
  facet normal -0.8539420564457192 -0.5200729014283978 -0.01752545101000903
    outer loop
      vertex 17.122331491819725 1.9847451868910981 6.206293013106679
      vertex 17.013511367410082 2.1494157679865036 6.621995520659902
      vertex 16.5 2.9999999999999996 6.401923788646684
    endloop
  endfacet
  facet normal -0.8176346657185485 -0.5755680819054018 0.013961966446540837
    outer loop
      vertex 17.122331491819725 1.9847451868910981 6.206293013106679
      vertex 17.96378839278995 0.772091689221476 5.492903837852444
      vertex 17.013511367410082 2.1494157679865036 6.621995520659902
    endloop
  endfacet
  facet normal -0.836933754551605 -0.5459551401200103 -0.03840410744560767
    outer loop
      vertex 17.96378839278995 0.772091689221476 5.492903837852444
      vertex 17.57448386406034 1.2733629121781 6.850844526880693
      vertex 17.013511367410082 2.1494157679865036 6.621995520659902
    endloop
  endfacet
  facet normal -0.6439441696759384 -0.7590766896777659 0.09559542629337003
    outer loop
      vertex 17.96378839278995 0.772091689221476 5.492903837852444
      vertex 18.773318403094322 0 4.815207469095905
      vertex 17.57448386406034 1.2733629121781 6.850844526880693
    endloop
  endfacet
  facet normal -0.751258815936643 -0.6593254385783508 -0.030002625234112536
    outer loop
      vertex 18.773318403094322 0 4.815207469095905
      vertex 18 0.7733184030943216 7.184792530904096
      vertex 17.57448386406034 1.2733629121781 6.850844526880693
    endloop
  endfacet
  facet normal -0.6869623744551818 -0.23699238841320802 0.6869623744551818
    outer loop
      vertex 16.5 2.9999999999999996 6.401923788646684
      vertex 17.013511367410082 2.1494157679865036 6.621995520659902
      vertex 17.598076211353316 2.9999999999999996 7.5
    endloop
  endfacet
  facet normal -0.6869623744551828 -0.23699238841320694 0.6869623744551815
    outer loop
      vertex 17.013511367410082 2.1494157679865036 6.621995520659902
      vertex 17.52609366603027 2.149415767986503 7.134577819280091
      vertex 17.598076211353316 2.9999999999999996 7.5
    endloop
  endfacet
  facet normal -0.6829914297284572 -0.2589312917261214 0.6829914297284558
    outer loop
      vertex 17.013511367410082 2.1494157679865036 6.621995520659902
      vertex 17.57448386406034 1.2733629121781 6.850844526880693
      vertex 17.52609366603027 2.149415767986503 7.134577819280091
    endloop
  endfacet
  facet normal -0.6836679715484782 -0.25876923856959505 0.6823756925982205
    outer loop
      vertex 17.57448386406034 1.2733629121781 6.850844526880693
      vertex 17.70858229133165 1.2732813854332468 6.985165992520436
      vertex 17.52609366603027 2.149415767986503 7.134577819280091
    endloop
  endfacet
  facet normal -0.70178872806147 -0.1293421889701492 0.7005449159891707
    outer loop
      vertex 17.57448386406034 1.2733629121781 6.850844526880693
      vertex 18 0.7733184030943216 7.184792530904096
      vertex 17.70858229133165 1.2732813854332468 6.985165992520436
    endloop
  endfacet
  facet normal -0.6402954445184427 -0.2568205764884081 0.7239232937411889
    outer loop
      vertex 17.52609366603027 2.149415767986503 7.134577819280091
      vertex 17.70858229133165 1.2732813854332468 6.985165992520436
      vertex 17.598076211353316 2.9999999999999996 7.5
    endloop
  endfacet
  facet normal -0.7820144601554545 -0.22351587181349414 0.5818024055942246
    outer loop
      vertex 17.70858229133165 1.2732813854332468 6.985165992520436
      vertex 18 0.7733184030943216 7.184792530904096
      vertex 17.598076211353316 2.9999999999999996 7.5
    endloop
  endfacet
  facet normal -0.9451178390857453 -0.20644604302704445 0.2532435617352732
    outer loop
      vertex 18 0.7733184030943216 7.184792530904096
      vertex 18 2.9999999999999996 9
      vertex 17.598076211353316 2.9999999999999996 7.5
    endloop
  endfacet
  facet normal -0.9351131265310294 -0.25056280708573153 0.25056280708573153
    outer loop
      vertex 8 2.9999999999999996 23
      vertex 8.401923788646684 1.4999999999999996 23
      vertex 8.401923788646684 2.9999999999999996 24.5
    endloop
  endfacet
  facet normal -0.8485451453933809 -0.37414645276236835 0.37414645276236835
    outer loop
      vertex 8.401923788646684 1.4999999999999996 23
      vertex 9.267949192431123 1.2679491924311224 24.732050807568875
      vertex 8.401923788646684 2.9999999999999996 24.5
    endloop
  endfacet
  facet normal -0.6845503194452975 -0.25056280708573264 0.6845503194452975
    outer loop
      vertex 8.401923788646684 2.9999999999999996 24.5
      vertex 9.267949192431123 1.2679491924311224 24.732050807568875
      vertex 9.5 2.9999999999999996 25.598076211353316
    endloop
  endfacet
  facet normal -0.37414645276236863 -0.37414645276236863 0.8485451453933806
    outer loop
      vertex 9.267949192431123 1.2679491924311224 24.732050807568875
      vertex 11 1.4999999999999996 25.598076211353316
      vertex 9.5 2.9999999999999996 25.598076211353316
    endloop
  endfacet
  facet normal -0.25056280708573153 -0.25056280708573153 0.9351131265310294
    outer loop
      vertex 9.5 2.9999999999999996 25.598076211353316
      vertex 11 1.4999999999999996 25.598076211353316
      vertex 11 2.9999999999999996 26
    endloop
  endfacet
  facet normal -0.6845503194452975 -0.6845503194452979 0.2505628070857321
    outer loop
      vertex 8.401923788646684 1.4999999999999996 23
      vertex 9.5 0.401923788646684 23
      vertex 9.267949192431123 1.2679491924311224 24.732050807568875
    endloop
  endfacet
  facet normal -0.37414645276236813 -0.8485451453933811 0.37414645276236813
    outer loop
      vertex 9.5 0.401923788646684 23
      vertex 11 0.401923788646684 24.5
      vertex 9.267949192431123 1.2679491924311224 24.732050807568875
    endloop
  endfacet
  facet normal -0.2505628070857325 -0.6845503194452978 0.6845503194452974
    outer loop
      vertex 9.267949192431123 1.2679491924311224 24.732050807568875
      vertex 11 0.401923788646684 24.5
      vertex 11 1.4999999999999996 25.598076211353316
    endloop
  endfacet
  facet normal -0.25056280708573153 -0.9351131265310294 0.25056280708573153
    outer loop
      vertex 9.5 0.401923788646684 23
      vertex 11 0 23
      vertex 11 0.401923788646684 24.5
    endloop
  endfacet
  facet normal 0.25056280708573153 -0.9351131265310294 0.25056280708573153
    outer loop
      vertex 11 0 23
      vertex 12.5 0.401923788646684 23
      vertex 11 0.401923788646684 24.5
    endloop
  endfacet
  facet normal 0.37414645276236813 -0.8485451453933811 0.37414645276236813
    outer loop
      vertex 12.5 0.401923788646684 23
      vertex 12.732050807568877 1.2679491924311224 24.732050807568875
      vertex 11 0.401923788646684 24.5
    endloop
  endfacet
  facet normal 0.2505628070857325 -0.6845503194452977 0.6845503194452974
    outer loop
      vertex 11 0.401923788646684 24.5
      vertex 12.732050807568877 1.2679491924311224 24.732050807568875
      vertex 11 1.4999999999999996 25.598076211353316
    endloop
  endfacet
  facet normal 0.3741464527623687 -0.3741464527623687 0.8485451453933806
    outer loop
      vertex 12.732050807568877 1.2679491924311224 24.732050807568875
      vertex 12.5 2.9999999999999996 25.598076211353316
      vertex 11 1.4999999999999996 25.598076211353316
    endloop
  endfacet
  facet normal 0.25056280708573153 -0.25056280708573153 0.9351131265310294
    outer loop
      vertex 11 1.4999999999999996 25.598076211353316
      vertex 12.5 2.9999999999999996 25.598076211353316
      vertex 11 2.9999999999999996 26
    endloop
  endfacet
  facet normal 0.6845503194452975 -0.6845503194452979 0.2505628070857321
    outer loop
      vertex 12.5 0.401923788646684 23
      vertex 13.598076211353316 1.4999999999999996 23
      vertex 12.732050807568877 1.2679491924311224 24.732050807568875
    endloop
  endfacet
  facet normal 0.8485451453933809 -0.37414645276236835 0.37414645276236835
    outer loop
      vertex 13.598076211353316 1.4999999999999996 23
      vertex 13.598076211353316 2.9999999999999996 24.5
      vertex 12.732050807568877 1.2679491924311224 24.732050807568875
    endloop
  endfacet
  facet normal 0.6845503194452975 -0.25056280708573264 0.6845503194452975
    outer loop
      vertex 12.732050807568877 1.2679491924311224 24.732050807568875
      vertex 13.598076211353316 2.9999999999999996 24.5
      vertex 12.5 2.9999999999999996 25.598076211353316
    endloop
  endfacet
  facet normal 0.9351131265310294 -0.25056280708573153 0.25056280708573153
    outer loop
      vertex 13.598076211353316 1.4999999999999996 23
      vertex 14 2.9999999999999996 23
      vertex 13.598076211353316 2.9999999999999996 24.5
    endloop
  endfacet
  facet normal -0.9351131265310294 -0.25056280708573153 0.25056280708573153
    outer loop
      vertex 18 2.9999999999999996 23
      vertex 18.401923788646684 1.4999999999999996 23
      vertex 18.401923788646684 2.9999999999999996 24.5
    endloop
  endfacet
  facet normal -0.8485451453933803 -0.37414645276236885 0.37414645276236885
    outer loop
      vertex 18.401923788646684 1.4999999999999996 23
      vertex 19.267949192431125 1.2679491924311224 24.732050807568875
      vertex 18.401923788646684 2.9999999999999996 24.5
    endloop
  endfacet
  facet normal -0.6845503194452975 -0.25056280708573336 0.6845503194452975
    outer loop
      vertex 18.401923788646684 2.9999999999999996 24.5
      vertex 19.267949192431125 1.2679491924311224 24.732050807568875
      vertex 19.5 2.9999999999999996 25.598076211353316
    endloop
  endfacet
  facet normal -0.3741464527623689 -0.3741464527623689 0.8485451453933803
    outer loop
      vertex 19.267949192431125 1.2679491924311224 24.732050807568875
      vertex 21 1.4999999999999996 25.598076211353316
      vertex 19.5 2.9999999999999996 25.598076211353316
    endloop
  endfacet
  facet normal -0.25056280708573153 -0.25056280708573153 0.9351131265310294
    outer loop
      vertex 19.5 2.9999999999999996 25.598076211353316
      vertex 21 1.4999999999999996 25.598076211353316
      vertex 21 2.9999999999999996 26
    endloop
  endfacet
  facet normal -0.6845503194452974 -0.6845503194452978 0.25056280708573275
    outer loop
      vertex 18.401923788646684 1.4999999999999996 23
      vertex 19.5 0.401923788646684 23
      vertex 19.267949192431125 1.2679491924311224 24.732050807568875
    endloop
  endfacet
  facet normal -0.3741464527623684 -0.8485451453933809 0.3741464527623684
    outer loop
      vertex 19.5 0.401923788646684 23
      vertex 21 0.401923788646684 24.5
      vertex 19.267949192431125 1.2679491924311224 24.732050807568875
    endloop
  endfacet
  facet normal -0.2505628070857327 -0.6845503194452977 0.6845503194452974
    outer loop
      vertex 19.267949192431125 1.2679491924311224 24.732050807568875
      vertex 21 0.401923788646684 24.5
      vertex 21 1.4999999999999996 25.598076211353316
    endloop
  endfacet
  facet normal -0.25056280708573153 -0.9351131265310294 0.25056280708573153
    outer loop
      vertex 19.5 0.401923788646684 23
      vertex 21 0 23
      vertex 21 0.401923788646684 24.5
    endloop
  endfacet
  facet normal -0.9351131265310294 0.2505628070857314 -0.2505628070857314
    outer loop
      vertex 0 21 3.0000000000000004
      vertex 0.401923788646684 22.5 2.9999999999999996
      vertex 0.401923788646684 21 1.4999999999999996
    endloop
  endfacet
  facet normal -0.8485451453933809 0.3741464527623682 -0.3741464527623682
    outer loop
      vertex 0.401923788646684 22.5 2.9999999999999996
      vertex 1.2679491924311224 22.732050807568875 1.2679491924311233
      vertex 0.401923788646684 21 1.4999999999999996
    endloop
  endfacet
  facet normal -0.6845503194452975 0.2505628070857321 -0.6845503194452979
    outer loop
      vertex 0.401923788646684 21 1.4999999999999996
      vertex 1.2679491924311224 22.732050807568875 1.2679491924311233
      vertex 1.5 21 0.401923788646684
    endloop
  endfacet
  facet normal -0.37414645276236835 0.37414645276236824 -0.8485451453933808
    outer loop
      vertex 1.2679491924311224 22.732050807568875 1.2679491924311233
      vertex 2.9999999999999996 22.5 0.401923788646684
      vertex 1.5 21 0.401923788646684
    endloop
  endfacet
  facet normal -0.2505628070857316 0.25056280708573153 -0.9351131265310292
    outer loop
      vertex 1.5 21 0.401923788646684
      vertex 2.9999999999999996 22.5 0.401923788646684
      vertex 2.9999999999999996 21 0
    endloop
  endfacet
  facet normal -0.6845503194452978 0.6845503194452975 -0.25056280708573253
    outer loop
      vertex 0.401923788646684 22.5 2.9999999999999996
      vertex 1.4999999999999996 23.598076211353316 2.9999999999999996
      vertex 1.2679491924311224 22.732050807568875 1.2679491924311233
    endloop
  endfacet
  facet normal -0.37414645276236874 0.8485451453933806 -0.37414645276236874
    outer loop
      vertex 1.4999999999999996 23.598076211353316 2.9999999999999996
      vertex 2.9999999999999996 23.598076211353316 1.4999999999999996
      vertex 1.2679491924311224 22.732050807568875 1.2679491924311233
    endloop
  endfacet
  facet normal -0.2505628070857328 0.6845503194452975 -0.6845503194452978
    outer loop
      vertex 1.2679491924311224 22.732050807568875 1.2679491924311233
      vertex 2.9999999999999996 23.598076211353316 1.4999999999999996
      vertex 2.9999999999999996 22.5 0.401923788646684
    endloop
  endfacet
  facet normal -0.25056280708573153 0.9351131265310294 -0.25056280708573153
    outer loop
      vertex 1.4999999999999996 23.598076211353316 2.9999999999999996
      vertex 2.9999999999999996 24 2.9999999999999996
      vertex 2.9999999999999996 23.598076211353316 1.4999999999999996
    endloop
  endfacet
  facet normal -0.9351131265310292 0.2505628070857317 0.2505628070857316
    outer loop
      vertex 0 21 3.0000000000000004
      vertex 0.401923788646684 21 4.5
      vertex 0.401923788646684 22.5 2.9999999999999996
    endloop
  endfacet
  facet normal -0.848545145393381 0.37414645276236813 0.374146452762368
    outer loop
      vertex 0.401923788646684 21 4.5
      vertex 1.2679491924311224 22.732050807568875 4.732050807568877
      vertex 0.401923788646684 22.5 2.9999999999999996
    endloop
  endfacet
  facet normal -0.6845503194452978 0.6845503194452975 0.2505628070857324
    outer loop
      vertex 0.401923788646684 22.5 2.9999999999999996
      vertex 1.2679491924311224 22.732050807568875 4.732050807568877
      vertex 1.4999999999999996 23.598076211353316 2.9999999999999996
    endloop
  endfacet
  facet normal -0.37414645276236874 0.8485451453933806 0.3741464527623686
    outer loop
      vertex 1.2679491924311224 22.732050807568875 4.732050807568877
      vertex 2.9999999999999996 23.598076211353316 4.5
      vertex 1.4999999999999996 23.598076211353316 2.9999999999999996
    endloop
  endfacet
  facet normal -0.25056280708573153 0.9351131265310294 0.2505628070857315
    outer loop
      vertex 1.4999999999999996 23.598076211353316 2.9999999999999996
      vertex 2.9999999999999996 23.598076211353316 4.5
      vertex 2.9999999999999996 24 2.9999999999999996
    endloop
  endfacet
  facet normal -0.6845503194452978 0.25056280708573203 0.6845503194452978
    outer loop
      vertex 0.401923788646684 21 4.5
      vertex 1.5 21 5.598076211353316
      vertex 1.2679491924311224 22.732050807568875 4.732050807568877
    endloop
  endfacet
  facet normal -0.37414645276236835 0.37414645276236824 0.8485451453933808
    outer loop
      vertex 1.5 21 5.598076211353316
      vertex 2.9999999999999996 22.5 5.598076211353316
      vertex 1.2679491924311224 22.732050807568875 4.732050807568877
    endloop
  endfacet
  facet normal -0.25056280708573264 0.6845503194452975 0.6845503194452975
    outer loop
      vertex 1.2679491924311224 22.732050807568875 4.732050807568877
      vertex 2.9999999999999996 22.5 5.598076211353316
      vertex 2.9999999999999996 23.598076211353316 4.5
    endloop
  endfacet
  facet normal -0.2505628070857316 0.25056280708573153 0.9351131265310292
    outer loop
      vertex 1.5 21 5.598076211353316
      vertex 2.9999999999999996 21 6
      vertex 2.9999999999999996 22.5 5.598076211353316
    endloop
  endfacet
  facet normal -0.7239232937411921 0.25682057648840817 0.6402954445184388
    outer loop
      vertex 6.5 21 6.401923788646684
      vertex 6.865422180719911 21.850584232013496 6.473906333969734
      vertex 7.014834007479564 22.726718614566753 6.291417708668353
    endloop
  endfacet
  facet normal -0.2563548748290653 0.13766262961557152 0.9567294176300319
    outer loop
      vertex 6.5 21 6.401923788646684
      vertex 7.014834007479564 22.726718614566753 6.291417708668353
      vertex 5 21 6
    endloop
  endfacet
  facet normal -0.40804489549097644 0.33264124653070165 0.850205365997098
    outer loop
      vertex 5 21 6
      vertex 7.014834007479564 22.726718614566753 6.291417708668353
      vertex 6.815207469095904 23.226681596905678 6
    endloop
  endfacet
  facet normal 0.3271713050310187 -0.21836242752965987 0.9193893557180518
    outer loop
      vertex 6.865422180719911 21.850584232013496 6.473906333969734
      vertex 6.5 21 6.401923788646684
      vertex 7.281124688273133 22.015254813108903 6.365086209560089
    endloop
  endfacet
  facet normal 0.18605257641792153 0.16984234594555175 0.9677489428214143
    outer loop
      vertex 6.865422180719911 21.850584232013496 6.473906333969734
      vertex 7.281124688273133 22.015254813108903 6.365086209560089
      vertex 7.014834007479564 22.726718614566753 6.291417708668353
    endloop
  endfacet
  facet normal 0.20998232315435042 0.17813532671237023 0.9613403296126608
    outer loop
      vertex 7.014834007479564 22.726718614566753 6.291417708668353
      vertex 7.281124688273133 22.015254813108903 6.365086209560089
      vertex 8.372813480765608 23.22790831077852 5.901928925828102
    endloop
  endfacet
  facet normal 0.05331836772772577 0.5186666225189072 0.8533124201297438
    outer loop
      vertex 7.014834007479564 22.726718614566753 6.291417708668353
      vertex 8.372813480765608 23.22790831077852 5.901928925828102
      vertex 6.815207469095904 23.226681596905678 6
    endloop
  endfacet
  facet normal 0.048397279017258855 0.6282261711650158 0.7765240377780136
    outer loop
      vertex 6.815207469095904 23.226681596905678 6
      vertex 8.372813480765608 23.22790831077852 5.901928925828102
      vertex 9.184792530904096 24 5.226681596905676
    endloop
  endfacet
  facet normal 0.7432943793808414 -0.5585220782791185 0.3681936360878937
    outer loop
      vertex 7.281124688273133 22.015254813108903 6.365086209560089
      vertex 6.5 21 6.401923788646684
      vertex 7.54921665545807 22.090623099181744 5.938201045921741
    endloop
  endfacet
  facet normal 0.7549675677051124 -0.5346194070363992 0.37974473180476853
    outer loop
      vertex 7.281124688273133 22.015254813108903 6.365086209560089
      vertex 7.54921665545807 22.090623099181744 5.938201045921741
      vertex 8.372813480765608 23.22790831077852 5.901928925828102
    endloop
  endfacet
  facet normal 0.7294328216204881 -0.5138375319339605 0.451551491547519
    outer loop
      vertex 8.372813480765608 23.22790831077852 5.901928925828102
      vertex 7.54921665545807 22.090623099181744 5.938201045921741
      vertex 9.313400773257968 23.377201703284086 4.552398017812397
    endloop
  endfacet
  facet normal 0.7778387730250942 -0.3807256678417589 0.500014808805962
    outer loop
      vertex 8.372813480765608 23.22790831077852 5.901928925828102
      vertex 9.313400773257968 23.377201703284086 4.552398017812397
      vertex 9.184792530904096 24 5.226681596905676
    endloop
  endfacet
  facet normal 0.686532161258223 -0.46416311463885807 0.5596661456322578
    outer loop
      vertex 9.184792530904096 24 5.226681596905676
      vertex 9.313400773257968 23.377201703284086 4.552398017812397
      vertex 11 24 3.0000000000000004
    endloop
  endfacet
  facet normal -0.5456497025710342 0.17662202495131857 -0.8191892714057221
    outer loop
      vertex 7.54921665545807 22.090623099181744 5.938201045921741
      vertex 6.5 21 6.401923788646684
      vertex 7.122331491819724 22.015254813108903 6.206293013106679
    endloop
  endfacet
  facet normal -0.48566727714318836 -0.2395563507629214 -0.8406783277339043
    outer loop
      vertex 7.54921665545807 22.090623099181744 5.938201045921741
      vertex 7.122331491819724 22.015254813108903 6.206293013106679
      vertex 9.313400773257968 23.377201703284086 4.552398017812397
    endloop
  endfacet
  facet normal -0.5622883264149853 -0.09320890974650886 -0.8216714289308725
    outer loop
      vertex 9.313400773257968 23.377201703284086 4.552398017812397
      vertex 7.122331491819724 22.015254813108903 6.206293013106679
      vertex 7.963788392789949 23.22790831077852 5.492903837852444
    endloop
  endfacet
  facet normal -0.4140574577406642 -0.5952416658860427 -0.6886536000650447
    outer loop
      vertex 9.313400773257968 23.377201703284086 4.552398017812397
      vertex 7.963788392789949 23.22790831077852 5.492903837852444
      vertex 11 24 3.0000000000000004
    endloop
  endfacet
  facet normal -0.6317554229778505 -0.017827504776217952 -0.7749627511122912
    outer loop
      vertex 11 24 3.0000000000000004
      vertex 7.963788392789949 23.22790831077852 5.492903837852444
      vertex 8.773318403094324 24 4.815207469095904
    endloop
  endfacet
  facet normal -0.8539420564457205 0.5200729014283957 -0.017525451010011357
    outer loop
      vertex 7.122331491819724 22.015254813108903 6.206293013106679
      vertex 6.5 21 6.401923788646684
      vertex 7.013511367410079 21.850584232013496 6.621995520659902
    endloop
  endfacet
  facet normal -0.8176346657185471 0.5755680819054035 0.013961966446541109
    outer loop
      vertex 7.122331491819724 22.015254813108903 6.206293013106679
      vertex 7.013511367410079 21.850584232013496 6.621995520659902
      vertex 7.963788392789949 23.22790831077852 5.492903837852444
    endloop
  endfacet
  facet normal -0.8369337545516033 0.5459551401200131 -0.03840410744560569
    outer loop
      vertex 7.963788392789949 23.22790831077852 5.492903837852444
      vertex 7.013511367410079 21.850584232013496 6.621995520659902
      vertex 7.574483864060341 22.7266370878219 6.850844526880693
    endloop
  endfacet
  facet normal -0.6439441696759388 0.7590766896777655 0.09559542629336941
    outer loop
      vertex 7.963788392789949 23.22790831077852 5.492903837852444
      vertex 7.574483864060341 22.7266370878219 6.850844526880693
      vertex 8.773318403094324 24 4.815207469095904
    endloop
  endfacet
  facet normal -0.7512588159366435 0.6593254385783501 -0.030002625234113366
    outer loop
      vertex 8.773318403094324 24 4.815207469095904
      vertex 7.574483864060341 22.7266370878219 6.850844526880693
      vertex 8 23.226681596905678 7.184792530904096
    endloop
  endfacet
  facet normal -0.6869623744551823 0.2369923884132053 0.6869623744551823
    outer loop
      vertex 6.5 21 6.401923788646684
      vertex 7.598076211353316 21 7.5
      vertex 7.013511367410079 21.850584232013496 6.621995520659902
    endloop
  endfacet
  facet normal -0.6869623744551832 0.2369923884132044 0.686962374455182
    outer loop
      vertex 7.013511367410079 21.850584232013496 6.621995520659902
      vertex 7.598076211353316 21 7.5
      vertex 7.526093666030267 21.850584232013496 7.134577819280091
    endloop
  endfacet
  facet normal -0.6829914297284564 0.2589312917261246 0.6829914297284553
    outer loop
      vertex 7.013511367410079 21.850584232013496 6.621995520659902
      vertex 7.526093666030267 21.850584232013496 7.134577819280091
      vertex 7.574483864060341 22.7266370878219 6.850844526880693
    endloop
  endfacet
  facet normal -0.6836679715484852 0.2587692385695964 0.6823756925982131
    outer loop
      vertex 7.574483864060341 22.7266370878219 6.850844526880693
      vertex 7.526093666030267 21.850584232013496 7.134577819280091
      vertex 7.708582291331647 22.726718614566753 6.985165992520436
    endloop
  endfacet
  facet normal -0.7017887280614763 0.1293421889701587 0.7005449159891627
    outer loop
      vertex 7.574483864060341 22.7266370878219 6.850844526880693
      vertex 7.708582291331647 22.726718614566753 6.985165992520436
      vertex 8 23.226681596905678 7.184792530904096
    endloop
  endfacet
  facet normal -0.6402954445184355 0.2568205764884088 0.723923293741195
    outer loop
      vertex 7.526093666030267 21.850584232013496 7.134577819280091
      vertex 7.598076211353316 21 7.5
      vertex 7.708582291331647 22.726718614566753 6.985165992520436
    endloop
  endfacet
  facet normal -0.7820144601554521 0.2235158718134942 0.5818024055942281
    outer loop
      vertex 7.708582291331647 22.726718614566753 6.985165992520436
      vertex 7.598076211353316 21 7.5
      vertex 8 23.226681596905678 7.184792530904096
    endloop
  endfacet
  facet normal -0.9451178390857453 0.20644604302704445 0.2532435617352732
    outer loop
      vertex 8 23.226681596905678 7.184792530904096
      vertex 7.598076211353316 21 7.5
      vertex 8 21 9
    endloop
  endfacet
  facet normal 0.6402954445184225 0.2568205764884117 0.7239232937412055
    outer loop
      vertex 14.401923788646684 21 7.5
      vertex 14.473906333969737 21.850584232013496 7.134577819280091
      vertex 14.291417708668352 22.726718614566753 6.985165992520436
    endloop
  endfacet
  facet normal 0.9567294176300319 0.13766262961557252 0.2563548748290653
    outer loop
      vertex 14.401923788646684 21 7.5
      vertex 14.291417708668352 22.726718614566753 6.985165992520436
      vertex 14 21 9
    endloop
  endfacet
  facet normal 0.8502053659970993 0.3326412465307001 0.4080448954909745
    outer loop
      vertex 14 21 9
      vertex 14.291417708668352 22.726718614566753 6.985165992520436
      vertex 14 23.226681596905678 7.184792530904096
    endloop
  endfacet
  facet normal 0.9193893557180494 -0.21836242752966356 -0.32717130503102276
    outer loop
      vertex 14.473906333969737 21.850584232013496 7.134577819280091
      vertex 14.401923788646684 21 7.5
      vertex 14.36508620956009 22.015254813108903 6.718875311726868
    endloop
  endfacet
  facet normal 0.9677489428214132 0.16984234594555575 -0.1860525764179234
    outer loop
      vertex 14.473906333969737 21.850584232013496 7.134577819280091
      vertex 14.36508620956009 22.015254813108903 6.718875311726868
      vertex 14.291417708668352 22.726718614566753 6.985165992520436
    endloop
  endfacet
  facet normal 0.9613403296126606 0.17813532671237267 -0.20998232315434812
    outer loop
      vertex 14.291417708668352 22.726718614566753 6.985165992520436
      vertex 14.36508620956009 22.015254813108903 6.718875311726868
      vertex 13.901928925828102 23.22790831077852 5.627186519234392
    endloop
  endfacet
  facet normal 0.8533124201297452 0.5186666225189049 -0.053318367727725864
    outer loop
      vertex 14.291417708668352 22.726718614566753 6.985165992520436
      vertex 13.901928925828102 23.22790831077852 5.627186519234392
      vertex 14 23.226681596905678 7.184792530904096
    endloop
  endfacet
  facet normal 0.7765240377780136 0.6282261711650158 -0.048397279017258855
    outer loop
      vertex 14 23.226681596905678 7.184792530904096
      vertex 13.901928925828102 23.22790831077852 5.627186519234392
      vertex 13.226681596905676 24 4.815207469095904
    endloop
  endfacet
  facet normal 0.3681936360878937 -0.5585220782791182 -0.7432943793808414
    outer loop
      vertex 14.36508620956009 22.015254813108903 6.718875311726868
      vertex 14.401923788646684 21 7.5
      vertex 13.938201045921742 22.090623099181744 6.4507833445419305
    endloop
  endfacet
  facet normal 0.37974473180476837 -0.5346194070363994 -0.7549675677051122
    outer loop
      vertex 14.36508620956009 22.015254813108903 6.718875311726868
      vertex 13.938201045921742 22.090623099181744 6.4507833445419305
      vertex 13.901928925828102 23.22790831077852 5.627186519234392
    endloop
  endfacet
  facet normal 0.45155149154751817 -0.513837531933961 -0.7294328216204884
    outer loop
      vertex 13.901928925828102 23.22790831077852 5.627186519234392
      vertex 13.938201045921742 22.090623099181744 6.4507833445419305
      vertex 12.552398017812395 23.377201703284086 4.686599226742033
    endloop
  endfacet
  facet normal 0.5000148088059609 -0.38072566784176 -0.7778387730250943
    outer loop
      vertex 13.901928925828102 23.22790831077852 5.627186519234392
      vertex 12.552398017812395 23.377201703284086 4.686599226742033
      vertex 13.226681596905676 24 4.815207469095904
    endloop
  endfacet
  facet normal 0.559666145632257 -0.4641631146388599 -0.6865321612582225
    outer loop
      vertex 13.226681596905676 24 4.815207469095904
      vertex 12.552398017812395 23.377201703284086 4.686599226742033
      vertex 11 24 3.0000000000000004
    endloop
  endfacet
  facet normal -0.8191892714057207 0.1766220249513206 0.5456497025710354
    outer loop
      vertex 13.938201045921742 22.090623099181744 6.4507833445419305
      vertex 14.401923788646684 21 7.5
      vertex 14.20629301310668 22.015254813108903 6.877668508180277
    endloop
  endfacet
  facet normal -0.8406783277339036 -0.23955635076292026 0.48566727714318997
    outer loop
      vertex 13.938201045921742 22.090623099181744 6.4507833445419305
      vertex 14.20629301310668 22.015254813108903 6.877668508180277
      vertex 12.552398017812395 23.377201703284086 4.686599226742033
    endloop
  endfacet
  facet normal -0.8216714289308723 -0.09320890974650947 0.5622883264149858
    outer loop
      vertex 12.552398017812395 23.377201703284086 4.686599226742033
      vertex 14.20629301310668 22.015254813108903 6.877668508180277
      vertex 13.492903837852444 23.22790831077852 6.036211607210051
    endloop
  endfacet
  facet normal -0.6886536000650465 -0.595241665886039 0.4140574577406666
    outer loop
      vertex 12.552398017812395 23.377201703284086 4.686599226742033
      vertex 13.492903837852444 23.22790831077852 6.036211607210051
      vertex 11 24 3.0000000000000004
    endloop
  endfacet
  facet normal -0.7749627511122911 -0.0178275047762169 0.6317554229778507
    outer loop
      vertex 11 24 3.0000000000000004
      vertex 13.492903837852444 23.22790831077852 6.036211607210051
      vertex 12.815207469095904 24 5.226681596905676
    endloop
  endfacet
  facet normal -0.01752545101001371 0.5200729014283948 0.853942056445721
    outer loop
      vertex 14.20629301310668 22.015254813108903 6.877668508180277
      vertex 14.401923788646684 21 7.5
      vertex 14.621995520659903 21.850584232013496 6.986488632589923
    endloop
  endfacet
  facet normal 0.013961966446539234 0.5755680819054033 0.8176346657185475
    outer loop
      vertex 14.20629301310668 22.015254813108903 6.877668508180277
      vertex 14.621995520659903 21.850584232013496 6.986488632589923
      vertex 13.492903837852444 23.22790831077852 6.036211607210051
    endloop
  endfacet
  facet normal -0.038404107445604324 0.5459551401200146 0.8369337545516023
    outer loop
      vertex 13.492903837852444 23.22790831077852 6.036211607210051
      vertex 14.621995520659903 21.850584232013496 6.986488632589923
      vertex 14.850844526880692 22.7266370878219 6.425516135939658
    endloop
  endfacet
  facet normal 0.0955954262933699 0.7590766896777656 0.6439441696759387
    outer loop
      vertex 13.492903837852444 23.22790831077852 6.036211607210051
      vertex 14.850844526880692 22.7266370878219 6.425516135939658
      vertex 12.815207469095904 24 5.226681596905676
    endloop
  endfacet
  facet normal -0.030002625234113695 0.6593254385783496 0.751258815936644
    outer loop
      vertex 12.815207469095904 24 5.226681596905676
      vertex 14.850844526880692 22.7266370878219 6.425516135939658
      vertex 15.184792530904096 23.226681596905678 6
    endloop
  endfacet
  facet normal 0.6869623744551827 0.23699238841320325 0.6869623744551827
    outer loop
      vertex 14.401923788646684 21 7.5
      vertex 15.5 21 6.401923788646684
      vertex 14.621995520659903 21.850584232013496 6.986488632589923
    endloop
  endfacet
  facet normal 0.6869623744551824 0.2369923884132024 0.6869623744551836
    outer loop
      vertex 14.621995520659903 21.850584232013496 6.986488632589923
      vertex 15.5 21 6.401923788646684
      vertex 15.134577819280093 21.850584232013496 6.473906333969734
    endloop
  endfacet
  facet normal 0.6829914297284547 0.2589312917261279 0.682991429728456
    outer loop
      vertex 14.621995520659903 21.850584232013496 6.986488632589923
      vertex 15.134577819280093 21.850584232013496 6.473906333969734
      vertex 14.850844526880692 22.7266370878219 6.425516135939658
    endloop
  endfacet
  facet normal 0.6823756925982082 0.25876923856959844 0.6836679715484892
    outer loop
      vertex 14.850844526880692 22.7266370878219 6.425516135939658
      vertex 15.134577819280093 21.850584232013496 6.473906333969734
      vertex 14.985165992520436 22.726718614566753 6.291417708668353
    endloop
  endfacet
  facet normal 0.7005449159891576 0.1293421889701631 0.7017887280614805
    outer loop
      vertex 14.850844526880692 22.7266370878219 6.425516135939658
      vertex 14.985165992520436 22.726718614566753 6.291417708668353
      vertex 15.184792530904096 23.226681596905678 6
    endloop
  endfacet
  facet normal 0.7239232937412018 0.25682057648841033 0.640295444518427
    outer loop
      vertex 15.134577819280093 21.850584232013496 6.473906333969734
      vertex 15.5 21 6.401923788646684
      vertex 14.985165992520436 22.726718614566753 6.291417708668353
    endloop
  endfacet
  facet normal 0.5818024055942281 0.2235158718134942 0.7820144601554518
    outer loop
      vertex 14.985165992520436 22.726718614566753 6.291417708668353
      vertex 15.5 21 6.401923788646684
      vertex 15.184792530904096 23.226681596905678 6
    endloop
  endfacet
  facet normal 0.2532435617352732 0.20644604302704445 0.9451178390857453
    outer loop
      vertex 15.184792530904096 23.226681596905678 6
      vertex 15.5 21 6.401923788646684
      vertex 17 21 6
    endloop
  endfacet
  facet normal -0.7239232937411871 0.2568205764884085 0.6402954445184446
    outer loop
      vertex 16.5 21 6.401923788646684
      vertex 16.865422180719914 21.850584232013496 6.473906333969734
      vertex 17.014834007479568 22.726718614566753 6.291417708668353
    endloop
  endfacet
  facet normal -0.2563548748290653 0.13766262961557205 0.9567294176300319
    outer loop
      vertex 16.5 21 6.401923788646684
      vertex 17.014834007479568 22.726718614566753 6.291417708668353
      vertex 15 21 6
    endloop
  endfacet
  facet normal -0.40804489549097533 0.3326412465307011 0.8502053659970986
    outer loop
      vertex 15 21 6
      vertex 17.014834007479568 22.726718614566753 6.291417708668353
      vertex 16.815207469095906 23.226681596905678 6
    endloop
  endfacet
  facet normal 0.32717130503102254 -0.2183624275296627 0.9193893557180497
    outer loop
      vertex 16.865422180719914 21.850584232013496 6.473906333969734
      vertex 16.5 21 6.401923788646684
      vertex 17.281124688273135 22.015254813108907 6.365086209560089
    endloop
  endfacet
  facet normal 0.18605257641792083 0.1698423459455519 0.9677489428214144
    outer loop
      vertex 16.865422180719914 21.850584232013496 6.473906333969734
      vertex 17.281124688273135 22.015254813108907 6.365086209560089
      vertex 17.014834007479568 22.726718614566753 6.291417708668353
    endloop
  endfacet
  facet normal 0.20998232315434986 0.1781353267123704 0.9613403296126608
    outer loop
      vertex 17.014834007479568 22.726718614566753 6.291417708668353
      vertex 17.281124688273135 22.015254813108907 6.365086209560089
      vertex 18.37281348076561 23.227908310778524 5.901928925828102
    endloop
  endfacet
  facet normal 0.05331836772772453 0.5186666225189069 0.8533124201297441
    outer loop
      vertex 17.014834007479568 22.726718614566753 6.291417708668353
      vertex 18.37281348076561 23.227908310778524 5.901928925828102
      vertex 16.815207469095906 23.226681596905678 6
    endloop
  endfacet
  facet normal 0.04839727901725723 0.6282261711650186 0.7765240377780114
    outer loop
      vertex 16.815207469095906 23.226681596905678 6
      vertex 18.37281348076561 23.227908310778524 5.901928925828102
      vertex 19.184792530904097 24 5.226681596905676
    endloop
  endfacet
  facet normal 0.7432943793808391 -0.5585220782791157 0.368193636087902
    outer loop
      vertex 17.281124688273135 22.015254813108907 6.365086209560089
      vertex 16.5 21 6.401923788646684
      vertex 17.549216655458075 22.090623099181744 5.938201045921741
    endloop
  endfacet
  facet normal 0.7549675677051105 -0.5346194070363953 0.3797447318047772
    outer loop
      vertex 17.281124688273135 22.015254813108907 6.365086209560089
      vertex 17.549216655458075 22.090623099181744 5.938201045921741
      vertex 18.37281348076561 23.227908310778524 5.901928925828102
    endloop
  endfacet
  facet normal 0.7294328216204896 -0.5138375319339595 0.4515514915475178
    outer loop
      vertex 18.37281348076561 23.227908310778524 5.901928925828102
      vertex 17.549216655458075 22.090623099181744 5.938201045921741
      vertex 19.313400773257964 23.377201703284086 4.552398017812397
    endloop
  endfacet
  facet normal 0.7778387730250945 -0.38072566784176204 0.5000148088059589
    outer loop
      vertex 18.37281348076561 23.227908310778524 5.901928925828102
      vertex 19.313400773257964 23.377201703284086 4.552398017812397
      vertex 19.184792530904097 24 5.226681596905676
    endloop
  endfacet
  facet normal 0.6865321612582216 -0.46416311463886234 0.559666145632256
    outer loop
      vertex 19.184792530904097 24 5.226681596905676
      vertex 19.313400773257964 23.377201703284086 4.552398017812397
      vertex 21 24 3.0000000000000004
    endloop
  endfacet
  facet normal -0.5456497025710306 0.17662202495131626 -0.8191892714057248
    outer loop
      vertex 17.549216655458075 22.090623099181744 5.938201045921741
      vertex 16.5 21 6.401923788646684
      vertex 17.122331491819725 22.015254813108907 6.206293013106679
    endloop
  endfacet
  facet normal -0.4856672771431861 -0.23955635076292708 -0.8406783277339038
    outer loop
      vertex 17.549216655458075 22.090623099181744 5.938201045921741
      vertex 17.122331491819725 22.015254813108907 6.206293013106679
      vertex 19.313400773257964 23.377201703284086 4.552398017812397
    endloop
  endfacet
  facet normal -0.5622883264149859 -0.0932089097465098 -0.8216714289308722
    outer loop
      vertex 19.313400773257964 23.377201703284086 4.552398017812397
      vertex 17.122331491819725 22.015254813108907 6.206293013106679
      vertex 17.963788392789947 23.227908310778524 5.492903837852444
    endloop
  endfacet
  facet normal -0.4140574577406698 -0.5952416658860346 -0.6886536000650485
    outer loop
      vertex 19.313400773257964 23.377201703284086 4.552398017812397
      vertex 17.963788392789947 23.227908310778524 5.492903837852444
      vertex 21 24 3.0000000000000004
    endloop
  endfacet
  facet normal -0.6317554229778503 -0.017827504776218424 -0.7749627511122915
    outer loop
      vertex 21 24 3.0000000000000004
      vertex 17.963788392789947 23.227908310778524 5.492903837852444
      vertex 18.773318403094322 24 4.815207469095904
    endloop
  endfacet
  facet normal -0.8539420564457201 0.5200729014283967 -0.017525451010002725
    outer loop
      vertex 17.122331491819725 22.015254813108907 6.206293013106679
      vertex 16.5 21 6.401923788646684
      vertex 17.013511367410082 21.850584232013496 6.621995520659902
    endloop
  endfacet
  facet normal -0.8176346657185455 0.5755680819054056 0.01396196644655083
    outer loop
      vertex 17.122331491819725 22.015254813108907 6.206293013106679
      vertex 17.013511367410082 21.850584232013496 6.621995520659902
      vertex 17.963788392789947 23.227908310778524 5.492903837852444
    endloop
  endfacet
  facet normal -0.8369337545516052 0.5459551401200099 -0.03840410744560537
    outer loop
      vertex 17.963788392789947 23.227908310778524 5.492903837852444
      vertex 17.013511367410082 21.850584232013496 6.621995520659902
      vertex 17.57448386406034 22.7266370878219 6.850844526880693
    endloop
  endfacet
  facet normal -0.6439441696759346 0.7590766896777686 0.09559542629337417
    outer loop
      vertex 17.963788392789947 23.227908310778524 5.492903837852444
      vertex 17.57448386406034 22.7266370878219 6.850844526880693
      vertex 18.773318403094322 24 4.815207469095904
    endloop
  endfacet
  facet normal -0.7512588159366431 0.6593254385783505 -0.030002625234112495
    outer loop
      vertex 18.773318403094322 24 4.815207469095904
      vertex 17.57448386406034 22.7266370878219 6.850844526880693
      vertex 18 23.226681596905678 7.184792530904096
    endloop
  endfacet
  facet normal -0.6869623744551818 0.23699238841320802 0.6869623744551818
    outer loop
      vertex 16.5 21 6.401923788646684
      vertex 17.598076211353316 21 7.5
      vertex 17.013511367410082 21.850584232013496 6.621995520659902
    endloop
  endfacet
  facet normal -0.6869623744551827 0.23699238841320713 0.6869623744551816
    outer loop
      vertex 17.013511367410082 21.850584232013496 6.621995520659902
      vertex 17.598076211353316 21 7.5
      vertex 17.52609366603027 21.850584232013496 7.134577819280091
    endloop
  endfacet
  facet normal -0.6829914297284572 0.25893129172612145 0.682991429728456
    outer loop
      vertex 17.013511367410082 21.850584232013496 6.621995520659902
      vertex 17.52609366603027 21.850584232013496 7.134577819280091
      vertex 17.57448386406034 22.7266370878219 6.850844526880693
    endloop
  endfacet
  facet normal -0.6836679715484787 0.25876923856959483 0.6823756925982202
    outer loop
      vertex 17.57448386406034 22.7266370878219 6.850844526880693
      vertex 17.52609366603027 21.850584232013496 7.134577819280091
      vertex 17.70858229133165 22.726718614566753 6.985165992520436
    endloop
  endfacet
  facet normal -0.7017887280614702 0.12934218897014946 0.7005449159891706
    outer loop
      vertex 17.57448386406034 22.7266370878219 6.850844526880693
      vertex 17.70858229133165 22.726718614566753 6.985165992520436
      vertex 18 23.226681596905678 7.184792530904096
    endloop
  endfacet
  facet normal -0.6402954445184432 0.256820576488408 0.7239232937411884
    outer loop
      vertex 17.52609366603027 21.850584232013496 7.134577819280091
      vertex 17.598076211353316 21 7.5
      vertex 17.70858229133165 22.726718614566753 6.985165992520436
    endloop
  endfacet
  facet normal -0.7820144601554545 0.22351587181349417 0.5818024055942248
    outer loop
      vertex 17.70858229133165 22.726718614566753 6.985165992520436
      vertex 17.598076211353316 21 7.5
      vertex 18 23.226681596905678 7.184792530904096
    endloop
  endfacet
  facet normal -0.9451178390857453 0.20644604302704445 0.2532435617352732
    outer loop
      vertex 18 23.226681596905678 7.184792530904096
      vertex 17.598076211353316 21 7.5
      vertex 18 21 9
    endloop
  endfacet
  facet normal -0.9351131265310294 0.25056280708573153 0.25056280708573153
    outer loop
      vertex 8 21 23
      vertex 8.401923788646684 21 24.5
      vertex 8.401923788646684 22.5 23
    endloop
  endfacet
  facet normal -0.8485451453933814 0.3741464527623677 0.3741464527623677
    outer loop
      vertex 8.401923788646684 22.5 23
      vertex 8.401923788646684 21 24.5
      vertex 9.267949192431123 22.73205080756888 24.73205080756888
    endloop
  endfacet
  facet normal -0.6845503194452979 0.2505628070857312 0.6845503194452979
    outer loop
      vertex 8.401923788646684 21 24.5
      vertex 9.5 21 25.598076211353316
      vertex 9.267949192431123 22.73205080756888 24.73205080756888
    endloop
  endfacet
  facet normal -0.37414645276236735 0.37414645276236735 0.8485451453933817
    outer loop
      vertex 9.267949192431123 22.73205080756888 24.73205080756888
      vertex 9.5 21 25.598076211353316
      vertex 11 22.5 25.598076211353316
    endloop
  endfacet
  facet normal -0.25056280708573153 0.25056280708573153 0.9351131265310294
    outer loop
      vertex 9.5 21 25.598076211353316
      vertex 11 21 26
      vertex 11 22.5 25.598076211353316
    endloop
  endfacet
  facet normal -0.6845503194452979 0.6845503194452979 0.2505628070857312
    outer loop
      vertex 8.401923788646684 22.5 23
      vertex 9.267949192431123 22.73205080756888 24.73205080756888
      vertex 9.5 23.598076211353316 23
    endloop
  endfacet
  facet normal -0.3741464527623673 0.8485451453933816 0.3741464527623673
    outer loop
      vertex 9.5 23.598076211353316 23
      vertex 9.267949192431123 22.73205080756888 24.73205080756888
      vertex 11 23.598076211353316 24.5
    endloop
  endfacet
  facet normal -0.2505628070857308 0.6845503194452979 0.6845503194452979
    outer loop
      vertex 9.267949192431123 22.73205080756888 24.73205080756888
      vertex 11 22.5 25.598076211353316
      vertex 11 23.598076211353316 24.5
    endloop
  endfacet
  facet normal -0.25056280708573153 0.9351131265310294 0.25056280708573153
    outer loop
      vertex 9.5 23.598076211353316 23
      vertex 11 23.598076211353316 24.5
      vertex 11 24 23
    endloop
  endfacet
  facet normal 0.9351131265310294 0.25056280708573153 0.25056280708573153
    outer loop
      vertex 14 21 23
      vertex 13.598076211353316 22.5 23
      vertex 13.598076211353316 21 24.5
    endloop
  endfacet
  facet normal 0.8485451453933814 0.3741464527623677 0.3741464527623677
    outer loop
      vertex 13.598076211353316 22.5 23
      vertex 12.732050807568877 22.73205080756888 24.73205080756888
      vertex 13.598076211353316 21 24.5
    endloop
  endfacet
  facet normal 0.6845503194452979 0.2505628070857312 0.6845503194452979
    outer loop
      vertex 13.598076211353316 21 24.5
      vertex 12.732050807568877 22.73205080756888 24.73205080756888
      vertex 12.5 21 25.598076211353316
    endloop
  endfacet
  facet normal 0.37414645276236735 0.37414645276236735 0.8485451453933817
    outer loop
      vertex 12.732050807568877 22.73205080756888 24.73205080756888
      vertex 11 22.5 25.598076211353316
      vertex 12.5 21 25.598076211353316
    endloop
  endfacet
  facet normal 0.25056280708573153 0.25056280708573153 0.9351131265310294
    outer loop
      vertex 12.5 21 25.598076211353316
      vertex 11 22.5 25.598076211353316
      vertex 11 21 26
    endloop
  endfacet
  facet normal 0.6845503194452979 0.6845503194452979 0.2505628070857312
    outer loop
      vertex 13.598076211353316 22.5 23
      vertex 12.5 23.598076211353316 23
      vertex 12.732050807568877 22.73205080756888 24.73205080756888
    endloop
  endfacet
  facet normal 0.3741464527623673 0.8485451453933816 0.3741464527623673
    outer loop
      vertex 12.5 23.598076211353316 23
      vertex 11 23.598076211353316 24.5
      vertex 12.732050807568877 22.73205080756888 24.73205080756888
    endloop
  endfacet
  facet normal 0.25056280708573075 0.6845503194452979 0.6845503194452979
    outer loop
      vertex 12.732050807568877 22.73205080756888 24.73205080756888
      vertex 11 23.598076211353316 24.5
      vertex 11 22.5 25.598076211353316
    endloop
  endfacet
  facet normal 0.25056280708573153 0.9351131265310294 0.25056280708573153
    outer loop
      vertex 12.5 23.598076211353316 23
      vertex 11 24 23
      vertex 11 23.598076211353316 24.5
    endloop
  endfacet
  facet normal -0.9351131265310294 0.25056280708573153 0.25056280708573153
    outer loop
      vertex 18 21 23
      vertex 18.401923788646684 21 24.5
      vertex 18.401923788646684 22.5 23
    endloop
  endfacet
  facet normal -0.8485451453933819 0.3741464527623671 0.3741464527623671
    outer loop
      vertex 18.401923788646684 22.5 23
      vertex 18.401923788646684 21 24.5
      vertex 19.26794919243112 22.73205080756888 24.73205080756888
    endloop
  endfacet
  facet normal -0.684550319445298 0.25056280708573053 0.684550319445298
    outer loop
      vertex 18.401923788646684 21 24.5
      vertex 19.5 21 25.598076211353316
      vertex 19.26794919243112 22.73205080756888 24.73205080756888
    endloop
  endfacet
  facet normal -0.3741464527623671 0.3741464527623671 0.8485451453933819
    outer loop
      vertex 19.26794919243112 22.73205080756888 24.73205080756888
      vertex 19.5 21 25.598076211353316
      vertex 21 22.5 25.598076211353316
    endloop
  endfacet
  facet normal -0.25056280708573153 0.25056280708573153 0.9351131265310294
    outer loop
      vertex 19.5 21 25.598076211353316
      vertex 21 21 26
      vertex 21 22.5 25.598076211353316
    endloop
  endfacet
  facet normal -0.684550319445298 0.684550319445298 0.25056280708573053
    outer loop
      vertex 18.401923788646684 22.5 23
      vertex 19.26794919243112 22.73205080756888 24.73205080756888
      vertex 19.5 23.598076211353316 23
    endloop
  endfacet
  facet normal -0.3741464527623671 0.8485451453933819 0.3741464527623671
    outer loop
      vertex 19.5 23.598076211353316 23
      vertex 19.26794919243112 22.73205080756888 24.73205080756888
      vertex 21 23.598076211353316 24.5
    endloop
  endfacet
  facet normal -0.25056280708573053 0.684550319445298 0.684550319445298
    outer loop
      vertex 19.26794919243112 22.73205080756888 24.73205080756888
      vertex 21 22.5 25.598076211353316
      vertex 21 23.598076211353316 24.5
    endloop
  endfacet
  facet normal -0.25056280708573153 0.9351131265310294 0.25056280708573153
    outer loop
      vertex 19.5 23.598076211353316 23
      vertex 21 23.598076211353316 24.5
      vertex 21 24 23
    endloop
  endfacet
  facet normal 0.6402954445184325 -0.25682057648841006 0.7239232937411973
    outer loop
      vertex 24.401923788646684 2.9999999999999996 7.5
      vertex 24.29141770866835 1.2732813854332474 6.985165992520436
      vertex 24.473906333969733 2.1494157679865036 7.134577819280091
    endloop
  endfacet
  facet normal 0.9567294176300319 -0.13766262961557257 0.2563548748290653
    outer loop
      vertex 24.401923788646684 2.9999999999999996 7.5
      vertex 24 2.9999999999999996 9
      vertex 24.29141770866835 1.2732813854332474 6.985165992520436
    endloop
  endfacet
  facet normal 0.8502053659970988 -0.3326412465307009 0.40804489549097495
    outer loop
      vertex 24 2.9999999999999996 9
      vertex 24 0.773318403094323 7.184792530904095
      vertex 24.29141770866835 1.2732813854332474 6.985165992520436
    endloop
  endfacet
  facet normal 0.9193893557180549 0.21836242752965573 -0.3271713050310124
    outer loop
      vertex 24.473906333969733 2.1494157679865036 7.134577819280091
      vertex 24.36508620956009 1.984745186891098 6.718875311726868
      vertex 24.401923788646684 2.9999999999999996 7.5
    endloop
  endfacet
  facet normal 0.9677489428214149 -0.16984234594555342 -0.18605257641791717
    outer loop
      vertex 24.473906333969733 2.1494157679865036 7.134577819280091
      vertex 24.29141770866835 1.2732813854332474 6.985165992520436
      vertex 24.36508620956009 1.984745186891098 6.718875311726868
    endloop
  endfacet
  facet normal 0.9613403296126608 -0.17813532671237237 -0.2099823231543478
    outer loop
      vertex 24.29141770866835 1.2732813854332474 6.985165992520436
      vertex 23.901928925828102 0.7720916892214759 5.627186519234392
      vertex 24.36508620956009 1.984745186891098 6.718875311726868
    endloop
  endfacet
  facet normal 0.8533124201297454 -0.5186666225189048 -0.053318367727724386
    outer loop
      vertex 24.29141770866835 1.2732813854332474 6.985165992520436
      vertex 24 0.773318403094323 7.184792530904095
      vertex 23.901928925828102 0.7720916892214759 5.627186519234392
    endloop
  endfacet
  facet normal 0.7765240377780122 -0.6282261711650178 -0.04839727901725696
    outer loop
      vertex 24 0.773318403094323 7.184792530904095
      vertex 23.226681596905678 0 4.815207469095904
      vertex 23.901928925828102 0.7720916892214759 5.627186519234392
    endloop
  endfacet
  facet normal 0.3681936360878956 0.5585220782791183 -0.7432943793808403
    outer loop
      vertex 24.36508620956009 1.984745186891098 6.718875311726868
      vertex 23.938201045921744 1.9093769008182577 6.4507833445419305
      vertex 24.401923788646684 2.9999999999999996 7.5
    endloop
  endfacet
  facet normal 0.3797447318047719 0.5346194070363963 -0.7549675677051126
    outer loop
      vertex 24.36508620956009 1.984745186891098 6.718875311726868
      vertex 23.901928925828102 0.7720916892214759 5.627186519234392
      vertex 23.938201045921744 1.9093769008182577 6.4507833445419305
    endloop
  endfacet
  facet normal 0.4515514915475203 0.5138375319339583 -0.7294328216204892
    outer loop
      vertex 23.901928925828102 0.7720916892214759 5.627186519234392
      vertex 22.552398017812397 0.6227982967159118 4.686599226742033
      vertex 23.938201045921744 1.9093769008182577 6.4507833445419305
    endloop
  endfacet
  facet normal 0.5000148088059613 0.3807256678417617 -0.7778387730250933
    outer loop
      vertex 23.901928925828102 0.7720916892214759 5.627186519234392
      vertex 23.226681596905678 0 4.815207469095904
      vertex 22.552398017812397 0.6227982967159118 4.686599226742033
    endloop
  endfacet
  facet normal 0.5596661456322564 0.4641631146388607 -0.6865321612582223
    outer loop
      vertex 23.226681596905678 0 4.815207469095904
      vertex 21 0 3.0000000000000004
      vertex 22.552398017812397 0.6227982967159118 4.686599226742033
    endloop
  endfacet
  facet normal -0.8191892714057237 -0.17662202495131774 0.545649702571032
    outer loop
      vertex 23.938201045921744 1.9093769008182577 6.4507833445419305
      vertex 24.20629301310668 1.9847451868910981 6.877668508180278
      vertex 24.401923788646684 2.9999999999999996 7.5
    endloop
  endfacet
  facet normal -0.8406783277339045 0.23955635076292703 0.4856672771431852
    outer loop
      vertex 23.938201045921744 1.9093769008182577 6.4507833445419305
      vertex 22.552398017812397 0.6227982967159118 4.686599226742033
      vertex 24.20629301310668 1.9847451868910981 6.877668508180278
    endloop
  endfacet
  facet normal -0.8216714289308723 0.09320890974650797 0.5622883264149857
    outer loop
      vertex 22.552398017812397 0.6227982967159118 4.686599226742033
      vertex 23.492903837852445 0.7720916892214762 6.036211607210052
      vertex 24.20629301310668 1.9847451868910981 6.877668508180278
    endloop
  endfacet
  facet normal -0.6886536000650452 0.5952416658860412 0.41405745774066577
    outer loop
      vertex 22.552398017812397 0.6227982967159118 4.686599226742033
      vertex 21 0 3.0000000000000004
      vertex 23.492903837852445 0.7720916892214762 6.036211607210052
    endloop
  endfacet
  facet normal -0.774962751112291 0.017827504776217647 0.6317554229778507
    outer loop
      vertex 21 0 3.0000000000000004
      vertex 22.815207469095906 0 5.226681596905678
      vertex 23.492903837852445 0.7720916892214762 6.036211607210052
    endloop
  endfacet
  facet normal -0.0175254510100144 -0.5200729014283948 0.8539420564457209
    outer loop
      vertex 24.20629301310668 1.9847451868910981 6.877668508180278
      vertex 24.6219955206599 2.1494157679865036 6.986488632589923
      vertex 24.401923788646684 2.9999999999999996 7.5
    endloop
  endfacet
  facet normal 0.013961966446536788 -0.5755680819054008 0.8176346657185493
    outer loop
      vertex 24.20629301310668 1.9847451868910981 6.877668508180278
      vertex 23.492903837852445 0.7720916892214762 6.036211607210052
      vertex 24.6219955206599 2.1494157679865036 6.986488632589923
    endloop
  endfacet
  facet normal -0.038404107445602666 -0.5459551401200146 0.8369337545516025
    outer loop
      vertex 23.492903837852445 0.7720916892214762 6.036211607210052
      vertex 24.85084452688069 1.2733629121781007 6.425516135939658
      vertex 24.6219955206599 2.1494157679865036 6.986488632589923
    endloop
  endfacet
  facet normal 0.09559542629337463 -0.7590766896777683 0.6439441696759349
    outer loop
      vertex 23.492903837852445 0.7720916892214762 6.036211607210052
      vertex 22.815207469095906 0 5.226681596905678
      vertex 24.85084452688069 1.2733629121781007 6.425516135939658
    endloop
  endfacet
  facet normal -0.030002625234112713 -0.6593254385783498 0.7512588159366437
    outer loop
      vertex 22.815207469095906 0 5.226681596905678
      vertex 25.184792530904094 0.773318403094323 6
      vertex 24.85084452688069 1.2733629121781007 6.425516135939658
    endloop
  endfacet
  facet normal 0.6869623744551825 -0.23699238841320466 0.6869623744551825
    outer loop
      vertex 24.401923788646684 2.9999999999999996 7.5
      vertex 24.6219955206599 2.1494157679865036 6.986488632589923
      vertex 25.5 2.9999999999999996 6.401923788646684
    endloop
  endfacet
  facet normal 0.6869623744551795 -0.23699238841319792 0.6869623744551878
    outer loop
      vertex 24.6219955206599 2.1494157679865036 6.986488632589923
      vertex 25.134577819280096 2.1494157679865036 6.473906333969734
      vertex 25.5 2.9999999999999996 6.401923788646684
    endloop
  endfacet
  facet normal 0.6829914297284504 -0.2589312917261323 0.6829914297284586
    outer loop
      vertex 24.6219955206599 2.1494157679865036 6.986488632589923
      vertex 24.85084452688069 1.2733629121781007 6.425516135939658
      vertex 25.134577819280096 2.1494157679865036 6.473906333969734
    endloop
  endfacet
  facet normal 0.6823756925981993 -0.2587692385696017 0.6836679715484969
    outer loop
      vertex 24.85084452688069 1.2733629121781007 6.425516135939658
      vertex 24.985165992520436 1.2732813854332479 6.291417708668353
      vertex 25.134577819280096 2.1494157679865036 6.473906333969734
    endloop
  endfacet
  facet normal 0.7005449159891477 -0.12934218897017416 0.7017887280614885
    outer loop
      vertex 24.85084452688069 1.2733629121781007 6.425516135939658
      vertex 25.184792530904094 0.773318403094323 6
      vertex 24.985165992520436 1.2732813854332479 6.291417708668353
    endloop
  endfacet
  facet normal 0.7239232937412122 -0.2568205764884128 0.6402954445184145
    outer loop
      vertex 25.134577819280096 2.1494157679865036 6.473906333969734
      vertex 24.985165992520436 1.2732813854332479 6.291417708668353
      vertex 25.5 2.9999999999999996 6.401923788646684
    endloop
  endfacet
  facet normal 0.5818024055942298 -0.22351587181349475 0.7820144601554505
    outer loop
      vertex 24.985165992520436 1.2732813854332479 6.291417708668353
      vertex 25.184792530904094 0.773318403094323 6
      vertex 25.5 2.9999999999999996 6.401923788646684
    endloop
  endfacet
  facet normal 0.2532435617352731 -0.20644604302704475 0.9451178390857451
    outer loop
      vertex 25.184792530904094 0.773318403094323 6
      vertex 27 2.9999999999999996 6
      vertex 25.5 2.9999999999999996 6.401923788646684
    endloop
  endfacet
  facet normal 0.2505628070857314 -0.9351131265310294 -0.2505628070857314
    outer loop
      vertex 37 0 3.0000000000000004
      vertex 37 0.401923788646684 1.4999999999999996
      vertex 38.5 0.401923788646684 2.9999999999999996
    endloop
  endfacet
  facet normal 0.3741464527623682 -0.8485451453933809 -0.3741464527623682
    outer loop
      vertex 38.5 0.401923788646684 2.9999999999999996
      vertex 37 0.401923788646684 1.4999999999999996
      vertex 38.732050807568875 1.2679491924311224 1.2679491924311233
    endloop
  endfacet
  facet normal 0.2505628070857321 -0.6845503194452975 -0.6845503194452979
    outer loop
      vertex 37 0.401923788646684 1.4999999999999996
      vertex 37 1.5 0.401923788646684
      vertex 38.732050807568875 1.2679491924311224 1.2679491924311233
    endloop
  endfacet
  facet normal 0.37414645276236824 -0.37414645276236835 -0.8485451453933808
    outer loop
      vertex 38.732050807568875 1.2679491924311224 1.2679491924311233
      vertex 37 1.5 0.401923788646684
      vertex 38.5 2.9999999999999996 0.401923788646684
    endloop
  endfacet
  facet normal 0.25056280708573153 -0.2505628070857316 -0.9351131265310292
    outer loop
      vertex 37 1.5 0.401923788646684
      vertex 37 2.9999999999999996 0
      vertex 38.5 2.9999999999999996 0.401923788646684
    endloop
  endfacet
  facet normal 0.6845503194452975 -0.6845503194452978 -0.25056280708573253
    outer loop
      vertex 38.5 0.401923788646684 2.9999999999999996
      vertex 38.732050807568875 1.2679491924311224 1.2679491924311233
      vertex 39.598076211353316 1.4999999999999996 2.9999999999999996
    endloop
  endfacet
  facet normal 0.8485451453933806 -0.37414645276236874 -0.37414645276236874
    outer loop
      vertex 39.598076211353316 1.4999999999999996 2.9999999999999996
      vertex 38.732050807568875 1.2679491924311224 1.2679491924311233
      vertex 39.598076211353316 2.9999999999999996 1.4999999999999996
    endloop
  endfacet
  facet normal 0.6845503194452975 -0.2505628070857328 -0.6845503194452978
    outer loop
      vertex 38.732050807568875 1.2679491924311224 1.2679491924311233
      vertex 38.5 2.9999999999999996 0.401923788646684
      vertex 39.598076211353316 2.9999999999999996 1.4999999999999996
    endloop
  endfacet
  facet normal 0.9351131265310294 -0.25056280708573153 -0.25056280708573153
    outer loop
      vertex 39.598076211353316 1.4999999999999996 2.9999999999999996
      vertex 39.598076211353316 2.9999999999999996 1.4999999999999996
      vertex 40 2.9999999999999996 2.9999999999999996
    endloop
  endfacet
  facet normal 0.2505628070857317 -0.9351131265310292 0.2505628070857316
    outer loop
      vertex 37 0 3.0000000000000004
      vertex 38.5 0.401923788646684 2.9999999999999996
      vertex 37 0.401923788646684 4.5
    endloop
  endfacet
  facet normal 0.37414645276236813 -0.848545145393381 0.374146452762368
    outer loop
      vertex 37 0.401923788646684 4.5
      vertex 38.5 0.401923788646684 2.9999999999999996
      vertex 38.732050807568875 1.2679491924311224 4.732050807568877
    endloop
  endfacet
  facet normal 0.6845503194452975 -0.6845503194452978 0.2505628070857324
    outer loop
      vertex 38.5 0.401923788646684 2.9999999999999996
      vertex 39.598076211353316 1.4999999999999996 2.9999999999999996
      vertex 38.732050807568875 1.2679491924311224 4.732050807568877
    endloop
  endfacet
  facet normal 0.8485451453933806 -0.37414645276236874 0.3741464527623686
    outer loop
      vertex 38.732050807568875 1.2679491924311224 4.732050807568877
      vertex 39.598076211353316 1.4999999999999996 2.9999999999999996
      vertex 39.598076211353316 2.9999999999999996 4.5
    endloop
  endfacet
  facet normal 0.9351131265310294 -0.25056280708573153 0.2505628070857315
    outer loop
      vertex 39.598076211353316 1.4999999999999996 2.9999999999999996
      vertex 40 2.9999999999999996 2.9999999999999996
      vertex 39.598076211353316 2.9999999999999996 4.5
    endloop
  endfacet
  facet normal 0.25056280708573203 -0.6845503194452978 0.6845503194452978
    outer loop
      vertex 37 0.401923788646684 4.5
      vertex 38.732050807568875 1.2679491924311224 4.732050807568877
      vertex 37 1.5 5.598076211353316
    endloop
  endfacet
  facet normal 0.37414645276236824 -0.37414645276236835 0.8485451453933808
    outer loop
      vertex 37 1.5 5.598076211353316
      vertex 38.732050807568875 1.2679491924311224 4.732050807568877
      vertex 38.5 2.9999999999999996 5.598076211353316
    endloop
  endfacet
  facet normal 0.6845503194452975 -0.25056280708573264 0.6845503194452975
    outer loop
      vertex 38.732050807568875 1.2679491924311224 4.732050807568877
      vertex 39.598076211353316 2.9999999999999996 4.5
      vertex 38.5 2.9999999999999996 5.598076211353316
    endloop
  endfacet
  facet normal 0.25056280708573153 -0.2505628070857316 0.9351131265310292
    outer loop
      vertex 37 1.5 5.598076211353316
      vertex 38.5 2.9999999999999996 5.598076211353316
      vertex 37 2.9999999999999996 6
    endloop
  endfacet
  facet normal 0.25056280708573153 -0.9351131265310294 0.25056280708573153
    outer loop
      vertex 21 0 23
      vertex 22.5 0.401923788646684 23
      vertex 21 0.401923788646684 24.5
    endloop
  endfacet
  facet normal 0.3741464527623684 -0.8485451453933809 0.3741464527623684
    outer loop
      vertex 22.5 0.401923788646684 23
      vertex 22.732050807568875 1.2679491924311224 24.732050807568875
      vertex 21 0.401923788646684 24.5
    endloop
  endfacet
  facet normal 0.25056280708573275 -0.6845503194452978 0.6845503194452974
    outer loop
      vertex 21 0.401923788646684 24.5
      vertex 22.732050807568875 1.2679491924311224 24.732050807568875
      vertex 21 1.4999999999999996 25.598076211353316
    endloop
  endfacet
  facet normal 0.37414645276236885 -0.37414645276236885 0.8485451453933802
    outer loop
      vertex 22.732050807568875 1.2679491924311224 24.732050807568875
      vertex 22.5 2.9999999999999996 25.598076211353316
      vertex 21 1.4999999999999996 25.598076211353316
    endloop
  endfacet
  facet normal 0.25056280708573153 -0.25056280708573153 0.9351131265310294
    outer loop
      vertex 21 1.4999999999999996 25.598076211353316
      vertex 22.5 2.9999999999999996 25.598076211353316
      vertex 21 2.9999999999999996 26
    endloop
  endfacet
  facet normal 0.6845503194452974 -0.6845503194452978 0.25056280708573275
    outer loop
      vertex 22.5 0.401923788646684 23
      vertex 23.598076211353316 1.4999999999999996 23
      vertex 22.732050807568875 1.2679491924311224 24.732050807568875
    endloop
  endfacet
  facet normal 0.8485451453933803 -0.37414645276236885 0.37414645276236885
    outer loop
      vertex 23.598076211353316 1.4999999999999996 23
      vertex 23.598076211353316 2.9999999999999996 24.5
      vertex 22.732050807568875 1.2679491924311224 24.732050807568875
    endloop
  endfacet
  facet normal 0.6845503194452975 -0.25056280708573336 0.6845503194452975
    outer loop
      vertex 22.732050807568875 1.2679491924311224 24.732050807568875
      vertex 23.598076211353316 2.9999999999999996 24.5
      vertex 22.5 2.9999999999999996 25.598076211353316
    endloop
  endfacet
  facet normal 0.9351131265310294 -0.25056280708573153 0.25056280708573153
    outer loop
      vertex 23.598076211353316 1.4999999999999996 23
      vertex 24 2.9999999999999996 23
      vertex 23.598076211353316 2.9999999999999996 24.5
    endloop
  endfacet
  facet normal 0.7239232937412116 0.25682057648841244 0.6402954445184152
    outer loop
      vertex 25.5 21 6.401923788646684
      vertex 24.985165992520436 22.726718614566753 6.291417708668353
      vertex 25.134577819280096 21.850584232013496 6.473906333969734
    endloop
  endfacet
  facet normal 0.2563548748290653 0.13766262961557155 0.9567294176300319
    outer loop
      vertex 25.5 21 6.401923788646684
      vertex 27 21 6
      vertex 24.985165992520436 22.726718614566753 6.291417708668353
    endloop
  endfacet
  facet normal 0.40804489549097706 0.3326412465307025 0.8502053659970973
    outer loop
      vertex 27 21 6
      vertex 25.184792530904094 23.226681596905678 6
      vertex 24.985165992520436 22.726718614566753 6.291417708668353
    endloop
  endfacet
  facet normal -0.3271713050310153 -0.21836242752965584 0.9193893557180539
    outer loop
      vertex 25.134577819280096 21.850584232013496 6.473906333969734
      vertex 24.71887531172687 22.015254813108907 6.365086209560089
      vertex 25.5 21 6.401923788646684
    endloop
  endfacet
  facet normal -0.18605257641791817 0.16984234594555098 0.967748942821415
    outer loop
      vertex 25.134577819280096 21.850584232013496 6.473906333969734
      vertex 24.985165992520436 22.726718614566753 6.291417708668353
      vertex 24.71887531172687 22.015254813108907 6.365086209560089
    endloop
  endfacet
  facet normal -0.2099823231543494 0.1781353267123702 0.9613403296126609
    outer loop
      vertex 24.985165992520436 22.726718614566753 6.291417708668353
      vertex 23.62718651923439 23.227908310778524 5.901928925828102
      vertex 24.71887531172687 22.015254813108907 6.365086209560089
    endloop
  endfacet
  facet normal -0.05331836772772453 0.5186666225189066 0.8533124201297442
    outer loop
      vertex 24.985165992520436 22.726718614566753 6.291417708668353
      vertex 25.184792530904094 23.226681596905678 6
      vertex 23.62718651923439 23.227908310778524 5.901928925828102
    endloop
  endfacet
  facet normal -0.04839727901725723 0.6282261711650187 0.7765240377780114
    outer loop
      vertex 25.184792530904094 23.226681596905678 6
      vertex 22.815207469095903 24 5.226681596905676
      vertex 23.62718651923439 23.227908310778524 5.901928925828102
    endloop
  endfacet
  facet normal -0.7432943793808434 -0.5585220782791168 0.3681936360878921
    outer loop
      vertex 24.71887531172687 22.015254813108907 6.365086209560089
      vertex 24.450783344541936 22.090623099181744 5.938201045921741
      vertex 25.5 21 6.401923788646684
    endloop
  endfacet
  facet normal -0.7549675677051115 -0.5346194070364036 0.3797447318047638
    outer loop
      vertex 24.71887531172687 22.015254813108907 6.365086209560089
      vertex 23.62718651923439 23.227908310778524 5.901928925828102
      vertex 24.450783344541936 22.090623099181744 5.938201045921741
    endloop
  endfacet
  facet normal -0.7294328216204866 -0.5138375319339643 0.45155149154751717
    outer loop
      vertex 23.62718651923439 23.227908310778524 5.901928925828102
      vertex 22.686599226742032 23.377201703284086 4.552398017812397
      vertex 24.450783344541936 22.090623099181744 5.938201045921741
    endloop
  endfacet
  facet normal -0.7778387730250943 -0.3807256678417599 0.500014808805961
    outer loop
      vertex 23.62718651923439 23.227908310778524 5.901928925828102
      vertex 22.815207469095903 24 5.226681596905676
      vertex 22.686599226742032 23.377201703284086 4.552398017812397
    endloop
  endfacet
  facet normal -0.6865321612582228 -0.46416311463885923 0.559666145632257
    outer loop
      vertex 22.815207469095903 24 5.226681596905676
      vertex 21 24 3.0000000000000004
      vertex 22.686599226742032 23.377201703284086 4.552398017812397
    endloop
  endfacet
  facet normal 0.5456497025710371 0.17662202495131926 -0.81918927140572
    outer loop
      vertex 24.450783344541936 22.090623099181744 5.938201045921741
      vertex 24.877668508180278 22.015254813108907 6.206293013106679
      vertex 25.5 21 6.401923788646684
    endloop
  endfacet
  facet normal 0.4856672771431977 -0.23955635076290524 -0.8406783277339034
    outer loop
      vertex 24.450783344541936 22.090623099181744 5.938201045921741
      vertex 22.686599226742032 23.377201703284086 4.552398017812397
      vertex 24.877668508180278 22.015254813108907 6.206293013106679
    endloop
  endfacet
  facet normal 0.5622883264149849 -0.09320890974650906 -0.821671428930873
    outer loop
      vertex 22.686599226742032 23.377201703284086 4.552398017812397
      vertex 24.036211607210053 23.227908310778524 5.492903837852444
      vertex 24.877668508180278 22.015254813108907 6.206293013106679
    endloop
  endfacet
  facet normal 0.41405745774066643 -0.59524166588604 -0.688653600065046
    outer loop
      vertex 22.686599226742032 23.377201703284086 4.552398017812397
      vertex 21 24 3.0000000000000004
      vertex 24.036211607210053 23.227908310778524 5.492903837852444
    endloop
  endfacet
  facet normal 0.6317554229778503 -0.017827504776218566 -0.7749627511122915
    outer loop
      vertex 21 24 3.0000000000000004
      vertex 23.226681596905678 24 4.815207469095904
      vertex 24.036211607210053 23.227908310778524 5.492903837852444
    endloop
  endfacet
  facet normal 0.853942056445722 0.5200729014283931 -0.017525451010011964
    outer loop
      vertex 24.877668508180278 22.015254813108907 6.206293013106679
      vertex 24.986488632589925 21.850584232013496 6.621995520659902
      vertex 25.5 21 6.401923788646684
    endloop
  endfacet
  facet normal 0.8176346657185466 0.5755680819054042 0.013961966446542979
    outer loop
      vertex 24.877668508180278 22.015254813108907 6.206293013106679
      vertex 24.036211607210053 23.227908310778524 5.492903837852444
      vertex 24.986488632589925 21.850584232013496 6.621995520659902
    endloop
  endfacet
  facet normal 0.8369337545516015 0.5459551401200162 -0.03840410744559981
    outer loop
      vertex 24.036211607210053 23.227908310778524 5.492903837852444
      vertex 24.425516135939656 22.7266370878219 6.850844526880693
      vertex 24.986488632589925 21.850584232013496 6.621995520659902
    endloop
  endfacet
  facet normal 0.6439441696759334 0.7590766896777693 0.09559542629337653
    outer loop
      vertex 24.036211607210053 23.227908310778524 5.492903837852444
      vertex 23.226681596905678 24 4.815207469095904
      vertex 24.425516135939656 22.7266370878219 6.850844526880693
    endloop
  endfacet
  facet normal 0.7512588159366452 0.659325438578348 -0.030002625234114025
    outer loop
      vertex 23.226681596905678 24 4.815207469095904
      vertex 24 23.226681596905678 7.184792530904096
      vertex 24.425516135939656 22.7266370878219 6.850844526880693
    endloop
  endfacet
  facet normal 0.6869623744551828 0.23699238841320264 0.6869623744551828
    outer loop
      vertex 25.5 21 6.401923788646684
      vertex 24.986488632589925 21.850584232013496 6.621995520659902
      vertex 24.401923788646684 21 7.5
    endloop
  endfacet
  facet normal 0.6869623744551805 0.23699238841320552 0.6869623744551842
    outer loop
      vertex 24.986488632589925 21.850584232013496 6.621995520659902
      vertex 24.473906333969733 21.850584232013496 7.134577819280091
      vertex 24.401923788646684 21 7.5
    endloop
  endfacet
  facet normal 0.6829914297284537 0.2589312917261272 0.6829914297284573
    outer loop
      vertex 24.986488632589925 21.850584232013496 6.621995520659902
      vertex 24.425516135939656 22.7266370878219 6.850844526880693
      vertex 24.473906333969733 21.850584232013496 7.134577819280091
    endloop
  endfacet
  facet normal 0.6836679715484872 0.2587692385695977 0.6823756925982106
    outer loop
      vertex 24.425516135939656 22.7266370878219 6.850844526880693
      vertex 24.29141770866835 22.726718614566753 6.985165992520436
      vertex 24.473906333969733 21.850584232013496 7.134577819280091
    endloop
  endfacet
  facet normal 0.7017887280614786 0.1293421889701585 0.7005449159891604
    outer loop
      vertex 24.425516135939656 22.7266370878219 6.850844526880693
      vertex 24 23.226681596905678 7.184792530904096
      vertex 24.29141770866835 22.726718614566753 6.985165992520436
    endloop
  endfacet
  facet normal 0.6402954445184329 0.25682057648840984 0.7239232937411969
    outer loop
      vertex 24.473906333969733 21.850584232013496 7.134577819280091
      vertex 24.29141770866835 22.726718614566753 6.985165992520436
      vertex 24.401923788646684 21 7.5
    endloop
  endfacet
  facet normal 0.7820144601554544 0.22351587181349417 0.5818024055942248
    outer loop
      vertex 24.29141770866835 22.726718614566753 6.985165992520436
      vertex 24 23.226681596905678 7.184792530904096
      vertex 24.401923788646684 21 7.5
    endloop
  endfacet
  facet normal 0.9451178390857453 0.20644604302704445 0.2532435617352732
    outer loop
      vertex 24 23.226681596905678 7.184792530904096
      vertex 24 21 9
      vertex 24.401923788646684 21 7.5
    endloop
  endfacet
  facet normal 0.25056280708573153 0.25056280708573153 -0.9351131265310294
    outer loop
      vertex 37 21 0
      vertex 37 22.5 0.401923788646684
      vertex 38.5 21 0.401923788646684
    endloop
  endfacet
  facet normal 0.37414645276236835 0.37414645276236835 -0.8485451453933808
    outer loop
      vertex 37 22.5 0.401923788646684
      vertex 38.732050807568875 22.732050807568875 1.2679491924311224
      vertex 38.5 21 0.401923788646684
    endloop
  endfacet
  facet normal 0.6845503194452974 0.25056280708573275 -0.6845503194452978
    outer loop
      vertex 38.5 21 0.401923788646684
      vertex 38.732050807568875 22.732050807568875 1.2679491924311224
      vertex 39.598076211353316 21 1.4999999999999996
    endloop
  endfacet
  facet normal 0.8485451453933803 0.37414645276236885 -0.37414645276236885
    outer loop
      vertex 38.732050807568875 22.732050807568875 1.2679491924311224
      vertex 39.598076211353316 22.5 2.9999999999999996
      vertex 39.598076211353316 21 1.4999999999999996
    endloop
  endfacet
  facet normal 0.9351131265310294 0.25056280708573153 -0.25056280708573153
    outer loop
      vertex 39.598076211353316 21 1.4999999999999996
      vertex 39.598076211353316 22.5 2.9999999999999996
      vertex 40 21 2.9999999999999996
    endloop
  endfacet
  facet normal 0.25056280708573275 0.6845503194452974 -0.6845503194452978
    outer loop
      vertex 37 22.5 0.401923788646684
      vertex 37 23.598076211353316 1.4999999999999996
      vertex 38.732050807568875 22.732050807568875 1.2679491924311224
    endloop
  endfacet
  facet normal 0.37414645276236885 0.8485451453933803 -0.37414645276236885
    outer loop
      vertex 37 23.598076211353316 1.4999999999999996
      vertex 38.5 23.598076211353316 2.9999999999999996
      vertex 38.732050807568875 22.732050807568875 1.2679491924311224
    endloop
  endfacet
  facet normal 0.6845503194452975 0.6845503194452975 -0.25056280708573336
    outer loop
      vertex 38.732050807568875 22.732050807568875 1.2679491924311224
      vertex 38.5 23.598076211353316 2.9999999999999996
      vertex 39.598076211353316 22.5 2.9999999999999996
    endloop
  endfacet
  facet normal 0.25056280708573153 0.9351131265310294 -0.25056280708573153
    outer loop
      vertex 37 23.598076211353316 1.4999999999999996
      vertex 37 24 2.9999999999999996
      vertex 38.5 23.598076211353316 2.9999999999999996
    endloop
  endfacet
  facet normal 0.25056280708573153 0.25056280708573153 0.9351131265310294
    outer loop
      vertex 37 21 6
      vertex 38.5 21 5.598076211353316
      vertex 37 22.5 5.598076211353316
    endloop
  endfacet
  facet normal 0.37414645276236813 0.37414645276236813 0.848545145393381
    outer loop
      vertex 37 22.5 5.598076211353316
      vertex 38.5 21 5.598076211353316
      vertex 38.732050807568875 22.73205080756888 4.732050807568877
    endloop
  endfacet
  facet normal 0.6845503194452977 0.2505628070857325 0.6845503194452977
    outer loop
      vertex 38.5 21 5.598076211353316
      vertex 39.598076211353316 21 4.5
      vertex 38.732050807568875 22.73205080756888 4.732050807568877
    endloop
  endfacet
  facet normal 0.8485451453933807 0.3741464527623684 0.37414645276236835
    outer loop
      vertex 38.732050807568875 22.73205080756888 4.732050807568877
      vertex 39.598076211353316 21 4.5
      vertex 39.598076211353316 22.5 2.9999999999999996
    endloop
  endfacet
  facet normal 0.9351131265310294 0.25056280708573153 0.2505628070857315
    outer loop
      vertex 39.598076211353316 21 4.5
      vertex 40 21 2.9999999999999996
      vertex 39.598076211353316 22.5 2.9999999999999996
    endloop
  endfacet
  facet normal 0.25056280708573164 0.6845503194452978 0.6845503194452978
    outer loop
      vertex 37 22.5 5.598076211353316
      vertex 38.732050807568875 22.73205080756888 4.732050807568877
      vertex 37 23.598076211353316 4.5
    endloop
  endfacet
  facet normal 0.3741464527623679 0.8485451453933813 0.37414645276236774
    outer loop
      vertex 37 23.598076211353316 4.5
      vertex 38.732050807568875 22.73205080756888 4.732050807568877
      vertex 38.5 23.598076211353316 2.9999999999999996
    endloop
  endfacet
  facet normal 0.6845503194452977 0.6845503194452977 0.25056280708573203
    outer loop
      vertex 38.732050807568875 22.73205080756888 4.732050807568877
      vertex 39.598076211353316 22.5 2.9999999999999996
      vertex 38.5 23.598076211353316 2.9999999999999996
    endloop
  endfacet
  facet normal 0.25056280708573153 0.9351131265310294 0.2505628070857315
    outer loop
      vertex 37 23.598076211353316 4.5
      vertex 38.5 23.598076211353316 2.9999999999999996
      vertex 37 24 2.9999999999999996
    endloop
  endfacet
  facet normal 0.9351131265310294 0.25056280708573153 0.25056280708573153
    outer loop
      vertex 24 21 23
      vertex 23.598076211353316 22.5 23
      vertex 23.598076211353316 21 24.5
    endloop
  endfacet
  facet normal 0.8485451453933819 0.3741464527623671 0.3741464527623671
    outer loop
      vertex 23.598076211353316 22.5 23
      vertex 22.73205080756888 22.73205080756888 24.73205080756888
      vertex 23.598076211353316 21 24.5
    endloop
  endfacet
  facet normal 0.684550319445298 0.25056280708573053 0.684550319445298
    outer loop
      vertex 23.598076211353316 21 24.5
      vertex 22.73205080756888 22.73205080756888 24.73205080756888
      vertex 22.5 21 25.598076211353316
    endloop
  endfacet
  facet normal 0.3741464527623671 0.3741464527623671 0.8485451453933819
    outer loop
      vertex 22.73205080756888 22.73205080756888 24.73205080756888
      vertex 21 22.5 25.598076211353316
      vertex 22.5 21 25.598076211353316
    endloop
  endfacet
  facet normal 0.25056280708573153 0.25056280708573153 0.9351131265310294
    outer loop
      vertex 22.5 21 25.598076211353316
      vertex 21 22.5 25.598076211353316
      vertex 21 21 26
    endloop
  endfacet
  facet normal 0.684550319445298 0.684550319445298 0.25056280708573053
    outer loop
      vertex 23.598076211353316 22.5 23
      vertex 22.5 23.598076211353316 23
      vertex 22.73205080756888 22.73205080756888 24.73205080756888
    endloop
  endfacet
  facet normal 0.3741464527623671 0.8485451453933819 0.3741464527623671
    outer loop
      vertex 22.5 23.598076211353316 23
      vertex 21 23.598076211353316 24.5
      vertex 22.73205080756888 22.73205080756888 24.73205080756888
    endloop
  endfacet
  facet normal 0.25056280708573053 0.684550319445298 0.684550319445298
    outer loop
      vertex 22.73205080756888 22.73205080756888 24.73205080756888
      vertex 21 23.598076211353316 24.5
      vertex 21 22.5 25.598076211353316
    endloop
  endfacet
  facet normal 0.25056280708573153 0.9351131265310294 0.25056280708573153
    outer loop
      vertex 22.5 23.598076211353316 23
      vertex 21 24 23
      vertex 21 23.598076211353316 24.5
    endloop
  endfacet
endsolid OpenSCAD_Model
