solid OpenSCAD_Model
  facet normal 0 0 -1
    outer loop
      vertex 8 2.7499999999999996 0
      vertex 2.7499999999999996 2.7499999999999996 0
      vertex 2.7499999999999996 8 0
    endloop
  endfacet
  facet normal 0 0 -1
    outer loop
      vertex 8 2.7499999999999996 0
      vertex 2.7499999999999996 8 0
      vertex 2.7499999999999996 16 0
    endloop
  endfacet
  facet normal 0 0 -1
    outer loop
      vertex 8 2.7499999999999996 0
      vertex 2.7499999999999996 16 0
      vertex 2.7499999999999996 21.25 0
    endloop
  endfacet
  facet normal 0 0 -1
    outer loop
      vertex 8 2.7499999999999996 0
      vertex 2.7499999999999996 21.25 0
      vertex 8 21.25 0
    endloop
  endfacet
  facet normal 0 0 -1
    outer loop
      vertex 8 2.7499999999999996 0
      vertex 8 21.25 0
      vertex 18.666666666666664 21.25 0
    endloop
  endfacet
  facet normal 0 0 -1
    outer loop
      vertex 8 2.7499999999999996 0
      vertex 18.666666666666664 21.25 0
      vertex 29.333333333333332 21.25 0
    endloop
  endfacet
  facet normal 0 0 -1
    outer loop
      vertex 8 2.7499999999999996 0
      vertex 29.333333333333332 21.25 0
      vertex 37.25 21.25 0
    endloop
  endfacet
  facet normal 0 0 -1
    outer loop
      vertex 8 2.7499999999999996 0
      vertex 37.25 21.25 0
      vertex 37.25 16 0
    endloop
  endfacet
  facet normal 0 0 -1
    outer loop
      vertex 8 2.7499999999999996 0
      vertex 37.25 16 0
      vertex 37.25 8 0
    endloop
  endfacet
  facet normal 0 0 -1
    outer loop
      vertex 37.25 8 0
      vertex 37.25 2.7499999999999996 0
      vertex 29.333333333333332 2.7499999999999996 0
    endloop
  endfacet
  facet normal 0 0 -1
    outer loop
      vertex 37.25 8 0
      vertex 29.333333333333332 2.7499999999999996 0
      vertex 18.666666666666664 2.7499999999999996 0
    endloop
  endfacet
  facet normal 0 0 -1
    outer loop
      vertex 37.25 8 0
      vertex 18.666666666666664 2.7499999999999996 0
      vertex 8 2.7499999999999996 0
    endloop
  endfacet
  facet normal 0 0 1
    outer loop
      vertex 10.75 8 6
      vertex 10.75 2.7499999999999996 6
      vertex 18.666666666666664 2.7499999999999996 6
    endloop
  endfacet
  facet normal 0 0 1
    outer loop
      vertex 10.75 8 6
      vertex 18.666666666666664 2.7499999999999996 6
      vertex 29.333333333333332 2.7499999999999996 6
    endloop
  endfacet
  facet normal 0 0 1
    outer loop
      vertex 10.75 8 6
      vertex 29.333333333333332 2.7499999999999996 6
      vertex 37.25 2.7499999999999996 6
    endloop
  endfacet
  facet normal 0 0 1
    outer loop
      vertex 10.75 8 6
      vertex 37.25 2.7499999999999996 6
      vertex 37.25 8 6
    endloop
  endfacet
  facet normal 0 0 1
    outer loop
      vertex 10.75 8 6
      vertex 37.25 8 6
      vertex 37.25 16 6
    endloop
  endfacet
  facet normal 0 0 1
    outer loop
      vertex 10.75 8 6
      vertex 37.25 16 6
      vertex 37.25 21.25 6
    endloop
  endfacet
  facet normal 0 0 1
    outer loop
      vertex 10.75 8 6
      vertex 37.25 21.25 6
      vertex 29.333333333333332 21.25 6
    endloop
  endfacet
  facet normal 0 0 1
    outer loop
      vertex 10.75 8 6
      vertex 29.333333333333332 21.25 6
      vertex 18.666666666666664 21.25 6
    endloop
  endfacet
  facet normal 0 0 1
    outer loop
      vertex 18.666666666666664 21.25 6
      vertex 10.75 21.25 6
      vertex 10.75 16 6
    endloop
  endfacet
  facet normal 0 0 1
    outer loop
      vertex 18.666666666666664 21.25 6
      vertex 10.75 16 6
      vertex 10.75 8 6
    endloop
  endfacet
  facet normal 1 0 0
    outer loop
      vertex 40 2.7499999999999996 3.2500000000000004
      vertex 40 2.7499999999999996 2.7499999999999996
      vertex 40 8 2.7499999999999996
    endloop
  endfacet
  facet normal 1 0 0
    outer loop
      vertex 40 2.7499999999999996 3.2500000000000004
      vertex 40 8 2.7499999999999996
      vertex 40 16 2.7499999999999996
    endloop
  endfacet
  facet normal 1 0 0
    outer loop
      vertex 40 2.7499999999999996 3.2500000000000004
      vertex 40 16 2.7499999999999996
      vertex 40 21.25 2.7499999999999996
    endloop
  endfacet
  facet normal 1 0 0
    outer loop
      vertex 40 21.25 2.7499999999999996
      vertex 40 21.25 3.2500000000000004
      vertex 40 16 3.2500000000000004
    endloop
  endfacet
  facet normal 1 0 0
    outer loop
      vertex 40 21.25 2.7499999999999996
      vertex 40 16 3.2500000000000004
      vertex 40 8 3.2500000000000004
    endloop
  endfacet
  facet normal 1 0 0
    outer loop
      vertex 40 21.25 2.7499999999999996
      vertex 40 8 3.2500000000000004
      vertex 40 2.7499999999999996 3.2500000000000004
    endloop
  endfacet
  facet normal 0 -1 0
    outer loop
      vertex 29.333333333333332 0 2.7499999999999996
      vertex 37.25 0 2.7499999999999996
      vertex 37.25 0 3.2500000000000004
    endloop
  endfacet
  facet normal 0 -1 0
    outer loop
      vertex 18.666666666666664 0 2.7499999999999996
      vertex 29.333333333333332 0 2.7499999999999996
      vertex 37.25 0 3.2500000000000004
    endloop
  endfacet
  facet normal 0 -1 0
    outer loop
      vertex 8 0 2.7499999999999996
      vertex 18.666666666666664 0 2.7499999999999996
      vertex 37.25 0 3.2500000000000004
    endloop
  endfacet
  facet normal 0 -1 0
    outer loop
      vertex 2.7499999999999996 0 2.7499999999999996
      vertex 8 0 2.7499999999999996
      vertex 37.25 0 3.2500000000000004
    endloop
  endfacet
  facet normal 0 -1 0
    outer loop
      vertex 2.7499999999999996 0 2.7499999999999996
      vertex 37.25 0 3.2500000000000004
      vertex 29.333333333333332 0 3.2500000000000004
    endloop
  endfacet
  facet normal 0 -1 0
    outer loop
      vertex 2.7499999999999996 0 2.7499999999999996
      vertex 29.333333333333332 0 3.2500000000000004
      vertex 18.666666666666664 0 3.2500000000000004
    endloop
  endfacet
  facet normal 0 -1 0
    outer loop
      vertex 2.7499999999999996 0 2.7499999999999996
      vertex 18.666666666666664 0 3.2500000000000004
      vertex 5.25 0 3.2500000000000004
    endloop
  endfacet
  facet normal 0 -1 0
    outer loop
      vertex 2.7499999999999996 0 8.25
      vertex 2.7499999999999996 0 2.7499999999999996
      vertex 5.25 0 3.2500000000000004
    endloop
  endfacet
  facet normal 0 -1 0
    outer loop
      vertex 5.25 0 3.2500000000000004
      vertex 5.25 0 8.25
      vertex 2.7499999999999996 0 8.25
    endloop
  endfacet
  facet normal -1 0 0
    outer loop
      vertex 0 8 2.7499999999999996
      vertex 0 2.7499999999999996 2.7499999999999996
      vertex 0 2.7499999999999996 8.25
    endloop
  endfacet
  facet normal -1 0 0
    outer loop
      vertex 0 8 2.7499999999999996
      vertex 0 2.7499999999999996 8.25
      vertex 0 8 8.25
    endloop
  endfacet
  facet normal -1 0 0
    outer loop
      vertex 0 8 2.7499999999999996
      vertex 0 8 8.25
      vertex 0 16 8.25
    endloop
  endfacet
  facet normal -1 0 0
    outer loop
      vertex 0 8 2.7499999999999996
      vertex 0 16 8.25
      vertex 0 21.25 8.25
    endloop
  endfacet
  facet normal -1 0 0
    outer loop
      vertex 0 21.25 8.25
      vertex 0 21.25 2.7499999999999996
      vertex 0 16 2.7499999999999996
    endloop
  endfacet
  facet normal -1 0 0
    outer loop
      vertex 0 21.25 8.25
      vertex 0 16 2.7499999999999996
      vertex 0 8 2.7499999999999996
    endloop
  endfacet
  facet normal 0 0 1
    outer loop
      vertex 2.7499999999999996 8 11
      vertex 2.7499999999999996 2.7499999999999996 11
      vertex 5.25 2.7499999999999996 11
    endloop
  endfacet
  facet normal 0 0 1
    outer loop
      vertex 2.7499999999999996 8 11
      vertex 5.25 2.7499999999999996 11
      vertex 5.25 8 11
    endloop
  endfacet
  facet normal 0 0 1
    outer loop
      vertex 2.7499999999999996 8 11
      vertex 5.25 8 11
      vertex 5.25 16 11
    endloop
  endfacet
  facet normal 0 0 1
    outer loop
      vertex 2.7499999999999996 8 11
      vertex 5.25 16 11
      vertex 5.25 21.25 11
    endloop
  endfacet
  facet normal 0 0 1
    outer loop
      vertex 5.25 21.25 11
      vertex 2.7499999999999996 21.25 11
      vertex 2.7499999999999996 16 11
    endloop
  endfacet
  facet normal 0 0 1
    outer loop
      vertex 5.25 21.25 11
      vertex 2.7499999999999996 16 11
      vertex 2.7499999999999996 8 11
    endloop
  endfacet
  facet normal -1 0 0
    outer loop
      vertex 8 21.25 8.25
      vertex 8 16 8.25
      vertex 8 2.7499999999999996 8.75
    endloop
  endfacet
  facet normal -1 0 0
    outer loop
      vertex 8 16 8.25
      vertex 8 8 8.25
      vertex 8 2.7499999999999996 8.75
    endloop
  endfacet
  facet normal -1 0 0
    outer loop
      vertex 8 8 8.25
      vertex 8 2.7499999999999996 8.25
      vertex 8 2.7499999999999996 8.75
    endloop
  endfacet
  facet normal -1 0 0
    outer loop
      vertex 8 2.7499999999999996 8.75
      vertex 8 8 8.75
      vertex 8 21.25 8.25
    endloop
  endfacet
  facet normal -1 0 0
    outer loop
      vertex 8 8 8.75
      vertex 8 16 8.75
      vertex 8 21.25 8.25
    endloop
  endfacet
  facet normal -1 0 0
    outer loop
      vertex 8 16 8.75
      vertex 8 21.25 8.75
      vertex 8 21.25 8.25
    endloop
  endfacet
  facet normal 0 1 0
    outer loop
      vertex 2.7499999999999996 24 2.7499999999999996
      vertex 2.7499999999999996 24 8.25
      vertex 5.25 24 8.25
    endloop
  endfacet
  facet normal 0 1 0
    outer loop
      vertex 2.7499999999999996 24 2.7499999999999996
      vertex 5.25 24 8.25
      vertex 5.25 24 3.2500000000000004
    endloop
  endfacet
  facet normal 0 1 0
    outer loop
      vertex 8 24 2.7499999999999996
      vertex 2.7499999999999996 24 2.7499999999999996
      vertex 5.25 24 3.2500000000000004
    endloop
  endfacet
  facet normal 0 1 0
    outer loop
      vertex 8 24 2.7499999999999996
      vertex 5.25 24 3.2500000000000004
      vertex 18.666666666666664 24 3.2500000000000004
    endloop
  endfacet
  facet normal 0 1 0
    outer loop
      vertex 8 24 2.7499999999999996
      vertex 18.666666666666664 24 3.2500000000000004
      vertex 29.333333333333332 24 3.2500000000000004
    endloop
  endfacet
  facet normal 0 1 0
    outer loop
      vertex 8 24 2.7499999999999996
      vertex 29.333333333333332 24 3.2500000000000004
      vertex 37.25 24 3.2500000000000004
    endloop
  endfacet
  facet normal 0 1 0
    outer loop
      vertex 37.25 24 3.2500000000000004
      vertex 37.25 24 2.7499999999999996
      vertex 29.333333333333332 24 2.7499999999999996
    endloop
  endfacet
  facet normal 0 1 0
    outer loop
      vertex 37.25 24 3.2500000000000004
      vertex 29.333333333333332 24 2.7499999999999996
      vertex 18.666666666666664 24 2.7499999999999996
    endloop
  endfacet
  facet normal 0 1 0
    outer loop
      vertex 37.25 24 3.2500000000000004
      vertex 18.666666666666664 24 2.7499999999999996
      vertex 8 24 2.7499999999999996
    endloop
  endfacet
  facet normal 0 -0.25881904510252085 -0.9659258262890682
    outer loop
      vertex 2.7499999999999996 2.7499999999999996 0
      vertex 8 2.7499999999999996 0
      vertex 8 1.3749999999999998 0.3684301395927938
    endloop
  endfacet
  facet normal 3.518716221904985e-18 -0.25881904510252085 -0.9659258262890682
    outer loop
      vertex 2.7499999999999996 2.7499999999999996 0
      vertex 8 1.3749999999999998 0.3684301395927938
      vertex 2.7499999999999996 1.3749999999999998 0.3684301395927938
    endloop
  endfacet
  facet normal 0 -0.7071067811865476 -0.7071067811865476
    outer loop
      vertex 2.7499999999999996 1.3749999999999998 0.3684301395927938
      vertex 8 1.3749999999999998 0.3684301395927938
      vertex 8 0.36843013959279336 1.3750000000000002
    endloop
  endfacet
  facet normal 7.605321303038599e-18 -0.7071067811865476 -0.7071067811865476
    outer loop
      vertex 2.7499999999999996 1.3749999999999998 0.3684301395927938
      vertex 8 0.36843013959279336 1.3750000000000002
      vertex 2.7499999999999996 0.36843013959279336 1.3750000000000002
    endloop
  endfacet
  facet normal 0 -0.9659258262890683 -0.25881904510252063
    outer loop
      vertex 2.7499999999999996 0.36843013959279336 1.3750000000000002
      vertex 8 0.36843013959279336 1.3750000000000002
      vertex 8 0 2.7499999999999996
    endloop
  endfacet
  facet normal 3.128317722503121e-18 -0.9659258262890683 -0.25881904510252063
    outer loop
      vertex 2.7499999999999996 0.36843013959279336 1.3750000000000002
      vertex 8 0 2.7499999999999996
      vertex 2.7499999999999996 0 2.7499999999999996
    endloop
  endfacet
  facet normal -0.2588190451025208 -0.9659258262890683 0
    outer loop
      vertex 2.7499999999999996 0 2.7499999999999996
      vertex 2.7499999999999996 0 8.25
      vertex 1.3749999999999998 0.3684301395927938 8.25
    endloop
  endfacet
  facet normal -0.2588190451025208 -0.9659258262890683 3.3587745754547585e-18
    outer loop
      vertex 2.7499999999999996 0 2.7499999999999996
      vertex 1.3749999999999998 0.3684301395927938 8.25
      vertex 1.3749999999999998 0.3684301395927938 2.7499999999999996
    endloop
  endfacet
  facet normal -0.7071067811865476 -0.7071067811865476 0
    outer loop
      vertex 1.3749999999999998 0.3684301395927938 2.7499999999999996
      vertex 1.3749999999999998 0.3684301395927938 8.25
      vertex 0.36843013959279336 1.3750000000000002 8.25
    endloop
  endfacet
  facet normal -0.7071067811865476 -0.7071067811865476 7.259624880173207e-18
    outer loop
      vertex 1.3749999999999998 0.3684301395927938 2.7499999999999996
      vertex 0.36843013959279336 1.3750000000000002 8.25
      vertex 0.36843013959279336 1.3750000000000002 2.7499999999999996
    endloop
  endfacet
  facet normal -0.9659258262890684 -0.25881904510252063 0
    outer loop
      vertex 0.36843013959279336 1.3750000000000002 2.7499999999999996
      vertex 0.36843013959279336 1.3750000000000002 8.25
      vertex 0 2.7499999999999996 8.25
    endloop
  endfacet
  facet normal -0.9659258262890684 -0.25881904510252063 2.9861214623893428e-18
    outer loop
      vertex 0.36843013959279336 1.3750000000000002 2.7499999999999996
      vertex 0 2.7499999999999996 8.25
      vertex 0 2.7499999999999996 2.7499999999999996
    endloop
  endfacet
  facet normal -0.25881904510252085 0 -0.9659258262890682
    outer loop
      vertex 2.7499999999999996 2.7499999999999996 0
      vertex 1.3749999999999998 8 0.3684301395927938
      vertex 2.7499999999999996 8 0
    endloop
  endfacet
  facet normal -0.25881904510252085 3.518716221904985e-18 -0.9659258262890682
    outer loop
      vertex 2.7499999999999996 2.7499999999999996 0
      vertex 1.3749999999999998 2.7499999999999996 0.3684301395927938
      vertex 1.3749999999999998 8 0.3684301395927938
    endloop
  endfacet
  facet normal -0.7071067811865476 0 -0.7071067811865476
    outer loop
      vertex 1.3749999999999998 2.7499999999999996 0.3684301395927938
      vertex 0.36843013959279336 8 1.3750000000000002
      vertex 1.3749999999999998 8 0.3684301395927938
    endloop
  endfacet
  facet normal -0.7071067811865476 7.605321303038599e-18 -0.7071067811865476
    outer loop
      vertex 1.3749999999999998 2.7499999999999996 0.3684301395927938
      vertex 0.36843013959279336 2.7499999999999996 1.3750000000000002
      vertex 0.36843013959279336 8 1.3750000000000002
    endloop
  endfacet
  facet normal -0.9659258262890683 0 -0.25881904510252063
    outer loop
      vertex 0.36843013959279336 2.7499999999999996 1.3750000000000002
      vertex 0 8 2.7499999999999996
      vertex 0.36843013959279336 8 1.3750000000000002
    endloop
  endfacet
  facet normal -0.9659258262890683 3.128317722503121e-18 -0.25881904510252063
    outer loop
      vertex 0.36843013959279336 2.7499999999999996 1.3750000000000002
      vertex 0 2.7499999999999996 2.7499999999999996
      vertex 0 8 2.7499999999999996
    endloop
  endfacet
  facet normal 0 -0.25881904510252085 -0.9659258262890682
    outer loop
      vertex 8 2.7499999999999996 0
      vertex 18.666666666666664 2.7499999999999996 0
      vertex 18.666666666666664 1.3749999999999998 0.3684301395927938
    endloop
  endfacet
  facet normal 1.7318681404688603e-18 -0.25881904510252085 -0.9659258262890682
    outer loop
      vertex 8 2.7499999999999996 0
      vertex 18.666666666666664 1.3749999999999998 0.3684301395927938
      vertex 8 1.3749999999999998 0.3684301395927938
    endloop
  endfacet
  facet normal 0 -0.7071067811865476 -0.7071067811865476
    outer loop
      vertex 8 1.3749999999999998 0.3684301395927938
      vertex 18.666666666666664 1.3749999999999998 0.3684301395927938
      vertex 18.666666666666664 0.36843013959279336 1.3750000000000002
    endloop
  endfacet
  facet normal 3.743244078839311e-18 -0.7071067811865476 -0.7071067811865476
    outer loop
      vertex 8 1.3749999999999998 0.3684301395927938
      vertex 18.666666666666664 0.36843013959279336 1.3750000000000002
      vertex 8 0.36843013959279336 1.3750000000000002
    endloop
  endfacet
  facet normal 0 -0.9659258262890683 -0.25881904510252063
    outer loop
      vertex 8 0.36843013959279336 1.3750000000000002
      vertex 18.666666666666664 0.36843013959279336 1.3750000000000002
      vertex 18.666666666666664 0 2.7499999999999996
    endloop
  endfacet
  facet normal 1.539718879044505e-18 -0.9659258262890683 -0.25881904510252063
    outer loop
      vertex 8 0.36843013959279336 1.3750000000000002
      vertex 18.666666666666664 0 2.7499999999999996
      vertex 8 0 2.7499999999999996
    endloop
  endfacet
  facet normal 0.2588190451025205 -0.9659258262890683 0
    outer loop
      vertex 5.25 0 3.2500000000000004
      vertex 6.625 0.36843013959279336 8.25
      vertex 5.25 0 8.25
    endloop
  endfacet
  facet normal -0.07685233292812439 -0.9925755668062451 0.09427334248219839
    outer loop
      vertex 5.25 0 3.2500000000000004
      vertex 7.291124797163537 0 4.913940180004579
      vertex 6.625 0.36843013959279336 8.25
    endloop
  endfacet
  facet normal 0.6906957013232699 -0.6906957013232694 0.21419359548575045
    outer loop
      vertex 7.291124797163537 0 4.913940180004579
      vertex 7.631569860407206 1.3749999999999998 8.25
      vertex 6.625 0.36843013959279336 8.25
    endloop
  endfacet
  facet normal -0.32927027115182406 -0.860680595410966 0.38834263378958206
    outer loop
      vertex 7.291124797163537 0 4.913940180004579
      vertex 8 0.7088752028364622 7.086059819995421
      vertex 7.631569860407206 1.3749999999999998 8.25
    endloop
  endfacet
  facet normal 0.8795688994201785 -0.2356797762871686 0.4132960128310049
    outer loop
      vertex 8 0.7088752028364622 7.086059819995421
      vertex 8 2.7499999999999996 8.25
      vertex 7.631569860407206 1.3749999999999998 8.25
    endloop
  endfacet
  facet normal -1 0 0
    outer loop
      vertex 8 0.7088752028364622 7.086059819995421
      vertex 8 2.7499999999999996 8.75
      vertex 8 2.7499999999999996 8.25
    endloop
  endfacet
  facet normal 0.2588190451025205 0 0.9659258262890683
    outer loop
      vertex 10.75 2.7499999999999996 6
      vertex 10.75 8 6
      vertex 9.375 8 6.368430139592793
    endloop
  endfacet
  facet normal 0.2588190451025205 0 0.9659258262890683
    outer loop
      vertex 10.75 2.7499999999999996 6
      vertex 9.375 8 6.368430139592793
      vertex 9.375 2.7499999999999996 6.368430139592793
    endloop
  endfacet
  facet normal 0.7071067811865479 0 0.7071067811865471
    outer loop
      vertex 9.375 2.7499999999999996 6.368430139592793
      vertex 9.375 8 6.368430139592793
      vertex 8.368430139592794 8 7.375
    endloop
  endfacet
  facet normal 0.7071067811865479 7.995719802440458e-18 0.7071067811865471
    outer loop
      vertex 9.375 2.7499999999999996 6.368430139592793
      vertex 8.368430139592794 8 7.375
      vertex 8.368430139592794 2.7499999999999996 7.375
    endloop
  endfacet
  facet normal 0.9659258262890681 0 0.2588190451025211
    outer loop
      vertex 8.368430139592794 2.7499999999999996 7.375
      vertex 8.368430139592794 8 7.375
      vertex 8 8 8.75
    endloop
  endfacet
  facet normal 0.9659258262890681 0 0.2588190451025211
    outer loop
      vertex 8.368430139592794 2.7499999999999996 7.375
      vertex 8 8 8.75
      vertex 8 2.7499999999999996 8.75
    endloop
  endfacet
  facet normal 0 -0.25881904510252113 0.9659258262890682
    outer loop
      vertex 10.75 2.7499999999999996 6
      vertex 18.666666666666664 1.3749999999999998 5.631569860407206
      vertex 18.666666666666664 2.7499999999999996 6
    endloop
  endfacet
  facet normal 0.040710203003016796 -0.033187261556469796 0.9986196898929219
    outer loop
      vertex 10.75 2.7499999999999996 6
      vertex 9.086059819995421 0.7088752028364618 6
      vertex 18.666666666666664 1.3749999999999998 5.631569860407206
    endloop
  endfacet
  facet normal 0.07613479509973567 -0.7050544280320211 0.7050544280320215
    outer loop
      vertex 9.086059819995421 0.7088752028364618 6
      vertex 18.666666666666664 0.36843013959279336 4.625
      vertex 18.666666666666664 1.3749999999999998 5.631569860407206
    endloop
  endfacet
  facet normal 0.05931574292209529 -0.7908642717633892 0.6091102907436089
    outer loop
      vertex 9.086059819995421 0.7088752028364618 6
      vertex 6.913940180004579 0 5.291124797163538
      vertex 18.666666666666664 0.36843013959279336 4.625
    endloop
  endfacet
  facet normal 0.04490439623703932 -0.9649514861382124 0.2585579714459455
    outer loop
      vertex 6.913940180004579 0 5.291124797163538
      vertex 18.666666666666664 0 3.2500000000000004
      vertex 18.666666666666664 0.36843013959279336 4.625
    endloop
  endfacet
  facet normal 0 -1 0
    outer loop
      vertex 6.913940180004579 0 5.291124797163538
      vertex 5.25 0 3.2500000000000004
      vertex 18.666666666666664 0 3.2500000000000004
    endloop
  endfacet
  facet normal 0 -0.9659258262890683 0.2588190451025205
    outer loop
      vertex 2.7499999999999996 0 8.25
      vertex 5.25 0 8.25
      vertex 5.25 0.36843013959279336 9.625
    endloop
  endfacet
  facet normal 0 -0.9659258262890683 0.2588190451025205
    outer loop
      vertex 2.7499999999999996 0 8.25
      vertex 5.25 0.36843013959279336 9.625
      vertex 2.7499999999999996 0.36843013959279336 9.625
    endloop
  endfacet
  facet normal 0 -0.7071067811865474 0.7071067811865478
    outer loop
      vertex 2.7499999999999996 0.36843013959279336 9.625
      vertex 5.25 0.36843013959279336 9.625
      vertex 5.25 1.3749999999999998 10.631569860407206
    endloop
  endfacet
  facet normal -1.720093000949685e-17 -0.7071067811865474 0.7071067811865478
    outer loop
      vertex 2.7499999999999996 0.36843013959279336 9.625
      vertex 5.25 1.3749999999999998 10.631569860407206
      vertex 2.7499999999999996 1.3749999999999998 10.631569860407206
    endloop
  endfacet
  facet normal 0 -0.25881904510252113 0.9659258262890682
    outer loop
      vertex 2.7499999999999996 1.3749999999999998 10.631569860407206
      vertex 5.25 1.3749999999999998 10.631569860407206
      vertex 5.25 2.7499999999999996 11
    endloop
  endfacet
  facet normal 8.209140914744274e-18 -0.25881904510252113 0.9659258262890682
    outer loop
      vertex 2.7499999999999996 1.3749999999999998 10.631569860407206
      vertex 5.25 2.7499999999999996 11
      vertex 2.7499999999999996 2.7499999999999996 11
    endloop
  endfacet
  facet normal -0.9659258262890683 0 0.2588190451025205
    outer loop
      vertex 0 2.7499999999999996 8.25
      vertex 0.36843013959279336 8 9.625
      vertex 0 8 8.25
    endloop
  endfacet
  facet normal -0.9659258262890683 0 0.2588190451025205
    outer loop
      vertex 0 2.7499999999999996 8.25
      vertex 0.36843013959279336 2.7499999999999996 9.625
      vertex 0.36843013959279336 8 9.625
    endloop
  endfacet
  facet normal -0.7071067811865474 0 0.7071067811865478
    outer loop
      vertex 0.36843013959279336 2.7499999999999996 9.625
      vertex 1.3749999999999998 8 10.631569860407206
      vertex 0.36843013959279336 8 9.625
    endloop
  endfacet
  facet normal -0.7071067811865474 -8.19091905214136e-18 0.7071067811865478
    outer loop
      vertex 0.36843013959279336 2.7499999999999996 9.625
      vertex 1.3749999999999998 2.7499999999999996 10.631569860407206
      vertex 1.3749999999999998 8 10.631569860407206
    endloop
  endfacet
  facet normal -0.25881904510252113 0 0.9659258262890682
    outer loop
      vertex 1.3749999999999998 2.7499999999999996 10.631569860407206
      vertex 2.7499999999999996 8 11
      vertex 1.3749999999999998 8 10.631569860407206
    endloop
  endfacet
  facet normal -0.25881904510252113 3.909114721306797e-18 0.9659258262890682
    outer loop
      vertex 1.3749999999999998 2.7499999999999996 10.631569860407206
      vertex 2.7499999999999996 2.7499999999999996 11
      vertex 2.7499999999999996 8 11
    endloop
  endfacet
  facet normal 0.9659258262890683 0 0.2588190451025205
    outer loop
      vertex 8 2.7499999999999996 8.25
      vertex 8 8 8.25
      vertex 7.631569860407207 8 9.625
    endloop
  endfacet
  facet normal 0.9659258262890683 0 0.2588190451025205
    outer loop
      vertex 8 2.7499999999999996 8.25
      vertex 7.631569860407207 8 9.625
      vertex 7.631569860407207 2.7499999999999996 9.625
    endloop
  endfacet
  facet normal 0.7071067811865471 0 0.7071067811865479
    outer loop
      vertex 7.631569860407207 2.7499999999999996 9.625
      vertex 7.631569860407207 8 9.625
      vertex 6.625 8 10.631569860407206
    endloop
  endfacet
  facet normal 0.7071067811865471 7.995719802440458e-18 0.7071067811865479
    outer loop
      vertex 7.631569860407207 2.7499999999999996 9.625
      vertex 6.625 8 10.631569860407206
      vertex 6.625 2.7499999999999996 10.631569860407206
    endloop
  endfacet
  facet normal 0.2588190451025211 0 0.9659258262890681
    outer loop
      vertex 6.625 2.7499999999999996 10.631569860407206
      vertex 6.625 8 10.631569860407206
      vertex 5.25 8 11
    endloop
  endfacet
  facet normal 0.2588190451025211 0 0.9659258262890681
    outer loop
      vertex 6.625 2.7499999999999996 10.631569860407206
      vertex 5.25 8 11
      vertex 5.25 2.7499999999999996 11
    endloop
  endfacet
  facet normal 0 0.2588190451025205 -0.9659258262890683
    outer loop
      vertex 2.7499999999999996 21.25 0
      vertex 8 22.625 0.36843013959279336
      vertex 8 21.25 0
    endloop
  endfacet
  facet normal 0 0.2588190451025205 -0.9659258262890683
    outer loop
      vertex 2.7499999999999996 21.25 0
      vertex 2.7499999999999996 22.625 0.36843013959279336
      vertex 8 22.625 0.36843013959279336
    endloop
  endfacet
  facet normal 0 0.7071067811865471 -0.7071067811865479
    outer loop
      vertex 2.7499999999999996 22.625 0.36843013959279336
      vertex 8 23.631569860407208 1.3749999999999998
      vertex 8 22.625 0.36843013959279336
    endloop
  endfacet
  facet normal -6.629325054533997e-18 0.7071067811865471 -0.7071067811865479
    outer loop
      vertex 2.7499999999999996 22.625 0.36843013959279336
      vertex 2.7499999999999996 23.631569860407208 1.3749999999999998
      vertex 8 23.631569860407208 1.3749999999999998
    endloop
  endfacet
  facet normal 0 0.9659258262890684 -0.25881904510251996
    outer loop
      vertex 2.7499999999999996 23.631569860407208 1.3749999999999998
      vertex 8 24 2.7499999999999996
      vertex 8 23.631569860407208 1.3749999999999998
    endloop
  endfacet
  facet normal 3.909114721306851e-18 0.9659258262890684 -0.25881904510251996
    outer loop
      vertex 2.7499999999999996 23.631569860407208 1.3749999999999998
      vertex 2.7499999999999996 24 2.7499999999999996
      vertex 8 24 2.7499999999999996
    endloop
  endfacet
  facet normal -0.9659258262890683 0.2588190451025205 0
    outer loop
      vertex 0 21.25 2.7499999999999996
      vertex 0 21.25 8.25
      vertex 0.36843013959279336 22.625 8.25
    endloop
  endfacet
  facet normal -0.9659258262890683 0.2588190451025205 0
    outer loop
      vertex 0 21.25 2.7499999999999996
      vertex 0.36843013959279336 22.625 8.25
      vertex 0.36843013959279336 22.625 2.7499999999999996
    endloop
  endfacet
  facet normal -0.7071067811865479 0.7071067811865471 0
    outer loop
      vertex 0.36843013959279336 22.625 2.7499999999999996
      vertex 0.36843013959279336 22.625 8.25
      vertex 1.3749999999999998 23.631569860407208 8.25
    endloop
  endfacet
  facet normal -0.7071067811865479 0.7071067811865471 -6.327992097509724e-18
    outer loop
      vertex 0.36843013959279336 22.625 2.7499999999999996
      vertex 1.3749999999999998 23.631569860407208 8.25
      vertex 1.3749999999999998 23.631569860407208 2.7499999999999996
    endloop
  endfacet
  facet normal -0.25881904510251996 0.9659258262890685 0
    outer loop
      vertex 1.3749999999999998 23.631569860407208 2.7499999999999996
      vertex 1.3749999999999998 23.631569860407208 8.25
      vertex 2.7499999999999996 24 8.25
    endloop
  endfacet
  facet normal -0.25881904510251996 0.9659258262890685 3.731427688520176e-18
    outer loop
      vertex 1.3749999999999998 23.631569860407208 2.7499999999999996
      vertex 2.7499999999999996 24 8.25
      vertex 2.7499999999999996 24 2.7499999999999996
    endloop
  endfacet
  facet normal -0.25881904510252085 0 -0.9659258262890682
    outer loop
      vertex 2.7499999999999996 21.25 0
      vertex 2.7499999999999996 16 0
      vertex 1.3749999999999998 16 0.3684301395927938
    endloop
  endfacet
  facet normal -0.25881904510252085 3.518716221904985e-18 -0.9659258262890682
    outer loop
      vertex 2.7499999999999996 21.25 0
      vertex 1.3749999999999998 16 0.3684301395927938
      vertex 1.3749999999999998 21.25 0.3684301395927938
    endloop
  endfacet
  facet normal -0.7071067811865476 0 -0.7071067811865476
    outer loop
      vertex 1.3749999999999998 21.25 0.3684301395927938
      vertex 1.3749999999999998 16 0.3684301395927938
      vertex 0.36843013959279336 16 1.3750000000000002
    endloop
  endfacet
  facet normal -0.7071067811865476 7.605321303038599e-18 -0.7071067811865476
    outer loop
      vertex 1.3749999999999998 21.25 0.3684301395927938
      vertex 0.36843013959279336 16 1.3750000000000002
      vertex 0.36843013959279336 21.25 1.3750000000000002
    endloop
  endfacet
  facet normal -0.9659258262890683 0 -0.25881904510252063
    outer loop
      vertex 0.36843013959279336 21.25 1.3750000000000002
      vertex 0.36843013959279336 16 1.3750000000000002
      vertex 0 16 2.7499999999999996
    endloop
  endfacet
  facet normal -0.9659258262890683 3.128317722503121e-18 -0.25881904510252063
    outer loop
      vertex 0.36843013959279336 21.25 1.3750000000000002
      vertex 0 16 2.7499999999999996
      vertex 0 21.25 2.7499999999999996
    endloop
  endfacet
  facet normal 0 0.2588190451025205 -0.9659258262890683
    outer loop
      vertex 8 21.25 0
      vertex 18.666666666666664 22.625 0.36843013959279336
      vertex 18.666666666666664 21.25 0
    endloop
  endfacet
  facet normal 0 0.2588190451025205 -0.9659258262890683
    outer loop
      vertex 8 21.25 0
      vertex 8 22.625 0.36843013959279336
      vertex 18.666666666666664 22.625 0.36843013959279336
    endloop
  endfacet
  facet normal 0 0.7071067811865471 -0.707106781186548
    outer loop
      vertex 8 22.625 0.36843013959279336
      vertex 18.666666666666664 23.631569860407208 1.3749999999999998
      vertex 18.666666666666664 22.625 0.36843013959279336
    endloop
  endfacet
  facet normal -3.2628709252784523e-18 0.7071067811865471 -0.707106781186548
    outer loop
      vertex 8 22.625 0.36843013959279336
      vertex 8 23.631569860407208 1.3749999999999998
      vertex 18.666666666666664 23.631569860407208 1.3749999999999998
    endloop
  endfacet
  facet normal 0 0.9659258262890684 -0.25881904510251996
    outer loop
      vertex 8 23.631569860407208 1.3749999999999998
      vertex 18.666666666666664 24 2.7499999999999996
      vertex 18.666666666666664 23.631569860407208 1.3749999999999998
    endloop
  endfacet
  facet normal 1.9240174018932163e-18 0.9659258262890684 -0.25881904510251996
    outer loop
      vertex 8 23.631569860407208 1.3749999999999998
      vertex 8 24 2.7499999999999996
      vertex 18.666666666666664 24 2.7499999999999996
    endloop
  endfacet
  facet normal -0.9659258262890684 -0.2588190451025205 0
    outer loop
      vertex 8 21.25 8.75
      vertex 7.631569860407207 22.625 8.25
      vertex 8 21.25 8.25
    endloop
  endfacet
  facet normal 0.7940323440278733 0.3840896909761393 0.47115575548161853
    outer loop
      vertex 8 21.25 8.75
      vertex 8 23.291124797163537 7.086059819995421
      vertex 7.631569860407207 22.625 8.25
    endloop
  endfacet
  facet normal 0.5986806899474948 0.5986806899474941 0.5321304943037789
    outer loop
      vertex 8 23.291124797163537 7.086059819995421
      vertex 6.625 23.631569860407208 8.25
      vertex 7.631569860407207 22.625 8.25
    endloop
  endfacet
  facet normal 0.3738429352360581 0.9107880384350847 0.1752330129218207
    outer loop
      vertex 8 23.291124797163537 7.086059819995421
      vertex 7.291124797163537 24 4.913940180004579
      vertex 6.625 23.631569860407208 8.25
    endloop
  endfacet
  facet normal 0.2556337133056586 0.9540380061842174 0.15640616157173418
    outer loop
      vertex 7.291124797163537 24 4.913940180004579
      vertex 5.25 24 8.25
      vertex 6.625 23.631569860407208 8.25
    endloop
  endfacet
  facet normal 0 1 0
    outer loop
      vertex 7.291124797163537 24 4.913940180004579
      vertex 5.25 24 3.2500000000000004
      vertex 5.25 24 8.25
    endloop
  endfacet
  facet normal 0.2588190451025205 0 0.9659258262890683
    outer loop
      vertex 10.75 21.25 6
      vertex 9.375 16 6.368430139592793
      vertex 10.75 16 6
    endloop
  endfacet
  facet normal 0.2588190451025205 0 0.9659258262890683
    outer loop
      vertex 10.75 21.25 6
      vertex 9.375 21.25 6.368430139592793
      vertex 9.375 16 6.368430139592793
    endloop
  endfacet
  facet normal 0.7071067811865479 0 0.7071067811865471
    outer loop
      vertex 9.375 21.25 6.368430139592793
      vertex 8.368430139592794 16 7.375
      vertex 9.375 16 6.368430139592793
    endloop
  endfacet
  facet normal 0.7071067811865479 7.995719802440458e-18 0.7071067811865471
    outer loop
      vertex 9.375 21.25 6.368430139592793
      vertex 8.368430139592794 21.25 7.375
      vertex 8.368430139592794 16 7.375
    endloop
  endfacet
  facet normal 0.9659258262890681 0 0.2588190451025211
    outer loop
      vertex 8.368430139592794 21.25 7.375
      vertex 8 16 8.75
      vertex 8.368430139592794 16 7.375
    endloop
  endfacet
  facet normal 0.9659258262890681 0 0.2588190451025211
    outer loop
      vertex 8.368430139592794 21.25 7.375
      vertex 8 21.25 8.75
      vertex 8 16 8.75
    endloop
  endfacet
  facet normal 0 0.2588190451025205 0.9659258262890683
    outer loop
      vertex 10.75 21.25 6
      vertex 18.666666666666664 21.25 6
      vertex 18.666666666666664 22.625 5.631569860407207
    endloop
  endfacet
  facet normal 0.040710203003016684 0.03318726155646973 0.9986196898929219
    outer loop
      vertex 10.75 21.25 6
      vertex 18.666666666666664 22.625 5.631569860407207
      vertex 9.086059819995421 23.291124797163537 6
    endloop
  endfacet
  facet normal 0.0761347950997355 0.7050544280320209 0.7050544280320216
    outer loop
      vertex 9.086059819995421 23.291124797163537 6
      vertex 18.666666666666664 22.625 5.631569860407207
      vertex 18.666666666666664 23.631569860407208 4.625
    endloop
  endfacet
  facet normal 0.0593157429220952 0.7908642717633889 0.6091102907436095
    outer loop
      vertex 9.086059819995421 23.291124797163537 6
      vertex 18.666666666666664 23.631569860407208 4.625
      vertex 6.9139401800045786 24 5.291124797163537
    endloop
  endfacet
  facet normal 0.04490439623703919 0.9649514861382126 0.258557971445945
    outer loop
      vertex 6.9139401800045786 24 5.291124797163537
      vertex 18.666666666666664 23.631569860407208 4.625
      vertex 18.666666666666664 24 3.2500000000000004
    endloop
  endfacet
  facet normal 0 1 0
    outer loop
      vertex 6.9139401800045786 24 5.291124797163537
      vertex 18.666666666666664 24 3.2500000000000004
      vertex 5.25 24 3.2500000000000004
    endloop
  endfacet
  facet normal 0 0.2588190451025199 0.9659258262890684
    outer loop
      vertex 2.7499999999999996 21.25 11
      vertex 5.25 21.25 11
      vertex 5.25 22.625 10.631569860407208
    endloop
  endfacet
  facet normal 0 0.2588190451025199 0.9659258262890684
    outer loop
      vertex 2.7499999999999996 21.25 11
      vertex 5.25 22.625 10.631569860407208
      vertex 2.7499999999999996 22.625 10.631569860407208
    endloop
  endfacet
  facet normal 0 0.7071067811865476 0.7071067811865476
    outer loop
      vertex 2.7499999999999996 22.625 10.631569860407208
      vertex 5.25 22.625 10.631569860407208
      vertex 5.25 23.631569860407208 9.625
    endloop
  endfacet
  facet normal 1.1871990492661386e-17 0.7071067811865476 0.7071067811865476
    outer loop
      vertex 2.7499999999999996 22.625 10.631569860407208
      vertex 5.25 23.631569860407208 9.625
      vertex 2.7499999999999996 23.631569860407208 9.625
    endloop
  endfacet
  facet normal 0 0.9659258262890684 0.2588190451025199
    outer loop
      vertex 2.7499999999999996 23.631569860407208 9.625
      vertex 5.25 23.631569860407208 9.625
      vertex 5.25 24 8.25
    endloop
  endfacet
  facet normal 0 0.9659258262890684 0.2588190451025199
    outer loop
      vertex 2.7499999999999996 23.631569860407208 9.625
      vertex 5.25 24 8.25
      vertex 2.7499999999999996 24 8.25
    endloop
  endfacet
  facet normal -0.9659258262890683 0 0.2588190451025205
    outer loop
      vertex 0 21.25 8.25
      vertex 0 16 8.25
      vertex 0.36843013959279336 16 9.625
    endloop
  endfacet
  facet normal -0.9659258262890683 0 0.2588190451025205
    outer loop
      vertex 0 21.25 8.25
      vertex 0.36843013959279336 16 9.625
      vertex 0.36843013959279336 21.25 9.625
    endloop
  endfacet
  facet normal -0.7071067811865474 0 0.7071067811865478
    outer loop
      vertex 0.36843013959279336 21.25 9.625
      vertex 0.36843013959279336 16 9.625
      vertex 1.3749999999999998 16 10.631569860407206
    endloop
  endfacet
  facet normal -0.7071067811865474 -8.19091905214136e-18 0.7071067811865478
    outer loop
      vertex 0.36843013959279336 21.25 9.625
      vertex 1.3749999999999998 16 10.631569860407206
      vertex 1.3749999999999998 21.25 10.631569860407206
    endloop
  endfacet
  facet normal -0.25881904510252113 0 0.9659258262890682
    outer loop
      vertex 1.3749999999999998 21.25 10.631569860407206
      vertex 1.3749999999999998 16 10.631569860407206
      vertex 2.7499999999999996 16 11
    endloop
  endfacet
  facet normal -0.25881904510252113 3.909114721306797e-18 0.9659258262890682
    outer loop
      vertex 1.3749999999999998 21.25 10.631569860407206
      vertex 2.7499999999999996 16 11
      vertex 2.7499999999999996 21.25 11
    endloop
  endfacet
  facet normal 0.9659258262890683 0 0.2588190451025205
    outer loop
      vertex 8 21.25 8.25
      vertex 7.631569860407207 16 9.625
      vertex 8 16 8.25
    endloop
  endfacet
  facet normal 0.9659258262890683 0 0.2588190451025205
    outer loop
      vertex 8 21.25 8.25
      vertex 7.631569860407207 21.25 9.625
      vertex 7.631569860407207 16 9.625
    endloop
  endfacet
  facet normal 0.7071067811865471 0 0.7071067811865479
    outer loop
      vertex 7.631569860407207 21.25 9.625
      vertex 6.625 16 10.631569860407206
      vertex 7.631569860407207 16 9.625
    endloop
  endfacet
  facet normal 0.7071067811865471 7.995719802440458e-18 0.7071067811865479
    outer loop
      vertex 7.631569860407207 21.25 9.625
      vertex 6.625 21.25 10.631569860407206
      vertex 6.625 16 10.631569860407206
    endloop
  endfacet
  facet normal 0.2588190451025211 0 0.9659258262890681
    outer loop
      vertex 6.625 21.25 10.631569860407206
      vertex 5.25 16 11
      vertex 6.625 16 10.631569860407206
    endloop
  endfacet
  facet normal 0.2588190451025211 0 0.9659258262890681
    outer loop
      vertex 6.625 21.25 10.631569860407206
      vertex 5.25 21.25 11
      vertex 5.25 16 11
    endloop
  endfacet
  facet normal 0.9659258262890679 -0.2588190451025223 0
    outer loop
      vertex 40 2.7499999999999996 2.7499999999999996
      vertex 40 2.7499999999999996 3.2500000000000004
      vertex 39.631569860407204 1.3749999999999998 3.2500000000000004
    endloop
  endfacet
  facet normal 0.9659258262890679 -0.2588190451025223 4.104570457372073e-17
    outer loop
      vertex 40 2.7499999999999996 2.7499999999999996
      vertex 39.631569860407204 1.3749999999999998 3.2500000000000004
      vertex 39.631569860407204 1.3749999999999998 2.7499999999999996
    endloop
  endfacet
  facet normal 0.7071067811865483 -0.7071067811865467 0
    outer loop
      vertex 39.631569860407204 1.3749999999999998 2.7499999999999996
      vertex 39.631569860407204 1.3749999999999998 3.2500000000000004
      vertex 38.625 0.36843013959279336 3.2500000000000004
    endloop
  endfacet
  facet normal 0.7071067811865483 -0.7071067811865467 -1.0240138702236142e-16
    outer loop
      vertex 39.631569860407204 1.3749999999999998 2.7499999999999996
      vertex 38.625 0.36843013959279336 3.2500000000000004
      vertex 38.625 0.36843013959279336 2.7499999999999996
    endloop
  endfacet
  facet normal 0.2588190451025206 -0.9659258262890684 0
    outer loop
      vertex 38.625 0.36843013959279336 2.7499999999999996
      vertex 38.625 0.36843013959279336 3.2500000000000004
      vertex 37.25 0 3.2500000000000004
    endloop
  endfacet
  facet normal 0.2588190451025206 -0.9659258262890684 0
    outer loop
      vertex 38.625 0.36843013959279336 2.7499999999999996
      vertex 37.25 0 3.2500000000000004
      vertex 37.25 0 2.7499999999999996
    endloop
  endfacet
  facet normal 0 -0.25881904510252085 -0.9659258262890682
    outer loop
      vertex 37.25 2.7499999999999996 0
      vertex 29.333333333333332 1.3749999999999998 0.3684301395927938
      vertex 29.333333333333332 2.7499999999999996 0
    endloop
  endfacet
  facet normal 2.3334644418948846e-18 -0.25881904510252085 -0.9659258262890682
    outer loop
      vertex 37.25 2.7499999999999996 0
      vertex 37.25 1.3749999999999998 0.3684301395927938
      vertex 29.333333333333332 1.3749999999999998 0.3684301395927938
    endloop
  endfacet
  facet normal 0 -0.7071067811865476 -0.7071067811865476
    outer loop
      vertex 37.25 1.3749999999999998 0.3684301395927938
      vertex 29.333333333333332 0.36843013959279336 1.3750000000000002
      vertex 29.333333333333332 1.3749999999999998 0.3684301395927938
    endloop
  endfacet
  facet normal 5.043528864120333e-18 -0.7071067811865476 -0.7071067811865476
    outer loop
      vertex 37.25 1.3749999999999998 0.3684301395927938
      vertex 37.25 0.36843013959279336 1.3750000000000002
      vertex 29.333333333333332 0.36843013959279336 1.3750000000000002
    endloop
  endfacet
  facet normal 0 -0.9659258262890683 -0.2588190451025207
    outer loop
      vertex 37.25 0.36843013959279336 1.3750000000000002
      vertex 29.333333333333332 0 2.7499999999999996
      vertex 29.333333333333332 0.36843013959279336 1.3750000000000002
    endloop
  endfacet
  facet normal 2.074568594923122e-18 -0.9659258262890683 -0.2588190451025207
    outer loop
      vertex 37.25 0.36843013959279336 1.3750000000000002
      vertex 37.25 0 2.7499999999999996
      vertex 29.333333333333332 0 2.7499999999999996
    endloop
  endfacet
  facet normal 0.2588190451025205 0 -0.9659258262890683
    outer loop
      vertex 37.25 2.7499999999999996 0
      vertex 37.25 8 0
      vertex 38.625 8 0.36843013959279336
    endloop
  endfacet
  facet normal 0.2588190451025205 0 -0.9659258262890683
    outer loop
      vertex 37.25 2.7499999999999996 0
      vertex 38.625 8 0.36843013959279336
      vertex 38.625 2.7499999999999996 0.36843013959279336
    endloop
  endfacet
  facet normal 0.7071067811865483 0 -0.7071067811865467
    outer loop
      vertex 38.625 2.7499999999999996 0.36843013959279336
      vertex 38.625 8 0.36843013959279336
      vertex 39.631569860407204 8 1.3749999999999998
    endloop
  endfacet
  facet normal 0.7071067811865483 -9.752513049748725e-18 -0.7071067811865467
    outer loop
      vertex 38.625 2.7499999999999996 0.36843013959279336
      vertex 39.631569860407204 8 1.3749999999999998
      vertex 39.631569860407204 2.7499999999999996 1.3749999999999998
    endloop
  endfacet
  facet normal 0.9659258262890679 0 -0.2588190451025223
    outer loop
      vertex 39.631569860407204 2.7499999999999996 1.3749999999999998
      vertex 39.631569860407204 8 1.3749999999999998
      vertex 40 8 2.7499999999999996
    endloop
  endfacet
  facet normal 0.9659258262890679 3.9091147213067434e-18 -0.2588190451025223
    outer loop
      vertex 39.631569860407204 2.7499999999999996 1.3749999999999998
      vertex 40 8 2.7499999999999996
      vertex 40 2.7499999999999996 2.7499999999999996
    endloop
  endfacet
  facet normal 0 -0.2588190451025212 0.9659258262890682
    outer loop
      vertex 37.25 2.7499999999999996 6
      vertex 29.333333333333332 2.7499999999999996 6
      vertex 29.333333333333332 1.3749999999999998 5.631569860407206
    endloop
  endfacet
  facet normal 2.592360288866613e-18 -0.2588190451025212 0.9659258262890682
    outer loop
      vertex 37.25 2.7499999999999996 6
      vertex 29.333333333333332 1.3749999999999998 5.631569860407206
      vertex 37.25 1.3749999999999998 5.631569860407206
    endloop
  endfacet
  facet normal 0 -0.7071067811865472 0.7071067811865477
    outer loop
      vertex 37.25 1.3749999999999998 5.631569860407206
      vertex 29.333333333333332 1.3749999999999998 5.631569860407206
      vertex 29.333333333333332 0.36843013959279336 4.625
    endloop
  endfacet
  facet normal -5.4318726345779524e-18 -0.7071067811865472 0.7071067811865477
    outer loop
      vertex 37.25 1.3749999999999998 5.631569860407206
      vertex 29.333333333333332 0.36843013959279336 4.625
      vertex 37.25 0.36843013959279336 4.625
    endloop
  endfacet
  facet normal 0 -0.9659258262890683 0.25881904510252063
    outer loop
      vertex 37.25 0.36843013959279336 4.625
      vertex 29.333333333333332 0.36843013959279336 4.625
      vertex 29.333333333333332 0 3.2500000000000004
    endloop
  endfacet
  facet normal -4.666928883789753e-18 -0.9659258262890683 0.25881904510252063
    outer loop
      vertex 37.25 0.36843013959279336 4.625
      vertex 29.333333333333332 0 3.2500000000000004
      vertex 37.25 0 3.2500000000000004
    endloop
  endfacet
  facet normal 0.2588190451025205 0 0.9659258262890683
    outer loop
      vertex 37.25 2.7499999999999996 6
      vertex 38.625 8 5.631569860407207
      vertex 37.25 8 6
    endloop
  endfacet
  facet normal 0.2588190451025205 0 0.9659258262890683
    outer loop
      vertex 37.25 2.7499999999999996 6
      vertex 38.625 2.7499999999999996 5.631569860407207
      vertex 38.625 8 5.631569860407207
    endloop
  endfacet
  facet normal 0.7071067811865486 0 0.7071067811865467
    outer loop
      vertex 38.625 2.7499999999999996 5.631569860407207
      vertex 39.631569860407204 8 4.625
      vertex 38.625 8 5.631569860407207
    endloop
  endfacet
  facet normal 0.7071067811865486 9.557313800047876e-18 0.7071067811865467
    outer loop
      vertex 38.625 2.7499999999999996 5.631569860407207
      vertex 39.631569860407204 2.7499999999999996 4.625
      vertex 39.631569860407204 8 4.625
    endloop
  endfacet
  facet normal 0.9659258262890678 0 0.25881904510252235
    outer loop
      vertex 39.631569860407204 2.7499999999999996 4.625
      vertex 40 8 3.2500000000000004
      vertex 39.631569860407204 8 4.625
    endloop
  endfacet
  facet normal 0.9659258262890678 7.0374324438101e-18 0.25881904510252235
    outer loop
      vertex 39.631569860407204 2.7499999999999996 4.625
      vertex 40 2.7499999999999996 3.2500000000000004
      vertex 40 8 3.2500000000000004
    endloop
  endfacet
  facet normal 0.965925826289068 0.2588190451025223 0
    outer loop
      vertex 40 21.25 2.7499999999999996
      vertex 39.631569860407204 22.625 3.2500000000000004
      vertex 40 21.25 3.2500000000000004
    endloop
  endfacet
  facet normal 0.965925826289068 0.2588190451025223 0
    outer loop
      vertex 40 21.25 2.7499999999999996
      vertex 39.631569860407204 22.625 2.7499999999999996
      vertex 39.631569860407204 22.625 3.2500000000000004
    endloop
  endfacet
  facet normal 0.7071067811865487 0.7071067811865462 0
    outer loop
      vertex 39.631569860407204 22.625 2.7499999999999996
      vertex 38.625 23.631569860407208 3.2500000000000004
      vertex 39.631569860407204 22.625 3.2500000000000004
    endloop
  endfacet
  facet normal 0.7071067811865487 0.7071067811865462 9.215342641306691e-17
    outer loop
      vertex 39.631569860407204 22.625 2.7499999999999996
      vertex 38.625 23.631569860407208 2.7499999999999996
      vertex 38.625 23.631569860407208 3.2500000000000004
    endloop
  endfacet
  facet normal 0.2588190451025199 0.9659258262890684 0
    outer loop
      vertex 38.625 23.631569860407208 2.7499999999999996
      vertex 37.25 24 3.2500000000000004
      vertex 38.625 23.631569860407208 3.2500000000000004
    endloop
  endfacet
  facet normal 0.2588190451025199 0.9659258262890684 0
    outer loop
      vertex 38.625 23.631569860407208 2.7499999999999996
      vertex 37.25 24 2.7499999999999996
      vertex 37.25 24 3.2500000000000004
    endloop
  endfacet
  facet normal 0 0.2588190451025205 -0.9659258262890683
    outer loop
      vertex 37.25 21.25 0
      vertex 29.333333333333332 21.25 0
      vertex 29.333333333333332 22.625 0.36843013959279336
    endloop
  endfacet
  facet normal 0 0.2588190451025205 -0.9659258262890683
    outer loop
      vertex 37.25 21.25 0
      vertex 29.333333333333332 22.625 0.36843013959279336
      vertex 37.25 22.625 0.36843013959279336
    endloop
  endfacet
  facet normal 0 0.7071067811865471 -0.7071067811865479
    outer loop
      vertex 37.25 22.625 0.36843013959279336
      vertex 29.333333333333332 22.625 0.36843013959279336
      vertex 29.333333333333332 23.631569860407208 1.3749999999999998
    endloop
  endfacet
  facet normal -4.3962892466909655e-18 0.7071067811865471 -0.7071067811865479
    outer loop
      vertex 37.25 22.625 0.36843013959279336
      vertex 29.333333333333332 23.631569860407208 1.3749999999999998
      vertex 37.25 23.631569860407208 1.3749999999999998
    endloop
  endfacet
  facet normal 0 0.9659258262890685 -0.25881904510251996
    outer loop
      vertex 37.25 23.631569860407208 1.3749999999999998
      vertex 29.333333333333332 23.631569860407208 1.3749999999999998
      vertex 29.333333333333332 24 2.7499999999999996
    endloop
  endfacet
  facet normal 2.5923602888666486e-18 0.9659258262890685 -0.25881904510251996
    outer loop
      vertex 37.25 23.631569860407208 1.3749999999999998
      vertex 29.333333333333332 24 2.7499999999999996
      vertex 37.25 24 2.7499999999999996
    endloop
  endfacet
  facet normal 0.2588190451025205 0 -0.9659258262890683
    outer loop
      vertex 37.25 21.25 0
      vertex 38.625 16 0.36843013959279336
      vertex 37.25 16 0
    endloop
  endfacet
  facet normal 0.2588190451025205 0 -0.9659258262890683
    outer loop
      vertex 37.25 21.25 0
      vertex 38.625 21.25 0.36843013959279336
      vertex 38.625 16 0.36843013959279336
    endloop
  endfacet
  facet normal 0.7071067811865483 0 -0.7071067811865467
    outer loop
      vertex 38.625 21.25 0.36843013959279336
      vertex 39.631569860407204 16 1.3749999999999998
      vertex 38.625 16 0.36843013959279336
    endloop
  endfacet
  facet normal 0.7071067811865483 -9.752513049748725e-18 -0.7071067811865467
    outer loop
      vertex 38.625 21.25 0.36843013959279336
      vertex 39.631569860407204 21.25 1.3749999999999998
      vertex 39.631569860407204 16 1.3749999999999998
    endloop
  endfacet
  facet normal 0.9659258262890679 0 -0.2588190451025223
    outer loop
      vertex 39.631569860407204 21.25 1.3749999999999998
      vertex 40 16 2.7499999999999996
      vertex 39.631569860407204 16 1.3749999999999998
    endloop
  endfacet
  facet normal 0.9659258262890679 3.9091147213067434e-18 -0.2588190451025223
    outer loop
      vertex 39.631569860407204 21.25 1.3749999999999998
      vertex 40 21.25 2.7499999999999996
      vertex 40 16 2.7499999999999996
    endloop
  endfacet
  facet normal 0 0.2588190451025205 0.9659258262890683
    outer loop
      vertex 37.25 21.25 6
      vertex 29.333333333333332 22.625 5.631569860407207
      vertex 29.333333333333332 21.25 6
    endloop
  endfacet
  facet normal 0 0.2588190451025205 0.9659258262890683
    outer loop
      vertex 37.25 21.25 6
      vertex 37.25 22.625 5.631569860407207
      vertex 29.333333333333332 22.625 5.631569860407207
    endloop
  endfacet
  facet normal 0 0.7071067811865471 0.7071067811865478
    outer loop
      vertex 37.25 22.625 5.631569860407207
      vertex 29.333333333333332 23.631569860407208 4.625
      vertex 29.333333333333332 22.625 5.631569860407207
    endloop
  endfacet
  facet normal 4.26684132320507e-18 0.7071067811865471 0.7071067811865478
    outer loop
      vertex 37.25 22.625 5.631569860407207
      vertex 37.25 23.631569860407208 4.625
      vertex 29.333333333333332 23.631569860407208 4.625
    endloop
  endfacet
  facet normal 0 0.9659258262890685 0.25881904510252
    outer loop
      vertex 37.25 23.631569860407208 4.625
      vertex 29.333333333333332 24 3.2500000000000004
      vertex 29.333333333333332 23.631569860407208 4.625
    endloop
  endfacet
  facet normal 4.666928883789719e-18 0.9659258262890685 0.25881904510252
    outer loop
      vertex 37.25 23.631569860407208 4.625
      vertex 37.25 24 3.2500000000000004
      vertex 29.333333333333332 24 3.2500000000000004
    endloop
  endfacet
  facet normal 0.2588190451025205 0 0.9659258262890683
    outer loop
      vertex 37.25 21.25 6
      vertex 37.25 16 6
      vertex 38.625 16 5.631569860407207
    endloop
  endfacet
  facet normal 0.2588190451025205 0 0.9659258262890683
    outer loop
      vertex 37.25 21.25 6
      vertex 38.625 16 5.631569860407207
      vertex 38.625 21.25 5.631569860407207
    endloop
  endfacet
  facet normal 0.7071067811865486 0 0.7071067811865467
    outer loop
      vertex 38.625 21.25 5.631569860407207
      vertex 38.625 16 5.631569860407207
      vertex 39.631569860407204 16 4.625
    endloop
  endfacet
  facet normal 0.7071067811865486 9.557313800047876e-18 0.7071067811865467
    outer loop
      vertex 38.625 21.25 5.631569860407207
      vertex 39.631569860407204 16 4.625
      vertex 39.631569860407204 21.25 4.625
    endloop
  endfacet
  facet normal 0.9659258262890678 0 0.25881904510252235
    outer loop
      vertex 39.631569860407204 21.25 4.625
      vertex 39.631569860407204 16 4.625
      vertex 40 16 3.2500000000000004
    endloop
  endfacet
  facet normal 0.9659258262890678 7.0374324438101e-18 0.25881904510252235
    outer loop
      vertex 39.631569860407204 21.25 4.625
      vertex 40 16 3.2500000000000004
      vertex 40 21.25 3.2500000000000004
    endloop
  endfacet
  facet normal -0.25881904510252085 0 -0.9659258262890682
    outer loop
      vertex 2.7499999999999996 8 0
      vertex 1.3749999999999998 16 0.3684301395927938
      vertex 2.7499999999999996 16 0
    endloop
  endfacet
  facet normal -0.25881904510252085 2.3091575206251466e-18 -0.9659258262890682
    outer loop
      vertex 2.7499999999999996 8 0
      vertex 1.3749999999999998 8 0.3684301395927938
      vertex 1.3749999999999998 16 0.3684301395927938
    endloop
  endfacet
  facet normal -0.7071067811865475 0 -0.7071067811865475
    outer loop
      vertex 1.3749999999999998 8 0.3684301395927938
      vertex 0.36843013959279336 16 1.3750000000000002
      vertex 1.3749999999999998 16 0.3684301395927938
    endloop
  endfacet
  facet normal -0.7071067811865475 4.99099210511908e-18 -0.7071067811865475
    outer loop
      vertex 1.3749999999999998 8 0.3684301395927938
      vertex 0.36843013959279336 8 1.3750000000000002
      vertex 0.36843013959279336 16 1.3750000000000002
    endloop
  endfacet
  facet normal -0.9659258262890683 0 -0.25881904510252063
    outer loop
      vertex 0.36843013959279336 8 1.3750000000000002
      vertex 0 16 2.7499999999999996
      vertex 0.36843013959279336 16 1.3750000000000002
    endloop
  endfacet
  facet normal -0.9659258262890683 2.052958505392673e-18 -0.25881904510252063
    outer loop
      vertex 0.36843013959279336 8 1.3750000000000002
      vertex 0 8 2.7499999999999996
      vertex 0 16 2.7499999999999996
    endloop
  endfacet
  facet normal 0 -0.25881904510252085 -0.9659258262890683
    outer loop
      vertex 18.666666666666664 2.7499999999999996 0
      vertex 29.333333333333332 2.7499999999999996 0
      vertex 29.333333333333332 1.3749999999999998 0.3684301395927938
    endloop
  endfacet
  facet normal 1.7318681404688597e-18 -0.25881904510252085 -0.9659258262890683
    outer loop
      vertex 18.666666666666664 2.7499999999999996 0
      vertex 29.333333333333332 1.3749999999999998 0.3684301395927938
      vertex 18.666666666666664 1.3749999999999998 0.3684301395927938
    endloop
  endfacet
  facet normal 0 -0.7071067811865476 -0.7071067811865476
    outer loop
      vertex 18.666666666666664 1.3749999999999998 0.3684301395927938
      vertex 29.333333333333332 1.3749999999999998 0.3684301395927938
      vertex 29.333333333333332 0.36843013959279336 1.3750000000000002
    endloop
  endfacet
  facet normal 3.743244078839309e-18 -0.7071067811865476 -0.7071067811865476
    outer loop
      vertex 18.666666666666664 1.3749999999999998 0.3684301395927938
      vertex 29.333333333333332 0.36843013959279336 1.3750000000000002
      vertex 18.666666666666664 0.36843013959279336 1.3750000000000002
    endloop
  endfacet
  facet normal 0 -0.9659258262890682 -0.25881904510252063
    outer loop
      vertex 18.666666666666664 0.36843013959279336 1.3750000000000002
      vertex 29.333333333333332 0.36843013959279336 1.3750000000000002
      vertex 29.333333333333332 0 2.7499999999999996
    endloop
  endfacet
  facet normal 1.5397188790445045e-18 -0.9659258262890682 -0.25881904510252063
    outer loop
      vertex 18.666666666666664 0.36843013959279336 1.3750000000000002
      vertex 29.333333333333332 0 2.7499999999999996
      vertex 18.666666666666664 0 2.7499999999999996
    endloop
  endfacet
  facet normal 0.2588190451025205 0 0.9659258262890684
    outer loop
      vertex 10.75 8 6
      vertex 10.75 16 6
      vertex 9.375 16 6.368430139592793
    endloop
  endfacet
  facet normal 0.2588190451025205 0 0.9659258262890684
    outer loop
      vertex 10.75 8 6
      vertex 9.375 16 6.368430139592793
      vertex 9.375 8 6.368430139592793
    endloop
  endfacet
  facet normal 0.7071067811865478 0 0.7071067811865472
    outer loop
      vertex 9.375 8 6.368430139592793
      vertex 9.375 16 6.368430139592793
      vertex 8.368430139592794 16 7.375
    endloop
  endfacet
  facet normal 0.7071067811865478 5.247191120351551e-18 0.7071067811865472
    outer loop
      vertex 9.375 8 6.368430139592793
      vertex 8.368430139592794 16 7.375
      vertex 8.368430139592794 8 7.375
    endloop
  endfacet
  facet normal 0.9659258262890682 0 0.25881904510252113
    outer loop
      vertex 8.368430139592794 8 7.375
      vertex 8.368430139592794 16 7.375
      vertex 8 16 8.75
    endloop
  endfacet
  facet normal 0.9659258262890682 0 0.25881904510252113
    outer loop
      vertex 8.368430139592794 8 7.375
      vertex 8 16 8.75
      vertex 8 8 8.75
    endloop
  endfacet
  facet normal 0 -0.2588190451025212 0.9659258262890683
    outer loop
      vertex 18.666666666666664 2.7499999999999996 6
      vertex 29.333333333333332 1.3749999999999998 5.631569860407206
      vertex 29.333333333333332 2.7499999999999996 6
    endloop
  endfacet
  facet normal 1.9240174018931894e-18 -0.2588190451025212 0.9659258262890683
    outer loop
      vertex 18.666666666666664 2.7499999999999996 6
      vertex 18.666666666666664 1.3749999999999998 5.631569860407206
      vertex 29.333333333333332 1.3749999999999998 5.631569860407206
    endloop
  endfacet
  facet normal 0 -0.7071067811865474 0.7071067811865478
    outer loop
      vertex 18.666666666666664 1.3749999999999998 5.631569860407206
      vertex 29.333333333333332 0.36843013959279336 4.625
      vertex 29.333333333333332 1.3749999999999998 5.631569860407206
    endloop
  endfacet
  facet normal -4.031467970975825e-18 -0.7071067811865474 0.7071067811865478
    outer loop
      vertex 18.666666666666664 1.3749999999999998 5.631569860407206
      vertex 18.666666666666664 0.36843013959279336 4.625
      vertex 29.333333333333332 0.36843013959279336 4.625
    endloop
  endfacet
  facet normal 0 -0.9659258262890683 0.25881904510252063
    outer loop
      vertex 18.666666666666664 0.36843013959279336 4.625
      vertex 29.333333333333332 0 3.2500000000000004
      vertex 29.333333333333332 0.36843013959279336 4.625
    endloop
  endfacet
  facet normal -3.463736280937707e-18 -0.9659258262890683 0.25881904510252063
    outer loop
      vertex 18.666666666666664 0.36843013959279336 4.625
      vertex 18.666666666666664 0 3.2500000000000004
      vertex 29.333333333333332 0 3.2500000000000004
    endloop
  endfacet
  facet normal -0.9659258262890684 0 0.2588190451025205
    outer loop
      vertex 0 8 8.25
      vertex 0.36843013959279336 16 9.625
      vertex 0 16 8.25
    endloop
  endfacet
  facet normal -0.9659258262890684 0 0.2588190451025205
    outer loop
      vertex 0 8 8.25
      vertex 0.36843013959279336 8 9.625
      vertex 0.36843013959279336 16 9.625
    endloop
  endfacet
  facet normal -0.7071067811865472 0 0.7071067811865477
    outer loop
      vertex 0.36843013959279336 8 9.625
      vertex 1.3749999999999998 16 10.631569860407206
      vertex 0.36843013959279336 16 9.625
    endloop
  endfacet
  facet normal -0.7071067811865472 -5.375290627967766e-18 0.7071067811865477
    outer loop
      vertex 0.36843013959279336 8 9.625
      vertex 1.3749999999999998 8 10.631569860407206
      vertex 1.3749999999999998 16 10.631569860407206
    endloop
  endfacet
  facet normal -0.25881904510252113 0 0.9659258262890682
    outer loop
      vertex 1.3749999999999998 8 10.631569860407206
      vertex 2.7499999999999996 16 11
      vertex 1.3749999999999998 16 10.631569860407206
    endloop
  endfacet
  facet normal -0.25881904510252113 2.565356535857586e-18 0.9659258262890682
    outer loop
      vertex 1.3749999999999998 8 10.631569860407206
      vertex 2.7499999999999996 8 11
      vertex 2.7499999999999996 16 11
    endloop
  endfacet
  facet normal 0.9659258262890684 0 0.2588190451025205
    outer loop
      vertex 8 8 8.25
      vertex 8 16 8.25
      vertex 7.631569860407207 16 9.625
    endloop
  endfacet
  facet normal 0.9659258262890684 0 0.2588190451025205
    outer loop
      vertex 8 8 8.25
      vertex 7.631569860407207 16 9.625
      vertex 7.631569860407207 8 9.625
    endloop
  endfacet
  facet normal 0.7071067811865472 0 0.7071067811865478
    outer loop
      vertex 7.631569860407207 8 9.625
      vertex 7.631569860407207 16 9.625
      vertex 6.625 16 10.631569860407206
    endloop
  endfacet
  facet normal 0.7071067811865472 5.247191120351551e-18 0.7071067811865478
    outer loop
      vertex 7.631569860407207 8 9.625
      vertex 6.625 16 10.631569860407206
      vertex 6.625 8 10.631569860407206
    endloop
  endfacet
  facet normal 0.25881904510252113 0 0.9659258262890682
    outer loop
      vertex 6.625 8 10.631569860407206
      vertex 6.625 16 10.631569860407206
      vertex 5.25 16 11
    endloop
  endfacet
  facet normal 0.25881904510252113 0 0.9659258262890682
    outer loop
      vertex 6.625 8 10.631569860407206
      vertex 5.25 16 11
      vertex 5.25 8 11
    endloop
  endfacet
  facet normal 0 0.2588190451025206 -0.9659258262890684
    outer loop
      vertex 18.666666666666664 21.25 0
      vertex 29.333333333333332 22.625 0.36843013959279336
      vertex 29.333333333333332 21.25 0
    endloop
  endfacet
  facet normal 0 0.2588190451025206 -0.9659258262890684
    outer loop
      vertex 18.666666666666664 21.25 0
      vertex 18.666666666666664 22.625 0.36843013959279336
      vertex 29.333333333333332 22.625 0.36843013959279336
    endloop
  endfacet
  facet normal 0 0.707106781186547 -0.7071067811865479
    outer loop
      vertex 18.666666666666664 22.625 0.36843013959279336
      vertex 29.333333333333332 23.631569860407208 1.3749999999999998
      vertex 29.333333333333332 22.625 0.36843013959279336
    endloop
  endfacet
  facet normal -3.2628709252784507e-18 0.707106781186547 -0.7071067811865479
    outer loop
      vertex 18.666666666666664 22.625 0.36843013959279336
      vertex 18.666666666666664 23.631569860407208 1.3749999999999998
      vertex 29.333333333333332 23.631569860407208 1.3749999999999998
    endloop
  endfacet
  facet normal 0 0.9659258262890685 -0.25881904510251996
    outer loop
      vertex 18.666666666666664 23.631569860407208 1.3749999999999998
      vertex 29.333333333333332 24 2.7499999999999996
      vertex 29.333333333333332 23.631569860407208 1.3749999999999998
    endloop
  endfacet
  facet normal 1.924017401893216e-18 0.9659258262890685 -0.25881904510251996
    outer loop
      vertex 18.666666666666664 23.631569860407208 1.3749999999999998
      vertex 18.666666666666664 24 2.7499999999999996
      vertex 29.333333333333332 24 2.7499999999999996
    endloop
  endfacet
  facet normal 0 0.2588190451025206 0.9659258262890684
    outer loop
      vertex 18.666666666666664 21.25 6
      vertex 29.333333333333332 21.25 6
      vertex 29.333333333333332 22.625 5.631569860407207
    endloop
  endfacet
  facet normal 0 0.2588190451025206 0.9659258262890684
    outer loop
      vertex 18.666666666666664 21.25 6
      vertex 29.333333333333332 22.625 5.631569860407207
      vertex 18.666666666666664 22.625 5.631569860407207
    endloop
  endfacet
  facet normal 0 0.7071067811865471 0.7071067811865479
    outer loop
      vertex 18.666666666666664 22.625 5.631569860407207
      vertex 29.333333333333332 22.625 5.631569860407207
      vertex 29.333333333333332 23.631569860407208 4.625
    endloop
  endfacet
  facet normal 3.1667962945662634e-18 0.7071067811865471 0.7071067811865479
    outer loop
      vertex 18.666666666666664 22.625 5.631569860407207
      vertex 29.333333333333332 23.631569860407208 4.625
      vertex 18.666666666666664 23.631569860407208 4.625
    endloop
  endfacet
  facet normal 0 0.9659258262890685 0.25881904510252
    outer loop
      vertex 18.666666666666664 23.631569860407208 4.625
      vertex 29.333333333333332 23.631569860407208 4.625
      vertex 29.333333333333332 24 3.2500000000000004
    endloop
  endfacet
  facet normal 3.4637362809376817e-18 0.9659258262890685 0.25881904510252
    outer loop
      vertex 18.666666666666664 23.631569860407208 4.625
      vertex 29.333333333333332 24 3.2500000000000004
      vertex 18.666666666666664 24 3.2500000000000004
    endloop
  endfacet
  facet normal 0.2588190451025205 0 -0.9659258262890684
    outer loop
      vertex 37.25 8 0
      vertex 37.25 16 0
      vertex 38.625 16 0.36843013959279336
    endloop
  endfacet
  facet normal 0.2588190451025205 0 -0.9659258262890684
    outer loop
      vertex 37.25 8 0
      vertex 38.625 16 0.36843013959279336
      vertex 38.625 8 0.36843013959279336
    endloop
  endfacet
  facet normal 0.7071067811865483 0 -0.7071067811865467
    outer loop
      vertex 38.625 8 0.36843013959279336
      vertex 38.625 16 0.36843013959279336
      vertex 39.631569860407204 16 1.3749999999999998
    endloop
  endfacet
  facet normal 0.7071067811865483 -6.4000866888976e-18 -0.7071067811865467
    outer loop
      vertex 38.625 8 0.36843013959279336
      vertex 39.631569860407204 16 1.3749999999999998
      vertex 39.631569860407204 8 1.3749999999999998
    endloop
  endfacet
  facet normal 0.9659258262890679 0 -0.25881904510252235
    outer loop
      vertex 39.631569860407204 8 1.3749999999999998
      vertex 39.631569860407204 16 1.3749999999999998
      vertex 40 16 2.7499999999999996
    endloop
  endfacet
  facet normal 0.9659258262890679 2.5653565358575506e-18 -0.25881904510252235
    outer loop
      vertex 39.631569860407204 8 1.3749999999999998
      vertex 40 16 2.7499999999999996
      vertex 40 8 2.7499999999999996
    endloop
  endfacet
  facet normal 0.2588190451025205 0 0.9659258262890684
    outer loop
      vertex 37.25 8 6
      vertex 38.625 16 5.631569860407207
      vertex 37.25 16 6
    endloop
  endfacet
  facet normal 0.2588190451025205 0 0.9659258262890684
    outer loop
      vertex 37.25 8 6
      vertex 38.625 8 5.631569860407207
      vertex 38.625 16 5.631569860407207
    endloop
  endfacet
  facet normal 0.7071067811865483 0 0.7071067811865466
    outer loop
      vertex 38.625 8 5.631569860407207
      vertex 39.631569860407204 16 4.625
      vertex 38.625 16 5.631569860407207
    endloop
  endfacet
  facet normal 0.7071067811865483 6.271987181281418e-18 0.7071067811865466
    outer loop
      vertex 38.625 8 5.631569860407207
      vertex 39.631569860407204 8 4.625
      vertex 39.631569860407204 16 4.625
    endloop
  endfacet
  facet normal 0.9659258262890678 0 0.25881904510252235
    outer loop
      vertex 39.631569860407204 8 4.625
      vertex 40 16 3.2500000000000004
      vertex 39.631569860407204 16 4.625
    endloop
  endfacet
  facet normal 0.9659258262890678 4.618315041250378e-18 0.25881904510252235
    outer loop
      vertex 39.631569860407204 8 4.625
      vertex 40 8 3.2500000000000004
      vertex 40 16 3.2500000000000004
    endloop
  endfacet
  facet normal -0.2505628070857317 -0.2505628070857317 -0.9351131265310294
    outer loop
      vertex 2.7499999999999996 2.7499999999999996 0
      vertex 2.7499999999999996 1.3749999999999998 0.3684301395927938
      vertex 1.3749999999999998 2.7499999999999996 0.3684301395927938
    endloop
  endfacet
  facet normal -0.374146452762368 -0.374146452762368 -0.848545145393381
    outer loop
      vertex 2.7499999999999996 1.3749999999999998 0.3684301395927938
      vertex 1.1622867597285294 1.1622867597285294 1.1622867597285294
      vertex 1.3749999999999998 2.7499999999999996 0.3684301395927938
    endloop
  endfacet
  facet normal -0.6845503194452977 -0.25056280708573186 -0.6845503194452977
    outer loop
      vertex 1.3749999999999998 2.7499999999999996 0.3684301395927938
      vertex 1.1622867597285294 1.1622867597285294 1.1622867597285294
      vertex 0.36843013959279336 2.7499999999999996 1.3750000000000002
    endloop
  endfacet
  facet normal -0.848545145393381 -0.37414645276236813 -0.37414645276236813
    outer loop
      vertex 1.1622867597285294 1.1622867597285294 1.1622867597285294
      vertex 0.36843013959279336 1.3750000000000002 2.7499999999999996
      vertex 0.36843013959279336 2.7499999999999996 1.3750000000000002
    endloop
  endfacet
  facet normal -0.9351131265310294 -0.2505628070857315 -0.2505628070857315
    outer loop
      vertex 0.36843013959279336 2.7499999999999996 1.3750000000000002
      vertex 0.36843013959279336 1.3750000000000002 2.7499999999999996
      vertex 0 2.7499999999999996 2.7499999999999996
    endloop
  endfacet
  facet normal -0.25056280708573186 -0.6845503194452977 -0.6845503194452977
    outer loop
      vertex 2.7499999999999996 1.3749999999999998 0.3684301395927938
      vertex 2.7499999999999996 0.36843013959279336 1.3750000000000002
      vertex 1.1622867597285294 1.1622867597285294 1.1622867597285294
    endloop
  endfacet
  facet normal -0.37414645276236813 -0.848545145393381 -0.37414645276236796
    outer loop
      vertex 2.7499999999999996 0.36843013959279336 1.3750000000000002
      vertex 1.3749999999999998 0.3684301395927938 2.7499999999999996
      vertex 1.1622867597285294 1.1622867597285294 1.1622867597285294
    endloop
  endfacet
  facet normal -0.6845503194452977 -0.6845503194452978 -0.2505628070857319
    outer loop
      vertex 1.1622867597285294 1.1622867597285294 1.1622867597285294
      vertex 1.3749999999999998 0.3684301395927938 2.7499999999999996
      vertex 0.36843013959279336 1.3750000000000002 2.7499999999999996
    endloop
  endfacet
  facet normal -0.25056280708573164 -0.9351131265310294 -0.2505628070857314
    outer loop
      vertex 2.7499999999999996 0.36843013959279336 1.3750000000000002
      vertex 2.7499999999999996 0 2.7499999999999996
      vertex 1.3749999999999998 0.3684301395927938 2.7499999999999996
    endloop
  endfacet
  facet normal 0.640295444518431 -0.25682057648841045 0.7239232937411981
    outer loop
      vertex 8.368430139592794 2.7499999999999996 7.375
      vertex 8.267132899612657 1.1671746033138102 6.903068826477066
      vertex 8.434414139472256 1.9702977873209615 7.040029667673417
    endloop
  endfacet
  facet normal 0.9567294176300317 -0.1376626296155726 0.2563548748290657
    outer loop
      vertex 8.368430139592794 2.7499999999999996 7.375
      vertex 8 2.7499999999999996 8.75
      vertex 8.267132899612657 1.1671746033138102 6.903068826477066
    endloop
  endfacet
  facet normal 0.8502053659970986 -0.332641246530701 0.4080448954909753
    outer loop
      vertex 8 2.7499999999999996 8.75
      vertex 8 0.7088752028364622 7.086059819995421
      vertex 8.267132899612657 1.1671746033138102 6.903068826477066
    endloop
  endfacet
  facet normal 0.9193893557180547 0.21836242752965607 -0.3271713050310123
    outer loop
      vertex 8.434414139472256 1.9702977873209615 7.040029667673417
      vertex 8.334662358763417 1.8193497546501733 6.65896903574963
      vertex 8.368430139592794 2.7499999999999996 7.375
    endloop
  endfacet
  facet normal 0.967748942821415 -0.16984234594555334 -0.18605257641791711
    outer loop
      vertex 8.434414139472256 1.9702977873209615 7.040029667673417
      vertex 8.267132899612657 1.1671746033138102 6.903068826477066
      vertex 8.334662358763417 1.8193497546501733 6.65896903574963
    endloop
  endfacet
  facet normal 0.9613403296126608 -0.1781353267123724 -0.20998232315434812
    outer loop
      vertex 8.267132899612657 1.1671746033138102 6.903068826477066
      vertex 7.9101015153424274 0.7077507151196865 5.658254309298193
      vertex 8.334662358763417 1.8193497546501733 6.65896903574963
    endloop
  endfacet
  facet normal 0.853312420129745 -0.5186666225189056 -0.05331836772772425
    outer loop
      vertex 8.267132899612657 1.1671746033138102 6.903068826477066
      vertex 8 0.7088752028364622 7.086059819995421
      vertex 7.9101015153424274 0.7077507151196865 5.658254309298193
    endloop
  endfacet
  facet normal 0.7765240377780112 -0.6282261711650188 -0.04839727901725689
    outer loop
      vertex 8 0.7088752028364622 7.086059819995421
      vertex 7.291124797163537 0 4.913940180004579
      vertex 7.9101015153424274 0.7077507151196865 5.658254309298193
    endloop
  endfacet
  facet normal 0.3681936360878934 0.5585220782791188 -0.7432943793808412
    outer loop
      vertex 8.334662358763417 1.8193497546501733 6.65896903574963
      vertex 7.943350958761597 1.750262159083403 6.413218065830104
      vertex 8.368430139592794 2.7499999999999996 7.375
    endloop
  endfacet
  facet normal 0.379744731804769 0.5346194070363982 -0.7549675677051129
    outer loop
      vertex 8.334662358763417 1.8193497546501733 6.65896903574963
      vertex 7.9101015153424274 0.7077507151196865 5.658254309298193
      vertex 7.943350958761597 1.750262159083403 6.413218065830104
    endloop
  endfacet
  facet normal 0.4515514915475192 0.5138375319339598 -0.7294328216204887
    outer loop
      vertex 7.9101015153424274 0.7077507151196865 5.658254309298193
      vertex 6.67303151632803 0.5708984386562526 4.796049291180197
      vertex 7.943350958761597 1.750262159083403 6.413218065830104
    endloop
  endfacet
  facet normal 0.5000148088059612 0.3807256678417603 -0.777838773025094
    outer loop
      vertex 7.9101015153424274 0.7077507151196865 5.658254309298193
      vertex 7.291124797163537 0 4.913940180004579
      vertex 6.67303151632803 0.5708984386562526 4.796049291180197
    endloop
  endfacet
  facet normal 0.559666145632257 0.4641631146388601 -0.6865321612582224
    outer loop
      vertex 7.291124797163537 0 4.913940180004579
      vertex 5.25 0 3.2500000000000004
      vertex 6.67303151632803 0.5708984386562526 4.796049291180197
    endloop
  endfacet
  facet normal -0.8191892714057248 -0.1766220249513144 0.5456497025710313
    outer loop
      vertex 7.943350958761597 1.750262159083403 6.413218065830104
      vertex 8.189101928681122 1.8193497546501733 6.804529465831923
      vertex 8.368430139592794 2.7499999999999996 7.375
    endloop
  endfacet
  facet normal -0.8406783277339047 0.23955635076292636 0.48566727714318486
    outer loop
      vertex 7.943350958761597 1.750262159083403 6.413218065830104
      vertex 6.67303151632803 0.5708984386562526 4.796049291180197
      vertex 8.189101928681122 1.8193497546501733 6.804529465831923
    endloop
  endfacet
  facet normal -0.8216714289308723 0.09320890974650575 0.5622883264149864
    outer loop
      vertex 6.67303151632803 0.5708984386562526 4.796049291180197
      vertex 7.535161851364741 0.7077507151196863 6.03319397327588
      vertex 8.189101928681122 1.8193497546501733 6.804529465831923
    endloop
  endfacet
  facet normal -0.6886536000650461 0.5952416658860396 0.414057457740667
    outer loop
      vertex 6.67303151632803 0.5708984386562526 4.796049291180197
      vertex 5.25 0 3.2500000000000004
      vertex 7.535161851364741 0.7077507151196863 6.03319397327588
    endloop
  endfacet
  facet normal -0.7749627511122913 0.017827504776218837 0.6317554229778505
    outer loop
      vertex 5.25 0 3.2500000000000004
      vertex 6.913940180004579 0 5.291124797163538
      vertex 7.535161851364741 0.7077507151196863 6.03319397327588
    endloop
  endfacet
  facet normal -0.017525451010012467 -0.5200729014283944 0.8539420564457212
    outer loop
      vertex 8.189101928681122 1.8193497546501733 6.804529465831923
      vertex 8.57016256060491 1.9702977873209615 6.904281246540763
      vertex 8.368430139592794 2.7499999999999996 7.375
    endloop
  endfacet
  facet normal 0.013961966446539902 -0.5755680819054028 0.8176346657185477
    outer loop
      vertex 8.189101928681122 1.8193497546501733 6.804529465831923
      vertex 7.535161851364741 0.7077507151196863 6.03319397327588
      vertex 8.57016256060491 1.9702977873209615 6.904281246540763
    endloop
  endfacet
  facet normal -0.03840410744560377 -0.545955140120014 0.8369337545516026
    outer loop
      vertex 7.535161851364741 0.7077507151196863 6.03319397327588
      vertex 8.779940816307302 1.1672493361632585 6.390056457944687
      vertex 8.57016256060491 1.9702977873209615 6.904281246540763
    endloop
  endfacet
  facet normal 0.09559542629337288 -0.7590766896777676 0.6439441696759358
    outer loop
      vertex 7.535161851364741 0.7077507151196863 6.03319397327588
      vertex 6.913940180004579 0 5.291124797163538
      vertex 8.779940816307302 1.1672493361632585 6.390056457944687
    endloop
  endfacet
  facet normal -0.030002625234112946 -0.6593254385783501 0.7512588159366436
    outer loop
      vertex 6.913940180004579 0 5.291124797163538
      vertex 9.086059819995421 0.7088752028364618 6
      vertex 8.779940816307302 1.1672493361632585 6.390056457944687
    endloop
  endfacet
  facet normal 0.6869623744551828 -0.23699238841320427 0.6869623744551823
    outer loop
      vertex 8.368430139592794 2.7499999999999996 7.375
      vertex 8.57016256060491 1.9702977873209615 6.904281246540763
      vertex 9.375 2.7499999999999996 6.368430139592793
    endloop
  endfacet
  facet normal 0.6869623744551826 -0.23699238841320383 0.6869623744551826
    outer loop
      vertex 8.57016256060491 1.9702977873209615 6.904281246540763
      vertex 9.040029667673418 1.9702977873209615 6.434414139472255
      vertex 9.375 2.7499999999999996 6.368430139592793
    endloop
  endfacet
  facet normal 0.6829914297284557 -0.25893129172612517 0.6829914297284557
    outer loop
      vertex 8.57016256060491 1.9702977873209615 6.904281246540763
      vertex 8.779940816307302 1.1672493361632585 6.390056457944687
      vertex 9.040029667673418 1.9702977873209615 6.434414139472255
    endloop
  endfacet
  facet normal 0.682375692598213 -0.25876923856959677 0.6836679715484851
    outer loop
      vertex 8.779940816307302 1.1672493361632585 6.390056457944687
      vertex 8.903068826477067 1.1671746033138097 6.2671328996126565
      vertex 9.040029667673418 1.9702977873209615 6.434414139472255
    endloop
  endfacet
  facet normal 0.7005449159891625 -0.12934218897015878 0.7017887280614766
    outer loop
      vertex 8.779940816307302 1.1672493361632585 6.390056457944687
      vertex 9.086059819995421 0.7088752028364618 6
      vertex 8.903068826477067 1.1671746033138097 6.2671328996126565
    endloop
  endfacet
  facet normal 0.7239232937411971 -0.25682057648840895 0.640295444518433
    outer loop
      vertex 9.040029667673418 1.9702977873209615 6.434414139472255
      vertex 8.903068826477067 1.1671746033138097 6.2671328996126565
      vertex 9.375 2.7499999999999996 6.368430139592793
    endloop
  endfacet
  facet normal 0.5818024055942278 -0.22351587181349397 0.7820144601554522
    outer loop
      vertex 8.903068826477067 1.1671746033138097 6.2671328996126565
      vertex 9.086059819995421 0.7088752028364618 6
      vertex 9.375 2.7499999999999996 6.368430139592793
    endloop
  endfacet
  facet normal 0.253243561735273 -0.20644604302704428 0.9451178390857454
    outer loop
      vertex 9.086059819995421 0.7088752028364618 6
      vertex 10.75 2.7499999999999996 6
      vertex 9.375 2.7499999999999996 6.368430139592793
    endloop
  endfacet
  facet normal -0.25056280708573164 -0.9351131265310294 0.2505628070857313
    outer loop
      vertex 2.7499999999999996 0 8.25
      vertex 2.7499999999999996 0.36843013959279336 9.625
      vertex 1.3749999999999998 0.3684301395927938 8.25
    endloop
  endfacet
  facet normal -0.3741464527623679 -0.8485451453933812 0.37414645276236763
    outer loop
      vertex 2.7499999999999996 0.36843013959279336 9.625
      vertex 1.162286759728529 1.162286759728529 9.837713240271471
      vertex 1.3749999999999998 0.3684301395927938 8.25
    endloop
  endfacet
  facet normal -0.6845503194452979 -0.6845503194452979 0.2505628070857314
    outer loop
      vertex 1.3749999999999998 0.3684301395927938 8.25
      vertex 1.162286759728529 1.162286759728529 9.837713240271471
      vertex 0.36843013959279336 1.3750000000000002 8.25
    endloop
  endfacet
  facet normal -0.8485451453933812 -0.37414645276236785 0.3741464527623677
    outer loop
      vertex 1.162286759728529 1.162286759728529 9.837713240271471
      vertex 0.36843013959279336 2.7499999999999996 9.625
      vertex 0.36843013959279336 1.3750000000000002 8.25
    endloop
  endfacet
  facet normal -0.9351131265310295 -0.2505628070857315 0.25056280708573136
    outer loop
      vertex 0.36843013959279336 1.3750000000000002 8.25
      vertex 0.36843013959279336 2.7499999999999996 9.625
      vertex 0 2.7499999999999996 8.25
    endloop
  endfacet
  facet normal -0.2505628070857314 -0.6845503194452977 0.6845503194452981
    outer loop
      vertex 2.7499999999999996 0.36843013959279336 9.625
      vertex 2.7499999999999996 1.3749999999999998 10.631569860407206
      vertex 1.162286759728529 1.162286759728529 9.837713240271471
    endloop
  endfacet
  facet normal -0.3741464527623676 -0.3741464527623676 0.8485451453933816
    outer loop
      vertex 2.7499999999999996 1.3749999999999998 10.631569860407206
      vertex 1.3749999999999998 2.7499999999999996 10.631569860407206
      vertex 1.162286759728529 1.162286759728529 9.837713240271471
    endloop
  endfacet
  facet normal -0.6845503194452975 -0.2505628070857314 0.6845503194452981
    outer loop
      vertex 1.162286759728529 1.162286759728529 9.837713240271471
      vertex 1.3749999999999998 2.7499999999999996 10.631569860407206
      vertex 0.36843013959279336 2.7499999999999996 9.625
    endloop
  endfacet
  facet normal -0.2505628070857319 -0.2505628070857319 0.9351131265310292
    outer loop
      vertex 2.7499999999999996 1.3749999999999998 10.631569860407206
      vertex 2.7499999999999996 2.7499999999999996 11
      vertex 1.3749999999999998 2.7499999999999996 10.631569860407206
    endloop
  endfacet
  facet normal 0.25056280708573136 -0.9351131265310295 0.25056280708573136
    outer loop
      vertex 5.25 0 8.25
      vertex 6.625 0.36843013959279336 8.25
      vertex 5.25 0.36843013959279336 9.625
    endloop
  endfacet
  facet normal 0.3741464527623679 -0.8485451453933811 0.3741464527623679
    outer loop
      vertex 6.625 0.36843013959279336 8.25
      vertex 6.83771324027147 1.162286759728529 9.837713240271471
      vertex 5.25 0.36843013959279336 9.625
    endloop
  endfacet
  facet normal 0.2505628070857315 -0.6845503194452975 0.684550319445298
    outer loop
      vertex 5.25 0.36843013959279336 9.625
      vertex 6.83771324027147 1.162286759728529 9.837713240271471
      vertex 5.25 1.3749999999999998 10.631569860407206
    endloop
  endfacet
  facet normal 0.3741464527623676 -0.37414645276236763 0.8485451453933813
    outer loop
      vertex 6.83771324027147 1.162286759728529 9.837713240271471
      vertex 6.625 2.7499999999999996 10.631569860407206
      vertex 5.25 1.3749999999999998 10.631569860407206
    endloop
  endfacet
  facet normal 0.25056280708573186 -0.2505628070857319 0.9351131265310292
    outer loop
      vertex 5.25 1.3749999999999998 10.631569860407206
      vertex 6.625 2.7499999999999996 10.631569860407206
      vertex 5.25 2.7499999999999996 11
    endloop
  endfacet
  facet normal 0.684550319445298 -0.6845503194452975 0.2505628070857317
    outer loop
      vertex 6.625 0.36843013959279336 8.25
      vertex 7.631569860407206 1.3749999999999998 8.25
      vertex 6.83771324027147 1.162286759728529 9.837713240271471
    endloop
  endfacet
  facet normal 0.8485451453933811 -0.37414645276236835 0.37414645276236774
    outer loop
      vertex 7.631569860407206 1.3749999999999998 8.25
      vertex 7.631569860407207 2.7499999999999996 9.625
      vertex 6.83771324027147 1.162286759728529 9.837713240271471
    endloop
  endfacet
  facet normal 0.6845503194452974 -0.2505628070857317 0.6845503194452981
    outer loop
      vertex 6.83771324027147 1.162286759728529 9.837713240271471
      vertex 7.631569860407207 2.7499999999999996 9.625
      vertex 6.625 2.7499999999999996 10.631569860407206
    endloop
  endfacet
  facet normal 0.9351131265310294 -0.250562807085732 0.2505628070857313
    outer loop
      vertex 7.631569860407206 1.3749999999999998 8.25
      vertex 8 2.7499999999999996 8.25
      vertex 7.631569860407207 2.7499999999999996 9.625
    endloop
  endfacet
  facet normal -0.25056280708573164 0.2505628070857313 -0.9351131265310294
    outer loop
      vertex 2.7499999999999996 21.25 0
      vertex 1.3749999999999998 21.25 0.3684301395927938
      vertex 2.7499999999999996 22.625 0.36843013959279336
    endloop
  endfacet
  facet normal -0.3741464527623681 0.3741464527623677 -0.8485451453933812
    outer loop
      vertex 2.7499999999999996 22.625 0.36843013959279336
      vertex 1.3749999999999998 21.25 0.3684301395927938
      vertex 1.1622867597285287 22.83771324027147 1.1622867597285287
    endloop
  endfacet
  facet normal -0.6845503194452979 0.25056280708573153 -0.6845503194452979
    outer loop
      vertex 1.3749999999999998 21.25 0.3684301395927938
      vertex 0.36843013959279336 21.25 1.3750000000000002
      vertex 1.1622867597285287 22.83771324027147 1.1622867597285287
    endloop
  endfacet
  facet normal -0.848545145393381 0.37414645276236785 -0.374146452762368
    outer loop
      vertex 1.1622867597285287 22.83771324027147 1.1622867597285287
      vertex 0.36843013959279336 21.25 1.3750000000000002
      vertex 0.36843013959279336 22.625 2.7499999999999996
    endloop
  endfacet
  facet normal -0.9351131265310295 0.25056280708573136 -0.2505628070857315
    outer loop
      vertex 0.36843013959279336 21.25 1.3750000000000002
      vertex 0 21.25 2.7499999999999996
      vertex 0.36843013959279336 22.625 2.7499999999999996
    endloop
  endfacet
  facet normal -0.25056280708573236 0.6845503194452973 -0.684550319445298
    outer loop
      vertex 2.7499999999999996 22.625 0.36843013959279336
      vertex 1.1622867597285287 22.83771324027147 1.1622867597285287
      vertex 2.7499999999999996 23.631569860407208 1.3749999999999998
    endloop
  endfacet
  facet normal -0.3741464527623687 0.8485451453933803 -0.3741464527623687
    outer loop
      vertex 2.7499999999999996 23.631569860407208 1.3749999999999998
      vertex 1.1622867597285287 22.83771324027147 1.1622867597285287
      vertex 1.3749999999999998 23.631569860407208 2.7499999999999996
    endloop
  endfacet
  facet normal -0.684550319445298 0.6845503194452973 -0.25056280708573236
    outer loop
      vertex 1.1622867597285287 22.83771324027147 1.1622867597285287
      vertex 0.36843013959279336 22.625 2.7499999999999996
      vertex 1.3749999999999998 23.631569860407208 2.7499999999999996
    endloop
  endfacet
  facet normal -0.25056280708573087 0.9351131265310297 -0.25056280708573087
    outer loop
      vertex 2.7499999999999996 23.631569860407208 1.3749999999999998
      vertex 1.3749999999999998 23.631569860407208 2.7499999999999996
      vertex 2.7499999999999996 24 2.7499999999999996
    endloop
  endfacet
  facet normal 0.7239232937412003 0.2568205764884097 0.6402954445184289
    outer loop
      vertex 9.375 21.25 6.368430139592793
      vertex 8.903068826477067 22.83282539668619 6.2671328996126565
      vertex 9.040029667673418 22.02970221267904 6.434414139472255
    endloop
  endfacet
  facet normal 0.25635487482906516 0.1376626296155716 0.9567294176300319
    outer loop
      vertex 9.375 21.25 6.368430139592793
      vertex 10.75 21.25 6
      vertex 8.903068826477067 22.83282539668619 6.2671328996126565
    endloop
  endfacet
  facet normal 0.4080448954909761 0.3326412465307015 0.8502053659970981
    outer loop
      vertex 10.75 21.25 6
      vertex 9.086059819995421 23.291124797163537 6
      vertex 8.903068826477067 22.83282539668619 6.2671328996126565
    endloop
  endfacet
  facet normal -0.32717130503101477 -0.2183624275296559 0.9193893557180541
    outer loop
      vertex 9.040029667673418 22.02970221267904 6.434414139472255
      vertex 8.65896903574963 22.180650245349828 6.334662358763414
      vertex 9.375 21.25 6.368430139592793
    endloop
  endfacet
  facet normal -0.18605257641792214 0.16984234594555203 0.9677489428214141
    outer loop
      vertex 9.040029667673418 22.02970221267904 6.434414139472255
      vertex 8.903068826477067 22.83282539668619 6.2671328996126565
      vertex 8.65896903574963 22.180650245349828 6.334662358763414
    endloop
  endfacet
  facet normal -0.20998232315434887 0.17813532671236973 0.9613403296126611
    outer loop
      vertex 8.903068826477067 22.83282539668619 6.2671328996126565
      vertex 7.658254309298193 23.292249284880313 5.9101015153424274
      vertex 8.65896903574963 22.180650245349828 6.334662358763414
    endloop
  endfacet
  facet normal -0.05331836772772404 0.5186666225189058 0.8533124201297447
    outer loop
      vertex 8.903068826477067 22.83282539668619 6.2671328996126565
      vertex 9.086059819995421 23.291124797163537 6
      vertex 7.658254309298193 23.292249284880313 5.9101015153424274
    endloop
  endfacet
  facet normal -0.04839727901725668 0.6282261711650188 0.7765240377780114
    outer loop
      vertex 9.086059819995421 23.291124797163537 6
      vertex 6.9139401800045786 24 5.291124797163537
      vertex 7.658254309298193 23.292249284880313 5.9101015153424274
    endloop
  endfacet
  facet normal -0.7432943793808419 -0.5585220782791178 0.36819363608789335
    outer loop
      vertex 8.65896903574963 22.180650245349828 6.334662358763414
      vertex 8.413218065830105 22.2497378409166 5.943350958761596
      vertex 9.375 21.25 6.368430139592793
    endloop
  endfacet
  facet normal -0.7549675677051124 -0.5346194070363998 0.37974473180476775
    outer loop
      vertex 8.65896903574963 22.180650245349828 6.334662358763414
      vertex 7.658254309298193 23.292249284880313 5.9101015153424274
      vertex 8.413218065830105 22.2497378409166 5.943350958761596
    endloop
  endfacet
  facet normal -0.7294328216204884 -0.5138375319339613 0.4515514915475177
    outer loop
      vertex 7.658254309298193 23.292249284880313 5.9101015153424274
      vertex 6.796049291180197 23.42910156134375 4.67303151632803
      vertex 8.413218065830105 22.2497378409166 5.943350958761596
    endloop
  endfacet
  facet normal -0.7778387730250939 -0.38072566784176193 0.5000148088059602
    outer loop
      vertex 7.658254309298193 23.292249284880313 5.9101015153424274
      vertex 6.9139401800045786 24 5.291124797163537
      vertex 6.796049291180197 23.42910156134375 4.67303151632803
    endloop
  endfacet
  facet normal -0.6865321612582215 -0.4641631146388623 0.5596661456322563
    outer loop
      vertex 6.9139401800045786 24 5.291124797163537
      vertex 5.25 24 3.2500000000000004
      vertex 6.796049291180197 23.42910156134375 4.67303151632803
    endloop
  endfacet
  facet normal 0.5456497025710337 0.1766220249513168 -0.8191892714057227
    outer loop
      vertex 8.413218065830105 22.2497378409166 5.943350958761596
      vertex 8.804529465831923 22.180650245349828 6.189101928681122
      vertex 9.375 21.25 6.368430139592793
    endloop
  endfacet
  facet normal 0.48566727714318864 -0.2395563507629199 -0.8406783277339044
    outer loop
      vertex 8.413218065830105 22.2497378409166 5.943350958761596
      vertex 6.796049291180197 23.42910156134375 4.67303151632803
      vertex 8.804529465831923 22.180650245349828 6.189101928681122
    endloop
  endfacet
  facet normal 0.5622883264149856 -0.09320890974650727 -0.8216714289308725
    outer loop
      vertex 6.796049291180197 23.42910156134375 4.67303151632803
      vertex 8.03319397327588 23.292249284880313 5.53516185136474
      vertex 8.804529465831923 22.180650245349828 6.189101928681122
    endloop
  endfacet
  facet normal 0.4140574577406627 -0.5952416658860458 -0.6886536000650433
    outer loop
      vertex 6.796049291180197 23.42910156134375 4.67303151632803
      vertex 5.25 24 3.2500000000000004
      vertex 8.03319397327588 23.292249284880313 5.53516185136474
    endloop
  endfacet
  facet normal 0.6317554229778506 -0.017827504776217078 -0.7749627511122913
    outer loop
      vertex 5.25 24 3.2500000000000004
      vertex 7.291124797163537 24 4.913940180004579
      vertex 8.03319397327588 23.292249284880313 5.53516185136474
    endloop
  endfacet
  facet normal 0.853942056445722 0.520072901428393 -0.017525451010017307
    outer loop
      vertex 8.804529465831923 22.180650245349828 6.189101928681122
      vertex 8.904281246540764 22.02970221267904 6.570162560604909
      vertex 9.375 21.25 6.368430139592793
    endloop
  endfacet
  facet normal 0.8176346657185489 0.5755680819054013 0.013961966446534774
    outer loop
      vertex 8.804529465831923 22.180650245349828 6.189101928681122
      vertex 8.03319397327588 23.292249284880313 5.53516185136474
      vertex 8.904281246540764 22.02970221267904 6.570162560604909
    endloop
  endfacet
  facet normal 0.8369337545516011 0.5459551401200166 -0.038404107445601895
    outer loop
      vertex 8.03319397327588 23.292249284880313 5.53516185136474
      vertex 8.390056457944686 22.83275066383674 6.779940816307302
      vertex 8.904281246540764 22.02970221267904 6.570162560604909
    endloop
  endfacet
  facet normal 0.6439441696759354 0.7590766896777679 0.0955954262933734
    outer loop
      vertex 8.03319397327588 23.292249284880313 5.53516185136474
      vertex 7.291124797163537 24 4.913940180004579
      vertex 8.390056457944686 22.83275066383674 6.779940816307302
    endloop
  endfacet
  facet normal 0.7512588159366438 0.65932543857835 -0.030002625234112897
    outer loop
      vertex 7.291124797163537 24 4.913940180004579
      vertex 8 23.291124797163537 7.086059819995421
      vertex 8.390056457944686 22.83275066383674 6.779940816307302
    endloop
  endfacet
  facet normal 0.686962374455183 0.2369923884132032 0.6869623744551824
    outer loop
      vertex 9.375 21.25 6.368430139592793
      vertex 8.904281246540764 22.02970221267904 6.570162560604909
      vertex 8.368430139592794 21.25 7.375
    endloop
  endfacet
  facet normal 0.6869623744551827 0.23699238841320366 0.6869623744551827
    outer loop
      vertex 8.904281246540764 22.02970221267904 6.570162560604909
      vertex 8.434414139472256 22.02970221267904 7.040029667673417
      vertex 8.368430139592794 21.25 7.375
    endloop
  endfacet
  facet normal 0.6829914297284554 0.2589312917261274 0.6829914297284554
    outer loop
      vertex 8.904281246540764 22.02970221267904 6.570162560604909
      vertex 8.390056457944686 22.83275066383674 6.779940816307302
      vertex 8.434414139472256 22.02970221267904 7.040029667673417
    endloop
  endfacet
  facet normal 0.6836679715484841 0.25876923856959916 0.682375692598213
    outer loop
      vertex 8.390056457944686 22.83275066383674 6.779940816307302
      vertex 8.267132899612657 22.83282539668619 6.903068826477066
      vertex 8.434414139472256 22.02970221267904 7.040029667673417
    endloop
  endfacet
  facet normal 0.7017887280614764 0.12934218897015742 0.7005449159891628
    outer loop
      vertex 8.390056457944686 22.83275066383674 6.779940816307302
      vertex 8 23.291124797163537 7.086059819995421
      vertex 8.267132899612657 22.83282539668619 6.903068826477066
    endloop
  endfacet
  facet normal 0.6402954445184273 0.2568205764884111 0.7239232937412012
    outer loop
      vertex 8.434414139472256 22.02970221267904 7.040029667673417
      vertex 8.267132899612657 22.83282539668619 6.903068826477066
      vertex 8.368430139592794 21.25 7.375
    endloop
  endfacet
  facet normal 0.7820144601554535 0.22351587181349464 0.5818024055942259
    outer loop
      vertex 8.267132899612657 22.83282539668619 6.903068826477066
      vertex 8 23.291124797163537 7.086059819995421
      vertex 8.368430139592794 21.25 7.375
    endloop
  endfacet
  facet normal 0.945117839085745 0.2064460430270449 0.2532435617352735
    outer loop
      vertex 8 23.291124797163537 7.086059819995421
      vertex 8 21.25 8.75
      vertex 8.368430139592794 21.25 7.375
    endloop
  endfacet
  facet normal -0.9351131265310295 0.25056280708573136 0.25056280708573136
    outer loop
      vertex 0 21.25 8.25
      vertex 0.36843013959279336 21.25 9.625
      vertex 0.36843013959279336 22.625 8.25
    endloop
  endfacet
  facet normal -0.8485451453933812 0.37414645276236796 0.37414645276236796
    outer loop
      vertex 0.36843013959279336 22.625 8.25
      vertex 0.36843013959279336 21.25 9.625
      vertex 1.1622867597285287 22.83771324027147 9.837713240271471
    endloop
  endfacet
  facet normal -0.6845503194452975 0.25056280708573153 0.684550319445298
    outer loop
      vertex 0.36843013959279336 21.25 9.625
      vertex 1.3749999999999998 21.25 10.631569860407206
      vertex 1.1622867597285287 22.83771324027147 9.837713240271471
    endloop
  endfacet
  facet normal -0.3741464527623687 0.37414645276236747 0.848545145393381
    outer loop
      vertex 1.1622867597285287 22.83771324027147 9.837713240271471
      vertex 1.3749999999999998 21.25 10.631569860407206
      vertex 2.7499999999999996 22.625 10.631569860407208
    endloop
  endfacet
  facet normal -0.250562807085732 0.2505628070857307 0.9351131265310294
    outer loop
      vertex 1.3749999999999998 21.25 10.631569860407206
      vertex 2.7499999999999996 21.25 11
      vertex 2.7499999999999996 22.625 10.631569860407208
    endloop
  endfacet
  facet normal -0.684550319445298 0.6845503194452972 0.25056280708573236
    outer loop
      vertex 0.36843013959279336 22.625 8.25
      vertex 1.1622867597285287 22.83771324027147 9.837713240271471
      vertex 1.3749999999999998 23.631569860407208 8.25
    endloop
  endfacet
  facet normal -0.37414645276236874 0.8485451453933806 0.3741464527623687
    outer loop
      vertex 1.3749999999999998 23.631569860407208 8.25
      vertex 1.1622867597285287 22.83771324027147 9.837713240271471
      vertex 2.7499999999999996 23.631569860407208 9.625
    endloop
  endfacet
  facet normal -0.25056280708573264 0.6845503194452975 0.6845503194452975
    outer loop
      vertex 1.1622867597285287 22.83771324027147 9.837713240271471
      vertex 2.7499999999999996 22.625 10.631569860407208
      vertex 2.7499999999999996 23.631569860407208 9.625
    endloop
  endfacet
  facet normal -0.25056280708573087 0.9351131265310298 0.2505628070857308
    outer loop
      vertex 1.3749999999999998 23.631569860407208 8.25
      vertex 2.7499999999999996 23.631569860407208 9.625
      vertex 2.7499999999999996 24 8.25
    endloop
  endfacet
  facet normal 0.9351131265310295 0.25056280708573136 0.25056280708573136
    outer loop
      vertex 8 21.25 8.25
      vertex 7.631569860407207 22.625 8.25
      vertex 7.631569860407207 21.25 9.625
    endloop
  endfacet
  facet normal 0.8485451453933811 0.3741464527623681 0.3741464527623681
    outer loop
      vertex 7.631569860407207 22.625 8.25
      vertex 6.837713240271471 22.83771324027147 9.837713240271471
      vertex 7.631569860407207 21.25 9.625
    endloop
  endfacet
  facet normal 0.6845503194452974 0.2505628070857316 0.684550319445298
    outer loop
      vertex 7.631569860407207 21.25 9.625
      vertex 6.837713240271471 22.83771324027147 9.837713240271471
      vertex 6.625 21.25 10.631569860407206
    endloop
  endfacet
  facet normal 0.3741464527623686 0.3741464527623675 0.848545145393381
    outer loop
      vertex 6.837713240271471 22.83771324027147 9.837713240271471
      vertex 5.25 22.625 10.631569860407208
      vertex 6.625 21.25 10.631569860407206
    endloop
  endfacet
  facet normal 0.250562807085732 0.25056280708573075 0.9351131265310295
    outer loop
      vertex 6.625 21.25 10.631569860407206
      vertex 5.25 22.625 10.631569860407208
      vertex 5.25 21.25 11
    endloop
  endfacet
  facet normal 0.6845503194452979 0.6845503194452972 0.25056280708573236
    outer loop
      vertex 7.631569860407207 22.625 8.25
      vertex 6.625 23.631569860407208 8.25
      vertex 6.837713240271471 22.83771324027147 9.837713240271471
    endloop
  endfacet
  facet normal 0.37414645276236863 0.8485451453933806 0.37414645276236863
    outer loop
      vertex 6.625 23.631569860407208 8.25
      vertex 5.25 23.631569860407208 9.625
      vertex 6.837713240271471 22.83771324027147 9.837713240271471
    endloop
  endfacet
  facet normal 0.2505628070857326 0.6845503194452977 0.6845503194452975
    outer loop
      vertex 6.837713240271471 22.83771324027147 9.837713240271471
      vertex 5.25 23.631569860407208 9.625
      vertex 5.25 22.625 10.631569860407208
    endloop
  endfacet
  facet normal 0.2505628070857308 0.9351131265310297 0.2505628070857308
    outer loop
      vertex 6.625 23.631569860407208 8.25
      vertex 5.25 24 8.25
      vertex 5.25 23.631569860407208 9.625
    endloop
  endfacet
  facet normal 0.2505628070857313 -0.25056280708573164 -0.9351131265310294
    outer loop
      vertex 37.25 2.7499999999999996 0
      vertex 38.625 2.7499999999999996 0.36843013959279336
      vertex 37.25 1.3749999999999998 0.3684301395927938
    endloop
  endfacet
  facet normal 0.3741464527623679 -0.37414645276236824 -0.8485451453933809
    outer loop
      vertex 38.625 2.7499999999999996 0.36843013959279336
      vertex 38.83771324027147 1.1622867597285291 1.1622867597285291
      vertex 37.25 1.3749999999999998 0.3684301395927938
    endloop
  endfacet
  facet normal 0.25056280708573186 -0.6845503194452978 -0.6845503194452978
    outer loop
      vertex 37.25 1.3749999999999998 0.3684301395927938
      vertex 38.83771324027147 1.1622867597285291 1.1622867597285291
      vertex 37.25 0.36843013959279336 1.3750000000000002
    endloop
  endfacet
  facet normal 0.3741464527623681 -0.8485451453933809 -0.37414645276236824
    outer loop
      vertex 38.83771324027147 1.1622867597285291 1.1622867597285291
      vertex 38.625 0.36843013959279336 2.7499999999999996
      vertex 37.25 0.36843013959279336 1.3750000000000002
    endloop
  endfacet
  facet normal 0.25056280708573136 -0.9351131265310295 -0.2505628070857315
    outer loop
      vertex 37.25 0.36843013959279336 1.3750000000000002
      vertex 38.625 0.36843013959279336 2.7499999999999996
      vertex 37.25 0 2.7499999999999996
    endloop
  endfacet
  facet normal 0.6845503194452986 -0.2505628070857319 -0.6845503194452969
    outer loop
      vertex 38.625 2.7499999999999996 0.36843013959279336
      vertex 39.631569860407204 2.7499999999999996 1.3749999999999998
      vertex 38.83771324027147 1.1622867597285291 1.1622867597285291
    endloop
  endfacet
  facet normal 0.8485451453933814 -0.37414645276236763 -0.37414645276236763
    outer loop
      vertex 39.631569860407204 2.7499999999999996 1.3749999999999998
      vertex 39.631569860407204 1.3749999999999998 2.7499999999999996
      vertex 38.83771324027147 1.1622867597285291 1.1622867597285291
    endloop
  endfacet
  facet normal 0.6845503194452986 -0.6845503194452969 -0.2505628070857319
    outer loop
      vertex 38.83771324027147 1.1622867597285291 1.1622867597285291
      vertex 39.631569860407204 1.3749999999999998 2.7499999999999996
      vertex 38.625 0.36843013959279336 2.7499999999999996
    endloop
  endfacet
  facet normal 0.9351131265310285 -0.250562807085733 -0.250562807085733
    outer loop
      vertex 39.631569860407204 2.7499999999999996 1.3749999999999998
      vertex 40 2.7499999999999996 2.7499999999999996
      vertex 39.631569860407204 1.3749999999999998 2.7499999999999996
    endloop
  endfacet
  facet normal 0.9351131265310286 -0.25056280708573303 0.25056280708573303
    outer loop
      vertex 40 2.7499999999999996 3.2500000000000004
      vertex 39.631569860407204 2.7499999999999996 4.625
      vertex 39.631569860407204 1.3749999999999998 3.2500000000000004
    endloop
  endfacet
  facet normal 0.8485451453933816 -0.3741464527623675 0.3741464527623676
    outer loop
      vertex 39.631569860407204 2.7499999999999996 4.625
      vertex 38.83771324027147 1.162286759728529 4.837713240271471
      vertex 39.631569860407204 1.3749999999999998 3.2500000000000004
    endloop
  endfacet
  facet normal 0.6845503194452986 -0.6845503194452969 0.25056280708573175
    outer loop
      vertex 39.631569860407204 1.3749999999999998 3.2500000000000004
      vertex 38.83771324027147 1.162286759728529 4.837713240271471
      vertex 38.625 0.36843013959279336 3.2500000000000004
    endloop
  endfacet
  facet normal 0.374146452762368 -0.8485451453933809 0.3741464527623682
    outer loop
      vertex 38.83771324027147 1.162286759728529 4.837713240271471
      vertex 37.25 0.36843013959279336 4.625
      vertex 38.625 0.36843013959279336 3.2500000000000004
    endloop
  endfacet
  facet normal 0.25056280708573136 -0.9351131265310294 0.2505628070857314
    outer loop
      vertex 38.625 0.36843013959279336 3.2500000000000004
      vertex 37.25 0.36843013959279336 4.625
      vertex 37.25 0 3.2500000000000004
    endloop
  endfacet
  facet normal 0.6845503194452985 -0.2505628070857317 0.6845503194452968
    outer loop
      vertex 39.631569860407204 2.7499999999999996 4.625
      vertex 38.625 2.7499999999999996 5.631569860407207
      vertex 38.83771324027147 1.162286759728529 4.837713240271471
    endloop
  endfacet
  facet normal 0.37414645276236763 -0.3741464527623683 0.8485451453933811
    outer loop
      vertex 38.625 2.7499999999999996 5.631569860407207
      vertex 37.25 1.3749999999999998 5.631569860407206
      vertex 38.83771324027147 1.162286759728529 4.837713240271471
    endloop
  endfacet
  facet normal 0.25056280708573164 -0.6845503194452975 0.684550319445298
    outer loop
      vertex 38.83771324027147 1.162286759728529 4.837713240271471
      vertex 37.25 1.3749999999999998 5.631569860407206
      vertex 37.25 0.36843013959279336 4.625
    endloop
  endfacet
  facet normal 0.2505628070857313 -0.250562807085732 0.9351131265310294
    outer loop
      vertex 38.625 2.7499999999999996 5.631569860407207
      vertex 37.25 2.7499999999999996 6
      vertex 37.25 1.3749999999999998 5.631569860407206
    endloop
  endfacet
  facet normal 0.25056280708573136 0.25056280708573136 -0.9351131265310295
    outer loop
      vertex 37.25 21.25 0
      vertex 37.25 22.625 0.36843013959279336
      vertex 38.625 21.25 0.36843013959279336
    endloop
  endfacet
  facet normal 0.3741464527623684 0.3741464527623684 -0.8485451453933808
    outer loop
      vertex 38.625 21.25 0.36843013959279336
      vertex 37.25 22.625 0.36843013959279336
      vertex 38.83771324027147 22.83771324027147 1.1622867597285291
    endloop
  endfacet
  facet normal 0.2505628070857328 0.6845503194452972 -0.6845503194452979
    outer loop
      vertex 37.25 22.625 0.36843013959279336
      vertex 37.25 23.631569860407208 1.3749999999999998
      vertex 38.83771324027147 22.83771324027147 1.1622867597285291
    endloop
  endfacet
  facet normal 0.37414645276236896 0.8485451453933802 -0.374146452762369
    outer loop
      vertex 38.83771324027147 22.83771324027147 1.1622867597285291
      vertex 37.25 23.631569860407208 1.3749999999999998
      vertex 38.625 23.631569860407208 2.7499999999999996
    endloop
  endfacet
  facet normal 0.2505628070857308 0.9351131265310298 -0.25056280708573087
    outer loop
      vertex 37.25 23.631569860407208 1.3749999999999998
      vertex 37.25 24 2.7499999999999996
      vertex 38.625 23.631569860407208 2.7499999999999996
    endloop
  endfacet
  facet normal 0.6845503194452985 0.25056280708573203 -0.6845503194452969
    outer loop
      vertex 38.625 21.25 0.36843013959279336
      vertex 38.83771324027147 22.83771324027147 1.1622867597285291
      vertex 39.631569860407204 21.25 1.3749999999999998
    endloop
  endfacet
  facet normal 0.8485451453933812 0.3741464527623678 -0.37414645276236785
    outer loop
      vertex 39.631569860407204 21.25 1.3749999999999998
      vertex 38.83771324027147 22.83771324027147 1.1622867597285291
      vertex 39.631569860407204 22.625 2.7499999999999996
    endloop
  endfacet
  facet normal 0.6845503194452988 0.6845503194452963 -0.25056280708573264
    outer loop
      vertex 38.83771324027147 22.83771324027147 1.1622867597285291
      vertex 38.625 23.631569860407208 2.7499999999999996
      vertex 39.631569860407204 22.625 2.7499999999999996
    endloop
  endfacet
  facet normal 0.9351131265310285 0.2505628070857329 -0.250562807085733
    outer loop
      vertex 39.631569860407204 21.25 1.3749999999999998
      vertex 39.631569860407204 22.625 2.7499999999999996
      vertex 40 21.25 2.7499999999999996
    endloop
  endfacet
  facet normal 0.25056280708573136 0.25056280708573136 0.9351131265310295
    outer loop
      vertex 37.25 21.25 6
      vertex 38.625 21.25 5.631569860407207
      vertex 37.25 22.625 5.631569860407207
    endloop
  endfacet
  facet normal 0.37414645276236835 0.37414645276236835 0.8485451453933808
    outer loop
      vertex 38.625 21.25 5.631569860407207
      vertex 38.83771324027147 22.83771324027147 4.837713240271471
      vertex 37.25 22.625 5.631569860407207
    endloop
  endfacet
  facet normal 0.2505628070857327 0.6845503194452972 0.6845503194452978
    outer loop
      vertex 37.25 22.625 5.631569860407207
      vertex 38.83771324027147 22.83771324027147 4.837713240271471
      vertex 37.25 23.631569860407208 4.625
    endloop
  endfacet
  facet normal 0.37414645276236896 0.8485451453933802 0.374146452762369
    outer loop
      vertex 38.83771324027147 22.83771324027147 4.837713240271471
      vertex 38.625 23.631569860407208 3.2500000000000004
      vertex 37.25 23.631569860407208 4.625
    endloop
  endfacet
  facet normal 0.25056280708573087 0.9351131265310297 0.2505628070857309
    outer loop
      vertex 37.25 23.631569860407208 4.625
      vertex 38.625 23.631569860407208 3.2500000000000004
      vertex 37.25 24 3.2500000000000004
    endloop
  endfacet
  facet normal 0.6845503194452986 0.250562807085732 0.6845503194452969
    outer loop
      vertex 38.625 21.25 5.631569860407207
      vertex 39.631569860407204 21.25 4.625
      vertex 38.83771324027147 22.83771324027147 4.837713240271471
    endloop
  endfacet
  facet normal 0.8485451453933813 0.3741464527623677 0.3741464527623678
    outer loop
      vertex 39.631569860407204 21.25 4.625
      vertex 39.631569860407204 22.625 3.2500000000000004
      vertex 38.83771324027147 22.83771324027147 4.837713240271471
    endloop
  endfacet
  facet normal 0.6845503194452989 0.6845503194452963 0.25056280708573264
    outer loop
      vertex 38.83771324027147 22.83771324027147 4.837713240271471
      vertex 39.631569860407204 22.625 3.2500000000000004
      vertex 38.625 23.631569860407208 3.2500000000000004
    endloop
  endfacet
  facet normal 0.9351131265310285 0.250562807085733 0.25056280708573303
    outer loop
      vertex 39.631569860407204 21.25 4.625
      vertex 40 21.25 3.2500000000000004
      vertex 39.631569860407204 22.625 3.2500000000000004
    endloop
  endfacet
endsolid OpenSCAD_Model
