solid OpenSCAD_Model
  facet normal -0.9458172417006345 -0.32469946920468384 0
    outer loop
      vertex -5.918167820416334 -0.9875675416844049 -6.0906535518690115
      vertex -5.918167820416334 -0.9875675416844049 -19.703639527239623
      vertex -5.276842507238934 -2.8556843582224425 -19.703639527239616
    endloop
  endfacet
  facet normal -0.9458172417006345 -0.32469946920468384 -4.4014331473872255e-19
    outer loop
      vertex -5.359522624723416 -2.6148454038065307 -5.506852965019683
      vertex -5.276842507238934 -2.8556843582224425 -19.703639527239616
      vertex -5.276842507238934 -2.8556843582224425 -5.362757996018334
    endloop
  endfacet
  facet normal -0.9458172417006321 -0.3246994692046904 9.717432032492442e-16
    outer loop
      vertex -5.878399540525051 -1.1034085835132752 -6.093239403571236
      vertex -5.903368898042564 -1.0306753298615323 -6.108333858373632
      vertex -5.276842507238934 -2.8556843582224425 -19.703639527239616
    endloop
  endfacet
  facet normal -0.9458172417006357 -0.32469946920468007 -5.831656680514865e-16
    outer loop
      vertex -5.903368898042564 -1.0306753298615323 -6.108333858373632
      vertex -5.918167820416334 -0.9875675416844049 -6.0906535518690115
      vertex -5.276842507238934 -2.8556843582224425 -19.703639527239616
    endloop
  endfacet
  facet normal -0.9458172417006345 -0.3246994692046837 -3.2748718816488266e-18
    outer loop
      vertex -5.359522624723416 -2.6148454038065307 -5.506852965019683
      vertex -5.561455821439544 -2.026634096921262 -5.930310998998029
      vertex -5.276842507238934 -2.8556843582224425 -19.703639527239616
    endloop
  endfacet
  facet normal -0.9458172417006346 -0.3246994692046836 -5.942321154245841e-18
    outer loop
      vertex -5.561455821439544 -2.026634096921262 -5.930310998998029
      vertex -5.878399540525051 -1.1034085835132752 -6.093239403571236
      vertex -5.276842507238934 -2.8556843582224425 -19.703639527239616
    endloop
  endfacet
  facet normal -1 0 0
    outer loop
      vertex -5.918167820416334 -0.9875675416844049 -6.0906535518690115
      vertex -5.918167820416334 -0.8664632346484664 -6.112734430301854
      vertex -5.918167820416334 -0.9875675416844049 -19.703639527239623
    endloop
  endfacet
  facet normal -1 0 0
    outer loop
      vertex -5.918167820416334 -0.8664632346484664 -6.112734430301854
      vertex -5.918167820416334 -4.204415987078032e-18 -6.298828119473505
      vertex -5.918167820416334 -0.9875675416844049 -19.703639527239623
    endloop
  endfacet
  facet normal -1 0 0
    outer loop
      vertex -5.918167820416334 -4.204415987078032e-18 -6.298828119473505
      vertex -5.918167820416334 0.8664632346484663 -6.112734430301854
      vertex -5.918167820416334 -0.9875675416844049 -19.703639527239623
    endloop
  endfacet
  facet normal -0.5469481581224268 -0.8371664782625287 2.358609239934762e-19
    outer loop
      vertex -2.7225581760478192 -5.290548242970743 -5.290548242970743
      vertex -2.4101725479178158 -5.494639959930345 -19.70363952723962
      vertex -2.4101725479178158 -5.494639959930345 -5.494639959930345
    endloop
  endfacet
  facet normal -0.546948158122427 -0.8371664782625285 -7.417154087756109e-18
    outer loop
      vertex -2.7915304235211837 -5.245486424686506 -5.265149423460215
      vertex -2.4101725479178158 -5.494639959930345 -19.70363952723962
      vertex -2.7225581760478192 -5.290548242970743 -5.290548242970743
    endloop
  endfacet
  facet normal -0.5469481581224268 -0.8371664782625288 3.4502555894278412e-18
    outer loop
      vertex -3.159286105912307 -5.005219645801215 -5.250993793825777
      vertex -2.4101725479178158 -5.494639959930345 -19.70363952723962
      vertex -2.7915304235211837 -5.245486424686506 -5.265149423460215
    endloop
  endfacet
  facet normal -0.24548548714079946 -0.9694002659393304 0
    outer loop
      vertex -2.4101725479178158 -5.494639959930345 -5.494639959930345
      vertex -2.4101725479178158 -5.494639959930345 -19.70363952723962
      vertex -0.4954760728339962 -5.9795069580400195 -19.703639527239623
    endloop
  endfacet
  facet normal -0.24548548714079962 -0.9694002659393303 -2.591307819734934e-17
    outer loop
      vertex -2.4101725479178158 -5.494639959930345 -5.494639959930345
      vertex -0.4954760728339962 -5.9795069580400195 -19.703639527239623
      vertex -2.129253112570339 -5.5657784223969005 -5.5657784223969005
    endloop
  endfacet
  facet normal -0.24548548714080906 -0.9694002659393279 -1.0850629472561828e-15
    outer loop
      vertex -1.9998260160334806 -5.59855381452224 -5.639584600977921
      vertex -0.4954760728339962 -5.9795069580400195 -19.703639527239623
      vertex -1.9316511070679239 -5.615818046157222 -5.699354402374482
    endloop
  endfacet
  facet normal -0.2454854871407986 -0.9694002659393306 5.685803071649513e-17
    outer loop
      vertex -1.9316511070679239 -5.615818046157222 -5.699354402374482
      vertex -0.4954760728339962 -5.9795069580400195 -19.703639527239623
      vertex -1.7276712655301167 -5.667472757349498 -5.940282724257573
    endloop
  endfacet
  facet normal -0.2454854871407978 -0.9694002659393308 2.0187203590284e-16
    outer loop
      vertex -1.9998260160334806 -5.59855381452224 -5.639584600977921
      vertex -2.129253112570339 -5.5657784223969005 -5.5657784223969005
      vertex -0.4954760728339962 -5.9795069580400195 -19.703639527239623
    endloop
  endfacet
  facet normal -0.24548548714079962 -0.9694002659393303 -3.641424444361959e-17
    outer loop
      vertex -1.7276712655301167 -5.667472757349498 -5.940282724257573
      vertex -0.4954760728339962 -5.9795069580400195 -19.703639527239623
      vertex -1.0880515412934275 -5.829446469453817 -5.884858914480814
    endloop
  endfacet
  facet normal -0.24548548714079865 -0.9694002659393304 2.582271415363124e-18
    outer loop
      vertex -1.0880515412934275 -5.829446469453817 -5.884858914480814
      vertex -0.4954760728339962 -5.9795069580400195 -19.703639527239623
      vertex -0.6700180711119689 -5.93530692119324 -5.93530692119324
    endloop
  endfacet
  facet normal -0.24548548714079893 -0.9694002659393305 6.735357664417934e-20
    outer loop
      vertex -0.6700180711119689 -5.93530692119324 -5.93530692119324
      vertex -0.4954760728339962 -5.9795069580400195 -19.703639527239623
      vertex -0.4954760728339962 -5.9795069580400195 -5.9795069580400195
    endloop
  endfacet
  facet normal 0 0 -1
    outer loop
      vertex -2.289994694911555 5.220662051586266 -20
      vertex -3.8610626628974267 -4.194232119563177 -20
      vertex -5.01372458079835 -2.713292057168634 -20
    endloop
  endfacet
  facet normal 0 0 -1
    outer loop
      vertex -3.8610626628974267 -4.194232119563177 -20
      vertex -0.4707702688032394 5.681352243401822 -20
      vertex -2.2899946949115537 -5.220662051586267 -20
    endloop
  endfacet
  facet normal 0 0 -1
    outer loop
      vertex -2.2899946949115537 -5.220662051586267 -20
      vertex -0.4707702688032394 5.681352243401822 -20
      vertex -0.47077026880324097 -5.681352243401822 -20
    endloop
  endfacet
  facet normal -0.7891405093963935 -0.6142127126896681 0
    outer loop
      vertex -5.276842507238934 -2.8556843582224425 -5.362757996018334
      vertex -5.276842507238934 -2.8556843582224425 -19.703639527239616
      vertex -4.0636894297544455 -4.41434346403879 -19.703639527239616
    endloop
  endfacet
  facet normal -0.5469481581224269 -0.8371664782625285 0
    outer loop
      vertex -4.0636894297544455 -4.41434346403879 -4.41434346403879
      vertex -4.0636894297544455 -4.41434346403879 -19.703639527239616
      vertex -2.4101725479178158 -5.494639959930345 -19.70363952723962
    endloop
  endfacet
  facet normal -0.7891405093963929 -0.6142127126896688 9.717015675788756e-17
    outer loop
      vertex -5.052094104700475 -3.144441111707021 -5.2308192110838
      vertex -5.222559508983956 -2.9254271558062177 -5.366952151644387
      vertex -4.0636894297544455 -4.41434346403879 -19.703639527239616
    endloop
  endfacet
  facet normal -0.7891405093963946 -0.6142127126896666 -2.6809710750632926e-16
    outer loop
      vertex -5.276842507238934 -2.8556843582224425 -5.362757996018334
      vertex -4.0636894297544455 -4.41434346403879 -19.703639527239616
      vertex -5.222559508983956 -2.9254271558062177 -5.366952151644387
    endloop
  endfacet
  facet normal -0.5469481581224286 -0.8371664782625275 -1.2733200447650086e-16
    outer loop
      vertex -3.159286105912307 -5.005219645801215 -5.250993793825777
      vertex -3.4438798364711043 -4.819285281748105 -4.90644874948098
      vertex -2.4101725479178158 -5.494639959930345 -19.70363952723962
    endloop
  endfacet
  facet normal -0.7891405093963938 -0.6142127126896676 -7.028870767060378e-17
    outer loop
      vertex -5.052094104700475 -3.144441111707021 -5.2308192110838
      vertex -4.0636894297544455 -4.41434346403879 -19.703639527239616
      vertex -4.566964389302447 -3.7677357827926654 -4.904967842912759
    endloop
  endfacet
  facet normal -0.7891405093963503 -0.6142127126897234 3.851524771758695e-15
    outer loop
      vertex -4.566964389302447 -3.7677357827926654 -4.904967842912759
      vertex -4.0636894297544455 -4.41434346403879 -19.703639527239616
      vertex -4.561255361357353 -3.775070742046472 -4.896277003639711
    endloop
  endfacet
  facet normal -0.7891405093963936 -0.6142127126896679 1.0266506197458416e-18
    outer loop
      vertex -4.561255361357353 -3.775070742046472 -4.896277003639711
      vertex -4.0636894297544455 -4.41434346403879 -19.703639527239616
      vertex -4.0636894297544455 -4.41434346403879 -4.41434346403879
    endloop
  endfacet
  facet normal -0.5469481581224268 -0.8371664782625284 2.7401312809260928e-17
    outer loop
      vertex -3.8212489354543275 -4.572737744334085 -4.572737744334085
      vertex -2.4101725479178158 -5.494639959930345 -19.70363952723962
      vertex -3.4438798364711043 -4.819285281748105 -4.90644874948098
    endloop
  endfacet
  facet normal -0.5469481581224257 -0.8371664782625294 1.9750974219616214e-16
    outer loop
      vertex -4.0636894297544455 -4.41434346403879 -4.41434346403879
      vertex -2.4101725479178158 -5.494639959930345 -19.70363952723962
      vertex -3.8212489354543275 -4.572737744334085 -4.572737744334085
    endloop
  endfacet
  facet normal -0.7891405093963927 -0.6142127126896691 -2.3340419350728963e-15
    outer loop
      vertex -4.561255361357353 -3.775070742046472 -4.896277003639711
      vertex -4.0636894297544455 -4.41434346403879 -4.41434346403879
      vertex -4.268917877011763 -4.150665949612127 -4.473949161673867
    endloop
  endfacet
  facet normal -0.7891405093963969 -0.6142127126896636 1.4131995078483774e-14
    outer loop
      vertex -4.268917877011763 -4.150665949612127 -4.473949161673867
      vertex -4.142169814582923 -4.313511863549822 -4.345754992482248
      vertex -4.285686014382344 -4.129122246277976 -4.444863841182258
    endloop
  endfacet
  facet normal -0.7891405093963836 -0.6142127126896807 -3.711411926655917e-14
    outer loop
      vertex -4.285686014382344 -4.129122246277976 -4.444863841182258
      vertex -4.142169814582923 -4.313511863549822 -4.345754992482248
      vertex -4.282013187213488 -4.133841094720992 -4.43524284471267
    endloop
  endfacet
  facet normal -0.7891405093963494 -0.6142127126897245 -1.7619818716567278e-13
    outer loop
      vertex -4.142169814582923 -4.313511863549822 -4.345754992482248
      vertex -4.2776509979557 -4.139445635593976 -4.428379902007986
      vertex -4.282013187213488 -4.133841094720992 -4.43524284471267
    endloop
  endfacet
  facet normal -0.7891405093963981 -0.6142127126896617 1.5298730596575848e-14
    outer loop
      vertex -4.2776509979557 -4.139445635593976 -4.428379902007986
      vertex -4.13984411657025 -4.316499920417591 -4.316499920417591
      vertex -4.288059521292915 -4.126072764536934 -4.399925283662416
    endloop
  endfacet
  facet normal -0.7891405093966166 -0.6142127126893813 6.046223642293385e-13
    outer loop
      vertex -4.268917877011763 -4.150665949612127 -4.473949161673867
      vertex -4.140866413500869 -4.31518647329428 -4.3467935411679735
      vertex -4.141328614981207 -4.314592636820201 -4.346718649279006
    endloop
  endfacet
  facet normal -0.7891405093963907 -0.6142127126896716 -4.8470387554761456e-15
    outer loop
      vertex -4.268917877011763 -4.150665949612127 -4.473949161673867
      vertex -4.141328614981207 -4.314592636820201 -4.346718649279006
      vertex -4.142169814582923 -4.313511863549822 -4.345754992482248
    endloop
  endfacet
  facet normal -0.789140509396393 -0.6142127126896684 1.830621321510912e-15
    outer loop
      vertex -4.0636894297544455 -4.41434346403879 -4.41434346403879
      vertex -4.140866413500869 -4.31518647329428 -4.3467935411679735
      vertex -4.268917877011763 -4.150665949612127 -4.473949161673867
    endloop
  endfacet
  facet normal -0.7891405093963948 -0.6142127126896666 -1.40018728920903e-15
    outer loop
      vertex -4.288241783609307 -4.125838593908046 -4.266790147797002
      vertex -4.288059521292915 -4.126072764536934 -4.399925283662416
      vertex -4.13984411657025 -4.316499920417591 -4.316499920417591
    endloop
  endfacet
  facet normal -0.7891405093963814 -0.6142127126896836 -3.967617231762629e-14
    outer loop
      vertex -4.2776509979557 -4.139445635593976 -4.428379902007986
      vertex -4.142169814582923 -4.313511863549822 -4.345754992482248
      vertex -4.13984411657025 -4.316499920417591 -4.316499920417591
    endloop
  endfacet
  facet normal -0.7891405093963945 -0.6142127126896666 1.730552202079867e-17
    outer loop
      vertex -4.288241783609307 -4.125838593908046 -4.266790147797002
      vertex -4.13984411657025 -4.316499920417591 -4.316499920417591
      vertex -4.197735563470928 -4.2421209879190425 -4.2421209879190425
    endloop
  endfacet
  facet normal -0.7891405093964062 -0.6142127126896516 -3.758004243305586e-14
    outer loop
      vertex -4.0636894297544455 -4.41434346403879 -4.41434346403879
      vertex -4.1127783936854865 -4.351273961890835 -4.351273961890835
      vertex -4.140866413500869 -4.31518647329428 -4.3467935411679735
    endloop
  endfacet
  facet normal -0.7891405093963931 -0.6142127126896686 -4.6158694260928555e-15
    outer loop
      vertex -4.246749889267513 -4.179147380848194 4.291623835470922
      vertex -4.1168674613662795 -4.346020327627149 4.37292608517727
      vertex -4.265030061961851 -4.155661014490369 4.430935649382079
    endloop
  endfacet
  facet normal -0.7891405093963952 -0.6142127126896658 -6.581662606616682e-15
    outer loop
      vertex -4.246749889267513 -4.179147380848194 4.291623835470922
      vertex -4.175090580616667 -4.271215262484982 4.271215262484982
      vertex -4.11591444423751 -4.347244764059225 4.350709232264709
    endloop
  endfacet
  facet normal -0.7891405093964284 -0.6142127126896231 1.8810486170324085e-13
    outer loop
      vertex -4.246749889267513 -4.179147380848194 4.291623835470922
      vertex -4.11591444423751 -4.347244764059225 4.350709232264709
      vertex -4.116252736767945 -4.346810125807235 4.354774852665693
    endloop
  endfacet
  facet normal -0.7891405093965268 -0.6142127126894966 5.416300638033516e-13
    outer loop
      vertex -4.246749889267513 -4.179147380848194 4.291623835470922
      vertex -4.117685385664228 -4.344969458467661 4.371989695997041
      vertex -4.1168674613662795 -4.346020327627149 4.37292608517727
    endloop
  endfacet
  facet normal -0.7891405093964298 -0.6142127126896213 1.6789712722666197e-13
    outer loop
      vertex -4.246749889267513 -4.179147380848194 4.291623835470922
      vertex -4.117676877622113 -4.344980389600394 4.371887461907348
      vertex -4.117685385664228 -4.344969458467661 4.371989695997041
    endloop
  endfacet
  facet normal -0.789140509396391 -0.6142127126896711 -1.6749082802118485e-14
    outer loop
      vertex -4.246749889267513 -4.179147380848194 4.291623835470922
      vertex -4.116252736767945 -4.346810125807235 4.354774852665693
      vertex -4.117676877622113 -4.344980389600394 4.371887461907348
    endloop
  endfacet
  facet normal -0.7891405093964197 -0.6142127126896345 4.113999672708594e-14
    outer loop
      vertex -4.175090580616667 -4.271215262484982 4.271215262484982
      vertex -4.115654013511773 -4.347579365462492 4.347579365462492
      vertex -4.11591444423751 -4.347244764059225 4.350709232264709
    endloop
  endfacet
  facet normal -0.7891405093964091 -0.6142127126896479 -5.798230006972777e-14
    outer loop
      vertex -4.255580881653927 -4.167801321598179 4.489009702000939
      vertex -4.100369383321595 -4.367217058732293 4.375102886594636
      vertex -4.0925190715524735 -4.377303139499454 4.377303139499454
    endloop
  endfacet
  facet normal -0.7891405093963832 -0.614212712689681 2.2518611774586634e-14
    outer loop
      vertex -4.255580881653927 -4.167801321598179 4.489009702000939
      vertex -4.1019274462604525 -4.365215259427525 4.374916775488043
      vertex -4.100369383321595 -4.367217058732293 4.375102886594636
    endloop
  endfacet
  facet normal -0.7891405093963926 -0.614212712689669 -6.380260773571712e-16
    outer loop
      vertex -4.2635962811790815 -4.157503136077731 4.475141217311441
      vertex -4.1168674613662795 -4.346020327627149 4.37292608517727
      vertex -4.255580881653927 -4.167801321598179 4.489009702000939
    endloop
  endfacet
  facet normal -0.7891405093963961 -0.6142127126896646 -1.3682755534010986e-14
    outer loop
      vertex -4.2635962811790815 -4.157503136077731 4.475141217311441
      vertex -4.256115234264802 -4.167114785349692 4.455379971190845
      vertex -4.1168674613662795 -4.346020327627149 4.37292608517727
    endloop
  endfacet
  facet normal -0.7891405093963908 -0.6142127126896713 9.926676646186704e-15
    outer loop
      vertex -4.265030061961851 -4.155661014490369 4.430935649382079
      vertex -4.1168674613662795 -4.346020327627149 4.37292608517727
      vertex -4.256115234264802 -4.167114785349692 4.455379971190845
    endloop
  endfacet
  facet normal -0.7891405093963948 -0.6142127126896664 -7.153716669054603e-15
    outer loop
      vertex -4.255580881653927 -4.167801321598179 4.489009702000939
      vertex -4.1168674613662795 -4.346020327627149 4.37292608517727
      vertex -4.1019274462604525 -4.365215259427525 4.374916775488043
    endloop
  endfacet
  facet normal -0.789140509396393 -0.6142127126896686 3.0302843131141937e-15
    outer loop
      vertex -4.0636894297544455 -4.41434346403879 4.41434346403879
      vertex -4.255580881653927 -4.167801321598179 4.489009702000939
      vertex -4.0925190715524735 -4.377303139499454 4.377303139499454
    endloop
  endfacet
  facet normal -0.5469481581224285 -0.8371664782625275 0
    outer loop
      vertex -4.0636894297544455 -4.41434346403879 4.41434346403879
      vertex -3.8977470385989568 -4.522759039140764 4.522759039140764
      vertex -4.0636894297544455 -4.41434346403879 19.700823445748515
    endloop
  endfacet
  facet normal -0.5469481581224181 -0.8371664782625343 1.6013077692294663e-16
    outer loop
      vertex -3.8792966535032356 -4.534813277344016 4.538101385810029
      vertex -4.0636894297544455 -4.41434346403879 19.700823445748515
      vertex -3.8977470385989568 -4.522759039140764 4.522759039140764
    endloop
  endfacet
  facet normal -0.5469481581224263 -0.837166478262529 2.0487191317936986e-17
    outer loop
      vertex -3.8792966535032356 -4.534813277344016 4.538101385810029
      vertex -3.4773997343309477 -4.797385639477498 4.8840542912002824
      vertex -4.0636894297544455 -4.41434346403879 19.700823445748515
    endloop
  endfacet
  facet normal -0.7891405093963935 -0.6142127126896681 0
    outer loop
      vertex -4.0636894297544455 -4.41434346403879 4.41434346403879
      vertex -4.0636894297544455 -4.41434346403879 19.700823445748515
      vertex -4.255580881653927 -4.167801321598179 4.489009702000939
    endloop
  endfacet
  facet normal -0.7891405093963936 -0.6142127126896679 -4.056766102998946e-17
    outer loop
      vertex -4.255580881653927 -4.167801321598179 4.489009702000939
      vertex -5.276842507238934 -2.8556843582224425 19.700823445748515
      vertex -4.996299613867161 -3.216125874995142 5.221124202812104
    endloop
  endfacet
  facet normal -0.5469481581224271 -0.8371664782625284 -2.5656137742772134e-17
    outer loop
      vertex -3.136759735799933 -5.019936857923369 5.266662621008072
      vertex -4.0636894297544455 -4.41434346403879 19.700823445748515
      vertex -3.4773997343309477 -4.797385639477498 4.8840542912002824
    endloop
  endfacet
  facet normal -0.9458172417006345 -0.3246994692046835 0
    outer loop
      vertex -5.276842507238934 -2.8556843582224425 5.437357924290734
      vertex -5.276842507238934 -2.8556843582224425 19.700823445748515
      vertex -5.5519838859125334 -2.054224902522722 5.7390667156433155
    endloop
  endfacet
  facet normal -0.7891405093963929 -0.6142127126896686 -8.971792531799405e-18
    outer loop
      vertex -5.223163601591956 -2.9246510176075913 5.457960637314885
      vertex -4.996299613867161 -3.216125874995142 5.221124202812104
      vertex -5.276842507238934 -2.8556843582224425 19.700823445748515
    endloop
  endfacet
  facet normal -0.789140509396392 -0.6142127126896698 0
    outer loop
      vertex -5.276842507238934 -2.8556843582224425 5.437357924290734
      vertex -5.223163601591956 -2.9246510176075913 5.457960637314885
      vertex -5.276842507238934 -2.8556843582224425 19.700823445748515
    endloop
  endfacet
  facet normal -0.9458172417006343 -0.32469946920468457 3.573009486244304e-17
    outer loop
      vertex -5.5519838859125334 -2.054224902522722 5.7390667156433155
      vertex -5.918167820416334 -0.9875675416844049 19.70082344574852
      vertex -5.903669996483616 -1.029798260066212 6.18574046506865
    endloop
  endfacet
  facet normal -0.9458172417006375 -0.3246994692046752 -7.513014951708164e-20
    outer loop
      vertex -5.903669996483616 -1.029798260066212 6.18574046506865
      vertex -5.918167820416334 -0.9875675416844049 19.70082344574852
      vertex -5.918167820416334 -0.9875675416844049 6.15298290245895
    endloop
  endfacet
  facet normal -0.9458172417006344 -0.3246994692046839 -2.016006496773192e-17
    outer loop
      vertex -5.5519838859125334 -2.054224902522722 5.7390667156433155
      vertex -5.276842507238934 -2.8556843582224425 19.700823445748515
      vertex -5.918167820416334 -0.9875675416844049 19.70082344574852
    endloop
  endfacet
  facet normal -1 0 0
    outer loop
      vertex -5.918167820416334 -0.9875675416844049 6.15298290245895
      vertex -5.918167820416334 -0.9875675416844049 19.70082344574852
      vertex -5.918167820416334 0.987567541684405 19.70082344574852
    endloop
  endfacet
  facet normal 0 0 1
    outer loop
      vertex -5.016201250551027 -2.714632363812901 20
      vertex -5.625849318227351 0.9387882110950042 20
      vertex -5.625849318227351 -0.9387882110950042 20
    endloop
  endfacet
  facet normal -0.5469481581224271 -0.8371664782625282 -4.50794853735715e-17
    outer loop
      vertex -2.7071496957429564 -5.300615105585335 5.300615105585334
      vertex -2.4101725479178158 -5.494639959930345 5.494639959930344
      vertex -4.0636894297544455 -4.41434346403879 19.700823445748515
    endloop
  endfacet
  facet normal -0.546948158122427 -0.8371664782625285 0
    outer loop
      vertex -2.4101725479178158 -5.494639959930345 5.494639959930344
      vertex -2.4101725479178158 -5.494639959930345 19.700823445748515
      vertex -4.0636894297544455 -4.41434346403879 19.700823445748515
    endloop
  endfacet
  facet normal -0.24548548714079935 -0.9694002659393304 0
    outer loop
      vertex -2.4101725479178158 -5.494639959930345 5.494639959930344
      vertex -2.127865923150736 -5.566129706466436 5.566129706466435
      vertex -2.4101725479178158 -5.494639959930345 19.700823445748515
    endloop
  endfacet
  facet normal -0.24548548714080604 -0.9694002659393287 -1.4354797685073945e-16
    outer loop
      vertex -2.127865923150736 -5.566129706466436 5.566129706466435
      vertex -2.070647809769798 -5.5806193006311196 5.615187405814625
      vertex -2.4101725479178158 -5.494639959930345 19.700823445748515
    endloop
  endfacet
  facet normal -0.24548548714079949 -0.9694002659393304 2.695116221218019e-17
    outer loop
      vertex -2.070647809769798 -5.5806193006311196 5.615187405814625
      vertex -1.7151301825358864 -5.6706485908790345 5.947520980915158
      vertex -2.4101725479178158 -5.494639959930345 19.700823445748515
    endloop
  endfacet
  facet normal -0.24548548714079915 -0.9694002659393304 4.097741757214756e-17
    outer loop
      vertex -1.7151301825358864 -5.6706485908790345 5.947520980915158
      vertex -1.0143517589526911 -5.848109789039928 5.940895911756397
      vertex -2.4101725479178158 -5.494639959930345 19.700823445748515
    endloop
  endfacet
  facet normal -0.24548548714079865 -0.9694002659393306 9.232866903242944e-17
    outer loop
      vertex -1.0143517589526911 -5.848109789039928 5.940895911756397
      vertex -0.6593989924860156 -5.937996037114775 5.937996037114775
      vertex -2.4101725479178158 -5.494639959930345 19.700823445748515
    endloop
  endfacet
  facet normal -0.24548548714079818 -0.9694002659393306 1.5595339264468967e-16
    outer loop
      vertex -0.6593989924860156 -5.937996037114775 5.937996037114775
      vertex -0.4954760728339947 -5.9795069580400195 5.9795069580400195
      vertex -2.4101725479178158 -5.494639959930345 19.700823445748515
    endloop
  endfacet
  facet normal 0.0825793454723322 -0.9965844930066698 9.354356566119645e-18
    outer loop
      vertex -0.4954760728339947 -5.9795069580400195 5.9795069580400195
      vertex -0.43709475520198926 -5.974669344138043 5.974669344138043
      vertex -0.49547607283399625 -5.9795069580400195 19.700823445748515
    endloop
  endfacet
  facet normal 0.08257934547233192 -0.99658449300667 8.265446432715416e-18
    outer loop
      vertex -0.43709475520198926 -5.974669344138043 5.974669344138043
      vertex -0.03238993691773812 -5.941134546799802 6.2381757018075445
      vertex -0.49547607283399625 -5.9795069580400195 19.700823445748515
    endloop
  endfacet
  facet normal -0.24548548714079943 -0.9694002659393303 -2.78079072362229e-17
    outer loop
      vertex -0.4954760728339947 -5.9795069580400195 5.9795069580400195
      vertex -0.49547607283399625 -5.9795069580400195 19.700823445748515
      vertex -2.4101725479178158 -5.494639959930345 19.700823445748515
    endloop
  endfacet
  facet normal -0.546948158122427 -0.8371664782625283 -2.401514406648031e-17
    outer loop
      vertex -3.136759735799933 -5.019936857923369 5.266662621008072
      vertex -2.7071496957429564 -5.300615105585335 5.300615105585334
      vertex -4.0636894297544455 -4.41434346403879 19.700823445748515
    endloop
  endfacet
  facet normal -0.7891405093963934 -0.6142127126896681 -2.413594412432371e-18
    outer loop
      vertex -4.255580881653927 -4.167801321598179 4.489009702000939
      vertex -4.0636894297544455 -4.41434346403879 19.700823445748515
      vertex -5.276842507238934 -2.8556843582224425 19.700823445748515
    endloop
  endfacet
  facet normal 0 0 1
    outer loop
      vertex -5.625849318227351 0.9387882110950042 20
      vertex -5.016201250551027 -2.714632363812901 20
      vertex -3.862969942995542 -4.1963039780505795 20
    endloop
  endfacet
  facet normal 0 0 1
    outer loop
      vertex -3.862969942995542 -4.1963039780505795 20
      vertex -5.016201250551027 2.714632363812901 20
      vertex -5.625849318227351 0.9387882110950042 20
    endloop
  endfacet
  facet normal 0 0 1
    outer loop
      vertex -2.2911259019619767 -5.223240943901499 20
      vertex -5.016201250551027 2.714632363812901 20
      vertex -3.862969942995542 -4.1963039780505795 20
    endloop
  endfacet
  facet normal 0 0 1
    outer loop
      vertex -3.8629699429955418 4.1963039780505795 20
      vertex -2.2911259019619767 -5.223240943901499 20
      vertex -0.4710028189695724 -5.684158706546891 20
    endloop
  endfacet
  facet normal 0 0 -1
    outer loop
      vertex -5.01372458079835 2.713292057168634 -20
      vertex -5.623071644417306 -0.9383246993157801 -20
      vertex -5.623071644417306 0.9383246993157801 -20
    endloop
  endfacet
  facet normal -1 0 0
    outer loop
      vertex -5.918167820416334 0.8664632346484663 -6.112734430301854
      vertex -5.918167820416334 0.9875675416844049 -19.70363952723963
      vertex -5.918167820416334 -0.9875675416844049 -19.703639527239623
    endloop
  endfacet
  facet normal -0.9458172417006345 0.32469946920468384 9.65552668225334e-18
    outer loop
      vertex -5.561455821439545 2.0266340969212595 -5.93031099899803
      vertex -5.276842507238934 2.8556843582224425 -19.703639527239616
      vertex -5.918167820416334 0.9875675416844049 -19.70363952723963
    endloop
  endfacet
  facet normal -1 0 0
    outer loop
      vertex -5.918167820416334 0.8664632346484663 -6.112734430301854
      vertex -5.918167820416334 0.9875675416844049 -6.0906535518690115
      vertex -5.918167820416334 0.9875675416844049 -19.70363952723963
    endloop
  endfacet
  facet normal -0.9458172417006357 0.3246994692046803 -7.748290986886327e-20
    outer loop
      vertex -5.903368898042564 1.0306753298615323 -6.108333858373632
      vertex -5.918167820416334 0.9875675416844049 -19.70363952723963
      vertex -5.918167820416334 0.9875675416844049 -6.0906535518690115
    endloop
  endfacet
  facet normal -0.9458172417006333 0.3246994692046872 -2.4319078967087908e-17
    outer loop
      vertex -5.903368898042564 1.0306753298615323 -6.108333858373632
      vertex -5.878399540525054 1.1034085835132683 -6.093239403571238
      vertex -5.918167820416334 0.9875675416844049 -19.70363952723963
    endloop
  endfacet
  facet normal -0.9458172417006345 0.3246994692046839 6.024463121813614e-18
    outer loop
      vertex -5.878399540525054 1.1034085835132683 -6.093239403571238
      vertex -5.561455821439545 2.0266340969212595 -5.93031099899803
      vertex -5.918167820416334 0.9875675416844049 -19.70363952723963
    endloop
  endfacet
  facet normal -0.9458172417006346 0.3246994692046837 3.0919131406000216e-19
    outer loop
      vertex -5.561455821439545 2.0266340969212595 -5.93031099899803
      vertex -5.276842507238934 2.8556843582224425 -5.362757996018331
      vertex -5.276842507238934 2.8556843582224425 -19.703639527239616
    endloop
  endfacet
  facet normal -0.7891405093963958 0.6142127126896652 0
    outer loop
      vertex -5.276842507238934 2.8556843582224425 -5.362757996018331
      vertex -5.222559508983957 2.925427155806217 -5.366952151644384
      vertex -5.276842507238934 2.8556843582224425 -19.703639527239616
    endloop
  endfacet
  facet normal -0.789140509396393 0.6142127126896686 -2.6577213852814178e-17
    outer loop
      vertex -5.222559508983957 2.925427155806217 -5.366952151644384
      vertex -5.052094104700461 3.1444411117070397 -5.230819211083784
      vertex -5.276842507238934 2.8556843582224425 -19.703639527239616
    endloop
  endfacet
  facet normal 0 0 -1
    outer loop
      vertex -3.8610626628974267 4.194232119563177 -20
      vertex -5.01372458079835 -2.713292057168634 -20
      vertex -5.623071644417306 -0.9383246993157801 -20
    endloop
  endfacet
  facet normal 0 0 -1
    outer loop
      vertex -5.623071644417306 -0.9383246993157801 -20
      vertex -5.01372458079835 2.713292057168634 -20
      vertex -3.8610626628974267 4.194232119563177 -20
    endloop
  endfacet
  facet normal 0 0 -1
    outer loop
      vertex -5.01372458079835 -2.713292057168634 -20
      vertex -3.8610626628974267 4.194232119563177 -20
      vertex -2.289994694911555 5.220662051586266 -20
    endloop
  endfacet
  facet normal 0 0 -1
    outer loop
      vertex -3.8610626628974267 -4.194232119563177 -20
      vertex -2.289994694911555 5.220662051586266 -20
      vertex -0.4707702688032394 5.681352243401822 -20
    endloop
  endfacet
  facet normal -0.7891405093963934 0.6142127126896681 -3.4980794725071555e-17
    outer loop
      vertex -4.561255361357356 3.77507074204647 -4.896277003639716
      vertex -4.0636894297544455 4.41434346403879 -19.70363952723962
      vertex -5.276842507238934 2.8556843582224425 -19.703639527239616
    endloop
  endfacet
  facet normal -0.5469481581224266 0.8371664782625288 3.0759509791275295e-17
    outer loop
      vertex -3.1596257604153166 5.004997738439126 -5.251787076225189
      vertex -2.7225581760478157 5.290548242970744 -5.290548242970745
      vertex -4.0636894297544455 4.41434346403879 -19.70363952723962
    endloop
  endfacet
  facet normal -0.24548548714079954 0.9694002659393304 0
    outer loop
      vertex -0.4954760728339947 5.9795069580400195 -5.9795069580400195
      vertex -0.4954760728339947 5.9795069580400195 -19.70363952723962
      vertex -2.410172547917817 5.494639959930344 -19.70363952723962
    endloop
  endfacet
  facet normal -0.5469481581224269 0.8371664782625285 5.12830845448886e-17
    outer loop
      vertex -2.4101725479178158 5.494639959930344 -5.494639959930345
      vertex -2.410172547917817 5.494639959930344 -19.70363952723962
      vertex -4.0636894297544455 4.41434346403879 -19.70363952723962
    endloop
  endfacet
  facet normal -0.5469481581224277 0.8371664782625281 1.7643820373225849e-16
    outer loop
      vertex -2.7225581760478157 5.290548242970744 -5.290548242970745
      vertex -2.4101725479178158 5.494639959930344 -5.494639959930345
      vertex -4.0636894297544455 4.41434346403879 -19.70363952723962
    endloop
  endfacet
  facet normal -0.24548548714080037 0.9694002659393302 2.301726919567923e-17
    outer loop
      vertex -2.4101725479178158 5.494639959930344 -5.494639959930345
      vertex -2.12925311257034 5.5657784223969 -5.5657784223969005
      vertex -2.410172547917817 5.494639959930344 -19.70363952723962
    endloop
  endfacet
  facet normal -0.24548548714079754 0.9694002659393308 -3.6120931758730266e-17
    outer loop
      vertex -2.12925311257034 5.5657784223969 -5.5657784223969005
      vertex -2.0777442950418905 5.578822226496505 -5.611164357603016
      vertex -2.410172547917817 5.494639959930344 -19.70363952723962
    endloop
  endfacet
  facet normal -0.2454854871407988 0.9694002659393305 -5.750423349091275e-18
    outer loop
      vertex -2.0777442950418905 5.578822226496505 -5.611164357603016
      vertex -1.7285153230524353 5.667259012955853 -5.943321840430134
      vertex -2.410172547917817 5.494639959930344 -19.70363952723962
    endloop
  endfacet
  facet normal -0.24548548714080032 0.96940026593933 7.656736189092414e-17
    outer loop
      vertex -1.7285153230524353 5.667259012955853 -5.943321840430134
      vertex -1.0246869255377178 5.845492569411513 -5.937685517983018
      vertex -2.410172547917817 5.494639959930344 -19.70363952723962
    endloop
  endfacet
  facet normal -0.24548548714079818 0.9694002659393307 -1.5394750221165369e-16
    outer loop
      vertex -1.0246869255377178 5.845492569411513 -5.937685517983018
      vertex -0.6700180711119583 5.935306921193241 -5.935306921193241
      vertex -2.410172547917817 5.494639959930344 -19.70363952723962
    endloop
  endfacet
  facet normal -0.24548548714080154 0.9694002659393298 2.975142575233336e-16
    outer loop
      vertex -0.6700180711119583 5.935306921193241 -5.935306921193241
      vertex -0.4954760728339947 5.9795069580400195 -5.9795069580400195
      vertex -2.410172547917817 5.494639959930344 -19.70363952723962
    endloop
  endfacet
  facet normal 0.08257934547233471 0.9965844930066697 -3.12826676070991e-17
    outer loop
      vertex -0.4337677383459194 5.974393659661436 -5.974393659661436
      vertex -0.029548231251431162 5.940899076354901 -6.238098552703028
      vertex -0.4954760728339947 5.9795069580400195 -19.70363952723962
    endloop
  endfacet
  facet normal 0.08257934547232781 0.9965844930066702 0
    outer loop
      vertex -0.4954760728339947 5.9795069580400195 -5.9795069580400195
      vertex -0.4337677383459194 5.974393659661436 -5.974393659661436
      vertex -0.4954760728339947 5.9795069580400195 -19.70363952723962
    endloop
  endfacet
  facet normal -0.9458172417006383 0.3246994692046729 1.6767111549178056e-14
    outer loop
      vertex -5.561455821439545 2.0266340969212595 -5.93031099899803
      vertex -5.35952262472342 2.614845403806519 -5.506852965019687
      vertex -5.276842507238934 2.8556843582224425 -5.362757996018331
    endloop
  endfacet
  facet normal -0.7891405093963937 0.6142127126896679 -3.4750272202251074e-18
    outer loop
      vertex -5.052094104700461 3.1444411117070397 -5.230819211083784
      vertex -4.566964389302447 3.7677357827926654 -4.904967842912759
      vertex -5.276842507238934 2.8556843582224425 -19.703639527239616
    endloop
  endfacet
  facet normal -0.7891405093963972 0.6142127126896634 4.474517615975817e-16
    outer loop
      vertex -4.566964389302447 3.7677357827926654 -4.904967842912759
      vertex -4.561255361357356 3.77507074204647 -4.896277003639716
      vertex -5.276842507238934 2.8556843582224425 -19.703639527239616
    endloop
  endfacet
  facet normal -0.7891405093963929 0.6142127126896686 1.607479537047837e-18
    outer loop
      vertex -4.561255361357356 3.77507074204647 -4.896277003639716
      vertex -4.0636894297544455 4.41434346403879 -4.41434346403879
      vertex -4.0636894297544455 4.41434346403879 -19.70363952723962
    endloop
  endfacet
  facet normal -0.5469481581224274 0.8371664782625283 3.3199670428647276e-17
    outer loop
      vertex -3.806246716999942 4.5825391828345925 -4.585550159670445
      vertex -3.4770297384926327 4.797627369823294 -4.878232995155448
      vertex -4.0636894297544455 4.41434346403879 -19.70363952723962
    endloop
  endfacet
  facet normal -0.5469481581224259 0.8371664782625292 0
    outer loop
      vertex -4.0636894297544455 4.41434346403879 -4.41434346403879
      vertex -3.821248935454325 4.572737744334087 -4.572737744334088
      vertex -4.0636894297544455 4.41434346403879 -19.70363952723962
    endloop
  endfacet
  facet normal -0.546948158122427 0.8371664782625284 2.6425857231156095e-17
    outer loop
      vertex -3.821248935454325 4.572737744334087 -4.572737744334088
      vertex -3.806246716999942 4.5825391828345925 -4.585550159670445
      vertex -4.0636894297544455 4.41434346403879 -19.70363952723962
    endloop
  endfacet
  facet normal -0.5469481581224255 0.8371664782625295 -6.591960760052266e-17
    outer loop
      vertex -3.4770297384926327 4.797627369823294 -4.878232995155448
      vertex -3.1596257604153166 5.004997738439126 -5.251787076225189
      vertex -4.0636894297544455 4.41434346403879 -19.70363952723962
    endloop
  endfacet
  facet normal -0.7891405093963934 0.614212712689668 1.193724675080199e-15
    outer loop
      vertex -4.561255361357356 3.77507074204647 -4.896277003639716
      vertex -4.268576560972384 4.151104472468486 -4.47345607654432
      vertex -4.0636894297544455 4.41434346403879 -4.41434346403879
    endloop
  endfacet
  facet normal -0.7891405093963888 0.614212712689674 -1.478748367236934e-14
    outer loop
      vertex -4.28546863530816 4.1294015349182 -4.444223784792874
      vertex -4.141214577756437 4.314739151849582 -4.34540893766657
      vertex -4.268576560972384 4.151104472468486 -4.47345607654432
    endloop
  endfacet
  facet normal -0.7891405093963894 0.6142127126896734 -2.25245444186982e-14
    outer loop
      vertex -4.141214577756437 4.314739151849582 -4.34540893766657
      vertex -4.277665347028652 4.139427199904669 -4.42834067479186
      vertex -4.288059521292916 4.126072764536934 -4.399925283662417
    endloop
  endfacet
  facet normal -0.7891405093964029 0.6142127126896557 4.0221956716653146e-14
    outer loop
      vertex -4.28546863530816 4.1294015349182 -4.444223784792874
      vertex -4.282017697616331 4.133835299755303 -4.43518813851907
      vertex -4.141214577756437 4.314739151849582 -4.34540893766657
    endloop
  endfacet
  facet normal -0.7891405093964148 0.6142127126896406 9.224694480653925e-14
    outer loop
      vertex -4.141214577756437 4.314739151849582 -4.34540893766657
      vertex -4.282017697616331 4.133835299755303 -4.43518813851907
      vertex -4.277665347028652 4.139427199904669 -4.42834067479186
    endloop
  endfacet
  facet normal -0.7891405093963948 0.6142127126896665 8.223939098513645e-15
    outer loop
      vertex -4.268576560972384 4.151104472468486 -4.47345607654432
      vertex -4.122665318307736 4.3385712408764805 -4.3482381264268595
      vertex -4.112778393685484 4.351273961890837 -4.351273961890837
    endloop
  endfacet
  facet normal -0.7891405093964123 0.6142127126896437 6.02701628929625e-14
    outer loop
      vertex -4.268576560972384 4.151104472468486 -4.47345607654432
      vertex -4.124695712583432 4.335962590257736 -4.347950973398745
      vertex -4.122665318307736 4.3385712408764805 -4.3482381264268595
    endloop
  endfacet
  facet normal -0.7891405093963759 0.6142127126896902 -4.837084569839996e-14
    outer loop
      vertex -4.268576560972384 4.151104472468486 -4.47345607654432
      vertex -4.141214577756437 4.314739151849582 -4.34540893766657
      vertex -4.124695712583432 4.335962590257736 -4.347950973398745
    endloop
  endfacet
  facet normal -0.7891405093963938 0.6142127126896676 4.078772240234487e-15
    outer loop
      vertex -4.268576560972384 4.151104472468486 -4.47345607654432
      vertex -4.112778393685484 4.351273961890837 -4.351273961890837
      vertex -4.0636894297544455 4.41434346403879 -4.41434346403879
    endloop
  endfacet
  facet normal -0.7891405093963927 0.6142127126896689 2.704294444695874e-15
    outer loop
      vertex -4.288241783609308 4.125838593908045 -4.266790147797001
      vertex -4.141214577756437 4.314739151849582 -4.34540893766657
      vertex -4.288059521292916 4.126072764536934 -4.399925283662417
    endloop
  endfacet
  facet normal -0.7891405093964636 0.6142127126895778 -3.414764581014521e-13
    outer loop
      vertex -4.288241783609308 4.125838593908045 -4.266790147797001
      vertex -4.142065485712227 4.313645905285633 -4.344443877927713
      vertex -4.141214577756437 4.314739151849582 -4.34540893766657
    endloop
  endfacet
  facet normal -0.7891405093956894 0.6142127126905726 3.4172041366232592e-12
    outer loop
      vertex -4.288241783609308 4.125838593908045 -4.266790147797001
      vertex -4.142056347624667 4.31365764590077 -4.344328930305323
      vertex -4.142065485712227 4.313645905285633 -4.344443877927713
    endloop
  endfacet
  facet normal -0.7891405093963891 0.6142127126896736 1.8031067694769054e-14
    outer loop
      vertex -4.288241783609308 4.125838593908045 -4.266790147797001
      vertex -4.1405495066808555 4.315593635184957 -4.3253745525234
      vertex -4.142056347624667 4.31365764590077 -4.344328930305323
    endloop
  endfacet
  facet normal -0.7891405093963887 0.614212712689674 2.0828046357535052e-14
    outer loop
      vertex -4.288241783609308 4.125838593908045 -4.266790147797001
      vertex -4.140117180112103 4.316149088371845 -4.31993537650316
      vertex -4.1405495066808555 4.315593635184957 -4.3253745525234
    endloop
  endfacet
  facet normal -0.7891405093963932 0.6142127126896684 -1.2587995263238723e-14
    outer loop
      vertex -4.288241783609308 4.125838593908045 -4.266790147797001
      vertex -4.197735563470929 4.242120987919042 -4.242120987919042
      vertex -4.140117180112103 4.316149088371845 -4.31993537650316
    endloop
  endfacet
  facet normal -0.7891405093964317 0.6142127126896189 -9.059239262482472e-14
    outer loop
      vertex -4.197735563470929 4.242120987919042 -4.242120987919042
      vertex -4.1398441165702495 4.316499920417591 -4.316499920417591
      vertex -4.140117180112103 4.316149088371845 -4.31993537650316
    endloop
  endfacet
  facet normal -0.7891405093963911 0.6142127126896709 6.608073784629995e-15
    outer loop
      vertex -4.255873185233997 4.167425769950828 4.489298610165809
      vertex -4.996299613867151 3.2161258749951553 5.221124202812091
      vertex -4.0636894297544455 4.41434346403879 4.41434346403879
    endloop
  endfacet
  facet normal -0.7891405093963937 0.6142127126896676 -5.981552629580497e-15
    outer loop
      vertex -4.246749889267513 4.179147380848194 4.291623835470922
      vertex -4.265030061961852 4.155661014490368 4.430935649382079
      vertex -4.115654013511772 4.347579365462492 4.347579365462492
    endloop
  endfacet
  facet normal -0.7891405093963929 0.6142127126896688 -1.155491930046087e-14
    outer loop
      vertex -4.246749889267513 4.179147380848194 4.291623835470922
      vertex -4.115654013511772 4.347579365462492 4.347579365462492
      vertex -4.175090580616667 4.271215262484981 4.271215262484981
    endloop
  endfacet
  facet normal -0.7891405093964042 0.614212712689654 -4.060605572871345e-14
    outer loop
      vertex -4.263757864325786 4.1572955340466 4.47563907391235
      vertex -4.255873185233997 4.167425769950828 4.489298610165809
      vertex -4.117769914721182 4.344860855533066 4.373004601293186
    endloop
  endfacet
  facet normal -0.7891405093963968 0.6142127126896637 -1.228758105915159e-14
    outer loop
      vertex -4.263757864325786 4.1572955340466 4.47563907391235
      vertex -4.117769914721182 4.344860855533066 4.373004601293186
      vertex -4.256103831718538 4.1671294353414305 4.455411236799086
    endloop
  endfacet
  facet normal -0.7891405093963897 0.614212712689673 1.966098150148103e-14
    outer loop
      vertex -4.265030061961852 4.155661014490368 4.430935649382079
      vertex -4.256103831718538 4.1671294353414305 4.455411236799086
      vertex -4.117769914721182 4.344860855533066 4.373004601293186
    endloop
  endfacet
  facet normal -0.7891405093956653 0.6142127126906035 2.3095418198794876e-12
    outer loop
      vertex -4.255873185233997 4.167425769950828 4.489298610165809
      vertex -4.116636578454169 4.346316965998692 4.373985223395985
      vertex -4.116959439509882 4.345902154105833 4.37393973106215
    endloop
  endfacet
  facet normal -0.789140509396438 0.6142127126896108 -1.3671581973687088e-13
    outer loop
      vertex -4.255873185233997 4.167425769950828 4.489298610165809
      vertex -4.116959439509882 4.345902154105833 4.37393973106215
      vertex -4.117769914721182 4.344860855533066 4.373004601293186
    endloop
  endfacet
  facet normal -0.7891405093963927 0.614212712689669 -9.583398435196425e-16
    outer loop
      vertex -4.265030061961852 4.155661014490368 4.430935649382079
      vertex -4.117769914721182 4.344860855533066 4.373004601293186
      vertex -4.115654013511772 4.347579365462492 4.347579365462492
    endloop
  endfacet
  facet normal -0.789140509396394 0.6142127126896673 -1.291775360513685e-14
    outer loop
      vertex -4.255873185233997 4.167425769950828 4.489298610165809
      vertex -4.0636894297544455 4.41434346403879 4.41434346403879
      vertex -4.116636578454169 4.346316965998692 4.373985223395985
    endloop
  endfacet
  facet normal -0.7891405093963965 0.6142127126896642 -4.4505839949026955e-15
    outer loop
      vertex -4.0636894297544455 4.41434346403879 4.41434346403879
      vertex -4.0925190715524735 4.377303139499453 4.377303139499453
      vertex -4.116636578454169 4.346316965998692 4.373985223395985
    endloop
  endfacet
  facet normal -0.7891405093963934 0.614212712689668 0
    outer loop
      vertex -4.0636894297544455 4.41434346403879 4.41434346403879
      vertex -4.996299613867151 3.2161258749951553 5.221124202812091
      vertex -4.0636894297544455 4.41434346403879 19.700823445748515
    endloop
  endfacet
  facet normal -0.5469481581224263 0.8371664782625289 0
    outer loop
      vertex -4.0636894297544455 4.41434346403879 4.41434346403879
      vertex -4.0636894297544455 4.41434346403879 19.700823445748515
      vertex -3.8977470385989585 4.522759039140762 4.522759039140762
    endloop
  endfacet
  facet normal -0.5469481581224273 0.8371664782625283 3.276717307563313e-17
    outer loop
      vertex -3.8977470385989585 4.522759039140762 4.522759039140762
      vertex -2.410172547917817 5.494639959930344 19.700823445748515
      vertex -3.4396197514548965 4.822068534199751 4.9153067975114775
    endloop
  endfacet
  facet normal -0.5469481581224273 0.8371664782625284 2.7581832515846742e-17
    outer loop
      vertex -3.4396197514548965 4.822068534199751 4.9153067975114775
      vertex -2.410172547917817 5.494639959930344 19.700823445748515
      vertex -3.136355822808319 5.020200747451368 5.265709371644335
    endloop
  endfacet
  facet normal -1 0 0
    outer loop
      vertex -5.918167820416334 -0.9875675416844049 6.15298290245895
      vertex -5.918167820416334 0.987567541684405 19.70082344574852
      vertex -5.918167820416334 0.9875675416844049 6.15298290245895
    endloop
  endfacet
  facet normal -0.9458172417006372 0.32469946920467585 1.2378112044793716e-15
    outer loop
      vertex -5.918167820416334 0.9875675416844049 6.15298290245895
      vertex -5.276842507238934 2.8556843582224425 19.700823445748515
      vertex -5.903669996483616 1.0297982600662117 6.18574046506865
    endloop
  endfacet
  facet normal -0.9458172417006345 0.32469946920468395 4.729501975089051e-18
    outer loop
      vertex -5.903669996483616 1.0297982600662117 6.18574046506865
      vertex -5.276842507238934 2.8556843582224425 19.700823445748515
      vertex -5.551983885912536 2.0542249025227157 5.739066715643316
    endloop
  endfacet
  facet normal -0.9458172417006344 0.3246994692046841 1.1406121703604964e-18
    outer loop
      vertex -5.551983885912536 2.0542249025227157 5.739066715643316
      vertex -5.276842507238934 2.8556843582224425 19.700823445748515
      vertex -5.276842507238934 2.8556843582224425 5.437357924290734
    endloop
  endfacet
  facet normal -0.9458172417006346 0.3246994692046839 -2.6608582057246172e-18
    outer loop
      vertex -5.918167820416334 0.9875675416844049 6.15298290245895
      vertex -5.918167820416334 0.987567541684405 19.70082344574852
      vertex -5.276842507238934 2.8556843582224425 19.700823445748515
    endloop
  endfacet
  facet normal -0.789140509396392 0.6142127126896699 -3.0152296146746354e-16
    outer loop
      vertex -5.276842507238934 2.8556843582224425 5.437357924290734
      vertex -4.0636894297544455 4.41434346403879 19.700823445748515
      vertex -5.223163601591956 2.9246510176075913 5.457960637314886
    endloop
  endfacet
  facet normal -0.7891405093963938 0.6142127126896677 6.121586399461624e-17
    outer loop
      vertex -5.223163601591956 2.9246510176075913 5.457960637314886
      vertex -4.0636894297544455 4.41434346403879 19.700823445748515
      vertex -4.996299613867151 3.2161258749951553 5.221124202812091
    endloop
  endfacet
  facet normal -0.7891405093963935 0.614212712689668 0
    outer loop
      vertex -5.276842507238934 2.8556843582224425 5.437357924290734
      vertex -5.276842507238934 2.8556843582224425 19.700823445748515
      vertex -4.0636894297544455 4.41434346403879 19.700823445748515
    endloop
  endfacet
  facet normal -0.5469481581224269 0.8371664782625287 -9.780203290090611e-18
    outer loop
      vertex -3.8977470385989585 4.522759039140762 4.522759039140762
      vertex -4.0636894297544455 4.41434346403879 19.700823445748515
      vertex -2.410172547917817 5.494639959930344 19.700823445748515
    endloop
  endfacet
  facet normal 0 0 1
    outer loop
      vertex -2.2911259019619767 -5.223240943901499 20
      vertex -3.8629699429955418 4.1963039780505795 20
      vertex -5.016201250551027 2.714632363812901 20
    endloop
  endfacet
  facet normal 0 0 1
    outer loop
      vertex -3.8629699429955418 4.1963039780505795 20
      vertex -0.4710028189695724 -5.684158706546891 20
      vertex -2.291125901961978 5.223240943901497 20
    endloop
  endfacet
  facet normal 0 0 1
    outer loop
      vertex -0.4710028189695724 -5.684158706546891 20
      vertex -0.47100281896957086 5.684158706546891 20
      vertex -2.291125901961978 5.223240943901497 20
    endloop
  endfacet
  facet normal -0.5469481581224269 0.8371664782625283 1.6032827973284312e-17
    outer loop
      vertex -3.136355822808319 5.020200747451368 5.265709371644335
      vertex -2.410172547917817 5.494639959930344 19.700823445748515
      vertex -2.776659808590147 5.255201882313953 5.27572200510728
    endloop
  endfacet
  facet normal -0.5469481581224265 0.8371664782625289 -4.4028523942064964e-18
    outer loop
      vertex -2.776659808590147 5.255201882313953 5.27572200510728
      vertex -2.410172547917817 5.494639959930344 19.700823445748515
      vertex -2.707149695742957 5.300615105585335 5.300615105585335
    endloop
  endfacet
  facet normal -0.5469481581224266 0.8371664782625288 5.3455946759574063e-20
    outer loop
      vertex -2.707149695742957 5.300615105585335 5.300615105585335
      vertex -2.410172547917817 5.494639959930344 19.700823445748515
      vertex -2.410172547917817 5.494639959930344 5.494639959930344
    endloop
  endfacet
  facet normal -0.2454854871407979 0.9694002659393308 0
    outer loop
      vertex -2.410172547917817 5.494639959930344 5.494639959930344
      vertex -2.410172547917817 5.494639959930344 19.700823445748515
      vertex -2.1278659231507393 5.566129706466434 5.566129706466434
    endloop
  endfacet
  facet normal -0.2454854871407996 0.9694002659393303 -2.201860651398865e-17
    outer loop
      vertex -2.1278659231507393 5.566129706466434 5.566129706466434
      vertex -0.4954760728339947 5.9795069580400195 19.700823445748515
      vertex -1.995125505436984 5.5997441454661585 5.640966909083041
    endloop
  endfacet
  facet normal -0.24548548714080645 0.9694002659393285 7.562555535837962e-16
    outer loop
      vertex -1.995125505436984 5.5997441454661585 5.640966909083041
      vertex -0.4954760728339947 5.9795069580400195 19.700823445748515
      vertex -1.9225208088677084 5.61813015167253 5.703075063374248
    endloop
  endfacet
  facet normal -0.24548548714080065 0.9694002659393302 1.1857379030261033e-16
    outer loop
      vertex -1.9225208088677084 5.61813015167253 5.703075063374248
      vertex -0.4954760728339947 5.9795069580400195 19.700823445748515
      vertex -1.7143289689949965 5.670851485703081 5.944613184446625
    endloop
  endfacet
  facet normal -0.2454854871407995 0.9694002659393303 1.7728827452132505e-17
    outer loop
      vertex -1.7143289689949965 5.670851485703081 5.944613184446625
      vertex -0.4954760728339947 5.9795069580400195 19.700823445748515
      vertex -1.0767573888094113 5.832306537293487 5.887924851679104
    endloop
  endfacet
  facet normal -0.24548548714080004 0.96940026593933 4.36244107022862e-17
    outer loop
      vertex -1.0767573888094113 5.832306537293487 5.887924851679104
      vertex -0.4954760728339947 5.9795069580400195 19.700823445748515
      vertex -0.6593989924860166 5.937996037114775 5.937996037114775
    endloop
  endfacet
  facet normal -0.24548548714079668 0.969400265939331 -1.5907040042722797e-19
    outer loop
      vertex -0.6593989924860166 5.937996037114775 5.937996037114775
      vertex -0.4954760728339947 5.9795069580400195 19.700823445748515
      vertex -0.4954760728339947 5.9795069580400195 5.9795069580400195
    endloop
  endfacet
  facet normal -0.2454854871407995 0.9694002659393303 -3.440789708726489e-17
    outer loop
      vertex -2.1278659231507393 5.566129706466434 5.566129706466434
      vertex -2.410172547917817 5.494639959930344 19.700823445748515
      vertex -0.4954760728339947 5.9795069580400195 19.700823445748515
    endloop
  endfacet
  facet normal 0.08257934547233253 -0.9965844930066698 0
    outer loop
      vertex -0.4954760728339962 -5.9795069580400195 -5.9795069580400195
      vertex -0.4954760728339962 -5.9795069580400195 -19.703639527239623
      vertex 1.4729129228447957 -5.816401595635982 -19.70363952723962
    endloop
  endfacet
  facet normal 0.4016954246529696 -0.9157733266550574 -7.373130747788468e-18
    outer loop
      vertex 1.4757021438080593 -5.815178129886678 -5.868667264420651
      vertex 1.4729129228447957 -5.816401595635982 -19.70363952723962
      vertex 3.2816889487345593 -5.022998869575172 -19.70363952723962
    endloop
  endfacet
  facet normal 0.08257934547232826 -0.9965844930066702 -5.427354479956752e-16
    outer loop
      vertex -0.23134151703950992 -5.9576201447420045 -6.0504811773009886
      vertex 1.4729129228447957 -5.816401595635982 -19.70363952723962
      vertex -0.029526229738539033 -5.940897253257567 -6.236866225161036
    endloop
  endfacet
  facet normal 0.08257934547233757 -0.9965844930066694 7.262634537042866e-16
    outer loop
      vertex -0.4954760728339962 -5.9795069580400195 -5.9795069580400195
      vertex 1.4729129228447957 -5.816401595635982 -19.70363952723962
      vertex -0.4337677383459176 -5.974393659661435 -5.974393659661435
    endloop
  endfacet
  facet normal 0.08257934547233056 -0.99658449300667 -2.5370342100988596e-16
    outer loop
      vertex -0.4337677383459176 -5.974393659661435 -5.974393659661435
      vertex 1.4729129228447957 -5.816401595635982 -19.70363952723962
      vertex -0.26338923528337627 -5.960275694386848 -6.02415602794956
    endloop
  endfacet
  facet normal 0.0825793454723311 -0.99658449300667 -1.8592685950161e-16
    outer loop
      vertex -0.26338923528337627 -5.960275694386848 -6.02415602794956
      vertex 1.4729129228447957 -5.816401595635982 -19.70363952723962
      vertex -0.23134151703950992 -5.9576201447420045 -6.0504811773009886
    endloop
  endfacet
  facet normal 0.08257934547233294 -0.9965844930066697 -1.6263416052230928e-17
    outer loop
      vertex -0.029526229738539033 -5.940897253257567 -6.236866225161036
      vertex 1.4729129228447957 -5.816401595635982 -19.70363952723962
      vertex 0.6239076703868591 -5.886752176587757 -6.044504916000427
    endloop
  endfacet
  facet normal 0.08257934547233349 -0.9965844930066698 1.631900565391162e-17
    outer loop
      vertex 0.6239076703868591 -5.886752176587757 -6.044504916000427
      vertex 1.4729129228447957 -5.816401595635982 -19.70363952723962
      vertex 1.4499715066288668 -5.8183025755816 -5.872011053281093
    endloop
  endfacet
  facet normal 0.4016954246529389 -0.9157733266550709 0
    outer loop
      vertex 1.4729129228447957 -5.816401595635982 -5.868493504904786
      vertex 1.4729129228447957 -5.816401595635982 -19.70363952723962
      vertex 1.4757021438080593 -5.815178129886678 -5.868667264420651
    endloop
  endfacet
  facet normal 0.08257934547232351 -0.9965844930066705 0
    outer loop
      vertex 1.4729129228447957 -5.816401595635982 -5.868493504904786
      vertex 1.4499715066288668 -5.8183025755816 -5.872011053281093
      vertex 1.4729129228447957 -5.816401595635982 -19.70363952723962
    endloop
  endfacet
  facet normal 0.40169542465297003 -0.9157733266550573 5.671197025124473e-17
    outer loop
      vertex 1.4757021438080593 -5.815178129886678 -5.868667264420651
      vertex 3.2816889487345593 -5.022998869575172 -19.70363952723962
      vertex 1.7033981563239764 -5.715301398628899 -5.986767945196103
    endloop
  endfacet
  facet normal 0.4016954246529694 -0.9157733266550574 -1.4050079757323748e-17
    outer loop
      vertex 1.7033981563239764 -5.715301398628899 -5.986767945196103
      vertex 3.2816889487345593 -5.022998869575172 -19.70363952723962
      vertex 2.8745758210509083 -5.201575244259518 -5.414684784608397
    endloop
  endfacet
  facet normal 0.40169542465297026 -0.9157733266550572 1.3559400785278402e-17
    outer loop
      vertex 2.8745758210509083 -5.201575244259518 -5.414684784608397
      vertex 3.2816889487345593 -5.022998869575172 -19.70363952723962
      vertex 3.1750050729927377 -5.069794756201686 -5.268294786756679
    endloop
  endfacet
  facet normal 0.40169542465296976 -0.9157733266550574 9.644703918308069e-18
    outer loop
      vertex 3.1750050729927377 -5.069794756201686 -5.268294786756679
      vertex 3.2816889487345593 -5.022998869575172 -19.70363952723962
      vertex 3.2651753616927626 -5.030242400442715 -5.0629063617260295
    endloop
  endfacet
  facet normal 0 0 -1
    outer loop
      vertex 3.118054883433298 4.772538287273738 -20
      vertex 1.3994694206832647 -5.526379764381781 -20
      vertex -0.47077026880324097 -5.681352243401822 -20
    endloop
  endfacet
  facet normal 0 0 -1
    outer loop
      vertex 4.498750717956888 3.5015182331780554 -20
      vertex 3.118054883433296 -4.772538287273739 -20
      vertex 1.3994694206832647 -5.526379764381781 -20
    endloop
  endfacet
  facet normal 0 0 -1
    outer loop
      vertex 5.39193710688017 1.8510543468641578 -20
      vertex 4.498750717956888 -3.501518233178055 -20
      vertex 3.118054883433296 -4.772538287273739 -20
    endloop
  endfacet
  facet normal 0.677281571625741 -0.7357239106731318 0
    outer loop
      vertex 3.2816889487345593 -5.022998869575172 -5.034993413356525
      vertex 3.2816889487345593 -5.022998869575172 -19.70363952723962
      vertex 4.734843056378361 -3.6852762761380067 -19.703639527239616
    endloop
  endfacet
  facet normal 0 0 -1
    outer loop
      vertex 4.498750717956888 -3.501518233178055 -20
      vertex 5.700823445748517 2.946522847009941e-17 -20
      vertex 5.391937106880169 -1.8510543468641607 -20
    endloop
  endfacet
  facet normal 0 0 -1
    outer loop
      vertex 4.498750717956888 -3.501518233178055 -20
      vertex 5.39193710688017 1.8510543468641578 -20
      vertex 5.700823445748517 2.946522847009941e-17 -20
    endloop
  endfacet
  facet normal 0.9863613034027223 -0.16459459028073412 -1.2038917069563332e-17
    outer loop
      vertex 5.686340838888558 -1.8796563024969581 -5.72890424376557
      vertex 5.674903450203807 -1.9481968152281037 -19.703639527239623
      vertex 6 -1.832722907144553e-33 -19.70363952723962
    endloop
  endfacet
  facet normal 0.8794737512064889 -0.47594739303707395 2.1387837830746758e-17
    outer loop
      vertex 4.9036107671403135 -3.373420861363659 -4.9036107671403135
      vertex 4.734843056378361 -3.6852762761380067 -19.703639527239616
      vertex 5.674903450203807 -1.9481968152281037 -19.703639527239623
    endloop
  endfacet
  facet normal 0.8794737512064887 -0.47594739303707423 -2.162877034690078e-17
    outer loop
      vertex 5.0249545398585775 -3.1491972086252855 -5.252393695321187
      vertex 5.674903450203807 -1.9481968152281037 -19.703639527239623
      vertex 5.519624921172758 -2.2351264053606106 -5.551823828776467
    endloop
  endfacet
  facet normal 0.8794737512064892 -0.4759473930370733 7.633179562835436e-20
    outer loop
      vertex 5.519624921172758 -2.2351264053606106 -5.551823828776467
      vertex 5.674903450203807 -1.9481968152281037 -19.703639527239623
      vertex 5.674903450203807 -1.9481968152281037 -5.685566586252583
    endloop
  endfacet
  facet normal 0.986361303402722 -0.16459459028073653 4.1976702011355644e-21
    outer loop
      vertex 5.686340838888558 -1.8796563024969581 -5.72890424376557
      vertex 5.674903450203807 -1.9481968152281037 -5.685566586252583
      vertex 5.674903450203807 -1.9481968152281037 -19.703639527239623
    endloop
  endfacet
  facet normal 0.9863613034027231 -0.16459459028072898 6.903385518086781e-16
    outer loop
      vertex 5.711751592936164 -1.7273780019763083 -5.956773827035906
      vertex 5.690633339008062 -1.8539327595451003 -5.760087666426262
      vertex 6 -1.832722907144553e-33 -19.70363952723962
    endloop
  endfacet
  facet normal 0.9863613034027228 -0.16459459028073206 2.7480972183190874e-16
    outer loop
      vertex 5.686340838888558 -1.8796563024969581 -5.72890424376557
      vertex 6 -1.832722907144553e-33 -19.70363952723962
      vertex 5.690633339008062 -1.8539327595451003 -5.760087666426262
    endloop
  endfacet
  facet normal 0.986361303402722 -0.16459459028073686 -3.2045263703201717e-16
    outer loop
      vertex 5.711751592936164 -1.7273780019763083 -5.956773827035906
      vertex 6 -1.832722907144553e-33 -19.70363952723962
      vertex 5.758901351088364 -1.444824992021335 -6.0092288999864705
    endloop
  endfacet
  facet normal 0.9863613034027223 -0.16459459028073387 1.3233632778737944e-18
    outer loop
      vertex 5.758901351088364 -1.444824992021335 -6.0092288999864705
      vertex 6 -1.832722907144553e-33 -19.70363952723962
      vertex 6 -2.517115210034559e-17 -6.298172527419015
    endloop
  endfacet
  facet normal 0.40169542465296254 -0.9157733266550604 -1.4462189764940133e-20
    outer loop
      vertex 3.2651753616927626 -5.030242400442715 -5.0629063617260295
      vertex 3.2816889487345593 -5.022998869575172 -19.70363952723962
      vertex 3.2816889487345593 -5.022998869575172 -5.034993413356525
    endloop
  endfacet
  facet normal 0.677281571625741 -0.7357239106731317 1.0655136110642124e-18
    outer loop
      vertex 3.2816889487345593 -5.022998869575172 -5.034993413356525
      vertex 4.734843056378361 -3.6852762761380067 -19.703639527239616
      vertex 4.734843056378361 -3.6852762761380067 -4.734843056378361
    endloop
  endfacet
  facet normal 0.8794737512064893 -0.47594739303707323 0
    outer loop
      vertex 4.734843056378361 -3.6852762761380067 -4.734843056378361
      vertex 4.734843056378361 -3.6852762761380067 -19.703639527239616
      vertex 4.9036107671403135 -3.373420861363659 -4.9036107671403135
    endloop
  endfacet
  facet normal 0.6772815716257726 -0.7357239106731026 -9.825984666280659e-14
    outer loop
      vertex 3.2816889487345593 -5.022998869575172 -5.034993413356525
      vertex 4.049004151598086 -4.316635464786196 -4.492092415694335
      vertex 4.05003147617124 -4.315689745894392 -4.49034369642511
    endloop
  endfacet
  facet normal 0.6772815716257423 -0.7357239106731304 -4.4762874096820745e-15
    outer loop
      vertex 3.2816889487345593 -5.022998869575172 -5.034993413356525
      vertex 4.274337959913959 -4.109201081286335 -4.380028012968275
      vertex 4.049004151598086 -4.316635464786196 -4.492092415694335
    endloop
  endfacet
  facet normal 0.6772815716257399 -0.7357239106731327 3.670506927573061e-15
    outer loop
      vertex 3.2816889487345593 -5.022998869575172 -5.034993413356525
      vertex 4.435046143900389 -3.9612587759671247 -4.435046143900389
      vertex 4.274337959913959 -4.109201081286335 -4.380028012968275
    endloop
  endfacet
  facet normal 0.677281571625741 -0.7357239106731317 7.007837785234773e-18
    outer loop
      vertex 3.2816889487345593 -5.022998869575172 -5.034993413356525
      vertex 4.734843056378361 -3.6852762761380067 -4.734843056378361
      vertex 4.435046143900389 -3.9612587759671247 -4.435046143900389
    endloop
  endfacet
  facet normal 0.6772815716257404 -0.7357239106731323 4.55680672386429e-15
    outer loop
      vertex 4.274337959913959 -4.109201081286335 -4.380028012968275
      vertex 4.13367142737538 -4.238693746742466 -4.431993017370765
      vertex 4.049004151598086 -4.316635464786196 -4.492092415694335
    endloop
  endfacet
  facet normal 0.677281571625794 -0.7357239106730828 -2.678520717770404e-13
    outer loop
      vertex 4.274337959913959 -4.109201081286335 -4.380028012968275
      vertex 4.1348041644536515 -4.237650988803678 -4.430064864177994
      vertex 4.13367142737538 -4.238693746742466 -4.431993017370765
    endloop
  endfacet
  facet normal 0.6772815716257578 -0.7357239106731164 -1.5338344314769428e-15
    outer loop
      vertex 4.138510447463966 -4.234239114939448 -4.28231774625461
      vertex 4.120674814663689 -4.25065797157666 -4.400118363297518
      vertex 4.1348041644536515 -4.237650988803678 -4.430064864177994
    endloop
  endfacet
  facet normal 0.677281571625743 -0.7357239106731299 -8.894481312111512e-16
    outer loop
      vertex 4.274337959913959 -4.109201081286335 -4.380028012968275
      vertex 4.138510447463966 -4.234239114939448 -4.28231774625461
      vertex 4.1348041644536515 -4.237650988803678 -4.430064864177994
    endloop
  endfacet
  facet normal 0.6772815716257418 -0.7357239106731309 -4.0135337711780136e-15
    outer loop
      vertex 4.274337959913959 -4.109201081286335 -4.380028012968275
      vertex 4.267072948742796 -4.115888995206901 -4.2721053647083265
      vertex 4.138510447463966 -4.234239114939448 -4.28231774625461
    endloop
  endfacet
  facet normal 0.8794737512064864 -0.47594739303707845 -5.41355794752045e-16
    outer loop
      vertex 4.904631937400763 -3.3715339039966956 -4.905438562358463
      vertex 5.674903450203807 -1.9481968152281037 -19.703639527239623
      vertex 4.945781986254062 -3.295495273768247 -4.994568312360962
    endloop
  endfacet
  facet normal 0.8794737512064671 -0.4759473930371142 -4.9901248280714345e-15
    outer loop
      vertex 4.9036107671403135 -3.373420861363659 -4.9036107671403135
      vertex 5.674903450203807 -1.9481968152281037 -19.703639527239623
      vertex 4.904631937400763 -3.3715339039966956 -4.905438562358463
    endloop
  endfacet
  facet normal 0.8794737512064895 -0.47594739303707256 1.5164239646481932e-16
    outer loop
      vertex 4.945781986254062 -3.295495273768247 -4.994568312360962
      vertex 5.674903450203807 -1.9481968152281037 -19.703639527239623
      vertex 5.0249545398585775 -3.1491972086252855 -5.252393695321187
    endloop
  endfacet
  facet normal 0.4016954246529447 -0.9157733266550683 -3.728794369826002e-15
    outer loop
      vertex 3.270004295519796 -5.028124233678285 5.028124233678286
      vertex 3.281688948734561 -5.02299886957517 5.022998869575171
      vertex 1.4729129228447957 -5.816401595635982 19.700823445748515
    endloop
  endfacet
  facet normal 0.40169542465298863 -0.9157733266550491 2.69404639708928e-15
    outer loop
      vertex 3.270004295519796 -5.028124233678285 5.028124233678286
      vertex 1.4729129228447957 -5.816401595635982 19.700823445748515
      vertex 3.251819962941637 -5.0361006214856205 5.060909374277274
    endloop
  endfacet
  facet normal 0.6772815716257435 -0.7357239106731291 -7.072877056038313e-18
    outer loop
      vertex 3.281688948734561 -5.02299886957517 5.022998869575171
      vertex 3.3471200927532503 -4.962765258282446 4.962765258282447
      vertex 3.2816889487345593 -5.022998869575172 19.700823445748515
    endloop
  endfacet
  facet normal 0.6772815716256976 -0.7357239106731717 -1.40578508077723e-13
    outer loop
      vertex 3.3471200927532503 -4.962765258282446 4.962765258282447
      vertex 4.009641852453822 -4.352871013801912 4.514284206010073
      vertex 4.00819248160549 -4.354205253659808 4.5163891883521865
    endloop
  endfacet
  facet normal 0.6772815716257423 -0.7357239106731305 3.592378095736673e-15
    outer loop
      vertex 4.092752625142318 -4.276362157790975 4.286740767166589
      vertex 4.223841859283708 -4.155686016599281 4.278195888932956
      vertex 4.079754070001471 -4.288328170757173 4.430338958649518
    endloop
  endfacet
  facet normal 0.6772815716257246 -0.7357239106731466 -2.71993368481192e-14
    outer loop
      vertex 4.223841859283708 -4.155686016599281 4.278195888932956
      vertex 4.092257473261308 -4.276817977208149 4.458209518095588
      vertex 4.079754070001471 -4.288328170757173 4.430338958649518
    endloop
  endfacet
  facet normal 0.6772815716257213 -0.7357239106731499 -7.249237990946769e-16
    outer loop
      vertex 4.223841859283708 -4.155686016599281 4.278195888932956
      vertex 4.250155705015484 -4.131462415144726 4.430935649382078
      vertex 4.232632281623125 -4.147593862775102 4.469690963422538
    endloop
  endfacet
  facet normal 0.6772815716257398 -0.7357239106731328 -3.8822001212980426e-17
    outer loop
      vertex 3.3471200927532503 -4.962765258282446 4.962765258282447
      vertex 4.00819248160549 -4.354205253659808 4.5163891883521865
      vertex 3.2816889487345593 -5.022998869575172 19.700823445748515
    endloop
  endfacet
  facet normal 0.6772815716257437 -0.7357239106731294 2.7551322653735587e-16
    outer loop
      vertex 3.2816889487345593 -5.022998869575172 19.700823445748515
      vertex 4.00819248160549 -4.354205253659808 4.5163891883521865
      vertex 4.090732899249831 -4.27822144645466 4.460423721159695
    endloop
  endfacet
  facet normal 0.6772815716257453 -0.7357239106731277 5.188518323748509e-16
    outer loop
      vertex 4.223841859283708 -4.155686016599281 4.278195888932956
      vertex 3.2816889487345593 -5.022998869575172 19.700823445748515
      vertex 4.092257473261308 -4.276817977208149 4.458209518095588
    endloop
  endfacet
  facet normal 0.6772815716254644 -0.7357239106733863 -2.7066061215695666e-14
    outer loop
      vertex 4.092257473261308 -4.276817977208149 4.458209518095588
      vertex 3.2816889487345593 -5.022998869575172 19.700823445748515
      vertex 4.090732899249831 -4.27822144645466 4.460423721159695
    endloop
  endfacet
  facet normal 0.6772815716257287 -0.7357239106731431 -1.3565921182498748e-15
    outer loop
      vertex 4.223841859283708 -4.155686016599281 4.278195888932956
      vertex 4.232632281623125 -4.147593862775102 4.469690963422538
      vertex 3.2816889487345593 -5.022998869575172 19.700823445748515
    endloop
  endfacet
  facet normal 0.6772815716257415 -0.7357239106731313 1.162477378009492e-16
    outer loop
      vertex 4.232632281623125 -4.147593862775102 4.469690963422538
      vertex 4.5552833444389025 -3.8505726354635534 4.682226259047103
      vertex 3.2816889487345593 -5.022998869575172 19.700823445748515
    endloop
  endfacet
  facet normal 0.6772815716257441 -0.7357239106731289 5.231518716746381e-16
    outer loop
      vertex 4.5552833444389025 -3.8505726354635534 4.682226259047103
      vertex 4.671570307517363 -3.7435229447156937 4.769253269700584
      vertex 3.2816889487345593 -5.022998869575172 19.700823445748515
    endloop
  endfacet
  facet normal 0.6772815716257393 -0.7357239106731333 -2.89029760443375e-16
    outer loop
      vertex 4.671570307517363 -3.7435229447156937 4.769253269700584
      vertex 4.734843056378361 -3.6852762761380067 4.774521518805572
      vertex 3.2816889487345593 -5.022998869575172 19.700823445748515
    endloop
  endfacet
  facet normal 0.8794737512064894 -0.47594739303707306 0
    outer loop
      vertex 4.734843056378361 -3.6852762761380067 4.774521518805572
      vertex 4.917367698518447 -3.3480002787084766 5.054505206910334
      vertex 4.734843056378361 -3.6852762761380067 19.700823445748515
    endloop
  endfacet
  facet normal 0.08257934547233256 -0.9965844930066698 3.035125631975039e-17
    outer loop
      vertex -0.03238993691773812 -5.941134546799802 6.2381757018075445
      vertex 0.9689605616565446 -5.858160278846683 6.010382716297599
      vertex -0.49547607283399625 -5.9795069580400195 19.700823445748515
    endloop
  endfacet
  facet normal 0.0825793454723333 -0.9965844930066697 1.2708288782917173e-19
    outer loop
      vertex 0.9689605616565446 -5.858160278846683 6.010382716297599
      vertex 1.4729129228447957 -5.816401595635982 5.914248972883281
      vertex 1.4729129228447957 -5.816401595635982 19.700823445748515
    endloop
  endfacet
  facet normal 0.4016954246529718 -0.9157733266550564 0
    outer loop
      vertex 1.4729129228447957 -5.816401595635982 5.914248972883281
      vertex 1.6885247833749437 -5.721825464889494 5.999517770504791
      vertex 1.4729129228447957 -5.816401595635982 19.700823445748515
    endloop
  endfacet
  facet normal 0.40169542465296737 -0.9157733266550583 -8.357464721144841e-17
    outer loop
      vertex 1.6885247833749437 -5.721825464889494 5.999517770504791
      vertex 1.904403480020233 -5.627132288970949 5.889550891362776
      vertex 1.4729129228447957 -5.816401595635982 19.700823445748515
    endloop
  endfacet
  facet normal 0.4016954246529704 -0.915773326655057 2.907801693202306e-17
    outer loop
      vertex 1.904403480020233 -5.627132288970949 5.889550891362776
      vertex 3.1462615696076974 -5.082402825755797 5.2845563006162415
      vertex 1.4729129228447957 -5.816401595635982 19.700823445748515
    endloop
  endfacet
  facet normal 0.40169542465296554 -0.9157733266550591 -6.341861143066776e-16
    outer loop
      vertex 3.251819962941637 -5.0361006214856205 5.060909374277274
      vertex 1.4729129228447957 -5.816401595635982 19.700823445748515
      vertex 3.1462615696076974 -5.082402825755797 5.2845563006162415
    endloop
  endfacet
  facet normal 0.4016954246529695 -0.9157733266550574 -6.221533664384597e-17
    outer loop
      vertex 3.281688948734561 -5.02299886957517 5.022998869575171
      vertex 3.2816889487345593 -5.022998869575172 19.700823445748515
      vertex 1.4729129228447957 -5.816401595635982 19.700823445748515
    endloop
  endfacet
  facet normal 0.08257934547233253 -0.9965844930066697 2.8289949454017173e-17
    outer loop
      vertex 0.9689605616565446 -5.858160278846683 6.010382716297599
      vertex 1.4729129228447957 -5.816401595635982 19.700823445748515
      vertex -0.49547607283399625 -5.9795069580400195 19.700823445748515
    endloop
  endfacet
  facet normal 0.8794737512064887 -0.47594739303707395 -2.7725069452716666e-17
    outer loop
      vertex 4.917367698518447 -3.3480002787084766 5.054505206910334
      vertex 5.13544078908407 -2.9450365020332647 5.490305769638702
      vertex 4.734843056378361 -3.6852762761380067 19.700823445748515
    endloop
  endfacet
  facet normal 0.677281571625741 -0.7357239106731318 0
    outer loop
      vertex 4.734843056378361 -3.6852762761380067 4.774521518805572
      vertex 4.734843056378361 -3.6852762761380067 19.700823445748515
      vertex 3.2816889487345593 -5.022998869575172 19.700823445748515
    endloop
  endfacet
  facet normal 0 0 1
    outer loop
      vertex -0.47100281896957086 5.684158706546891 20
      vertex -0.4710028189695724 -5.684158706546891 20
      vertex 1.4001607278199344 -5.529109674528156 20
    endloop
  endfacet
  facet normal 0 0 1
    outer loop
      vertex 3.119595134017973 -4.774895816298139 20
      vertex -0.47100281896957086 5.684158706546891 20
      vertex 1.4001607278199344 -5.529109674528156 20
    endloop
  endfacet
  facet normal 0 0 1
    outer loop
      vertex 1.4001607278199344 5.529109674528156 20
      vertex 3.119595134017973 -4.774895816298139 20
      vertex 4.500973001939272 -3.503247906229856 20
    endloop
  endfacet
  facet normal 0 0 1
    outer loop
      vertex 3.119595134017975 4.774895816298138 20
      vertex 4.500973001939272 -3.503247906229856 20
      vertex 5.39460060530848 -1.8519687270295566 20
    endloop
  endfacet
  facet normal 0.8794737512064887 -0.47594739303707434 -4.5250603549478354e-17
    outer loop
      vertex 5.13544078908407 -2.9450365020332647 5.490305769638702
      vertex 5.545067539321757 -2.1881125648577124 5.746979058555437
      vertex 4.734843056378361 -3.6852762761380067 19.700823445748515
    endloop
  endfacet
  facet normal 0.8794737512064887 -0.47594739303707434 -5.3246365510719456e-17
    outer loop
      vertex 5.545067539321757 -2.1881125648577124 5.746979058555437
      vertex 5.639450908670658 -2.013707374058991 5.814661654457012
      vertex 4.734843056378361 -3.6852762761380067 19.700823445748515
    endloop
  endfacet
  facet normal 0.8794737512064893 -0.4759473930370733 1.1863211048118687e-16
    outer loop
      vertex 5.639450908670658 -2.013707374058991 5.814661654457012
      vertex 5.674903450203807 -1.9481968152281037 5.793068323659412
      vertex 4.734843056378361 -3.6852762761380067 19.700823445748515
    endloop
  endfacet
  facet normal 0.9863613034027221 -0.1645945902807357 -2.6278389611301645e-18
    outer loop
      vertex 5.674903450203807 -1.9481968152281037 5.793068323659412
      vertex 5.733030020512661 -1.599863376356379 5.92315733233283
      vertex 5.674903450203807 -1.948196815228104 19.70082344574852
    endloop
  endfacet
  facet normal 0.9863613034027225 -0.16459459028073348 5.56518006135072e-17
    outer loop
      vertex 5.733030020512661 -1.599863376356379 5.92315733233283
      vertex 5.827447860516105 -1.0340482813923029 6.204467886269523
      vertex 5.674903450203807 -1.948196815228104 19.70082344574852
    endloop
  endfacet
  facet normal 0.9863613034027258 -0.16459459028071302 1.4799421169761231e-15
    outer loop
      vertex 5.827447860516105 -1.0340482813923029 6.204467886269523
      vertex 5.8292285583171495 -1.0233771445037259 6.204543600122359
      vertex 5.674903450203807 -1.948196815228104 19.70082344574852
    endloop
  endfacet
  facet normal 0.9863613034027223 -0.16459459028073417 -7.715286281134142e-18
    outer loop
      vertex 5.8292285583171495 -1.0233771445037259 6.204543600122359
      vertex 6 0 6.21634034783535
      vertex 5.674903450203807 -1.948196815228104 19.70082344574852
    endloop
  endfacet
  facet normal 0.8794737512064887 -0.475947393037074 -7.598749756829275e-18
    outer loop
      vertex 5.674903450203807 -1.9481968152281037 5.793068323659412
      vertex 5.674903450203807 -1.948196815228104 19.70082344574852
      vertex 4.734843056378361 -3.6852762761380067 19.700823445748515
    endloop
  endfacet
  facet normal 0.9863613034027223 -0.16459459028073412 0
    outer loop
      vertex 6 0 6.21634034783535
      vertex 6 0 19.700823445748515
      vertex 5.674903450203807 -1.948196815228104 19.70082344574852
    endloop
  endfacet
  facet normal 0 0 -1
    outer loop
      vertex -0.47077026880324097 -5.681352243401822 -20
      vertex -0.4707702688032394 5.681352243401822 -20
      vertex 1.3994694206832647 5.526379764381781 -20
    endloop
  endfacet
  facet normal 0 0 -1
    outer loop
      vertex -0.47077026880324097 -5.681352243401822 -20
      vertex 1.3994694206832647 5.526379764381781 -20
      vertex 3.118054883433298 4.772538287273738 -20
    endloop
  endfacet
  facet normal 0 0 -1
    outer loop
      vertex 1.3994694206832647 -5.526379764381781 -20
      vertex 3.118054883433298 4.772538287273738 -20
      vertex 4.498750717956888 3.5015182331780554 -20
    endloop
  endfacet
  facet normal 0 0 -1
    outer loop
      vertex 5.39193710688017 1.8510543468641578 -20
      vertex 3.118054883433296 -4.772538287273739 -20
      vertex 4.498750717956888 3.5015182331780554 -20
    endloop
  endfacet
  facet normal 0.6772815716257411 0.7357239106731316 -1.6740115457099535e-17
    outer loop
      vertex 4.734843056378361 3.6852762761380067 -19.703639527239616
      vertex 3.281688948734561 5.022998869575171 -19.703639527239623
      vertex 4.133673972843503 4.238691403473986 -4.427667203356243
    endloop
  endfacet
  facet normal 0.0825793454723326 0.9965844930066697 0
    outer loop
      vertex 1.4729129228447957 5.816401595635982 -5.9023528455071625
      vertex 1.4729129228447957 5.816401595635982 -19.703639527239616
      vertex -0.4954760728339947 5.9795069580400195 -19.70363952723962
    endloop
  endfacet
  facet normal 0.08257934547233184 0.9965844930066698 6.904226813148961e-17
    outer loop
      vertex -0.029548231251431162 5.940899076354901 -6.238098552703028
      vertex 0.953239204313744 5.85946298765704 -6.00583504764415
      vertex -0.4954760728339947 5.9795069580400195 -19.70363952723962
    endloop
  endfacet
  facet normal 0.08257934547233294 0.9965844930066698 -4.777763619963783e-17
    outer loop
      vertex 0.953239204313744 5.85946298765704 -6.00583504764415
      vertex 1.4729129228447957 5.816401595635982 -5.9023528455071625
      vertex -0.4954760728339947 5.9795069580400195 -19.70363952723962
    endloop
  endfacet
  facet normal 0.40169542465296815 0.915773326655058 0
    outer loop
      vertex 1.4729129228447957 5.816401595635982 -5.9023528455071625
      vertex 1.7047456655051685 5.714710326300183 -5.992281297199625
      vertex 1.4729129228447957 5.816401595635982 -19.703639527239616
    endloop
  endfacet
  facet normal 0.40169542465297076 0.9157733266550568 -5.2431761300682636e-17
    outer loop
      vertex 1.7047456655051685 5.714710326300183 -5.992281297199625
      vertex 1.9239848374393445 5.618543109252774 -5.880556861019714
      vertex 1.4729129228447957 5.816401595635982 -19.703639527239616
    endloop
  endfacet
  facet normal 0.4016954246529696 0.9157733266550575 -7.278201433075462e-18
    outer loop
      vertex 1.9239848374393445 5.618543109252774 -5.880556861019714
      vertex 3.175706441467543 5.069487107464685 -5.269726880977528
      vertex 1.4729129228447957 5.816401595635982 -19.703639527239616
    endloop
  endfacet
  facet normal 0.4016954246529696 0.9157733266550573 -3.542188443840635e-18
    outer loop
      vertex 3.2767919928831 5.025146873565902 -5.049097044219751
      vertex 3.281688948734561 5.022998869575171 -19.703639527239623
      vertex 1.4729129228447957 5.816401595635982 -19.703639527239616
    endloop
  endfacet
  facet normal 0.40169542465297076 0.9157733266550568 -1.824667654694717e-16
    outer loop
      vertex 3.175706441467543 5.069487107464685 -5.269726880977528
      vertex 3.2767919928831 5.025146873565902 -5.049097044219751
      vertex 1.4729129228447957 5.816401595635982 -19.703639527239616
    endloop
  endfacet
  facet normal 0.9863613034027223 0.16459459028073392 3.090556611646472e-19
    outer loop
      vertex 6 -2.517115210034559e-17 -6.298172527419015
      vertex 6 -1.832722907144553e-33 -19.70363952723962
      vertex 5.674903450203808 1.9481968152281008 -19.703639527239623
    endloop
  endfacet
  facet normal 0.879473751206489 0.4759473930370737 0
    outer loop
      vertex 5.674903450203808 1.9481968152281008 -5.685566586252585
      vertex 5.674903450203808 1.9481968152281008 -19.703639527239623
      vertex 4.734843056378361 3.6852762761380067 -19.703639527239616
    endloop
  endfacet
  facet normal 0.9863613034027223 0.1645945902807342 3.766848832656472e-17
    outer loop
      vertex 6 -2.517115210034559e-17 -6.298172527419015
      vertex 5.674903450203808 1.9481968152281008 -19.703639527239623
      vertex 5.758901351088364 1.4448249920213323 -6.0092288999864705
    endloop
  endfacet
  facet normal 0.9863613034027228 0.16459459028073176 -5.474823170409389e-17
    outer loop
      vertex 5.758901351088364 1.4448249920213323 -6.0092288999864705
      vertex 5.674903450203808 1.9481968152281008 -19.703639527239623
      vertex 5.711751592936165 1.7273780019763092 -5.956773827035906
    endloop
  endfacet
  facet normal 0.9863613034027217 0.1645945902807381 5.054798989861076e-17
    outer loop
      vertex 5.711751592936165 1.7273780019763092 -5.956773827035906
      vertex 5.674903450203808 1.9481968152281008 -19.703639527239623
      vertex 5.690633339008062 1.8539327595451 -5.760087666426263
    endloop
  endfacet
  facet normal 0.9863613034027223 0.1645945902807337 1.9921573830195318e-17
    outer loop
      vertex 5.690633339008062 1.8539327595451 -5.760087666426263
      vertex 5.674903450203808 1.9481968152281008 -19.703639527239623
      vertex 5.686340838888558 1.8796563024969577 -5.72890424376557
    endloop
  endfacet
  facet normal 0.9863613034027231 0.16459459028072976 1.1982874720361508e-20
    outer loop
      vertex 5.686340838888558 1.8796563024969577 -5.72890424376557
      vertex 5.674903450203808 1.9481968152281008 -19.703639527239623
      vertex 5.674903450203808 1.9481968152281008 -5.685566586252585
    endloop
  endfacet
  facet normal 0.8794737512064894 0.475947393037073 -1.115451790236881e-16
    outer loop
      vertex 5.5196249211727615 2.235126405360603 -5.55182382877647
      vertex 5.674903450203808 1.9481968152281008 -5.685566586252585
      vertex 4.734843056378361 3.6852762761380067 -19.703639527239616
    endloop
  endfacet
  facet normal 0.879473751206489 0.47594739303707384 -4.9263339541515206e-18
    outer loop
      vertex 5.5196249211727615 2.235126405360603 -5.55182382877647
      vertex 4.734843056378361 3.6852762761380067 -19.703639527239616
      vertex 5.0249545398585775 3.1491972086252855 -5.252393695321185
    endloop
  endfacet
  facet normal 0.6772815716257411 0.7357239106731316 0
    outer loop
      vertex 3.281688948734561 5.022998869575171 -5.039835738479278
      vertex 4.051214937629488 4.31460029287435 -4.488241072953203
      vertex 3.281688948734561 5.022998869575171 -19.703639527239623
    endloop
  endfacet
  facet normal 0.8794737512064889 0.47594739303707395 1.5572417401373217e-18
    outer loop
      vertex 4.945781986254062 3.2954952737682466 -4.994568312360962
      vertex 5.0249545398585775 3.1491972086252855 -5.252393695321185
      vertex 4.734843056378361 3.6852762761380067 -19.703639527239616
    endloop
  endfacet
  facet normal 0.8794737512064892 0.4759473930370737 -4.7153694142494655e-19
    outer loop
      vertex 4.903610767140314 3.3734208613636576 -4.903610767140314
      vertex 4.734843056378361 3.6852762761380067 -19.703639527239616
      vertex 4.734843056378361 3.6852762761380067 -4.734843056378361
    endloop
  endfacet
  facet normal 0.8794737512064887 0.4759473930370743 1.3674810342530987e-17
    outer loop
      vertex 4.904631937400764 3.3715339039966943 -4.905438562358464
      vertex 4.945781986254062 3.2954952737682466 -4.994568312360962
      vertex 4.734843056378361 3.6852762761380067 -19.703639527239616
    endloop
  endfacet
  facet normal 0.8794737512064694 0.4759473930371097 9.848793842930695e-16
    outer loop
      vertex 4.903610767140314 3.3734208613636576 -4.903610767140314
      vertex 4.904631937400764 3.3715339039966943 -4.905438562358464
      vertex 4.734843056378361 3.6852762761380067 -19.703639527239616
    endloop
  endfacet
  facet normal 0.677281571625727 0.7357239106731446 -1.039739417705263e-15
    outer loop
      vertex 4.138510447463966 4.234239114939449 -4.28231774625461
      vertex 4.734843056378361 3.6852762761380067 -19.703639527239616
      vertex 4.133673972843503 4.238691403473986 -4.427667203356243
    endloop
  endfacet
  facet normal 0.6772815716257388 0.7357239106731336 2.530793913413628e-16
    outer loop
      vertex 3.281688948734561 5.022998869575171 -19.703639527239623
      vertex 4.051214937629488 4.31460029287435 -4.488241072953203
      vertex 4.132193096465273 4.240054646215293 -4.42998201873761
    endloop
  endfacet
  facet normal 0.677281571625827 0.7357239106730525 -7.18548144138461e-15
    outer loop
      vertex 3.281688948734561 5.022998869575171 -19.703639527239623
      vertex 4.132193096465273 4.240054646215293 -4.42998201873761
      vertex 4.133673972843503 4.238691403473986 -4.427667203356243
    endloop
  endfacet
  facet normal 0.677281571625712 0.7357239106731583 -1.6586765725388336e-15
    outer loop
      vertex 4.274337959913959 4.109201081286336 -4.380028012968275
      vertex 4.734843056378361 3.6852762761380067 -19.703639527239616
      vertex 4.267072948742796 4.115888995206902 -4.2721053647083265
    endloop
  endfacet
  facet normal 0.6772815716257417 0.7357239106731311 1.6189278110963113e-18
    outer loop
      vertex 4.138510447463966 4.234239114939449 -4.28231774625461
      vertex 4.267072948742796 4.115888995206902 -4.2721053647083265
      vertex 4.734843056378361 3.6852762761380067 -19.703639527239616
    endloop
  endfacet
  facet normal 0.6772815716257417 0.735723910673131 -1.1263544134622177e-17
    outer loop
      vertex 4.274337959913959 4.109201081286336 -4.380028012968275
      vertex 4.435046143900386 3.9612587759671287 -4.435046143900386
      vertex 4.734843056378361 3.6852762761380067 -19.703639527239616
    endloop
  endfacet
  facet normal 0.677281571625742 0.7357239106731308 0
    outer loop
      vertex 4.734843056378361 3.6852762761380067 -4.734843056378361
      vertex 4.734843056378361 3.6852762761380067 -19.703639527239616
      vertex 4.435046143900386 3.9612587759671287 -4.435046143900386
    endloop
  endfacet
  facet normal 0.6772815716257418 0.735723910673131 -1.9390247264978536e-15
    outer loop
      vertex 4.138510447463966 4.234239114939449 -4.28231774625461
      vertex 4.133673972843503 4.238691403473986 -4.427667203356243
      vertex 4.120674964927293 4.250657833249268 -4.4001173708379016
    endloop
  endfacet
  facet normal 0.67728157162578 0.7357239106730958 -1.550240790685378e-13
    outer loop
      vertex 3.281688948734561 5.022998869575171 -5.039835738479278
      vertex 4.052606992811085 4.313318815804617 -4.486065097433948
      vertex 4.051214937629488 4.31460029287435 -4.488241072953203
    endloop
  endfacet
  facet normal 0.40169542465297847 0.9157733266550535 5.684577057119804e-21
    outer loop
      vertex 3.2767919928831 5.025146873565902 -5.049097044219751
      vertex 3.281688948734561 5.022998869575171 -5.039835738479278
      vertex 3.281688948734561 5.022998869575171 -19.703639527239623
    endloop
  endfacet
  facet normal 0.6772815716257414 0.7357239106731314 7.765646184270197e-16
    outer loop
      vertex 3.347120092753273 4.962765258282427 4.962765258282427
      vertex 3.281688948734561 5.022998869575171 5.022998869575171
      vertex 4.232632281623128 4.147593862775098 4.469690963422531
    endloop
  endfacet
  facet normal 0.6772815716257206 0.7357239106731506 -6.859078797783676e-14
    outer loop
      vertex 3.3524804579899996 4.957830694461201 4.958389643729885
      vertex 3.347120092753273 4.962765258282427 4.962765258282427
      vertex 4.232632281623128 4.147593862775098 4.469690963422531
    endloop
  endfacet
  facet normal 0.6772815716257397 0.7357239106731329 -2.6120292107355332e-15
    outer loop
      vertex 4.0927526251423165 4.276362157790975 4.28674076716659
      vertex 4.250155705015482 4.131462415144726 4.430935649382078
      vertex 4.2238418592837075 4.155686016599281 4.278195888932956
    endloop
  endfacet
  facet normal 0.6772815716257409 0.7357239106731319 -1.3336960956349692e-15
    outer loop
      vertex 4.232632281623128 4.147593862775098 4.469690963422531
      vertex 3.281688948734561 5.022998869575171 5.022998869575171
      vertex 4.555283344438899 3.8505726354635565 4.6822262590470975
    endloop
  endfacet
  facet normal 0.6772815716257372 0.7357239106731353 2.3196157154451672e-15
    outer loop
      vertex 4.0927526251423165 4.276362157790975 4.28674076716659
      vertex 4.232632281623128 4.147593862775098 4.469690963422531
      vertex 4.250155705015482 4.131462415144726 4.430935649382078
    endloop
  endfacet
  facet normal 0.6772815716257419 0.735723910673131 -4.16163799644856e-15
    outer loop
      vertex 4.0927526251423165 4.276362157790975 4.28674076716659
      vertex 4.079700057361693 4.288377892894819 4.430935649382078
      vertex 4.232632281623128 4.147593862775098 4.469690963422531
    endloop
  endfacet
  facet normal 0.677281571625741 0.7357239106731317 1.9069771393808327e-15
    outer loop
      vertex 4.079700057361693 4.288377892894819 4.430935649382078
      vertex 4.093256211535392 4.275898573858465 4.461145702069906
      vertex 4.232632281623128 4.147593862775098 4.469690963422531
    endloop
  endfacet
  facet normal 0.6772815716257418 0.735723910673131 4.882009187543939e-15
    outer loop
      vertex 4.671570307517363 3.7435229447156937 4.769253269700583
      vertex 4.555283344438899 3.8505726354635565 4.6822262590470975
      vertex 3.281688948734561 5.022998869575171 5.022998869575171
    endloop
  endfacet
  facet normal 0.677281571625741 0.7357239106731318 -7.992382476551478e-16
    outer loop
      vertex 3.3524804579899996 4.957830694461201 4.958389643729885
      vertex 4.232632281623128 4.147593862775098 4.469690963422531
      vertex 4.093256211535392 4.275898573858465 4.461145702069906
    endloop
  endfacet
  facet normal 0.8794737512064892 0.47594739303707345 0
    outer loop
      vertex 4.734843056378361 3.6852762761380067 4.774521518805568
      vertex 4.734843056378361 3.6852762761380067 19.700823445748515
      vertex 4.917367698518451 3.3480002787084704 5.0545052069103376
    endloop
  endfacet
  facet normal 0.6772815716257392 0.7357239106731333 1.2046885458048784e-19
    outer loop
      vertex 4.671570307517363 3.7435229447156937 4.769253269700583
      vertex 4.734843056378361 3.6852762761380067 19.700823445748515
      vertex 4.734843056378361 3.6852762761380067 4.774521518805568
    endloop
  endfacet
  facet normal 0.6772815716257413 0.7357239106731316 -1.5171306653124147e-17
    outer loop
      vertex 4.671570307517363 3.7435229447156937 4.769253269700583
      vertex 3.281688948734561 5.022998869575171 5.022998869575171
      vertex 4.734843056378361 3.6852762761380067 19.700823445748515
    endloop
  endfacet
  facet normal 0.40169542465297314 0.9157733266550558 1.23655169641631e-20
    outer loop
      vertex 3.2700042955197928 5.028124233678287 5.028124233678287
      vertex 3.281688948734561 5.022998869575171 19.700823445748515
      vertex 3.281688948734561 5.022998869575171 5.022998869575171
    endloop
  endfacet
  facet normal 0.4016954246529748 0.9157733266550551 -1.6474548836099672e-18
    outer loop
      vertex 3.2700042955197928 5.028124233678287 5.028124233678287
      vertex 3.264893770748699 5.030365917682802 5.033350009584135
      vertex 3.281688948734561 5.022998869575171 19.700823445748515
    endloop
  endfacet
  facet normal 0.401695424652974 0.9157733266550554 -3.543757751664027e-19
    outer loop
      vertex 3.2386586291076194 5.041873717763459 5.076215754872282
      vertex 3.281688948734561 5.022998869575171 19.700823445748515
      vertex 3.264893770748699 5.030365917682802 5.033350009584135
    endloop
  endfacet
  facet normal 0.6772815716257412 0.7357239106731316 0
    outer loop
      vertex 3.281688948734561 5.022998869575171 5.022998869575171
      vertex 3.281688948734561 5.022998869575171 19.700823445748515
      vertex 4.734843056378361 3.6852762761380067 19.700823445748515
    endloop
  endfacet
  facet normal 0 0 1
    outer loop
      vertex 3.119595134017973 -4.774895816298139 20
      vertex 1.4001607278199344 5.529109674528156 20
      vertex -0.47100281896957086 5.684158706546891 20
    endloop
  endfacet
  facet normal 0 0 1
    outer loop
      vertex 4.500973001939272 -3.503247906229856 20
      vertex 3.119595134017975 4.774895816298138 20
      vertex 1.4001607278199344 5.529109674528156 20
    endloop
  endfacet
  facet normal 0 0 1
    outer loop
      vertex 5.39460060530848 -1.8519687270295566 20
      vertex 4.500973001939272 3.5032479062298565 20
      vertex 3.119595134017975 4.774895816298138 20
    endloop
  endfacet
  facet normal 0.08257934547233181 0.9965844930066698 1.160712267832011e-16
    outer loop
      vertex -0.4954760728339947 5.9795069580400195 5.9795069580400195
      vertex 1.4729129228447957 5.816401595635982 19.700823445748515
      vertex -0.437094755201989 5.974669344138043 5.974669344138043
    endloop
  endfacet
  facet normal 0.08257934547233138 0.99658449300667 1.7543948285352243e-16
    outer loop
      vertex -0.437094755201989 5.974669344138043 5.974669344138043
      vertex 1.4729129228447957 5.816401595635982 19.700823445748515
      vertex -0.26636500731870383 5.96052227388781 6.024405031488946
    endloop
  endfacet
  facet normal 0.08257934547233518 0.9965844930066696 -3.1048371894221403e-16
    outer loop
      vertex -0.26636500731870383 5.96052227388781 6.024405031488946
      vertex 1.4729129228447957 5.816401595635982 19.700823445748515
      vertex -0.23401745982231714 5.957841879682771 6.050971318916982
    endloop
  endfacet
  facet normal 0.08257934547233645 0.9965844930066695 -4.730186818903804e-16
    outer loop
      vertex -0.23401745982231714 5.957841879682771 6.050971318916982
      vertex 1.4729129228447957 5.816401595635982 19.700823445748515
      vertex -0.03236512262370178 5.941132490628775 6.236889023763257
    endloop
  endfacet
  facet normal 0.08257934547233205 0.99658449300667 -4.679515099624185e-20
    outer loop
      vertex 0.6412336986132249 5.885316500957031 6.046713647521968
      vertex 1.4729129228447957 5.816401595635982 19.700823445748515
      vertex 1.4729129228447957 5.816401595635982 5.880999938794311
    endloop
  endfacet
  facet normal 0.08257934547233252 0.9965844930066696 -3.0431213591693926e-17
    outer loop
      vertex -0.03236512262370178 5.941132490628775 6.236889023763257
      vertex 1.4729129228447957 5.816401595635982 19.700823445748515
      vertex 0.6412336986132249 5.885316500957031 6.046713647521968
    endloop
  endfacet
  facet normal 0.4016954246529685 0.9157733266550577 1.6509666716411266e-16
    outer loop
      vertex 1.4729129228447957 5.816401595635982 5.880999938794311
      vertex 3.281688948734561 5.022998869575171 19.700823445748515
      vertex 1.6871777886213488 5.722416311569346 5.993974788836034
    endloop
  endfacet
  facet normal 0.4016954246529701 0.9157733266550571 -5.164885036531291e-17
    outer loop
      vertex 1.6871777886213488 5.722416311569346 5.993974788836034
      vertex 3.281688948734561 5.022998869575171 19.700823445748515
      vertex 2.853844379171997 5.210668897794541 5.4251122177976185
    endloop
  endfacet
  facet normal 0.4016954246529673 0.9157733266550583 4.6315279328228874e-17
    outer loop
      vertex 2.853844379171997 5.210668897794541 5.4251122177976185
      vertex 3.281688948734561 5.022998869575171 19.700823445748515
      vertex 3.145501062117696 5.08273641526999 5.282993586313989
    endloop
  endfacet
  facet normal 0.4016954246529705 0.9157733266550571 1.1909261188492262e-17
    outer loop
      vertex 3.2386586291076194 5.041873717763459 5.076215754872282
      vertex 3.145501062117696 5.08273641526999 5.282993586313989
      vertex 3.281688948734561 5.022998869575171 19.700823445748515
    endloop
  endfacet
  facet normal 0.08257934547233262 0.9965844930066698 0
    outer loop
      vertex -0.4954760728339947 5.9795069580400195 5.9795069580400195
      vertex -0.4954760728339947 5.9795069580400195 19.700823445748515
      vertex 1.4729129228447957 5.816401595635982 19.700823445748515
    endloop
  endfacet
  facet normal 0.4016954246529696 0.9157733266550574 0
    outer loop
      vertex 1.4729129228447957 5.816401595635982 5.880999938794311
      vertex 1.4729129228447957 5.816401595635982 19.700823445748515
      vertex 3.281688948734561 5.022998869575171 19.700823445748515
    endloop
  endfacet
  facet normal 0.9863613034027223 0.16459459028073398 0
    outer loop
      vertex 6 0 6.21634034783535
      vertex 5.829228558317151 1.0233771445037163 6.204543600122357
      vertex 6 0 19.700823445748515
    endloop
  endfacet
  facet normal 0.9863613034027224 0.16459459028073378 -1.3712577452551041e-17
    outer loop
      vertex 5.827447860516105 1.0340482813923029 6.204467886269523
      vertex 5.733030020512663 1.5998633763563672 5.923157332332833
      vertex 6 0 19.700823445748515
    endloop
  endfacet
  facet normal 0.9863613034027232 0.1645945902807295 -3.5066704587810797e-16
    outer loop
      vertex 5.829228558317151 1.0233771445037163 6.204543600122357
      vertex 5.827447860516105 1.0340482813923029 6.204467886269523
      vertex 6 0 19.700823445748515
    endloop
  endfacet
  facet normal 0.8794737512064869 0.47594739303707767 6.732258823886514e-17
    outer loop
      vertex 5.545067539321755 2.1881125648577155 5.746979058555434
      vertex 5.674903450203808 1.9481968152281006 19.70082344574852
      vertex 5.63945090867066 2.0137073740589875 5.81466165445701
    endloop
  endfacet
  facet normal 0.8794737512064892 0.4759473930370734 -2.6236494903674776e-17
    outer loop
      vertex 5.545067539321755 2.1881125648577155 5.746979058555434
      vertex 5.13544078908407 2.9450365020332647 5.490305769638702
      vertex 5.674903450203808 1.9481968152281006 19.70082344574852
    endloop
  endfacet
  facet normal 0.9863613034027224 0.16459459028073406 2.8913042229861805e-18
    outer loop
      vertex 5.733030020512663 1.5998633763563672 5.923157332332833
      vertex 5.674903450203808 1.9481968152281008 5.79306832365941
      vertex 5.674903450203808 1.9481968152281006 19.70082344574852
    endloop
  endfacet
  facet normal 0.8794737512064922 0.47594739303706773 7.598749756829174e-18
    outer loop
      vertex 5.674903450203808 1.9481968152281008 5.79306832365941
      vertex 5.63945090867066 2.0137073740589875 5.81466165445701
      vertex 5.674903450203808 1.9481968152281006 19.70082344574852
    endloop
  endfacet
  facet normal 0.879473751206489 0.4759473930370736 -2.7614981669037357e-18
    outer loop
      vertex 4.917367698518451 3.3480002787084704 5.0545052069103376
      vertex 5.674903450203808 1.9481968152281006 19.70082344574852
      vertex 5.13544078908407 2.9450365020332647 5.490305769638702
    endloop
  endfacet
  facet normal 0.879473751206489 0.4759473930370736 -6.430981280266216e-18
    outer loop
      vertex 4.917367698518451 3.3480002787084704 5.0545052069103376
      vertex 4.734843056378361 3.6852762761380067 19.700823445748515
      vertex 5.674903450203808 1.9481968152281006 19.70082344574852
    endloop
  endfacet
  facet normal 0.9863613034027223 0.16459459028073392 6.868934681842825e-18
    outer loop
      vertex 5.733030020512663 1.5998633763563672 5.923157332332833
      vertex 5.674903450203808 1.9481968152281006 19.70082344574852
      vertex 6 0 19.700823445748515
    endloop
  endfacet
  facet normal 0 0 1
    outer loop
      vertex 4.500973001939272 3.5032479062298565 20
      vertex 5.39460060530848 -1.8519687270295566 20
      vertex 5.703639527239612 3.335757590168164e-17 20
    endloop
  endfacet
  facet normal 0 0 1
    outer loop
      vertex 5.703639527239612 3.335757590168164e-17 20
      vertex 5.394600605308481 1.8519687270295537 20
      vertex 4.500973001939272 3.5032479062298565 20
    endloop
  endfacet
  facet normal 0 -0.9157733266550574 -0.40169542465296953
    outer loop
      vertex -5.866941040363212 -5.816401595635982 -1.4729129228447957
      vertex -19.70082344574852 -5.816401595635982 -1.4729129228447957
      vertex -19.70082344574852 -5.022998869575172 -3.2816889487345593
    endloop
  endfacet
  facet normal 0 -0.9965844930066697 -0.08257934547233252
    outer loop
      vertex -6.036208948100607 -5.9795069580400195 0.4954760728339962
      vertex -19.70082344574852 -5.9795069580400195 0.4954760728339962
      vertex -19.70082344574852 -5.816401595635982 -1.4729129228447957
    endloop
  endfacet
  facet normal -4.5198318474403824e-18 -0.16459459028073414 -0.9863613034027224
    outer loop
      vertex -5.923157332332831 -1.5998633763563759 -5.733030020512661
      vertex -19.70082344574852 -1.9481968152281037 -5.674903450203807
      vertex -19.70082344574852 0 -6
    endloop
  endfacet
  facet normal -1 0 0
    outer loop
      vertex -20 -4.1963039780505795 3.8629699429955418
      vertex -20 -4.774895816298139 -3.119595134017973
      vertex -20 -5.529109674528157 -1.4001607278199344
    endloop
  endfacet
  facet normal -1 0 0
    outer loop
      vertex -20 -2.714632363812901 5.016201250551027
      vertex -20 -3.5032479062298556 -4.500973001939273
      vertex -20 -4.774895816298139 -3.119595134017973
    endloop
  endfacet
  facet normal -1 0 0
    outer loop
      vertex -20 -0.9387882110950041 5.625849318227351
      vertex -20 -1.8519687270295564 -5.39460060530848
      vertex -20 -3.5032479062298556 -4.500973001939273
    endloop
  endfacet
  facet normal 5.689186813410975e-17 -0.9157733266550571 -0.4016954246529702
    outer loop
      vertex -5.49217323221187 -5.188963297552361 -2.9033281634545753
      vertex -5.8057368657519035 -5.551140292767492 -2.0776477812778817
      vertex -19.70082344574852 -5.022998869575172 -3.2816889487345593
    endloop
  endfacet
  facet normal -4.2268739410410345e-17 -0.9157733266550585 -0.40169542465296704
    outer loop
      vertex -5.49217323221187 -5.188963297552361 -2.9033281634545753
      vertex -19.70082344574852 -5.022998869575172 -3.2816889487345593
      vertex -5.198662123181184 -5.101376637317869 -3.1030056362135485
    endloop
  endfacet
  facet normal 0 -0.9965844930066702 -0.08257934547232812
    outer loop
      vertex -5.866941040363212 -5.816401595635982 -1.4729129228447957
      vertex -5.924049875056073 -5.823122974581114 -1.3917979419736455
      vertex -19.70082344574852 -5.816401595635982 -1.4729129228447957
    endloop
  endfacet
  facet normal 3.388053482170109e-17 -0.9965844930066697 -0.08257934547233382
    outer loop
      vertex -5.924049875056073 -5.823122974581114 -1.3917979419736455
      vertex -6.192011072650501 -5.851572047320715 -1.0484686921407813
      vertex -19.70082344574852 -5.816401595635982 -1.4729129228447957
    endloop
  endfacet
  facet normal -6.856557480427189e-17 -0.9157733266550576 -0.40169542465296915
    outer loop
      vertex -5.866941040363212 -5.816401595635982 -1.4729129228447957
      vertex -19.70082344574852 -5.022998869575172 -3.2816889487345593
      vertex -5.8381426113632635 -5.58587589351615 -1.9984585879271215
    endloop
  endfacet
  facet normal 1.8667906586659684e-16 -0.9157733266550566 -0.40169542465297137
    outer loop
      vertex -5.8057368657519035 -5.551140292767492 -2.0776477812778817
      vertex -5.8381426113632635 -5.58587589351615 -1.9984585879271215
      vertex -19.70082344574852 -5.022998869575172 -3.2816889487345593
    endloop
  endfacet
  facet normal 5.846107037011278e-17 -0.9965844930066697 -0.0825793454723346
    outer loop
      vertex -6.192011072650501 -5.851572047320715 -1.0484686921407813
      vertex -6.192853884068351 -5.854707532813441 -1.0106290095636843
      vertex -19.70082344574852 -5.816401595635982 -1.4729129228447957
    endloop
  endfacet
  facet normal -2.2840995780300838e-17 -0.9965844930066698 -0.08257934547233224
    outer loop
      vertex -6.192853884068351 -5.854707532813441 -1.0106290095636843
      vertex -6.216906988936604 -5.939505507417751 0.012730355246769109
      vertex -19.70082344574852 -5.816401595635982 -1.4729129228447957
    endloop
  endfacet
  facet normal 1.313981359171873e-16 -0.9965844930066697 -0.08257934547233363
    outer loop
      vertex -6.216906988936604 -5.939505507417751 0.012730355246769109
      vertex -6.062023958082509 -5.973265990593629 0.4201587965482887
      vertex -19.70082344574852 -5.816401595635982 -1.4729129228447957
    endloop
  endfacet
  facet normal -5.516321365054622e-16 -0.9965844930066702 -0.08257934547232873
    outer loop
      vertex -6.062023958082509 -5.973265990593629 0.4201587965482887
      vertex -6.036208948100607 -5.9795069580400195 0.4954760728339962
      vertex -19.70082344574852 -5.816401595635982 -1.4729129228447957
    endloop
  endfacet
  facet normal 4.5637747391456486e-17 -0.475947393037074 -0.8794737512064889
    outer loop
      vertex -5.054505206910336 -3.3480002787084744 -4.917367698518448
      vertex -19.70082344574852 -3.6852762761380067 -4.734843056378361
      vertex -19.70082344574852 -1.9481968152281037 -5.674903450203807
    endloop
  endfacet
  facet normal 6.241809825957052e-17 -0.47594739303707384 -0.8794737512064889
    outer loop
      vertex -5.490305769638704 -2.9450365020332656 -5.135440789084069
      vertex -5.054505206910336 -3.3480002787084744 -4.917367698518448
      vertex -19.70082344574852 -1.9481968152281037 -5.674903450203807
    endloop
  endfacet
  facet normal -8.710142075921751e-20 -0.47594739303707334 -0.8794737512064893
    outer loop
      vertex -5.814661654457011 -2.013707374058991 -5.639450908670658
      vertex -19.70082344574852 -1.9481968152281037 -5.674903450203807
      vertex -5.793068323659411 -1.9481968152281037 -5.674903450203807
    endloop
  endfacet
  facet normal -7.154604543630156e-18 -0.4759473930370746 -0.8794737512064884
    outer loop
      vertex -5.490305769638704 -2.9450365020332656 -5.135440789084069
      vertex -19.70082344574852 -1.9481968152281037 -5.674903450203807
      vertex -5.74697905855544 -2.1881125648577058 -5.545067539321761
    endloop
  endfacet
  facet normal -7.98975377279693e-18 -0.47594739303707456 -0.8794737512064885
    outer loop
      vertex -5.814661654457011 -2.013707374058991 -5.639450908670658
      vertex -5.74697905855544 -2.1881125648577058 -5.545067539321761
      vertex -19.70082344574852 -1.9481968152281037 -5.674903450203807
    endloop
  endfacet
  facet normal 0 -0.1645945902807343 -0.9863613034027223
    outer loop
      vertex -5.793068323659411 -1.9481968152281037 -5.674903450203807
      vertex -19.70082344574852 -1.9481968152281037 -5.674903450203807
      vertex -5.923157332332831 -1.5998633763563759 -5.733030020512661
    endloop
  endfacet
  facet normal -9.727643225937337e-16 -0.16459459028074624 -0.9863613034027202
    outer loop
      vertex -6.204467886269521 -1.034048281392303 -5.827447860516105
      vertex -19.70082344574852 0 -6
      vertex -6.204543600122358 -1.023377144503723 -5.82922855831715
    endloop
  endfacet
  facet normal -7.480834392519233e-19 -0.16459459028073378 -0.9863613034027224
    outer loop
      vertex -6.204543600122358 -1.023377144503723 -5.82922855831715
      vertex -19.70082344574852 0 -6
      vertex -6.216340347835351 0 -6
    endloop
  endfacet
  facet normal -3.994414456797078e-17 -0.1645945902807344 -0.9863613034027223
    outer loop
      vertex -5.923157332332831 -1.5998633763563759 -5.733030020512661
      vertex -19.70082344574852 0 -6
      vertex -6.204467886269521 -1.034048281392303 -5.827447860516105
    endloop
  endfacet
  facet normal 0 -0.7357239106731318 -0.6772815716257409
    outer loop
      vertex -5.007695016910431 -5.022998869575172 -3.2816889487345593
      vertex -19.70082344574852 -5.022998869575172 -3.2816889487345593
      vertex -19.70082344574852 -3.6852762761380067 -4.734843056378361
    endloop
  endfacet
  facet normal 8.091488800911426e-18 -0.915773326655057 -0.4016954246529705
    outer loop
      vertex -5.052260168835547 -5.045827971864629 -3.2296438377746184
      vertex -5.198662123181184 -5.101376637317869 -3.1030056362135485
      vertex -19.70082344574852 -5.022998869575172 -3.2816889487345593
    endloop
  endfacet
  facet normal 0 -0.9157733266550578 -0.40169542465296854
    outer loop
      vertex -5.007695016910431 -5.022998869575172 -3.2816889487345593
      vertex -5.052260168835547 -5.045827971864629 -3.2296438377746184
      vertex -19.70082344574852 -5.022998869575172 -3.2816889487345593
    endloop
  endfacet
  facet normal 9.589032456929505e-16 -0.7357239106731269 -0.6772815716257462
    outer loop
      vertex -5.007695016910431 -5.022998869575172 -3.2816889487345593
      vertex -19.70082344574852 -3.6852762761380067 -4.734843056378361
      vertex -4.978660756638213 -4.981843943690029 -3.3263951156881344
    endloop
  endfacet
  facet normal -1.0257535930687575e-16 -0.7357239106731324 -0.6772815716257402
    outer loop
      vertex -4.894733386082233 -4.724693014107554 -3.6057354897241725
      vertex -4.978660756638213 -4.981843943690029 -3.3263951156881344
      vertex -19.70082344574852 -3.6852762761380067 -4.734843056378361
    endloop
  endfacet
  facet normal 1.5605064898719375e-17 -0.7357239106731317 -0.677281571625741
    outer loop
      vertex -4.894733386082233 -4.724693014107554 -3.6057354897241725
      vertex -19.70082344574852 -3.6852762761380067 -4.734843056378361
      vertex -4.769253269700584 -3.7435229447156937 -4.671570307517363
    endloop
  endfacet
  facet normal 0 -0.7357239106731333 -0.6772815716257393
    outer loop
      vertex -4.77452151880557 -3.6852762761380067 -4.734843056378361
      vertex -4.769253269700584 -3.7435229447156937 -4.671570307517363
      vertex -19.70082344574852 -3.6852762761380067 -4.734843056378361
    endloop
  endfacet
  facet normal -3.7368893493160765e-19 -0.4759473930370725 -0.8794737512064896
    outer loop
      vertex -5.054505206910336 -3.3480002787084744 -4.917367698518448
      vertex -4.77452151880557 -3.6852762761380067 -4.734843056378361
      vertex -19.70082344574852 -3.6852762761380067 -4.734843056378361
    endloop
  endfacet
  facet normal 8.552662536170647e-15 -0.7357239106731338 -0.6772815716257385
    outer loop
      vertex -4.493298925539243 -4.116533242156537 -4.266373109997607
      vertex -4.790033992074566 -4.607372703527021 -3.7331793200568133
      vertex -4.894733386082233 -4.724693014107554 -3.6057354897241725
    endloop
  endfacet
  facet normal 2.3639649356616494e-15 -0.735723910673132 -0.6772815716257405
    outer loop
      vertex -4.687644568237337 -3.8436628291195496 -4.562789395036442
      vertex -4.493298925539243 -4.116533242156537 -4.266373109997607
      vertex -4.894733386082233 -4.724693014107554 -3.6057354897241725
    endloop
  endfacet
  facet normal -2.2160983474392827e-15 -0.7357239106731315 -0.6772815716257411
    outer loop
      vertex -4.687644568237337 -3.8436628291195496 -4.562789395036442
      vertex -4.894733386082233 -4.724693014107554 -3.6057354897241725
      vertex -4.769253269700584 -3.7435229447156937 -4.671570307517363
    endloop
  endfacet
  facet normal -9.271030865949382e-15 -0.7357239106731286 -0.6772815716257443
    outer loop
      vertex -4.497991210850982 -4.241025534078792 -4.131138431100549
      vertex -4.493298925539243 -4.116533242156537 -4.266373109997607
      vertex -4.454494010820547 -4.100486737039829 -4.283804261222883
    endloop
  endfacet
  facet normal 4.549970842490874e-15 -0.7357239106731306 -0.6772815716257422
    outer loop
      vertex -4.497991210850982 -4.241025534078792 -4.131138431100549
      vertex -4.454494010820547 -4.100486737039829 -4.283804261222883
      vertex -4.454494010820547 -4.258894685792454 -4.1117273578778875
    endloop
  endfacet
  facet normal 4.625866404904194e-15 -0.7357239106731306 -0.6772815716257423
    outer loop
      vertex -4.454494010820547 -4.258894685792454 -4.1117273578778875
      vertex -4.454494010820547 -4.100486737039829 -4.283804261222883
      vertex -4.30809311674444 -4.236730291872955 -4.135804307931334
    endloop
  endfacet
  facet normal -1.070384894846194e-14 -0.7357239106731285 -0.6772815716257444
    outer loop
      vertex -4.497991210850982 -4.241025534078792 -4.131138431100549
      vertex -4.790033992074566 -4.607372703527021 -3.7331793200568133
      vertex -4.493298925539243 -4.116533242156537 -4.266373109997607
    endloop
  endfacet
  facet normal 3.2954749125607966e-16 -0.7357239106731326 -0.6772815716257399
    outer loop
      vertex -4.454494010820547 -4.100486737039829 -4.283804261222883
      vertex -4.298505223947447 -4.124258237918118 -4.25798152763401
      vertex -4.30809311674444 -4.236730291872955 -4.135804307931334
    endloop
  endfacet
  facet normal -1 0 0
    outer loop
      vertex -20 -5.223240943901499 2.2911259019619763
      vertex -20 -5.529109674528157 -1.4001607278199344
      vertex -20 -5.684158706546891 0.4710028189695723
    endloop
  endfacet
  facet normal -1 0 0
    outer loop
      vertex -20 -5.529109674528157 -1.4001607278199344
      vertex -20 -5.223240943901499 2.2911259019619763
      vertex -20 -4.1963039780505795 3.8629699429955418
    endloop
  endfacet
  facet normal -1 0 0
    outer loop
      vertex -20 -4.774895816298139 -3.119595134017973
      vertex -20 -4.1963039780505795 3.8629699429955418
      vertex -20 -2.714632363812901 5.016201250551027
    endloop
  endfacet
  facet normal -1 0 0
    outer loop
      vertex -20 -3.5032479062298556 -4.500973001939273
      vertex -20 -2.714632363812901 5.016201250551027
      vertex -20 -0.9387882110950041 5.625849318227351
    endloop
  endfacet
  facet normal -1 0 0
    outer loop
      vertex -20 -1.8519687270295564 -5.39460060530848
      vertex -20 -0.9387882110950041 5.625849318227351
      vertex -20 2.714632363812901 5.016201250551027
    endloop
  endfacet
  facet normal 0 -0.32469946920468384 0.9458172417006345
    outer loop
      vertex -6.166074585765524 -0.9875675416844049 5.918167820416334
      vertex -19.70082344574852 -0.9875675416844049 5.918167820416334
      vertex -19.70082344574852 -2.8556843582224425 5.276842507238934
    endloop
  endfacet
  facet normal 0 -0.9694002659393304 0.24548548714079943
    outer loop
      vertex -5.501044111469949 -5.494639959930345 2.4101725479178158
      vertex -19.70082344574852 -5.494639959930345 2.4101725479178158
      vertex -19.70082344574852 -5.9795069580400195 0.4954760728339962
    endloop
  endfacet
  facet normal 0 -0.9694002659393304 0.24548548714079932
    outer loop
      vertex -6.036208948100607 -5.9795069580400195 0.4954760728339962
      vertex -6.1891124985975905 -5.837270111565053 1.057156677276896
      vertex -19.70082344574852 -5.9795069580400195 0.4954760728339962
    endloop
  endfacet
  facet normal -4.74066899527907e-16 -0.9694002659393277 0.24548548714081006
    outer loop
      vertex -6.1891124985975905 -5.837270111565053 1.057156677276896
      vertex -6.173329812337624 -5.826942362352246 1.0979400366113223
      vertex -19.70082344574852 -5.9795069580400195 0.4954760728339962
    endloop
  endfacet
  facet normal 5.083900591706008e-17 -0.9694002659393305 0.24548548714079896
    outer loop
      vertex -6.173329812337624 -5.826942362352246 1.0979400366113223
      vertex -5.82974119253901 -5.59235061165873 2.0243219101720764
      vertex -19.70082344574852 -5.9795069580400195 0.4954760728339962
    endloop
  endfacet
  facet normal -1.921410140868949e-16 -0.9694002659393299 0.245485487140801
    outer loop
      vertex -5.82974119253901 -5.59235061165873 2.0243219101720764
      vertex -5.591050480106469 -5.524983588857057 2.2903482670867135
      vertex -19.70082344574852 -5.9795069580400195 0.4954760728339962
    endloop
  endfacet
  facet normal 3.7806948100661086e-16 -0.969400265939331 0.24548548714079682
    outer loop
      vertex -5.591050480106469 -5.524983588857057 2.2903482670867135
      vertex -5.501044111469949 -5.494639959930345 2.4101725479178158
      vertex -19.70082344574852 -5.9795069580400195 0.4954760728339962
    endloop
  endfacet
  facet normal 0 -0.8371664782625287 0.5469481581224267
    outer loop
      vertex -5.501044111469949 -5.494639959930345 2.4101725479178158
      vertex -5.484762938795213 -5.172528840546497 2.90320031923251
      vertex -19.70082344574852 -5.494639959930345 2.4101725479178158
    endloop
  endfacet
  facet normal -3.128584931345669e-17 -0.8371664782625283 0.5469481581224273
    outer loop
      vertex -5.484762938795213 -5.172528840546497 2.90320031923251
      vertex -5.391147904768003 -5.101331059262983 3.0121766361504356
      vertex -19.70082344574852 -5.494639959930345 2.4101725479178158
    endloop
  endfacet
  facet normal 0 -0.8371664782625285 0.5469481581224269
    outer loop
      vertex -4.402775334033568 -4.41434346403879 4.0636894297544455
      vertex -19.700823445748515 -4.41434346403879 4.0636894297544455
      vertex -19.70082344574852 -5.494639959930345 2.4101725479178158
    endloop
  endfacet
  facet normal 0 -0.6142127126896681 0.7891405093963934
    outer loop
      vertex -5.442235245334998 -2.8556843582224425 5.276842507238934
      vertex -19.70082344574852 -2.8556843582224425 5.276842507238934
      vertex -19.700823445748515 -4.41434346403879 4.0636894297544455
    endloop
  endfacet
  facet normal 8.061039880570973e-17 -0.6142127126896686 0.7891405093963929
    outer loop
      vertex -5.176715705005426 -3.26704270953754 4.956669450805607
      vertex -5.459998907697545 -2.9254271558062173 5.222559508983956
      vertex -19.700823445748515 -4.41434346403879 4.0636894297544455
    endloop
  endfacet
  facet normal 1.678963119236209e-16 -0.614212712689669 0.7891405093963927
    outer loop
      vertex -5.459998907697545 -2.9254271558062173 5.222559508983956
      vertex -5.442235245334998 -2.8556843582224425 5.276842507238934
      vertex -19.700823445748515 -4.41434346403879 4.0636894297544455
    endloop
  endfacet
  facet normal 0 -0.3246994692046849 0.9458172417006342
    outer loop
      vertex -5.442235245334998 -2.8556843582224425 5.276842507238934
      vertex -5.636025436439738 -2.354674949468185 5.448839254513869
      vertex -19.70082344574852 -2.8556843582224425 5.276842507238934
    endloop
  endfacet
  facet normal 2.070989901477465e-15 -0.3246994692046973 0.94581724170063
    outer loop
      vertex -6.191297554639254 -1.0306753298615325 5.903368898042563
      vertex -6.166074585765524 -0.9875675416844049 5.918167820416334
      vertex -19.70082344574852 -2.8556843582224425 5.276842507238934
    endloop
  endfacet
  facet normal -6.972874802419713e-17 -0.3246994692046831 0.9458172417006347
    outer loop
      vertex -5.636025436439738 -2.354674949468185 5.448839254513869
      vertex -6.191297554639254 -1.0306753298615325 5.903368898042563
      vertex -19.70082344574852 -2.8556843582224425 5.276842507238934
    endloop
  endfacet
  facet normal 0 0 1
    outer loop
      vertex -6.166074585765524 -0.9875675416844049 5.918167820416334
      vertex -6.166074585765524 0.9875675416844049 5.918167820416334
      vertex -19.70082344574852 -0.9875675416844049 5.918167820416334
    endloop
  endfacet
  facet normal -5.1798141949530297e-17 -0.837166478262528 0.5469481581224277
    outer loop
      vertex -5.391147904768003 -5.101331059262983 3.0121766361504356
      vertex -4.902482953629266 -4.699079174402996 3.6278689807022593
      vertex -19.70082344574852 -5.494639959930345 2.4101725479178158
    endloop
  endfacet
  facet normal 2.3503669625494416e-16 -0.8371664782625295 0.5469481581224251
    outer loop
      vertex -4.902482953629266 -4.699079174402996 3.6278689807022593
      vertex -4.683749408276679 -4.612530324098712 3.760341857941002
      vertex -19.70082344574852 -5.494639959930345 2.4101725479178158
    endloop
  endfacet
  facet normal 4.717645997487915e-16 -0.8371664782625309 0.5469481581224234
    outer loop
      vertex -4.683749408276679 -4.612530324098712 3.760341857941002
      vertex -4.488714735934907 -4.481029969743208 3.961618134149672
      vertex -19.70082344574852 -5.494639959930345 2.4101725479178158
    endloop
  endfacet
  facet normal -8.223804251088656e-16 -0.837166478262525 0.5469481581224322
    outer loop
      vertex -4.488714735934907 -4.481029969743208 3.961618134149672
      vertex -4.402775334033568 -4.41434346403879 4.0636894297544455
      vertex -19.70082344574852 -5.494639959930345 2.4101725479178158
    endloop
  endfacet
  facet normal 0 -0.6142127126896731 0.7891405093963894
    outer loop
      vertex -4.402775334033568 -4.41434346403879 4.0636894297544455
      vertex -4.383663175326747 -4.372112522436652 4.096559090977045
      vertex -19.700823445748515 -4.41434346403879 4.0636894297544455
    endloop
  endfacet
  facet normal -3.526182884967683e-17 -0.6142127126896653 0.7891405093963956
    outer loop
      vertex -4.383663175326747 -4.372112522436652 4.096559090977045
      vertex -4.377511282966235 -4.329837717754105 4.129462892205489
      vertex -19.700823445748515 -4.41434346403879 4.0636894297544455
    endloop
  endfacet
  facet normal 1.031383012196674e-17 -0.6142127126896704 0.7891405093963915
    outer loop
      vertex -4.377511282966235 -4.329837717754105 4.129462892205489
      vertex -4.482769047557062 -4.174802790551451 4.250131419628603
      vertex -19.700823445748515 -4.41434346403879 4.0636894297544455
    endloop
  endfacet
  facet normal -6.365078583200136e-17 -0.6142127126896674 0.7891405093963939
    outer loop
      vertex -5.176715705005426 -3.26704270953754 4.956669450805607
      vertex -19.700823445748515 -4.41434346403879 4.0636894297544455
      vertex -4.482769047557062 -4.174802790551451 4.250131419628603
    endloop
  endfacet
  facet normal 3.855264876972137e-14 -0.614212712689654 0.7891405093964043
    outer loop
      vertex -4.377511282966235 -4.329837717754105 4.129462892205489
      vertex -4.47210222927328 -4.166628052815278 4.256494073402772
      vertex -4.482769047557062 -4.174802790551451 4.250131419628603
    endloop
  endfacet
  facet normal 1.3311612667054214e-14 -0.6142127126896635 0.7891405093963971
    outer loop
      vertex -4.377511282966235 -4.329837717754105 4.129462892205489
      vertex -4.463488395801181 -4.170914115036293 4.25315809727155
      vertex -4.47210222927328 -4.166628052815278 4.256494073402772
    endloop
  endfacet
  facet normal 1.2450179768459024e-14 -0.6142127126896634 0.7891405093963969
    outer loop
      vertex -4.377511282966235 -4.329837717754105 4.129462892205489
      vertex -4.430935649382079 -4.155661014490368 4.265030061961851
      vertex -4.463488395801181 -4.170914115036293 4.25315809727155
    endloop
  endfacet
  facet normal 1.8716826582154266e-15 -0.6142127126896655 0.7891405093963954
    outer loop
      vertex -4.377511282966235 -4.329837717754105 4.129462892205489
      vertex -4.2747802265992085 -4.312273074621145 4.143134002708197
      vertex -4.430935649382079 -4.155661014490368 4.265030061961851
    endloop
  endfacet
  facet normal 4.0336914484263195e-14 -0.6142127126896627 0.7891405093963977
    outer loop
      vertex -4.2747802265992085 -4.312273074621145 4.143134002708197
      vertex -4.265507149811116 -4.29696590376641 4.155048052009103
      vertex -4.291623835470922 -4.179147380848194 4.246749889267513
    endloop
  endfacet
  facet normal 1.4658057121344727e-15 -0.6142127126896658 0.7891405093963952
    outer loop
      vertex -4.430935649382079 -4.155661014490368 4.265030061961851
      vertex -4.2747802265992085 -4.312273074621145 4.143134002708197
      vertex -4.291623835470922 -4.179147380848194 4.246749889267513
    endloop
  endfacet
  facet normal 0 0.1645945902807339 -0.9863613034027223
    outer loop
      vertex -6.216340347835351 0 -6
      vertex -19.70082344574852 0 -6
      vertex -19.70082344574852 1.9481968152281008 -5.674903450203808
    endloop
  endfacet
  facet normal 0 0.4759473930370737 -0.879473751206489
    outer loop
      vertex -5.793068323659413 1.9481968152281008 -5.674903450203808
      vertex -19.70082344574852 1.9481968152281008 -5.674903450203808
      vertex -19.70082344574852 3.6852762761380067 -4.734843056378361
    endloop
  endfacet
  facet normal -1 0 0
    outer loop
      vertex -20 -1.8519687270295564 -5.39460060530848
      vertex -20 2.714632363812901 5.016201250551027
      vertex -20 2.501818192626123e-17 -5.703639527239612
    endloop
  endfacet
  facet normal -1 0 0
    outer loop
      vertex -20 2.714632363812901 5.016201250551027
      vertex -20 1.8519687270295535 -5.394600605308481
      vertex -20 2.501818192626123e-17 -5.703639527239612
    endloop
  endfacet
  facet normal -1 0 0
    outer loop
      vertex -20 1.8519687270295535 -5.394600605308481
      vertex -20 4.1963039780505795 3.8629699429955418
      vertex -20 3.5032479062298565 -4.500973001939273
    endloop
  endfacet
  facet normal -1 0 0
    outer loop
      vertex -20 5.223240943901498 2.291125901961978
      vertex -20 4.774895816298138 -3.119595134017975
      vertex -20 3.5032479062298565 -4.500973001939273
    endloop
  endfacet
  facet normal -1 0 0
    outer loop
      vertex -20 4.774895816298138 -3.119595134017975
      vertex -20 5.684158706546891 0.47100281896957086
      vertex -20 5.529109674528157 -1.4001607278199342
    endloop
  endfacet
  facet normal -1 0 0
    outer loop
      vertex -20 4.774895816298138 -3.119595134017975
      vertex -20 5.223240943901498 2.291125901961978
      vertex -20 5.684158706546891 0.47100281896957086
    endloop
  endfacet
  facet normal -1.953348099658096e-17 0.9965844930066698 -0.08257934547233262
    outer loop
      vertex -5.9139231151498395 5.827278408868045 -1.3416493079735095
      vertex -19.70082344574852 5.816401595635982 -1.4729129228447957
      vertex -19.70082344574852 5.9795069580400195 0.4954760728339947
    endloop
  endfacet
  facet normal -1.5226469185075294e-17 0.1645945902807338 -0.9863613034027224
    outer loop
      vertex -6.216340347835351 0 -6
      vertex -19.70082344574852 1.9481968152281008 -5.674903450203808
      vertex -6.204543600122358 1.0233771445037227 -5.82922855831715
    endloop
  endfacet
  facet normal 1.3277959342231066e-15 0.1645945902807529 -0.9863613034027193
    outer loop
      vertex -6.204543600122358 1.0233771445037227 -5.82922855831715
      vertex -19.70082344574852 1.9481968152281008 -5.674903450203808
      vertex -6.204467886269521 1.0340482813923024 -5.827447860516105
    endloop
  endfacet
  facet normal -7.046723043740265e-17 0.1645945902807328 -0.9863613034027227
    outer loop
      vertex -6.204467886269521 1.0340482813923024 -5.827447860516105
      vertex -19.70082344574852 1.9481968152281008 -5.674903450203808
      vertex -5.92315733233283 1.599863376356381 -5.733030020512661
    endloop
  endfacet
  facet normal -2.5848641000489264e-19 0.16459459028073553 -0.986361303402722
    outer loop
      vertex -5.92315733233283 1.599863376356381 -5.733030020512661
      vertex -19.70082344574852 1.9481968152281008 -5.674903450203808
      vertex -5.793068323659413 1.9481968152281008 -5.674903450203808
    endloop
  endfacet
  facet normal -2.8096828318245444e-16 0.47594739303707195 -0.8794737512064899
    outer loop
      vertex -5.793068323659413 1.9481968152281008 -5.674903450203808
      vertex -19.70082344574852 3.6852762761380067 -4.734843056378361
      vertex -5.814661654457014 2.0137073740589884 -5.639450908670659
    endloop
  endfacet
  facet normal -2.336982488429177e-17 0.4759473930370737 -0.879473751206489
    outer loop
      vertex -5.814661654457014 2.0137073740589884 -5.639450908670659
      vertex -19.70082344574852 3.6852762761380067 -4.734843056378361
      vertex -5.746979058555441 2.1881125648577036 -5.545067539321762
    endloop
  endfacet
  facet normal -7.806169177531842e-17 0.4759473930370732 -0.8794737512064893
    outer loop
      vertex -5.746979058555441 2.1881125648577036 -5.545067539321762
      vertex -19.70082344574852 3.6852762761380067 -4.734843056378361
      vertex -5.490305769638702 2.9450365020332647 -5.135440789084071
    endloop
  endfacet
  facet normal 0 0.7357239106731316 -0.6772815716257411
    outer loop
      vertex -4.774521518805568 3.6852762761380067 -4.734843056378361
      vertex -19.70082344574852 3.6852762761380067 -4.734843056378361
      vertex -19.70082344574852 5.022998869575171 -3.281688948734561
    endloop
  endfacet
  facet normal 4.932135206065848e-17 0.4759473930370752 -0.8794737512064881
    outer loop
      vertex -5.490305769638702 2.9450365020332647 -5.135440789084071
      vertex -19.70082344574852 3.6852762761380067 -4.734843056378361
      vertex -5.0545052069103376 3.3480002787084704 -4.917367698518451
    endloop
  endfacet
  facet normal 0 0.9157733266550574 -0.4016954246529696
    outer loop
      vertex -5.008576780553938 5.022998869575171 -3.281688948734561
      vertex -19.70082344574852 5.022998869575171 -3.281688948734561
      vertex -19.70082344574852 5.816401595635982 -1.4729129228447957
    endloop
  endfacet
  facet normal -3.1120720959025095e-16 0.9157733266550564 -0.40169542465297164
    outer loop
      vertex -5.072703620773961 5.054921036617802 -3.2089137381831248
      vertex -19.70082344574852 5.816401595635982 -1.4729129228447957
      vertex -5.238016939707058 5.120691024894448 -3.0589732677129877
    endloop
  endfacet
  facet normal 2.3964795533530945e-17 0.9157733266550576 -0.40169542465296887
    outer loop
      vertex -5.489744100609368 5.1894249362427445 -2.9022757332468645
      vertex -19.70082344574852 5.816401595635982 -1.4729129228447957
      vertex -5.794165571441534 5.541030499415133 -2.10069578860354
    endloop
  endfacet
  facet normal -3.9326878300144885e-16 0.9157733266550563 -0.40169542465297237
    outer loop
      vertex -5.489744100609368 5.1894249362427445 -2.9022757332468645
      vertex -5.238016939707058 5.120691024894448 -3.0589732677129877
      vertex -19.70082344574852 5.816401595635982 -1.4729129228447957
    endloop
  endfacet
  facet normal -3.2201972641362956e-17 0.9157733266550572 -0.4016954246529698
    outer loop
      vertex -5.794165571441534 5.541030499415133 -2.10069578860354
      vertex -19.70082344574852 5.816401595635982 -1.4729129228447957
      vertex -5.834251398617198 5.586384820278236 -1.997298351774712
    endloop
  endfacet
  facet normal -1.1687498508472219e-17 0.9157733266550575 -0.4016954246529694
    outer loop
      vertex -5.834251398617198 5.586384820278236 -1.997298351774712
      vertex -19.70082344574852 5.816401595635982 -1.4729129228447957
      vertex -5.81803789483965 5.758251432067205 -1.6054819427257685
    endloop
  endfacet
  facet normal 0 0.9965844930066697 -0.08257934547233466
    outer loop
      vertex -5.853278088996446 5.816401595635982 -1.4729129228447957
      vertex -19.70082344574852 5.816401595635982 -1.4729129228447957
      vertex -5.9139231151498395 5.827278408868045 -1.3416493079735095
    endloop
  endfacet
  facet normal 6.528743859289365e-20 0.9157733266550578 -0.40169542465296837
    outer loop
      vertex -5.81803789483965 5.758251432067205 -1.6054819427257685
      vertex -19.70082344574852 5.816401595635982 -1.4729129228447957
      vertex -5.853278088996446 5.816401595635982 -1.4729129228447957
    endloop
  endfacet
  facet normal -8.636808103949585e-16 0.9965844930066692 -0.08257934547234033
    outer loop
      vertex -6.187618094003167 5.851632849372863 -1.0477349204940425
      vertex -19.70082344574852 5.9795069580400195 0.4954760728339947
      vertex -6.189066768988794 5.858132150355314 -0.9693000220645874
    endloop
  endfacet
  facet normal 6.866574917199857e-18 0.9965844930066698 -0.08257934547233237
    outer loop
      vertex -6.189066768988794 5.858132150355314 -0.9693000220645874
      vertex -19.70082344574852 5.9795069580400195 0.4954760728339947
      vertex -6.216203352516414 5.939505407922231 0.01272915451440297
    endloop
  endfacet
  facet normal 2.971387428568164e-16 0.99658449300667 -0.08257934547233023
    outer loop
      vertex -5.9139231151498395 5.827278408868045 -1.3416493079735095
      vertex -19.70082344574852 5.9795069580400195 0.4954760728339947
      vertex -6.187618094003167 5.851632849372863 -1.0477349204940425
    endloop
  endfacet
  facet normal -5.279221484193021e-20 0.47594739303707345 -0.8794737512064891
    outer loop
      vertex -5.0545052069103376 3.3480002787084704 -4.917367698518451
      vertex -19.70082344574852 3.6852762761380067 -4.734843056378361
      vertex -4.774521518805568 3.6852762761380067 -4.734843056378361
    endloop
  endfacet
  facet normal -5.076522561454406e-16 0.735723910673129 -0.677281571625744
    outer loop
      vertex -4.774521518805568 3.6852762761380067 -4.734843056378361
      vertex -19.70082344574852 5.022998869575171 -3.281688948734561
      vertex -4.76925326970058 3.743522944715693 -4.6715703075173645
    endloop
  endfacet
  facet normal -1.4902997969037757e-16 0.7357239106731309 -0.677281571625742
    outer loop
      vertex -4.76925326970058 3.743522944715693 -4.6715703075173645
      vertex -19.70082344574852 5.022998869575171 -3.281688948734561
      vertex -4.6876445682373316 3.8436628291195536 -4.562789395036439
    endloop
  endfacet
  facet normal 3.2424885213495215e-16 0.7357239106731336 -0.6772815716257389
    outer loop
      vertex -4.6876445682373316 3.8436628291195536 -4.562789395036439
      vertex -19.70082344574852 5.022998869575171 -3.281688948734561
      vertex -4.493298925539243 4.116533242156537 -4.266373109997607
    endloop
  endfacet
  facet normal -2.267787842836276e-15 0.7357239106731136 -0.6772815716257605
    outer loop
      vertex -4.493298925539243 4.116533242156537 -4.266373109997607
      vertex -19.70082344574852 5.022998869575171 -3.281688948734561
      vertex -4.298505223947446 4.124258237918118 -4.257981527634011
    endloop
  endfacet
  facet normal 9.242810805614595e-17 0.7357239106731323 -0.6772815716257403
    outer loop
      vertex -4.499382839861378 4.24045383682245 -4.131759459870234
      vertex -4.298505223947446 4.124258237918118 -4.257981527634011
      vertex -19.70082344574852 5.022998869575171 -3.281688948734561
    endloop
  endfacet
  facet normal -6.900658496015797e-17 0.7357239106731306 -0.6772815716257422
    outer loop
      vertex -4.819850496450662 4.636369099518642 -3.701680837375271
      vertex -19.70082344574852 5.022998869575171 -3.281688948734561
      vertex -4.896094439158265 4.7241248518468355 -3.6063526784649644
    endloop
  endfacet
  facet normal -1.5699522936901375e-17 0.7357239106731318 -0.6772815716257408
    outer loop
      vertex -4.896094439158265 4.7241248518468355 -3.6063526784649644
      vertex -19.70082344574852 5.022998869575171 -3.281688948734561
      vertex -4.979954315712715 4.984193996111644 -3.3238422782415666
    endloop
  endfacet
  facet normal -4.6499710985548674e-17 0.7357239106731311 -0.6772815716257417
    outer loop
      vertex -4.499382839861378 4.24045383682245 -4.131759459870234
      vertex -19.70082344574852 5.022998869575171 -3.281688948734561
      vertex -4.819850496450662 4.636369099518642 -3.701680837375271
    endloop
  endfacet
  facet normal 0 0.7357239106731346 -0.6772815716257379
    outer loop
      vertex -5.008576780553938 5.022998869575171 -3.281688948734561
      vertex -4.979954315712715 4.984193996111644 -3.3238422782415666
      vertex -19.70082344574852 5.022998869575171 -3.281688948734561
    endloop
  endfacet
  facet normal -3.78018819774315e-16 0.9157733266550562 -0.40169542465297214
    outer loop
      vertex -5.008576780553938 5.022998869575171 -3.281688948734561
      vertex -19.70082344574852 5.816401595635982 -1.4729129228447957
      vertex -5.072703620773961 5.054921036617802 -3.2089137381831248
    endloop
  endfacet
  facet normal 5.1837945212648664e-15 0.9965844930066703 -0.08257934547232569
    outer loop
      vertex -5.9139231151498395 5.827278408868045 -1.3416493079735095
      vertex -6.187618094003167 5.851632849372863 -1.0477349204940425
      vertex -5.988421561256339 5.835271877338841 -1.2451824895727437
    endloop
  endfacet
  facet normal -5.283902993640203e-15 0.7357239106731487 -0.6772815716257227
    outer loop
      vertex -4.493298925539243 4.116533242156537 -4.266373109997607
      vertex -4.298505223947446 4.124258237918118 -4.257981527634011
      vertex -4.454494010820547 4.100486737039828 -4.283804261222885
    endloop
  endfacet
  facet normal 1.8064676384951012e-16 0.7357239106731323 -0.6772815716257402
    outer loop
      vertex -4.499382839861378 4.24045383682245 -4.131759459870234
      vertex -4.454494010820547 4.258894685792453 -4.111727357877888
      vertex -4.298505223947446 4.124258237918118 -4.257981527634011
    endloop
  endfacet
  facet normal 5.421990103995359e-15 0.7357239106731351 -0.6772815716257373
    outer loop
      vertex -4.454494010820547 4.258894685792453 -4.111727357877888
      vertex -4.308093116744439 4.236730291872956 -4.135804307931333
      vertex -4.298505223947446 4.124258237918118 -4.257981527634011
    endloop
  endfacet
  facet normal -1 0 0
    outer loop
      vertex -20 4.1963039780505795 3.8629699429955418
      vertex -20 1.8519687270295535 -5.394600605308481
      vertex -20 2.714632363812901 5.016201250551027
    endloop
  endfacet
  facet normal -1 0 0
    outer loop
      vertex -20 3.5032479062298565 -4.500973001939273
      vertex -20 4.1963039780505795 3.8629699429955418
      vertex -20 5.223240943901498 2.291125901961978
    endloop
  endfacet
  facet normal -1 0 0
    outer loop
      vertex -20 2.714632363812901 5.016201250551027
      vertex -20 -0.9387882110950041 5.625849318227351
      vertex -20 0.9387882110950041 5.625849318227351
    endloop
  endfacet
  facet normal 0 0 1
    outer loop
      vertex -6.166074585765524 0.9875675416844049 5.918167820416334
      vertex -19.70082344574852 0.9875675416844049 5.918167820416334
      vertex -19.70082344574852 -0.9875675416844049 5.918167820416334
    endloop
  endfacet
  facet normal 3.8602803590163865e-17 0.3246994692046839 0.9458172417006345
    outer loop
      vertex -6.191297554639254 1.0306753298615328 5.903368898042563
      vertex -19.70082344574852 2.8556843582224425 5.276842507238934
      vertex -19.70082344574852 0.9875675416844049 5.918167820416334
    endloop
  endfacet
  facet normal 4.158512715474166e-17 0.9694002659393304 0.24548548714079957
    outer loop
      vertex -6.030289716513684 5.93669562498903 0.6645342038388753
      vertex -19.70082344574852 5.9795069580400195 0.4954760728339947
      vertex -19.70082344574852 5.494639959930344 2.410172547917817
    endloop
  endfacet
  facet normal 0 0.6142127126896681 0.7891405093963934
    outer loop
      vertex -4.394295575579409 4.41434346403879 4.0636894297544455
      vertex -19.700823445748515 4.41434346403879 4.0636894297544455
      vertex -19.70082344574852 2.8556843582224425 5.276842507238934
    endloop
  endfacet
  facet normal 2.7564416185504637e-16 0.8371664782625271 0.5469481581224291
    outer loop
      vertex -5.482877666628888 5.173013905304576 2.9024578723493453
      vertex -19.700823445748515 4.41434346403879 4.0636894297544455
      vertex -5.404768530903415 5.11060661549359 2.997979340432025
    endloop
  endfacet
  facet normal -3.7465640898045477e-17 0.8371664782625289 0.5469481581224263
    outer loop
      vertex -5.404768530903415 5.11060661549359 2.997979340432025
      vertex -19.700823445748515 4.41434346403879 4.0636894297544455
      vertex -4.903581611681144 4.698703757474806 3.6284435990879085
    endloop
  endfacet
  facet normal -5.483339105130512e-20 0.3246994692046947 0.9458172417006308
    outer loop
      vertex -6.191297554639254 1.0306753298615328 5.903368898042563
      vertex -19.70082344574852 0.9875675416844049 5.918167820416334
      vertex -6.166074585765524 0.9875675416844049 5.918167820416334
    endloop
  endfacet
  facet normal -1.2939604393803274e-18 0.32469946920468373 0.9458172417006346
    outer loop
      vertex -6.191297554639254 1.0306753298615328 5.903368898042563
      vertex -5.442235245334996 2.8556843582224425 5.276842507238934
      vertex -19.70082344574852 2.8556843582224425 5.276842507238934
    endloop
  endfacet
  facet normal 0 0.614212712689669 0.7891405093963926
    outer loop
      vertex -5.442235245334996 2.8556843582224425 5.276842507238934
      vertex -5.459998907697543 2.9254271558062173 5.222559508983956
      vertex -19.70082344574852 2.8556843582224425 5.276842507238934
    endloop
  endfacet
  facet normal 6.653145585823095e-18 0.614212712689668 0.7891405093963934
    outer loop
      vertex -5.176715705005413 3.267042709537554 4.956669450805596
      vertex -19.70082344574852 2.8556843582224425 5.276842507238934
      vertex -5.459998907697543 2.9254271558062173 5.222559508983956
    endloop
  endfacet
  facet normal 0 0.8371664782625284 0.5469481581224269
    outer loop
      vertex -5.50637797168003 5.494639959930344 2.410172547917817
      vertex -19.70082344574852 5.494639959930344 2.410172547917817
      vertex -19.700823445748515 4.41434346403879 4.0636894297544455
    endloop
  endfacet
  facet normal 3.510526784874189e-17 0.99658449300667 -0.0825793454723316
    outer loop
      vertex -6.216203352516414 5.939505407922231 0.01272915451440297
      vertex -19.70082344574852 5.9795069580400195 0.4954760728339947
      vertex -6.077381208133847 5.959274580913041 0.251307592373406
    endloop
  endfacet
  facet normal -2.0379243327754554e-17 0.9965844930066697 -0.08257934547233464
    outer loop
      vertex -6.077381208133847 5.959274580913041 0.251307592373406
      vertex -19.70082344574852 5.9795069580400195 0.4954760728339947
      vertex -6.03603775088263 5.96661112063333 0.3398464597590445
    endloop
  endfacet
  facet normal -8.320538308713087e-21 0.9965844930066697 -0.08257934547233285
    outer loop
      vertex -6.03603775088263 5.96661112063333 0.3398464597590445
      vertex -19.70082344574852 5.9795069580400195 0.4954760728339947
      vertex -6.017430481339948 5.9795069580400195 0.4954760728339947
    endloop
  endfacet
  facet normal 0 0.9694002659393294 0.24548548714080262
    outer loop
      vertex -6.017430481339948 5.9795069580400195 0.4954760728339947
      vertex -19.70082344574852 5.9795069580400195 0.4954760728339947
      vertex -6.030289716513684 5.93669562498903 0.6645342038388753
    endloop
  endfacet
  facet normal 8.461778948038322e-17 0.9694002659393302 0.24548548714079982
    outer loop
      vertex -6.030289716513684 5.93669562498903 0.6645342038388753
      vertex -19.70082344574852 5.494639959930344 2.410172547917817
      vertex -6.185477887968594 5.837421076291692 1.0565605310531145
    endloop
  endfacet
  facet normal -1.0162379274391791e-15 0.9694002659393328 0.2454854871407895
    outer loop
      vertex -6.185477887968594 5.837421076291692 1.0565605310531145
      vertex -19.70082344574852 5.494639959930344 2.410172547917817
      vertex -6.159075806782606 5.819585220631067 1.1269927322477586
    endloop
  endfacet
  facet normal -7.881342818457538e-17 0.969400265939331 0.2454854871407969
    outer loop
      vertex -5.824617895606976 5.592760263962018 2.0227042298098845
      vertex -19.70082344574852 5.494639959930344 2.410172547917817
      vertex -5.640330956260872 5.550909313181876 2.187969896992949
    endloop
  endfacet
  facet normal 8.72821521792054e-17 0.9694002659393285 0.2454854871408068
    outer loop
      vertex -5.640330956260872 5.550909313181876 2.187969896992949
      vertex -19.70082344574852 5.494639959930344 2.410172547917817
      vertex -5.567910680143198 5.52677208272451 2.283285664523386
    endloop
  endfacet
  facet normal -1.2919262755629035e-19 0.9694002659393308 0.24548548714079765
    outer loop
      vertex -5.567910680143198 5.52677208272451 2.283285664523386
      vertex -19.70082344574852 5.494639959930344 2.410172547917817
      vertex -5.50637797168003 5.494639959930344 2.410172547917817
    endloop
  endfacet
  facet normal 1.9512363749181944e-18 0.9694002659393304 0.2454854871407996
    outer loop
      vertex -6.159075806782606 5.819585220631067 1.1269927322477586
      vertex -19.70082344574852 5.494639959930344 2.410172547917817
      vertex -5.824617895606976 5.592760263962018 2.0227042298098845
    endloop
  endfacet
  facet normal -2.380613966903813e-16 0.8371664782625295 0.5469481581224255
    outer loop
      vertex -5.50637797168003 5.494639959930344 2.410172547917817
      vertex -19.700823445748515 4.41434346403879 4.0636894297544455
      vertex -5.47429099765777 5.415805036961724 2.530838380402374
    endloop
  endfacet
  facet normal 1.1656495909461138e-16 0.837166478262528 0.5469481581224278
    outer loop
      vertex -5.482877666628888 5.173013905304576 2.9024578723493453
      vertex -5.47429099765777 5.415805036961724 2.530838380402374
      vertex -19.700823445748515 4.41434346403879 4.0636894297544455
    endloop
  endfacet
  facet normal 2.5090982073167135e-17 0.6142127126896676 0.7891405093963938
    outer loop
      vertex -5.176715705005413 3.267042709537554 4.956669450805596
      vertex -4.48345683064492 4.173903093110947 4.250831682254779
      vertex -19.70082344574852 2.8556843582224425 5.276842507238934
    endloop
  endfacet
  facet normal 2.172767128509927e-16 0.6142127126896668 0.7891405093963945
    outer loop
      vertex -4.392773547530693 4.411109872168784 4.066206235330333
      vertex -4.394295575579409 4.41434346403879 4.0636894297544455
      vertex -19.70082344574852 2.8556843582224425 5.276842507238934
    endloop
  endfacet
  facet normal -2.8814300185670995e-16 0.6142127126896699 0.789140509396392
    outer loop
      vertex -4.48345683064492 4.173903093110947 4.250831682254779
      vertex -4.392773547530693 4.411109872168784 4.066206235330333
      vertex -19.70082344574852 2.8556843582224425 5.276842507238934
    endloop
  endfacet
  facet normal 3.2415753250030323e-17 0.837166478262528 0.546948158122428
    outer loop
      vertex -4.903581611681144 4.698703757474806 3.6284435990879085
      vertex -19.700823445748515 4.41434346403879 4.0636894297544455
      vertex -4.664603223341869 4.598594645541588 3.7816720018799
    endloop
  endfacet
  facet normal -3.74236001882511e-17 0.8371664782625295 0.5469481581224253
    outer loop
      vertex -4.664603223341869 4.598594645541588 3.7816720018799
      vertex -19.700823445748515 4.41434346403879 4.0636894297544455
      vertex -4.401386165958319 4.419852485947074 4.055257243995816
    endloop
  endfacet
  facet normal -4.9607470051077354e-21 0.8371664782624987 0.5469481581224728
    outer loop
      vertex -4.401386165958319 4.419852485947074 4.055257243995816
      vertex -19.700823445748515 4.41434346403879 4.0636894297544455
      vertex -4.394295575579409 4.41434346403879 4.0636894297544455
    endloop
  endfacet
  facet normal -5.55198942190539e-14 0.324699469204703 0.945817241700628
    outer loop
      vertex -6.191297554639254 1.0306753298615328 5.903368898042563
      vertex -5.6360254364397395 2.354674949468177 5.448839254513872
      vertex -5.442235245334996 2.8556843582224425 5.276842507238934
    endloop
  endfacet
  facet normal 1.489246397143026e-14 0.6142127126896663 0.7891405093963947
    outer loop
      vertex -4.48345683064492 4.173903093110947 4.250831682254779
      vertex -4.473165234635271 4.166097181584752 4.256907267066901
      vertex -4.392773547530693 4.411109872168784 4.066206235330333
    endloop
  endfacet
  facet normal 1.2375583578973238e-13 0.6142127126896259 0.7891405093964264
    outer loop
      vertex -4.473165234635271 4.166097181584752 4.256907267066901
      vertex -4.463486558682532 4.170913254225501 4.253158767267482
      vertex -4.380280118260908 4.330311124779835 4.129094424727242
    endloop
  endfacet
  facet normal -3.3330589431283375e-15 0.614212712689667 0.7891405093963941
    outer loop
      vertex -4.463486558682532 4.170913254225501 4.253158767267482
      vertex -4.430935649382079 4.155661014490367 4.265030061961852
      vertex -4.380280118260908 4.330311124779835 4.129094424727242
    endloop
  endfacet
  facet normal 2.313092209897911e-16 0.6142127126896693 0.7891405093963925
    outer loop
      vertex -4.473165234635271 4.166097181584752 4.256907267066901
      vertex -4.380280118260908 4.330311124779835 4.129094424727242
      vertex -4.392773547530693 4.411109872168784 4.066206235330333
    endloop
  endfacet
  facet normal 2.518003771050652e-15 0.6142127126896662 0.7891405093963949
    outer loop
      vertex -4.430935649382079 4.155661014490367 4.265030061961852
      vertex -4.291623835470922 4.179147380848194 4.246749889267513
      vertex -4.380280118260908 4.330311124779835 4.129094424727242
    endloop
  endfacet
  facet normal 3.781748466778371e-15 0.6142127126896665 0.7891405093963947
    outer loop
      vertex -4.380280118260908 4.330311124779835 4.129094424727242
      vertex -4.291623835470922 4.179147380848194 4.246749889267513
      vertex -4.265507149811117 4.296965903766413 4.155048052009101
    endloop
  endfacet
  facet normal -4.310891238655061e-15 0.6142127126896489 0.7891405093964082
    outer loop
      vertex -4.380280118260908 4.330311124779835 4.129094424727242
      vertex -4.265507149811117 4.296965903766413 4.155048052009101
      vertex -4.274780226599208 4.312273074621144 4.143134002708198
    endloop
  endfacet
  facet normal -9.754579875680393e-16 -0.7357239106731321 -0.6772815716257404
    outer loop
      vertex 4.283123445705717 -4.24357627357132 -4.128367589380987
      vertex 4.2721053647083265 -4.115888995206901 -4.267072948742796
      vertex 4.375512600438733 -4.109480899200372 -4.274033996631011
    endloop
  endfacet
  facet normal -1.6655623800468634e-15 -0.735723910673132 -0.6772815716257408
    outer loop
      vertex 4.283123445705717 -4.24357627357132 -4.128367589380987
      vertex 4.375512600438733 -4.109480899200372 -4.274033996631011
      vertex 4.400667865987157 -4.25073456035955 -4.120591617067264
    endloop
  endfacet
  facet normal 4.692956583774157e-16 -0.7357239106731319 -0.6772815716257408
    outer loop
      vertex 4.435046143900389 -3.9612587759671247 -4.435046143900389
      vertex 4.734843056378361 -3.6852762761380067 -4.734843056378361
      vertex 4.451498562127875 -4.228650815211517 -4.144580959201023
    endloop
  endfacet
  facet normal 1.4221972960868492e-15 -0.7357239106731317 -0.6772815716257411
    outer loop
      vertex 4.419035008818211 -3.987958804063638 -4.406042181723925
      vertex 4.451498562127875 -4.228650815211517 -4.144580959201023
      vertex 4.375512600438733 -4.109480899200372 -4.274033996631011
    endloop
  endfacet
  facet normal 1.0010382340782986e-15 -0.7357239106731317 -0.6772815716257409
    outer loop
      vertex 4.451498562127875 -4.228650815211517 -4.144580959201023
      vertex 4.400667865987157 -4.25073456035955 -4.120591617067264
      vertex 4.375512600438733 -4.109480899200372 -4.274033996631011
    endloop
  endfacet
  facet normal -6.071833867705071e-15 -0.735723910673132 -0.6772815716257405
    outer loop
      vertex 4.419035008818211 -3.987958804063638 -4.406042181723925
      vertex 4.435046143900389 -3.9612587759671247 -4.435046143900389
      vertex 4.451498562127875 -4.228650815211517 -4.144580959201023
    endloop
  endfacet
  facet normal 1.111165905731271e-19 -0.735723910673134 -0.6772815716257384
    outer loop
      vertex 4.990826390018323 -4.978637509301499 -3.329878231937679
      vertex 19.70363952723962 -5.022998869575172 -3.2816889487345593
      vertex 5.012738985826045 -5.022998869575172 -3.2816889487345593
    endloop
  endfacet
  facet normal 1.2297816683498802e-15 -0.9157733266550537 -0.401695424652978
    outer loop
      vertex 5.012738985826045 -5.022998869575172 -3.2816889487345593
      vertex 19.703639527239623 -5.816401595635982 -1.4729129228447957
      vertex 5.032057178884529 -5.034998537775031 -3.254332460729662
    endloop
  endfacet
  facet normal 2.7018409724956973e-16 -0.9157733266550566 -0.40169542465297126
    outer loop
      vertex 5.032057178884529 -5.034998537775031 -3.254332460729662
      vertex 19.703639527239623 -5.816401595635982 -1.4729129228447957
      vertex 5.1065526982477945 -5.0638078077179545 -3.1886539407491887
    endloop
  endfacet
  facet normal -5.5780854835418984e-18 -0.7357239106731318 -0.6772815716257408
    outer loop
      vertex 4.451498562127875 -4.228650815211517 -4.144580959201023
      vertex 4.734843056378361 -3.6852762761380067 -4.734843056378361
      vertex 19.70363952723962 -5.022998869575172 -3.2816889487345593
    endloop
  endfacet
  facet normal 2.0509519384629839e-19 -0.7357239106731317 -0.6772815716257409
    outer loop
      vertex 4.797842362384129 -4.536517352668481 -3.810148749035414
      vertex 4.451498562127875 -4.228650815211517 -4.144580959201023
      vertex 19.70363952723962 -5.022998869575172 -3.2816889487345593
    endloop
  endfacet
  facet normal -2.892846059587477e-17 -0.7357239106731321 -0.6772815716257404
    outer loop
      vertex 4.797842362384129 -4.536517352668481 -3.810148749035414
      vertex 19.70363952723962 -5.022998869575172 -3.2816889487345593
      vertex 4.909573393249646 -4.625319351750232 -3.7136840631837216
    endloop
  endfacet
  facet normal 1.7917181071513147e-17 -0.7357239106731314 -0.6772815716257413
    outer loop
      vertex 4.990826390018323 -4.978637509301499 -3.329878231937679
      vertex 4.909573393249646 -4.625319351750232 -3.7136840631837216
      vertex 19.70363952723962 -5.022998869575172 -3.2816889487345593
    endloop
  endfacet
  facet normal 0 -0.47594739303707323 -0.8794737512064893
    outer loop
      vertex 4.734843056378361 -3.6852762761380067 -4.734843056378361
      vertex 4.9036107671403135 -3.373420861363659 -4.9036107671403135
      vertex 19.70363952723962 -3.6852762761380067 -4.734843056378361
    endloop
  endfacet
  facet normal -1.1617990341365396e-16 -0.4759473930370775 -0.8794737512064871
    outer loop
      vertex 4.9036107671403135 -3.373420861363659 -4.9036107671403135
      vertex 4.979084505657704 -3.310851332749931 -4.937471702712762
      vertex 19.70363952723962 -3.6852762761380067 -4.734843056378361
    endloop
  endfacet
  facet normal 5.1912511879159355e-17 -0.4759473930370724 -0.8794737512064896
    outer loop
      vertex 4.979084505657704 -3.310851332749931 -4.937471702712762
      vertex 5.253187211403316 -3.149566801551384 -5.0247545261692315
      vertex 19.70363952723962 -3.6852762761380067 -4.734843056378361
    endloop
  endfacet
  facet normal -1.4893675100889593e-16 -0.915773326655058 -0.4016954246529683
    outer loop
      vertex 5.1065526982477945 -5.0638078077179545 -3.1886539407491887
      vertex 19.703639527239623 -5.816401595635982 -1.4729129228447957
      vertex 5.322476668462065 -5.130100756984619 -3.0375212393096445
    endloop
  endfacet
  facet normal 0 -0.9157733266550572 -0.40169542465297003
    outer loop
      vertex 5.978917677580487 -5.816401595635982 -1.4729129228447957
      vertex 5.789249927023285 -5.4782540168126515 -2.243811753537029
      vertex 19.703639527239623 -5.816401595635982 -1.4729129228447957
    endloop
  endfacet
  facet normal -2.4110984603178498e-17 -0.9157733266550574 -0.40169542465296937
    outer loop
      vertex 5.322476668462065 -5.130100756984619 -3.0375212393096445
      vertex 19.703639527239623 -5.816401595635982 -1.4729129228447957
      vertex 5.767608885007725 -5.455741827230486 -2.295134376297197
    endloop
  endfacet
  facet normal 1.192548848681832e-16 -0.9157733266550564 -0.40169542465297187
    outer loop
      vertex 5.789249927023285 -5.4782540168126515 -2.243811753537029
      vertex 5.782959954938203 -5.466781392077966 -2.26996670346663
      vertex 19.703639527239623 -5.816401595635982 -1.4729129228447957
    endloop
  endfacet
  facet normal -1.179276134366668e-15 -0.9157733266550647 -0.40169542465295277
    outer loop
      vertex 5.767608885007725 -5.455741827230486 -2.295134376297197
      vertex 19.703639527239623 -5.816401595635982 -1.4729129228447957
      vertex 5.782959954938203 -5.466781392077966 -2.26996670346663
    endloop
  endfacet
  facet normal -4.2787593794068256e-16 -0.9965844930066701 -0.08257934547232958
    outer loop
      vertex 5.978917677580487 -5.816401595635982 -1.4729129228447957
      vertex 19.70363952723962 -5.9795069580400195 0.4954760728339962
      vertex 6.03439907437685 -5.821016093998432 -1.4172242093448402
    endloop
  endfacet
  facet normal 9.88630458728533e-16 -0.9965844930066692 -0.08257934547233962
    outer loop
      vertex 6.03439907437685 -5.821016093998432 -1.4172242093448402
      vertex 19.70363952723962 -5.9795069580400195 0.4954760728339962
      vertex 6.047350286659726 -5.826498455636978 -1.3510619436744347
    endloop
  endfacet
  facet normal -9.606100888241732e-17 -0.99658449300667 -0.08257934547233167
    outer loop
      vertex 6.047350286659726 -5.826498455636978 -1.3510619436744347
      vertex 19.70363952723962 -5.9795069580400195 0.4954760728339962
      vertex 6.2218308011529295 -5.899716843289939 -0.46744741124464984
    endloop
  endfacet
  facet normal 0 -0.9157733266550574 -0.40169542465296953
    outer loop
      vertex 5.012738985826045 -5.022998869575172 -3.2816889487345593
      vertex 19.70363952723962 -5.022998869575172 -3.2816889487345593
      vertex 19.703639527239623 -5.816401595635982 -1.4729129228447957
    endloop
  endfacet
  facet normal -6.005137201231305e-17 -0.4759473930370747 -0.8794737512064884
    outer loop
      vertex 5.253187211403316 -3.149566801551384 -5.0247545261692315
      vertex 5.487101747878383 -2.5174321418800787 -5.366848696582167
      vertex 19.70363952723962 -3.6852762761380067 -4.734843056378361
    endloop
  endfacet
  facet normal 5.100535997669529e-17 -0.47594739303707356 -0.8794737512064891
    outer loop
      vertex 5.487101747878383 -2.5174321418800787 -5.366848696582167
      vertex 5.698921647139777 -1.9481968152281037 -5.674903450203807
      vertex 19.70363952723962 -3.6852762761380067 -4.734843056378361
    endloop
  endfacet
  facet normal -2.609644912848692e-18 -0.16459459028073717 -0.9863613034027218
    outer loop
      vertex 5.698921647139777 -1.9481968152281037 -5.674903450203807
      vertex 5.964486883390572 -1.729662588294346 -5.711370362906478
      vertex 19.703639527239623 -1.948196815228104 -5.674903450203807
    endloop
  endfacet
  facet normal 5.4319393202584173e-17 -0.16459459028073367 -0.9863613034027224
    outer loop
      vertex 5.964486883390572 -1.729662588294346 -5.711370362906478
      vertex 6.296880981001953 -0.01000979408912214 -5.998329660793454
      vertex 19.703639527239623 -1.948196815228104 -5.674903450203807
    endloop
  endfacet
  facet normal -7.197664802590309e-16 -0.16459459028073892 -0.9863613034027214
    outer loop
      vertex 6.296880981001953 -0.01000979408912214 -5.998329660793454
      vertex 6.298828119473505 0 -6
      vertex 19.703639527239623 -1.948196815228104 -5.674903450203807
    endloop
  endfacet
  facet normal 0 -0.7357239106731318 -0.677281571625741
    outer loop
      vertex 4.734843056378361 -3.6852762761380067 -4.734843056378361
      vertex 19.70363952723962 -3.6852762761380067 -4.734843056378361
      vertex 19.70363952723962 -5.022998869575172 -3.2816889487345593
    endloop
  endfacet
  facet normal 0 -0.9965844930066698 -0.08257934547233255
    outer loop
      vertex 5.978917677580487 -5.816401595635982 -1.4729129228447957
      vertex 19.703639527239623 -5.816401595635982 -1.4729129228447957
      vertex 19.70363952723962 -5.9795069580400195 0.4954760728339962
    endloop
  endfacet
  facet normal 1 0 0
    outer loop
      vertex 20 -4.77253828727374 -3.118054883433296
      vertex 20 -5.681352243401822 0.4707702688032409
      vertex 20 -5.526379764381781 -1.3994694206832647
    endloop
  endfacet
  facet normal 1 0 0
    outer loop
      vertex 20 -5.681352243401822 0.4707702688032409
      vertex 20 -4.77253828727374 -3.118054883433296
      vertex 20 -5.220662051586267 2.289994694911554
    endloop
  endfacet
  facet normal -7.546139219425836e-18 -0.47594739303707406 -0.8794737512064889
    outer loop
      vertex 5.698921647139777 -1.9481968152281037 -5.674903450203807
      vertex 19.703639527239623 -1.948196815228104 -5.674903450203807
      vertex 19.70363952723962 -3.6852762761380067 -4.734843056378361
    endloop
  endfacet
  facet normal 0 -0.1645945902807341 -0.9863613034027223
    outer loop
      vertex 6.298828119473505 0 -6
      vertex 19.70363952723962 0 -6
      vertex 19.703639527239623 -1.948196815228104 -5.674903450203807
    endloop
  endfacet
  facet normal 1 0 0
    outer loop
      vertex 20 -5.220662051586267 2.289994694911554
      vertex 20 -4.77253828727374 -3.118054883433296
      vertex 20 -3.501518233178055 -4.498750717956888
    endloop
  endfacet
  facet normal 1 0 0
    outer loop
      vertex 20 -1.8510543468641607 -5.391937106880168
      vertex 20 -4.194232119563177 3.8610626628974267
      vertex 20 -3.501518233178055 -4.498750717956888
    endloop
  endfacet
  facet normal 1 0 0
    outer loop
      vertex 20 2.5255910117228067e-17 -5.700823445748517
      vertex 20 -2.713292057168634 5.01372458079835
      vertex 20 -1.8510543468641607 -5.391937106880168
    endloop
  endfacet
  facet normal 1.3008953091238782e-14 -0.6142127126896598 0.7891405093963999
    outer loop
      vertex 4.209457700086425 -4.279133501313097 4.168927567956145
      vertex 4.258549457541509 -4.337196372128334 4.1237354216078925
      vertex 4.347362429417615 -4.337658631384404 4.123375630787048
    endloop
  endfacet
  facet normal 6.728262357786264e-15 -0.614212712689669 0.7891405093963927
    outer loop
      vertex 4.209457700086425 -4.279133501313097 4.168927567956145
      vertex 4.347362429417615 -4.337658631384404 4.123375630787048
      vertex 4.236699054282088 -4.157992728065253 4.2632152164394235
    endloop
  endfacet
  facet normal 4.634847828440498e-15 -0.6142127126896736 0.7891405093963891
    outer loop
      vertex 4.347362429417615 -4.337658631384404 4.123375630787048
      vertex 4.3969472935865825 -4.171439997465232 4.252748786547556
      vertex 4.367055566566575 -4.157327235960299 4.2637331897359285
    endloop
  endfacet
  facet normal -3.630834813153357e-15 -0.614212712689673 0.7891405093963896
    outer loop
      vertex 4.347362429417615 -4.337658631384404 4.123375630787048
      vertex 4.367055566566575 -4.157327235960299 4.2637331897359285
      vertex 4.236699054282088 -4.157992728065253 4.2632152164394235
    endloop
  endfacet
  facet normal -1.1974130886049278e-14 -0.6142127126896683 0.7891405093963932
    outer loop
      vertex 4.353184072652052 -4.351091997907402 4.112920021938686
      vertex 4.394757294125149 -4.41434346403879 4.0636894297544455
      vertex 4.435652496952926 -4.185471220539486 4.241827847267195
    endloop
  endfacet
  facet normal -2.5103028195131235e-14 -0.6142127126896642 0.7891405093963965
    outer loop
      vertex 4.353184072652052 -4.351091997907402 4.112920021938686
      vertex 4.435652496952926 -4.185471220539486 4.241827847267195
      vertex 4.347362429417615 -4.337658631384404 4.123375630787048
    endloop
  endfacet
  facet normal -1.670626924481676e-14 -0.6142127126896672 0.789140509396394
    outer loop
      vertex 4.347362429417615 -4.337658631384404 4.123375630787048
      vertex 4.435652496952926 -4.185471220539486 4.241827847267195
      vertex 4.404596653081197 -4.166083814570935 4.256917671031365
    endloop
  endfacet
  facet normal 1.8879073768759546e-13 -0.6142127126897102 0.7891405093963605
    outer loop
      vertex 4.347362429417615 -4.337658631384404 4.123375630787048
      vertex 4.404596653081197 -4.166083814570935 4.256917671031365
      vertex 4.399360971958491 -4.169483054381763 4.254271936487985
    endloop
  endfacet
  facet normal -1.1835865151908904e-13 -0.6142127126896506 0.7891405093964071
    outer loop
      vertex 4.347362429417615 -4.337658631384404 4.123375630787048
      vertex 4.399360971958491 -4.169483054381763 4.254271936487985
      vertex 4.3969472935865825 -4.171439997465232 4.252748786547556
    endloop
  endfacet
  facet normal 3.4833765062818273e-17 -0.8371664782625288 0.5469481581224267
    outer loop
      vertex 4.901466662618938 -4.618220976494005 3.751631666026037
      vertex 5.293132103549454 -5.047083576441599 3.0952085898626183
      vertex 19.70363952723962 -4.41434346403879 4.0636894297544455
    endloop
  endfacet
  facet normal 8.893469164445108e-20 -0.8371664782625263 0.5469481581224303
    outer loop
      vertex 4.505978397106691 -4.4750792165260425 3.9707264400098197
      vertex 19.70363952723962 -4.41434346403879 4.0636894297544455
      vertex 4.394757294125149 -4.41434346403879 4.0636894297544455
    endloop
  endfacet
  facet normal 3.4290890047075557e-17 -0.8371664782625289 0.5469481581224264
    outer loop
      vertex 4.505978397106691 -4.4750792165260425 3.9707264400098197
      vertex 4.670196675470827 -4.554626900277816 3.8489696459307963
      vertex 19.70363952723962 -4.41434346403879 4.0636894297544455
    endloop
  endfacet
  facet normal 1.9317435374328343e-17 -0.8371664782625284 0.5469481581224271
    outer loop
      vertex 4.670196675470827 -4.554626900277816 3.8489696459307963
      vertex 4.901466662618938 -4.618220976494005 3.751631666026037
      vertex 19.70363952723962 -4.41434346403879 4.0636894297544455
    endloop
  endfacet
  facet normal 0 -0.6142127126896696 0.7891405093963922
    outer loop
      vertex 4.394757294125149 -4.41434346403879 4.0636894297544455
      vertex 19.70363952723962 -4.41434346403879 4.0636894297544455
      vertex 4.435652496952926 -4.185471220539486 4.241827847267195
    endloop
  endfacet
  facet normal -2.6110434262105807e-17 -0.6142127126896677 0.7891405093963938
    outer loop
      vertex 4.435652496952926 -4.185471220539486 4.241827847267195
      vertex 19.703639527239623 -2.8556843582224425 5.276842507238934
      vertex 4.89568181708096 -3.7756092856097805 4.560836196076922
    endloop
  endfacet
  facet normal -1.9788481331136235e-15 -0.614212712689648 0.7891405093964089
    outer loop
      vertex 4.89568181708096 -3.7756092856097805 4.560836196076922
      vertex 19.703639527239623 -2.8556843582224425 5.276842507238934
      vertex 4.904967842912761 -3.767735782792666 4.566964389302446
    endloop
  endfacet
  facet normal -2.872231931100925e-18 -0.614212712689668 0.7891405093963935
    outer loop
      vertex 4.904967842912761 -3.767735782792666 4.566964389302446
      vertex 19.703639527239623 -2.8556843582224425 5.276842507238934
      vertex 5.230819211083788 -3.1444411117070348 5.052094104700465
    endloop
  endfacet
  facet normal -7.89716079008249e-15 -0.32469946920468035 0.9458172417006357
    outer loop
      vertex 5.362757996018334 -2.8556843582224425 5.276842507238934
      vertex 5.930310998998027 -2.0266340969212626 5.561455821439545
      vertex 5.506852965019684 -2.614845403806526 5.359522624723418
    endloop
  endfacet
  facet normal -5.738358566001396e-18 -0.9965844930066698 -0.08257934547233292
    outer loop
      vertex 6.2218308011529295 -5.899716843289939 -0.46744741124464984
      vertex 19.70363952723962 -5.9795069580400195 0.4954760728339962
      vertex 6.209342221975549 -5.97680854050637 0.46291101610811364
    endloop
  endfacet
  facet normal -3.706804798686883e-21 -0.9965844930066696 -0.08257934547233552
    outer loop
      vertex 6.209342221975549 -5.97680854050637 0.46291101610811364
      vertex 19.70363952723962 -5.9795069580400195 0.4954760728339962
      vertex 6.209015712038724 -5.9795069580400195 0.4954760728339962
    endloop
  endfacet
  facet normal 0 -0.9694002659392867 0.24548548714097154
    outer loop
      vertex 6.209015712038724 -5.9795069580400195 0.4954760728339962
      vertex 19.70363952723962 -5.9795069580400195 0.4954760728339962
      vertex 6.210458747440249 -5.978934628025644 0.49773615294953627
    endloop
  endfacet
  facet normal 3.0874621459631217e-15 -0.9694002659393356 0.24548548714077878
    outer loop
      vertex 6.210458747440249 -5.978934628025644 0.49773615294953627
      vertex 19.70363952723962 -5.494639959930345 2.4101725479178158
      vertex 6.205298166739223 -5.971483498248058 0.5271599990272386
    endloop
  endfacet
  facet normal -8.682907015694728e-15 -0.9694002659393017 0.2454854871409126
    outer loop
      vertex 6.04813875977805 -5.744203439528562 1.42466865394425
      vertex 19.70363952723962 -5.494639959930345 2.4101725479178158
      vertex 6.045308015225948 -5.742137189046571 1.432828092573668
    endloop
  endfacet
  facet normal 2.287474090247792e-18 -0.9694002659393306 0.24548548714079851
    outer loop
      vertex 6.045308015225948 -5.742137189046571 1.432828092573668
      vertex 19.70363952723962 -5.494639959930345 2.4101725479178158
      vertex 5.7435267057942445 -5.52056559488923 2.3077945307221435
    endloop
  endfacet
  facet normal 0 -0.9694002659393306 0.24548548714079887
    outer loop
      vertex 5.599460136449927 -5.494639959930345 2.4101725479178158
      vertex 5.7435267057942445 -5.52056559488923 2.3077945307221435
      vertex 19.70363952723962 -5.494639959930345 2.4101725479178158
    endloop
  endfacet
  facet normal -5.540365125394604e-18 -0.9694002659393303 0.2454854871407996
    outer loop
      vertex 6.205298166739223 -5.971483498248058 0.5271599990272386
      vertex 19.70363952723962 -5.494639959930345 2.4101725479178158
      vertex 6.04813875977805 -5.744203439528562 1.42466865394425
    endloop
  endfacet
  facet normal -1.7257371423253423e-17 -0.8371664782625284 0.546948158122427
    outer loop
      vertex 5.599460136449927 -5.494639959930345 2.4101725479178158
      vertex 19.70363952723962 -4.41434346403879 4.0636894297544455
      vertex 5.36746007887533 -5.144219300872977 2.946531295446181
    endloop
  endfacet
  facet normal 4.810503174382868e-16 -0.8371664782625314 0.5469481581224226
    outer loop
      vertex 5.36746007887533 -5.144219300872977 2.946531295446181
      vertex 19.70363952723962 -4.41434346403879 4.0636894297544455
      vertex 5.330275396632713 -5.0854678135840805 3.0364571412067263
    endloop
  endfacet
  facet normal -4.748198959433074e-16 -0.8371664782625253 0.5469481581224319
    outer loop
      vertex 5.293132103549454 -5.047083576441599 3.0952085898626183
      vertex 5.330275396632713 -5.0854678135840805 3.0364571412067263
      vertex 19.70363952723962 -4.41434346403879 4.0636894297544455
    endloop
  endfacet
  facet normal 3.5881228928989326e-17 -0.614212712689668 0.7891405093963934
    outer loop
      vertex 4.435652496952926 -4.185471220539486 4.241827847267195
      vertex 19.70363952723962 -4.41434346403879 4.0636894297544455
      vertex 19.703639527239623 -2.8556843582224425 5.276842507238934
    endloop
  endfacet
  facet normal -8.82446816883239e-18 -0.6142127126896678 0.7891405093963936
    outer loop
      vertex 5.230819211083788 -3.1444411117070348 5.052094104700465
      vertex 19.703639527239623 -2.8556843582224425 5.276842507238934
      vertex 5.366952151644385 -2.9254271558062173 5.222559508983956
    endloop
  endfacet
  facet normal 1.3366869530044979e-19 -0.614212712689669 0.7891405093963927
    outer loop
      vertex 5.366952151644385 -2.9254271558062173 5.222559508983956
      vertex 19.703639527239623 -2.8556843582224425 5.276842507238934
      vertex 5.362757996018334 -2.8556843582224425 5.276842507238934
    endloop
  endfacet
  facet normal 0 -0.32469946920468484 0.9458172417006343
    outer loop
      vertex 5.362757996018334 -2.8556843582224425 5.276842507238934
      vertex 19.703639527239623 -2.8556843582224425 5.276842507238934
      vertex 5.930310998998027 -2.0266340969212626 5.561455821439545
    endloop
  endfacet
  facet normal -2.6551971401216193e-17 -0.3246994692046828 0.945817241700635
    outer loop
      vertex 5.930310998998027 -2.0266340969212626 5.561455821439545
      vertex 19.703639527239623 -0.9875675416844049 5.918167820416334
      vertex 6.093239403571238 -1.1034085835132679 5.878399540525054
    endloop
  endfacet
  facet normal 3.8984759197385897e-17 -0.3246994692046898 0.9458172417006325
    outer loop
      vertex 6.093239403571238 -1.1034085835132679 5.878399540525054
      vertex 19.703639527239623 -0.9875675416844049 5.918167820416334
      vertex 6.108333858373631 -1.0306753298615325 5.903368898042564
    endloop
  endfacet
  facet normal 0 -0.3246994692046788 0.9458172417006363
    outer loop
      vertex 6.090653551869011 -0.9875675416844049 5.918167820416334
      vertex 6.108333858373631 -1.0306753298615325 5.903368898042564
      vertex 19.703639527239623 -0.9875675416844049 5.918167820416334
    endloop
  endfacet
  facet normal 0 0 1
    outer loop
      vertex 6.090653551869011 -0.9875675416844049 5.918167820416334
      vertex 19.703639527239623 -0.9875675416844049 5.918167820416334
      vertex 6.112734430301853 -0.8664632346484634 5.918167820416334
    endloop
  endfacet
  facet normal -3.067497216912641e-17 -0.9694002659393304 0.24548548714079946
    outer loop
      vertex 6.210458747440249 -5.978934628025644 0.49773615294953627
      vertex 19.70363952723962 -5.9795069580400195 0.4954760728339962
      vertex 19.70363952723962 -5.494639959930345 2.4101725479178158
    endloop
  endfacet
  facet normal 0 -0.8371664782625285 0.5469481581224269
    outer loop
      vertex 5.599460136449927 -5.494639959930345 2.4101725479178158
      vertex 19.70363952723962 -5.494639959930345 2.4101725479178158
      vertex 19.70363952723962 -4.41434346403879 4.0636894297544455
    endloop
  endfacet
  facet normal 1 0 0
    outer loop
      vertex 20 -3.501518233178055 -4.498750717956888
      vertex 20 -4.194232119563177 3.8610626628974267
      vertex 20 -5.220662051586267 2.289994694911554
    endloop
  endfacet
  facet normal 1 0 0
    outer loop
      vertex 20 -4.194232119563177 3.8610626628974267
      vertex 20 -1.8510543468641607 -5.391937106880168
      vertex 20 -2.713292057168634 5.01372458079835
    endloop
  endfacet
  facet normal 1 0 0
    outer loop
      vertex 20 2.5255910117228067e-17 -5.700823445748517
      vertex 20 -0.9383246993157801 5.623071644417306
      vertex 20 -2.713292057168634 5.01372458079835
    endloop
  endfacet
  facet normal 6.297656112785591e-17 -0.3246994692046839 0.9458172417006346
    outer loop
      vertex 5.930310998998027 -2.0266340969212626 5.561455821439545
      vertex 19.703639527239623 -2.8556843582224425 5.276842507238934
      vertex 19.703639527239623 -0.9875675416844049 5.918167820416334
    endloop
  endfacet
  facet normal 0 0 1
    outer loop
      vertex 6.112734430301853 -0.8664632346484634 5.918167820416334
      vertex 19.703639527239623 -0.9875675416844049 5.918167820416334
      vertex 19.703639527239623 0.9875675416844049 5.918167820416334
    endloop
  endfacet
  facet normal -6.376750639581645e-16 0.7357239106731346 -0.677281571625738
    outer loop
      vertex 4.2721053647083265 4.115888995206902 -4.267072948742796
      vertex 4.2831234457057175 4.24357627357132 -4.128367589380987
      vertex 4.37551260043873 4.109480899200373 -4.274033996631011
    endloop
  endfacet
  facet normal -6.81597444078627e-16 0.7357239106731346 -0.677281571625738
    outer loop
      vertex 4.2831234457057175 4.24357627357132 -4.128367589380987
      vertex 4.453269878171536 4.227565350655815 -4.145760088032037
      vertex 4.37551260043873 4.109480899200373 -4.274033996631011
    endloop
  endfacet
  facet normal 5.925853258675046e-15 0.7357239106731331 -0.6772815716257395
    outer loop
      vertex 4.734843056378361 3.6852762761380067 -4.734843056378361
      vertex 4.435046143900386 3.9612587759671287 -4.435046143900386
      vertex 4.419035008818206 3.9879588040636436 -4.40604218172392
    endloop
  endfacet
  facet normal 1.6358636713145255e-15 0.7357239106731317 -0.677281571625741
    outer loop
      vertex 4.734843056378361 3.6852762761380067 -4.734843056378361
      vertex 4.419035008818206 3.9879588040636436 -4.40604218172392
      vertex 4.456445013083063 4.229259935775976 -4.143919277881865
    endloop
  endfacet
  facet normal 2.337775438662613e-15 0.7357239106731316 -0.677281571625741
    outer loop
      vertex 4.419035008818206 3.9879588040636436 -4.40604218172392
      vertex 4.37551260043873 4.109480899200373 -4.274033996631011
      vertex 4.456445013083063 4.229259935775976 -4.143919277881865
    endloop
  endfacet
  facet normal -2.464462591649904e-13 0.7357239106732103 -0.6772815716256556
    outer loop
      vertex 4.37551260043873 4.109480899200373 -4.274033996631011
      vertex 4.453269878171536 4.227565350655815 -4.145760088032037
      vertex 4.456445013083063 4.229259935775976 -4.143919277881865
    endloop
  endfacet
  facet normal -3.534335297282847e-15 0.7357239106731206 -0.677281571625753
    outer loop
      vertex 4.2831234457057175 4.24357627357132 -4.128367589380987
      vertex 4.40001815964764 4.250694994174314 -4.120634597401814
      vertex 4.453269878171536 4.227565350655815 -4.145760088032037
    endloop
  endfacet
  facet normal -1.7110654768315696e-15 0.7357239106731309 -0.6772815716257418
    outer loop
      vertex 4.734843056378361 3.6852762761380067 -4.734843056378361
      vertex 4.456445013083063 4.229259935775976 -4.143919277881865
      vertex 4.534050866838097 4.296938668119965 -4.0704005764797335
    endloop
  endfacet
  facet normal 1.2696847937964293e-15 0.7357239106731314 -0.6772815716257413
    outer loop
      vertex 4.734843056378361 3.6852762761380067 -4.734843056378361
      vertex 4.534050866838097 4.296938668119965 -4.0704005764797335
      vertex 4.848899782411903 4.572887374222176 -3.7706403737750045
    endloop
  endfacet
  facet normal -1.4351807577011606e-13 0.7357239106732123 -0.6772815716256535
    outer loop
      vertex 4.848899782411903 4.572887374222176 -3.7706403737750045
      vertex 4.534050866838097 4.296938668119965 -4.0704005764797335
      vertex 4.532987447875621 4.297057684824693 -4.070271289874123
    endloop
  endfacet
  facet normal 2.5037950328885383e-16 0.4759473930370756 -0.879473751206488
    outer loop
      vertex 4.979084505657705 3.31085133274993 -4.937471702712763
      vertex 19.703639527239623 1.9481968152281008 -5.674903450203808
      vertex 5.253187211403313 3.149566801551384 -5.024754526169232
    endloop
  endfacet
  facet normal 5.404466560021319e-16 0.47594739303707817 -0.8794737512064866
    outer loop
      vertex 4.903610767140314 3.3734208613636576 -4.903610767140314
      vertex 19.703639527239623 1.9481968152281008 -5.674903450203808
      vertex 4.979084505657705 3.31085133274993 -4.937471702712763
    endloop
  endfacet
  facet normal 4.715369414249463e-19 0.47594739303707356 -0.8794737512064891
    outer loop
      vertex 4.903610767140314 3.3734208613636576 -4.903610767140314
      vertex 4.734843056378361 3.6852762761380067 -4.734843056378361
      vertex 19.703639527239623 3.6852762761380067 -4.734843056378361
    endloop
  endfacet
  facet normal 0 0.7357239106731315 -0.6772815716257413
    outer loop
      vertex 4.734843056378361 3.6852762761380067 -4.734843056378361
      vertex 4.848899782411903 4.572887374222176 -3.7706403737750045
      vertex 19.703639527239623 3.6852762761380067 -4.734843056378361
    endloop
  endfacet
  facet normal 1.7170614518397786e-16 0.7357239106731328 -0.6772815716257399
    outer loop
      vertex 4.848899782411903 4.572887374222176 -3.7706403737750045
      vertex 4.911152604724142 4.624680295199927 -3.714378263652226
      vertex 19.703639527239623 3.6852762761380067 -4.734843056378361
    endloop
  endfacet
  facet normal -1.986728244453801e-17 0.7357239106731314 -0.6772815716257413
    outer loop
      vertex 4.911152604724142 4.624680295199927 -3.714378263652226
      vertex 4.988156403897726 4.972001119673444 -3.337087272807023
      vertex 19.703639527239623 3.6852762761380067 -4.734843056378361
    endloop
  endfacet
  facet normal 3.891525199977015e-16 0.7357239106731336 -0.6772815716257391
    outer loop
      vertex 4.988156403897726 4.972001119673444 -3.337087272807023
      vertex 5.015223586196672 5.022998869575171 -3.281688948734561
      vertex 19.703639527239623 3.6852762761380067 -4.734843056378361
    endloop
  endfacet
  facet normal 0 0.9157733266550561 -0.4016954246529726
    outer loop
      vertex 5.015223586196672 5.022998869575171 -3.281688948734561
      vertex 5.049167822206277 5.043817390815147 -3.2342275008765426
      vertex 19.703639527239616 5.022998869575171 -3.281688948734561
    endloop
  endfacet
  facet normal 4.5633093973189705e-18 0.9157733266550566 -0.4016954246529714
    outer loop
      vertex 5.049167822206277 5.043817390815147 -3.2342275008765426
      vertex 5.13087232286572 5.078038764553877 -3.1562106270261694
      vertex 19.703639527239616 5.022998869575171 -3.281688948734561
    endloop
  endfacet
  facet normal 0 0.16459459028073983 -0.9863613034027214
    outer loop
      vertex 6.298828119473505 0 -6
      vertex 6.296880981001953 0.01000979408912209 -5.998329660793454
      vertex 19.70363952723962 0 -6
    endloop
  endfacet
  facet normal -3.426292940129589e-18 0.16459459028073356 -0.9863613034027224
    outer loop
      vertex 5.964486883390572 1.7296625882943473 -5.711370362906478
      vertex 19.70363952723962 0 -6
      vertex 6.296880981001953 0.01000979408912209 -5.998329660793454
    endloop
  endfacet
  facet normal -1.324126876567473e-19 0.1645945902807364 -0.986361303402722
    outer loop
      vertex 5.964486883390572 1.7296625882943473 -5.711370362906478
      vertex 5.69892164713978 1.9481968152281008 -5.674903450203808
      vertex 19.703639527239623 1.9481968152281008 -5.674903450203808
    endloop
  endfacet
  facet normal 0 0.4759473930370736 -0.8794737512064892
    outer loop
      vertex 5.69892164713978 1.9481968152281008 -5.674903450203808
      vertex 5.4871017478783894 2.5174321418800694 -5.366848696582172
      vertex 19.703639527239623 1.9481968152281008 -5.674903450203808
    endloop
  endfacet
  facet normal -2.2077343309081817e-17 0.4759473930370732 -0.8794737512064894
    outer loop
      vertex 5.4871017478783894 2.5174321418800694 -5.366848696582172
      vertex 5.253187211403313 3.149566801551384 -5.024754526169232
      vertex 19.703639527239623 1.9481968152281008 -5.674903450203808
    endloop
  endfacet
  facet normal -3.525845643691037e-18 0.47594739303707373 -0.879473751206489
    outer loop
      vertex 4.903610767140314 3.3734208613636576 -4.903610767140314
      vertex 19.703639527239623 3.6852762761380067 -4.734843056378361
      vertex 19.703639527239623 1.9481968152281008 -5.674903450203808
    endloop
  endfacet
  facet normal 0 0.7357239106731316 -0.6772815716257411
    outer loop
      vertex 5.015223586196672 5.022998869575171 -3.281688948734561
      vertex 19.703639527239616 5.022998869575171 -3.281688948734561
      vertex 19.703639527239623 3.6852762761380067 -4.734843056378361
    endloop
  endfacet
  facet normal 7.809629503888705e-17 0.9157733266550597 -0.40169542465296426
    outer loop
      vertex 5.13087232286572 5.078038764553877 -3.1562106270261694
      vertex 5.319765732538957 5.130617967261259 -3.0363421186462
      vertex 19.703639527239616 5.022998869575171 -3.281688948734561
    endloop
  endfacet
  facet normal -7.864018590684542e-17 0.9157733266550563 -0.401695424652972
    outer loop
      vertex 5.319765732538957 5.130617967261259 -3.0363421186462
      vertex 5.38637283075047 5.180784073832816 -2.9219749153352432
      vertex 19.703639527239616 5.022998869575171 -3.281688948734561
    endloop
  endfacet
  facet normal -3.720873782755333e-18 0.9157733266550575 -0.4016954246529695
    outer loop
      vertex 5.38637283075047 5.180784073832816 -2.9219749153352432
      vertex 5.781548271538101 5.466992123412993 -2.2694862844131274
      vertex 19.703639527239616 5.022998869575171 -3.281688948734561
    endloop
  endfacet
  facet normal -2.2656317731981465e-16 0.9157733266550563 -0.401695424652972
    outer loop
      vertex 5.781548271538101 5.466992123412993 -2.2694862844131274
      vertex 5.796528806967132 5.5014444986245605 -2.1909427802496877
      vertex 19.703639527239616 5.022998869575171 -3.281688948734561
    endloop
  endfacet
  facet normal 5.888682986753157e-19 0.9157733266550574 -0.40169542465296965
    outer loop
      vertex 5.796528806967132 5.5014444986245605 -2.1909427802496877
      vertex 5.948472592954426 5.816401595635982 -1.4729129228447957
      vertex 19.703639527239616 5.022998869575171 -3.281688948734561
    endloop
  endfacet
  facet normal 0 0.9965844930066701 -0.08257934547232838
    outer loop
      vertex 5.948472592954426 5.816401595635982 -1.4729129228447957
      vertex 6.0267467942803865 5.821153326558174 -1.4155680586428447
      vertex 19.703639527239623 5.816401595635982 -1.4729129228447957
    endloop
  endfacet
  facet normal -3.0983777900626016e-17 0.9965844930066696 -0.08257934547233574
    outer loop
      vertex 6.0267467942803865 5.821153326558174 -1.4155680586428447
      vertex 6.051596893473007 5.831974989353138 -1.284970010567724
      vertex 19.703639527239623 5.816401595635982 -1.4729129228447957
    endloop
  endfacet
  facet normal 1.2350737983901426e-17 0.9965844930066698 -0.0825793454723326
    outer loop
      vertex 6.051596893473007 5.831974989353138 -1.284970010567724
      vertex 6.2211868139975595 5.899721094007109 -0.4673961127172623
      vertex 19.703639527239623 5.816401595635982 -1.4729129228447957
    endloop
  endfacet
  facet normal 4.870224534517399e-17 0.9965844930066698 -0.08257934547233213
    outer loop
      vertex 6.2211868139975595 5.899721094007109 -0.4673961127172623
      vertex 6.205167796713663 5.9737632913272405 0.4261603238871627
      vertex 19.703639527239623 5.816401595635982 -1.4729129228447957
    endloop
  endfacet
  facet normal 4.03979698606233e-17 0.16459459028073392 -0.9863613034027224
    outer loop
      vertex 5.964486883390572 1.7296625882943473 -5.711370362906478
      vertex 19.703639527239623 1.9481968152281008 -5.674903450203808
      vertex 19.70363952723962 0 -6
    endloop
  endfacet
  facet normal 1 0 0
    outer loop
      vertex 20 0.9383246993157801 5.623071644417306
      vertex 20 2.5255910117228067e-17 -5.700823445748517
      vertex 20 1.8510543468641578 -5.391937106880169
    endloop
  endfacet
  facet normal 1 0 0
    outer loop
      vertex 20 0.9383246993157801 5.623071644417306
      vertex 20 1.8510543468641578 -5.391937106880169
      vertex 20 3.5015182331780554 -4.498750717956888
    endloop
  endfacet
  facet normal 1 0 0
    outer loop
      vertex 20 2.7132920571686343 5.01372458079835
      vertex 20 3.5015182331780554 -4.498750717956888
      vertex 20 4.772538287273739 -3.118054883433298
    endloop
  endfacet
  facet normal 1 0 0
    outer loop
      vertex 20 4.194232119563177 3.8610626628974267
      vertex 20 4.772538287273739 -3.118054883433298
      vertex 20 5.526379764381781 -1.3994694206832645
    endloop
  endfacet
  facet normal 0 0.9157733266550574 -0.4016954246529696
    outer loop
      vertex 5.948472592954426 5.816401595635982 -1.4729129228447957
      vertex 19.703639527239623 5.816401595635982 -1.4729129228447957
      vertex 19.703639527239616 5.022998869575171 -3.281688948734561
    endloop
  endfacet
  facet normal -1.993602178604492e-17 0.9965844930066698 -0.0825793454723326
    outer loop
      vertex 6.205167796713663 5.9737632913272405 0.4261603238871627
      vertex 19.703639527239623 5.9795069580400195 0.4954760728339947
      vertex 19.703639527239623 5.816401595635982 -1.4729129228447957
    endloop
  endfacet
  facet normal -3.619545875262647e-15 0.614212712689679 0.7891405093963849
    outer loop
      vertex 4.236699054282088 4.157992728065253 4.263215216439423
      vertex 4.367055566566577 4.157327235960299 4.263733189735928
      vertex 4.39705059582187 4.171488769481935 4.252710825763226
    endloop
  endfacet
  facet normal -2.1744044419359924e-15 0.6142127126896678 0.7891405093963936
    outer loop
      vertex 4.209457700086425 4.279133501313097 4.168927567956144
      vertex 4.236699054282088 4.157992728065253 4.263215216439423
      vertex 4.258549457541509 4.337196372128334 4.123735421607892
    endloop
  endfacet
  facet normal -2.097485161003726e-15 0.6142127126896678 0.7891405093963937
    outer loop
      vertex 4.236699054282088 4.157992728065253 4.263215216439423
      vertex 4.39705059582187 4.171488769481935 4.252710825763226
      vertex 4.258549457541509 4.337196372128334 4.123735421607892
    endloop
  endfacet
  facet normal -7.508068426153823e-15 0.6142127126896648 0.7891405093963958
    outer loop
      vertex 4.258549457541509 4.337196372128334 4.123735421607892
      vertex 4.39705059582187 4.171488769481935 4.252710825763226
      vertex 4.349875644060498 4.337671712319619 4.123365449486498
    endloop
  endfacet
  facet normal 8.249576920462744e-15 0.614212712689668 0.7891405093963935
    outer loop
      vertex 4.349875644060498 4.337671712319619 4.123365449486498
      vertex 4.4069323330397685 4.164648847916501 4.258034550409555
      vertex 4.437669227555661 4.183674419616364 4.2432263535610835
    endloop
  endfacet
  facet normal 3.8395370068774616e-14 0.6142127126896738 0.7891405093963889
    outer loop
      vertex 4.349875644060498 4.337671712319619 4.123365449486498
      vertex 4.39962525723296 4.169401305841649 4.2543355639307325
      vertex 4.4069323330397685 4.164648847916501 4.258034550409555
    endloop
  endfacet
  facet normal -1.1961424505621162e-13 0.6142127126896453 0.7891405093964112
    outer loop
      vertex 4.349875644060498 4.337671712319619 4.123365449486498
      vertex 4.39705059582187 4.171488769481935 4.252710825763226
      vertex 4.39962525723296 4.169401305841649 4.2543355639307325
    endloop
  endfacet
  facet normal -9.42600104473267e-15 0.6142127126896617 0.7891405093963982
    outer loop
      vertex 4.349875644060498 4.337671712319619 4.123365449486498
      vertex 4.437669227555661 4.183674419616364 4.2432263535610835
      vertex 4.895681817080946 3.775609285609789 4.560836196076915
    endloop
  endfacet
  facet normal -2.2268823551369897e-16 0.8371664782625295 0.5469481581224255
    outer loop
      vertex 4.646249689938605 4.542161046971954 3.8680500548427292
      vertex 4.38371743179283 4.41434346403879 4.0636894297544455
      vertex 19.703639527239627 5.494639959930344 2.410172547917817
    endloop
  endfacet
  facet normal 1.3513672123732765e-16 0.8371664782625278 0.5469481581224281
    outer loop
      vertex 4.646249689938605 4.542161046971954 3.8680500548427292
      vertex 19.703639527239627 5.494639959930344 2.410172547917817
      vertex 4.9028586934222815 4.617745713470273 3.752359110237918
    endloop
  endfacet
  facet normal 2.9723274125642917e-16 0.8371664782625269 0.5469481581224294
    outer loop
      vertex 4.943895589313798 4.663233672176639 3.682734606291723
      vertex 4.9028586934222815 4.617745713470273 3.752359110237918
      vertex 19.703639527239627 5.494639959930344 2.410172547917817
    endloop
  endfacet
  facet normal 3.264067875410258e-17 0.6142127126896675 0.7891405093963939
    outer loop
      vertex 4.349875644060498 4.337671712319619 4.123365449486498
      vertex 4.895681817080946 3.775609285609789 4.560836196076915
      vertex 19.70363952723962 4.41434346403879 4.0636894297544455
    endloop
  endfacet
  facet normal 2.654303838470878e-15 0.6142127126896297 0.7891405093964233
    outer loop
      vertex 4.895681817080946 3.775609285609789 4.560836196076915
      vertex 4.904967842912762 3.767735782792666 4.566964389302445
      vertex 19.70363952723962 4.41434346403879 4.0636894297544455
    endloop
  endfacet
  facet normal -8.81876029901758e-17 0.6142127126896687 0.7891405093963929
    outer loop
      vertex 4.904967842912762 3.767735782792666 4.566964389302445
      vertex 5.230819211083781 3.1444411117070428 5.052094104700458
      vertex 19.70363952723962 4.41434346403879 4.0636894297544455
    endloop
  endfacet
  facet normal 2.1183902233260252e-19 0.6142127126896715 0.7891405093963906
    outer loop
      vertex 4.349875644060498 4.337671712319619 4.123365449486498
      vertex 19.70363952723962 4.41434346403879 4.0636894297544455
      vertex 4.38371743179283 4.41434346403879 4.0636894297544455
    endloop
  endfacet
  facet normal -1.1164471772057895e-12 0.9694002659393731 0.2454854871406308
    outer loop
      vertex 6.206139894777382 5.979026330469098 0.49737402818970927
      vertex 6.049733092254903 5.748038276933488 1.409525223497634
      vertex 6.047358916628729 5.7442454872701285 1.4245026111678223
    endloop
  endfacet
  facet normal -1.0336892732051727e-16 0.8371664782625291 0.5469481581224261
    outer loop
      vertex 4.943895589313798 4.663233672176639 3.682734606291723
      vertex 19.703639527239627 5.494639959930344 2.410172547917817
      vertex 5.329327130474079 5.085708576428181 3.0360886262399966
    endloop
  endfacet
  facet normal -3.4264231668289295e-16 0.6142127126896701 0.7891405093963919
    outer loop
      vertex 5.36275799601833 2.8556843582224425 5.276842507238934
      vertex 19.70363952723962 4.41434346403879 4.0636894297544455
      vertex 5.366952151644383 2.925427155806216 5.222559508983957
    endloop
  endfacet
  facet normal 7.855040370939688e-17 0.6142127126896676 0.7891405093963939
    outer loop
      vertex 5.366952151644383 2.925427155806216 5.222559508983957
      vertex 19.70363952723962 4.41434346403879 4.0636894297544455
      vertex 5.230819211083781 3.1444411117070428 5.052094104700458
    endloop
  endfacet
  facet normal 0 0.6142127126896681 0.7891405093963934
    outer loop
      vertex 5.36275799601833 2.8556843582224425 5.276842507238934
      vertex 19.703639527239623 2.8556843582224425 5.276842507238934
      vertex 19.70363952723962 4.41434346403879 4.0636894297544455
    endloop
  endfacet
  facet normal 0 0.8371664782625284 0.5469481581224269
    outer loop
      vertex 4.38371743179283 4.41434346403879 4.0636894297544455
      vertex 19.70363952723962 4.41434346403879 4.0636894297544455
      vertex 19.703639527239627 5.494639959930344 2.410172547917817
    endloop
  endfacet
  facet normal 0 0 1
    outer loop
      vertex 6.112734430301853 -0.8664632346484634 5.918167820416334
      vertex 19.703639527239623 0.9875675416844049 5.918167820416334
      vertex 6.298828119473504 0 5.918167820416334
    endloop
  endfacet
  facet normal 0 0 1
    outer loop
      vertex 6.112734430301853 0.8664632346484633 5.918167820416334
      vertex 6.298828119473504 0 5.918167820416334
      vertex 19.703639527239623 0.9875675416844049 5.918167820416334
    endloop
  endfacet
  facet normal 0 0 1
    outer loop
      vertex 6.112734430301853 0.8664632346484633 5.918167820416334
      vertex 19.703639527239623 0.9875675416844049 5.918167820416334
      vertex 6.09065355186901 0.9875675416844049 5.918167820416334
    endloop
  endfacet
  facet normal 9.236550667151924e-17 0.324699469204683 0.9458172417006347
    outer loop
      vertex 6.093239403571238 1.1034085835132676 5.878399540525054
      vertex 19.703639527239623 2.8556843582224425 5.276842507238934
      vertex 5.930310998998028 2.026634096921259 5.561455821439546
    endloop
  endfacet
  facet normal 1.4802324190276166e-17 0.32469946920468423 0.9458172417006344
    outer loop
      vertex 5.930310998998028 2.026634096921259 5.561455821439546
      vertex 19.703639527239623 2.8556843582224425 5.276842507238934
      vertex 5.506852965019687 2.6148454038065188 5.359522624723421
    endloop
  endfacet
  facet normal 3.399078743015983e-16 0.3246994692046816 0.9458172417006352
    outer loop
      vertex 6.09065355186901 0.9875675416844049 5.918167820416334
      vertex 19.703639527239623 2.8556843582224425 5.276842507238934
      vertex 6.108333858373631 1.030675329861532 5.903368898042564
    endloop
  endfacet
  facet normal -7.282990577365897e-16 0.32469946920468884 0.9458172417006329
    outer loop
      vertex 6.093239403571238 1.1034085835132676 5.878399540525054
      vertex 6.108333858373631 1.030675329861532 5.903368898042564
      vertex 19.703639527239623 2.8556843582224425 5.276842507238934
    endloop
  endfacet
  facet normal -4.556750862073414e-19 0.324699469204685 0.9458172417006342
    outer loop
      vertex 5.506852965019687 2.6148454038065188 5.359522624723421
      vertex 19.703639527239623 2.8556843582224425 5.276842507238934
      vertex 5.36275799601833 2.8556843582224425 5.276842507238934
    endloop
  endfacet
  facet normal 0 0.9694002659392784 0.24548548714100416
    outer loop
      vertex 6.20428694225294 5.9795069580400195 0.4954760728339947
      vertex 6.206139894777382 5.979026330469098 0.49737402818970927
      vertex 19.703639527239623 5.9795069580400195 0.4954760728339947
    endloop
  endfacet
  facet normal 1.9941981744599728e-20 0.9965844930066695 -0.08257934547233646
    outer loop
      vertex 6.205167796713663 5.9737632913272405 0.4261603238871627
      vertex 6.20428694225294 5.9795069580400195 0.4954760728339947
      vertex 19.703639527239623 5.9795069580400195 0.4954760728339947
    endloop
  endfacet
  facet normal -3.068330668334055e-17 0.9694002659393304 0.2454854871407991
    outer loop
      vertex 6.206139894777382 5.979026330469098 0.49737402818970927
      vertex 6.047358916628729 5.7442454872701285 1.4245026111678223
      vertex 19.703639527239623 5.9795069580400195 0.4954760728339947
    endloop
  endfacet
  facet normal 0 0.9694002659394423 0.24548548714035787
    outer loop
      vertex 5.55619584625203 5.494639959930344 2.410172547917817
      vertex 19.703639527239627 5.494639959930344 2.410172547917817
      vertex 5.557154028318258 5.494829726991243 2.4094231747412396
    endloop
  endfacet
  facet normal 2.733843410035563e-17 0.9694002659393303 0.24548548714079993
    outer loop
      vertex 5.787661669043137 5.560352196957401 2.1506807922485276
      vertex 19.703639527239623 5.9795069580400195 0.4954760728339947
      vertex 6.047358916628729 5.7442454872701285 1.4245026111678223
    endloop
  endfacet
  facet normal -3.552059123364947e-17 0.9694002659393304 0.2454854871407994
    outer loop
      vertex 5.787661669043137 5.560352196957401 2.1506807922485276
      vertex 5.736977608453105 5.5211817736657505 2.3053612957607488
      vertex 19.703639527239623 5.9795069580400195 0.4954760728339947
    endloop
  endfacet
  facet normal 1.3322528237801933e-16 0.9694002659393302 0.24548548714080062
    outer loop
      vertex 5.557154028318258 5.494829726991243 2.4094231747412396
      vertex 19.703639527239623 5.9795069580400195 0.4954760728339947
      vertex 5.736977608453105 5.5211817736657505 2.3053612957607488
    endloop
  endfacet
  facet normal 0 0.8371664782625281 0.5469481581224278
    outer loop
      vertex 5.55619584625203 5.494639959930344 2.410172547917817
      vertex 5.329327130474079 5.085708576428181 3.0360886262399966
      vertex 19.703639527239627 5.494639959930344 2.410172547917817
    endloop
  endfacet
  facet normal -2.4896626353458373e-17 0.9694002659393303 0.24548548714079949
    outer loop
      vertex 5.557154028318258 5.494829726991243 2.4094231747412396
      vertex 19.703639527239627 5.494639959930344 2.410172547917817
      vertex 19.703639527239623 5.9795069580400195 0.4954760728339947
    endloop
  endfacet
  facet normal 1 0 0
    outer loop
      vertex 20 2.5255910117228067e-17 -5.700823445748517
      vertex 20 0.9383246993157801 5.623071644417306
      vertex 20 -0.9383246993157801 5.623071644417306
    endloop
  endfacet
  facet normal 1 0 0
    outer loop
      vertex 20 3.5015182331780554 -4.498750717956888
      vertex 20 2.7132920571686343 5.01372458079835
      vertex 20 0.9383246993157801 5.623071644417306
    endloop
  endfacet
  facet normal 1 0 0
    outer loop
      vertex 20 4.772538287273739 -3.118054883433298
      vertex 20 4.194232119563177 3.8610626628974267
      vertex 20 2.7132920571686343 5.01372458079835
    endloop
  endfacet
  facet normal 1 0 0
    outer loop
      vertex 20 5.526379764381781 -1.3994694206832645
      vertex 20 5.220662051586266 2.289994694911555
      vertex 20 4.194232119563177 3.8610626628974267
    endloop
  endfacet
  facet normal 0 0.32469946920468384 0.9458172417006345
    outer loop
      vertex 6.09065355186901 0.9875675416844049 5.918167820416334
      vertex 19.703639527239623 0.9875675416844049 5.918167820416334
      vertex 19.703639527239623 2.8556843582224425 5.276842507238934
    endloop
  endfacet
  facet normal 1 0 0
    outer loop
      vertex 20 5.681352243401822 0.47077026880323936
      vertex 20 5.220662051586266 2.289994694911555
      vertex 20 5.526379764381781 -1.3994694206832645
    endloop
  endfacet
  facet normal -1 0 0
    outer loop
      vertex -5.918167820416334 -6.1165909745857165 -0.6937775001022499
      vertex -5.918167820416334 -19.70082344574852 -0.9875675416844049
      vertex -5.918167820416334 -19.70082344574852 0.987567541684405
    endloop
  endfacet
  facet normal -0.9458172417006345 2.418498120806492e-17 -0.32469946920468384
    outer loop
      vertex -5.353609894202969 -5.521557748736895 -2.6320685994140445
      vertex -5.276842507238934 -19.700823445748515 -2.8556843582224425
      vertex -5.918167820416334 -19.70082344574852 -0.9875675416844049
    endloop
  endfacet
  facet normal -0.7891405093963964 1.3840922649010967e-19 -0.6142127126896644
    outer loop
      vertex -5.243724007037988 -5.433914554785393 -2.8982350081504973
      vertex -5.276842507238934 -19.700823445748515 -2.8556843582224425
      vertex -5.276842507238934 -5.413549678967758 -2.8556843582224425
    endloop
  endfacet
  facet normal -0.7891405093963935 -1.7174616435496575e-17 -0.614212712689668
    outer loop
      vertex -5.243724007037988 -5.433914554785393 -2.8982350081504973
      vertex -4.698377199394113 -4.971699096593386 -3.5988966009352477
      vertex -5.276842507238934 -19.700823445748515 -2.8556843582224425
    endloop
  endfacet
  facet normal -0.9458172417006351 -4.634100540250348e-19 -0.3246994692046825
    outer loop
      vertex -5.353609894202969 -5.521557748736895 -2.6320685994140445
      vertex -5.276842507238934 -5.413549678967758 -2.8556843582224425
      vertex -5.276842507238934 -19.700823445748515 -2.8556843582224425
    endloop
  endfacet
  facet normal -0.9458172417006346 1.2942338726431764e-17 -0.3246994692046837
    outer loop
      vertex -5.568931343645076 -5.872248006422537 -2.0048586446545063
      vertex -5.918167820416334 -19.70082344574852 -0.9875675416844049
      vertex -5.859282001747455 -6.090090247838054 -1.1590960715126257
    endloop
  endfacet
  facet normal -0.9458172417006343 -5.2530694018974555e-17 -0.32469946920468445
    outer loop
      vertex -5.353609894202969 -5.521557748736895 -2.6320685994140445
      vertex -5.918167820416334 -19.70082344574852 -0.9875675416844049
      vertex -5.568931343645076 -5.872248006422537 -2.0048586446545063
    endloop
  endfacet
  facet normal -0.9458172417006351 3.373889428216345e-17 -0.3246994692046824
    outer loop
      vertex -5.898627476237404 -6.1228237653706765 -1.0444866197428497
      vertex -5.859282001747455 -6.090090247838054 -1.1590960715126257
      vertex -5.918167820416334 -19.70082344574852 -0.9875675416844049
    endloop
  endfacet
  facet normal -0.9458172417006326 5.130161148900834e-20 -0.3246994692046896
    outer loop
      vertex -5.898627476237404 -6.1228237653706765 -1.0444866197428497
      vertex -5.918167820416334 -19.70082344574852 -0.9875675416844049
      vertex -5.918167820416334 -6.084454993045237 -0.9875675416844049
    endloop
  endfacet
  facet normal -1 0 0
    outer loop
      vertex -5.918167820416334 -6.084454993045237 -0.9875675416844049
      vertex -5.918167820416334 -19.70082344574852 -0.9875675416844049
      vertex -5.918167820416334 -6.1165909745857165 -0.6937775001022499
    endloop
  endfacet
  facet normal -0.24548548714079943 0 -0.9694002659393303
    outer loop
      vertex -0.4954760728339962 -5.9795069580400195 -5.9795069580400195
      vertex -0.4954760728339962 -19.700823445748515 -5.9795069580400195
      vertex -2.4101725479178158 -19.700823445748515 -5.494639959930345
    endloop
  endfacet
  facet normal 0 -1 0
    outer loop
      vertex 4.500973001939272 -20 -3.503247906229856
      vertex -3.8629699429955418 -20 -4.1963039780505795
      vertex -2.2911259019619767 -20 -5.223240943901499
    endloop
  endfacet
  facet normal 0 -1 0
    outer loop
      vertex -3.8629699429955418 -20 -4.1963039780505795
      vertex 5.39460060530848 -20 -1.8519687270295566
      vertex -5.016201250551027 -20 -2.714632363812901
    endloop
  endfacet
  facet normal 0 -1 0
    outer loop
      vertex -5.016201250551027 -20 -2.714632363812901
      vertex 5.703639527239612 -20 2.918787891397143e-17
      vertex -5.625849318227351 -20 -0.9387882110950042
    endloop
  endfacet
  facet normal -0.5469481581224269 0 -0.8371664782625285
    outer loop
      vertex -2.4101725479178158 -5.494639959930345 -5.494639959930345
      vertex -2.4101725479178158 -19.700823445748515 -5.494639959930345
      vertex -4.0636894297544455 -19.700823445748515 -4.41434346403879
    endloop
  endfacet
  facet normal -0.5469481581224268 -3.072033724534129e-17 -0.8371664782625287
    outer loop
      vertex -2.7225581760478192 -5.290548242970743 -5.290548242970743
      vertex -2.4101725479178158 -5.494639959930345 -5.494639959930345
      vertex -4.0636894297544455 -19.700823445748515 -4.41434346403879
    endloop
  endfacet
  facet normal -0.2454854871407996 0 -0.9694002659393302
    outer loop
      vertex -2.4101725479178158 -5.494639959930345 -5.494639959930345
      vertex -2.129253112570339 -5.5657784223969005 -5.5657784223969005
      vertex -2.4101725479178158 -19.700823445748515 -5.494639959930345
    endloop
  endfacet
  facet normal -0.24548548714079563 -8.555627472456581e-17 -0.9694002659393313
    outer loop
      vertex -2.129253112570339 -5.5657784223969005 -5.5657784223969005
      vertex -2.077744295041889 -5.611164357603016 -5.578822226496506
      vertex -2.4101725479178158 -19.700823445748515 -5.494639959930345
    endloop
  endfacet
  facet normal -0.24548548714079976 1.916792448970359e-17 -0.9694002659393303
    outer loop
      vertex -2.077744295041889 -5.611164357603016 -5.578822226496506
      vertex -1.7285153230524355 -5.943321840430134 -5.667259012955854
      vertex -2.4101725479178158 -19.700823445748515 -5.494639959930345
    endloop
  endfacet
  facet normal -0.24548548714079904 -1.864418882189944e-17 -0.9694002659393305
    outer loop
      vertex -1.7285153230524355 -5.943321840430134 -5.667259012955854
      vertex -1.0246869255377211 -5.9376855179830175 -5.845492569411512
      vertex -2.4101725479178158 -19.700823445748515 -5.494639959930345
    endloop
  endfacet
  facet normal -0.24548548714080062 1.471313921769618e-16 -0.9694002659393302
    outer loop
      vertex -1.0246869255377211 -5.9376855179830175 -5.845492569411512
      vertex -0.6700180711119689 -5.93530692119324 -5.93530692119324
      vertex -2.4101725479178158 -19.700823445748515 -5.494639959930345
    endloop
  endfacet
  facet normal -0.24548548714079899 -7.740076172904657e-17 -0.9694002659393305
    outer loop
      vertex -0.6700180711119689 -5.93530692119324 -5.93530692119324
      vertex -0.4954760728339962 -5.9795069580400195 -5.9795069580400195
      vertex -2.4101725479178158 -19.700823445748515 -5.494639959930345
    endloop
  endfacet
  facet normal 0.08257934547233281 2.1790090760756704e-17 -0.9965844930066698
    outer loop
      vertex -0.4337677383459176 -5.974393659661435 -5.974393659661435
      vertex -0.02954823125143049 -6.2380985527030255 -5.940899076354901
      vertex -0.4954760728339962 -19.700823445748515 -5.9795069580400195
    endloop
  endfacet
  facet normal 0.08257934547233761 0 -0.9965844930066694
    outer loop
      vertex -0.4954760728339962 -5.9795069580400195 -5.9795069580400195
      vertex -0.4337677383459176 -5.974393659661435 -5.974393659661435
      vertex -0.4954760728339962 -19.700823445748515 -5.9795069580400195
    endloop
  endfacet
  facet normal -0.7891405093963934 -2.163976575312088e-17 -0.6142127126896681
    outer loop
      vertex -4.672057794442955 -4.946326295565011 -3.632711773107792
      vertex -4.0636894297544455 -19.700823445748515 -4.41434346403879
      vertex -5.276842507238934 -19.700823445748515 -2.8556843582224425
    endloop
  endfacet
  facet normal -0.5469481581224268 -1.3369870350576164e-17 -0.8371664782625287
    outer loop
      vertex -3.1596257604153144 -5.251787076225185 -5.004997738439129
      vertex -2.7225581760478192 -5.290548242970743 -5.290548242970743
      vertex -4.0636894297544455 -19.700823445748515 -4.41434346403879
    endloop
  endfacet
  facet normal -0.5469481581224258 -4.1760091371767135e-17 -0.8371664782625293
    outer loop
      vertex -3.806246716999936 -4.58555015967045 -4.582539182834597
      vertex -3.477029738492627 -4.878232995155451 -4.797627369823298
      vertex -4.0636894297544455 -19.700823445748515 -4.41434346403879
    endloop
  endfacet
  facet normal -0.5469481581224257 0 -0.8371664782625292
    outer loop
      vertex -4.0636894297544455 -4.41434346403879 -4.41434346403879
      vertex -3.8212489354543275 -4.572737744334085 -4.572737744334085
      vertex -4.0636894297544455 -19.700823445748515 -4.41434346403879
    endloop
  endfacet
  facet normal -0.5469481581224542 6.486460876986869e-16 -0.8371664782625108
    outer loop
      vertex -3.8212489354543275 -4.572737744334085 -4.572737744334085
      vertex -3.806246716999936 -4.58555015967045 -4.582539182834597
      vertex -4.0636894297544455 -19.700823445748515 -4.41434346403879
    endloop
  endfacet
  facet normal -0.7891405093963931 0 -0.6142127126896684
    outer loop
      vertex -4.0636894297544455 -4.41434346403879 -4.41434346403879
      vertex -4.0636894297544455 -19.700823445748515 -4.41434346403879
      vertex -4.672057794442955 -4.946326295565011 -3.632711773107792
    endloop
  endfacet
  facet normal -0.7891405093963941 6.045485356474508e-17 -0.6142127126896672
    outer loop
      vertex -4.682658318852313 -4.959172541998127 -3.619092219068218
      vertex -4.672057794442955 -4.946326295565011 -3.632711773107792
      vertex -5.276842507238934 -19.700823445748515 -2.8556843582224425
    endloop
  endfacet
  facet normal -0.7891405093963912 -2.3882875520988483e-16 -0.6142127126896707
    outer loop
      vertex -4.698377199394113 -4.971699096593386 -3.5988966009352477
      vertex -4.682658318852313 -4.959172541998127 -3.619092219068218
      vertex -5.276842507238934 -19.700823445748515 -2.8556843582224425
    endloop
  endfacet
  facet normal -0.546948158122428 8.994948371430093e-17 -0.8371664782625278
    outer loop
      vertex -3.1596257604153144 -5.251787076225185 -5.004997738439129
      vertex -4.0636894297544455 -19.700823445748515 -4.41434346403879
      vertex -3.477029738492627 -4.878232995155451 -4.797627369823298
    endloop
  endfacet
  facet normal -0.7891405093963942 3.2068664925150296e-15 -0.614212712689667
    outer loop
      vertex -4.0636894297544455 -4.41434346403879 -4.41434346403879
      vertex -4.672057794442955 -4.946326295565011 -3.632711773107792
      vertex -4.272960352110032 -4.465869781399871 -4.145472177499691
    endloop
  endfacet
  facet normal -0.7891405093963889 -1.2857431858935715e-14 -0.6142127126896739
    outer loop
      vertex -4.272960352110032 -4.465869781399871 -4.145472177499691
      vertex -4.28546863530816 -4.444223784792874 -4.129401534918199
      vertex -4.141214577756436 -4.345408937666571 -4.314739151849582
    endloop
  endfacet
  facet normal -0.7891405093963942 9.943543679932626e-15 -0.614212712689667
    outer loop
      vertex -4.141214577756436 -4.345408937666571 -4.314739151849582
      vertex -4.2781362385772335 -4.42705837119915 -4.138822198430684
      vertex -4.288015811020614 -4.400048243978681 -4.126128923495934
    endloop
  endfacet
  facet normal -0.7891405093963813 -4.262503472507375e-14 -0.6142127126896837
    outer loop
      vertex -4.28546863530816 -4.444223784792874 -4.129401534918199
      vertex -4.2806075608422445 -4.431495954473412 -4.135647043519687
      vertex -4.141214577756436 -4.345408937666571 -4.314739151849582
    endloop
  endfacet
  facet normal -0.7891405093964131 9.252314884773478e-14 -0.614212712689643
    outer loop
      vertex -4.141214577756436 -4.345408937666571 -4.314739151849582
      vertex -4.2806075608422445 -4.431495954473412 -4.135647043519687
      vertex -4.2781362385772335 -4.42705837119915 -4.138822198430684
    endloop
  endfacet
  facet normal -0.7891405093963929 -1.033528763335813e-14 -0.6142127126896687
    outer loop
      vertex -4.0636894297544455 -4.41434346403879 -4.41434346403879
      vertex -4.272960352110032 -4.465869781399871 -4.145472177499691
      vertex -4.1127783936854865 -4.351273961890835 -4.351273961890835
    endloop
  endfacet
  facet normal -0.7891405093964273 1.1526608308353404e-13 -0.6142127126896245
    outer loop
      vertex -4.272960352110032 -4.465869781399871 -4.145472177499691
      vertex -4.122665318307735 -4.34823812642686 -4.338571240876481
      vertex -4.1127783936854865 -4.351273961890835 -4.351273961890835
    endloop
  endfacet
  facet normal -0.7891405093962778 -3.951304694127721e-13 -0.6142127126898166
    outer loop
      vertex -4.272960352110032 -4.465869781399871 -4.145472177499691
      vertex -4.124695712583433 -4.347950973398744 -4.335962590257736
      vertex -4.122665318307735 -4.34823812642686 -4.338571240876481
    endloop
  endfacet
  facet normal -0.7891405093964035 2.9957379122705816e-14 -0.6142127126896553
    outer loop
      vertex -4.272960352110032 -4.465869781399871 -4.145472177499691
      vertex -4.141214577756436 -4.345408937666571 -4.314739151849582
      vertex -4.124695712583433 -4.347950973398744 -4.335962590257736
    endloop
  endfacet
  facet normal -0.7891405093963924 -2.4037641013584913e-15 -0.6142127126896693
    outer loop
      vertex -4.278653890812314 -4.264176788627432 -4.138157118825456
      vertex -4.141214577756436 -4.345408937666571 -4.314739151849582
      vertex -4.288015811020614 -4.400048243978681 -4.126128923495934
    endloop
  endfacet
  facet normal -0.7891405093965447 -6.97627895649827e-13 -0.6142127126894739
    outer loop
      vertex -4.278653890812314 -4.264176788627432 -4.138157118825456
      vertex -4.142065485712227 -4.344443877927714 -4.313645905285632
      vertex -4.141214577756436 -4.345408937666571 -4.314739151849582
    endloop
  endfacet
  facet normal -0.7891405093956423 3.464370147487047e-12 -0.6142127126906332
    outer loop
      vertex -4.278653890812314 -4.264176788627432 -4.138157118825456
      vertex -4.142056347624667 -4.344328930305323 -4.313657645900769
      vertex -4.142065485712227 -4.344443877927714 -4.313645905285632
    endloop
  endfacet
  facet normal -0.7891405093963956 -1.773501603062186e-14 -0.6142127126896652
    outer loop
      vertex -4.278653890812314 -4.264176788627432 -4.138157118825456
      vertex -4.140549506680856 -4.3253745525234 -4.315593635184956
      vertex -4.142056347624667 -4.344328930305323 -4.313657645900769
    endloop
  endfacet
  facet normal -0.7891405093963889 2.2417158892447134e-14 -0.6142127126896739
    outer loop
      vertex -4.278653890812314 -4.264176788627432 -4.138157118825456
      vertex -4.140117180112104 -4.319935376503161 -4.316149088371844
      vertex -4.140549506680856 -4.3253745525234 -4.315593635184956
    endloop
  endfacet
  facet normal -0.7891405093963937 -9.746011679421604e-15 -0.6142127126896677
    outer loop
      vertex -4.278653890812314 -4.264176788627432 -4.138157118825456
      vertex -4.197735563470928 -4.2421209879190425 -4.2421209879190425
      vertex -4.140117180112104 -4.319935376503161 -4.316149088371844
    endloop
  endfacet
  facet normal -0.7891405093965067 -2.3160805358696204e-13 -0.6142127126895226
    outer loop
      vertex -4.197735563470928 -4.2421209879190425 -4.2421209879190425
      vertex -4.13984411657025 -4.316499920417591 -4.316499920417591
      vertex -4.140117180112104 -4.319935376503161 -4.316149088371844
    endloop
  endfacet
  facet normal -0.9458172417006345 2.9542511385409656e-17 0.32469946920468395
    outer loop
      vertex -5.895191000758764 -6.115899692315857 1.0544967308352384
      vertex -5.918167820416334 -19.70082344574852 0.987567541684405
      vertex -5.276842507238934 -19.700823445748515 2.8556843582224425
    endloop
  endfacet
  facet normal -1 0 0
    outer loop
      vertex -5.918167820416334 -6.1165909745857165 -0.6937775001022499
      vertex -5.918167820416334 -19.70082344574852 0.987567541684405
      vertex -5.918167820416334 -6.237625224183759 0.013407643078876319
    endloop
  endfacet
  facet normal -1 0 0
    outer loop
      vertex -5.918167820416334 -6.237625224183759 0.013407643078876319
      vertex -5.918167820416334 -19.70082344574852 0.987567541684405
      vertex -5.918167820416334 -6.110102850233269 0.6819054880713078
    endloop
  endfacet
  facet normal -1 0 0
    outer loop
      vertex -5.918167820416334 -6.110102850233269 0.6819054880713078
      vertex -5.918167820416334 -19.70082344574852 0.987567541684405
      vertex -5.918167820416334 -6.071864923409285 0.9875675416844049
    endloop
  endfacet
  facet normal -0.9458172417006329 2.5628771075957434e-18 0.3246994692046888
    outer loop
      vertex -5.895191000758764 -6.115899692315857 1.0544967308352384
      vertex -5.918167820416334 -6.071864923409285 0.9875675416844049
      vertex -5.918167820416334 -19.70082344574852 0.987567541684405
    endloop
  endfacet
  facet normal -0.9458172417006352 -2.473876371399303e-16 0.32469946920468207
    outer loop
      vertex -5.895191000758764 -6.115899692315857 1.0544967308352384
      vertex -5.276842507238934 -19.700823445748515 2.8556843582224425
      vertex -5.85521567510114 -6.083172583411872 1.170940876377543
    endloop
  endfacet
  facet normal -0.9458172417006345 2.880199418519955e-18 0.3246994692046838
    outer loop
      vertex -5.85521567510114 -6.083172583411872 1.170940876377543
      vertex -5.276842507238934 -19.700823445748515 2.8556843582224425
      vertex -5.561450828046358 -5.86641317943435 2.0266486421787016
    endloop
  endfacet
  facet normal -0.9458172417006345 -1.9572696071364748e-17 0.32469946920468357
    outer loop
      vertex -5.561450828046358 -5.86641317943435 2.0266486421787016
      vertex -5.276842507238934 -19.700823445748515 2.8556843582224425
      vertex -5.368569152850065 -5.530487766128126 2.5884937676284
    endloop
  endfacet
  facet normal -0.9458172417006343 -1.2647002195700914e-19 0.32469946920468445
    outer loop
      vertex -5.368569152850065 -5.530487766128126 2.5884937676284
      vertex -5.276842507238934 -19.700823445748515 2.8556843582224425
      vertex -5.276842507238934 -5.399812767581946 2.8556843582224425
    endloop
  endfacet
  facet normal -0.7891405093963972 0 0.614212712689663
    outer loop
      vertex -5.276842507238934 -5.399812767581946 2.8556843582224425
      vertex -5.276842507238934 -19.700823445748515 2.8556843582224425
      vertex -5.238296722698062 -5.418515556939717 2.9052079832129856
    endloop
  endfacet
  facet normal 0 -1 0
    outer loop
      vertex 5.703639527239612 -20 2.918787891397143e-17
      vertex -5.625849318227351 -20 0.9387882110950042
      vertex -5.625849318227351 -20 -0.9387882110950042
    endloop
  endfacet
  facet normal 0 -1 0
    outer loop
      vertex 4.500973001939272 -20 3.5032479062298565
      vertex -5.016201250551027 -20 2.714632363812901
      vertex -5.625849318227351 -20 0.9387882110950042
    endloop
  endfacet
  facet normal 0 -1 0
    outer loop
      vertex 3.119595134017975 -20 4.774895816298138
      vertex -3.8629699429955418 -20 4.1963039780505795
      vertex -5.016201250551027 -20 2.714632363812901
    endloop
  endfacet
  facet normal 0 -1 0
    outer loop
      vertex 1.4001607278199344 -20 5.529109674528156
      vertex -2.2911259019619776 -20 5.223240943901497
      vertex -3.8629699429955418 -20 4.1963039780505795
    endloop
  endfacet
  facet normal 0 -1 0
    outer loop
      vertex -2.2911259019619776 -20 5.223240943901497
      vertex 1.4001607278199344 -20 5.529109674528156
      vertex -0.47100281896957086 -20 5.684158706546891
    endloop
  endfacet
  facet normal -0.7891405093963934 -2.7871270617549606e-17 0.6142127126896681
    outer loop
      vertex -5.238296722698062 -5.418515556939717 2.9052079832129856
      vertex -5.276842507238934 -19.700823445748515 2.8556843582224425
      vertex -4.0636894297544455 -19.700823445748515 4.41434346403879
    endloop
  endfacet
  facet normal -0.5469481581224269 -2.4399775613836678e-17 0.8371664782625285
    outer loop
      vertex -3.8977470385989568 -4.522759039140764 4.522759039140764
      vertex -4.0636894297544455 -19.700823445748515 4.41434346403879
      vertex -2.410172547917817 -19.700823445748515 5.494639959930344
    endloop
  endfacet
  facet normal -0.789140509396393 5.635540247137417e-17 0.6142127126896687
    outer loop
      vertex -5.238296722698062 -5.418515556939717 2.9052079832129856
      vertex -4.0636894297544455 -19.700823445748515 4.41434346403879
      vertex -4.692703984400388 -4.941874474206447 3.606185547708195
    endloop
  endfacet
  facet normal -0.5469481581224267 3.4712499620605496e-17 0.8371664782625288
    outer loop
      vertex -3.1363558228083197 -5.265709371644337 5.0202007474513675
      vertex -2.410172547917817 -19.700823445748515 5.494639959930344
      vertex -2.7766598085901473 -5.27572200510728 5.255201882313952
    endloop
  endfacet
  facet normal -0.5469481581224273 5.078972954851875e-17 0.8371664782625284
    outer loop
      vertex -2.7071496957429564 -5.300615105585335 5.300615105585334
      vertex -2.410172547917817 -19.700823445748515 5.494639959930344
      vertex -2.4101725479178158 -5.494639959930345 5.494639959930344
    endloop
  endfacet
  facet normal -0.5469481581224215 2.1957310020976023e-16 0.8371664782625321
    outer loop
      vertex -2.7766598085901473 -5.27572200510728 5.255201882313952
      vertex -2.410172547917817 -19.700823445748515 5.494639959930344
      vertex -2.7071496957429564 -5.300615105585335 5.300615105585334
    endloop
  endfacet
  facet normal -0.2454854871407995 2.7536562931517422e-17 0.9694002659393303
    outer loop
      vertex -2.127865923150736 -5.566129706466436 5.566129706466435
      vertex -2.410172547917817 -19.700823445748515 5.494639959930344
      vertex -0.4954760728339947 -19.700823445748515 5.9795069580400195
    endloop
  endfacet
  facet normal -0.2454854871407993 2.3021831892326152e-17 0.9694002659393304
    outer loop
      vertex -2.4101725479178158 -5.494639959930345 5.494639959930344
      vertex -2.410172547917817 -19.700823445748515 5.494639959930344
      vertex -2.127865923150736 -5.566129706466436 5.566129706466435
    endloop
  endfacet
  facet normal -0.2454854871407989 1.2195411604086604e-16 0.9694002659393305
    outer loop
      vertex -1.9951255054369799 -5.640966909083043 5.599744145466159
      vertex -0.4954760728339947 -19.700823445748515 5.9795069580400195
      vertex -1.9225208088677055 -5.703075063374249 5.61813015167253
    endloop
  endfacet
  facet normal -0.24548548714080362 -3.9553963333049346e-16 0.9694002659393294
    outer loop
      vertex -1.9225208088677055 -5.703075063374249 5.61813015167253
      vertex -0.4954760728339947 -19.700823445748515 5.9795069580400195
      vertex -1.714328968994996 -5.944613184446622 5.670851485703081
    endloop
  endfacet
  facet normal -0.24548548714079754 2.683037525847342e-16 0.9694002659393308
    outer loop
      vertex -1.9951255054369799 -5.640966909083043 5.599744145466159
      vertex -2.127865923150736 -5.566129706466436 5.566129706466435
      vertex -0.4954760728339947 -19.700823445748515 5.9795069580400195
    endloop
  endfacet
  facet normal -0.24548548714079896 4.1050531671901467e-17 0.9694002659393304
    outer loop
      vertex -1.714328968994996 -5.944613184446622 5.670851485703081
      vertex -0.4954760728339947 -19.700823445748515 5.9795069580400195
      vertex -1.0767573888094129 -5.887924851679104 5.832306537293486
    endloop
  endfacet
  facet normal -0.24548548714080062 -3.1939607157778295e-17 0.9694002659393299
    outer loop
      vertex -1.0767573888094129 -5.887924851679104 5.832306537293486
      vertex -0.4954760728339947 -19.700823445748515 5.9795069580400195
      vertex -0.6593989924860156 -5.937996037114775 5.937996037114775
    endloop
  endfacet
  facet normal -0.24548548714079818 -9.199912083483236e-20 0.9694002659393308
    outer loop
      vertex -0.6593989924860156 -5.937996037114775 5.937996037114775
      vertex -0.4954760728339947 -19.700823445748515 5.9795069580400195
      vertex -0.4954760728339947 -5.9795069580400195 5.9795069580400195
    endloop
  endfacet
  facet normal -0.789140509396392 1.6041934872174371e-16 0.6142127126896697
    outer loop
      vertex -4.692703984400388 -4.941874474206447 3.606185547708195
      vertex -4.0636894297544455 -19.700823445748515 4.41434346403879
      vertex -4.67960748347948 -4.930593177864024 3.6230119324353653
    endloop
  endfacet
  facet normal -0.7891405093964168 -2.5652393681955812e-15 0.6142127126896382
    outer loop
      vertex -4.67960748347948 -4.930593177864024 3.6230119324353653
      vertex -4.0636894297544455 -19.700823445748515 4.41434346403879
      vertex -4.669604405965204 -4.920214473518577 3.635863886688446
    endloop
  endfacet
  facet normal -0.789140509396393 2.0765077822910315e-17 0.6142127126896687
    outer loop
      vertex -4.669604405965204 -4.920214473518577 3.635863886688446
      vertex -4.0636894297544455 -19.700823445748515 4.41434346403879
      vertex -4.320128308150574 -4.560447529732179 4.084870786339906
    endloop
  endfacet
  facet normal -0.7891405093964429 -2.130092852960954e-15 0.6142127126896046
    outer loop
      vertex -4.0636894297544455 -19.700823445748515 4.41434346403879
      vertex -4.305266907360926 -4.543962788452964 4.10396471446479
      vertex -4.306789873023384 -4.54665393439429 4.102008008141663
    endloop
  endfacet
  facet normal -0.7891405093963978 -2.0716486771525883e-16 0.6142127126896625
    outer loop
      vertex -4.0636894297544455 -19.700823445748515 4.41434346403879
      vertex -4.306789873023384 -4.54665393439429 4.102008008141663
      vertex -4.320128308150574 -4.560447529732179 4.084870786339906
    endloop
  endfacet
  facet normal -0.7891405093963919 4.1715613231425444e-17 0.6142127126896699
    outer loop
      vertex -4.254551275402516 -4.491588706573884 4.169124159737035
      vertex -4.305266907360926 -4.543962788452964 4.10396471446479
      vertex -4.0636894297544455 -19.700823445748515 4.41434346403879
    endloop
  endfacet
  facet normal -0.7891405093963931 1.2917027519980458e-19 0.6142127126896685
    outer loop
      vertex -4.254551275402516 -4.491588706573884 4.169124159737035
      vertex -4.0636894297544455 -19.700823445748515 4.41434346403879
      vertex -4.0636894297544455 -4.41434346403879 4.41434346403879
    endloop
  endfacet
  facet normal -0.5469481581224285 0 0.8371664782625275
    outer loop
      vertex -4.0636894297544455 -4.41434346403879 4.41434346403879
      vertex -4.0636894297544455 -19.700823445748515 4.41434346403879
      vertex -3.8977470385989568 -4.522759039140764 4.522759039140764
    endloop
  endfacet
  facet normal -0.5469481581224264 4.579346005712378e-17 0.8371664782625289
    outer loop
      vertex -3.8977470385989568 -4.522759039140764 4.522759039140764
      vertex -2.410172547917817 -19.700823445748515 5.494639959930344
      vertex -3.439619751454894 -4.915306797511479 4.822068534199753
    endloop
  endfacet
  facet normal -0.5469481581224265 4.715946209196839e-17 0.837166478262529
    outer loop
      vertex -3.1363558228083197 -5.265709371644337 5.0202007474513675
      vertex -3.439619751454894 -4.915306797511479 4.822068534199753
      vertex -2.410172547917817 -19.700823445748515 5.494639959930344
    endloop
  endfacet
  facet normal -0.789140509396307 -2.3153295762299947e-13 0.6142127126897792
    outer loop
      vertex -4.669604405965204 -4.920214473518577 3.635863886688446
      vertex -4.320128308150574 -4.560447529732179 4.084870786339906
      vertex -4.320220068212872 -4.559404932040034 4.084752893009456
    endloop
  endfacet
  facet normal -0.7891405093963955 1.5501277181445497e-14 0.6142127126896654
    outer loop
      vertex -4.263757864325786 -4.47563907391235 4.1572955340466
      vertex -4.254551275402516 -4.491588706573884 4.169124159737035
      vertex -4.0636894297544455 -4.41434346403879 4.41434346403879
    endloop
  endfacet
  facet normal -0.7891405093963941 3.589538997611656e-15 0.6142127126896672
    outer loop
      vertex -4.263757864325786 -4.47563907391235 4.1572955340466
      vertex -4.0636894297544455 -4.41434346403879 4.41434346403879
      vertex -4.258020275618598 -4.460475954580718 4.164667188168297
    endloop
  endfacet
  facet normal -0.789140509396388 -6.759483745706637e-14 0.6142127126896751
    outer loop
      vertex -4.0636894297544455 -4.41434346403879 4.41434346403879
      vertex -4.25557103701399 -4.4561480444428785 4.167813969991829
      vertex -4.258020275618598 -4.460475954580718 4.164667188168297
    endloop
  endfacet
  facet normal -0.7891405093963949 8.983801626681593e-16 0.614212712689666
    outer loop
      vertex -4.2651075592143055 -4.429992483409482 4.15556144601838
      vertex -4.25557103701399 -4.4561480444428785 4.167813969991829
      vertex -4.115654013511773 -4.347579365462492 4.347579365462492
    endloop
  endfacet
  facet normal -0.7891405093967251 1.5605901342142348e-12 0.6142127126892419
    outer loop
      vertex -4.25557103701399 -4.4561480444428785 4.167813969991829
      vertex -4.116636578454169 -4.373985223395985 4.346316965998693
      vertex -4.116959439509882 -4.37393973106215 4.345902154105832
    endloop
  endfacet
  facet normal -0.78914050939634 -2.2328518073846174e-13 0.6142127126897369
    outer loop
      vertex -4.25557103701399 -4.4561480444428785 4.167813969991829
      vertex -4.116959439509882 -4.37393973106215 4.345902154105832
      vertex -4.117769914721182 -4.373004601293186 4.344860855533066
    endloop
  endfacet
  facet normal -0.7891405093963867 -2.7758950338204287e-14 0.6142127126896766
    outer loop
      vertex -4.25557103701399 -4.4561480444428785 4.167813969991829
      vertex -4.117769914721182 -4.373004601293186 4.344860855533066
      vertex -4.115654013511773 -4.347579365462492 4.347579365462492
    endloop
  endfacet
  facet normal -0.789140509396396 1.3175379402687415e-14 0.6142127126896647
    outer loop
      vertex -4.116636578454169 -4.373985223395985 4.346316965998693
      vertex -4.25557103701399 -4.4561480444428785 4.167813969991829
      vertex -4.0925190715524735 -4.377303139499454 4.377303139499454
    endloop
  endfacet
  facet normal -0.7891405093963931 -3.1487458180937935e-15 0.6142127126896686
    outer loop
      vertex -4.0636894297544455 -4.41434346403879 4.41434346403879
      vertex -4.0925190715524735 -4.377303139499454 4.377303139499454
      vertex -4.25557103701399 -4.4561480444428785 4.167813969991829
    endloop
  endfacet
  facet normal -0.7891405093963954 2.149208803220788e-15 0.6142127126896656
    outer loop
      vertex -4.2747802265992085 -4.312273074621145 4.143134002708197
      vertex -4.2651075592143055 -4.429992483409482 4.15556144601838
      vertex -4.115654013511773 -4.347579365462492 4.347579365462492
    endloop
  endfacet
  facet normal -0.7891405093963969 -1.7358223330444464e-14 0.6142127126896636
    outer loop
      vertex -4.2747802265992085 -4.312273074621145 4.143134002708197
      vertex -4.115654013511773 -4.347579365462492 4.347579365462492
      vertex -4.265507149811116 -4.29696590376641 4.155048052009103
    endloop
  endfacet
  facet normal -0.789140509396393 1.3112286379040651e-14 0.6142127126896685
    outer loop
      vertex -4.265507149811116 -4.29696590376641 4.155048052009103
      vertex -4.115654013511773 -4.347579365462492 4.347579365462492
      vertex -4.175090580616667 -4.271215262484982 4.271215262484982
    endloop
  endfacet
  facet normal -0.7891405093963945 3.0520323592115434e-15 -0.6142127126896668
    outer loop
      vertex -4.278653890812315 4.264176788627431 -4.138157118825455
      vertex -4.273534015993312 4.465942197110966 -4.1447351341273855
      vertex -4.197735563470929 4.242120987919042 -4.242120987919042
    endloop
  endfacet
  facet normal -0.7891405093964101 4.449388551417605e-15 -0.6142127126896467
    outer loop
      vertex -4.278653890812315 4.264176788627431 -4.138157118825455
      vertex -4.288015874377337 4.400049163487725 -4.126128842095214
      vertex -4.277873757781144 4.427775921784175 -4.139159433764393
    endloop
  endfacet
  facet normal -0.7891405093963766 -2.5769303206298224e-14 -0.6142127126896897
    outer loop
      vertex -4.197735563470929 4.242120987919042 -4.242120987919042
      vertex -4.142169814582924 4.345754992482248 -4.313511863549823
      vertex -4.1398441165702495 4.316499920417591 -4.316499920417591
    endloop
  endfacet
  facet normal -0.7891405093964163 4.528710847262372e-15 -0.6142127126896386
    outer loop
      vertex -4.278653890812315 4.264176788627431 -4.138157118825455
      vertex -4.277873757781144 4.427775921784175 -4.139159433764393
      vertex -4.273534015993312 4.465942197110966 -4.1447351341273855
    endloop
  endfacet
  facet normal -0.7891405093964131 3.5377391985268266e-15 -0.6142127126896428
    outer loop
      vertex -4.273534015993312 4.465942197110966 -4.1447351341273855
      vertex -4.277873757781144 4.427775921784175 -4.139159433764393
      vertex -4.281245185977037 4.433231060099659 -4.134827822729757
    endloop
  endfacet
  facet normal -0.789140509396374 -2.0862353364206798e-14 -0.614212712689693
    outer loop
      vertex -4.285686014382346 4.444863841182258 -4.129122246277975
      vertex -4.273534015993312 4.465942197110966 -4.1447351341273855
      vertex -4.281245185977037 4.433231060099659 -4.134827822729757
    endloop
  endfacet
  facet normal -0.546948158122429 1.807535171055142e-16 -0.8371664782625273
    outer loop
      vertex -3.4438798364711016 4.9064487494809805 -4.819285281748106
      vertex -2.4101725479178158 19.70363952723962 -5.494639959930345
      vertex -3.159286105912309 5.25099379382578 -5.005219645801214
    endloop
  endfacet
  facet normal -0.7891405093963897 -3.866073820364758e-16 -0.6142127126896729
    outer loop
      vertex -4.667663055651849 4.9399367287186 -3.638358133622036
      vertex -4.682792725268306 4.958805100858061 -3.618919533701421
      vertex -4.0636894297544455 19.703639527239616 -4.41434346403879
    endloop
  endfacet
  facet normal -0.7891405093963957 0 -0.614212712689665
    outer loop
      vertex -4.0636894297544455 4.41434346403879 -4.41434346403879
      vertex -4.112778393685484 4.351273961890837 -4.351273961890837
      vertex -4.0636894297544455 19.703639527239616 -4.41434346403879
    endloop
  endfacet
  facet normal -0.546948158122428 0 -0.8371664782625279
    outer loop
      vertex -4.0636894297544455 4.41434346403879 -4.41434346403879
      vertex -4.0636894297544455 19.703639527239616 -4.41434346403879
      vertex -3.821248935454325 4.572737744334087 -4.572737744334088
    endloop
  endfacet
  facet normal -0.7891405093963976 1.4218347703871942e-16 -0.6142127126896626
    outer loop
      vertex -4.197735563470929 4.242120987919042 -4.242120987919042
      vertex -4.273534015993312 4.465942197110966 -4.1447351341273855
      vertex -4.0636894297544455 19.703639527239616 -4.41434346403879
    endloop
  endfacet
  facet normal -0.7891405093963946 7.308463370881181e-17 -0.6142127126896665
    outer loop
      vertex -4.197735563470929 4.242120987919042 -4.242120987919042
      vertex -4.0636894297544455 19.703639527239616 -4.41434346403879
      vertex -4.142169814582924 4.345754992482248 -4.313511863549823
    endloop
  endfacet
  facet normal -0.7891405093963955 -1.4970599442894446e-18 -0.6142127126896653
    outer loop
      vertex -4.112778393685484 4.351273961890837 -4.351273961890837
      vertex -4.14086641350087 4.3467935411679735 -4.315186473294278
      vertex -4.0636894297544455 19.703639527239616 -4.41434346403879
    endloop
  endfacet
  facet normal -0.7891405093960708 -4.311892983486607e-15 -0.6142127126900824
    outer loop
      vertex -4.142169814582924 4.345754992482248 -4.313511863549823
      vertex -4.0636894297544455 19.703639527239616 -4.41434346403879
      vertex -4.141328614981207 4.346718649279005 -4.314592636820202
    endloop
  endfacet
  facet normal -0.7891405093958912 -6.6917303531004785e-15 -0.6142127126903135
    outer loop
      vertex -4.0636894297544455 19.703639527239616 -4.41434346403879
      vertex -4.14086641350087 4.3467935411679735 -4.315186473294278
      vertex -4.141328614981207 4.346718649279005 -4.314592636820202
    endloop
  endfacet
  facet normal -0.7891405093963929 -3.033585457960974e-17 -0.6142127126896688
    outer loop
      vertex -4.273534015993312 4.465942197110966 -4.1447351341273855
      vertex -4.667663055651849 4.9399367287186 -3.638358133622036
      vertex -4.0636894297544455 19.703639527239616 -4.41434346403879
    endloop
  endfacet
  facet normal -0.5469481581224255 -1.7953513906489554e-16 -0.8371664782625295
    outer loop
      vertex -3.821248935454325 4.572737744334087 -4.572737744334088
      vertex -2.4101725479178158 19.70363952723962 -5.494639959930345
      vertex -3.4438798364711016 4.9064487494809805 -4.819285281748106
    endloop
  endfacet
  facet normal -0.9458172417006345 6.53593624207889e-19 -0.324699469204684
    outer loop
      vertex -5.32218120060147 5.487507862220703 -2.7236172562850722
      vertex -5.568882436750719 5.872709499710723 -2.0050011055708565
      vertex -5.276842507238934 19.703639527239616 -2.8556843582224425
    endloop
  endfacet
  facet normal -0.7891405093963946 6.94284102445102e-20 -0.6142127126896666
    outer loop
      vertex -5.243220895190372 5.43567686452507 -2.8988814062655295
      vertex -5.276842507238934 5.42052940900165 -2.8556843582224425
      vertex -5.276842507238934 19.703639527239616 -2.8556843582224425
    endloop
  endfacet
  facet normal -0.9458172417006344 1.1913347899639068e-20 -0.324699469204684
    outer loop
      vertex -5.32218120060147 5.487507862220703 -2.7236172562850722
      vertex -5.276842507238934 19.703639527239616 -2.8556843582224425
      vertex -5.276842507238934 5.42052940900165 -2.8556843582224425
    endloop
  endfacet
  facet normal -0.9458172417006355 3.6369954519664987e-16 -0.3246994692046814
    outer loop
      vertex -5.874360685169631 6.107543775842898 -1.1151733672415918
      vertex -5.898325053121024 6.128355689557712 -1.0453675481855775
      vertex -5.276842507238934 19.703639527239616 -2.8556843582224425
    endloop
  endfacet
  facet normal -0.9458172417006344 8.027832244341424e-18 -0.3246994692046839
    outer loop
      vertex -5.568882436750719 5.872709499710723 -2.0050011055708565
      vertex -5.874360685169631 6.107543775842898 -1.1151733672415918
      vertex -5.276842507238934 19.703639527239616 -2.8556843582224425
    endloop
  endfacet
  facet normal -0.9458172417006337 -9.701220310907174e-20 -0.32469946920468584
    outer loop
      vertex -5.898325053121024 6.128355689557712 -1.0453675481855775
      vertex -5.918167820416334 6.10054840690472 -0.9875675416844049
      vertex -5.918167820416334 19.703639527239623 -0.9875675416844049
    endloop
  endfacet
  facet normal -1 0 0
    outer loop
      vertex -5.918167820416334 6.10054840690472 -0.9875675416844049
      vertex -5.918167820416334 6.115758395558019 -0.8475146598205667
      vertex -5.918167820416334 19.703639527239623 -0.9875675416844049
    endloop
  endfacet
  facet normal -1 0 0
    outer loop
      vertex -5.918167820416334 6.115758395558019 -0.8475146598205667
      vertex -5.918167820416334 6.238283005165917 0.013410261911503078
      vertex -5.918167820416334 19.703639527239623 -0.9875675416844049
    endloop
  endfacet
  facet normal -1 0 0
    outer loop
      vertex -5.918167820416334 6.238283005165917 0.013410261911503078
      vertex -5.918167820416334 6.107642056663893 0.8414900709740888
      vertex -5.918167820416334 19.703639527239623 -0.9875675416844049
    endloop
  endfacet
  facet normal -0.9458172417006345 -9.4242125474299e-18 -0.32469946920468395
    outer loop
      vertex -5.898325053121024 6.128355689557712 -1.0453675481855775
      vertex -5.918167820416334 19.703639527239623 -0.9875675416844049
      vertex -5.276842507238934 19.703639527239616 -2.8556843582224425
    endloop
  endfacet
  facet normal -0.5469481581224274 -1.474104904850883e-17 -0.8371664782625283
    outer loop
      vertex -2.791530423521183 5.265149423460215 -5.245486424686506
      vertex -2.4101725479178158 19.70363952723962 -5.494639959930345
      vertex -2.7225581760478157 5.290548242970744 -5.290548242970745
    endloop
  endfacet
  facet normal -0.5469481581224278 8.453066134213192e-19 -0.837166478262528
    outer loop
      vertex -2.7225581760478157 5.290548242970744 -5.290548242970745
      vertex -2.4101725479178158 19.70363952723962 -5.494639959930345
      vertex -2.4101725479178158 5.494639959930344 -5.494639959930345
    endloop
  endfacet
  facet normal -0.5469481581224254 -8.450311658033936e-17 -0.8371664782625295
    outer loop
      vertex -3.159286105912309 5.25099379382578 -5.005219645801214
      vertex -2.4101725479178158 19.70363952723962 -5.494639959930345
      vertex -2.791530423521183 5.265149423460215 -5.245486424686506
    endloop
  endfacet
  facet normal -0.24548548714080037 0 -0.96940026593933
    outer loop
      vertex -2.4101725479178158 5.494639959930344 -5.494639959930345
      vertex -2.4101725479178158 19.70363952723962 -5.494639959930345
      vertex -2.12925311257034 5.5657784223969 -5.5657784223969005
    endloop
  endfacet
  facet normal -0.245485487140799 -3.0433427939227276e-17 -0.9694002659393304
    outer loop
      vertex -2.12925311257034 5.5657784223969 -5.5657784223969005
      vertex -0.49547607283399614 19.703639527239627 -5.9795069580400195
      vertex -1.9998260160334822 5.639584600977919 -5.59855381452224
    endloop
  endfacet
  facet normal -0.2454854871407952 -4.70584217577601e-16 -0.9694002659393315
    outer loop
      vertex -1.9998260160334822 5.639584600977919 -5.59855381452224
      vertex -0.49547607283399614 19.703639527239627 -5.9795069580400195
      vertex -1.9316511070679252 5.69935440237448 -5.615818046157221
    endloop
  endfacet
  facet normal -0.24548548714080107 1.7034161488540869e-16 -0.96940026593933
    outer loop
      vertex -1.9316511070679252 5.69935440237448 -5.615818046157221
      vertex -0.49547607283399614 19.703639527239627 -5.9795069580400195
      vertex -1.7276712655301165 5.940282724257571 -5.667472757349498
    endloop
  endfacet
  facet normal -0.2454854871407998 5.4526301298236184e-17 -0.9694002659393303
    outer loop
      vertex -1.7276712655301165 5.940282724257571 -5.667472757349498
      vertex -0.49547607283399614 19.703639527239627 -5.9795069580400195
      vertex -1.0880515412934244 5.884858914480814 -5.829446469453818
    endloop
  endfacet
  facet normal -0.24548548714079652 -9.525701978588461e-17 -0.969400265939331
    outer loop
      vertex -1.0880515412934244 5.884858914480814 -5.829446469453818
      vertex -0.49547607283399614 19.703639527239627 -5.9795069580400195
      vertex -0.6700180711119583 5.935306921193241 -5.935306921193241
    endloop
  endfacet
  facet normal -0.24548548714080162 -2.571188918670535e-17 -0.9694002659393298
    outer loop
      vertex -0.6700180711119583 5.935306921193241 -5.935306921193241
      vertex -0.49547607283399614 19.703639527239627 -5.9795069580400195
      vertex -0.4954760728339947 5.9795069580400195 -5.9795069580400195
    endloop
  endfacet
  facet normal -0.24548548714079946 1.9548489213598922e-17 -0.9694002659393303
    outer loop
      vertex -2.12925311257034 5.5657784223969 -5.5657784223969005
      vertex -2.4101725479178158 19.70363952723962 -5.494639959930345
      vertex -0.49547607283399614 19.703639527239627 -5.9795069580400195
    endloop
  endfacet
  facet normal -0.7891405093963929 -8.699374916409269e-17 -0.6142127126896686
    outer loop
      vertex -5.243220895190372 5.43567686452507 -2.8988814062655295
      vertex -4.0636894297544455 19.703639527239616 -4.41434346403879
      vertex -5.200625519475039 5.398255646819314 -2.9536079461033853
    endloop
  endfacet
  facet normal -0.7891405093963937 6.540330082528816e-17 -0.6142127126896678
    outer loop
      vertex -5.200625519475039 5.398255646819314 -2.9536079461033853
      vertex -4.0636894297544455 19.703639527239616 -4.41434346403879
      vertex -4.682792725268306 4.958805100858061 -3.618919533701421
    endloop
  endfacet
  facet normal -0.7891405093963934 7.739853937684236e-18 -0.6142127126896681
    outer loop
      vertex -5.243220895190372 5.43567686452507 -2.8988814062655295
      vertex -5.276842507238934 19.703639527239616 -2.8556843582224425
      vertex -4.0636894297544455 19.703639527239616 -4.41434346403879
    endloop
  endfacet
  facet normal -0.5469481581224269 2.4732893629642355e-17 -0.8371664782625285
    outer loop
      vertex -3.821248935454325 4.572737744334087 -4.572737744334088
      vertex -4.0636894297544455 19.703639527239616 -4.41434346403879
      vertex -2.4101725479178158 19.70363952723962 -5.494639959930345
    endloop
  endfacet
  facet normal 0 1 0
    outer loop
      vertex -2.2899946949115537 20 -5.220662051586267
      vertex 1.3994694206832647 20 -5.526379764381781
      vertex -0.47077026880324097 20 -5.681352243401822
    endloop
  endfacet
  facet normal 0 1 0
    outer loop
      vertex -5.01372458079835 20 -2.713292057168634
      vertex 3.118054883433296 20 -4.772538287273739
      vertex -3.8610626628974267 20 -4.194232119563177
    endloop
  endfacet
  facet normal 0 1 0
    outer loop
      vertex -3.8610626628974267 20 -4.194232119563177
      vertex 1.3994694206832647 20 -5.526379764381781
      vertex -2.2899946949115537 20 -5.220662051586267
    endloop
  endfacet
  facet normal 0 1 0
    outer loop
      vertex 4.498750717956888 20 -3.501518233178055
      vertex -5.01372458079835 20 -2.713292057168634
      vertex -5.623071644417306 20 -0.9383246993157801
    endloop
  endfacet
  facet normal 0 1 0
    outer loop
      vertex -5.623071644417306 20 -0.9383246993157801
      vertex -5.623071644417306 20 0.9383246993157801
      vertex 5.391937106880169 20 -1.8510543468641607
    endloop
  endfacet
  facet normal -0.7891405093963931 3.318805246689493e-17 0.6142127126896684
    outer loop
      vertex -5.165781439680726 5.354093462233064 2.9983756207383223
      vertex -4.679703641574059 4.930318565976247 3.622888388512926
      vertex -5.276842507238934 19.70363952723962 2.8556843582224425
    endloop
  endfacet
  facet normal -0.7891405093962303 4.0157087373652097e-13 0.6142127126898778
    outer loop
      vertex -4.6670640728050685 4.91699207536995 3.6391277067993113
      vertex -4.318982331191499 4.5577304405247085 4.086343137567025
      vertex -4.318852722881026 4.558876816527084 4.086509658327724
    endloop
  endfacet
  facet normal -0.7891405093963929 -5.835401161831869e-15 0.6142127126896688
    outer loop
      vertex -4.274780226599208 4.312273074621144 4.143134002708198
      vertex -4.1168674613662795 4.37292608517727 4.346020327627149
      vertex -4.265107543320483 4.429992676842311 4.155561466438764
    endloop
  endfacet
  facet normal -0.7891405093963958 3.769496294204427e-15 0.6142127126896649
    outer loop
      vertex -4.274780226599208 4.312273074621144 4.143134002708198
      vertex -4.265507149811117 4.296965903766413 4.155048052009101
      vertex -4.11591444423751 4.35070923226471 4.347244764059225
    endloop
  endfacet
  facet normal -0.7891405093963928 -1.77689705166673e-14 0.6142127126896687
    outer loop
      vertex -4.265507149811117 4.296965903766413 4.155048052009101
      vertex -4.175090580616667 4.271215262484981 4.271215262484981
      vertex -4.11591444423751 4.35070923226471 4.347244764059225
    endloop
  endfacet
  facet normal -0.7891405093964471 3.8538961626628966e-13 0.6142127126895993
    outer loop
      vertex -4.274780226599208 4.312273074621144 4.143134002708198
      vertex -4.117685385664228 4.371989695997041 4.344969458467661
      vertex -4.1168674613662795 4.37292608517727 4.346020327627149
    endloop
  endfacet
  facet normal -0.7891405093964319 2.205794004346748e-13 0.6142127126896189
    outer loop
      vertex -4.274780226599208 4.312273074621144 4.143134002708198
      vertex -4.117676877622113 4.371887461907348 4.344980389600394
      vertex -4.117685385664228 4.371989695997041 4.344969458467661
    endloop
  endfacet
  facet normal -0.7891405093963976 2.3081332105075778e-14 0.6142127126896628
    outer loop
      vertex -4.274780226599208 4.312273074621144 4.143134002708198
      vertex -4.116252736767946 4.354774852665693 4.346810125807235
      vertex -4.117676877622113 4.371887461907348 4.344980389600394
    endloop
  endfacet
  facet normal -0.7891405093963977 2.6067260433898575e-14 0.6142127126896624
    outer loop
      vertex -4.274780226599208 4.312273074621144 4.143134002708198
      vertex -4.11591444423751 4.35070923226471 4.347244764059225
      vertex -4.116252736767946 4.354774852665693 4.346810125807235
    endloop
  endfacet
  facet normal -0.7891405093963211 -1.6161104519815448e-13 0.6142127126897611
    outer loop
      vertex -4.175090580616667 4.271215262484981 4.271215262484981
      vertex -4.115654013511772 4.347579365462492 4.347579365462492
      vertex -4.11591444423751 4.35070923226471 4.347244764059225
    endloop
  endfacet
  facet normal -0.7891405093966676 -2.6943570353828244e-13 0.6142127126893159
    outer loop
      vertex -4.2635962811790815 4.47514121731144 4.157503136077731
      vertex -4.258352226405715 4.46128900408062 4.164240697788291
      vertex -4.255445766927108 4.456491021078789 4.167974917002746
    endloop
  endfacet
  facet normal -0.7891405093964012 3.8912208721543745e-14 0.6142127126896578
    outer loop
      vertex -4.2635962811790815 4.47514121731144 4.157503136077731
      vertex -4.255445766927108 4.456491021078789 4.167974917002746
      vertex -4.254392427698317 4.491066000683971 4.169328247271562
    endloop
  endfacet
  facet normal -0.7891405093963937 -2.5111939744716256e-14 0.6142127126896676
    outer loop
      vertex -4.0636894297544455 4.41434346403879 4.41434346403879
      vertex -4.255445766927108 4.456491021078789 4.167974917002746
      vertex -4.265107543320483 4.429992676842311 4.155561466438764
    endloop
  endfacet
  facet normal -0.7891405093964147 -1.743361712576859e-13 0.6142127126896407
    outer loop
      vertex -4.265107543320483 4.429992676842311 4.155561466438764
      vertex -4.101927446260451 4.374916775488044 4.365215259427527
      vertex -4.100369383321594 4.375102886594637 4.367217058732294
    endloop
  endfacet
  facet normal -0.7891405093963886 2.4081159626736395e-14 0.6142127126896743
    outer loop
      vertex -4.265107543320483 4.429992676842311 4.155561466438764
      vertex -4.1168674613662795 4.37292608517727 4.346020327627149
      vertex -4.101927446260451 4.374916775488044 4.365215259427527
    endloop
  endfacet
  facet normal -0.7891405093963948 -1.9718013706981483e-14 0.6142127126896662
    outer loop
      vertex -4.265107543320483 4.429992676842311 4.155561466438764
      vertex -4.100369383321594 4.375102886594637 4.367217058732294
      vertex -4.0925190715524735 4.377303139499453 4.377303139499453
    endloop
  endfacet
  facet normal -0.7891405093963886 3.78735707240001e-14 0.6142127126896744
    outer loop
      vertex -4.254392427698317 4.491066000683971 4.169328247271562
      vertex -4.255445766927108 4.456491021078789 4.167974917002746
      vertex -4.0636894297544455 4.41434346403879 4.41434346403879
    endloop
  endfacet
  facet normal -0.7891405093963934 -1.0952896721925025e-14 0.6142127126896683
    outer loop
      vertex -4.0636894297544455 4.41434346403879 4.41434346403879
      vertex -4.265107543320483 4.429992676842311 4.155561466438764
      vertex -4.0925190715524735 4.377303139499453 4.377303139499453
    endloop
  endfacet
  facet normal -0.7891405093963939 -5.266326790269792e-17 0.6142127126896673
    outer loop
      vertex -4.6670640728050685 4.91699207536995 3.6391277067993113
      vertex -5.276842507238934 19.70363952723962 2.8556843582224425
      vertex -4.679703641574059 4.930318565976247 3.622888388512926
    endloop
  endfacet
  facet normal -0.7891405093963926 9.524743067372324e-17 0.6142127126896691
    outer loop
      vertex -4.6670640728050685 4.91699207536995 3.6391277067993113
      vertex -4.318852722881026 4.558876816527084 4.086509658327724
      vertex -5.276842507238934 19.70363952723962 2.8556843582224425
    endloop
  endfacet
  facet normal -0.7891405093963958 -4.639869725251111e-16 0.614212712689665
    outer loop
      vertex -4.254392427698317 4.491066000683971 4.169328247271562
      vertex -5.276842507238934 19.70363952723962 2.8556843582224425
      vertex -4.3130879650455896 4.5516467556748825 4.093916219346108
    endloop
  endfacet
  facet normal -0.7891405093963254 1.4235530483778478e-14 0.6142127126897553
    outer loop
      vertex -5.276842507238934 19.70363952723962 2.8556843582224425
      vertex -4.315147537300055 4.555046697336102 4.091270080859475
      vertex -4.3130879650455896 4.5516467556748825 4.093916219346108
    endloop
  endfacet
  facet normal -0.7891405093964065 -2.1737358912837225e-15 0.6142127126896513
    outer loop
      vertex -5.276842507238934 19.70363952723962 2.8556843582224425
      vertex -4.318852722881026 4.558876816527084 4.086509658327724
      vertex -4.315147537300055 4.555046697336102 4.091270080859475
    endloop
  endfacet
  facet normal -0.7891405093963944 1.2824886171638122e-19 0.614212712689667
    outer loop
      vertex -4.254392427698317 4.491066000683971 4.169328247271562
      vertex -4.0636894297544455 4.41434346403879 4.41434346403879
      vertex -4.0636894297544455 19.70363952723962 4.41434346403879
    endloop
  endfacet
  facet normal -0.5469481581224263 0 0.8371664782625289
    outer loop
      vertex -4.0636894297544455 4.41434346403879 4.41434346403879
      vertex -3.8977470385989585 4.522759039140762 4.522759039140762
      vertex -4.0636894297544455 19.70363952723962 4.41434346403879
    endloop
  endfacet
  facet normal -0.5469481581224473 -3.279093684091342e-16 0.8371664782625152
    outer loop
      vertex -3.8977470385989585 4.522759039140762 4.522759039140762
      vertex -3.8792966535032347 4.53810138581003 4.534813277344017
      vertex -4.0636894297544455 19.70363952723962 4.41434346403879
    endloop
  endfacet
  facet normal -0.5469481581224263 3.8708006361393236e-17 0.8371664782625291
    outer loop
      vertex -3.8792966535032347 4.53810138581003 4.534813277344017
      vertex -3.4773997343309495 4.8840542912002824 4.797385639477497
      vertex -4.0636894297544455 19.70363952723962 4.41434346403879
    endloop
  endfacet
  facet normal -0.5469481581224281 -6.990835575950092e-17 0.8371664782625278
    outer loop
      vertex -3.4773997343309495 4.8840542912002824 4.797385639477497
      vertex -3.136759735799933 5.266662621008073 5.01993685792337
      vertex -4.0636894297544455 19.70363952723962 4.41434346403879
    endloop
  endfacet
  facet normal -1 0 0
    outer loop
      vertex -5.918167820416334 6.107642056663893 0.8414900709740888
      vertex -5.918167820416334 6.089740034801802 0.9875675416844049
      vertex -5.918167820416334 19.703639527239623 0.9875675416844049
    endloop
  endfacet
  facet normal -0.9458172417006342 0 0.32469946920468484
    outer loop
      vertex -5.918167820416334 6.089740034801802 0.9875675416844049
      vertex -5.894884381719409 6.121430750695223 1.055389881584041
      vertex -5.918167820416334 19.703639527239623 0.9875675416844049
    endloop
  endfacet
  facet normal -0.9458172417006335 9.840065357475662e-18 0.32469946920468656
    outer loop
      vertex -5.894884381719409 6.121430750695223 1.055389881584041
      vertex -5.870537529831836 6.100635030806013 1.1263098382836996
      vertex -5.918167820416334 19.703639527239623 0.9875675416844049
    endloop
  endfacet
  facet normal -0.9458172417006345 -2.2919340432979367e-17 0.3246994692046837
    outer loop
      vertex -5.870537529831836 6.100635030806013 1.1263098382836996
      vertex -5.561401961714774 5.866874982047045 2.026790984939731
      vertex -5.918167820416334 19.703639527239623 0.9875675416844049
    endloop
  endfacet
  facet normal -0.9458172417006344 1.3978342908568027e-17 0.324699469204684
    outer loop
      vertex -5.561401961714774 5.866874982047045 2.026790984939731
      vertex -5.333220778629859 5.490538825293665 2.6914600640792297
      vertex -5.918167820416334 19.703639527239623 0.9875675416844049
    endloop
  endfacet
  facet normal -0.9458172417006351 2.2629925992519117e-19 0.3246994692046823
    outer loop
      vertex -5.333220778629859 5.490538825293665 2.6914600640792297
      vertex -5.276842507238934 5.406460440378374 2.8556843582224425
      vertex -5.276842507238934 19.70363952723962 2.8556843582224425
    endloop
  endfacet
  facet normal -0.7891405093963935 0 0.6142127126896681
    outer loop
      vertex -5.276842507238934 5.406460440378374 2.8556843582224425
      vertex -5.237645506059718 5.420697635106473 2.906044666367034
      vertex -5.276842507238934 19.70363952723962 2.8556843582224425
    endloop
  endfacet
  facet normal -0.7891405093963956 -1.5909874955112536e-17 0.6142127126896653
    outer loop
      vertex -5.237645506059718 5.420697635106473 2.906044666367034
      vertex -5.165781439680726 5.354093462233064 2.9983756207383223
      vertex -5.276842507238934 19.70363952723962 2.8556843582224425
    endloop
  endfacet
  facet normal -0.9458172417006345 -2.011432234246931e-17 0.3246994692046839
    outer loop
      vertex -5.333220778629859 5.490538825293665 2.6914600640792297
      vertex -5.276842507238934 19.70363952723962 2.8556843582224425
      vertex -5.918167820416334 19.703639527239623 0.9875675416844049
    endloop
  endfacet
  facet normal -1 0 0
    outer loop
      vertex -5.918167820416334 6.107642056663893 0.8414900709740888
      vertex -5.918167820416334 19.703639527239623 0.9875675416844049
      vertex -5.918167820416334 19.703639527239623 -0.9875675416844049
    endloop
  endfacet
  facet normal -0.5469481581224263 1.0523940242588182e-16 0.837166478262529
    outer loop
      vertex -3.136759735799933 5.266662621008073 5.01993685792337
      vertex -2.707149695742957 5.300615105585335 5.300615105585335
      vertex -4.0636894297544455 19.70363952723962 4.41434346403879
    endloop
  endfacet
  facet normal -0.7891405093963935 -2.94586633874171e-17 0.614212712689668
    outer loop
      vertex -4.254392427698317 4.491066000683971 4.169328247271562
      vertex -4.0636894297544455 19.70363952723962 4.41434346403879
      vertex -5.276842507238934 19.70363952723962 2.8556843582224425
    endloop
  endfacet
  facet normal -0.5469481581224267 4.609650121390492e-17 0.8371664782625288
    outer loop
      vertex -2.707149695742957 5.300615105585335 5.300615105585335
      vertex -2.410172547917817 5.494639959930344 5.494639959930344
      vertex -4.0636894297544455 19.70363952723962 4.41434346403879
    endloop
  endfacet
  facet normal -0.5469481581224269 0 0.8371664782625285
    outer loop
      vertex -2.410172547917817 5.494639959930344 5.494639959930344
      vertex -2.410172547917817 19.70363952723962 5.494639959930344
      vertex -4.0636894297544455 19.70363952723962 4.41434346403879
    endloop
  endfacet
  facet normal -0.2454854871407979 0 0.9694002659393307
    outer loop
      vertex -2.410172547917817 5.494639959930344 5.494639959930344
      vertex -2.1278659231507393 5.566129706466434 5.566129706466434
      vertex -2.410172547917817 19.70363952723962 5.494639959930344
    endloop
  endfacet
  facet normal -0.2454854871408025 -9.802823280342306e-17 0.9694002659393296
    outer loop
      vertex -2.1278659231507393 5.566129706466434 5.566129706466434
      vertex -2.0706478097698002 5.615187405814625 5.580619300631118
      vertex -2.410172547917817 19.70363952723962 5.494639959930344
    endloop
  endfacet
  facet normal -0.24548548714080032 -4.2184772355053846e-17 0.96940026593933
    outer loop
      vertex -2.0706478097698002 5.615187405814625 5.580619300631118
      vertex -1.7151301825358867 5.947520980915161 5.670648590879034
      vertex -2.410172547917817 19.70363952723962 5.494639959930344
    endloop
  endfacet
  facet normal -0.24548548714079987 -1.765339952590581e-17 0.9694002659393303
    outer loop
      vertex -1.7151301825358867 5.947520980915161 5.670648590879034
      vertex -1.01435175895269 5.940895911756398 5.848109789039928
      vertex -2.410172547917817 19.70363952723962 5.494639959930344
    endloop
  endfacet
  facet normal -0.2454854871408 -3.6033236095128245e-17 0.9694002659393302
    outer loop
      vertex -1.01435175895269 5.940895911756398 5.848109789039928
      vertex -0.6593989924860166 5.937996037114775 5.937996037114775
      vertex -2.410172547917817 19.70363952723962 5.494639959930344
    endloop
  endfacet
  facet normal -0.24548548714079685 3.9635693257503433e-16 0.969400265939331
    outer loop
      vertex -0.6593989924860166 5.937996037114775 5.937996037114775
      vertex -0.4954760728339947 5.9795069580400195 5.9795069580400195
      vertex -2.410172547917817 19.70363952723962 5.494639959930344
    endloop
  endfacet
  facet normal 0.0825793454723318 0 0.9965844930066698
    outer loop
      vertex -0.4954760728339947 5.9795069580400195 5.9795069580400195
      vertex -0.437094755201989 5.974669344138043 5.974669344138043
      vertex -0.4954760728339947 19.70363952723962 5.9795069580400195
    endloop
  endfacet
  facet normal 0.08257934547233198 7.6757359872530615e-19 0.9965844930066698
    outer loop
      vertex -0.437094755201989 5.974669344138043 5.974669344138043
      vertex -0.03238993691773807 6.2381757018075445 5.941134546799802
      vertex -0.4954760728339947 19.70363952723962 5.9795069580400195
    endloop
  endfacet
  facet normal 0 1 0
    outer loop
      vertex -5.01372458079835 20 2.713292057168634
      vertex 5.391937106880169 20 -1.8510543468641607
      vertex -5.623071644417306 20 0.9383246993157801
    endloop
  endfacet
  facet normal 0 1 0
    outer loop
      vertex -3.8610626628974267 20 4.194232119563177
      vertex 5.39193710688017 20 1.8510543468641578
      vertex -5.01372458079835 20 2.713292057168634
    endloop
  endfacet
  facet normal 0 1 0
    outer loop
      vertex -2.289994694911555 20 5.220662051586266
      vertex 4.498750717956888 20 3.5015182331780554
      vertex -3.8610626628974267 20 4.194232119563177
    endloop
  endfacet
  facet normal -0.24548548714079954 0 0.9694002659393304
    outer loop
      vertex -0.4954760728339947 5.9795069580400195 5.9795069580400195
      vertex -0.4954760728339947 19.70363952723962 5.9795069580400195
      vertex -2.410172547917817 19.70363952723962 5.494639959930344
    endloop
  endfacet
  facet normal 0 -1 0
    outer loop
      vertex 3.119595134017973 -20 -4.774895816298139
      vertex -2.2911259019619767 -20 -5.223240943901499
      vertex -0.47100281896957236 -20 -5.684158706546891
    endloop
  endfacet
  facet normal 0 -1 0
    outer loop
      vertex -0.47100281896957236 -20 -5.684158706546891
      vertex 1.4001607278199344 -20 -5.529109674528156
      vertex 3.119595134017973 -20 -4.774895816298139
    endloop
  endfacet
  facet normal 0.08257934547233253 -3.7677376736896384e-17 -0.9965844930066698
    outer loop
      vertex 0.9532392043137371 -6.005835047644149 -5.859462987657041
      vertex 1.4729129228447957 -19.700823445748515 -5.816401595635982
      vertex -0.4954760728339962 -19.700823445748515 -5.9795069580400195
    endloop
  endfacet
  facet normal 0 -1 0
    outer loop
      vertex -2.2911259019619767 -20 -5.223240943901499
      vertex 3.119595134017973 -20 -4.774895816298139
      vertex 4.500973001939272 -20 -3.503247906229856
    endloop
  endfacet
  facet normal 0 -1 0
    outer loop
      vertex -3.8629699429955418 -20 -4.1963039780505795
      vertex 4.500973001939272 -20 -3.503247906229856
      vertex 5.39460060530848 -20 -1.8519687270295566
    endloop
  endfacet
  facet normal 0 -1 0
    outer loop
      vertex -5.016201250551027 -20 -2.714632363812901
      vertex 5.39460060530848 -20 -1.8519687270295566
      vertex 5.703639527239612 -20 2.918787891397143e-17
    endloop
  endfacet
  facet normal 0.08257934547233158 6.46819985813031e-17 -0.9965844930066698
    outer loop
      vertex -0.02954823125143049 -6.2380985527030255 -5.940899076354901
      vertex 0.9532392043137371 -6.005835047644149 -5.859462987657041
      vertex -0.4954760728339962 -19.700823445748515 -5.9795069580400195
    endloop
  endfacet
  facet normal 0.08257934547233353 -2.3272408078305516e-19 -0.9965844930066697
    outer loop
      vertex 0.9532392043137371 -6.005835047644149 -5.859462987657041
      vertex 1.4729129228447957 -5.902352845507161 -5.816401595635982
      vertex 1.4729129228447957 -19.700823445748515 -5.816401595635982
    endloop
  endfacet
  facet normal 0.40169542465296915 0 -0.9157733266550576
    outer loop
      vertex 1.4729129228447957 -5.902352845507161 -5.816401595635982
      vertex 1.7047456655051698 -5.992281297199624 -5.714710326300182
      vertex 1.4729129228447957 -19.700823445748515 -5.816401595635982
    endloop
  endfacet
  facet normal 0.4016954246529717 -5.3749422367552655e-17 -0.9157733266550564
    outer loop
      vertex 1.7047456655051698 -5.992281297199624 -5.714710326300182
      vertex 1.9239848374393451 -5.880556861019714 -5.618543109252773
      vertex 1.4729129228447957 -19.700823445748515 -5.816401595635982
    endloop
  endfacet
  facet normal 0.4016954246529688 6.158507771141966e-17 -0.9157733266550577
    outer loop
      vertex 1.9239848374393451 -5.880556861019714 -5.618543109252773
      vertex 3.175706441467544 -5.269726880977527 -5.069487107464685
      vertex 1.4729129228447957 -19.700823445748515 -5.816401595635982
    endloop
  endfacet
  facet normal 0.4016954246529696 -8.932625008610951e-18 -0.9157733266550573
    outer loop
      vertex 3.2767919928831004 -5.049097044219752 -5.025146873565902
      vertex 3.2816889487345593 -19.700823445748515 -5.022998869575172
      vertex 1.4729129228447957 -19.700823445748515 -5.816401595635982
    endloop
  endfacet
  facet normal 0.40169542465297486 -7.894819243969347e-16 -0.915773326655055
    outer loop
      vertex 3.175706441467544 -5.269726880977527 -5.069487107464685
      vertex 3.2767919928831004 -5.049097044219752 -5.025146873565902
      vertex 1.4729129228447957 -19.700823445748515 -5.816401595635982
    endloop
  endfacet
  facet normal 0.677281571625741 0 -0.7357239106731317
    outer loop
      vertex 4.734843056378361 -4.832354780374385 -3.6852762761380067
      vertex 4.734843056378361 -19.700823445748515 -3.6852762761380067
      vertex 3.2816889487345593 -19.700823445748515 -5.022998869575172
    endloop
  endfacet
  facet normal 0.879473751206489 -4.875121036065478e-17 -0.47594739303707373
    outer loop
      vertex 4.834004322815092 -4.970671983680515 -3.502042304813987
      vertex 5.081344226596354 -5.377909704062489 -3.0449981940909896
      vertex 4.734843056378361 -19.700823445748515 -3.6852762761380067
    endloop
  endfacet
  facet normal 0.8794737512064889 7.547322585929431e-18 -0.475947393037074
    outer loop
      vertex 5.674903450203807 -5.698301405808268 -1.9481968152281037
      vertex 5.674903450203807 -19.70082344574852 -1.948196815228104
      vertex 4.734843056378361 -19.700823445748515 -3.6852762761380067
    endloop
  endfacet
  facet normal 0.9863613034027224 2.0409641568097937e-17 -0.16459459028073414
    outer loop
      vertex 5.980479887126452 -6.0503801027836115 -0.1169776232844652
      vertex 6 -19.700823445748515 0
      vertex 5.674903450203807 -19.70082344574852 -1.948196815228104
    endloop
  endfacet
  facet normal 0.8794737512064904 -3.520494227975088e-16 -0.4759473930370713
    outer loop
      vertex 5.4383711854250025 -5.6610627444251005 -2.3852701582691447
      vertex 5.504595534955229 -5.719576552698107 -2.262898278614745
      vertex 4.734843056378361 -19.700823445748515 -3.6852762761380067
    endloop
  endfacet
  facet normal 0.8794737512064886 4.518015629237983e-17 -0.47594739303707423
    outer loop
      vertex 5.504595534955229 -5.719576552698107 -2.262898278614745
      vertex 5.661107384543543 -5.690855087412801 -1.9736897117028585
      vertex 4.734843056378361 -19.700823445748515 -3.6852762761380067
    endloop
  endfacet
  facet normal 0.879473751206489 -3.530486422722747e-17 -0.4759473930370739
    outer loop
      vertex 5.081344226596354 -5.377909704062489 -3.0449981940909896
      vertex 5.4383711854250025 -5.6610627444251005 -2.3852701582691447
      vertex 4.734843056378361 -19.700823445748515 -3.6852762761380067
    endloop
  endfacet
  facet normal 0.8794737512064902 -4.1717608871286375e-16 -0.47594739303707134
    outer loop
      vertex 5.661107384543543 -5.690855087412801 -1.9736897117028585
      vertex 5.674903450203807 -5.698301405808268 -1.9481968152281037
      vertex 4.734843056378361 -19.700823445748515 -3.6852762761380067
    endloop
  endfacet
  facet normal 0.9863613034027224 -7.697289863491147e-17 -0.16459459028073328
    outer loop
      vertex 5.762956864242398 -6.093258019657051 -1.4205216340934954
      vertex 5.914887476782846 -6.18661169658093 -0.5100513886463535
      vertex 5.674903450203807 -19.70082344574852 -1.948196815228104
    endloop
  endfacet
  facet normal 0.9863613034027231 2.6627594064083145e-18 -0.1645945902807295
    outer loop
      vertex 5.684512796714037 -5.7256269861567395 -1.890611158661187
      vertex 5.674903450203807 -19.70082344574852 -1.948196815228104
      vertex 5.674903450203807 -5.698301405808268 -1.9481968152281037
    endloop
  endfacet
  facet normal 0.9863613034027221 2.1619512370989323e-17 -0.16459459028073578
    outer loop
      vertex 5.762956864242398 -6.093258019657051 -1.4205216340934954
      vertex 5.674903450203807 -19.70082344574852 -1.948196815228104
      vertex 5.723235679941644 -5.875949740550761 -1.6585576415513692
    endloop
  endfacet
  facet normal 0.9863613034027219 3.089807513434924e-17 -0.1645945902807362
    outer loop
      vertex 5.684512796714037 -5.7256269861567395 -1.890611158661187
      vertex 5.723235679941644 -5.875949740550761 -1.6585576415513692
      vertex 5.674903450203807 -19.70082344574852 -1.948196815228104
    endloop
  endfacet
  facet normal 0.9863613034027213 7.369296462155808e-16 -0.16459459028074072
    outer loop
      vertex 5.914887476782846 -6.18661169658093 -0.5100513886463535
      vertex 5.921982598775613 -6.190976420128381 -0.4675326535855604
      vertex 5.674903450203807 -19.70082344574852 -1.948196815228104
    endloop
  endfacet
  facet normal 0.9863613034027225 -1.5024803806657073e-16 -0.16459459028073284
    outer loop
      vertex 5.921982598775613 -6.190976420128381 -0.4675326535855604
      vertex 5.980479887126452 -6.0503801027836115 -0.1169776232844652
      vertex 5.674903450203807 -19.70082344574852 -1.948196815228104
    endloop
  endfacet
  facet normal 0.986361303402722 8.191889975269255e-20 -0.16459459028073645
    outer loop
      vertex 5.980479887126452 -6.0503801027836115 -0.1169776232844652
      vertex 6 -6.049348887037774 0
      vertex 6 -19.700823445748515 0
    endloop
  endfacet
  facet normal 0.40169542465299196 -2.3791078071349133e-21 -0.9157733266550476
    outer loop
      vertex 3.2767919928831004 -5.049097044219752 -5.025146873565902
      vertex 3.2816889487345593 -5.039835738479282 -5.022998869575172
      vertex 3.2816889487345593 -19.700823445748515 -5.022998869575172
    endloop
  endfacet
  facet normal 0.677281571625741 0 -0.7357239106731318
    outer loop
      vertex 3.2816889487345593 -5.039835738479282 -5.022998869575172
      vertex 4.693787639908568 -4.843311738607659 -3.7230704494508875
      vertex 3.2816889487345593 -19.700823445748515 -5.022998869575172
    endloop
  endfacet
  facet normal 0.6772815716257423 -2.4292623862099296e-16 -0.7357239106731306
    outer loop
      vertex 4.693787639908568 -4.843311738607659 -3.7230704494508875
      vertex 4.734843056378361 -4.832354780374385 -3.6852762761380067
      vertex 3.2816889487345593 -19.700823445748515 -5.022998869575172
    endloop
  endfacet
  facet normal 0.8794737512064873 -1.5806823553286475e-19 -0.4759473930370767
    outer loop
      vertex 4.834004322815092 -4.970671983680515 -3.502042304813987
      vertex 4.734843056378361 -19.700823445748515 -3.6852762761380067
      vertex 4.734843056378361 -4.832354780374385 -3.6852762761380067
    endloop
  endfacet
  facet normal 0.6772815716258055 -1.8895302795471207e-13 -0.7357239106730723
    outer loop
      vertex 3.2816889487345593 -5.039835738479282 -5.022998869575172
      vertex 4.052606992811088 -4.486065097433942 -4.313318815804614
      vertex 4.051214937629491 -4.488241072953198 -4.3146002928743465
    endloop
  endfacet
  facet normal 0.677281571625741 4.975314571577714e-17 -0.7357239106731318
    outer loop
      vertex 3.2816889487345593 -5.039835738479282 -5.022998869575172
      vertex 4.051214937629491 -4.488241072953198 -4.3146002928743465
      vertex 4.693787639908568 -4.843311738607659 -3.7230704494508875
    endloop
  endfacet
  facet normal 0.6772815716257433 -2.0446303283965503e-14 -0.7357239106731295
    outer loop
      vertex 4.120674964927293 -4.4001173708379016 -4.250657833249268
      vertex 4.272960934616819 -4.405699660566179 -4.110468722372734
      vertex 4.133673972843501 -4.42766720335624 -4.238691403473987
    endloop
  endfacet
  facet normal 0.6772815716257423 6.637976636809233e-14 -0.7357239106731306
    outer loop
      vertex 4.254913307952022 -4.449095594538902 -4.127082733110085
      vertex 4.133673972843501 -4.42766720335624 -4.238691403473987
      vertex 4.25335933102437 -4.446524643202854 -4.128513269647721
    endloop
  endfacet
  facet normal 0.6772815716257433 7.793999117812742e-14 -0.7357239106731296
    outer loop
      vertex 4.133673972843501 -4.42766720335624 -4.238691403473987
      vertex 4.258447023124643 -4.435255898070012 -4.1238297191315105
      vertex 4.25335933102437 -4.446524643202854 -4.128513269647721
    endloop
  endfacet
  facet normal 0.6772815716257405 2.7175659608413917e-14 -0.7357239106731321
    outer loop
      vertex 4.133673972843501 -4.42766720335624 -4.238691403473987
      vertex 4.259258033858581 -4.433570903671834 -4.1230831311567036
      vertex 4.258691429530945 -4.434717158764383 -4.123604727184703
    endloop
  endfacet
  facet normal 0.6772815716257244 -5.134588192696461e-13 -0.7357239106731469
    outer loop
      vertex 4.133673972843501 -4.42766720335624 -4.238691403473987
      vertex 4.258691429530945 -4.434717158764383 -4.123604727184703
      vertex 4.258447023124643 -4.435255898070012 -4.1238297191315105
    endloop
  endfacet
  facet normal 0.6772815716257407 -1.047877005992021e-15 -0.735723910673132
    outer loop
      vertex 4.693787639908568 -4.843311738607659 -3.7230704494508875
      vertex 4.051214937629491 -4.488241072953198 -4.3146002928743465
      vertex 4.1321930964652696 -4.42998201873761 -4.240054646215295
    endloop
  endfacet
  facet normal 0.6772815716257748 9.084080130204851e-14 -0.7357239106731006
    outer loop
      vertex 4.693787639908568 -4.843311738607659 -3.7230704494508875
      vertex 4.1321930964652696 -4.42998201873761 -4.240054646215295
      vertex 4.133673972843501 -4.42766720335624 -4.238691403473987
    endloop
  endfacet
  facet normal 0.6772815716257382 4.1419840510721354e-14 -0.7357239106731343
    outer loop
      vertex 4.133673972843501 -4.42766720335624 -4.238691403473987
      vertex 4.272960934616819 -4.405699660566179 -4.110468722372734
      vertex 4.270293780754899 -4.411254739128097 -4.112924010468124
    endloop
  endfacet
  facet normal 0.67728157162574 1.2324374140474895e-14 -0.7357239106731327
    outer loop
      vertex 4.133673972843501 -4.42766720335624 -4.238691403473987
      vertex 4.270293780754899 -4.411254739128097 -4.112924010468124
      vertex 4.259258033858581 -4.433570903671834 -4.1230831311567036
    endloop
  endfacet
  facet normal 0.6772815716257319 -4.418409279044701e-14 -0.7357239106731401
    outer loop
      vertex 4.133673972843501 -4.42766720335624 -4.238691403473987
      vertex 4.254913307952022 -4.449095594538902 -4.127082733110085
      vertex 4.274717359835512 -4.465904456410437 -4.108851819054381
    endloop
  endfacet
  facet normal 0.6772815716257367 -9.977178043859704e-15 -0.7357239106731357
    outer loop
      vertex 4.693787639908568 -4.843311738607659 -3.7230704494508875
      vertex 4.133673972843501 -4.42766720335624 -4.238691403473987
      vertex 4.274717359835512 -4.465904456410437 -4.108851819054381
    endloop
  endfacet
  facet normal 0.6772815716257438 3.0154353000328123e-15 -0.7357239106731291
    outer loop
      vertex 4.138510447463966 -4.28231774625461 -4.234239114939448
      vertex 4.272960934616819 -4.405699660566179 -4.110468722372734
      vertex 4.120674964927293 -4.4001173708379016 -4.250657833249268
    endloop
  endfacet
  facet normal 0.6772815716257423 1.7508939626710896e-17 -0.7357239106731305
    outer loop
      vertex 4.138510447463966 -4.28231774625461 -4.234239114939448
      vertex 4.256054867745405 -4.272980587622738 -4.126031853289881
      vertex 4.272960934616819 -4.405699660566179 -4.110468722372734
    endloop
  endfacet
  facet normal 0.6772815716257985 1.3278289913828823e-14 -0.7357239106730786
    outer loop
      vertex 4.256054867745405 -4.272980587622738 -4.126031853289881
      vertex 4.275642220207742 -4.400115191886262 -4.108000425104351
      vertex 4.272960934616819 -4.405699660566179 -4.110468722372734
    endloop
  endfacet
  facet normal 0 -1 0
    outer loop
      vertex -5.625849318227351 -20 0.9387882110950042
      vertex 5.703639527239612 -20 2.918787891397143e-17
      vertex 5.394600605308481 -20 1.8519687270295537
    endloop
  endfacet
  facet normal 0 -1 0
    outer loop
      vertex -5.625849318227351 -20 0.9387882110950042
      vertex 5.394600605308481 -20 1.8519687270295537
      vertex 4.500973001939272 -20 3.5032479062298565
    endloop
  endfacet
  facet normal 0 -1 0
    outer loop
      vertex 3.119595134017975 -20 4.774895816298138
      vertex -5.016201250551027 -20 2.714632363812901
      vertex 4.500973001939272 -20 3.5032479062298565
    endloop
  endfacet
  facet normal 0 -1 0
    outer loop
      vertex -3.8629699429955418 -20 4.1963039780505795
      vertex 3.119595134017975 -20 4.774895816298138
      vertex 1.4001607278199344 -20 5.529109674528156
    endloop
  endfacet
  facet normal 0.08257934547233262 0 0.9965844930066698
    outer loop
      vertex -0.4954760728339947 -5.9795069580400195 5.9795069580400195
      vertex -0.4954760728339947 -19.700823445748515 5.9795069580400195
      vertex 1.4729129228447957 -19.700823445748515 5.816401595635982
    endloop
  endfacet
  facet normal 0.40169542465296965 0 0.9157733266550575
    outer loop
      vertex 1.4729129228447957 -5.880999938794313 5.816401595635982
      vertex 1.4729129228447957 -19.700823445748515 5.816401595635982
      vertex 3.281688948734561 -19.700823445748515 5.022998869575171
    endloop
  endfacet
  facet normal 0.6772815716257412 0 0.7357239106731316
    outer loop
      vertex 3.281688948734561 -5.02299886957517 5.022998869575171
      vertex 3.281688948734561 -19.700823445748515 5.022998869575171
      vertex 4.734843056378361 -19.700823445748515 3.6852762761380067
    endloop
  endfacet
  facet normal 0.08257934547233713 5.46551749009025e-16 0.9965844930066695
    outer loop
      vertex -0.2340174598223157 -6.050971318916983 5.957841879682771
      vertex 1.4729129228447957 -19.700823445748515 5.816401595635982
      vertex -0.03236512262370178 -6.236889023763257 5.941132490628775
    endloop
  endfacet
  facet normal 0.0825793454723322 -5.89478340065356e-17 0.9965844930066698
    outer loop
      vertex -0.4954760728339947 -5.9795069580400195 5.9795069580400195
      vertex 1.4729129228447957 -19.700823445748515 5.816401595635982
      vertex -0.43709475520198926 -5.974669344138043 5.974669344138043
    endloop
  endfacet
  facet normal 0.0825793454723311 -2.1194018079865697e-16 0.99658449300667
    outer loop
      vertex -0.43709475520198926 -5.974669344138043 5.974669344138043
      vertex 1.4729129228447957 -19.700823445748515 5.816401595635982
      vertex -0.26636500731870355 -6.024405031488946 5.96052227388781
    endloop
  endfacet
  facet normal 0.08257934547233185 -1.128501991525935e-16 0.99658449300667
    outer loop
      vertex -0.26636500731870355 -6.024405031488946 5.96052227388781
      vertex 1.4729129228447957 -19.700823445748515 5.816401595635982
      vertex -0.2340174598223157 -6.050971318916983 5.957841879682771
    endloop
  endfacet
  facet normal 0.0825793454723315 -8.528565226788914e-17 0.9965844930066698
    outer loop
      vertex -0.03236512262370178 -6.236889023763257 5.941132490628775
      vertex 1.4729129228447957 -19.700823445748515 5.816401595635982
      vertex 0.6412336986132228 -6.046713647521968 5.885316500957032
    endloop
  endfacet
  facet normal 0.0825793454723329 -2.9050785072687323e-19 0.9965844930066697
    outer loop
      vertex 0.6412336986132228 -6.046713647521968 5.885316500957032
      vertex 1.4729129228447957 -19.700823445748515 5.816401595635982
      vertex 1.4729129228447957 -5.880999938794313 5.816401595635982
    endloop
  endfacet
  facet normal 0.40169542465297003 6.643081543043323e-17 0.9157733266550573
    outer loop
      vertex 1.4729129228447957 -5.880999938794313 5.816401595635982
      vertex 3.281688948734561 -19.700823445748515 5.022998869575171
      vertex 1.687177788621348 -5.993974788836037 5.722416311569346
    endloop
  endfacet
  facet normal 0.4016954246529699 4.5875205196256477e-17 0.9157733266550573
    outer loop
      vertex 1.687177788621348 -5.993974788836037 5.722416311569346
      vertex 3.281688948734561 -19.700823445748515 5.022998869575171
      vertex 2.8538443791719867 -5.425112217797623 5.2106688977945455
    endloop
  endfacet
  facet normal 0.4016954246529678 -3.0290298840462966e-17 0.9157733266550582
    outer loop
      vertex 2.8538443791719867 -5.425112217797623 5.2106688977945455
      vertex 3.281688948734561 -19.700823445748515 5.022998869575171
      vertex 3.1455010621176958 -5.282993586313989 5.08273641526999
    endloop
  endfacet
  facet normal 0.4016954246529713 9.971803960374849e-18 0.9157733266550566
    outer loop
      vertex 3.1455010621176958 -5.282993586313989 5.08273641526999
      vertex 3.281688948734561 -19.700823445748515 5.022998869575171
      vertex 3.2386586291076207 -5.0762157548722815 5.041873717763458
    endloop
  endfacet
  facet normal 0.9863613034027223 -4.0461187168832364e-18 0.16459459028073387
    outer loop
      vertex 5.691417780840442 -5.7395386217181015 1.8492318573653272
      vertex 5.674903450203808 -19.70082344574852 1.9481968152281008
      vertex 6 -19.700823445748515 0
    endloop
  endfacet
  facet normal 0.8794737512064891 1.3554730250024017e-17 0.47594739303707373
    outer loop
      vertex 4.867301973425613 -4.9872407374124705 3.440513635643363
      vertex 4.734843056378361 -19.700823445748515 3.6852762761380067
      vertex 5.674903450203808 -19.70082344574852 1.9481968152281008
    endloop
  endfacet
  facet normal 0.9863613034027218 -5.701681352010754e-17 0.16459459028073734
    outer loop
      vertex 5.9616814948341075 -6.125830265542516 0.22963021224092894
      vertex 6 -19.700823445748515 0
      vertex 5.979234962880877 -6.069775112042594 0.12443804527895022
    endloop
  endfacet
  facet normal 0.9863613034027222 -1.869110588238184e-17 0.16459459028073514
    outer loop
      vertex 5.9173284465694875 -6.267606818211668 0.49542345867482973
      vertex 6 -19.700823445748515 0
      vertex 5.9616814948341075 -6.125830265542516 0.22963021224092894
    endloop
  endfacet
  facet normal 0.9863613034027258 8.107021663176931e-16 0.16459459028071327
    outer loop
      vertex 5.9173284465694875 -6.267606818211668 0.49542345867482973
      vertex 5.910919896800366 -6.257499686358706 0.5338277919667752
      vertex 6 -19.700823445748515 0
    endloop
  endfacet
  facet normal 0.9863613034027224 -4.3869424443765385e-17 0.16459459028073423
    outer loop
      vertex 5.910919896800366 -6.257499686358706 0.5338277919667752
      vertex 5.761514897337726 -6.02282201017704 1.429162868007256
      vertex 6 -19.700823445748515 0
    endloop
  endfacet
  facet normal 0.9863613034027229 0 0.16459459028073126
    outer loop
      vertex 6 -6.049348887037774 0
      vertex 5.979234962880877 -6.069775112042594 0.12443804527895022
      vertex 6 -19.700823445748515 0
    endloop
  endfacet
  facet normal 0.9863613034027221 -2.4591158276283514e-16 0.16459459028073609
    outer loop
      vertex 5.761514897337726 -6.02282201017704 1.429162868007256
      vertex 5.723505242763929 -5.842130847160996 1.6569422401199814
      vertex 6 -19.700823445748515 0
    endloop
  endfacet
  facet normal 0.9863613034027227 2.483995310944404e-16 0.16459459028073206
    outer loop
      vertex 5.723505242763929 -5.842130847160996 1.6569422401199814
      vertex 5.691417780840442 -5.7395386217181015 1.8492318573653272
      vertex 6 -19.700823445748515 0
    endloop
  endfacet
  facet normal 0.8794737512064885 -3.095467295266003e-17 0.4759473930370746
    outer loop
      vertex 5.485668722929163 -5.762563168354455 2.2978719639725442
      vertex 5.674903450203808 -19.70082344574852 1.9481968152281008
      vertex 5.647477939942714 -5.697727123550476 1.9988747194270589
    endloop
  endfacet
  facet normal 0.8794737512064866 -1.3103353218424347e-16 0.4759473930370777
    outer loop
      vertex 5.4266061568806325 -5.697056762664307 2.4070100268729866
      vertex 5.674903450203808 -19.70082344574852 1.9481968152281008
      vertex 5.485668722929163 -5.762563168354455 2.2978719639725442
    endloop
  endfacet
  facet normal 0.8794737512064891 4.811566423042291e-17 0.47594739303707345
    outer loop
      vertex 5.4266061568806325 -5.697056762664307 2.4070100268729866
      vertex 5.076883096967142 -5.341629881526313 3.0532416396209334
      vertex 5.674903450203808 -19.70082344574852 1.9481968152281008
    endloop
  endfacet
  facet normal 0.9863613034027223 -1.7864564825159232e-20 0.1645945902807345
    outer loop
      vertex 5.691417780840442 -5.7395386217181015 1.8492318573653272
      vertex 5.674903450203808 -5.705726217389334 1.9481968152281008
      vertex 5.674903450203808 -19.70082344574852 1.9481968152281008
    endloop
  endfacet
  facet normal 0.8794737512064921 0 0.475947393037068
    outer loop
      vertex 5.674903450203808 -5.705726217389334 1.9481968152281008
      vertex 5.647477939942714 -5.697727123550476 1.9988747194270589
      vertex 5.674903450203808 -19.70082344574852 1.9481968152281008
    endloop
  endfacet
  facet normal 0.8794737512064893 7.62209867506981e-17 0.4759473930370733
    outer loop
      vertex 4.867301973425613 -4.9872407374124705 3.440513635643363
      vertex 5.674903450203808 -19.70082344574852 1.9481968152281008
      vertex 5.076883096967142 -5.341629881526313 3.0532416396209334
    endloop
  endfacet
  facet normal 0.6772815716257418 1.972127172135962e-17 0.7357239106731308
    outer loop
      vertex 4.683090252514228 -4.823152293914964 3.732918088275211
      vertex 4.595756901523908 -4.754743337915706 3.813314101448073
      vertex 4.734843056378361 -19.700823445748515 3.6852762761380067
    endloop
  endfacet
  facet normal 0.6772815716257388 5.477137258645604e-20 0.7357239106731339
    outer loop
      vertex 4.683090252514228 -4.823152293914964 3.732918088275211
      vertex 4.734843056378361 -19.700823445748515 3.6852762761380067
      vertex 4.734843056378361 -4.815691992370249 3.6852762761380067
    endloop
  endfacet
  facet normal 0.8794737512064893 0 0.47594739303707306
    outer loop
      vertex 4.734843056378361 -4.815691992370249 3.6852762761380067
      vertex 4.734843056378361 -19.700823445748515 3.6852762761380067
      vertex 4.867301973425613 -4.9872407374124705 3.440513635643363
    endloop
  endfacet
  facet normal 0.6772815716257403 -1.2132475623573934e-16 0.7357239106731324
    outer loop
      vertex 3.352480457989984 -4.958389643729899 4.957830694461215
      vertex 4.734843056378361 -19.700823445748515 3.6852762761380067
      vertex 4.093256211535395 -4.461145702069907 4.2758985738584645
    endloop
  endfacet
  facet normal 0.6772815716257421 4.5458509504469695e-17 0.7357239106731306
    outer loop
      vertex 4.209457700086425 -4.279133501313097 4.168927567956145
      vertex 4.092752625142318 -4.286740767166589 4.276362157790975
      vertex 4.734843056378361 -19.700823445748515 3.6852762761380067
    endloop
  endfacet
  facet normal 0.6772815716257825 3.1529564037103005e-15 0.7357239106730936
    outer loop
      vertex 4.093256211535395 -4.461145702069907 4.2758985738584645
      vertex 4.734843056378361 -19.700823445748515 3.6852762761380067
      vertex 4.092752625142318 -4.286740767166589 4.276362157790975
    endloop
  endfacet
  facet normal 0.6772815716257435 4.254681210277544e-16 0.7357239106731295
    outer loop
      vertex 3.281688948734561 -5.02299886957517 5.022998869575171
      vertex 4.734843056378361 -19.700823445748515 3.6852762761380067
      vertex 3.3471200927532503 -4.962765258282446 4.962765258282447
    endloop
  endfacet
  facet normal 0.6772815716257279 -2.2886474069617566e-15 0.7357239106731439
    outer loop
      vertex 3.3471200927532503 -4.962765258282446 4.962765258282447
      vertex 4.734843056378361 -19.700823445748515 3.6852762761380067
      vertex 3.352480457989984 -4.958389643729899 4.957830694461215
    endloop
  endfacet
  facet normal 0.6772815716257504 4.715259345458383e-16 0.7357239106731229
    outer loop
      vertex 4.734843056378361 -19.700823445748515 3.6852762761380067
      vertex 4.324171322084307 -4.549419587086382 4.063326239704459
      vertex 4.230829043564936 -4.478377888513422 4.149253860348035
    endloop
  endfacet
  facet normal 0.6772815716257692 1.4574948805617686e-15 0.7357239106731058
    outer loop
      vertex 4.734843056378361 -19.700823445748515 3.6852762761380067
      vertex 4.230829043564936 -4.478377888513422 4.149253860348035
      vertex 4.229389860133353 -4.476152372607686 4.150578722028157
    endloop
  endfacet
  facet normal 0.6772815716257009 -2.5420197002222555e-15 0.7357239106731684
    outer loop
      vertex 4.209457700086425 -4.279133501313097 4.168927567956145
      vertex 4.734843056378361 -19.700823445748515 3.6852762761380067
      vertex 4.229389860133353 -4.476152372607686 4.150578722028157
    endloop
  endfacet
  facet normal 0.6772815716257405 1.1550417775477603e-19 0.7357239106731319
    outer loop
      vertex 4.595756901523908 -4.754743337915706 3.813314101448073
      vertex 4.324171322084307 -4.549419587086382 4.063326239704459
      vertex 4.734843056378361 -19.700823445748515 3.6852762761380067
    endloop
  endfacet
  facet normal 0.4016954246529683 -5.032619727394237e-19 0.915773326655058
    outer loop
      vertex 3.2386586291076207 -5.0762157548722815 5.041873717763458
      vertex 3.281688948734561 -19.700823445748515 5.022998869575171
      vertex 3.2648937707487007 -5.033350009584134 5.0303659176828015
    endloop
  endfacet
  facet normal 0.401695424652946 -1.1776821938856725e-20 0.9157733266550677
    outer loop
      vertex 3.270004295519796 -5.028124233678285 5.028124233678286
      vertex 3.281688948734561 -19.700823445748515 5.022998869575171
      vertex 3.281688948734561 -5.02299886957517 5.022998869575171
    endloop
  endfacet
  facet normal 0.40169542465302044 7.070438180923213e-17 0.9157733266550351
    outer loop
      vertex 3.270004295519796 -5.028124233678285 5.028124233678286
      vertex 3.2648937707487007 -5.033350009584134 5.0303659176828015
      vertex 3.281688948734561 -19.700823445748515 5.022998869575171
    endloop
  endfacet
  facet normal 0.6772815716257248 2.8446524227508954e-15 0.7357239106731468
    outer loop
      vertex 4.093256211535395 -4.461145702069907 4.2758985738584645
      vertex 4.092752625142318 -4.286740767166589 4.276362157790975
      vertex 4.079700057361694 -4.430935649382078 4.288377892894819
    endloop
  endfacet
  facet normal 0.6772815716257584 8.181016782561843e-15 0.7357239106731156
    outer loop
      vertex 4.209457700086425 -4.279133501313097 4.168927567956145
      vertex 4.229389860133353 -4.476152372607686 4.150578722028157
      vertex 4.250236250368449 -4.430036139520457 4.131388267923937
    endloop
  endfacet
  facet normal 0.6772815716257387 -1.6953897629790776e-15 0.7357239106731339
    outer loop
      vertex 4.209457700086425 -4.279133501313097 4.168927567956145
      vertex 4.250236250368449 -4.430036139520457 4.131388267923937
      vertex 4.258549457541509 -4.337196372128334 4.1237354216078925
    endloop
  endfacet
  facet normal 0.6772815716254278 -7.56024147805848e-13 0.7357239106734201
    outer loop
      vertex 4.595756901523908 -4.754743337915706 3.813314101448073
      vertex 4.324272375603112 -4.548412486531919 4.063233213387059
      vertex 4.324171322084307 -4.549419587086382 4.063326239704459
    endloop
  endfacet
  facet normal 0.6772815716257562 1.114235872567194e-15 -0.7357239106731177
    outer loop
      vertex 4.138510447463966 4.282317746254612 -4.234239114939448
      vertex 4.120674814663689 4.400118363297519 -4.25065797157666
      vertex 4.134804164453651 4.430064864177995 -4.237650988803679
    endloop
  endfacet
  facet normal 0.6772815716257448 -5.7049689356237865e-15 -0.7357239106731281
    outer loop
      vertex 4.138510447463966 4.282317746254612 -4.234239114939448
      vertex 4.275727369506579 4.400667865987158 -4.107922039652823
      vertex 4.256054867745404 4.272980587622739 -4.126031853289881
    endloop
  endfacet
  facet normal 0.6772815716259084 3.7254996430279505e-13 -0.7357239106729776
    outer loop
      vertex 3.281688948734561 5.0349934133565215 -5.02299886957517
      vertex 4.049004151598077 4.492092415694347 -4.316635464786203
      vertex 4.050031476171237 4.490343696425111 -4.315689745894394
    endloop
  endfacet
  facet normal 0.6772815716257419 5.74387135287111e-16 -0.7357239106731309
    outer loop
      vertex 4.138510447463966 4.282317746254612 -4.234239114939448
      vertex 4.2541496658362155 4.445598437027385 -4.127785715200036
      vertex 4.275727369506579 4.400667865987158 -4.107922039652823
    endloop
  endfacet
  facet normal 0.4016954246529585 -6.223847528920661e-17 -0.9157733266550623
    outer loop
      vertex 3.265175361692762 5.062906361726029 -5.030242400442714
      vertex 3.2816889487345593 19.70363952723962 -5.022998869575172
      vertex 3.281688948734561 5.0349934133565215 -5.02299886957517
    endloop
  endfacet
  facet normal 0.6772815716257415 -1.1986038684364174e-16 -0.7357239106731311
    outer loop
      vertex 3.281688948734561 5.0349934133565215 -5.02299886957517
      vertex 4.734843056378361 19.703639527239616 -3.6852762761380067
      vertex 4.049004151598077 4.492092415694347 -4.316635464786203
    endloop
  endfacet
  facet normal 0.6772815716257335 5.502442099801429e-16 -0.7357239106731385
    outer loop
      vertex 4.734843056378361 19.703639527239616 -3.6852762761380067
      vertex 4.133671427375381 4.431993017370764 -4.238693746742466
      vertex 4.049004151598077 4.492092415694347 -4.316635464786203
    endloop
  endfacet
  facet normal 0.6772815716257881 -4.357982651595198e-15 -0.7357239106730883
    outer loop
      vertex 4.734843056378361 19.703639527239616 -3.6852762761380067
      vertex 4.134804164453651 4.430064864177995 -4.237650988803679
      vertex 4.133671427375381 4.431993017370764 -4.238693746742466
    endloop
  endfacet
  facet normal 0.6772815716257374 2.5147685132827933e-16 -0.735723910673135
    outer loop
      vertex 4.138510447463966 4.282317746254612 -4.234239114939448
      vertex 4.134804164453651 4.430064864177995 -4.237650988803679
      vertex 4.734843056378361 19.703639527239616 -3.6852762761380067
    endloop
  endfacet
  facet normal 0.6772815716257424 -1.0004255433566878e-16 -0.7357239106731304
    outer loop
      vertex 4.138510447463966 4.282317746254612 -4.234239114939448
      vertex 4.734843056378361 19.703639527239616 -3.6852762761380067
      vertex 4.2541496658362155 4.445598437027385 -4.127785715200036
    endloop
  endfacet
  facet normal 0.6772815716257409 -9.13257219522067e-18 -0.7357239106731318
    outer loop
      vertex 4.2541496658362155 4.445598437027385 -4.127785715200036
      vertex 4.734843056378361 19.703639527239616 -3.6852762761380067
      vertex 4.694720663780647 4.8413433872805145 -3.7222115404698437
    endloop
  endfacet
  facet normal 0.6772815716257392 8.200241452389712e-20 -0.7357239106731334
    outer loop
      vertex 4.694720663780647 4.8413433872805145 -3.7222115404698437
      vertex 4.734843056378361 19.703639527239616 -3.6852762761380067
      vertex 4.734843056378361 4.828394864683094 -3.6852762761380067
    endloop
  endfacet
  facet normal 0.8794737512064891 0 -0.4759473930370735
    outer loop
      vertex 4.734843056378361 4.828394864683094 -3.6852762761380067
      vertex 4.734843056378361 19.703639527239616 -3.6852762761380067
      vertex 4.8155089057323135 4.948943546510364 -3.5362188421369933
    endloop
  endfacet
  facet normal 0.08257934547232786 6.838207064531036e-16 -0.9965844930066702
    outer loop
      vertex -0.4954760728339947 5.9795069580400195 -5.9795069580400195
      vertex 1.472912922844796 19.703639527239623 -5.816401595635982
      vertex -0.4337677383459194 5.974393659661436 -5.974393659661436
    endloop
  endfacet
  facet normal 0.08257934547233177 1.3787864998159982e-16 -0.99658449300667
    outer loop
      vertex -0.4337677383459194 5.974393659661436 -5.974393659661436
      vertex 1.472912922844796 19.703639527239623 -5.816401595635982
      vertex -0.26338923528338054 6.02415602794956 -5.960275694386849
    endloop
  endfacet
  facet normal 0.082579345472357 -3.089404449664447e-15 -0.9965844930066677
    outer loop
      vertex -0.26338923528338054 6.02415602794956 -5.960275694386849
      vertex 1.472912922844796 19.703639527239623 -5.816401595635982
      vertex -0.23134151703951256 6.0504811773009886 -5.9576201447420045
    endloop
  endfacet
  facet normal 0.08257934547232741 6.304611997456438e-16 -0.9965844930066703
    outer loop
      vertex -0.23134151703951256 6.0504811773009886 -5.9576201447420045
      vertex 1.472912922844796 19.703639527239623 -5.816401595635982
      vertex -0.02952622973853979 6.236866225161039 -5.940897253257567
    endloop
  endfacet
  facet normal 0.08257934547233299 -6.96285763777291e-18 -0.9965844930066698
    outer loop
      vertex 0.6239076703868666 6.044504916000428 -5.886752176587756
      vertex 1.472912922844796 19.703639527239623 -5.816401595635982
      vertex 1.4499715066288899 5.872011053281091 -5.8183025755815985
    endloop
  endfacet
  facet normal 0.08257934547233325 -2.2649654671276138e-17 -0.9965844930066697
    outer loop
      vertex -0.02952622973853979 6.236866225161039 -5.940897253257567
      vertex 1.472912922844796 19.703639527239623 -5.816401595635982
      vertex 0.6239076703868666 6.044504916000428 -5.886752176587756
    endloop
  endfacet
  facet normal 0.08257934547232942 -1.3253418583923704e-18 -0.9965844930066701
    outer loop
      vertex 1.4729129228447957 5.868493504904787 -5.816401595635982
      vertex 1.4499715066288899 5.872011053281091 -5.8183025755815985
      vertex 1.472912922844796 19.703639527239623 -5.816401595635982
    endloop
  endfacet
  facet normal 0.4016954246528789 -6.446936065817441e-18 -0.9157733266550973
    outer loop
      vertex 1.4729129228447957 5.868493504904787 -5.816401595635982
      vertex 1.472912922844796 19.703639527239623 -5.816401595635982
      vertex 1.4757021438080558 5.868667264420653 -5.81517812988668
    endloop
  endfacet
  facet normal 0.40169542465297003 -4.7021215097186826e-17 -0.9157733266550572
    outer loop
      vertex 1.4757021438080558 5.868667264420653 -5.81517812988668
      vertex 3.2816889487345593 19.70363952723962 -5.022998869575172
      vertex 1.7033981563239748 5.986767945196104 -5.7153013986289
    endloop
  endfacet
  facet normal 0.4016954246529702 -7.15150085831901e-17 -0.9157733266550573
    outer loop
      vertex 1.7033981563239748 5.986767945196104 -5.7153013986289
      vertex 3.2816889487345593 19.70363952723962 -5.022998869575172
      vertex 2.874575821050902 5.4146847846084 -5.201575244259519
    endloop
  endfacet
  facet normal 0.4016954246529698 -5.962879470863402e-17 -0.9157733266550574
    outer loop
      vertex 2.874575821050902 5.4146847846084 -5.201575244259519
      vertex 3.2816889487345593 19.70363952723962 -5.022998869575172
      vertex 3.175005072992736 5.26829478675668 -5.069794756201686
    endloop
  endfacet
  facet normal 0.4016954246529722 -8.077068159161136e-17 -0.9157733266550562
    outer loop
      vertex 3.265175361692762 5.062906361726029 -5.030242400442714
      vertex 3.175005072992736 5.26829478675668 -5.069794756201686
      vertex 3.2816889487345593 19.70363952723962 -5.022998869575172
    endloop
  endfacet
  facet normal 0.677281571625741 -7.077302695245072e-18 -0.7357239106731317
    outer loop
      vertex 3.281688948734561 5.0349934133565215 -5.02299886957517
      vertex 3.2816889487345593 19.70363952723962 -5.022998869575172
      vertex 4.734843056378361 19.703639527239616 -3.6852762761380067
    endloop
  endfacet
  facet normal 0.08257934547233253 8.684405904086025e-18 -0.9965844930066698
    outer loop
      vertex -0.4954760728339947 5.9795069580400195 -5.9795069580400195
      vertex -0.49547607283399614 19.703639527239627 -5.9795069580400195
      vertex 1.472912922844796 19.703639527239623 -5.816401595635982
    endloop
  endfacet
  facet normal 0.40169542465296965 1.537284493435877e-17 -0.9157733266550574
    outer loop
      vertex 1.4757021438080558 5.868667264420653 -5.81517812988668
      vertex 1.472912922844796 19.703639527239623 -5.816401595635982
      vertex 3.2816889487345593 19.70363952723962 -5.022998869575172
    endloop
  endfacet
  facet normal 0 1 0
    outer loop
      vertex 1.3994694206832647 20 -5.526379764381781
      vertex -3.8610626628974267 20 -4.194232119563177
      vertex 3.118054883433296 20 -4.772538287273739
    endloop
  endfacet
  facet normal 0 1 0
    outer loop
      vertex 3.118054883433296 20 -4.772538287273739
      vertex -5.01372458079835 20 -2.713292057168634
      vertex 4.498750717956888 20 -3.501518233178055
    endloop
  endfacet
  facet normal 0 1 0
    outer loop
      vertex 4.498750717956888 20 -3.501518233178055
      vertex -5.623071644417306 20 -0.9383246993157801
      vertex 5.391937106880169 20 -1.8510543468641607
    endloop
  endfacet
  facet normal 0.879473751206489 -3.675489188198988e-17 -0.47594739303707373
    outer loop
      vertex 4.8155089057323135 4.948943546510364 -3.5362188421369933
      vertex 5.674903450203807 19.703639527239623 -1.9481968152281037
      vertex 5.081298307689303 5.378106736583239 -3.045083044799336
    endloop
  endfacet
  facet normal 0.879473751206489 -3.541815386951582e-17 -0.4759473930370738
    outer loop
      vertex 5.081298307689303 5.378106736583239 -3.045083044799336
      vertex 5.674903450203807 19.703639527239623 -1.9481968152281037
      vertex 5.449867754781772 5.673896970432991 -2.364026358794405
    endloop
  endfacet
  facet normal 0.879473751206488 3.6135193986780024e-17 -0.47594739303707556
    outer loop
      vertex 5.449867754781772 5.673896970432991 -2.364026358794405
      vertex 5.674903450203807 19.703639527239623 -1.9481968152281037
      vertex 5.503870285307564 5.723508890516877 -2.264238422583435
    endloop
  endfacet
  facet normal 0.8794737512064886 -4.521944727740808e-19 -0.4759473930370745
    outer loop
      vertex 5.503870285307564 5.723508890516877 -2.264238422583435
      vertex 5.674903450203807 19.703639527239623 -1.9481968152281037
      vertex 5.674903450203807 5.720636598178476 -1.9481968152281037
    endloop
  endfacet
  facet normal 0.9863613034027222 0 -0.16459459028073464
    outer loop
      vertex 5.674903450203807 5.720636598178476 -1.9481968152281037
      vertex 5.674903450203807 19.703639527239623 -1.9481968152281037
      vertex 5.699996686229967 5.815655771506115 -1.7978212958921447
    endloop
  endfacet
  facet normal 0.9863613034027225 -1.7125967875754733e-16 -0.16459459028073278
    outer loop
      vertex 5.699996686229967 5.815655771506115 -1.7978212958921447
      vertex 6 19.70363952723962 0
      vertex 5.762827730312905 6.096715626223466 -1.4212954913070868
    endloop
  endfacet
  facet normal 0.9863613034027222 6.330053942673829e-18 -0.16459459028073445
    outer loop
      vertex 5.762827730312905 6.096715626223466 -1.4212954913070868
      vertex 6 19.70363952723962 0
      vertex 5.9183015265146794 6.19116663199724 -0.4895921102604177
    endloop
  endfacet
  facet normal 0.9863613034027208 3.193287026939721e-16 -0.1645945902807428
    outer loop
      vertex 5.9183015265146794 6.19116663199724 -0.4895921102604177
      vertex 6 19.70363952723962 0
      vertex 5.921947445491682 6.193552759145543 -0.4677433156668462
    endloop
  endfacet
  facet normal 0.9863613034027224 -4.592455409614276e-18 -0.16459459028073375
    outer loop
      vertex 5.921947445491682 6.193552759145543 -0.4677433156668462
      vertex 6 19.70363952723962 0
      vertex 5.991057335329055 6.0923260580235095 -0.05359045133671925
    endloop
  endfacet
  facet normal 0.9863613034027222 2.3408176316204928e-20 -0.1645945902807348
    outer loop
      vertex 5.991057335329055 6.0923260580235095 -0.05359045133671925
      vertex 6 19.70363952723962 0
      vertex 6 6.079258780028564 0
    endloop
  endfacet
  facet normal 0.8794737512064889 -6.0492838318737476e-18 -0.475947393037074
    outer loop
      vertex 4.8155089057323135 4.948943546510364 -3.5362188421369933
      vertex 4.734843056378361 19.703639527239616 -3.6852762761380067
      vertex 5.674903450203807 19.703639527239623 -1.9481968152281037
    endloop
  endfacet
  facet normal 0.9863613034027223 5.597635291243709e-18 -0.16459459028073412
    outer loop
      vertex 5.699996686229967 5.815655771506115 -1.7978212958921447
      vertex 5.674903450203807 19.703639527239623 -1.9481968152281037
      vertex 6 19.70363952723962 0
    endloop
  endfacet
  facet normal 0.6772815716257409 -5.324242667488282e-16 0.7357239106731318
    outer loop
      vertex 3.347120092753273 4.962765258282427 4.962765258282427
      vertex 4.232827690001514 4.476503069870133 4.14741397669052
      vertex 3.281688948734561 5.022998869575171 5.022998869575171
    endloop
  endfacet
  facet normal 0.6772815716257394 -3.609558744664797e-15 0.7357239106731331
    outer loop
      vertex 4.209457700086425 4.279133501313097 4.168927567956144
      vertex 4.230597971226781 4.4734775091635655 4.149466577420395
      vertex 4.0927526251423165 4.28674076716659 4.276362157790975
    endloop
  endfacet
  facet normal 0.6772815716257423 -4.1898071957859846e-15 0.7357239106731304
    outer loop
      vertex 4.209457700086425 4.279133501313097 4.168927567956144
      vertex 4.258549457541509 4.337196372128334 4.123735421607892
      vertex 4.230597971226781 4.4734775091635655 4.149466577420395
    endloop
  endfacet
  facet normal 0.6772815716257415 4.300412561533781e-15 0.735723910673131
    outer loop
      vertex 4.552554257067979 4.71276242085851 3.853084937370381
      vertex 3.281688948734561 5.022998869575171 5.022998869575171
      vertex 4.322179251403428 4.542997684759582 4.065160069952415
    endloop
  endfacet
  facet normal 0.6772815716257404 2.4867640008496323e-14 0.735723910673132
    outer loop
      vertex 4.092257473261308 4.4582095180955905 4.2768179772081485
      vertex 4.230597971226781 4.4734775091635655 4.149466577420395
      vertex 4.232827690001514 4.476503069870133 4.14741397669052
    endloop
  endfacet
  facet normal 0.6772815716257379 -1.3592527390925678e-15 0.7357239106731346
    outer loop
      vertex 4.0927526251423165 4.28674076716659 4.276362157790975
      vertex 4.230597971226781 4.4734775091635655 4.149466577420395
      vertex 4.07975407000147 4.430338958649518 4.288328170757173
    endloop
  endfacet
  facet normal 0.677281571625744 -4.1453946744309814e-14 0.7357239106731289
    outer loop
      vertex 4.07975407000147 4.430338958649518 4.288328170757173
      vertex 4.230597971226781 4.4734775091635655 4.149466577420395
      vertex 4.092257473261308 4.4582095180955905 4.2768179772081485
    endloop
  endfacet
  facet normal 0.6772815716257238 2.572672922175939e-13 0.7357239106731476
    outer loop
      vertex 4.232827690001514 4.476503069870133 4.14741397669052
      vertex 4.090732899249829 4.460423721159699 4.278221446454661
      vertex 4.092257473261308 4.4582095180955905 4.2768179772081485
    endloop
  endfacet
  facet normal 0.6772815716257399 -5.662835332894809e-15 0.7357239106731328
    outer loop
      vertex 4.232827690001514 4.476503069870133 4.14741397669052
      vertex 4.00819248160548 4.5163891883521945 4.354205253659816
      vertex 4.090732899249829 4.460423721159699 4.278221446454661
    endloop
  endfacet
  facet normal 0.6772815716257581 1.7581345793108288e-15 0.735723910673116
    outer loop
      vertex 4.258549457541509 4.337196372128334 4.123735421607892
      vertex 4.250236242199521 4.430036230748949 4.131388275443964
      vertex 4.230597971226781 4.4734775091635655 4.149466577420395
    endloop
  endfacet
  facet normal 0.67728157162574 -3.3987953473086693e-15 0.7357239106731326
    outer loop
      vertex 3.347120092753273 4.962765258282427 4.962765258282427
      vertex 4.00819248160548 4.5163891883521945 4.354205253659816
      vertex 4.232827690001514 4.476503069870133 4.14741397669052
    endloop
  endfacet
  facet normal 0.6772815716257088 -6.223643257908977e-14 0.7357239106731613
    outer loop
      vertex 3.347120092753273 4.962765258282427 4.962765258282427
      vertex 4.009641852453812 4.514284206010082 4.352871013801921
      vertex 4.00819248160548 4.5163891883521945 4.354205253659816
    endloop
  endfacet
  facet normal 0.677281571625739 -6.221794512838281e-15 0.7357239106731337
    outer loop
      vertex 3.281688948734561 5.022998869575171 5.022998869575171
      vertex 4.232827690001514 4.476503069870133 4.14741397669052
      vertex 4.322179251403428 4.542997684759582 4.065160069952415
    endloop
  endfacet
  facet normal 0.6772815716257952 -1.2643488546262834e-13 0.7357239106730818
    outer loop
      vertex 4.552554257067979 4.71276242085851 3.853084937370381
      vertex 4.322179251403428 4.542997684759582 4.065160069952415
      vertex 4.322376791981317 4.541777192770695 4.06497822103992
    endloop
  endfacet
  facet normal 0.6772815716257412 1.7174076146207862e-18 0.7357239106731316
    outer loop
      vertex 4.552554257067979 4.71276242085851 3.853084937370381
      vertex 3.281688948734561 19.703639527239623 5.022998869575171
      vertex 3.281688948734561 5.022998869575171 5.022998869575171
    endloop
  endfacet
  facet normal 0.8794737512064892 0 0.4759473930370733
    outer loop
      vertex 4.734843056378361 4.81341637768279 3.6852762761380067
      vertex 4.849384362999959 4.9667643699305355 3.4736224797808486
      vertex 4.734843056378361 19.703639527239616 3.6852762761380067
    endloop
  endfacet
  facet normal 0.6772815716257423 1.9680683730071383e-16 0.7357239106731304
    outer loop
      vertex 4.6837288137273445 4.8216749730602375 3.7323302512677077
      vertex 3.281688948734561 19.703639527239623 5.022998869575171
      vertex 4.552554257067979 4.71276242085851 3.853084937370381
    endloop
  endfacet
  facet normal 0.6772815716257389 -3.895522795123424e-16 0.7357239106731336
    outer loop
      vertex 4.6837288137273445 4.8216749730602375 3.7323302512677077
      vertex 4.734843056378361 4.81341637768279 3.6852762761380067
      vertex 3.281688948734561 19.703639527239623 5.022998869575171
    endloop
  endfacet
  facet normal 0.4016954246529723 3.957547762005226e-16 0.9157733266550562
    outer loop
      vertex 3.2700042955197928 5.028124233678287 5.028124233678287
      vertex 1.4729129228447957 19.703639527239616 5.816401595635982
      vertex 3.251819962941635 5.0609093742772755 5.036100621485622
    endloop
  endfacet
  facet normal 0.4016954246529731 1.2363144976164565e-20 0.9157733266550557
    outer loop
      vertex 3.2700042955197928 5.028124233678287 5.028124233678287
      vertex 3.281688948734561 5.022998869575171 5.022998869575171
      vertex 3.281688948734561 19.703639527239623 5.022998869575171
    endloop
  endfacet
  facet normal 0.879473751206489 -1.1241018220820355e-17 0.4759473930370739
    outer loop
      vertex 4.849384362999959 4.9667643699305355 3.4736224797808486
      vertex 5.076842037711596 5.341793136789726 3.0533175104798267
      vertex 4.734843056378361 19.703639527239616 3.6852762761380067
    endloop
  endfacet
  facet normal 0.6772815716257411 0 0.7357239106731316
    outer loop
      vertex 4.734843056378361 4.81341637768279 3.6852762761380067
      vertex 4.734843056378361 19.703639527239616 3.6852762761380067
      vertex 3.281688948734561 19.703639527239623 5.022998869575171
    endloop
  endfacet
  facet normal 0.08257934547233305 3.7725718743816365e-17 0.9965844930066698
    outer loop
      vertex -0.03238993691773807 6.2381757018075445 5.941134546799802
      vertex 0.9689605616565494 6.0103827162976 5.8581602788466824
      vertex -0.4954760728339947 19.70363952723962 5.9795069580400195
    endloop
  endfacet
  facet normal 0.08257934547233232 1.0766522222392787e-19 0.9965844930066698
    outer loop
      vertex 0.9689605616565494 6.0103827162976 5.8581602788466824
      vertex 1.4729129228447957 5.914248972883281 5.816401595635982
      vertex 1.4729129228447957 19.703639527239616 5.816401595635982
    endloop
  endfacet
  facet normal 0.40169542465297114 0 0.9157733266550566
    outer loop
      vertex 1.4729129228447957 5.914248972883281 5.816401595635982
      vertex 1.6885247833749462 5.999517770504793 5.721825464889493
      vertex 1.4729129228447957 19.703639527239616 5.816401595635982
    endloop
  endfacet
  facet normal 0.4016954246529694 -3.294470286013744e-17 0.9157733266550575
    outer loop
      vertex 1.6885247833749462 5.999517770504793 5.721825464889493
      vertex 1.9044034800202139 5.889550891362788 5.627132288970957
      vertex 1.4729129228447957 19.703639527239616 5.816401595635982
    endloop
  endfacet
  facet normal 0.4016954246529691 -4.679831152204056e-17 0.9157733266550577
    outer loop
      vertex 1.9044034800202139 5.889550891362788 5.627132288970957
      vertex 3.1462615696076974 5.28455630061624 5.082402825755799
      vertex 1.4729129228447957 19.703639527239616 5.816401595635982
    endloop
  endfacet
  facet normal 0.40169542465297337 5.528177917043966e-16 0.9157733266550556
    outer loop
      vertex 3.251819962941635 5.0609093742772755 5.036100621485622
      vertex 1.4729129228447957 19.703639527239616 5.816401595635982
      vertex 3.1462615696076974 5.28455630061624 5.082402825755799
    endloop
  endfacet
  facet normal 0.4016954246529696 3.3739272772652458e-18 0.9157733266550574
    outer loop
      vertex 3.2700042955197928 5.028124233678287 5.028124233678287
      vertex 3.281688948734561 19.703639527239623 5.022998869575171
      vertex 1.4729129228447957 19.703639527239616 5.816401595635982
    endloop
  endfacet
  facet normal 0 1 0
    outer loop
      vertex -5.01372458079835 20 2.713292057168634
      vertex 5.700823445748517 20 2.946522847009941e-17
      vertex 5.391937106880169 20 -1.8510543468641607
    endloop
  endfacet
  facet normal 0 1 0
    outer loop
      vertex -5.01372458079835 20 2.713292057168634
      vertex 5.39193710688017 20 1.8510543468641578
      vertex 5.700823445748517 20 2.946522847009941e-17
    endloop
  endfacet
  facet normal 0 1 0
    outer loop
      vertex -3.8610626628974267 20 4.194232119563177
      vertex 4.498750717956888 20 3.5015182331780554
      vertex 5.39193710688017 20 1.8510543468641578
    endloop
  endfacet
  facet normal 0 1 0
    outer loop
      vertex -2.289994694911555 20 5.220662051586266
      vertex 3.118054883433298 20 4.772538287273738
      vertex 4.498750717956888 20 3.5015182331780554
    endloop
  endfacet
  facet normal 0.0825793454723326 -9.937865551616227e-18 0.9965844930066698
    outer loop
      vertex 0.9689605616565494 6.0103827162976 5.8581602788466824
      vertex 1.4729129228447957 19.703639527239616 5.816401595635982
      vertex -0.4954760728339947 19.70363952723962 5.9795069580400195
    endloop
  endfacet
  facet normal 0 1 0
    outer loop
      vertex -0.4707702688032394 20 5.681352243401822
      vertex 3.118054883433298 20 4.772538287273738
      vertex -2.289994694911555 20 5.220662051586266
    endloop
  endfacet
  facet normal 0 1 0
    outer loop
      vertex 3.118054883433298 20 4.772538287273738
      vertex -0.4707702688032394 20 5.681352243401822
      vertex 1.3994694206832647 20 5.526379764381781
    endloop
  endfacet
  facet normal 0.9863613034027224 0 0.16459459028073375
    outer loop
      vertex 6 6.079258780028564 0
      vertex 6 19.70363952723962 0
      vertex 5.917297440400921 6.269997535383081 0.4956092684562414
    endloop
  endfacet
  facet normal 0.9863613034027177 -3.0967064035025953e-15 0.1645945902807618
    outer loop
      vertex 5.917297440400921 6.269997535383081 0.4956092684562414
      vertex 5.674903450203808 19.703639527239623 1.9481968152281008
      vertex 5.913991671165697 6.264623005599116 0.5154196574006302
    endloop
  endfacet
  facet normal 0.8794737512064891 1.9970239577040541e-19 0.4759473930370736
    outer loop
      vertex 5.4849843119211386 5.766478625763277 2.299136644744832
      vertex 5.674903450203808 5.721273757492926 1.9481968152281008
      vertex 5.674903450203808 19.703639527239623 1.9481968152281008
    endloop
  endfacet
  facet normal 0.9863613034027227 2.5833206762917087e-17 0.1645945902807328
    outer loop
      vertex 5.700396852156716 5.799101878603995 1.7954232329642414
      vertex 5.761360145538754 6.026687455036097 1.4300902446961063
      vertex 5.674903450203808 19.703639527239623 1.9481968152281008
    endloop
  endfacet
  facet normal 0.9863613034027222 -3.776367562686528e-20 0.1645945902807351
    outer loop
      vertex 5.700396852156716 5.799101878603995 1.7954232329642414
      vertex 5.674903450203808 19.703639527239623 1.9481968152281008
      vertex 5.674903450203808 5.721273757492926 1.9481968152281008
    endloop
  endfacet
  facet normal 0.9863613034027224 -8.012307274478787e-18 0.16459459028073367
    outer loop
      vertex 5.761360145538754 6.026687455036097 1.4300902446961063
      vertex 5.913991671165697 6.264623005599116 0.5154196574006302
      vertex 5.674903450203808 19.703639527239623 1.9481968152281008
    endloop
  endfacet
  facet normal 0.8794737512064891 -3.832629851504998e-18 0.47594739303707373
    outer loop
      vertex 5.435426264302845 5.709040147983523 2.3907118958733435
      vertex 4.734843056378361 19.703639527239616 3.6852762761380067
      vertex 5.076842037711596 5.341793136789726 3.0533175104798267
    endloop
  endfacet
  facet normal 0.8794737512064889 -1.8239279191587786e-17 0.4759473930370739
    outer loop
      vertex 5.435426264302845 5.709040147983523 2.3907118958733435
      vertex 5.4849843119211386 5.766478625763277 2.299136644744832
      vertex 4.734843056378361 19.703639527239616 3.6852762761380067
    endloop
  endfacet
  facet normal 0.9863613034027224 6.358092036961382e-18 0.16459459028073392
    outer loop
      vertex 5.917297440400921 6.269997535383081 0.4956092684562414
      vertex 6 19.70363952723962 0
      vertex 5.674903450203808 19.703639527239623 1.9481968152281008
    endloop
  endfacet
  facet normal 0.8794737512064891 3.725426612441802e-18 0.47594739303707373
    outer loop
      vertex 5.4849843119211386 5.766478625763277 2.299136644744832
      vertex 5.674903450203808 19.703639527239623 1.9481968152281008
      vertex 4.734843056378361 19.703639527239616 3.6852762761380067
    endloop
  endfacet
  facet normal -0.6320438721540743 -0.254469378751992 -0.7319602987526439
    outer loop
      vertex -4.357359665641163 -4.32151715393038 -4.121669737915119
      vertex -4.672057794442955 -4.946326295565011 -3.632711773107792
      vertex -4.782345548022893 -4.811176305673213 -3.584464395595765
    endloop
  endfacet
  facet normal -0.2939679136936261 -0.5706190856815229 -0.7667964037308729
    outer loop
      vertex -4.379990487128197 -4.298827689456509 -4.1199851345469325
      vertex -4.782345548022893 -4.811176305673213 -3.584464395595765
      vertex -4.790033992074566 -4.607372703527021 -3.7331793200568133
    endloop
  endfacet
  facet normal -0.23476604608162588 -0.6232081875725087 -0.7459869023982852
    outer loop
      vertex -4.497991210850982 -4.241025534078792 -4.131138431100549
      vertex -4.454494010820547 -4.282886740655293 -4.109855777259938
      vertex -4.790033992074566 -4.607372703527021 -3.7331793200568133
    endloop
  endfacet
  facet normal -0.23476604608163623 -0.6232081875725013 -0.745986902398288
    outer loop
      vertex -4.454494010820547 -4.282886740655293 -4.109855777259938
      vertex -4.379990487128197 -4.298827689456509 -4.1199851345469325
      vertex -4.790033992074566 -4.607372703527021 -3.7331793200568133
    endloop
  endfacet
  facet normal -0.6355474532105717 -0.2512098143526868 -0.7300500420453689
    outer loop
      vertex -4.672057794442955 -4.946326295565011 -3.632711773107792
      vertex -4.378214353004172 -4.498127573162687 -4.04274307432953
      vertex -4.339392364848651 -4.534880830678837 -4.063892907647894
    endloop
  endfacet
  facet normal -0.6355474532106158 -0.25120981435263806 -0.7300500420453473
    outer loop
      vertex -4.672057794442955 -4.946326295565011 -3.632711773107792
      vertex -4.328022470044735 -4.400667865987157 -4.11997361345145
      vertex -4.378214353004172 -4.498127573162687 -4.04274307432953
    endloop
  endfacet
  facet normal -0.6355474532106011 -0.25120981435264966 -0.730050042045356
    outer loop
      vertex -4.272960352110032 -4.465869781399871 -4.145472177499691
      vertex -4.672057794442955 -4.946326295565011 -3.632711773107792
      vertex -4.339392364848651 -4.534880830678837 -4.063892907647894
    endloop
  endfacet
  facet normal -0.6355474532105746 -0.25120981435268264 -0.7300500420453678
    outer loop
      vertex -4.357359665641163 -4.32151715393038 -4.121669737915119
      vertex -4.328022470044735 -4.400667865987157 -4.11997361345145
      vertex -4.672057794442955 -4.946326295565011 -3.632711773107792
    endloop
  endfacet
  facet normal -0.29396791369358843 -0.570619085681548 -0.7667964037308685
    outer loop
      vertex -4.379990487128197 -4.298827689456509 -4.1199851345469325
      vertex -4.363845309308446 -4.304419596532781 -4.122013463486972
      vertex -4.782345548022893 -4.811176305673213 -3.584464395595765
    endloop
  endfacet
  facet normal -0.6320438721540743 -0.25446937875199177 -0.7319602987526437
    outer loop
      vertex -4.357359665641163 -4.32151715393038 -4.121669737915119
      vertex -4.782345548022893 -4.811176305673213 -3.584464395595765
      vertex -4.363845309308446 -4.304419596532781 -4.122013463486972
    endloop
  endfacet
  facet normal -0.6355474532106059 -0.2512098143526429 -0.7300500420453542
    outer loop
      vertex -4.272960352110032 -4.465869781399871 -4.145472177499691
      vertex -4.339392364848651 -4.534880830678837 -4.063892907647894
      vertex -4.293963898725486 -4.453446679935251 -4.131462253579167
    endloop
  endfacet
  facet normal -0.6355474532105344 -0.251209814352714 -0.7300500420453919
    outer loop
      vertex -4.293963898725486 -4.453446679935251 -4.131462253579167
      vertex -4.339392364848651 -4.534880830678837 -4.063892907647894
      vertex -4.289200481889213 -4.437421123503306 -4.141123446769815
    endloop
  endfacet
  facet normal -0.6320438721540609 -0.2544693787519753 -0.7319602987526611
    outer loop
      vertex -4.782345548022893 -4.811176305673213 -3.584464395595765
      vertex -4.672057794442955 -4.946326295565011 -3.632711773107792
      vertex -4.682658318852313 -4.959172541998127 -3.619092219068218
    endloop
  endfacet
  facet normal -0.29396791369362574 -0.5706190856815229 -0.7667964037308729
    outer loop
      vertex -4.894733386082233 -4.724693014107554 -3.6057354897241725
      vertex -4.790033992074566 -4.607372703527021 -3.7331793200568133
      vertex -4.782345548022893 -4.811176305673213 -3.584464395595765
    endloop
  endfacet
  facet normal -0.662956893219388 -0.28452876097474744 -0.692482159994806
    outer loop
      vertex -5.052260168835547 -5.045827971864629 -3.2296438377746184
      vertex -4.682658318852313 -4.959172541998127 -3.619092219068218
      vertex -5.328460913553167 -5.285944512258654 -2.8665597557924696
    endloop
  endfacet
  facet normal -0.255796231785191 -0.6889281268817489 -0.6781934265353077
    outer loop
      vertex -5.49217323221187 -5.188963297552361 -2.9033281634545753
      vertex -5.198662123181184 -5.101376637317869 -3.1030056362135485
      vertex -5.328460913553167 -5.285944512258654 -2.8665597557924696
    endloop
  endfacet
  facet normal -0.3558811208662354 -0.6318373234182864 -0.6885711470477164
    outer loop
      vertex -5.052260168835547 -5.045827971864629 -3.2296438377746184
      vertex -5.328460913553167 -5.285944512258654 -2.8665597557924696
      vertex -5.198662123181184 -5.101376637317869 -3.1030056362135485
    endloop
  endfacet
  facet normal -0.6815403049044899 -0.24249465815429527 -0.6904340327339944
    outer loop
      vertex -5.328460913553167 -5.285944512258654 -2.8665597557924696
      vertex -4.698377199394113 -4.971699096593386 -3.5988966009352477
      vertex -5.243724007037988 -5.433914554785393 -2.8982350081504973
    endloop
  endfacet
  facet normal -0.6629568932193677 -0.2845287609747858 -0.6924821599948097
    outer loop
      vertex -5.328460913553167 -5.285944512258654 -2.8665597557924696
      vertex -4.682658318852313 -4.959172541998127 -3.619092219068218
      vertex -4.698377199394113 -4.971699096593386 -3.5988966009352477
    endloop
  endfacet
  facet normal -0.6629568932193954 -0.28452876097472485 -0.6924821599948081
    outer loop
      vertex -5.007695016910431 -5.022998869575172 -3.2816889487345593
      vertex -4.682658318852313 -4.959172541998127 -3.619092219068218
      vertex -5.052260168835547 -5.045827971864629 -3.2296438377746184
    endloop
  endfacet
  facet normal -0.3558811208662412 -0.6318373234182828 -0.6885711470477165
    outer loop
      vertex -4.894733386082233 -4.724693014107554 -3.6057354897241725
      vertex -4.782345548022893 -4.811176305673213 -3.584464395595765
      vertex -4.978660756638213 -4.981843943690029 -3.3263951156881344
    endloop
  endfacet
  facet normal -0.6629568932193889 -0.2845287609747475 -0.6924821599948052
    outer loop
      vertex -4.782345548022893 -4.811176305673213 -3.584464395595765
      vertex -4.682658318852313 -4.959172541998127 -3.619092219068218
      vertex -4.978660756638213 -4.981843943690029 -3.3263951156881344
    endloop
  endfacet
  facet normal -0.6629568932193903 -0.2845287609747412 -0.6924821599948062
    outer loop
      vertex -5.007695016910431 -5.022998869575172 -3.2816889487345593
      vertex -4.978660756638213 -4.981843943690029 -3.3263951156881344
      vertex -4.682658318852313 -4.959172541998127 -3.619092219068218
    endloop
  endfacet
  facet normal -0.3619166607932229 -0.7953161413286681 -0.48630090065962384
    outer loop
      vertex -5.49217323221187 -5.188963297552361 -2.9033281634545753
      vertex -5.328460913553167 -5.285944512258654 -2.8665597557924696
      vertex -5.8057368657519035 -5.551140292767492 -2.0776477812778817
    endloop
  endfacet
  facet normal -0.8110279128400408 -0.3669074932726271 -0.4556452742811281
    outer loop
      vertex -5.328460913553167 -5.285944512258654 -2.8665597557924696
      vertex -5.276842507238934 -5.413549678967758 -2.8556843582224425
      vertex -5.640702702187199 -5.706352264895554 -1.9722509945470523
    endloop
  endfacet
  facet normal -0.8110279128400435 -0.3669074932726278 -0.45564527428112256
    outer loop
      vertex -5.328460913553167 -5.285944512258654 -2.8665597557924696
      vertex -5.243724007037988 -5.433914554785393 -2.8982350081504973
      vertex -5.276842507238934 -5.413549678967758 -2.8556843582224425
    endloop
  endfacet
  facet normal -0.4014903577744043 -0.7668889895851488 -0.5006862992605754
    outer loop
      vertex -5.640702702187199 -5.706352264895554 -1.9722509945470523
      vertex -5.8381426113632635 -5.58587589351615 -1.9984585879271215
      vertex -5.8057368657519035 -5.551140292767492 -2.0776477812778817
    endloop
  endfacet
  facet normal -0.8493410747438239 -0.27942937167067133 -0.4478157712728976
    outer loop
      vertex -5.353609894202969 -5.521557748736895 -2.6320685994140445
      vertex -5.568931343645076 -5.872248006422537 -2.0048586446545063
      vertex -5.640702702187199 -5.706352264895554 -1.9722509945470523
    endloop
  endfacet
  facet normal -0.401490357774407 -0.7668889895851496 -0.5006862992605718
    outer loop
      vertex -5.328460913553167 -5.285944512258654 -2.8665597557924696
      vertex -5.640702702187199 -5.706352264895554 -1.9722509945470523
      vertex -5.8057368657519035 -5.551140292767492 -2.0776477812778817
    endloop
  endfacet
  facet normal -0.8110279128400321 -0.36690749327264416 -0.45564527428113
    outer loop
      vertex -5.353609894202969 -5.521557748736895 -2.6320685994140445
      vertex -5.640702702187199 -5.706352264895554 -1.9722509945470523
      vertex -5.276842507238934 -5.413549678967758 -2.8556843582224425
    endloop
  endfacet
  facet normal -0.4444822575611734 -0.811124310427599 -0.3801484917064316
    outer loop
      vertex -5.640702702187199 -5.706352264895554 -1.9722509945470523
      vertex -5.866941040363212 -5.816401595635982 -1.4729129228447957
      vertex -5.8381426113632635 -5.58587589351615 -1.9984585879271215
    endloop
  endfacet
  facet normal -0.8743287639224466 -0.3038784688511988 -0.37842712474992785
    outer loop
      vertex -5.640702702187199 -5.706352264895554 -1.9722509945470523
      vertex -5.568931343645076 -5.872248006422537 -2.0048586446545063
      vertex -5.859282001747455 -6.090090247838054 -1.1590960715126257
    endloop
  endfacet
  facet normal -0.44448225756117576 -0.8111243104275974 -0.3801484917064322
    outer loop
      vertex -5.640702702187199 -5.706352264895554 -1.9722509945470523
      vertex -5.966576282041552 -5.969322013726686 -1.030129196221594
      vertex -5.866941040363212 -5.816401595635982 -1.4729129228447957
    endloop
  endfacet
  facet normal -0.4444822575611819 -0.8111243104275937 -0.38014849170643245
    outer loop
      vertex -5.866941040363212 -5.816401595635982 -1.4729129228447957
      vertex -5.966576282041552 -5.969322013726686 -1.030129196221594
      vertex -5.924049875056073 -5.823122974581114 -1.3917979419736455
    endloop
  endfacet
  facet normal -0.8546056883754126 -0.34172813266338764 -0.3909872130169751
    outer loop
      vertex -5.640702702187199 -5.706352264895554 -1.9722509945470523
      vertex -5.859282001747455 -6.090090247838054 -1.1590960715126257
      vertex -5.966576282041552 -5.969322013726686 -1.030129196221594
    endloop
  endfacet
  facet normal -0.40291490049878154 -0.831092955980307 -0.38333285989590377
    outer loop
      vertex -5.924049875056073 -5.823122974581114 -1.3917979419736455
      vertex -5.966576282041552 -5.969322013726686 -1.030129196221594
      vertex -6.192011072650501 -5.851572047320715 -1.0484686921407813
    endloop
  endfacet
  facet normal -0.8546056883754127 -0.3417281326633949 -0.3909872130169682
    outer loop
      vertex -5.966576282041552 -5.969322013726686 -1.030129196221594
      vertex -5.859282001747455 -6.090090247838054 -1.1590960715126257
      vertex -5.898627476237404 -6.1228237653706765 -1.0444866197428497
    endloop
  endfacet
  facet normal -0.45600338924050005 -0.886045081194501 -0.08357645058392478
    outer loop
      vertex -5.966576282041552 -5.969322013726686 -1.030129196221594
      vertex -5.975461798863182 -6.063124671887578 0.012810639620274969
      vertex -6.192853884068351 -5.854707532813441 -1.0106290095636843
    endloop
  endfacet
  facet normal -0.9150487643134514 -0.4009516865672251 -0.0438577697486214
    outer loop
      vertex -5.966576282041552 -5.969322013726686 -1.030129196221594
      vertex -5.918167820416334 -6.084454993045237 -0.9875675416844049
      vertex -5.975461798863182 -6.063124671887578 0.012810639620274969
    endloop
  endfacet
  facet normal -0.4560033892405003 -0.8860450811944995 -0.08357645058393723
    outer loop
      vertex -5.966576282041552 -5.969322013726686 -1.030129196221594
      vertex -6.192853884068351 -5.854707532813441 -1.0106290095636843
      vertex -6.192011072650501 -5.851572047320715 -1.0484686921407813
    endloop
  endfacet
  facet normal -0.9150487643134508 -0.4009516865672265 -0.043857769748625826
    outer loop
      vertex -5.966576282041552 -5.969322013726686 -1.030129196221594
      vertex -5.898627476237404 -6.1228237653706765 -1.0444866197428497
      vertex -5.918167820416334 -6.084454993045237 -0.9875675416844049
    endloop
  endfacet
  facet normal -0.4540966502096605 -0.8869677284751022 -0.08416935851057933
    outer loop
      vertex -6.192853884068351 -5.854707532813441 -1.0106290095636843
      vertex -5.975461798863182 -6.063124671887578 0.012810639620274969
      vertex -6.216906988936604 -5.939505507417751 0.012730355246769109
    endloop
  endfacet
  facet normal -0.915048764313455 -0.40095168656721747 -0.043857769748621774
    outer loop
      vertex -5.918167820416334 -6.084454993045237 -0.9875675416844049
      vertex -5.918167820416334 -6.1165909745857165 -0.6937775001022499
      vertex -5.975461798863182 -6.063124671887578 0.012810639620274969
    endloop
  endfacet
  facet normal -0.9486926648206612 -0.311667909259694 -0.053341747751304625
    outer loop
      vertex -5.918167820416334 -6.1165909745857165 -0.6937775001022499
      vertex -5.918167820416334 -6.237625224183759 0.013407643078876319
      vertex -5.975461798863182 -6.063124671887578 0.012810639620274969
    endloop
  endfacet
  facet normal -0.45352272043919784 -0.8857277977764453 0.0990121724411581
    outer loop
      vertex -6.216906988936604 -5.939505507417751 0.012730355246769109
      vertex -5.975461798863182 -6.063124671887578 0.012810639620274969
      vertex -6.062023958082509 -5.973265990593629 0.4201587965482887
    endloop
  endfacet
  facet normal -0.47757099205191206 -0.8738386889189658 0.09127920518352207
    outer loop
      vertex -5.975461798863182 -6.063124671887578 0.012810639620274969
      vertex -6.036208948100607 -5.9795069580400195 0.4954760728339962
      vertex -6.062023958082509 -5.973265990593629 0.4201587965482887
    endloop
  endfacet
  facet normal -0.9146924182371916 -0.4010249146627173 0.0501676971681876
    outer loop
      vertex -5.975461798863182 -6.063124671887578 0.012810639620274969
      vertex -5.918167820416334 -6.110102850233269 0.6819054880713078
      vertex -5.963238029350534 -5.962515949363368 1.0399176540671904
    endloop
  endfacet
  facet normal -0.47757099205190234 -0.8738386889189709 0.09127920518352418
    outer loop
      vertex -5.975461798863182 -6.063124671887578 0.012810639620274969
      vertex -5.963238029350534 -5.962515949363368 1.0399176540671904
      vertex -6.036208948100607 -5.9795069580400195 0.4954760728339962
    endloop
  endfacet
  facet normal -0.9484838252061946 -0.3112137401091161 0.05936700505769715
    outer loop
      vertex -5.975461798863182 -6.063124671887578 0.012810639620274969
      vertex -5.918167820416334 -6.237625224183759 0.013407643078876319
      vertex -5.918167820416334 -6.110102850233269 0.6819054880713078
    endloop
  endfacet
  facet normal -0.47757099205190756 -0.873838688918968 0.09127920518352477
    outer loop
      vertex -6.036208948100607 -5.9795069580400195 0.4954760728339962
      vertex -5.963238029350534 -5.962515949363368 1.0399176540671904
      vertex -6.1891124985975905 -5.837270111565053 1.057156677276896
    endloop
  endfacet
  facet normal -0.9146924182371944 -0.40102491466271106 0.05016769716818472
    outer loop
      vertex -5.963238029350534 -5.962515949363368 1.0399176540671904
      vertex -5.918167820416334 -6.110102850233269 0.6819054880713078
      vertex -5.918167820416334 -6.071864923409285 0.9875675416844049
    endloop
  endfacet
  facet normal -0.9146924182371913 -0.4010249146627168 0.05016769716819915
    outer loop
      vertex -5.963238029350534 -5.962515949363368 1.0399176540671904
      vertex -5.918167820416334 -6.071864923409285 0.9875675416844049
      vertex -5.895191000758764 -6.115899692315857 1.0544967308352384
    endloop
  endfacet
  facet normal -0.42776355416233863 -0.8229180896008073 0.3739306881470971
    outer loop
      vertex -5.963238029350534 -5.962515949363368 1.0399176540671904
      vertex -6.173329812337624 -5.826942362352246 1.0979400366113223
      vertex -6.1891124985975905 -5.837270111565053 1.057156677276896
    endloop
  endfacet
  facet normal -0.8549773141016402 -0.3422597955993717 0.3897076143569966
    outer loop
      vertex -5.963238029350534 -5.962515949363368 1.0399176540671904
      vertex -5.895191000758764 -6.115899692315857 1.0544967308352384
      vertex -5.85521567510114 -6.083172583411872 1.170940876377543
    endloop
  endfacet
  facet normal -0.42776355416234074 -0.8229180896008084 0.37393068814709246
    outer loop
      vertex -5.963238029350534 -5.962515949363368 1.0399176540671904
      vertex -5.633198370309184 -5.700493516326314 1.9941103665227904
      vertex -6.173329812337624 -5.826942362352246 1.0979400366113223
    endloop
  endfacet
  facet normal -0.8549773141016401 -0.34225979559936914 0.38970761435699897
    outer loop
      vertex -5.963238029350534 -5.962515949363368 1.0399176540671904
      vertex -5.85521567510114 -6.083172583411872 1.170940876377543
      vertex -5.633198370309184 -5.700493516326314 1.9941103665227904
    endloop
  endfacet
  facet normal -0.405763692071019 -0.8388366412097085 0.3629172296280654
    outer loop
      vertex -6.173329812337624 -5.826942362352246 1.0979400366113223
      vertex -5.633198370309184 -5.700493516326314 1.9941103665227904
      vertex -5.82974119253901 -5.59235061165873 2.0243219101720764
    endloop
  endfacet
  facet normal -0.8746756754800663 -0.3042303634707608 0.3773411568672819
    outer loop
      vertex -5.85521567510114 -6.083172583411872 1.170940876377543
      vertex -5.561450828046358 -5.86641317943435 2.0266486421787016
      vertex -5.633198370309184 -5.700493516326314 1.9941103665227904
    endloop
  endfacet
  facet normal -0.35164510795713144 -0.7826013982891877 0.5136932639675407
    outer loop
      vertex -5.633198370309184 -5.700493516326314 1.9941103665227904
      vertex -5.591050480106469 -5.524983588857057 2.2903482670867135
      vertex -5.82974119253901 -5.59235061165873 2.0243219101720764
    endloop
  endfacet
  facet normal -0.8460713890884115 -0.27648175897337895 0.45576423896680646
    outer loop
      vertex -5.633198370309184 -5.700493516326314 1.9941103665227904
      vertex -5.561450828046358 -5.86641317943435 2.0266486421787016
      vertex -5.368569152850065 -5.530487766128126 2.5884937676284
    endloop
  endfacet
  facet normal -0.41976533417655426 -0.7534303856311658 0.5061024779936554
    outer loop
      vertex -5.633198370309184 -5.700493516326314 1.9941103665227904
      vertex -5.501044111469949 -5.494639959930345 2.4101725479178158
      vertex -5.591050480106469 -5.524983588857057 2.2903482670867135
    endloop
  endfacet
  facet normal -0.41976533417657047 -0.7534303856311563 0.5061024779936563
    outer loop
      vertex -5.633198370309184 -5.700493516326314 1.9941103665227904
      vertex -5.325102146188577 -5.279647051676261 2.8761582679656286
      vertex -5.501044111469949 -5.494639959930345 2.4101725479178158
    endloop
  endfacet
  facet normal -0.790918586532424 -0.39698203180031527 0.4656748392443446
    outer loop
      vertex -5.633198370309184 -5.700493516326314 1.9941103665227904
      vertex -5.368569152850065 -5.530487766128126 2.5884937676284
      vertex -5.325102146188577 -5.279647051676261 2.8761582679656286
    endloop
  endfacet
  facet normal -0.4197653341765569 -0.7534303856311649 0.5061024779936546
    outer loop
      vertex -5.501044111469949 -5.494639959930345 2.4101725479178158
      vertex -5.325102146188577 -5.279647051676261 2.8761582679656286
      vertex -5.484762938795213 -5.172528840546497 2.90320031923251
    endloop
  endfacet
  facet normal -0.7909185865324238 -0.39698203180031555 0.4656748392443448
    outer loop
      vertex -5.368569152850065 -5.530487766128126 2.5884937676284
      vertex -5.276842507238934 -5.399812767581946 2.8556843582224425
      vertex -5.325102146188577 -5.279647051676261 2.8761582679656286
    endloop
  endfacet
  facet normal -0.7909185865324239 -0.39698203180031555 0.4656748392443443
    outer loop
      vertex -5.325102146188577 -5.279647051676261 2.8761582679656286
      vertex -5.276842507238934 -5.399812767581946 2.8556843582224425
      vertex -5.238296722698062 -5.418515556939717 2.9052079832129856
    endloop
  endfacet
  facet normal -0.3162636941916462 -0.6466326878888267 0.6941494382983567
    outer loop
      vertex -5.484762938795213 -5.172528840546497 2.90320031923251
      vertex -5.325102146188577 -5.279647051676261 2.8761582679656286
      vertex -5.391147904768003 -5.101331059262983 3.0121766361504356
    endloop
  endfacet
  facet normal -0.316263694191641 -0.6466326878888267 0.6941494382983592
    outer loop
      vertex -5.325102146188577 -5.279647051676261 2.8761582679656286
      vertex -4.777632430384816 -4.780579805833272 3.590497230207563
      vertex -5.391147904768003 -5.101331059262983 3.0121766361504356
    endloop
  endfacet
  facet normal -0.6631847906515396 -0.26839535778870516 0.6986772254524592
    outer loop
      vertex -5.325102146188577 -5.279647051676261 2.8761582679656286
      vertex -5.238296722698062 -5.418515556939717 2.9052079832129856
      vertex -4.692703984400388 -4.941874474206447 3.606185547708195
    endloop
  endfacet
  facet normal -0.25914576390172483 -0.7014361710298127 0.6639508799774476
    outer loop
      vertex -5.391147904768003 -5.101331059262983 3.0121766361504356
      vertex -4.777632430384816 -4.780579805833272 3.590497230207563
      vertex -4.902482953629266 -4.699079174402996 3.6278689807022593
    endloop
  endfacet
  facet normal -0.6583550750217262 -0.2786407755975523 0.699233804508572
    outer loop
      vertex -5.325102146188577 -5.279647051676261 2.8761582679656286
      vertex -4.692703984400388 -4.941874474206447 3.606185547708195
      vertex -4.777632430384816 -4.780579805833272 3.590497230207563
    endloop
  endfacet
  facet normal -0.6583550750217123 -0.2786407755975433 0.6992338045085885
    outer loop
      vertex -4.692703984400388 -4.941874474206447 3.606185547708195
      vertex -4.67960748347948 -4.930593177864024 3.6230119324353653
      vertex -4.777632430384816 -4.780579805833272 3.590497230207563
    endloop
  endfacet
  facet normal -0.6447502216616253 -0.2659813917101948 0.716624762990502
    outer loop
      vertex -4.777632430384816 -4.780579805833272 3.590497230207563
      vertex -4.67960748347948 -4.930593177864024 3.6230119324353653
      vertex -4.669604405965204 -4.920214473518577 3.635863886688446
    endloop
  endfacet
  facet normal -0.19605377928866716 -0.6407215459981372 0.742319888000037
    outer loop
      vertex -4.902482953629266 -4.699079174402996 3.6278689807022593
      vertex -4.777632430384816 -4.780579805833272 3.590497230207563
      vertex -4.683749408276679 -4.612530324098712 3.760341857941002
    endloop
  endfacet
  facet normal -0.41902657844185637 -0.5189322087790762 0.7450678420459308
    outer loop
      vertex -4.777632430384816 -4.780579805833272 3.590497230207563
      vertex -4.488714735934907 -4.481029969743208 3.961618134149672
      vertex -4.683749408276679 -4.612530324098712 3.760341857941002
    endloop
  endfacet
  facet normal -0.6447502216616194 -0.26598139171018786 0.7166247629905098
    outer loop
      vertex -4.777632430384816 -4.780579805833272 3.590497230207563
      vertex -4.669604405965204 -4.920214473518577 3.635863886688446
      vertex -4.342637713287545 -4.361056036686138 4.137573575444811
    endloop
  endfacet
  facet normal -0.6447502216616021 -0.2659813917102148 0.7166247629905153
    outer loop
      vertex -4.777632430384816 -4.780579805833272 3.590497230207563
      vertex -4.402775334033568 -4.41434346403879 4.0636894297544455
      vertex -4.488714735934907 -4.481029969743208 3.961618134149672
    endloop
  endfacet
  facet normal -0.6469723234795146 -0.26365548177880305 0.715480677292899
    outer loop
      vertex -4.669604405965204 -4.920214473518577 3.635863886688446
      vertex -4.320220068212872 -4.559404932040034 4.084752893009456
      vertex -4.350500170157292 -4.530188656625884 4.06813838877846
    endloop
  endfacet
  facet normal -0.6469723234795458 -0.2636554817787638 0.7154806772928851
    outer loop
      vertex -4.669604405965204 -4.920214473518577 3.635863886688446
      vertex -4.350500170157292 -4.530188656625884 4.06813838877846
      vertex -4.299905449858615 -4.430935649382079 4.150463439698288
    endloop
  endfacet
  facet normal -0.6469723234795292 -0.26365548177878373 0.7154806772928931
    outer loop
      vertex -4.669604405965204 -4.920214473518577 3.635863886688446
      vertex -4.299905449858615 -4.430935649382079 4.150463439698288
      vertex -4.342637713287545 -4.361056036686138 4.137573575444811
    endloop
  endfacet
  facet normal -0.6447502216615849 -0.2659813917102364 0.7166247629905227
    outer loop
      vertex -4.777632430384816 -4.780579805833272 3.590497230207563
      vertex -4.342637713287545 -4.361056036686138 4.137573575444811
      vertex -4.402775334033568 -4.41434346403879 4.0636894297544455
    endloop
  endfacet
  facet normal -0.6447502216616089 -0.2659813917102015 0.7166247629905141
    outer loop
      vertex -4.402775334033568 -4.41434346403879 4.0636894297544455
      vertex -4.342637713287545 -4.361056036686138 4.137573575444811
      vertex -4.383663175326747 -4.372112522436652 4.096559090977045
    endloop
  endfacet
  facet normal 0.4452210145427709 -0.8342068074035129 0.32538784656336506
    outer loop
      vertex -4.482769047557062 -4.174802790551451 4.250131419628603
      vertex -4.47210222927328 -4.166628052815278 4.256494073402772
      vertex -4.476313410339098 -4.167369780154429 4.260354550443499
    endloop
  endfacet
  facet normal -0.5219736973561088 -0.5270362172746169 -0.6706536251667146
    outer loop
      vertex -4.47210222927328 -4.166628052815278 4.256494073402772
      vertex -4.463488395801181 -4.170914115036293 4.25315809727155
      vertex -4.468461293372779 -4.172241655973723 4.258071787084441
    endloop
  endfacet
  facet normal -0.5219736973561235 -0.527036217274622 -0.6706536251666991
    outer loop
      vertex -4.47210222927328 -4.166628052815278 4.256494073402772
      vertex -4.468461293372779 -4.172241655973723 4.258071787084441
      vertex -4.476313410339098 -4.167369780154429 4.260354550443499
    endloop
  endfacet
  facet normal -0.6469723234795858 -0.2636554817787258 0.7154806772928631
    outer loop
      vertex -4.269756129872181 -4.482226913764859 4.15882502481293
      vertex -4.264878577177726 -4.464731927909137 4.169682467607221
      vertex -4.305266907360926 -4.543962788452964 4.10396471446479
    endloop
  endfacet
  facet normal -0.6469723234795126 -0.2636554817788019 0.7154806772929013
    outer loop
      vertex -4.269756129872181 -4.482226913764859 4.15882502481293
      vertex -4.305266907360926 -4.543962788452964 4.10396471446479
      vertex -4.254551275402516 -4.491588706573884 4.169124159737035
    endloop
  endfacet
  facet normal -0.41902657844186747 -0.5189322087790642 0.7450678420459329
    outer loop
      vertex -4.383663175326747 -4.372112522436652 4.096559090977045
      vertex -4.354503263904093 -4.341879529252597 4.134015615426514
      vertex -4.377511282966235 -4.329837717754105 4.129462892205489
    endloop
  endfacet
  facet normal -0.6447502216616093 -0.2659813917102006 0.7166247629905141
    outer loop
      vertex -4.383663175326747 -4.372112522436652 4.096559090977045
      vertex -4.342637713287545 -4.361056036686138 4.137573575444811
      vertex -4.354503263904093 -4.341879529252597 4.134015615426514
    endloop
  endfacet
  facet normal -0.7251764994545028 -0.2628875441996876 -0.6364033184573843
    outer loop
      vertex -3.1596257604153144 -5.251787076225185 -5.004997738439129
      vertex -3.477029738492627 -4.878232995155451 -4.797627369823298
      vertex -3.1271805375484325 -5.095800369465817 -5.1064043049020835
    endloop
  endfacet
  facet normal -0.7209341226120459 -0.6479361725861813 -0.2458306472105748
    outer loop
      vertex -3.159286105912307 -5.005219645801215 -5.250993793825777
      vertex -3.1271805375484325 -5.095800369465817 -5.1064043049020835
      vertex -3.4438798364711043 -4.819285281748105 -4.90644874948098
    endloop
  endfacet
  facet normal -0.2911678066524932 0.45609445521966907 -0.8409513400233389
    outer loop
      vertex -4.272960352110032 -4.465869781399871 -4.145472177499691
      vertex -4.293963898725486 -4.453446679935251 -4.131462253579167
      vertex -4.28546863530816 -4.444223784792874 -4.129401534918199
    endloop
  endfacet
  facet normal 0.6841987741268143 -0.5147972296225671 -0.5165809228536168
    outer loop
      vertex -4.28546863530816 -4.444223784792874 -4.129401534918199
      vertex -4.289200481889213 -4.437421123503306 -4.141123446769815
      vertex -4.2806075608422445 -4.431495954473412 -4.135647043519687
    endloop
  endfacet
  facet normal 0.6841987741268474 -0.5147972296225327 -0.5165809228536073
    outer loop
      vertex -4.293963898725486 -4.453446679935251 -4.131462253579167
      vertex -4.289200481889213 -4.437421123503306 -4.141123446769815
      vertex -4.28546863530816 -4.444223784792874 -4.129401534918199
    endloop
  endfacet
  facet normal -0.2975560093829454 -0.8411817837827734 0.45152367370064633
    outer loop
      vertex -4.268917877011763 -4.150665949612127 -4.473949161673867
      vertex -4.285686014382344 -4.129122246277976 -4.444863841182258
      vertex -4.295113314098445 -4.131331728312786 -4.455192703197031
    endloop
  endfacet
  facet normal 0.6847212842242627 -0.5161388525477845 -0.5145458656144589
    outer loop
      vertex -4.295113314098445 -4.131331728312786 -4.455192703197031
      vertex -4.285686014382344 -4.129122246277976 -4.444863841182258
      vertex -4.289270201612682 -4.141166829464243 -4.4375515522040425
    endloop
  endfacet
  facet normal 0.6847212842242401 -0.5161388525477917 -0.5145458656144818
    outer loop
      vertex -4.285686014382344 -4.129122246277976 -4.444863841182258
      vertex -4.282013187213488 -4.133841094720992 -4.43524284471267
      vertex -4.289270201612682 -4.141166829464243 -4.4375515522040425
    endloop
  endfacet
  facet normal -0.732115753486856 -0.44363177076562543 -0.5169113806676429
    outer loop
      vertex -3.1271805375484325 -5.095800369465817 -5.1064043049020835
      vertex -3.477029738492627 -4.878232995155451 -4.797627369823298
      vertex -3.806246716999936 -4.58555015967045 -4.582539182834597
    endloop
  endfacet
  facet normal -0.7316130046360665 -0.5145921620903449 -0.44714350958341237
    outer loop
      vertex -3.1271805375484325 -5.095800369465817 -5.1064043049020835
      vertex -3.8212489354543275 -4.572737744334085 -4.572737744334085
      vertex -3.4438798364711043 -4.819285281748105 -4.90644874948098
    endloop
  endfacet
  facet normal -0.7316130046360708 -0.514592162090259 -0.4471435095835041
    outer loop
      vertex -3.1271805375484325 -5.095800369465817 -5.1064043049020835
      vertex -3.806246716999936 -4.58555015967045 -4.582539182834597
      vertex -3.8212489354543275 -4.572737744334085 -4.572737744334085
    endloop
  endfacet
  facet normal -0.5288898428991522 -0.38250734535913145 -0.7576038970493882
    outer loop
      vertex -3.1596257604153144 -5.251787076225185 -5.004997738439129
      vertex -3.1271805375484325 -5.095800369465817 -5.1064043049020835
      vertex -2.7915304235211837 -5.245486424686506 -5.265149423460215
    endloop
  endfacet
  facet normal -0.5183830859244204 -0.7717415875719235 -0.3683665270344772
    outer loop
      vertex -3.159286105912307 -5.005219645801215 -5.250993793825777
      vertex -2.7915304235211837 -5.245486424686506 -5.265149423460215
      vertex -3.1271805375484325 -5.095800369465817 -5.1064043049020835
    endloop
  endfacet
  facet normal -0.528889842899152 -0.3825073453591322 -0.757603897049388
    outer loop
      vertex -3.1596257604153144 -5.251787076225185 -5.004997738439129
      vertex -2.7915304235211837 -5.245486424686506 -5.265149423460215
      vertex -2.7225581760478192 -5.290548242970743 -5.290548242970743
    endloop
  endfacet
  facet normal -0.5183830859244176 -0.7717415875719315 -0.36836652703446426
    outer loop
      vertex -1.9998260160334806 -5.59855381452224 -5.639584600977921
      vertex -1.9316511070679239 -5.615818046157222 -5.699354402374482
      vertex -1.6996533346154692 -5.732418403535402 -5.781550731505575
    endloop
  endfacet
  facet normal -0.5288898428991525 -0.382507345359136 -0.7576038970493859
    outer loop
      vertex -1.9998260160334806 -5.59855381452224 -5.639584600977921
      vertex -1.6996533346154692 -5.732418403535402 -5.781550731505575
      vertex -2.077744295041889 -5.611164357603016 -5.578822226496506
    endloop
  endfacet
  facet normal -0.5288898428991511 -0.38250734535914005 -0.7576038970493848
    outer loop
      vertex -1.9998260160334806 -5.59855381452224 -5.639584600977921
      vertex -2.077744295041889 -5.611164357603016 -5.578822226496506
      vertex -2.129253112570339 -5.5657784223969005 -5.5657784223969005
    endloop
  endfacet
  facet normal -0.5039687120298251 -0.8269351375778424 -0.24938687923408065
    outer loop
      vertex -1.9316511070679239 -5.615818046157222 -5.699354402374482
      vertex -1.7276712655301167 -5.667472757349498 -5.940282724257573
      vertex -1.6996533346154692 -5.732418403535402 -5.781550731505575
    endloop
  endfacet
  facet normal -0.5272446848730569 -0.3479439285474097 -0.7752084009220398
    outer loop
      vertex -2.077744295041889 -5.611164357603016 -5.578822226496506
      vertex -1.6996533346154692 -5.732418403535402 -5.781550731505575
      vertex -1.7285153230524355 -5.943321840430134 -5.667259012955854
    endloop
  endfacet
  facet normal -0.2168757997267626 -0.44200385315281004 -0.87040075901331
    outer loop
      vertex -1.7285153230524355 -5.943321840430134 -5.667259012955854
      vertex -1.6996533346154692 -5.732418403535402 -5.781550731505575
      vertex -1.0246869255377211 -5.9376855179830175 -5.845492569411512
    endloop
  endfacet
  facet normal -0.20309052659652702 -0.918282375101258 -0.33987014812298233
    outer loop
      vertex -1.7276712655301167 -5.667472757349498 -5.940282724257573
      vertex -1.0880515412934275 -5.829446469453817 -5.884858914480814
      vertex -1.6996533346154692 -5.732418403535402 -5.781550731505575
    endloop
  endfacet
  facet normal -0.21723413398943167 -0.44343720172234136 -0.8695819565506873
    outer loop
      vertex -1.6996533346154692 -5.732418403535402 -5.781550731505575
      vertex -1.0880515412934275 -5.829446469453817 -5.884858914480814
      vertex -1.0246869255377211 -5.9376855179830175 -5.845492569411512
    endloop
  endfacet
  facet normal -0.21723413398943084 -0.443437201722341 -0.8695819565506876
    outer loop
      vertex -1.0246869255377211 -5.9376855179830175 -5.845492569411512
      vertex -1.0880515412934275 -5.829446469453817 -5.884858914480814
      vertex -0.6700180711119689 -5.93530692119324 -5.93530692119324
    endloop
  endfacet
  facet normal -0.21723413398943384 -0.4434372017223418 -0.8695819565506864
    outer loop
      vertex -0.4337677383459176 -5.974393659661435 -5.974393659661435
      vertex -0.26338923528337627 -5.960275694386848 -6.02415602794956
      vertex -0.02954823125143049 -6.2380985527030255 -5.940899076354901
    endloop
  endfacet
  facet normal -0.2030905265965259 -0.9182823751012568 -0.3398701481229861
    outer loop
      vertex -0.26338923528337627 -5.960275694386848 -6.02415602794956
      vertex -0.23134151703950992 -5.9576201447420045 -6.0504811773009886
      vertex -0.02745737853150624 -5.997705296456573 -6.064008251558354
    endloop
  endfacet
  facet normal -0.20316223118129578 -0.9309186284839929 -0.30350554354561526
    outer loop
      vertex -0.23134151703950992 -5.9576201447420045 -6.0504811773009886
      vertex -0.029526229738539033 -5.940897253257567 -6.236866225161036
      vertex -0.02745737853150624 -5.997705296456573 -6.064008251558354
    endloop
  endfacet
  facet normal -0.21723413398942912 -0.44343720172233864 -0.869581956550689
    outer loop
      vertex -0.26338923528337627 -5.960275694386848 -6.02415602794956
      vertex -0.02745737853150624 -5.997705296456573 -6.064008251558354
      vertex -0.02954823125143049 -6.2380985527030255 -5.940899076354901
    endloop
  endfacet
  facet normal 0.1686725615616842 -0.935800238140539 -0.309560141607944
    outer loop
      vertex -0.029526229738539033 -5.940897253257567 -6.236866225161036
      vertex 0.6239076703868591 -5.886752176587757 -6.044504916000427
      vertex -0.02745737853150624 -5.997705296456573 -6.064008251558354
    endloop
  endfacet
  facet normal 0.17879252301784732 -0.4497067218639114 -0.8750983362018963
    outer loop
      vertex -0.02954823125143049 -6.2380985527030255 -5.940899076354901
      vertex -0.02745737853150624 -5.997705296456573 -6.064008251558354
      vertex 0.9532392043137371 -6.005835047644149 -5.859462987657041
    endloop
  endfacet
  facet normal 0.17149410636501883 -0.5106248915303918 -0.842527145931595
    outer loop
      vertex -0.02745737853150624 -5.997705296456573 -6.064008251558354
      vertex 1.4729129228447957 -5.902352845507161 -5.816401595635982
      vertex 0.9532392043137371 -6.005835047644149 -5.859462987657041
    endloop
  endfacet
  facet normal 0.16392707299975645 -0.8861756931105601 -0.4333826896378657
    outer loop
      vertex -0.02745737853150624 -5.997705296456573 -6.064008251558354
      vertex 0.6239076703868591 -5.886752176587757 -6.044504916000427
      vertex 1.4499715066288668 -5.8183025755816 -5.872011053281093
    endloop
  endfacet
  facet normal 0.17149410636501858 -0.5106248915303994 -0.8425271459315905
    outer loop
      vertex -0.02745737853150624 -5.997705296456573 -6.064008251558354
      vertex 1.4499715066288668 -5.8183025755816 -5.872011053281093
      vertex 1.4729129228447957 -5.902352845507161 -5.816401595635982
    endloop
  endfacet
  facet normal 0.1714941063650124 -0.510624891530401 -0.8425271459315906
    outer loop
      vertex 1.4729129228447957 -5.902352845507161 -5.816401595635982
      vertex 1.4499715066288668 -5.8183025755816 -5.872011053281093
      vertex 1.4729129228447957 -5.816401595635982 -5.868493504904786
    endloop
  endfacet
  facet normal 0.171494106365154 -0.5106248915303883 -0.8425271459315697
    outer loop
      vertex 1.4729129228447957 -5.902352845507161 -5.816401595635982
      vertex 1.4729129228447957 -5.816401595635982 -5.868493504904786
      vertex 1.4757021438080593 -5.815178129886678 -5.868667264420651
    endloop
  endfacet
  facet normal 0.1714941063650183 -0.5106248915303973 -0.8425271459315918
    outer loop
      vertex 1.4729129228447957 -5.902352845507161 -5.816401595635982
      vertex 1.4757021438080593 -5.815178129886678 -5.868667264420651
      vertex 1.7047456655051698 -5.992281297199624 -5.714710326300182
    endloop
  endfacet
  facet normal 0.1714941063650167 -0.5106248915303988 -0.8425271459315912
    outer loop
      vertex 1.4757021438080593 -5.815178129886678 -5.868667264420651
      vertex 1.6840698190297694 -5.789876250214067 -5.841589135479256
      vertex 1.7047456655051698 -5.992281297199624 -5.714710326300182
    endloop
  endfacet
  facet normal 0.16392707299975612 -0.8861756931105579 -0.43338268963787047
    outer loop
      vertex 1.4757021438080593 -5.815178129886678 -5.868667264420651
      vertex 1.7033981563239764 -5.715301398628899 -5.986767945196103
      vertex 1.6840698190297694 -5.789876250214067 -5.841589135479256
    endloop
  endfacet
  facet normal 0.5333487097766261 -0.40949762231096015 -0.7401694745808413
    outer loop
      vertex 1.7047456655051698 -5.992281297199624 -5.714710326300182
      vertex 1.6840698190297694 -5.789876250214067 -5.841589135479256
      vertex 1.9239848374393451 -5.880556861019714 -5.618543109252773
    endloop
  endfacet
  facet normal 0.5115459448221776 -0.7900933271345343 -0.3377473623190375
    outer loop
      vertex 1.7033981563239764 -5.715301398628899 -5.986767945196103
      vertex 2.8745758210509083 -5.201575244259518 -5.414684784608397
      vertex 1.6840698190297694 -5.789876250214067 -5.841589135479256
    endloop
  endfacet
  facet normal 0.5333487097766246 -0.4094976223109628 -0.7401694745808408
    outer loop
      vertex 1.6840698190297694 -5.789876250214067 -5.841589135479256
      vertex 3.1446089273961144 -5.141468135233008 -5.14788980676216
      vertex 1.9239848374393451 -5.880556861019714 -5.618543109252773
    endloop
  endfacet
  facet normal 0.5118327399047651 -0.7887963787493686 -0.34033442263964997
    outer loop
      vertex 1.6840698190297694 -5.789876250214067 -5.841589135479256
      vertex 2.8745758210509083 -5.201575244259518 -5.414684784608397
      vertex 3.1446089273961144 -5.141468135233008 -5.14788980676216
    endloop
  endfacet
  facet normal 0.5148693894121268 -0.3527742549199091 -0.7813192925508026
    outer loop
      vertex 1.9239848374393451 -5.880556861019714 -5.618543109252773
      vertex 3.1446089273961144 -5.141468135233008 -5.14788980676216
      vertex 3.175706441467544 -5.269726880977527 -5.069487107464685
    endloop
  endfacet
  facet normal 0.5118327399047663 -0.7887963787493673 -0.3403344226396511
    outer loop
      vertex 2.8745758210509083 -5.201575244259518 -5.414684784608397
      vertex 3.1750050729927377 -5.069794756201686 -5.268294786756679
      vertex 3.1446089273961144 -5.141468135233008 -5.14788980676216
    endloop
  endfacet
  facet normal 0.7365650912301536 -0.6464672466044283 -0.19887675944867209
    outer loop
      vertex 3.1750050729927377 -5.069794756201686 -5.268294786756679
      vertex 3.2651753616927626 -5.030242400442715 -5.0629063617260295
      vertex 3.1446089273961144 -5.141468135233008 -5.14788980676216
    endloop
  endfacet
  facet normal 0.7402036600966577 -0.21082229605368788 -0.6384767036205495
    outer loop
      vertex 3.175706441467544 -5.269726880977527 -5.069487107464685
      vertex 3.1446089273961144 -5.141468135233008 -5.14788980676216
      vertex 3.2767919928831004 -5.049097044219752 -5.025146873565902
    endloop
  endfacet
  facet normal 0.7514038546615605 -0.5922890113891721 -0.2908366795770188
    outer loop
      vertex 3.1446089273961144 -5.141468135233008 -5.14788980676216
      vertex 3.2651753616927626 -5.030242400442715 -5.0629063617260295
      vertex 3.2816889487345593 -5.022998869575172 -5.034993413356525
    endloop
  endfacet
  facet normal 0.7472599056906182 -0.25255465843145275 -0.6146696493660806
    outer loop
      vertex 3.1446089273961144 -5.141468135233008 -5.14788980676216
      vertex 3.2816889487345593 -5.039835738479282 -5.022998869575172
      vertex 3.2767919928831004 -5.049097044219752 -5.025146873565902
    endloop
  endfacet
  facet normal 0.7472599056906244 -0.25255465843149116 -0.6146696493660575
    outer loop
      vertex 3.1446089273961144 -5.141468135233008 -5.14788980676216
      vertex 4.118210724989451 -4.400667865987157 -4.268651619157056
      vertex 3.2816889487345593 -5.039835738479282 -5.022998869575172
    endloop
  endfacet
  facet normal 0.7514038546615558 -0.5922890113891899 -0.29083667957699477
    outer loop
      vertex 3.1446089273961144 -5.141468135233008 -5.14788980676216
      vertex 3.2816889487345593 -5.022998869575172 -5.034993413356525
      vertex 4.126158972723229 -4.3155400247249105 -4.293966072273614
    endloop
  endfacet
  facet normal 0.7472599056906254 -0.25255465843149444 -0.6146696493660547
    outer loop
      vertex 3.1446089273961144 -5.141468135233008 -5.14788980676216
      vertex 4.126158972723229 -4.3155400247249105 -4.293966072273614
      vertex 4.118210724989451 -4.400667865987157 -4.268651619157056
    endloop
  endfacet
  facet normal 0.7472599056906215 -0.252554658431473 -0.6146696493660683
    outer loop
      vertex 3.2816889487345593 -5.039835738479282 -5.022998869575172
      vertex 4.118210724989451 -4.400667865987157 -4.268651619157056
      vertex 4.052606992811088 -4.486065097433942 -4.313318815804614
    endloop
  endfacet
  facet normal 0.7514038546615585 -0.5922890113891818 -0.29083667957700476
    outer loop
      vertex 3.2816889487345593 -5.022998869575172 -5.034993413356525
      vertex 4.05003147617124 -4.315689745894392 -4.49034369642511
      vertex 4.117479155668619 -4.274156938217062 -4.400667865987157
    endloop
  endfacet
  facet normal 0.7514038546615593 -0.5922890113891778 -0.2908366795770106
    outer loop
      vertex 3.2816889487345593 -5.022998869575172 -5.034993413356525
      vertex 4.117479155668619 -4.274156938217062 -4.400667865987157
      vertex 4.126158972723229 -4.3155400247249105 -4.293966072273614
    endloop
  endfacet
  facet normal -0.33497091235653864 -0.8049637279663947 -0.48972225243853507
    outer loop
      vertex -4.687644568237337 -3.8436628291195496 -4.562789395036442
      vertex -4.769253269700584 -3.7435229447156937 -4.671570307517363
      vertex -4.652782921118772 -3.730955339662343 -4.771893796796532
    endloop
  endfacet
  facet normal -0.6382411045976859 -0.7415879401410156 -0.206629183416407
    outer loop
      vertex -4.566964389302447 -3.7677357827926654 -4.904967842912759
      vertex -4.561255361357353 -3.775070742046472 -4.896277003639711
      vertex -4.652782921118772 -3.730955339662343 -4.771893796796532
    endloop
  endfacet
  facet normal -0.2899956027357614 -0.7912892682780192 -0.5382971709956867
    outer loop
      vertex -4.687644568237337 -3.8436628291195496 -4.562789395036442
      vertex -4.454494010820547 -4.1005285859767096 -4.310805012298514
      vertex -4.493298925539243 -4.116533242156537 -4.266373109997607
    endloop
  endfacet
  facet normal -0.3349709123565378 -0.8049637279663949 -0.4897222524385351
    outer loop
      vertex -4.687644568237337 -3.8436628291195496 -4.562789395036442
      vertex -4.652782921118772 -3.730955339662343 -4.771893796796532
      vertex -4.363870827976777 -4.114406170141571 -4.339226378665778
    endloop
  endfacet
  facet normal -0.6653132471193103 -0.7237542344121264 -0.18313408032934858
    outer loop
      vertex -4.561255361357353 -3.775070742046472 -4.896277003639711
      vertex -4.289270201612682 -4.141166829464243 -4.4375515522040425
      vertex -4.344996678307955 -4.067464411421818 -4.5263764937698845
    endloop
  endfacet
  facet normal -0.6653132471193064 -0.7237542344121308 -0.18313408032934522
    outer loop
      vertex -4.561255361357353 -3.775070742046472 -4.896277003639711
      vertex -4.268917877011763 -4.150665949612127 -4.473949161673867
      vertex -4.295113314098445 -4.131331728312786 -4.455192703197031
    endloop
  endfacet
  facet normal -0.6653132471192461 -0.7237542344121685 -0.1831340803294157
    outer loop
      vertex -4.561255361357353 -3.775070742046472 -4.896277003639711
      vertex -4.295113314098445 -4.131331728312786 -4.455192703197031
      vertex -4.289270201612682 -4.141166829464243 -4.4375515522040425
    endloop
  endfacet
  facet normal -0.6653132471192871 -0.7237542344121431 -0.18313408032936693
    outer loop
      vertex -4.561255361357353 -3.775070742046472 -4.896277003639711
      vertex -4.344996678307955 -4.067464411421818 -4.5263764937698845
      vertex -4.377099994256553 -4.0472861510010905 -4.489492807553001
    endloop
  endfacet
  facet normal -0.6653132471192634 -0.7237542344121598 -0.18313408032938727
    outer loop
      vertex -4.561255361357353 -3.775070742046472 -4.896277003639711
      vertex -4.377099994256553 -4.0472861510010905 -4.489492807553001
      vertex -4.331497351345386 -4.119395927271182 -4.370182882026061
    endloop
  endfacet
  facet normal -0.2899956027357393 -0.7912892682780157 -0.5382971709957035
    outer loop
      vertex -4.687644568237337 -3.8436628291195496 -4.562789395036442
      vertex -4.363870827976777 -4.114406170141571 -4.339226378665778
      vertex -4.454494010820547 -4.1005285859767096 -4.310805012298514
    endloop
  endfacet
  facet normal -0.6382411045977644 -0.7415879401409421 -0.20662918341642802
    outer loop
      vertex -4.339598595875775 -4.118127552244576 -4.349711738674254
      vertex -4.652782921118772 -3.730955339662343 -4.771893796796532
      vertex -4.331497351345386 -4.119395927271182 -4.370182882026061
    endloop
  endfacet
  facet normal -0.3349709123565339 -0.804963727966395 -0.48972225243853784
    outer loop
      vertex -4.339598595875775 -4.118127552244576 -4.349711738674254
      vertex -4.363870827976777 -4.114406170141571 -4.339226378665778
      vertex -4.652782921118772 -3.730955339662343 -4.771893796796532
    endloop
  endfacet
  facet normal -0.6382411045977359 -0.7415879401409565 -0.2066291834164647
    outer loop
      vertex -4.561255361357353 -3.775070742046472 -4.896277003639711
      vertex -4.331497351345386 -4.119395927271182 -4.370182882026061
      vertex -4.652782921118772 -3.730955339662343 -4.771893796796532
    endloop
  endfacet
  facet normal -0.6653132471192597 -0.723754234412162 -0.18313408032939144
    outer loop
      vertex -4.331497351345386 -4.119395927271182 -4.370182882026061
      vertex -4.377099994256553 -4.0472861510010905 -4.489492807553001
      vertex -4.321373517561279 -4.120988569043517 -4.400667865987157
    endloop
  endfacet
  facet normal -0.6084179006528159 -0.702749945705579 -0.3687413347809356
    outer loop
      vertex -5.332734428168682 -2.9063491386189737 -5.221524144436253
      vertex -5.222559508983956 -2.9254271558062177 -5.366952151644387
      vertex -4.652782921118772 -3.730955339662343 -4.771893796796532
    endloop
  endfacet
  facet normal -0.23658429061519956 -0.6477661004278253 -0.7241732890480228
    outer loop
      vertex -5.490305769638704 -2.9450365020332656 -5.135440789084069
      vertex -5.332734428168682 -2.9063491386189737 -5.221524144436253
      vertex -5.054505206910336 -3.3480002787084744 -4.917367698518448
    endloop
  endfacet
  facet normal -0.43483141678912546 -0.680278962687664 -0.5900357378140394
    outer loop
      vertex -5.332734428168682 -2.9063491386189737 -5.221524144436253
      vertex -4.77452151880557 -3.6852762761380067 -4.734843056378361
      vertex -5.054505206910336 -3.3480002787084744 -4.917367698518448
    endloop
  endfacet
  facet normal -0.608417900652816 -0.702749945705579 -0.3687413347809353
    outer loop
      vertex -5.052094104700475 -3.144441111707021 -5.2308192110838
      vertex -4.652782921118772 -3.730955339662343 -4.771893796796532
      vertex -5.222559508983956 -2.9254271558062177 -5.366952151644387
    endloop
  endfacet
  facet normal -0.43483141678912185 -0.6802789626876635 -0.5900357378140425
    outer loop
      vertex -5.332734428168682 -2.9063491386189737 -5.221524144436253
      vertex -4.652782921118772 -3.730955339662343 -4.771893796796532
      vertex -4.77452151880557 -3.6852762761380067 -4.734843056378361
    endloop
  endfacet
  facet normal -0.43483141678912185 -0.6802789626876644 -0.5900357378140413
    outer loop
      vertex -4.77452151880557 -3.6852762761380067 -4.734843056378361
      vertex -4.652782921118772 -3.730955339662343 -4.771893796796532
      vertex -4.769253269700584 -3.7435229447156937 -4.671570307517363
    endloop
  endfacet
  facet normal -0.6915591683760031 -0.674023891933186 -0.25968771580175265
    outer loop
      vertex -5.052094104700475 -3.144441111707021 -5.2308192110838
      vertex -4.566964389302447 -3.7677357827926654 -4.904967842912759
      vertex -4.652782921118772 -3.730955339662343 -4.771893796796532
    endloop
  endfacet
  facet normal -0.7103016143284147 -0.5246277513988371 -0.469294512161231
    outer loop
      vertex -5.332734428168682 -2.9063491386189737 -5.221524144436253
      vertex -5.359522624723416 -2.6148454038065307 -5.506852965019683
      vertex -5.276842507238934 -2.8556843582224425 -5.362757996018334
    endloop
  endfacet
  facet normal -0.710301614328414 -0.5246277513988377 -0.4692945121612317
    outer loop
      vertex -5.332734428168682 -2.9063491386189737 -5.221524144436253
      vertex -5.6773505591434175 -1.994122827378876 -5.7197141684386175
      vertex -5.359522624723416 -2.6148454038065307 -5.506852965019683
    endloop
  endfacet
  facet normal -0.3021717200882103 -0.5309218582766388 -0.7917160046272987
    outer loop
      vertex -5.490305769638704 -2.9450365020332656 -5.135440789084069
      vertex -5.74697905855544 -2.1881125648577058 -5.545067539321761
      vertex -5.332734428168682 -2.9063491386189737 -5.221524144436253
    endloop
  endfacet
  facet normal -0.710301614328414 -0.524627751398838 -0.4692945121612312
    outer loop
      vertex -5.332734428168682 -2.9063491386189737 -5.221524144436253
      vertex -5.276842507238934 -2.8556843582224425 -5.362757996018334
      vertex -5.222559508983956 -2.9254271558062177 -5.366952151644387
    endloop
  endfacet
  facet normal -0.36229782713134406 -0.5484414082639055 -0.7536261050132294
    outer loop
      vertex -5.814661654457011 -2.013707374058991 -5.639450908670658
      vertex -5.6773505591434175 -1.994122827378876 -5.7197141684386175
      vertex -5.74697905855544 -2.1881125648577058 -5.545067539321761
    endloop
  endfacet
  facet normal -0.7801003345786511 -0.5191675516964751 -0.3491540079331247
    outer loop
      vertex -5.359522624723416 -2.6148454038065307 -5.506852965019683
      vertex -5.6773505591434175 -1.994122827378876 -5.7197141684386175
      vertex -5.561455821439544 -2.026634096921262 -5.930310998998029
    endloop
  endfacet
  facet normal -0.36229782713134445 -0.5484414082639054 -0.7536261050132292
    outer loop
      vertex -5.332734428168682 -2.9063491386189737 -5.221524144436253
      vertex -5.74697905855544 -2.1881125648577058 -5.545067539321761
      vertex -5.6773505591434175 -1.994122827378876 -5.7197141684386175
    endloop
  endfacet
  facet normal -0.44720915044217036 -0.30719024202193096 -0.840022696697714
    outer loop
      vertex -5.814661654457011 -2.013707374058991 -5.639450908670658
      vertex -5.793068323659411 -1.9481968152281037 -5.674903450203807
      vertex -5.6773505591434175 -1.994122827378876 -5.7197141684386175
    endloop
  endfacet
  facet normal -0.44720915044217047 -0.30719024202193124 -0.840022696697714
    outer loop
      vertex -5.793068323659411 -1.9481968152281037 -5.674903450203807
      vertex -6.032276645373393 -1.0155235100004 -5.888626232616305
      vertex -5.6773505591434175 -1.994122827378876 -5.7197141684386175
    endloop
  endfacet
  facet normal -0.8397147023164958 -0.36001772412232835 -0.4065297738558617
    outer loop
      vertex -5.6773505591434175 -1.994122827378876 -5.7197141684386175
      vertex -5.878399540525051 -1.1034085835132752 -6.093239403571236
      vertex -5.561455821439544 -2.026634096921262 -5.930310998998029
    endloop
  endfacet
  facet normal -0.4472091504421791 -0.30719024202193224 -0.840022696697709
    outer loop
      vertex -5.793068323659411 -1.9481968152281037 -5.674903450203807
      vertex -5.923157332332831 -1.5998633763563759 -5.733030020512661
      vertex -6.032276645373393 -1.0155235100004 -5.888626232616305
    endloop
  endfacet
  facet normal -0.8115437561621999 -0.3720945371314457 -0.4504912732463117
    outer loop
      vertex -5.6773505591434175 -1.994122827378876 -5.7197141684386175
      vertex -6.032276645373393 -1.0155235100004 -5.888626232616305
      vertex -5.878399540525051 -1.1034085835132752 -6.093239403571236
    endloop
  endfacet
  facet normal -0.8115437561621991 -0.3720945371314499 -0.45049127324630933
    outer loop
      vertex -6.032276645373393 -1.0155235100004 -5.888626232616305
      vertex -5.903368898042564 -1.0306753298615323 -6.108333858373632
      vertex -5.878399540525051 -1.1034085835132752 -6.093239403571236
    endloop
  endfacet
  facet normal -0.2912402363073993 -0.29657002913615416 -0.9095192920294713
    outer loop
      vertex -5.923157332332831 -1.5998633763563759 -5.733030020512661
      vertex -6.204467886269521 -1.034048281392303 -5.827447860516105
      vertex -6.032276645373393 -1.0155235100004 -5.888626232616305
    endloop
  endfacet
  facet normal -0.861649579572903 -0.09103209083559308 -0.49927263139485206
    outer loop
      vertex -6.032276645373393 -1.0155235100004 -5.888626232616305
      vertex -5.918167820416334 -0.9875675416844049 -6.0906535518690115
      vertex -5.903368898042564 -1.0306753298615323 -6.108333858373632
    endloop
  endfacet
  facet normal -0.8616495795729052 -0.0910320908355777 -0.4992726313948511
    outer loop
      vertex -6.032276645373393 -1.0155235100004 -5.888626232616305
      vertex -5.918167820416334 -0.8664632346484664 -6.112734430301854
      vertex -5.918167820416334 -0.9875675416844049 -6.0906535518690115
    endloop
  endfacet
  facet normal -0.31539309884590355 -0.15837059571739293 -0.9356526853552531
    outer loop
      vertex -6.204467886269521 -1.034048281392303 -5.827447860516105
      vertex -6.204543600122358 -1.023377144503723 -5.82922855831715
      vertex -6.032276645373393 -1.0155235100004 -5.888626232616305
    endloop
  endfacet
  facet normal -0.8616495795729037 -0.09103209083558166 -0.499272631394853
    outer loop
      vertex -6.032276645373393 -1.0155235100004 -5.888626232616305
      vertex -6.041832244728592 -8.06120926830694e-19 -6.0572949016875155
      vertex -5.918167820416334 -0.8664632346484664 -6.112734430301854
    endloop
  endfacet
  facet normal -0.31539309884590716 -0.15837059571735382 -0.9356526853552586
    outer loop
      vertex -6.204543600122358 -1.023377144503723 -5.82922855831715
      vertex -6.041832244728592 -8.06120926830694e-19 -6.0572949016875155
      vertex -6.032276645373393 -1.0155235100004 -5.888626232616305
    endloop
  endfacet
  facet normal -0.30791842286369825 -0.16004963354350654 -0.9378541249382667
    outer loop
      vertex -6.204543600122358 -1.023377144503723 -5.82922855831715
      vertex -6.216340347835351 0 -6
      vertex -6.041832244728592 -8.06120926830694e-19 -6.0572949016875155
    endloop
  endfacet
  facet normal -0.885881194716481 -0.09741479062469875 -0.4535690326898944
    outer loop
      vertex -5.918167820416334 -0.8664632346484664 -6.112734430301854
      vertex -6.041832244728592 -8.06120926830694e-19 -6.0572949016875155
      vertex -5.918167820416334 -4.204415987078032e-18 -6.298828119473505
    endloop
  endfacet
  facet normal -0.885881194716481 0.09741479062469877 -0.4535690326898944
    outer loop
      vertex -5.918167820416334 -4.204415987078032e-18 -6.298828119473505
      vertex -6.041832244728592 -8.06120926830694e-19 -6.0572949016875155
      vertex -5.918167820416334 0.8664632346484663 -6.112734430301854
    endloop
  endfacet
  facet normal -0.30791842286369825 0.1600496335435066 -0.9378541249382668
    outer loop
      vertex -6.216340347835351 0 -6
      vertex -6.204543600122358 1.0233771445037227 -5.82922855831715
      vertex -6.041832244728592 -8.06120926830694e-19 -6.0572949016875155
    endloop
  endfacet
  facet normal -0.8616495795729037 0.09103209083558167 -0.4992726313948531
    outer loop
      vertex -6.041832244728592 -8.06120926830694e-19 -6.0572949016875155
      vertex -6.032276645373393 1.0155235100004 -5.888626232616305
      vertex -5.918167820416334 0.8664632346484663 -6.112734430301854
    endloop
  endfacet
  facet normal -0.3153930988459073 0.1583705957173538 -0.9356526853552584
    outer loop
      vertex -6.041832244728592 -8.06120926830694e-19 -6.0572949016875155
      vertex -6.204543600122358 1.0233771445037227 -5.82922855831715
      vertex -6.032276645373393 1.0155235100004 -5.888626232616305
    endloop
  endfacet
  facet normal -0.8616495795729052 0.09103209083557758 -0.4992726313948511
    outer loop
      vertex -6.032276645373393 1.0155235100004 -5.888626232616305
      vertex -5.918167820416334 0.9875675416844049 -6.0906535518690115
      vertex -5.918167820416334 0.8664632346484663 -6.112734430301854
    endloop
  endfacet
  facet normal -0.861649579572903 0.09103209083559287 -0.49927263139485206
    outer loop
      vertex -6.032276645373393 1.0155235100004 -5.888626232616305
      vertex -5.903368898042564 1.0306753298615323 -6.108333858373632
      vertex -5.918167820416334 0.9875675416844049 -6.0906535518690115
    endloop
  endfacet
  facet normal -0.3153930988459031 0.15837059571739934 -0.9356526853552521
    outer loop
      vertex -6.204543600122358 1.0233771445037227 -5.82922855831715
      vertex -6.204467886269521 1.0340482813923024 -5.827447860516105
      vertex -6.032276645373393 1.0155235100004 -5.888626232616305
    endloop
  endfacet
  facet normal -0.8115437561622023 0.3720945371314403 -0.45049127324631183
    outer loop
      vertex -6.032276645373393 1.0155235100004 -5.888626232616305
      vertex -5.878399540525054 1.1034085835132683 -6.093239403571238
      vertex -5.903368898042564 1.0306753298615323 -6.108333858373632
    endloop
  endfacet
  facet normal -0.2912402363074007 0.2965700291361524 -0.9095192920294716
    outer loop
      vertex -6.204467886269521 1.0340482813923024 -5.827447860516105
      vertex -5.92315733233283 1.599863376356381 -5.733030020512661
      vertex -6.032276645373393 1.0155235100004 -5.888626232616305
    endloop
  endfacet
  facet normal -0.8115437561622014 0.3720945371314459 -0.4504912732463089
    outer loop
      vertex -6.032276645373393 1.0155235100004 -5.888626232616305
      vertex -5.677350559143418 1.994122827378873 -5.719714168438618
      vertex -5.878399540525054 1.1034085835132683 -6.093239403571238
    endloop
  endfacet
  facet normal -0.44720915044216614 0.3071902420219299 -0.8400226966977167
    outer loop
      vertex -6.032276645373393 1.0155235100004 -5.888626232616305
      vertex -5.92315733233283 1.599863376356381 -5.733030020512661
      vertex -5.677350559143418 1.994122827378873 -5.719714168438618
    endloop
  endfacet
  facet normal -0.44720915044216675 0.30719024202193035 -0.8400226966977161
    outer loop
      vertex -5.92315733233283 1.599863376356381 -5.733030020512661
      vertex -5.793068323659413 1.9481968152281008 -5.674903450203808
      vertex -5.677350559143418 1.994122827378873 -5.719714168438618
    endloop
  endfacet
  facet normal -0.8397147023164958 0.3600177241223289 -0.40652977385586075
    outer loop
      vertex -5.878399540525054 1.1034085835132683 -6.093239403571238
      vertex -5.677350559143418 1.994122827378873 -5.719714168438618
      vertex -5.561455821439545 2.0266340969212595 -5.93031099899803
    endloop
  endfacet
  facet normal -0.4472091504421663 0.3071902420219272 -0.8400226966977177
    outer loop
      vertex -5.793068323659413 1.9481968152281008 -5.674903450203808
      vertex -5.814661654457014 2.0137073740589884 -5.639450908670659
      vertex -5.677350559143418 1.994122827378873 -5.719714168438618
    endloop
  endfacet
  facet normal -0.3622978271313565 0.5484414082639083 -0.7536261050132212
    outer loop
      vertex -5.814661654457014 2.0137073740589884 -5.639450908670659
      vertex -5.746979058555441 2.1881125648577036 -5.545067539321762
      vertex -5.332734428168682 2.9063491386189737 -5.221524144436253
    endloop
  endfacet
  facet normal -0.7801003345786508 0.5191675516964765 -0.3491540079331232
    outer loop
      vertex -5.677350559143418 1.994122827378873 -5.719714168438618
      vertex -5.35952262472342 2.614845403806519 -5.506852965019687
      vertex -5.561455821439545 2.0266340969212595 -5.93031099899803
    endloop
  endfacet
  facet normal -0.3622978271313395 0.5484414082639043 -0.7536261050132325
    outer loop
      vertex -5.814661654457014 2.0137073740589884 -5.639450908670659
      vertex -5.332734428168682 2.9063491386189737 -5.221524144436253
      vertex -5.677350559143418 1.994122827378873 -5.719714168438618
    endloop
  endfacet
  facet normal -0.710301614328404 0.5246277513988392 -0.46929451216124496
    outer loop
      vertex -5.677350559143418 1.994122827378873 -5.719714168438618
      vertex -5.276842507238934 2.8556843582224425 -5.362757996018331
      vertex -5.35952262472342 2.614845403806519 -5.506852965019687
    endloop
  endfacet
  facet normal -0.710301614328409 0.5246277513988387 -0.4692945121612383
    outer loop
      vertex -5.677350559143418 1.994122827378873 -5.719714168438618
      vertex -5.332734428168682 2.9063491386189737 -5.221524144436253
      vertex -5.276842507238934 2.8556843582224425 -5.362757996018331
    endloop
  endfacet
  facet normal -0.30217172008820864 0.5309218582766381 -0.7917160046273
    outer loop
      vertex -5.746979058555441 2.1881125648577036 -5.545067539321762
      vertex -5.490305769638702 2.9450365020332647 -5.135440789084071
      vertex -5.332734428168682 2.9063491386189737 -5.221524144436253
    endloop
  endfacet
  facet normal -0.7103016143284097 0.5246277513988378 -0.46929451216123824
    outer loop
      vertex -5.332734428168682 2.9063491386189737 -5.221524144436253
      vertex -5.222559508983957 2.925427155806217 -5.366952151644384
      vertex -5.276842507238934 2.8556843582224425 -5.362757996018331
    endloop
  endfacet
  facet normal -0.6084179006528115 0.7027499457055796 -0.3687413347809418
    outer loop
      vertex -5.332734428168682 2.9063491386189737 -5.221524144436253
      vertex -5.052094104700461 3.1444411117070397 -5.230819211083784
      vertex -5.222559508983957 2.925427155806217 -5.366952151644384
    endloop
  endfacet
  facet normal -0.23658429061519803 0.6477661004278253 -0.7241732890480234
    outer loop
      vertex -5.490305769638702 2.9450365020332647 -5.135440789084071
      vertex -5.0545052069103376 3.3480002787084704 -4.917367698518451
      vertex -5.332734428168682 2.9063491386189737 -5.221524144436253
    endloop
  endfacet
  facet normal -0.6084179006528112 0.7027499457055792 -0.36874133478094295
    outer loop
      vertex -5.332734428168682 2.9063491386189737 -5.221524144436253
      vertex -4.652782921118772 3.730955339662343 -4.771893796796532
      vertex -5.052094104700461 3.1444411117070397 -5.230819211083784
    endloop
  endfacet
  facet normal -0.4348314167891258 0.6802789626876646 -0.5900357378140384
    outer loop
      vertex -5.332734428168682 2.9063491386189737 -5.221524144436253
      vertex -5.0545052069103376 3.3480002787084704 -4.917367698518451
      vertex -4.652782921118772 3.730955339662343 -4.771893796796532
    endloop
  endfacet
  facet normal -0.691559168376004 0.6740238919331849 -0.2596877158017533
    outer loop
      vertex -5.052094104700461 3.1444411117070397 -5.230819211083784
      vertex -4.652782921118772 3.730955339662343 -4.771893796796532
      vertex -4.566964389302447 3.7677357827926654 -4.904967842912759
    endloop
  endfacet
  facet normal -0.4348314167891272 0.6802789626876652 -0.5900357378140366
    outer loop
      vertex -5.0545052069103376 3.3480002787084704 -4.917367698518451
      vertex -4.774521518805568 3.6852762761380067 -4.734843056378361
      vertex -4.652782921118772 3.730955339662343 -4.771893796796532
    endloop
  endfacet
  facet normal -0.43483141678912707 0.6802789626876653 -0.5900357378140365
    outer loop
      vertex -4.774521518805568 3.6852762761380067 -4.734843056378361
      vertex -4.76925326970058 3.743522944715693 -4.6715703075173645
      vertex -4.652782921118772 3.730955339662343 -4.771893796796532
    endloop
  endfacet
  facet normal -0.3349709123565465 0.8049637279663924 -0.48972225243853373
    outer loop
      vertex -4.76925326970058 3.743522944715693 -4.6715703075173645
      vertex -4.6876445682373316 3.8436628291195536 -4.562789395036439
      vertex -4.652782921118772 3.730955339662343 -4.771893796796532
    endloop
  endfacet
  facet normal -0.6382411045977295 0.7415879401409665 -0.20662918341644873
    outer loop
      vertex -4.652782921118772 3.730955339662343 -4.771893796796532
      vertex -4.561255361357356 3.77507074204647 -4.896277003639716
      vertex -4.566964389302447 3.7677357827926654 -4.904967842912759
    endloop
  endfacet
  facet normal -0.33497091235653964 0.8049637279663949 -0.4897222524385339
    outer loop
      vertex -4.652782921118772 3.730955339662343 -4.771893796796532
      vertex -4.6876445682373316 3.8436628291195536 -4.562789395036439
      vertex -4.363870827976778 4.11440617014157 -4.339226378665779
    endloop
  endfacet
  facet normal -0.28999560273574426 0.7912892682780178 -0.5382971709956978
    outer loop
      vertex -4.6876445682373316 3.8436628291195536 -4.562789395036439
      vertex -4.493298925539243 4.116533242156537 -4.266373109997607
      vertex -4.454494010820547 4.100528585976709 -4.3108050122985135
    endloop
  endfacet
  facet normal -0.6382411045977391 0.7415879401409552 -0.20662918341645972
    outer loop
      vertex -4.652782921118772 3.730955339662343 -4.771893796796532
      vertex -4.331497351345386 4.1193959272711815 -4.370182882026062
      vertex -4.561255361357356 3.77507074204647 -4.896277003639716
    endloop
  endfacet
  facet normal -0.6653132471192856 0.7237542344121448 -0.18313408032936576
    outer loop
      vertex -4.561255361357356 3.77507074204647 -4.896277003639716
      vertex -4.377099994256549 4.047286151001094 -4.489492807552999
      vertex -4.345022830708347 4.0674479735576865 -4.526346447125124
    endloop
  endfacet
  facet normal -0.6653132471192675 0.7237542344121572 -0.18313408032938253
    outer loop
      vertex -4.561255361357356 3.77507074204647 -4.896277003639716
      vertex -4.331497351345386 4.1193959272711815 -4.370182882026062
      vertex -4.377099994256549 4.047286151001094 -4.489492807552999
    endloop
  endfacet
  facet normal -0.6653132471193117 0.7237542344121279 -0.18313408032933776
    outer loop
      vertex -4.561255361357356 3.77507074204647 -4.896277003639716
      vertex -4.345022830708347 4.0674479735576865 -4.526346447125124
      vertex -4.294916109183952 4.131693233804799 -4.4544804486108625
    endloop
  endfacet
  facet normal -0.2899956027357501 0.7912892682780189 -0.5382971709956931
    outer loop
      vertex -4.6876445682373316 3.8436628291195536 -4.562789395036439
      vertex -4.454494010820547 4.100528585976709 -4.3108050122985135
      vertex -4.363870827976778 4.11440617014157 -4.339226378665779
    endloop
  endfacet
  facet normal -0.6382411045977592 0.741587940140945 -0.2066291834164344
    outer loop
      vertex -4.652782921118772 3.730955339662343 -4.771893796796532
      vertex -4.339598595875775 4.118127552244575 -4.349711738674256
      vertex -4.331497351345386 4.1193959272711815 -4.370182882026062
    endloop
  endfacet
  facet normal -0.3349709123565377 0.804963727966395 -0.48972225243853523
    outer loop
      vertex -4.652782921118772 3.730955339662343 -4.771893796796532
      vertex -4.363870827976778 4.11440617014157 -4.339226378665779
      vertex -4.339598595875775 4.118127552244575 -4.349711738674256
    endloop
  endfacet
  facet normal -0.6653132471192911 0.7237542344121412 -0.1831340803293605
    outer loop
      vertex -4.561255361357356 3.77507074204647 -4.896277003639716
      vertex -4.294916109183952 4.131693233804799 -4.4544804486108625
      vertex -4.268576560972384 4.151104472468486 -4.47345607654432
    endloop
  endfacet
  facet normal -0.6653132471193149 0.723754234412126 -0.18313408032933357
    outer loop
      vertex -4.294916109183952 4.131693233804799 -4.4544804486108625
      vertex -4.345022830708347 4.0674479735576865 -4.526346447125124
      vertex -4.289296354013076 4.14115039160011 -4.437521505559281
    endloop
  endfacet
  facet normal -0.6653132471192708 0.7237542344121548 -0.18313408032937978
    outer loop
      vertex -4.331497351345386 4.1193959272711815 -4.370182882026062
      vertex -4.321373517561279 4.120988569043517 -4.400667865987157
      vertex -4.377099994256549 4.047286151001094 -4.489492807552999
    endloop
  endfacet
  facet normal -0.7251764994545012 0.6364033184573872 -0.26288754419968496
    outer loop
      vertex -3.4770297384926327 4.797627369823294 -4.878232995155448
      vertex -3.127180537548433 5.1064043049020835 -5.095800369465817
      vertex -3.1596257604153166 5.004997738439126 -5.251787076225189
    endloop
  endfacet
  facet normal -0.2911678066524751 0.8409513400233549 0.45609445521965136
    outer loop
      vertex -4.294916109183952 4.131693233804799 -4.4544804486108625
      vertex -4.28546863530816 4.1294015349182 -4.444223784792874
      vertex -4.268576560972384 4.151104472468486 -4.47345607654432
    endloop
  endfacet
  facet normal 0.6841987741267725 0.5165809228536645 -0.5147972296225748
    outer loop
      vertex -4.28546863530816 4.1294015349182 -4.444223784792874
      vertex -4.289296354013076 4.14115039160011 -4.437521505559281
      vertex -4.282017697616331 4.133835299755303 -4.43518813851907
    endloop
  endfacet
  facet normal 0.6841987741267902 0.5165809228536596 -0.5147972296225561
    outer loop
      vertex -4.294916109183952 4.131693233804799 -4.4544804486108625
      vertex -4.289296354013076 4.14115039160011 -4.437521505559281
      vertex -4.28546863530816 4.1294015349182 -4.444223784792874
    endloop
  endfacet
  facet normal 0.6847212842243029 0.5145458656144518 -0.5161388525477384
    outer loop
      vertex -4.292723137773394 4.452573946798497 -4.130771541216875
      vertex -4.285686014382346 4.444863841182258 -4.129122246277975
      vertex -4.287448783261675 4.435642176719958 -4.1406539778355285
    endloop
  endfacet
  facet normal 0.6847212842242933 0.5145458656144596 -0.5161388525477432
    outer loop
      vertex -4.285686014382346 4.444863841182258 -4.129122246277975
      vertex -4.281245185977037 4.433231060099659 -4.134827822729757
      vertex -4.287448783261675 4.435642176719958 -4.1406539778355285
    endloop
  endfacet
  facet normal -0.2975560093829443 -0.4515236737006082 -0.8411817837827944
    outer loop
      vertex -4.292723137773394 4.452573946798497 -4.130771541216875
      vertex -4.273534015993312 4.465942197110966 -4.1447351341273855
      vertex -4.285686014382346 4.444863841182258 -4.129122246277975
    endloop
  endfacet
  facet normal -0.7321157534868556 0.5169113806676546 -0.4436317707656121
    outer loop
      vertex -3.806246716999942 4.5825391828345925 -4.585550159670445
      vertex -3.127180537548433 5.1064043049020835 -5.095800369465817
      vertex -3.4770297384926327 4.797627369823294 -4.878232995155448
    endloop
  endfacet
  facet normal -0.7316130046360669 0.4471435095834182 -0.5145921620903392
    outer loop
      vertex -3.821248935454325 4.572737744334087 -4.572737744334088
      vertex -3.127180537548433 5.1064043049020835 -5.095800369465817
      vertex -3.806246716999942 4.5825391828345925 -4.585550159670445
    endloop
  endfacet
  facet normal -0.731613004636067 0.44714350958342386 -0.5145921620903339
    outer loop
      vertex -3.821248935454325 4.572737744334087 -4.572737744334088
      vertex -3.4438798364711016 4.9064487494809805 -4.819285281748106
      vertex -3.127180537548433 5.1064043049020835 -5.095800369465817
    endloop
  endfacet
  facet normal -0.7209341226120461 0.24583064721056858 -0.6479361725861831
    outer loop
      vertex -3.4438798364711016 4.9064487494809805 -4.819285281748106
      vertex -3.159286105912309 5.25099379382578 -5.005219645801214
      vertex -3.127180537548433 5.1064043049020835 -5.095800369465817
    endloop
  endfacet
  facet normal -0.5288898428991504 0.7576038970493908 -0.38250734535912956
    outer loop
      vertex -3.1596257604153166 5.004997738439126 -5.251787076225189
      vertex -3.127180537548433 5.1064043049020835 -5.095800369465817
      vertex -2.791530423521183 5.265149423460215 -5.245486424686506
    endloop
  endfacet
  facet normal -0.5183830859244178 0.36836652703447303 -0.771741587571927
    outer loop
      vertex -3.127180537548433 5.1064043049020835 -5.095800369465817
      vertex -3.159286105912309 5.25099379382578 -5.005219645801214
      vertex -2.791530423521183 5.265149423460215 -5.245486424686506
    endloop
  endfacet
  facet normal -0.5288898428991504 0.7576038970493907 -0.3825073453591294
    outer loop
      vertex -3.1596257604153166 5.004997738439126 -5.251787076225189
      vertex -2.791530423521183 5.265149423460215 -5.245486424686506
      vertex -2.7225581760478157 5.290548242970744 -5.290548242970745
    endloop
  endfacet
  facet normal -0.5288898428991494 0.7576038970493902 -0.3825073453591315
    outer loop
      vertex -2.12925311257034 5.5657784223969 -5.5657784223969005
      vertex -1.9998260160334822 5.639584600977919 -5.59855381452224
      vertex -2.0777442950418905 5.578822226496505 -5.611164357603016
    endloop
  endfacet
  facet normal -0.528889842899151 0.7576038970493912 -0.3825073453591277
    outer loop
      vertex -2.0777442950418905 5.578822226496505 -5.611164357603016
      vertex -1.9998260160334822 5.639584600977919 -5.59855381452224
      vertex -1.6996533346154692 5.7815507315055745 -5.732418403535402
    endloop
  endfacet
  facet normal -0.5183830859244203 0.368366527034484 -0.7717415875719204
    outer loop
      vertex -1.9998260160334822 5.639584600977919 -5.59855381452224
      vertex -1.9316511070679252 5.69935440237448 -5.615818046157221
      vertex -1.6996533346154692 5.7815507315055745 -5.732418403535402
    endloop
  endfacet
  facet normal -0.5272446848730555 0.7752084009220402 -0.3479439285474107
    outer loop
      vertex -2.0777442950418905 5.578822226496505 -5.611164357603016
      vertex -1.6996533346154692 5.7815507315055745 -5.732418403535402
      vertex -1.7285153230524353 5.667259012955853 -5.943321840430134
    endloop
  endfacet
  facet normal -0.5039687120298263 0.24938687923408204 -0.8269351375778414
    outer loop
      vertex -1.9316511070679252 5.69935440237448 -5.615818046157221
      vertex -1.7276712655301165 5.940282724257571 -5.667472757349498
      vertex -1.6996533346154692 5.7815507315055745 -5.732418403535402
    endloop
  endfacet
  facet normal -0.21687579972676435 0.8704007590133097 -0.44200385315280993
    outer loop
      vertex -1.7285153230524353 5.667259012955853 -5.943321840430134
      vertex -1.6996533346154692 5.7815507315055745 -5.732418403535402
      vertex -1.0246869255377178 5.845492569411513 -5.937685517983018
    endloop
  endfacet
  facet normal -0.203090526596528 0.339870148122984 -0.918282375101257
    outer loop
      vertex -1.6996533346154692 5.7815507315055745 -5.732418403535402
      vertex -1.7276712655301165 5.940282724257571 -5.667472757349498
      vertex -1.0880515412934244 5.884858914480814 -5.829446469453818
    endloop
  endfacet
  facet normal -0.21723413398943212 0.86958195655069 -0.4434372017223358
    outer loop
      vertex -1.6996533346154692 5.7815507315055745 -5.732418403535402
      vertex -1.0880515412934244 5.884858914480814 -5.829446469453818
      vertex -1.0246869255377178 5.845492569411513 -5.937685517983018
    endloop
  endfacet
  facet normal -0.21723413398943045 0.8695819565506906 -0.44343720172233514
    outer loop
      vertex -1.0246869255377178 5.845492569411513 -5.937685517983018
      vertex -1.0880515412934244 5.884858914480814 -5.829446469453818
      vertex -0.6700180711119583 5.935306921193241 -5.935306921193241
    endloop
  endfacet
  facet normal -0.21723413398943264 0.869581956550687 -0.44343720172234097
    outer loop
      vertex -0.4337677383459194 5.974393659661436 -5.974393659661436
      vertex -0.26338923528338054 6.02415602794956 -5.960275694386849
      vertex -0.029548231251431162 5.940899076354901 -6.238098552703028
    endloop
  endfacet
  facet normal -0.203090526596529 0.33987014812303173 -0.9182823751012391
    outer loop
      vertex -0.26338923528338054 6.02415602794956 -5.960275694386849
      vertex -0.23134151703951256 6.0504811773009886 -5.9576201447420045
      vertex -0.027457378531506905 6.064008251558355 -5.997705296456574
    endloop
  endfacet
  facet normal -0.2172341339894291 0.8695819565506892 -0.44343720172233864
    outer loop
      vertex -0.26338923528338054 6.02415602794956 -5.960275694386849
      vertex -0.027457378531506905 6.064008251558355 -5.997705296456574
      vertex -0.029548231251431162 5.940899076354901 -6.238098552703028
    endloop
  endfacet
  facet normal -0.20316223118129906 0.303505543545615 -0.9309186284839923
    outer loop
      vertex -0.23134151703951256 6.0504811773009886 -5.9576201447420045
      vertex -0.02952622973853979 6.236866225161039 -5.940897253257567
      vertex -0.027457378531506905 6.064008251558355 -5.997705296456574
    endloop
  endfacet
  facet normal 0.1787925230178475 0.8750983362018963 -0.44970672186391136
    outer loop
      vertex -0.029548231251431162 5.940899076354901 -6.238098552703028
      vertex -0.027457378531506905 6.064008251558355 -5.997705296456574
      vertex 0.953239204313744 5.85946298765704 -6.00583504764415
    endloop
  endfacet
  facet normal 0.16867256156168467 0.3095601416079441 -0.9358002381405389
    outer loop
      vertex -0.027457378531506905 6.064008251558355 -5.997705296456574
      vertex -0.02952622973853979 6.236866225161039 -5.940897253257567
      vertex 0.6239076703868666 6.044504916000428 -5.886752176587756
    endloop
  endfacet
  facet normal 0.1714941063650189 0.8425271459315944 -0.5106248915303927
    outer loop
      vertex -0.027457378531506905 6.064008251558355 -5.997705296456574
      vertex 1.4729129228447957 5.816401595635982 -5.9023528455071625
      vertex 0.953239204313744 5.85946298765704 -6.00583504764415
    endloop
  endfacet
  facet normal 0.16392707299975656 0.4333826896378708 -0.8861756931105577
    outer loop
      vertex -0.027457378531506905 6.064008251558355 -5.997705296456574
      vertex 0.6239076703868666 6.044504916000428 -5.886752176587756
      vertex 1.4499715066288899 5.872011053281091 -5.8183025755815985
    endloop
  endfacet
  facet normal 0.17149410636501852 0.8425271459315873 -0.5106248915304048
    outer loop
      vertex -0.027457378531506905 6.064008251558355 -5.997705296456574
      vertex 1.4499715066288899 5.872011053281091 -5.8183025755815985
      vertex 1.4729129228447957 5.816401595635982 -5.9023528455071625
    endloop
  endfacet
  facet normal 0.17149410636504686 0.8425271459315865 -0.5106248915303965
    outer loop
      vertex 1.4729129228447957 5.816401595635982 -5.9023528455071625
      vertex 1.4499715066288899 5.872011053281091 -5.8183025755815985
      vertex 1.4729129228447957 5.868493504904787 -5.816401595635982
    endloop
  endfacet
  facet normal 0.1714941063647878 0.842527145931625 -0.5106248915304199
    outer loop
      vertex 1.4729129228447957 5.816401595635982 -5.9023528455071625
      vertex 1.4729129228447957 5.868493504904787 -5.816401595635982
      vertex 1.4757021438080558 5.868667264420653 -5.81517812988668
    endloop
  endfacet
  facet normal 0.1714941063650134 0.8425271459315882 -0.5106248915304049
    outer loop
      vertex 1.4729129228447957 5.816401595635982 -5.9023528455071625
      vertex 1.4757021438080558 5.868667264420653 -5.81517812988668
      vertex 1.7047456655051685 5.714710326300183 -5.992281297199625
    endloop
  endfacet
  facet normal 0.17149410636502052 0.8425271459315908 -0.5106248915303981
    outer loop
      vertex 1.4757021438080558 5.868667264420653 -5.81517812988668
      vertex 1.684069819029768 5.841589135479257 -5.789876250214068
      vertex 1.7047456655051685 5.714710326300183 -5.992281297199625
    endloop
  endfacet
  facet normal 0.16392707299975987 0.43338268963787 -0.8861756931105575
    outer loop
      vertex 1.4757021438080558 5.868667264420653 -5.81517812988668
      vertex 1.7033981563239748 5.986767945196104 -5.7153013986289
      vertex 1.684069819029768 5.841589135479257 -5.789876250214068
    endloop
  endfacet
  facet normal 0.5333487097766261 0.740169474580841 -0.4094976223109601
    outer loop
      vertex 1.7047456655051685 5.714710326300183 -5.992281297199625
      vertex 1.684069819029768 5.841589135479257 -5.789876250214068
      vertex 1.9239848374393445 5.618543109252774 -5.880556861019714
    endloop
  endfacet
  facet normal 0.533348709776625 0.7401694745808408 -0.40949762231096243
    outer loop
      vertex 1.684069819029768 5.841589135479257 -5.789876250214068
      vertex 3.1446089273961126 5.147889806762161 -5.141468135233008
      vertex 1.9239848374393445 5.618543109252774 -5.880556861019714
    endloop
  endfacet
  facet normal 0.5115459448221785 0.33774736231903785 -0.7900933271345336
    outer loop
      vertex 1.684069819029768 5.841589135479257 -5.789876250214068
      vertex 1.7033981563239748 5.986767945196104 -5.7153013986289
      vertex 2.874575821050902 5.4146847846084 -5.201575244259519
    endloop
  endfacet
  facet normal 0.5148693894121272 0.7813192925508021 -0.35277425491990966
    outer loop
      vertex 1.9239848374393445 5.618543109252774 -5.880556861019714
      vertex 3.1446089273961126 5.147889806762161 -5.141468135233008
      vertex 3.175706441467543 5.069487107464685 -5.269726880977528
    endloop
  endfacet
  facet normal 0.5118327399047663 0.34033442263965213 -0.7887963787493668
    outer loop
      vertex 1.684069819029768 5.841589135479257 -5.789876250214068
      vertex 2.874575821050902 5.4146847846084 -5.201575244259519
      vertex 3.1446089273961126 5.147889806762161 -5.141468135233008
    endloop
  endfacet
  facet normal 0.5118327399047655 0.34033442263965136 -0.7887963787493676
    outer loop
      vertex 2.874575821050902 5.4146847846084 -5.201575244259519
      vertex 3.175005072992736 5.26829478675668 -5.069794756201686
      vertex 3.1446089273961126 5.147889806762161 -5.141468135233008
    endloop
  endfacet
  facet normal 0.7472599056906208 0.614669649366085 -0.2525546584314347
    outer loop
      vertex 4.118210724989451 4.268651619157057 -4.400667865987157
      vertex 3.281688948734561 5.022998869575171 -5.039835738479278
      vertex 3.1446089273961126 5.147889806762161 -5.141468135233008
    endloop
  endfacet
  facet normal 0.7514038546615549 0.29083667957700354 -0.5922890113891869
    outer loop
      vertex 4.12615897272323 4.293966072273616 -4.315540024724911
      vertex 3.1446089273961126 5.147889806762161 -5.141468135233008
      vertex 3.281688948734561 5.0349934133565215 -5.02299886957517
    endloop
  endfacet
  facet normal 0.7472599056906203 0.6146696493660703 -0.25255465843147173
    outer loop
      vertex 4.118210724989451 4.268651619157057 -4.400667865987157
      vertex 4.052606992811085 4.313318815804617 -4.486065097433948
      vertex 3.281688948734561 5.022998869575171 -5.039835738479278
    endloop
  endfacet
  facet normal 0.7472599056906263 0.6146696493660497 -0.25255465843150404
    outer loop
      vertex 4.118210724989451 4.268651619157057 -4.400667865987157
      vertex 3.1446089273961126 5.147889806762161 -5.141468135233008
      vertex 4.12615897272323 4.293966072273616 -4.315540024724911
    endloop
  endfacet
  facet normal 0.7514038546615601 0.29083667957701753 -0.5922890113891732
    outer loop
      vertex 3.281688948734561 5.0349934133565215 -5.02299886957517
      vertex 4.050031476171237 4.490343696425111 -4.315689745894394
      vertex 4.117479155668619 4.400667865987157 -4.274156938217062
    endloop
  endfacet
  facet normal 0.7514038546615606 0.29083667957702325 -0.5922890113891698
    outer loop
      vertex 4.12615897272323 4.293966072273616 -4.315540024724911
      vertex 3.281688948734561 5.0349934133565215 -5.02299886957517
      vertex 4.117479155668619 4.400667865987157 -4.274156938217062
    endloop
  endfacet
  facet normal 0.7402036600966571 0.6384767036205499 -0.2108222960536887
    outer loop
      vertex 3.175706441467543 5.069487107464685 -5.269726880977528
      vertex 3.1446089273961126 5.147889806762161 -5.141468135233008
      vertex 3.2767919928831 5.025146873565902 -5.049097044219751
    endloop
  endfacet
  facet normal 0.7472599056906221 0.614669649366064 -0.252554658431482
    outer loop
      vertex 3.1446089273961126 5.147889806762161 -5.141468135233008
      vertex 3.281688948734561 5.022998869575171 -5.039835738479278
      vertex 3.2767919928831 5.025146873565902 -5.049097044219751
    endloop
  endfacet
  facet normal 0.7514038546615623 0.29083667957703646 -0.5922890113891612
    outer loop
      vertex 3.1446089273961126 5.147889806762161 -5.141468135233008
      vertex 3.265175361692762 5.062906361726029 -5.030242400442714
      vertex 3.281688948734561 5.0349934133565215 -5.02299886957517
    endloop
  endfacet
  facet normal 0.7365650912301532 0.19887675944867217 -0.6464672466044283
    outer loop
      vertex 3.1446089273961126 5.147889806762161 -5.141468135233008
      vertex 3.175005072992736 5.26829478675668 -5.069794756201686
      vertex 3.265175361692762 5.062906361726029 -5.030242400442714
    endloop
  endfacet
  facet normal -0.2776944503019059 0.5947495919551419 -0.7544260832849793
    outer loop
      vertex -4.499382839861378 4.24045383682245 -4.131759459870234
      vertex -4.819850496450662 4.636369099518642 -3.701680837375271
      vertex -4.454494010820547 4.28989019194869 -4.109309449578778
    endloop
  endfacet
  facet normal -0.27769445030190854 0.5947495919551399 -0.75442608328498
    outer loop
      vertex -4.454494010820547 4.28989019194869 -4.109309449578778
      vertex -4.819850496450662 4.636369099518642 -3.701680837375271
      vertex -4.3580778741277655 4.319132166751257 -4.121746153061367
    endloop
  endfacet
  facet normal -0.31058505798838903 0.5625116635133597 -0.7662359624592036
    outer loop
      vertex -4.3580778741277655 4.319132166751257 -4.121746153061367
      vertex -4.819850496450662 4.636369099518642 -3.701680837375271
      vertex -4.769733496265938 4.8238877123887445 -3.584333414568175
    endloop
  endfacet
  facet normal -0.3105850579883628 0.5625116635133779 -0.7662359624592006
    outer loop
      vertex -4.3580778741277655 4.319132166751257 -4.121746153061367
      vertex -4.769733496265938 4.8238877123887445 -3.584333414568175
      vertex -4.34063315756596 4.325850654892606 -4.123884972491082
    endloop
  endfacet
  facet normal -0.6467738876707845 0.23040219043194493 -0.72704770742461
    outer loop
      vertex -4.34063315756596 4.325850654892606 -4.123884972491082
      vertex -4.769733496265938 4.8238877123887445 -3.584333414568175
      vertex -4.335461425491539 4.341804503912068 -4.1234298985024544
    endloop
  endfacet
  facet normal -0.6666348714640631 0.2098027365115624 -0.7152487398802965
    outer loop
      vertex -4.667663055651849 4.9399367287186 -3.638358133622036
      vertex -4.373615899124475 4.493091504480662 -4.043491932650799
      vertex -4.319199260468491 4.400667865987157 -4.121320467098196
    endloop
  endfacet
  facet normal -0.6666348714640262 0.2098027365116048 -0.7152487398803185
    outer loop
      vertex -4.667663055651849 4.9399367287186 -3.638358133622036
      vertex -4.3418654219176585 4.528065815213462 -4.062825443388131
      vertex -4.373615899124475 4.493091504480662 -4.043491932650799
    endloop
  endfacet
  facet normal -0.6666348714640332 0.20980273651159634 -0.7152487398803146
    outer loop
      vertex -4.335461425491539 4.341804503912068 -4.1234298985024544
      vertex -4.667663055651849 4.9399367287186 -3.638358133622036
      vertex -4.319199260468491 4.400667865987157 -4.121320467098196
    endloop
  endfacet
  facet normal -0.6666348714640324 0.20980273651159634 -0.7152487398803151
    outer loop
      vertex -4.273534015993312 4.465942197110966 -4.1447351341273855
      vertex -4.3418654219176585 4.528065815213462 -4.062825443388131
      vertex -4.667663055651849 4.9399367287186 -3.638358133622036
    endloop
  endfacet
  facet normal -0.6467738876707666 0.23040219043197005 -0.727047707424618
    outer loop
      vertex -4.335461425491539 4.341804503912068 -4.1234298985024544
      vertex -4.769733496265938 4.8238877123887445 -3.584333414568175
      vertex -4.667663055651849 4.9399367287186 -3.638358133622036
    endloop
  endfacet
  facet normal -0.666634871464017 0.20980273651163445 -0.7152487398803183
    outer loop
      vertex -4.292723137773394 4.452573946798497 -4.130771541216875
      vertex -4.287448783261675 4.435642176719958 -4.1406539778355285
      vertex -4.312726975063838 4.478575781562083 -4.104500244895863
    endloop
  endfacet
  facet normal -0.6666348714640421 0.20980273651158046 -0.7152487398803108
    outer loop
      vertex -4.273534015993312 4.465942197110966 -4.1447351341273855
      vertex -4.312726975063838 4.478575781562083 -4.104500244895863
      vertex -4.3418654219176585 4.528065815213462 -4.062825443388131
    endloop
  endfacet
  facet normal -0.6666348714640304 0.20980273651161663 -0.7152487398803109
    outer loop
      vertex -4.292723137773394 4.452573946798497 -4.130771541216875
      vertex -4.312726975063838 4.478575781562083 -4.104500244895863
      vertex -4.273534015993312 4.465942197110966 -4.1447351341273855
    endloop
  endfacet
  facet normal -0.3105850579883885 0.5625116635133598 -0.7662359624592038
    outer loop
      vertex -4.819850496450662 4.636369099518642 -3.701680837375271
      vertex -4.896094439158265 4.7241248518468355 -3.6063526784649644
      vertex -4.769733496265938 4.8238877123887445 -3.584333414568175
    endloop
  endfacet
  facet normal -0.6467738876707605 0.23040219043196095 -0.7270477074246263
    outer loop
      vertex -4.769733496265938 4.8238877123887445 -3.584333414568175
      vertex -4.682792725268306 4.958805100858061 -3.618919533701421
      vertex -4.667663055651849 4.9399367287186 -3.638358133622036
    endloop
  endfacet
  facet normal -0.6578764706198231 0.27596231242680896 -0.7007448547972747
    outer loop
      vertex -5.008576780553938 5.022998869575171 -3.281688948734561
      vertex -5.200625519475039 5.398255646819314 -2.9536079461033853
      vertex -4.979954315712715 4.984193996111644 -3.3238422782415666
    endloop
  endfacet
  facet normal -0.6578764706197922 0.27596231242683966 -0.7007448547972913
    outer loop
      vertex -5.008576780553938 5.022998869575171 -3.281688948734561
      vertex -5.072703620773961 5.054921036617802 -3.2089137381831248
      vertex -5.200625519475039 5.398255646819314 -2.9536079461033853
    endloop
  endfacet
  facet normal -0.21837267580660902 0.714809502316217 -0.6643498700681021
    outer loop
      vertex -5.489744100609368 5.1894249362427445 -2.9022757332468645
      vertex -5.34881874625065 5.265475775017805 -2.8667709238716386
      vertex -5.238016939707058 5.120691024894448 -3.0589732677129877
    endloop
  endfacet
  facet normal -0.3735787789481292 0.6245546667183209 -0.6858355227020483
    outer loop
      vertex -5.072703620773961 5.054921036617802 -3.2089137381831248
      vertex -5.238016939707058 5.120691024894448 -3.0589732677129877
      vertex -5.34881874625065 5.265475775017805 -2.8667709238716386
    endloop
  endfacet
  facet normal -0.6578764706197938 0.27596231242683833 -0.7007448547972903
    outer loop
      vertex -5.072703620773961 5.054921036617802 -3.2089137381831248
      vertex -5.34881874625065 5.265475775017805 -2.8667709238716386
      vertex -5.200625519475039 5.398255646819314 -2.9536079461033853
    endloop
  endfacet
  facet normal -0.657876470619796 0.27596231242684355 -0.7007448547972862
    outer loop
      vertex -5.34881874625065 5.265475775017805 -2.8667709238716386
      vertex -5.243220895190372 5.43567686452507 -2.8988814062655295
      vertex -5.200625519475039 5.398255646819314 -2.9536079461033853
    endloop
  endfacet
  facet normal -0.37357877894812663 0.6245546667183225 -0.6858355227020484
    outer loop
      vertex -4.896094439158265 4.7241248518468355 -3.6063526784649644
      vertex -4.979954315712715 4.984193996111644 -3.3238422782415666
      vertex -4.769733496265938 4.8238877123887445 -3.584333414568175
    endloop
  endfacet
  facet normal -0.6578764706197912 0.27596231242684155 -0.7007448547972918
    outer loop
      vertex -5.200625519475039 5.398255646819314 -2.9536079461033853
      vertex -4.769733496265938 4.8238877123887445 -3.584333414568175
      vertex -4.979954315712715 4.984193996111644 -3.3238422782415666
    endloop
  endfacet
  facet normal -0.6734533190190629 0.2562183096595676 -0.6934066663202786
    outer loop
      vertex -5.200625519475039 5.398255646819314 -2.9536079461033853
      vertex -4.682792725268306 4.958805100858061 -3.618919533701421
      vertex -4.769733496265938 4.8238877123887445 -3.584333414568175
    endloop
  endfacet
  facet normal -0.31996255228712267 0.8169253105425573 -0.47985102076462904
    outer loop
      vertex -5.489744100609368 5.1894249362427445 -2.9022757332468645
      vertex -5.794165571441534 5.541030499415133 -2.10069578860354
      vertex -5.34881874625065 5.265475775017805 -2.8667709238716386
    endloop
  endfacet
  facet normal -0.7862111906834954 0.3987181397550681 -0.4721184265354385
    outer loop
      vertex -5.34881874625065 5.265475775017805 -2.8667709238716386
      vertex -5.6847677165387696 5.662311333311013 -1.9721810248291247
      vertex -5.276842507238934 5.42052940900165 -2.8556843582224425
    endloop
  endfacet
  facet normal -0.7862111906834919 0.39871813975507514 -0.47211842653543884
    outer loop
      vertex -5.32218120060147 5.487507862220703 -2.7236172562850722
      vertex -5.276842507238934 5.42052940900165 -2.8556843582224425
      vertex -5.6847677165387696 5.662311333311013 -1.9721810248291247
    endloop
  endfacet
  facet normal -0.7862111906834974 0.3987181397550688 -0.4721184265354348
    outer loop
      vertex -5.34881874625065 5.265475775017805 -2.8667709238716386
      vertex -5.276842507238934 5.42052940900165 -2.8556843582224425
      vertex -5.243220895190372 5.43567686452507 -2.8988814062655295
    endloop
  endfacet
  facet normal -0.3304183767840712 0.810513652797183 -0.48362311246749456
    outer loop
      vertex -5.794165571441534 5.541030499415133 -2.10069578860354
      vertex -5.834251398617198 5.586384820278236 -1.997298351774712
      vertex -5.6847677165387696 5.662311333311013 -1.9721810248291247
    endloop
  endfacet
  facet normal -0.33041837678407476 0.8105136527971833 -0.4836231124674918
    outer loop
      vertex -5.34881874625065 5.265475775017805 -2.8667709238716386
      vertex -5.794165571441534 5.541030499415133 -2.10069578860354
      vertex -5.6847677165387696 5.662311333311013 -1.9721810248291247
    endloop
  endfacet
  facet normal -0.8012058184363804 0.36764929488604203 -0.47212628869136886
    outer loop
      vertex -5.32218120060147 5.487507862220703 -2.7236172562850722
      vertex -5.6847677165387696 5.662311333311013 -1.9721810248291247
      vertex -5.568882436750719 5.872709499710723 -2.0050011055708565
    endloop
  endfacet
  facet normal -0.8001721759265197 0.44123292754370685 -0.4062486831046089
    outer loop
      vertex -5.6847677165387696 5.662311333311013 -1.9721810248291247
      vertex -5.81803789483965 5.758251432067205 -1.6054819427257685
      vertex -5.853278088996446 5.816401595635982 -1.4729129228447957
    endloop
  endfacet
  facet normal -0.3738431271071103 0.854964038284474 -0.3595522348075196
    outer loop
      vertex -5.834251398617198 5.586384820278236 -1.997298351774712
      vertex -5.81803789483965 5.758251432067205 -1.6054819427257685
      vertex -5.6847677165387696 5.662311333311013 -1.9721810248291247
    endloop
  endfacet
  facet normal -0.8309251052331794 0.39683168133070795 -0.38998472557969904
    outer loop
      vertex -5.6847677165387696 5.662311333311013 -1.9721810248291247
      vertex -5.874360685169631 6.107543775842898 -1.1151733672415918
      vertex -5.568882436750719 5.872709499710723 -2.0050011055708565
    endloop
  endfacet
  facet normal -0.8001721759265258 0.44123292754369653 -0.40624868310460766
    outer loop
      vertex -5.6847677165387696 5.662311333311013 -1.9721810248291247
      vertex -5.853278088996446 5.816401595635982 -1.4729129228447957
      vertex -5.874360685169631 6.107543775842898 -1.1151733672415918
    endloop
  endfacet
  facet normal -0.8001721759265233 0.4412329275436992 -0.4062486831046097
    outer loop
      vertex -5.853278088996446 5.816401595635982 -1.4729129228447957
      vertex -5.9139231151498395 5.827278408868045 -1.3416493079735095
      vertex -5.874360685169631 6.107543775842898 -1.1151733672415918
    endloop
  endfacet
  facet normal -0.27878611141123066 0.892254696860002 -0.35518989289599834
    outer loop
      vertex -6.187618094003167 5.851632849372863 -1.0477349204940425
      vertex -6.027121056803134 5.908768670528052 -1.0301799167752983
      vertex -5.988421561256339 5.835271877338841 -1.2451824895727437
    endloop
  endfacet
  facet normal -0.3738431271071191 0.8549640382844698 -0.35955223480752
    outer loop
      vertex -5.9139231151498395 5.827278408868045 -1.3416493079735095
      vertex -5.988421561256339 5.835271877338841 -1.2451824895727437
      vertex -6.027121056803134 5.908768670528052 -1.0301799167752983
    endloop
  endfacet
  facet normal -0.8001721759265248 0.44123292754369814 -0.4062486831046082
    outer loop
      vertex -5.9139231151498395 5.827278408868045 -1.3416493079735095
      vertex -6.027121056803134 5.908768670528052 -1.0301799167752983
      vertex -5.874360685169631 6.107543775842898 -1.1151733672415918
    endloop
  endfacet
  facet normal -0.8001721759265245 0.4412329275436972 -0.4062486831046098
    outer loop
      vertex -6.027121056803134 5.908768670528052 -1.0301799167752983
      vertex -5.898325053121024 6.128355689557712 -1.0453675481855775
      vertex -5.874360685169631 6.107543775842898 -1.1151733672415918
    endloop
  endfacet
  facet normal -0.32601734736201354 0.9416203584646454 -0.08404635473326065
    outer loop
      vertex -6.187618094003167 5.851632849372863 -1.0477349204940425
      vertex -6.189066768988794 5.858132150355314 -0.9693000220645874
      vertex -6.041830027300434 5.996756872872313 0.012659626405356462
    endloop
  endfacet
  facet normal -0.3260173473620957 0.9416203584646181 -0.08404635473324563
    outer loop
      vertex -6.187618094003167 5.851632849372863 -1.0477349204940425
      vertex -6.041830027300434 5.996756872872313 0.012659626405356462
      vertex -6.027121056803134 5.908768670528052 -1.0301799167752983
    endloop
  endfacet
  facet normal -0.8629310264952846 0.5023678580520955 -0.05455803064576246
    outer loop
      vertex -6.027121056803134 5.908768670528052 -1.0301799167752983
      vertex -5.918167820416334 6.10054840690472 -0.9875675416844049
      vertex -5.898325053121024 6.128355689557712 -1.0453675481855775
    endloop
  endfacet
  facet normal -0.8629310264952847 0.5023678580520954 -0.05455803064576244
    outer loop
      vertex -6.027121056803134 5.908768670528052 -1.0301799167752983
      vertex -5.918167820416334 6.115758395558019 -0.8475146598205667
      vertex -5.918167820416334 6.10054840690472 -0.9875675416844049
    endloop
  endfacet
  facet normal -0.3107917330472321 0.9464864857472455 -0.08701626840612799
    outer loop
      vertex -6.189066768988794 5.858132150355314 -0.9693000220645874
      vertex -6.216203352516414 5.939505407922231 0.01272915451440297
      vertex -6.041830027300434 5.996756872872313 0.012659626405356462
    endloop
  endfacet
  facet normal -0.8629310264952841 0.5023678580520964 -0.05455803064576393
    outer loop
      vertex -6.027121056803134 5.908768670528052 -1.0301799167752983
      vertex -6.041830027300434 5.996756872872313 0.012659626405356462
      vertex -5.918167820416334 6.115758395558019 -0.8475146598205667
    endloop
  endfacet
  facet normal -0.888163265092006 0.4549438578899259 -0.06474643395074307
    outer loop
      vertex -5.918167820416334 6.115758395558019 -0.8475146598205667
      vertex -6.041830027300434 5.996756872872313 0.012659626405356462
      vertex -5.918167820416334 6.238283005165917 0.013410261911503078
    endloop
  endfacet
  facet normal -0.3102727453760178 0.9451356004059941 0.10222289529273733
    outer loop
      vertex -6.216203352516414 5.939505407922231 0.01272915451440297
      vertex -6.077381208133847 5.959274580913041 0.251307592373406
      vertex -6.041830027300434 5.996756872872313 0.012659626405356462
    endloop
  endfacet
  facet normal -0.36143395023238806 0.9278588810775888 0.0918879558204269
    outer loop
      vertex -6.041830027300434 5.996756872872313 0.012659626405356462
      vertex -6.077381208133847 5.959274580913041 0.251307592373406
      vertex -6.03603775088263 5.96661112063333 0.3398464597590445
    endloop
  endfacet
  facet normal -0.8879128786463493 0.45439164122386055 0.07168651421180786
    outer loop
      vertex -6.041830027300434 5.996756872872313 0.012659626405356462
      vertex -5.918167820416334 6.107642056663893 0.8414900709740888
      vertex -5.918167820416334 6.238283005165917 0.013410261911503078
    endloop
  endfacet
  facet normal -0.8626234390231244 0.50209025320571 0.0615319436044743
    outer loop
      vertex -6.041830027300434 5.996756872872313 0.012659626405356462
      vertex -6.03603775088263 5.96661112063333 0.3398464597590445
      vertex -5.918167820416334 6.107642056663893 0.8414900709740888
    endloop
  endfacet
  facet normal -0.8626234390231263 0.5020902532057062 0.06153194360447578
    outer loop
      vertex -6.03603775088263 5.96661112063333 0.3398464597590445
      vertex -6.017430481339948 5.9795069580400195 0.4954760728339947
      vertex -5.918167820416334 6.107642056663893 0.8414900709740888
    endloop
  endfacet
  facet normal -0.36143395023238356 0.9278588810775907 0.09188795582042565
    outer loop
      vertex -6.030289716513684 5.93669562498903 0.6645342038388753
      vertex -6.185477887968594 5.837421076291692 1.0565605310531145
      vertex -6.02364404139247 5.902108381353851 1.0399267510115138
    endloop
  endfacet
  facet normal -0.862623439023127 0.5020902532057048 0.061531943604476516
    outer loop
      vertex -6.017430481339948 5.9795069580400195 0.4954760728339947
      vertex -6.030289716513684 5.93669562498903 0.6645342038388753
      vertex -5.918167820416334 6.107642056663893 0.8414900709740888
    endloop
  endfacet
  facet normal -0.8626234390231259 0.5020902532057074 0.06153194360447322
    outer loop
      vertex -6.030289716513684 5.93669562498903 0.6645342038388753
      vertex -6.02364404139247 5.902108381353851 1.0399267510115138
      vertex -5.918167820416334 6.107642056663893 0.8414900709740888
    endloop
  endfacet
  facet normal -0.8626234390231251 0.5020902532057084 0.061531943604474615
    outer loop
      vertex -6.02364404139247 5.902108381353851 1.0399267510115138
      vertex -5.918167820416334 6.089740034801802 0.9875675416844049
      vertex -5.918167820416334 6.107642056663893 0.8414900709740888
    endloop
  endfacet
  facet normal -0.8626234390231245 0.5020902532057089 0.06153194360447742
    outer loop
      vertex -6.02364404139247 5.902108381353851 1.0399267510115138
      vertex -5.894884381719409 6.121430750695223 1.055389881584041
      vertex -5.918167820416334 6.089740034801802 0.9875675416844049
    endloop
  endfacet
  facet normal -0.31802787292156887 0.8838465903402174 0.34303567859474104
    outer loop
      vertex -6.185477887968594 5.837421076291692 1.0565605310531145
      vertex -6.159075806782606 5.819585220631067 1.1269927322477586
      vertex -6.02364404139247 5.902108381353851 1.0399267510115138
    endloop
  endfacet
  facet normal -0.8008571421050572 0.4416521405091969 0.4044393956119568
    outer loop
      vertex -6.02364404139247 5.902108381353851 1.0399267510115138
      vertex -5.870537529831836 6.100635030806013 1.1263098382836996
      vertex -5.894884381719409 6.121430750695223 1.055389881584041
    endloop
  endfacet
  facet normal -0.3180278729215655 0.8838465903402168 0.3430356785947459
    outer loop
      vertex -6.159075806782606 5.819585220631067 1.1269927322477586
      vertex -5.6772899976149525 5.656418962580994 1.9940607239737624
      vertex -6.02364404139247 5.902108381353851 1.0399267510115138
    endloop
  endfacet
  facet normal -0.8008571421050574 0.44165214050919777 0.40443939561195524
    outer loop
      vertex -6.02364404139247 5.902108381353851 1.0399267510115138
      vertex -5.6772899976149525 5.656418962580994 1.9940607239737624
      vertex -5.870537529831836 6.100635030806013 1.1263098382836996
    endloop
  endfacet
  facet normal -0.31588997017715437 0.8849895699310163 0.34206284196736636
    outer loop
      vertex -6.159075806782606 5.819585220631067 1.1269927322477586
      vertex -5.824617895606976 5.592760263962018 2.0227042298098845
      vertex -5.6772899976149525 5.656418962580994 1.9940607239737624
    endloop
  endfacet
  facet normal -0.8313460998082229 0.39735447047122696 0.38855255388452553
    outer loop
      vertex -5.870537529831836 6.100635030806013 1.1263098382836996
      vertex -5.6772899976149525 5.656418962580994 1.9940607239737624
      vertex -5.561401961714774 5.866874982047045 2.026790984939731
    endloop
  endfacet
  facet normal -0.26004991361479124 0.8264961469866423 0.4992776396406853
    outer loop
      vertex -5.824617895606976 5.592760263962018 2.0227042298098845
      vertex -5.640330956260872 5.550909313181876 2.187969896992949
      vertex -5.6772899976149525 5.656418962580994 1.9940607239737624
    endloop
  endfacet
  facet normal -0.39513797744267026 0.7731932871214748 0.49602229741494935
    outer loop
      vertex -5.640330956260872 5.550909313181876 2.187969896992949
      vertex -5.567910680143198 5.52677208272451 2.283285664523386
      vertex -5.6772899976149525 5.656418962580994 1.9940607239737624
    endloop
  endfacet
  facet normal -0.7695683847046612 0.4212842253322044 0.47987925851124585
    outer loop
      vertex -5.6772899976149525 5.656418962580994 1.9940607239737624
      vertex -5.567910680143198 5.52677208272451 2.283285664523386
      vertex -5.276842507238934 5.406460440378374 2.8556843582224425
    endloop
  endfacet
  facet normal -0.7977445300741783 0.36458403583844884 0.48029381169079943
    outer loop
      vertex -5.6772899976149525 5.656418962580994 1.9940607239737624
      vertex -5.333220778629859 5.490538825293665 2.6914600640792297
      vertex -5.561401961714774 5.866874982047045 2.026790984939731
    endloop
  endfacet
  facet normal -0.39513797744268303 0.7731932871214674 0.49602229741495074
    outer loop
      vertex -5.482877666628888 5.173013905304576 2.9024578723493453
      vertex -5.343747870424098 5.2610727756553395 2.8760254695709517
      vertex -5.47429099765777 5.415805036961724 2.530838380402374
    endloop
  endfacet
  facet normal -0.7695683847046555 0.4212842253322151 0.47987925851124563
    outer loop
      vertex -5.50637797168003 5.494639959930344 2.410172547917817
      vertex -5.47429099765777 5.415805036961724 2.530838380402374
      vertex -5.276842507238934 5.406460440378374 2.8556843582224425
    endloop
  endfacet
  facet normal -0.7695683847046579 0.4212842253322089 0.47987925851124696
    outer loop
      vertex -5.343747870424098 5.2610727756553395 2.8760254695709517
      vertex -5.276842507238934 5.406460440378374 2.8556843582224425
      vertex -5.47429099765777 5.415805036961724 2.530838380402374
    endloop
  endfacet
  facet normal -0.7695683847046413 0.42128422533224275 0.479879258511244
    outer loop
      vertex -5.567910680143198 5.52677208272451 2.283285664523386
      vertex -5.50637797168003 5.494639959930344 2.410172547917817
      vertex -5.276842507238934 5.406460440378374 2.8556843582224425
    endloop
  endfacet
  facet normal -0.7695683847046515 0.42128422533222104 0.4798792585112464
    outer loop
      vertex -5.6772899976149525 5.656418962580994 1.9940607239737624
      vertex -5.276842507238934 5.406460440378374 2.8556843582224425
      vertex -5.333220778629859 5.490538825293665 2.6914600640792297
    endloop
  endfacet
  facet normal -0.7695683847046584 0.421284225332209 0.4798792585112462
    outer loop
      vertex -5.343747870424098 5.2610727756553395 2.8760254695709517
      vertex -5.237645506059718 5.420697635106473 2.906044666367034
      vertex -5.276842507238934 5.406460440378374 2.8556843582224425
    endloop
  endfacet
  facet normal -0.27835937205749595 0.6876597920893726 0.6705520638484064
    outer loop
      vertex -5.404768530903415 5.11060661549359 2.997979340432025
      vertex -4.903581611681144 4.698703757474806 3.6284435990879085
      vertex -4.767237028871562 4.791225352605714 3.590160832094614
    endloop
  endfacet
  facet normal -0.29550199103883923 0.6710034511811949 0.6800242214767117
    outer loop
      vertex -5.482877666628888 5.173013905304576 2.9024578723493453
      vertex -5.404768530903415 5.11060661549359 2.997979340432025
      vertex -5.343747870424098 5.2610727756553395 2.8760254695709517
    endloop
  endfacet
  facet normal -0.6408395158838833 0.292484357629065 0.7097729322987905
    outer loop
      vertex -5.343747870424098 5.2610727756553395 2.8760254695709517
      vertex -5.165781439680726 5.354093462233064 2.9983756207383223
      vertex -5.237645506059718 5.420697635106473 2.906044666367034
    endloop
  endfacet
  facet normal -0.2955019910388417 0.6710034511811949 0.6800242214767104
    outer loop
      vertex -5.404768530903415 5.11060661549359 2.997979340432025
      vertex -4.767237028871562 4.791225352605714 3.590160832094614
      vertex -5.343747870424098 5.2610727756553395 2.8760254695709517
    endloop
  endfacet
  facet normal -0.6408395158838834 0.2924843576290662 0.7097729322987898
    outer loop
      vertex -5.343747870424098 5.2610727756553395 2.8760254695709517
      vertex -4.767237028871562 4.791225352605714 3.590160832094614
      vertex -5.165781439680726 5.354093462233064 2.9983756207383223
    endloop
  endfacet
  facet normal -0.6698890414223206 0.2577394119220038 0.6962894999383402
    outer loop
      vertex -5.165781439680726 5.354093462233064 2.9983756207383223
      vertex -4.767237028871562 4.791225352605714 3.590160832094614
      vertex -4.679703641574059 4.930318565976247 3.622888388512926
    endloop
  endfacet
  facet normal -0.21625166842889423 0.6279998540826102 0.7475636422231489
    outer loop
      vertex -4.903581611681144 4.698703757474806 3.6284435990879085
      vertex -4.664603223341869 4.598594645541588 3.7816720018799
      vertex -4.767237028871562 4.791225352605714 3.590160832094614
    endloop
  endfacet
  facet normal -0.6568773986833384 0.24565248792932556 0.7128582876512998
    outer loop
      vertex -4.767237028871562 4.791225352605714 3.590160832094614
      vertex -4.6670640728050685 4.91699207536995 3.6391277067993113
      vertex -4.679703641574059 4.930318565976247 3.622888388512926
    endloop
  endfacet
  facet normal 0.4357966744352496 0.8353551796029457 0.3350566854454741
    outer loop
      vertex -4.48345683064492 4.173903093110947 4.250831682254779
      vertex -4.477300085621026 4.166755786130223 4.260643308294802
      vertex -4.473165234635271 4.166097181584752 4.256907267066901
    endloop
  endfacet
  facet normal -0.5219908103133193 0.5270576836902733 -0.6706234353282684
    outer loop
      vertex -4.463486558682532 4.170913254225501 4.253158767267482
      vertex -4.477300085621026 4.166755786130223 4.260643308294802
      vertex -4.468459833815972 4.1722408438429825 4.258073179815388
    endloop
  endfacet
  facet normal -0.5219908103133205 0.5270576836902593 -0.6706234353282785
    outer loop
      vertex -4.473165234635271 4.166097181584752 4.256907267066901
      vertex -4.477300085621026 4.166755786130223 4.260643308294802
      vertex -4.463486558682532 4.170913254225501 4.253158767267482
    endloop
  endfacet
  facet normal -0.42520089939890815 0.5140661740317235 0.7449430608219297
    outer loop
      vertex -4.767237028871562 4.791225352605714 3.590160832094614
      vertex -4.664603223341869 4.598594645541588 3.7816720018799
      vertex -4.401386165958319 4.419852485947074 4.055257243995816
    endloop
  endfacet
  facet normal -0.6568773986833464 0.24565248792932634 0.712858287651292
    outer loop
      vertex -4.767237028871562 4.791225352605714 3.590160832094614
      vertex -4.401386165958319 4.419852485947074 4.055257243995816
      vertex -4.326604496522628 4.371250999056489 4.140914471691148
    endloop
  endfacet
  facet normal -0.666971880961843 0.23424681568830533 0.7073025797677471
    outer loop
      vertex -4.6670640728050685 4.91699207536995 3.6391277067993113
      vertex -4.326604496522628 4.371250999056489 4.140914471691148
      vertex -4.294692414205666 4.430935649382079 4.151240352711563
    endloop
  endfacet
  facet normal -0.6669718809618266 0.23424681568832673 0.7073025797677555
    outer loop
      vertex -4.6670640728050685 4.91699207536995 3.6391277067993113
      vertex -4.294692414205666 4.430935649382079 4.151240352711563
      vertex -4.348166017947361 4.52664593243953 4.069118187791261
    endloop
  endfacet
  facet normal -0.6669718809618365 0.23424681568831368 0.7073025797677505
    outer loop
      vertex -4.6670640728050685 4.91699207536995 3.6391277067993113
      vertex -4.348166017947361 4.52664593243953 4.069118187791261
      vertex -4.318982331191499 4.5577304405247085 4.086343137567025
    endloop
  endfacet
  facet normal -0.6568773986833436 0.2456524879293326 0.7128582876512924
    outer loop
      vertex -4.767237028871562 4.791225352605714 3.590160832094614
      vertex -4.326604496522628 4.371250999056489 4.140914471691148
      vertex -4.6670640728050685 4.91699207536995 3.6391277067993113
    endloop
  endfacet
  facet normal -0.4252008993989099 0.5140661740317284 0.7449430608219254
    outer loop
      vertex -4.380280118260908 4.330311124779835 4.129094424727242
      vertex -4.336431552166218 4.3539174737002995 4.137832306332894
      vertex -4.392773547530693 4.411109872168784 4.066206235330333
    endloop
  endfacet
  facet normal -0.6568773986835156 0.24565248792899588 0.7128582876512499
    outer loop
      vertex -4.401386165958319 4.419852485947074 4.055257243995816
      vertex -4.394295575579409 4.41434346403879 4.0636894297544455
      vertex -4.326604496522628 4.371250999056489 4.140914471691148
    endloop
  endfacet
  facet normal -0.6568773986833605 0.24565248792930455 0.7128582876512866
    outer loop
      vertex -4.392773547530693 4.411109872168784 4.066206235330333
      vertex -4.326604496522628 4.371250999056489 4.140914471691148
      vertex -4.394295575579409 4.41434346403879 4.0636894297544455
    endloop
  endfacet
  facet normal -0.6568773986833382 0.24565248792935018 0.7128582876512912
    outer loop
      vertex -4.392773547530693 4.411109872168784 4.066206235330333
      vertex -4.336431552166218 4.3539174737002995 4.137832306332894
      vertex -4.326604496522628 4.371250999056489 4.140914471691148
    endloop
  endfacet
  facet normal -0.6669718809618217 0.2342468156883382 0.7073025797677562
    outer loop
      vertex -4.268975801641148 4.481007128075242 4.158907754426999
      vertex -4.254392427698317 4.491066000683971 4.169328247271562
      vertex -4.3130879650455896 4.5516467556748825 4.093916219346108
    endloop
  endfacet
  facet normal -0.6669718809618589 0.23424681568829572 0.7073025797677353
    outer loop
      vertex -4.2639443079092025 4.463686472359724 4.169388662453478
      vertex -4.268975801641148 4.481007128075242 4.158907754426999
      vertex -4.3130879650455896 4.5516467556748825 4.093916219346108
    endloop
  endfacet
  facet normal -0.34368676539288706 -0.7374935515551911 0.5813627685948637
    outer loop
      vertex -5.176715705005426 -3.26704270953754 4.956669450805607
      vertex -5.314570900489411 -2.9063491386189737 5.332734428168683
      vertex -5.459998907697545 -2.9254271558062173 5.222559508983956
    endloop
  endfacet
  facet normal -0.5969650594043623 -0.7317969769320214 0.3287946203992709
    outer loop
      vertex -5.314570900489411 -2.9063491386189737 5.332734428168683
      vertex -4.996299613867161 -3.216125874995142 5.221124202812104
      vertex -5.223163601591956 -2.9246510176075913 5.457960637314885
    endloop
  endfacet
  facet normal -0.24359825068854657 -0.704800353362416 0.6662704812324298
    outer loop
      vertex -5.176715705005426 -3.26704270953754 4.956669450805607
      vertex -4.482769047557062 -4.174802790551451 4.250131419628603
      vertex -4.476313410339098 -4.167369780154429 4.260354550443499
    endloop
  endfacet
  facet normal -0.24359825068852337 -0.7048003533624102 0.6662704812324445
    outer loop
      vertex -5.176715705005426 -3.26704270953754 4.956669450805607
      vertex -4.476313410339098 -4.167369780154429 4.260354550443499
      vertex -4.468461293372779 -4.172241655973723 4.258071787084441
    endloop
  endfacet
  facet normal -0.2435982506885504 -0.7048003533624186 0.6662704812324254
    outer loop
      vertex -5.176715705005426 -3.26704270953754 4.956669450805607
      vertex -4.468461293372779 -4.172241655973723 4.258071787084441
      vertex -4.430935649382079 -4.15136153065279 4.293879318122603
    endloop
  endfacet
  facet normal -0.2435982506885491 -0.7048003533624183 0.6662704812324265
    outer loop
      vertex -5.176715705005426 -3.26704270953754 4.956669450805607
      vertex -4.430935649382079 -4.15136153065279 4.293879318122603
      vertex -4.341115840381114 -4.161442794988945 4.316054500874244
    endloop
  endfacet
  facet normal -0.648480940824097 -0.7119707732471735 0.26938835800701477
    outer loop
      vertex -4.329644796211752 -4.161442794988945 4.327525545043607
      vertex -4.298513239215475 -4.150670924672089 4.430935649382079
      vertex -4.996299613867161 -3.216125874995142 5.221124202812104
    endloop
  endfacet
  facet normal -0.6484809408240759 -0.7119707732471819 0.2693883580070433
    outer loop
      vertex -4.298513239215475 -4.150670924672089 4.430935649382079
      vertex -4.2687997660405514 -4.158861790695386 4.480815176184431
      vertex -4.996299613867161 -3.216125874995142 5.221124202812104
    endloop
  endfacet
  facet normal -0.6484809408241056 -0.7119707732471712 0.26938835800700056
    outer loop
      vertex -4.2687997660405514 -4.158861790695386 4.480815176184431
      vertex -4.255580881653927 -4.167801321598179 4.489009702000939
      vertex -4.996299613867161 -3.216125874995142 5.221124202812104
    endloop
  endfacet
  facet normal -0.6484809408240761 -0.7119707732471818 0.26938835800704347
    outer loop
      vertex -4.298513239215475 -4.150670924672089 4.430935649382079
      vertex -4.264179278285022 -4.169456907278079 4.463935771547603
      vertex -4.2687997660405514 -4.158861790695386 4.480815176184431
    endloop
  endfacet
  facet normal -0.34368676539289 -0.7374935515551908 0.5813627685948625
    outer loop
      vertex -5.176715705005426 -3.26704270953754 4.956669450805607
      vertex -4.341115840381114 -4.161442794988945 4.316054500874244
      vertex -5.314570900489411 -2.9063491386189737 5.332734428168683
    endloop
  endfacet
  facet normal -0.5969650594043638 -0.7317969769320217 0.3287946203992678
    outer loop
      vertex -5.314570900489411 -2.9063491386189737 5.332734428168683
      vertex -4.329644796211752 -4.161442794988945 4.327525545043607
      vertex -4.996299613867161 -3.216125874995142 5.221124202812104
    endloop
  endfacet
  facet normal -0.34368676539299625 -0.7374935515552034 0.5813627685947838
    outer loop
      vertex -5.314570900489411 -2.9063491386189737 5.332734428168683
      vertex -4.341115840381114 -4.161442794988945 4.316054500874244
      vertex -4.332998068516779 -4.162052705786893 4.320079811059479
    endloop
  endfacet
  facet normal -0.5969650594043063 -0.7317969769320366 0.32879462039933904
    outer loop
      vertex -5.314570900489411 -2.9063491386189737 5.332734428168683
      vertex -4.332998068516779 -4.162052705786893 4.320079811059479
      vertex -4.329644796211752 -4.161442794988945 4.327525545043607
    endloop
  endfacet
  facet normal -0.5017596411191665 -0.4480887678467981 0.7399011546642589
    outer loop
      vertex -5.459998907697545 -2.9254271558062173 5.222559508983956
      vertex -5.314570900489411 -2.9063491386189737 5.332734428168683
      vertex -5.442235245334998 -2.8556843582224425 5.276842507238934
    endloop
  endfacet
  facet normal -0.5017596411191668 -0.44808876784680207 0.7399011546642562
    outer loop
      vertex -5.442235245334998 -2.8556843582224425 5.276842507238934
      vertex -5.314570900489411 -2.9063491386189737 5.332734428168683
      vertex -5.636025436439738 -2.354674949468185 5.448839254513869
    endloop
  endfacet
  facet normal -0.7541288475029729 -0.4418080800251513 0.48589638997252
    outer loop
      vertex -5.314570900489411 -2.9063491386189737 5.332734428168683
      vertex -5.223163601591956 -2.9246510176075913 5.457960637314885
      vertex -5.276842507238934 -2.8556843582224425 5.437357924290734
    endloop
  endfacet
  facet normal -0.501759641119167 -0.44808876784680207 0.7399011546642562
    outer loop
      vertex -5.314570900489411 -2.9063491386189737 5.332734428168683
      vertex -5.971589928881927 -1.0155235100004 6.032276645373393
      vertex -5.636025436439738 -2.354674949468185 5.448839254513869
    endloop
  endfacet
  facet normal -0.42893947710959884 -0.44898876790338427 0.7838494825370143
    outer loop
      vertex -5.636025436439738 -2.354674949468185 5.448839254513869
      vertex -5.971589928881927 -1.0155235100004 6.032276645373393
      vertex -6.191297554639254 -1.0306753298615325 5.903368898042563
    endloop
  endfacet
  facet normal -0.8387824797406795 -0.4322858768715301 0.33101793355872516
    outer loop
      vertex -5.5519838859125334 -2.054224902522722 5.7390667156433155
      vertex -5.903669996483616 -1.029798260066212 6.18574046506865
      vertex -5.971589928881927 -1.0155235100004 6.032276645373393
    endloop
  endfacet
  facet normal -0.7541288475029762 -0.4418080800251471 0.48589638997251905
    outer loop
      vertex -5.314570900489411 -2.9063491386189737 5.332734428168683
      vertex -5.276842507238934 -2.8556843582224425 5.437357924290734
      vertex -5.971589928881927 -1.0155235100004 6.032276645373393
    endloop
  endfacet
  facet normal -0.7541288475029758 -0.4418080800251468 0.4858963899725197
    outer loop
      vertex -5.276842507238934 -2.8556843582224425 5.437357924290734
      vertex -5.5519838859125334 -2.054224902522722 5.7390667156433155
      vertex -5.971589928881927 -1.0155235100004 6.032276645373393
    endloop
  endfacet
  facet normal -0.5060514294793405 -4.201294080656939e-15 0.862503304759997
    outer loop
      vertex -6.191297554639254 -1.0306753298615325 5.903368898042563
      vertex -5.971589928881927 -1.0155235100004 6.032276645373393
      vertex -6.166074585765524 -0.9875675416844049 5.918167820416334
    endloop
  endfacet
  facet normal -0.9144433838239235 6.7340177742184646e-15 0.4047138467864083
    outer loop
      vertex -5.971589928881927 -1.0155235100004 6.032276645373393
      vertex -5.903669996483616 -1.029798260066212 6.18574046506865
      vertex -5.918167820416334 -0.9875675416844049 6.15298290245895
    endloop
  endfacet
  facet normal -0.50605142947934 0 0.8625033047599973
    outer loop
      vertex -6.166074585765524 -0.9875675416844049 5.918167820416334
      vertex -5.971589928881927 -1.0155235100004 6.032276645373393
      vertex -6.166074585765524 0.9875675416844049 5.918167820416334
    endloop
  endfacet
  facet normal -0.914443383823923 0 0.4047138467864096
    outer loop
      vertex -5.971589928881927 -1.0155235100004 6.032276645373393
      vertex -5.918167820416334 -0.9875675416844049 6.15298290245895
      vertex -5.971589928881927 1.0155235100004 6.032276645373393
    endloop
  endfacet
  facet normal -0.50605142947934 0 0.8625033047599971
    outer loop
      vertex -5.971589928881927 -1.0155235100004 6.032276645373393
      vertex -5.971589928881927 1.0155235100004 6.032276645373393
      vertex -6.166074585765524 0.9875675416844049 5.918167820416334
    endloop
  endfacet
  facet normal -0.914443383823923 0 0.40471384678640965
    outer loop
      vertex -5.918167820416334 -0.9875675416844049 6.15298290245895
      vertex -5.918167820416334 0.9875675416844049 6.15298290245895
      vertex -5.971589928881927 1.0155235100004 6.032276645373393
    endloop
  endfacet
  facet normal -0.5060514294793405 4.19573383118253e-15 0.8625033047599968
    outer loop
      vertex -6.191297554639254 1.0306753298615328 5.903368898042563
      vertex -6.166074585765524 0.9875675416844049 5.918167820416334
      vertex -5.971589928881927 1.0155235100004 6.032276645373393
    endloop
  endfacet
  facet normal -0.9144433838239235 -6.884227148725815e-15 0.4047138467864083
    outer loop
      vertex -5.971589928881927 1.0155235100004 6.032276645373393
      vertex -5.918167820416334 0.9875675416844049 6.15298290245895
      vertex -5.903669996483616 1.0297982600662117 6.18574046506865
    endloop
  endfacet
  facet normal -0.4289394771095981 0.4489887679033847 0.7838494825370143
    outer loop
      vertex -6.191297554639254 1.0306753298615328 5.903368898042563
      vertex -5.971589928881927 1.0155235100004 6.032276645373393
      vertex -5.6360254364397395 2.354674949468177 5.448839254513872
    endloop
  endfacet
  facet normal -0.8387824797406793 0.43228587687153025 0.3310179335587257
    outer loop
      vertex -5.971589928881927 1.0155235100004 6.032276645373393
      vertex -5.903669996483616 1.0297982600662117 6.18574046506865
      vertex -5.551983885912536 2.0542249025227157 5.739066715643316
    endloop
  endfacet
  facet normal -0.5017596411191675 0.4480887678468028 0.7399011546642554
    outer loop
      vertex -5.971589928881927 1.0155235100004 6.032276645373393
      vertex -5.442235245334996 2.8556843582224425 5.276842507238934
      vertex -5.6360254364397395 2.354674949468177 5.448839254513872
    endloop
  endfacet
  facet normal -0.5017596411191682 0.4480887678468023 0.7399011546642553
    outer loop
      vertex -5.971589928881927 1.0155235100004 6.032276645373393
      vertex -5.314570900489411 2.9063491386189737 5.332734428168682
      vertex -5.442235245334996 2.8556843582224425 5.276842507238934
    endloop
  endfacet
  facet normal -0.7541288475029756 0.4418080800251473 0.4858963899725196
    outer loop
      vertex -5.971589928881927 1.0155235100004 6.032276645373393
      vertex -5.551983885912536 2.0542249025227157 5.739066715643316
      vertex -5.314570900489411 2.9063491386189737 5.332734428168682
    endloop
  endfacet
  facet normal -0.7541288475029789 0.44180808002514627 0.48589638997251544
    outer loop
      vertex -5.551983885912536 2.0542249025227157 5.739066715643316
      vertex -5.276842507238934 2.8556843582224425 5.437357924290734
      vertex -5.314570900489411 2.9063491386189737 5.332734428168682
    endloop
  endfacet
  facet normal -0.5017596411191682 0.44808876784680157 0.7399011546642557
    outer loop
      vertex -5.442235245334996 2.8556843582224425 5.276842507238934
      vertex -5.314570900489411 2.9063491386189737 5.332734428168682
      vertex -5.459998907697543 2.9254271558062173 5.222559508983956
    endloop
  endfacet
  facet normal -0.7541288475029768 0.44180808002514915 0.48589638997251616
    outer loop
      vertex -5.314570900489411 2.9063491386189737 5.332734428168682
      vertex -5.276842507238934 2.8556843582224425 5.437357924290734
      vertex -5.223163601591956 2.9246510176075913 5.457960637314886
    endloop
  endfacet
  facet normal -0.3436867653928892 0.7374935515551907 0.5813627685948632
    outer loop
      vertex -5.176715705005413 3.267042709537554 4.956669450805596
      vertex -5.459998907697543 2.9254271558062173 5.222559508983956
      vertex -5.314570900489411 2.9063491386189737 5.332734428168682
    endloop
  endfacet
  facet normal -0.5969650594043642 0.7317969769320215 0.3287946203992675
    outer loop
      vertex -5.314570900489411 2.9063491386189737 5.332734428168682
      vertex -5.223163601591956 2.9246510176075913 5.457960637314886
      vertex -4.996299613867151 3.2161258749951553 5.221124202812091
    endloop
  endfacet
  facet normal -0.5969650594043638 0.7317969769320216 0.3287946203992682
    outer loop
      vertex -5.314570900489411 2.9063491386189737 5.332734428168682
      vertex -4.996299613867151 3.2161258749951553 5.221124202812091
      vertex -4.329644796211752 4.161442794988946 4.327525545043606
    endloop
  endfacet
  facet normal -0.3436867653928904 0.7374935515551906 0.5813627685948626
    outer loop
      vertex -5.176715705005413 3.267042709537554 4.956669450805596
      vertex -5.314570900489411 2.9063491386189737 5.332734428168682
      vertex -4.341115840381113 4.161442794988946 4.316054500874244
    endloop
  endfacet
  facet normal -0.34368676539287274 0.7374935515551906 0.581362768594873
    outer loop
      vertex -5.314570900489411 2.9063491386189737 5.332734428168682
      vertex -4.332998068516777 4.162052705786894 4.320079811059477
      vertex -4.341115840381113 4.161442794988946 4.316054500874244
    endloop
  endfacet
  facet normal -0.596965059404418 0.731796976932007 0.32879462039920193
    outer loop
      vertex -5.314570900489411 2.9063491386189737 5.332734428168682
      vertex -4.329644796211752 4.161442794988946 4.327525545043606
      vertex -4.332998068516777 4.162052705786894 4.320079811059477
    endloop
  endfacet
  facet normal -0.24359825068855165 0.7048003533624243 0.6662704812324192
    outer loop
      vertex -4.477300085621026 4.166755786130223 4.260643308294802
      vertex -4.430935649382079 4.15136153065279 4.293879318122604
      vertex -4.468459833815972 4.1722408438429825 4.258073179815388
    endloop
  endfacet
  facet normal -0.2435982506885555 0.7048003533624196 0.6662704812324225
    outer loop
      vertex -5.176715705005413 3.267042709537554 4.956669450805596
      vertex -4.430935649382079 4.15136153065279 4.293879318122604
      vertex -4.477300085621026 4.166755786130223 4.260643308294802
    endloop
  endfacet
  facet normal -0.24359825068851929 0.7048003533624082 0.6662704812324481
    outer loop
      vertex -5.176715705005413 3.267042709537554 4.956669450805596
      vertex -4.477300085621026 4.166755786130223 4.260643308294802
      vertex -4.48345683064492 4.173903093110947 4.250831682254779
    endloop
  endfacet
  facet normal -0.24359825068854765 0.7048003533624169 0.6662704812324283
    outer loop
      vertex -5.176715705005413 3.267042709537554 4.956669450805596
      vertex -4.341115840381113 4.161442794988946 4.316054500874244
      vertex -4.430935649382079 4.15136153065279 4.293879318122604
    endloop
  endfacet
  facet normal -0.6484809408240872 0.7119707732471778 0.26938835800702715
    outer loop
      vertex -4.329644796211752 4.161442794988946 4.327525545043606
      vertex -4.996299613867151 3.2161258749951553 5.221124202812091
      vertex -4.298513239215473 4.150670924672089 4.430935649382079
    endloop
  endfacet
  facet normal -0.6484809408240928 0.7119707732471757 0.2693883580070199
    outer loop
      vertex -4.298513239215473 4.150670924672089 4.430935649382079
      vertex -4.996299613867151 3.2161258749951553 5.221124202812091
      vertex -4.2641529120560975 4.169471333679943 4.463961113475886
    endloop
  endfacet
  facet normal -0.6484809408240906 0.7119707732471765 0.26938835800702315
    outer loop
      vertex -4.2641529120560975 4.169471333679943 4.463961113475886
      vertex -4.996299613867151 3.2161258749951553 5.221124202812091
      vertex -4.268890760106723 4.1586043651813265 4.4812764861147425
    endloop
  endfacet
  facet normal -0.6484809408241119 0.7119707732471687 0.2693883580069922
    outer loop
      vertex -4.268890760106723 4.1586043651813265 4.4812764861147425
      vertex -4.996299613867151 3.2161258749951553 5.221124202812091
      vertex -4.255873185233997 4.167425769950828 4.489298610165809
    endloop
  endfacet
  facet normal -0.7166373715591966 -0.2526501834976894 0.6500759666864404
    outer loop
      vertex -3.1363558228083197 -5.265709371644337 5.0202007474513675
      vertex -3.1051266851450032 -5.1222151759092975 5.110396055414032
      vertex -3.439619751454894 -4.915306797511479 4.822068534199753
    endloop
  endfacet
  facet normal 0.6910277768005548 -0.5103390943154023 0.5118931729408173
    outer loop
      vertex -4.269756129872181 -4.482226913764859 4.15882502481293
      vertex -4.263757864325786 -4.47563907391235 4.1572955340466
      vertex -4.264878577177726 -4.464731927909137 4.169682467607221
    endloop
  endfacet
  facet normal -0.28806166040773146 0.45758480410532604 0.8412114043776577
    outer loop
      vertex -4.269756129872181 -4.482226913764859 4.15882502481293
      vertex -4.254551275402516 -4.491588706573884 4.169124159737035
      vertex -4.263757864325786 -4.47563907391235 4.1572955340466
    endloop
  endfacet
  facet normal 0.6910277768005598 -0.5103390943153983 0.5118931729408143
    outer loop
      vertex -4.263757864325786 -4.47563907391235 4.1572955340466
      vertex -4.258020275618598 -4.460475954580718 4.164667188168297
      vertex -4.264878577177726 -4.464731927909137 4.169682467607221
    endloop
  endfacet
  facet normal 0.6905286329932194 -0.5123099912992654 0.5105963962186401
    outer loop
      vertex -4.2687997660405514 -4.158861790695386 4.480815176184431
      vertex -4.256115234264802 -4.167114785349692 4.455379971190845
      vertex -4.2635962811790815 -4.157503136077731 4.475141217311441
    endloop
  endfacet
  facet normal 0.6905286329932774 -0.5123099912991844 0.5105963962186428
    outer loop
      vertex -4.264179278285022 -4.169456907278079 4.463935771547603
      vertex -4.256115234264802 -4.167114785349692 4.455379971190845
      vertex -4.2687997660405514 -4.158861790695386 4.480815176184431
    endloop
  endfacet
  facet normal -0.2830349020766589 -0.8410724057813216 -0.4609646976067429
    outer loop
      vertex -4.2687997660405514 -4.158861790695386 4.480815176184431
      vertex -4.2635962811790815 -4.157503136077731 4.475141217311441
      vertex -4.255580881653927 -4.167801321598179 4.489009702000939
    endloop
  endfacet
  facet normal -0.7260985149789799 -0.4529733000036961 0.517296951497959
    outer loop
      vertex -3.1051266851450032 -5.1222151759092975 5.110396055414032
      vertex -3.8792966535032356 -4.534813277344016 4.538101385810029
      vertex -3.8977470385989568 -4.522759039140764 4.522759039140764
    endloop
  endfacet
  facet normal -0.7260985149789829 -0.45297330000378005 0.5172969514978811
    outer loop
      vertex -3.1051266851450032 -5.1222151759092975 5.110396055414032
      vertex -3.8977470385989568 -4.522759039140764 4.522759039140764
      vertex -3.439619751454894 -4.915306797511479 4.822068534199753
    endloop
  endfacet
  facet normal -0.7265992747922904 -0.5190721114479802 0.4501306887874381
    outer loop
      vertex -3.1051266851450032 -5.1222151759092975 5.110396055414032
      vertex -3.4773997343309477 -4.797385639477498 4.8840542912002824
      vertex -3.8792966535032356 -4.534813277344016 4.538101385810029
    endloop
  endfacet
  facet normal -0.7211487301394859 -0.6374701388566514 0.27124957342692474
    outer loop
      vertex -3.136759735799933 -5.019936857923369 5.266662621008072
      vertex -3.4773997343309477 -4.797385639477498 4.8840542912002824
      vertex -3.1051266851450032 -5.1222151759092975 5.110396055414032
    endloop
  endfacet
  facet normal -0.5146953825025112 -0.37317386667248736 0.7719002062853062
    outer loop
      vertex -3.1363558228083197 -5.265709371644337 5.0202007474513675
      vertex -2.7766598085901473 -5.27572200510728 5.255201882313952
      vertex -3.1051266851450032 -5.1222151759092975 5.110396055414032
    endloop
  endfacet
  facet normal -0.5252118267885414 -0.7568360506207761 0.38903949604402494
    outer loop
      vertex -3.136759735799933 -5.019936857923369 5.266662621008072
      vertex -3.1051266851450032 -5.1222151759092975 5.110396055414032
      vertex -2.7766598085901473 -5.27572200510728 5.255201882313952
    endloop
  endfacet
  facet normal -0.5252118267885392 -0.7568360506207733 0.3890394960440337
    outer loop
      vertex -3.136759735799933 -5.019936857923369 5.266662621008072
      vertex -2.7766598085901473 -5.27572200510728 5.255201882313952
      vertex -2.7071496957429564 -5.300615105585335 5.300615105585334
    endloop
  endfacet
  facet normal -0.5252118267885403 -0.7568360506207813 0.389039496044017
    outer loop
      vertex -1.9951255054369799 -5.640966909083043 5.599744145466159
      vertex -1.6863809414351225 -5.785256645537256 5.735855318562415
      vertex -2.070647809769798 -5.5806193006311196 5.615187405814625
    endloop
  endfacet
  facet normal -0.525211826788539 -0.7568360506207804 0.3890394960440202
    outer loop
      vertex -1.9951255054369799 -5.640966909083043 5.599744145466159
      vertex -2.070647809769798 -5.5806193006311196 5.615187405814625
      vertex -2.127865923150736 -5.566129706466436 5.566129706466435
    endloop
  endfacet
  facet normal -0.5003394720261022 -0.25034854873509577 0.8288461961539502
    outer loop
      vertex -1.9225208088677055 -5.703075063374249 5.61813015167253
      vertex -1.714328968994996 -5.944613184446622 5.670851485703081
      vertex -1.6863809414351225 -5.785256645537256 5.735855318562415
    endloop
  endfacet
  facet normal -0.5146953825025119 -0.3731738666724888 0.7719002062853051
    outer loop
      vertex -1.9951255054369799 -5.640966909083043 5.599744145466159
      vertex -1.9225208088677055 -5.703075063374249 5.61813015167253
      vertex -1.6863809414351225 -5.785256645537256 5.735855318562415
    endloop
  endfacet
  facet normal -0.5235468927301984 -0.7769728949063447 0.3495880027881512
    outer loop
      vertex -2.070647809769798 -5.5806193006311196 5.615187405814625
      vertex -1.6863809414351225 -5.785256645537256 5.735855318562415
      vertex -1.7151301825358864 -5.6706485908790345 5.947520980915158
    endloop
  endfacet
  facet normal -0.20247431013040676 -0.33922359267755825 0.918657448621708
    outer loop
      vertex -1.714328968994996 -5.944613184446622 5.670851485703081
      vertex -1.0767573888094129 -5.887924851679104 5.832306537293486
      vertex -1.6863809414351225 -5.785256645537256 5.735855318562415
    endloop
  endfacet
  facet normal -0.2162759671152471 -0.8705552034625487 0.44199360150645284
    outer loop
      vertex -1.6863809414351225 -5.785256645537256 5.735855318562415
      vertex -1.0143517589526911 -5.848109789039928 5.940895911756397
      vertex -1.7151301825358864 -5.6706485908790345 5.947520980915158
    endloop
  endfacet
  facet normal -0.21662907375925802 -0.8697535544698751 0.4433966608909275
    outer loop
      vertex -1.6863809414351225 -5.785256645537256 5.735855318562415
      vertex -1.0767573888094129 -5.887924851679104 5.832306537293486
      vertex -1.0143517589526911 -5.848109789039928 5.940895911756397
    endloop
  endfacet
  facet normal -0.21662907375925883 -0.8697535544698747 0.4433966608909277
    outer loop
      vertex -1.0767573888094129 -5.887924851679104 5.832306537293486
      vertex -0.6593989924860156 -5.937996037114775 5.937996037114775
      vertex -1.0143517589526911 -5.848109789039928 5.940895911756397
    endloop
  endfacet
  facet normal -0.21662907375925863 -0.8697535544698728 0.4433966608909314
    outer loop
      vertex -0.43709475520198926 -5.974669344138043 5.974669344138043
      vertex -0.26636500731870355 -6.024405031488946 5.96052227388781
      vertex -0.03238993691773812 -5.941134546799802 6.2381757018075445
    endloop
  endfacet
  facet normal -0.2024743101304053 -0.339223592677557 0.9186574486217086
    outer loop
      vertex -0.26636500731870355 -6.024405031488946 5.96052227388781
      vertex -0.2340174598223157 -6.050971318916983 5.957841879682771
      vertex -0.03013283054957875 -6.064189475048267 5.9978976037200304
    endloop
  endfacet
  facet normal -0.202591867042294 -0.3034178980026723 0.9310714873627897
    outer loop
      vertex -0.2340174598223157 -6.050971318916983 5.957841879682771
      vertex -0.03236512262370178 -6.236889023763257 5.941132490628775
      vertex -0.03013283054957875 -6.064189475048267 5.9978976037200304
    endloop
  endfacet
  facet normal -0.21662907375925872 -0.8697535544698728 0.44339666089093144
    outer loop
      vertex -0.26636500731870355 -6.024405031488946 5.96052227388781
      vertex -0.03013283054957875 -6.064189475048267 5.9978976037200304
      vertex -0.03238993691773812 -5.941134546799802 6.2381757018075445
    endloop
  endfacet
  facet normal 0.16507923268111788 -0.30989844036645187 0.9363288971274218
    outer loop
      vertex -0.03236512262370178 -6.236889023763257 5.941132490628775
      vertex 0.6412336986132228 -6.046713647521968 5.885316500957032
      vertex -0.03013283054957875 -6.064189475048267 5.9978976037200304
    endloop
  endfacet
  facet normal 0.1749525036690857 -0.8756695836023263 0.45010487868234356
    outer loop
      vertex -0.03013283054957875 -6.064189475048267 5.9978976037200304
      vertex 0.9689605616565446 -5.858160278846683 6.010382716297599
      vertex -0.03238993691773812 -5.941134546799802 6.2381757018075445
    endloop
  endfacet
  facet normal 0.1599626160658405 -0.4341365409368442 0.8865311191857645
    outer loop
      vertex -0.03013283054957875 -6.064189475048267 5.9978976037200304
      vertex 0.6412336986132228 -6.046713647521968 5.885316500957032
      vertex 1.4729129228447957 -5.880999938794313 5.816401595635982
    endloop
  endfacet
  facet normal 0.16741100830303904 -0.8428190656426202 0.5114973869808724
    outer loop
      vertex -0.03013283054957875 -6.064189475048267 5.9978976037200304
      vertex 1.4729129228447957 -5.816401595635982 5.914248972883281
      vertex 0.9689605616565446 -5.858160278846683 6.010382716297599
    endloop
  endfacet
  facet normal 0.15996261606583967 -0.43413654093683085 0.8865311191857713
    outer loop
      vertex -0.03013283054957875 -6.064189475048267 5.9978976037200304
      vertex 1.4729129228447957 -5.880999938794313 5.816401595635982
      vertex 1.6679753580668701 -5.8488412900185995 5.796953374901846
    endloop
  endfacet
  facet normal 0.1674110083030389 -0.8428190656426191 0.5114973869808743
    outer loop
      vertex -0.03013283054957875 -6.064189475048267 5.9978976037200304
      vertex 1.6679753580668701 -5.8488412900185995 5.796953374901846
      vertex 1.4729129228447957 -5.816401595635982 5.914248972883281
    endloop
  endfacet
  facet normal 0.1599626160658413 -0.43413654093684534 0.8865311191857638
    outer loop
      vertex 1.4729129228447957 -5.880999938794313 5.816401595635982
      vertex 1.687177788621348 -5.993974788836037 5.722416311569346
      vertex 1.6679753580668701 -5.8488412900185995 5.796953374901846
    endloop
  endfacet
  facet normal 0.16741100830303918 -0.8428190656426189 0.5114973869808747
    outer loop
      vertex 1.4729129228447957 -5.816401595635982 5.914248972883281
      vertex 1.6679753580668701 -5.8488412900185995 5.796953374901846
      vertex 1.6885247833749437 -5.721825464889494 5.999517770504791
    endloop
  endfacet
  facet normal 0.533359740988034 -0.7399538845449198 0.40987270638584944
    outer loop
      vertex 1.6679753580668701 -5.8488412900185995 5.796953374901846
      vertex 1.904403480020233 -5.627132288970949 5.889550891362776
      vertex 1.6885247833749437 -5.721825464889494 5.999517770504791
    endloop
  endfacet
  facet normal 0.5113957956663153 -0.3380862231800464 0.7900455973364247
    outer loop
      vertex 1.687177788621348 -5.993974788836037 5.722416311569346
      vertex 2.8538443791719867 -5.425112217797623 5.2106688977945455
      vertex 1.6679753580668701 -5.8488412900185995 5.796953374901846
    endloop
  endfacet
  facet normal 0.5333597409880352 -0.7399538845449202 0.4098727063858471
    outer loop
      vertex 1.6679753580668701 -5.8488412900185995 5.796953374901846
      vertex 3.114909666743314 -5.161712705590567 5.154575781149274
      vertex 1.904403480020233 -5.627132288970949 5.889550891362776
    endloop
  endfacet
  facet normal 0.5114703887493529 -0.33876304028840964 0.7897073153815527
    outer loop
      vertex 1.6679753580668701 -5.8488412900185995 5.796953374901846
      vertex 2.8538443791719867 -5.425112217797623 5.2106688977945455
      vertex 3.114909666743314 -5.161712705590567 5.154575781149274
    endloop
  endfacet
  facet normal 0.5146310724055011 -0.7815025707642039 0.3527160206224043
    outer loop
      vertex 1.904403480020233 -5.627132288970949 5.889550891362776
      vertex 3.114909666743314 -5.161712705590567 5.154575781149274
      vertex 3.1462615696076974 -5.082402825755797 5.2845563006162415
    endloop
  endfacet
  facet normal 0.5114703887493522 -0.33876304028840876 0.7897073153815535
    outer loop
      vertex 2.8538443791719867 -5.425112217797623 5.2106688977945455
      vertex 3.1455010621176958 -5.282993586313989 5.08273641526999
      vertex 3.114909666743314 -5.161712705590567 5.154575781149274
    endloop
  endfacet
  facet normal 0.731882323684437 -0.20106090995210266 0.651093522289618
    outer loop
      vertex 3.114909666743314 -5.161712705590567 5.154575781149274
      vertex 3.1455010621176958 -5.282993586313989 5.08273641526999
      vertex 3.2386586291076207 -5.0762157548722815 5.041873717763458
    endloop
  endfacet
  facet normal 0.7470167094698748 -0.2976039442037253 0.5944728153306816
    outer loop
      vertex 3.114909666743314 -5.161712705590567 5.154575781149274
      vertex 3.2386586291076207 -5.0762157548722815 5.041873717763458
      vertex 3.2648937707487007 -5.033350009584134 5.0303659176828015
    endloop
  endfacet
  facet normal 0.7437579142731947 -0.6145297329077327 0.2630159164924014
    outer loop
      vertex 3.114909666743314 -5.161712705590567 5.154575781149274
      vertex 3.2648937707487007 -5.033350009584134 5.0303659176828015
      vertex 3.270004295519796 -5.028124233678285 5.028124233678286
    endloop
  endfacet
  facet normal 0.743757914273155 -0.614529732907855 0.263015916492228
    outer loop
      vertex 3.114909666743314 -5.161712705590567 5.154575781149274
      vertex 3.270004295519796 -5.028124233678285 5.028124233678286
      vertex 3.251819962941637 -5.0361006214856205 5.060909374277274
    endloop
  endfacet
  facet normal 0.7359094657401078 -0.6422470517643208 0.21437346555520093
    outer loop
      vertex 3.114909666743314 -5.161712705590567 5.154575781149274
      vertex 3.251819962941637 -5.0361006214856205 5.060909374277274
      vertex 3.1462615696076974 -5.082402825755797 5.2845563006162415
    endloop
  endfacet
  facet normal 0.7437579142732373 -0.6145297329075974 0.26301591649259726
    outer loop
      vertex 3.3471200927532503 -4.962765258282446 4.962765258282447
      vertex 3.352480457989984 -4.958389643729899 4.957830694461215
      vertex 4.082396309787058 -4.333696999027103 4.353348313511884
    endloop
  endfacet
  facet normal 0.747016709469874 -0.29760394420371566 0.5944728153306873
    outer loop
      vertex 3.352480457989984 -4.958389643729899 4.957830694461215
      vertex 4.093256211535395 -4.461145702069907 4.2758985738584645
      vertex 4.077862813096096 -4.430935649382078 4.310365678418639
    endloop
  endfacet
  facet normal 0.743757914273157 -0.614529732907846 0.2630159164922437
    outer loop
      vertex 3.3471200927532503 -4.962765258282446 4.962765258282447
      vertex 4.0782707945255 -4.305483035247335 4.430935649382078
      vertex 4.009641852453822 -4.352871013801912 4.514284206010073
    endloop
  endfacet
  facet normal 0.7470167094698755 -0.29760394420372877 0.5944728153306787
    outer loop
      vertex 3.352480457989984 -4.958389643729899 4.957830694461215
      vertex 4.077862813096096 -4.430935649382078 4.310365678418639
      vertex 4.082396309787058 -4.333696999027103 4.353348313511884
    endloop
  endfacet
  facet normal 0.7437579142731567 -0.6145297329078472 0.26301591649224126
    outer loop
      vertex 3.3471200927532503 -4.962765258282446 4.962765258282447
      vertex 4.082396309787058 -4.333696999027103 4.353348313511884
      vertex 4.0782707945255 -4.305483035247335 4.430935649382078
    endloop
  endfacet
  facet normal 0.6910277768005861 0.5118931729407992 0.510339094315378
    outer loop
      vertex -4.2641529120560975 4.169471333679943 4.463961113475886
      vertex -4.268890760106723 4.1586043651813265 4.4812764861147425
      vertex -4.263757864325786 4.1572955340466 4.47563907391235
    endloop
  endfacet
  facet normal -0.2880616604077516 0.8412114043776274 -0.4575848041053691
    outer loop
      vertex -4.268890760106723 4.1586043651813265 4.4812764861147425
      vertex -4.255873185233997 4.167425769950828 4.489298610165809
      vertex -4.263757864325786 4.1572955340466 4.47563907391235
    endloop
  endfacet
  facet normal 0.6910277768005305 0.511893172940835 0.5103390943154174
    outer loop
      vertex -4.2641529120560975 4.169471333679943 4.463961113475886
      vertex -4.263757864325786 4.1572955340466 4.47563907391235
      vertex -4.256103831718538 4.1671294353414305 4.455411236799086
    endloop
  endfacet
  facet normal 0.6905286329932236 0.5105963962186866 0.5123099912992131
    outer loop
      vertex -4.2639443079092025 4.463686472359724 4.169388662453478
      vertex -4.258352226405715 4.46128900408062 4.164240697788291
      vertex -4.2635962811790815 4.47514121731144 4.157503136077731
    endloop
  endfacet
  facet normal 0.6905286329932483 0.5105963962186694 0.5123099912991973
    outer loop
      vertex -4.2639443079092025 4.463686472359724 4.169388662453478
      vertex -4.2635962811790815 4.47514121731144 4.157503136077731
      vertex -4.268975801641148 4.481007128075242 4.158907754426999
    endloop
  endfacet
  facet normal -0.283034902076606 -0.46096469760673686 0.8410724057813428
    outer loop
      vertex -4.268975801641148 4.481007128075242 4.158907754426999
      vertex -4.2635962811790815 4.47514121731144 4.157503136077731
      vertex -4.254392427698317 4.491066000683971 4.169328247271562
    endloop
  endfacet
  facet normal -0.7260985149789884 0.5172969514977919 0.4529733000038731
    outer loop
      vertex -3.8977470385989585 4.522759039140762 4.522759039140762
      vertex -3.1051266851450032 5.110396055414033 5.1222151759092975
      vertex -3.8792966535032347 4.53810138581003 4.534813277344017
    endloop
  endfacet
  facet normal -0.7260985149789835 0.5172969514978821 0.45297330000377806
    outer loop
      vertex -3.8977470385989585 4.522759039140762 4.522759039140762
      vertex -3.4396197514548965 4.822068534199751 4.9153067975114775
      vertex -3.1051266851450032 5.110396055414033 5.1222151759092975
    endloop
  endfacet
  facet normal -0.7265992747922901 0.4501306887874322 0.5190721114479855
    outer loop
      vertex -3.8792966535032347 4.53810138581003 4.534813277344017
      vertex -3.1051266851450032 5.110396055414033 5.1222151759092975
      vertex -3.4773997343309495 4.8840542912002824 4.797385639477497
    endloop
  endfacet
  facet normal -0.7166373715591977 0.650075966686437 0.25265018349769464
    outer loop
      vertex -3.4396197514548965 4.822068534199751 4.9153067975114775
      vertex -3.136355822808319 5.020200747451368 5.265709371644335
      vertex -3.1051266851450032 5.110396055414033 5.1222151759092975
    endloop
  endfacet
  facet normal -0.721148730139485 0.2712495734269227 0.6374701388566533
    outer loop
      vertex -3.4773997343309495 4.8840542912002824 4.797385639477497
      vertex -3.1051266851450032 5.110396055414033 5.1222151759092975
      vertex -3.136759735799933 5.266662621008073 5.01993685792337
    endloop
  endfacet
  facet normal -0.5146953825025118 0.7719002062853031 0.3731738666724931
    outer loop
      vertex -3.136355822808319 5.020200747451368 5.265709371644335
      vertex -2.776659808590147 5.255201882313953 5.27572200510728
      vertex -3.1051266851450032 5.110396055414033 5.1222151759092975
    endloop
  endfacet
  facet normal -0.5252118267885405 0.38903949604402227 0.7568360506207783
    outer loop
      vertex -3.136759735799933 5.266662621008073 5.01993685792337
      vertex -3.1051266851450032 5.110396055414033 5.1222151759092975
      vertex -2.776659808590147 5.255201882313953 5.27572200510728
    endloop
  endfacet
  facet normal -0.5252118267885404 0.3890394960440228 0.7568360506207781
    outer loop
      vertex -3.136759735799933 5.266662621008073 5.01993685792337
      vertex -2.776659808590147 5.255201882313953 5.27572200510728
      vertex -2.707149695742957 5.300615105585335 5.300615105585335
    endloop
  endfacet
  facet normal -0.525211826788542 0.3890394960440279 0.7568360506207744
    outer loop
      vertex -2.1278659231507393 5.566129706466434 5.566129706466434
      vertex -1.995125505436984 5.5997441454661585 5.640966909083041
      vertex -2.0706478097698002 5.615187405814625 5.580619300631118
    endloop
  endfacet
  facet normal -0.5252118267885415 0.38903949604402865 0.7568360506207742
    outer loop
      vertex -2.0706478097698002 5.615187405814625 5.580619300631118
      vertex -1.995125505436984 5.5997441454661585 5.640966909083041
      vertex -1.6863809414351225 5.7358553185624155 5.785256645537256
    endloop
  endfacet
  facet normal -0.5146953825025096 0.7719002062853113 0.373173866672479
    outer loop
      vertex -1.995125505436984 5.5997441454661585 5.640966909083041
      vertex -1.9225208088677084 5.61813015167253 5.703075063374248
      vertex -1.6863809414351225 5.7358553185624155 5.785256645537256
    endloop
  endfacet
  facet normal -0.5235468927301993 0.34958800278815066 0.7769728949063442
    outer loop
      vertex -2.0706478097698002 5.615187405814625 5.580619300631118
      vertex -1.6863809414351225 5.7358553185624155 5.785256645537256
      vertex -1.7151301825358867 5.947520980915161 5.670648590879034
    endloop
  endfacet
  facet normal -0.5003394720261006 0.8288461961539514 0.2503485487350956
    outer loop
      vertex -1.9225208088677084 5.61813015167253 5.703075063374248
      vertex -1.7143289689949965 5.670851485703081 5.944613184446625
      vertex -1.6863809414351225 5.7358553185624155 5.785256645537256
    endloop
  endfacet
  facet normal -0.20247431013040618 0.9186574486217083 0.33922359267755736
    outer loop
      vertex -1.6863809414351225 5.7358553185624155 5.785256645537256
      vertex -1.7143289689949965 5.670851485703081 5.944613184446625
      vertex -1.0767573888094113 5.832306537293487 5.887924851679104
    endloop
  endfacet
  facet normal -0.21627596711524671 0.4419936015064527 0.8705552034625489
    outer loop
      vertex -1.6863809414351225 5.7358553185624155 5.785256645537256
      vertex -1.01435175895269 5.940895911756398 5.848109789039928
      vertex -1.7151301825358867 5.947520980915161 5.670648590879034
    endloop
  endfacet
  facet normal -0.2166290737592574 0.44339666089092644 0.8697535544698757
    outer loop
      vertex -1.6863809414351225 5.7358553185624155 5.785256645537256
      vertex -1.0767573888094113 5.832306537293487 5.887924851679104
      vertex -1.01435175895269 5.940895911756398 5.848109789039928
    endloop
  endfacet
  facet normal -0.21662907375925908 0.4433966608909271 0.8697535544698749
    outer loop
      vertex -1.0767573888094113 5.832306537293487 5.887924851679104
      vertex -0.6593989924860166 5.937996037114775 5.937996037114775
      vertex -1.01435175895269 5.940895911756398 5.848109789039928
    endloop
  endfacet
  facet normal -0.21662907375925916 0.443396660890932 0.8697535544698725
    outer loop
      vertex -0.437094755201989 5.974669344138043 5.974669344138043
      vertex -0.26636500731870383 5.96052227388781 6.024405031488946
      vertex -0.03238993691773807 6.2381757018075445 5.941134546799802
    endloop
  endfacet
  facet normal -0.20247431013040534 0.9186574486217078 0.3392235926775594
    outer loop
      vertex -0.26636500731870383 5.96052227388781 6.024405031488946
      vertex -0.23401745982231714 5.957841879682771 6.050971318916982
      vertex -0.030132830549578736 5.9978976037200304 6.064189475048267
    endloop
  endfacet
  facet normal -0.2166290737592585 0.44339666089093155 0.8697535544698727
    outer loop
      vertex -0.26636500731870383 5.96052227388781 6.024405031488946
      vertex -0.030132830549578736 5.9978976037200304 6.064189475048267
      vertex -0.03238993691773807 6.2381757018075445 5.941134546799802
    endloop
  endfacet
  facet normal -0.20259186704229393 0.9310714873627898 0.3034178980026724
    outer loop
      vertex -0.23401745982231714 5.957841879682771 6.050971318916982
      vertex -0.03236512262370178 5.941132490628775 6.236889023763257
      vertex -0.030132830549578736 5.9978976037200304 6.064189475048267
    endloop
  endfacet
  facet normal 0.17495250366908527 0.45010487868234356 0.8756695836023264
    outer loop
      vertex -0.030132830549578736 5.9978976037200304 6.064189475048267
      vertex 0.9689605616565494 6.0103827162976 5.8581602788466824
      vertex -0.03238993691773807 6.2381757018075445 5.941134546799802
    endloop
  endfacet
  facet normal 0.1650792326811186 0.9363288971274216 0.30989844036645187
    outer loop
      vertex -0.030132830549578736 5.9978976037200304 6.064189475048267
      vertex -0.03236512262370178 5.941132490628775 6.236889023763257
      vertex 0.6412336986132249 5.885316500957031 6.046713647521968
    endloop
  endfacet
  facet normal 0.15996261606584106 0.8865311191857638 0.43413654093684556
    outer loop
      vertex -0.030132830549578736 5.9978976037200304 6.064189475048267
      vertex 0.6412336986132249 5.885316500957031 6.046713647521968
      vertex 1.4729129228447957 5.816401595635982 5.880999938794311
    endloop
  endfacet
  facet normal 0.16741100830303926 0.5114973869808669 0.8428190656426237
    outer loop
      vertex -0.030132830549578736 5.9978976037200304 6.064189475048267
      vertex 1.4729129228447957 5.914248972883281 5.816401595635982
      vertex 0.9689605616565494 6.0103827162976 5.8581602788466824
    endloop
  endfacet
  facet normal 0.15996261606584036 0.886531119185774 0.434136540936825
    outer loop
      vertex -0.030132830549578736 5.9978976037200304 6.064189475048267
      vertex 1.4729129228447957 5.816401595635982 5.880999938794311
      vertex 1.6679753580668717 5.796953374901845 5.848841290018599
    endloop
  endfacet
  facet normal 0.1674110083030392 0.5114973869808679 0.842819065642623
    outer loop
      vertex -0.030132830549578736 5.9978976037200304 6.064189475048267
      vertex 1.6679753580668717 5.796953374901845 5.848841290018599
      vertex 1.4729129228447957 5.914248972883281 5.816401595635982
    endloop
  endfacet
  facet normal 0.1599626160658421 0.8865311191857634 0.43413654093684567
    outer loop
      vertex 1.4729129228447957 5.816401595635982 5.880999938794311
      vertex 1.6871777886213488 5.722416311569346 5.993974788836034
      vertex 1.6679753580668717 5.796953374901845 5.848841290018599
    endloop
  endfacet
  facet normal 0.1674110083030391 0.5114973869808677 0.8428190656426231
    outer loop
      vertex 1.4729129228447957 5.914248972883281 5.816401595635982
      vertex 1.6679753580668717 5.796953374901845 5.848841290018599
      vertex 1.6885247833749462 5.999517770504793 5.721825464889493
    endloop
  endfacet
  facet normal 0.5333597409880367 0.4098727063858412 0.7399538845449224
    outer loop
      vertex 1.6679753580668717 5.796953374901845 5.848841290018599
      vertex 1.9044034800202139 5.889550891362788 5.627132288970957
      vertex 1.6885247833749462 5.999517770504793 5.721825464889493
    endloop
  endfacet
  facet normal 0.533359740988035 0.40987270638584483 0.7399538845449218
    outer loop
      vertex 1.6679753580668717 5.796953374901845 5.848841290018599
      vertex 3.114909666743314 5.154575781149274 5.161712705590567
      vertex 1.9044034800202139 5.889550891362788 5.627132288970957
    endloop
  endfacet
  facet normal 0.5113957956663152 0.7900455973364241 0.3380862231800478
    outer loop
      vertex 1.6679753580668717 5.796953374901845 5.848841290018599
      vertex 1.6871777886213488 5.722416311569346 5.993974788836034
      vertex 2.853844379171997 5.210668897794541 5.4251122177976185
    endloop
  endfacet
  facet normal 0.5146310724055001 0.3527160206224002 0.7815025707642065
    outer loop
      vertex 1.9044034800202139 5.889550891362788 5.627132288970957
      vertex 3.114909666743314 5.154575781149274 5.161712705590567
      vertex 3.1462615696076974 5.28455630061624 5.082402825755799
    endloop
  endfacet
  facet normal 0.5114703887493526 0.7897073153815536 0.33876304028840826
    outer loop
      vertex 1.6679753580668717 5.796953374901845 5.848841290018599
      vertex 2.853844379171997 5.210668897794541 5.4251122177976185
      vertex 3.114909666743314 5.154575781149274 5.161712705590567
    endloop
  endfacet
  facet normal 0.5114703887493519 0.7897073153815541 0.33876304028840754
    outer loop
      vertex 3.114909666743314 5.154575781149274 5.161712705590567
      vertex 2.853844379171997 5.210668897794541 5.4251122177976185
      vertex 3.145501062117696 5.08273641526999 5.282993586313989
    endloop
  endfacet
  facet normal 0.7437579142731093 0.26301591649202893 0.6145297329079955
    outer loop
      vertex 3.3524804579899996 4.957830694461201 4.958389643729885
      vertex 4.082396309787057 4.353348313511883 4.333696999027102
      vertex 3.347120092753273 4.962765258282427 4.962765258282427
    endloop
  endfacet
  facet normal 0.7470167094698762 0.594472815330675 0.2976039442037353
    outer loop
      vertex 3.3524804579899996 4.957830694461201 4.958389643729885
      vertex 4.093256211535392 4.275898573858465 4.461145702069906
      vertex 4.077862813096095 4.310365678418639 4.430935649382078
    endloop
  endfacet
  facet normal 0.7437579142731554 0.2630159164922312 0.6145297329078528
    outer loop
      vertex 3.347120092753273 4.962765258282427 4.962765258282427
      vertex 4.0782707945254995 4.430935649382078 4.305483035247335
      vertex 4.009641852453812 4.514284206010082 4.352871013801921
    endloop
  endfacet
  facet normal 0.7470167094698739 0.5944728153306869 0.2976039442037172
    outer loop
      vertex 3.3524804579899996 4.957830694461201 4.958389643729885
      vertex 4.077862813096095 4.310365678418639 4.430935649382078
      vertex 4.082396309787057 4.353348313511883 4.333696999027102
    endloop
  endfacet
  facet normal 0.7437579142731543 0.26301591649222567 0.614529732907857
    outer loop
      vertex 3.347120092753273 4.962765258282427 4.962765258282427
      vertex 4.082396309787057 4.353348313511883 4.333696999027102
      vertex 4.0782707945254995 4.430935649382078 4.305483035247335
    endloop
  endfacet
  facet normal 0.7437579142731644 0.26301591649226397 0.6145297329078282
    outer loop
      vertex 3.114909666743314 5.154575781149274 5.161712705590567
      vertex 3.264893770748699 5.030365917682802 5.033350009584135
      vertex 3.2700042955197928 5.028124233678287 5.028124233678287
    endloop
  endfacet
  facet normal 0.7470167094698742 0.5944728153306865 0.29760394420371655
    outer loop
      vertex 3.114909666743314 5.154575781149274 5.161712705590567
      vertex 3.2386586291076194 5.041873717763459 5.076215754872282
      vertex 3.264893770748699 5.030365917682802 5.033350009584135
    endloop
  endfacet
  facet normal 0.7437579142731517 0.2630159164922094 0.6145297329078668
    outer loop
      vertex 3.114909666743314 5.154575781149274 5.161712705590567
      vertex 3.2700042955197928 5.028124233678287 5.028124233678287
      vertex 3.251819962941635 5.0609093742772755 5.036100621485622
    endloop
  endfacet
  facet normal 0.7318823236844373 0.6510935222896184 0.2010609099521001
    outer loop
      vertex 3.114909666743314 5.154575781149274 5.161712705590567
      vertex 3.145501062117696 5.08273641526999 5.282993586313989
      vertex 3.2386586291076194 5.041873717763459 5.076215754872282
    endloop
  endfacet
  facet normal 0.7359094657401063 0.2143734655551972 0.6422470517643238
    outer loop
      vertex 3.114909666743314 5.154575781149274 5.161712705590567
      vertex 3.251819962941635 5.0609093742772755 5.036100621485622
      vertex 3.1462615696076974 5.28455630061624 5.082402825755799
    endloop
  endfacet
  facet normal 0.5383216634355126 0.7916138341234422 0.28906283797888294
    outer loop
      vertex 4.277343422544088 4.131340666915249 4.430935649382078
      vertex 4.232632281623128 4.147593862775098 4.469690963422531
      vertex 4.555283344438899 3.8505726354635565 4.6822262590470975
    endloop
  endfacet
  facet normal 0.18293575247230442 0.7234560800764801 0.6656919788218612
    outer loop
      vertex 4.416794093729223 4.165389590935194 4.268834411550904
      vertex 4.40568587635927 4.173048413501449 4.263563607995789
      vertex 4.895681817080946 3.775609285609789 4.560836196076915
    endloop
  endfacet
  facet normal 0.18293575247193333 0.7234560800762708 0.6656919788221906
    outer loop
      vertex 4.416794093729223 4.165389590935194 4.268834411550904
      vertex 4.895681817080946 3.775609285609789 4.560836196076915
      vertex 4.437669227555661 4.183674419616364 4.2432263535610835
    endloop
  endfacet
  facet normal 0.18293575247194982 0.7234560800762821 0.6656919788221738
    outer loop
      vertex 4.334371692253055 4.150548268673987 4.307613681366511
      vertex 4.456483258393013 4.07892884021345 4.351890825558893
      vertex 4.36778828842348 4.152116981860841 4.296725785028571
    endloop
  endfacet
  facet normal 0.5383216634355166 0.7916138341234414 0.2890628379788777
    outer loop
      vertex 4.306166188425353 4.1460331367470875 4.33702291455892
      vertex 4.277343422544088 4.131340666915249 4.430935649382078
      vertex 4.555283344438899 3.8505726354635565 4.6822262590470975
    endloop
  endfacet
  facet normal 0.20698417141362893 0.7411693754306838 0.6386121747257121
    outer loop
      vertex 4.771893796796532 3.730955339662343 4.652782921118771
      vertex 4.334371692253055 4.150548268673987 4.307613681366511
      vertex 4.315621583176038 4.149476867389749 4.314934346078084
    endloop
  endfacet
  facet normal 0.4899528293924341 0.8047302186127947 0.33519471985959437
    outer loop
      vertex 4.771893796796532 3.730955339662343 4.652782921118771
      vertex 4.315621583176038 4.149476867389749 4.314934346078084
      vertex 4.306166188425353 4.1460331367470875 4.33702291455892
    endloop
  endfacet
  facet normal 0.20698417141362915 0.7411693754306827 0.6386121747257134
    outer loop
      vertex 4.771893796796532 3.730955339662343 4.652782921118771
      vertex 4.895681817080946 3.775609285609789 4.560836196076915
      vertex 4.334371692253055 4.150548268673987 4.307613681366511
    endloop
  endfacet
  facet normal 0.1829357524719325 0.7234560800762662 0.665691978822196
    outer loop
      vertex 4.334371692253055 4.150548268673987 4.307613681366511
      vertex 4.895681817080946 3.775609285609789 4.560836196076915
      vertex 4.456483258393013 4.07892884021345 4.351890825558893
    endloop
  endfacet
  facet normal 0.1829357524718928 0.7234560800762464 0.6656919788222284
    outer loop
      vertex 4.895681817080946 3.775609285609789 4.560836196076915
      vertex 4.40568587635927 4.173048413501449 4.263563607995789
      vertex 4.494380846328804 4.099860271854056 4.318728648526112
    endloop
  endfacet
  facet normal 0.18293575247195396 0.7234560800762816 0.6656919788221731
    outer loop
      vertex 4.895681817080946 3.775609285609789 4.560836196076915
      vertex 4.494380846328804 4.099860271854056 4.318728648526112
      vertex 4.456483258393013 4.07892884021345 4.351890825558893
    endloop
  endfacet
  facet normal 0.48995282939243917 0.8047302186127946 0.3351947198595871
    outer loop
      vertex 4.771893796796532 3.730955339662343 4.652782921118771
      vertex 4.306166188425353 4.1460331367470875 4.33702291455892
      vertex 4.555283344438899 3.8505726354635565 4.6822262590470975
    endloop
  endfacet
  facet normal 0.48995282939243917 0.8047302186127945 0.3351947198595875
    outer loop
      vertex 4.671570307517363 3.7435229447156937 4.769253269700583
      vertex 4.771893796796532 3.730955339662343 4.652782921118771
      vertex 4.555283344438899 3.8505726354635565 4.6822262590470975
    endloop
  endfacet
  facet normal 0.20698417141361175 0.7411693754307005 0.6386121747256984
    outer loop
      vertex 4.771893796796532 3.730955339662343 4.652782921118771
      vertex 4.904967842912762 3.767735782792666 4.566964389302445
      vertex 4.895681817080946 3.775609285609789 4.560836196076915
    endloop
  endfacet
  facet normal 0.5900357378140437 0.6802789626876607 0.43483141678912446
    outer loop
      vertex 4.671570307517363 3.7435229447156937 4.769253269700583
      vertex 4.734843056378361 3.6852762761380067 4.774521518805568
      vertex 4.771893796796532 3.730955339662343 4.652782921118771
    endloop
  endfacet
  facet normal 0.25968771580175143 0.6740238919331842 0.6915591683760051
    outer loop
      vertex 4.771893796796532 3.730955339662343 4.652782921118771
      vertex 5.230819211083781 3.1444411117070428 5.052094104700458
      vertex 4.904967842912762 3.767735782792666 4.566964389302445
    endloop
  endfacet
  facet normal 0.5900357378140395 0.6802789626876645 0.43483141678912446
    outer loop
      vertex 4.771893796796532 3.730955339662343 4.652782921118771
      vertex 4.734843056378361 3.6852762761380067 4.774521518805568
      vertex 5.221524144436253 2.9063491386189737 5.332734428168682
    endloop
  endfacet
  facet normal 0.5900357378140401 0.6802789626876644 0.43483141678912385
    outer loop
      vertex 4.734843056378361 3.6852762761380067 4.774521518805568
      vertex 4.917367698518451 3.3480002787084704 5.0545052069103376
      vertex 5.221524144436253 2.9063491386189737 5.332734428168682
    endloop
  endfacet
  facet normal 0.3687413347809363 0.7027499457055781 0.6084179006528165
    outer loop
      vertex 4.771893796796532 3.730955339662343 4.652782921118771
      vertex 5.366952151644383 2.925427155806216 5.222559508983957
      vertex 5.230819211083781 3.1444411117070428 5.052094104700458
    endloop
  endfacet
  facet normal 0.7241732890480218 0.647766100427826 0.23658429061520106
    outer loop
      vertex 4.917367698518451 3.3480002787084704 5.0545052069103376
      vertex 5.13544078908407 2.9450365020332647 5.490305769638702
      vertex 5.221524144436253 2.9063491386189737 5.332734428168682
    endloop
  endfacet
  facet normal 0.36874133478094606 0.7027499457055797 0.6084179006528088
    outer loop
      vertex 4.771893796796532 3.730955339662343 4.652782921118771
      vertex 5.221524144436253 2.9063491386189737 5.332734428168682
      vertex 5.366952151644383 2.925427155806216 5.222559508983957
    endloop
  endfacet
  facet normal 0.7536261050132266 0.5484414082639052 0.36229782713135034
    outer loop
      vertex 5.545067539321755 2.1881125648577155 5.746979058555434
      vertex 5.719714168438618 1.994122827378873 5.677350559143418
      vertex 5.221524144436253 2.9063491386189737 5.332734428168682
    endloop
  endfacet
  facet normal 0.3491540079331239 0.519167551696476 0.7801003345786508
    outer loop
      vertex 5.930310998998028 2.026634096921259 5.561455821439546
      vertex 5.506852965019687 2.6148454038065188 5.359522624723421
      vertex 5.719714168438618 1.994122827378873 5.677350559143418
    endloop
  endfacet
  facet normal 0.7536261050132272 0.5484414082639082 0.362297827131344
    outer loop
      vertex 5.545067539321755 2.1881125648577155 5.746979058555434
      vertex 5.63945090867066 2.0137073740589875 5.81466165445701
      vertex 5.719714168438618 1.994122827378873 5.677350559143418
    endloop
  endfacet
  facet normal 0.7917160046272986 0.5309218582766377 0.3021717200882124
    outer loop
      vertex 5.545067539321755 2.1881125648577155 5.746979058555434
      vertex 5.221524144436253 2.9063491386189737 5.332734428168682
      vertex 5.13544078908407 2.9450365020332647 5.490305769638702
    endloop
  endfacet
  facet normal 0.46929451216124063 0.5246277513988407 0.7103016143284059
    outer loop
      vertex 5.221524144436253 2.9063491386189737 5.332734428168682
      vertex 5.506852965019687 2.6148454038065188 5.359522624723421
      vertex 5.36275799601833 2.8556843582224425 5.276842507238934
    endloop
  endfacet
  facet normal 0.4692945121612386 0.5246277513988388 0.7103016143284087
    outer loop
      vertex 5.719714168438618 1.994122827378873 5.677350559143418
      vertex 5.506852965019687 2.6148454038065188 5.359522624723421
      vertex 5.221524144436253 2.9063491386189737 5.332734428168682
    endloop
  endfacet
  facet normal 0.4692945121612407 0.5246277513988411 0.7103016143284054
    outer loop
      vertex 5.221524144436253 2.9063491386189737 5.332734428168682
      vertex 5.36275799601833 2.8556843582224425 5.276842507238934
      vertex 5.366952151644383 2.925427155806216 5.222559508983957
    endloop
  endfacet
  facet normal 0.909519292029472 0.29657002913615466 0.29124023630739687
    outer loop
      vertex 5.888626232616305 1.0155235100004 6.032276645373393
      vertex 5.733030020512663 1.5998633763563672 5.923157332332833
      vertex 5.827447860516105 1.0340482813923029 6.204467886269523
    endloop
  endfacet
  facet normal 0.45049127324631416 0.37209453713143775 0.8115437561622022
    outer loop
      vertex 5.888626232616305 1.0155235100004 6.032276645373393
      vertex 6.108333858373631 1.030675329861532 5.903368898042564
      vertex 6.093239403571238 1.1034085835132676 5.878399540525054
    endloop
  endfacet
  facet normal 0.8400226966977085 0.3071902420219328 0.44720915044217957
    outer loop
      vertex 5.888626232616305 1.0155235100004 6.032276645373393
      vertex 5.674903450203808 1.9481968152281008 5.79306832365941
      vertex 5.733030020512663 1.5998633763563672 5.923157332332833
    endloop
  endfacet
  facet normal 0.4504912732463098 0.3720945371314459 0.8115437561622011
    outer loop
      vertex 5.888626232616305 1.0155235100004 6.032276645373393
      vertex 6.093239403571238 1.1034085835132676 5.878399540525054
      vertex 5.719714168438618 1.994122827378873 5.677350559143418
    endloop
  endfacet
  facet normal 0.8400226966977105 0.3071902420219324 0.44720915044217596
    outer loop
      vertex 5.888626232616305 1.0155235100004 6.032276645373393
      vertex 5.719714168438618 1.994122827378873 5.677350559143418
      vertex 5.674903450203808 1.9481968152281008 5.79306832365941
    endloop
  endfacet
  facet normal 0.4065297738558615 0.3600177241223289 0.8397147023164956
    outer loop
      vertex 6.093239403571238 1.1034085835132676 5.878399540525054
      vertex 5.930310998998028 2.026634096921259 5.561455821439546
      vertex 5.719714168438618 1.994122827378873 5.677350559143418
    endloop
  endfacet
  facet normal 0.8400226966977153 0.3071902420219223 0.44720915044217374
    outer loop
      vertex 5.719714168438618 1.994122827378873 5.677350559143418
      vertex 5.63945090867066 2.0137073740589875 5.81466165445701
      vertex 5.674903450203808 1.9481968152281008 5.79306832365941
    endloop
  endfacet
  facet normal 0.45356903268989573 0.09741479062469938 0.8858811947164802
    outer loop
      vertex 6.0572949016875155 0 6.041832244728592
      vertex 6.298828119473504 0 5.918167820416334
      vertex 6.112734430301853 0.8664632346484633 5.918167820416334
    endloop
  endfacet
  facet normal 0.9378541249382659 0.16004963354350643 0.3079184228637011
    outer loop
      vertex 6.0572949016875155 0 6.041832244728592
      vertex 5.829228558317151 1.0233771445037163 6.204543600122357
      vertex 6 0 6.21634034783535
    endloop
  endfacet
  facet normal 0.9356526853552577 0.15837059571735368 0.31539309884590977
    outer loop
      vertex 6.0572949016875155 0 6.041832244728592
      vertex 5.888626232616305 1.0155235100004 6.032276645373393
      vertex 5.829228558317151 1.0233771445037163 6.204543600122357
    endloop
  endfacet
  facet normal 0.9356526853552652 0.1583705957172984 0.315393098845915
    outer loop
      vertex 5.888626232616305 1.0155235100004 6.032276645373393
      vertex 5.827447860516105 1.0340482813923029 6.204467886269523
      vertex 5.829228558317151 1.0233771445037163 6.204543600122357
    endloop
  endfacet
  facet normal 0.4992726313948558 0.0910320908355821 0.861649579572902
    outer loop
      vertex 6.0572949016875155 0 6.041832244728592
      vertex 6.112734430301853 0.8664632346484633 5.918167820416334
      vertex 5.888626232616305 1.0155235100004 6.032276645373393
    endloop
  endfacet
  facet normal 0.49927263139485456 0.09103209083557963 0.8616495795729029
    outer loop
      vertex 5.888626232616305 1.0155235100004 6.032276645373393
      vertex 6.112734430301853 0.8664632346484633 5.918167820416334
      vertex 6.09065355186901 0.9875675416844049 5.918167820416334
    endloop
  endfacet
  facet normal 0.4992726313948547 0.09103209083558184 0.8616495795729027
    outer loop
      vertex 5.888626232616305 1.0155235100004 6.032276645373393
      vertex 6.09065355186901 0.9875675416844049 5.918167820416334
      vertex 6.108333858373631 1.030675329861532 5.903368898042564
    endloop
  endfacet
  facet normal 0.9356526853552608 -0.15837059571733622 0.31539309884590927
    outer loop
      vertex 5.888626232616305 -1.0155235100004 6.032276645373393
      vertex 5.8292285583171495 -1.0233771445037259 6.204543600122359
      vertex 5.827447860516105 -1.0340482813923029 6.204467886269523
    endloop
  endfacet
  facet normal 0.9356526853552583 -0.1583705957173538 0.31539309884590766
    outer loop
      vertex 5.888626232616305 -1.0155235100004 6.032276645373393
      vertex 6.0572949016875155 0 6.041832244728592
      vertex 5.8292285583171495 -1.0233771445037259 6.204543600122359
    endloop
  endfacet
  facet normal 0.49927263139485367 -0.09103209083559163 0.8616495795729022
    outer loop
      vertex 5.888626232616305 -1.0155235100004 6.032276645373393
      vertex 6.108333858373631 -1.0306753298615325 5.903368898042564
      vertex 6.090653551869011 -0.9875675416844049 5.918167820416334
    endloop
  endfacet
  facet normal 0.49927263139485273 -0.09103209083557572 0.8616495795729044
    outer loop
      vertex 5.888626232616305 -1.0155235100004 6.032276645373393
      vertex 6.090653551869011 -0.9875675416844049 5.918167820416334
      vertex 6.112734430301853 -0.8664632346484634 5.918167820416334
    endloop
  endfacet
  facet normal 0.4992726313948557 -0.0910320908355821 0.8616495795729021
    outer loop
      vertex 5.888626232616305 -1.0155235100004 6.032276645373393
      vertex 6.112734430301853 -0.8664632346484634 5.918167820416334
      vertex 6.0572949016875155 0 6.041832244728592
    endloop
  endfacet
  facet normal 0.9378541249382659 -0.16004963354350601 0.3079184228637011
    outer loop
      vertex 5.8292285583171495 -1.0233771445037259 6.204543600122359
      vertex 6.0572949016875155 0 6.041832244728592
      vertex 6 0 6.21634034783535
    endloop
  endfacet
  facet normal 0.45356903268989573 -0.09741479062469938 0.8858811947164802
    outer loop
      vertex 6.112734430301853 -0.8664632346484634 5.918167820416334
      vertex 6.298828119473504 0 5.918167820416334
      vertex 6.0572949016875155 0 6.041832244728592
    endloop
  endfacet
  facet normal 0.840022696697715 -0.30719024202193224 0.44720915044216786
    outer loop
      vertex 5.7197141684386175 -1.994122827378876 5.6773505591434175
      vertex 5.674903450203807 -1.9481968152281037 5.793068323659412
      vertex 5.639450908670658 -2.013707374058991 5.814661654457012
    endloop
  endfacet
  facet normal 0.8400226966977162 -0.30719024202192957 0.44720915044216725
    outer loop
      vertex 5.7197141684386175 -1.994122827378876 5.6773505591434175
      vertex 5.733030020512661 -1.599863376356379 5.92315733233283
      vertex 5.674903450203807 -1.9481968152281037 5.793068323659412
    endloop
  endfacet
  facet normal 0.40652977385586087 -0.3600177241223288 0.839714702316496
    outer loop
      vertex 5.930310998998027 -2.0266340969212626 5.561455821439545
      vertex 6.093239403571238 -1.1034085835132679 5.878399540525054
      vertex 5.7197141684386175 -1.994122827378876 5.6773505591434175
    endloop
  endfacet
  facet normal 0.8400226966977145 -0.307190242021931 0.4472091504421697
    outer loop
      vertex 5.7197141684386175 -1.994122827378876 5.6773505591434175
      vertex 5.888626232616305 -1.0155235100004 6.032276645373393
      vertex 5.733030020512661 -1.599863376356379 5.92315733233283
    endloop
  endfacet
  facet normal 0.4504912732463094 -0.3720945371314457 0.811543756162201
    outer loop
      vertex 5.7197141684386175 -1.994122827378876 5.6773505591434175
      vertex 6.093239403571238 -1.1034085835132679 5.878399540525054
      vertex 5.888626232616305 -1.0155235100004 6.032276645373393
    endloop
  endfacet
  facet normal 0.9095192920294725 -0.296570029136153 0.29124023630739726
    outer loop
      vertex 5.733030020512661 -1.599863376356379 5.92315733233283
      vertex 5.888626232616305 -1.0155235100004 6.032276645373393
      vertex 5.827447860516105 -1.0340482813923029 6.204467886269523
    endloop
  endfacet
  facet normal 0.45049127324631333 -0.3720945371314387 0.8115437561622022
    outer loop
      vertex 5.888626232616305 -1.0155235100004 6.032276645373393
      vertex 6.093239403571238 -1.1034085835132679 5.878399540525054
      vertex 6.108333858373631 -1.0306753298615325 5.903368898042564
    endloop
  endfacet
  facet normal 0.7917160046272981 -0.5309218582766388 0.30217172008821186
    outer loop
      vertex 5.13544078908407 -2.9450365020332647 5.490305769638702
      vertex 5.221524144436253 -2.9063491386189737 5.332734428168682
      vertex 5.545067539321757 -2.1881125648577124 5.746979058555437
    endloop
  endfacet
  facet normal 0.46929451216123175 -0.5246277513988477 0.7103016143284067
    outer loop
      vertex 5.221524144436253 -2.9063491386189737 5.332734428168682
      vertex 5.366952151644385 -2.9254271558062173 5.222559508983956
      vertex 5.362757996018334 -2.8556843582224425 5.276842507238934
    endloop
  endfacet
  facet normal 0.46929451216123125 -0.5246277513988375 0.7103016143284143
    outer loop
      vertex 5.221524144436253 -2.9063491386189737 5.332734428168682
      vertex 5.362757996018334 -2.8556843582224425 5.276842507238934
      vertex 5.7197141684386175 -1.994122827378876 5.6773505591434175
    endloop
  endfacet
  facet normal 0.46929451216124624 -0.5246277513988389 0.7103016143284034
    outer loop
      vertex 5.362757996018334 -2.8556843582224425 5.276842507238934
      vertex 5.506852965019684 -2.614845403806526 5.359522624723418
      vertex 5.7197141684386175 -1.994122827378876 5.6773505591434175
    endloop
  endfacet
  facet normal 0.7536261050132304 -0.5484414082639053 0.3622978271313423
    outer loop
      vertex 5.221524144436253 -2.9063491386189737 5.332734428168682
      vertex 5.7197141684386175 -1.994122827378876 5.6773505591434175
      vertex 5.639450908670658 -2.013707374058991 5.814661654457012
    endloop
  endfacet
  facet normal 0.7536261050132176 -0.5484414082639095 0.36229782713136227
    outer loop
      vertex 5.221524144436253 -2.9063491386189737 5.332734428168682
      vertex 5.639450908670658 -2.013707374058991 5.814661654457012
      vertex 5.545067539321757 -2.1881125648577124 5.746979058555437
    endloop
  endfacet
  facet normal 0.3491540079331231 -0.5191675516964759 0.7801003345786512
    outer loop
      vertex 5.506852965019684 -2.614845403806526 5.359522624723418
      vertex 5.930310998998027 -2.0266340969212626 5.561455821439545
      vertex 5.7197141684386175 -1.994122827378876 5.6773505591434175
    endloop
  endfacet
  facet normal 0.5900357378140352 -0.680278962687671 0.43483141678912035
    outer loop
      vertex 4.671570307517363 -3.7435229447156937 4.769253269700584
      vertex 4.771893796796533 -3.730955339662343 4.652782921118772
      vertex 4.734843056378361 -3.6852762761380067 4.774521518805572
    endloop
  endfacet
  facet normal 0.5900357378140458 -0.6802789626876615 0.4348314167891202
    outer loop
      vertex 4.771893796796533 -3.730955339662343 4.652782921118772
      vertex 4.917367698518447 -3.3480002787084766 5.054505206910334
      vertex 4.734843056378361 -3.6852762761380067 4.774521518805572
    endloop
  endfacet
  facet normal 0.2596877158017538 -0.674023891933185 0.6915591683760036
    outer loop
      vertex 4.904967842912761 -3.767735782792666 4.566964389302446
      vertex 5.230819211083788 -3.1444411117070348 5.052094104700465
      vertex 4.771893796796533 -3.730955339662343 4.652782921118772
    endloop
  endfacet
  facet normal 0.5900357378140408 -0.6802789626876636 0.43483141678912396
    outer loop
      vertex 4.771893796796533 -3.730955339662343 4.652782921118772
      vertex 5.221524144436253 -2.9063491386189737 5.332734428168682
      vertex 4.917367698518447 -3.3480002787084766 5.054505206910334
    endloop
  endfacet
  facet normal 0.3687413347809417 -0.7027499457055789 0.6084179006528123
    outer loop
      vertex 4.771893796796533 -3.730955339662343 4.652782921118772
      vertex 5.230819211083788 -3.1444411117070348 5.052094104700465
      vertex 5.221524144436253 -2.9063491386189737 5.332734428168682
    endloop
  endfacet
  facet normal 0.7241732890480223 -0.6477661004278252 0.23658429061520156
    outer loop
      vertex 4.917367698518447 -3.3480002787084766 5.054505206910334
      vertex 5.221524144436253 -2.9063491386189737 5.332734428168682
      vertex 5.13544078908407 -2.9450365020332647 5.490305769638702
    endloop
  endfacet
  facet normal 0.3687413347809398 -0.7027499457055796 0.6084179006528126
    outer loop
      vertex 5.230819211083788 -3.1444411117070348 5.052094104700465
      vertex 5.366952151644385 -2.9254271558062173 5.222559508983956
      vertex 5.221524144436253 -2.9063491386189737 5.332734428168682
    endloop
  endfacet
  facet normal 0.5383216634355288 -0.7916138341234381 0.2890628379788641
    outer loop
      vertex 4.232632281623125 -4.147593862775102 4.469690963422538
      vertex 4.277343422544091 -4.131340666915249 4.430935649382078
      vertex 4.5552833444389025 -3.8505726354635534 4.682226259047103
    endloop
  endfacet
  facet normal 0.1829357524719614 -0.7234560800762859 0.6656919788221666
    outer loop
      vertex 4.334371692253057 -4.150548268673987 4.307613681366512
      vertex 4.367788288423483 -4.152116981860837 4.296725785028575
      vertex 4.456483258393006 -4.078928840213454 4.3518908255588915
    endloop
  endfacet
  facet normal 0.18293575247194258 -0.7234560800762758 0.6656919788221827
    outer loop
      vertex 4.414026988551639 -4.167208738338955 4.267617826692232
      vertex 4.435652496952926 -4.185471220539486 4.241827847267195
      vertex 4.89568181708096 -3.7756092856097805 4.560836196076922
    endloop
  endfacet
  facet normal 0.18293575246198712 -0.7234560800706539 0.6656919788310283
    outer loop
      vertex 4.405606940485644 -4.1730048159815905 4.263632680608505
      vertex 4.414026988551639 -4.167208738338955 4.267617826692232
      vertex 4.89568181708096 -3.7756092856097805 4.560836196076922
    endloop
  endfacet
  facet normal 0.5383216634355229 -0.7916138341234393 0.2890628379788719
    outer loop
      vertex 4.306166188425355 -4.1460331367470875 4.337022914558921
      vertex 4.5552833444389025 -3.8505726354635534 4.682226259047103
      vertex 4.277343422544091 -4.131340666915249 4.430935649382078
    endloop
  endfacet
  facet normal 0.20698417141362976 -0.7411693754306828 0.6386121747257132
    outer loop
      vertex 4.31562158317604 -4.149476867389749 4.3149343460780845
      vertex 4.334371692253057 -4.150548268673987 4.307613681366512
      vertex 4.771893796796533 -3.730955339662343 4.652782921118772
    endloop
  endfacet
  facet normal 0.4899528293924353 -0.8047302186127944 0.3351947198595939
    outer loop
      vertex 4.31562158317604 -4.149476867389749 4.3149343460780845
      vertex 4.771893796796533 -3.730955339662343 4.652782921118772
      vertex 4.306166188425355 -4.1460331367470875 4.337022914558921
    endloop
  endfacet
  facet normal 0.1829357524719779 -0.7234560800763011 0.6656919788221454
    outer loop
      vertex 4.334371692253057 -4.150548268673987 4.307613681366512
      vertex 4.456483258393006 -4.078928840213454 4.3518908255588915
      vertex 4.89568181708096 -3.7756092856097805 4.560836196076922
    endloop
  endfacet
  facet normal 0.1829357524783707 -0.7234560800799451 0.6656919788164285
    outer loop
      vertex 4.405606940485644 -4.1730048159815905 4.263632680608505
      vertex 4.89568181708096 -3.7756092856097805 4.560836196076922
      vertex 4.494301910455183 -4.099816674334207 4.31879772113884
    endloop
  endfacet
  facet normal 0.18293575247195 -0.723456080076281 0.665691978822175
    outer loop
      vertex 4.89568181708096 -3.7756092856097805 4.560836196076922
      vertex 4.456483258393006 -4.078928840213454 4.3518908255588915
      vertex 4.494301910455183 -4.099816674334207 4.31879772113884
    endloop
  endfacet
  facet normal 0.4899528293924402 -0.8047302186127943 0.33519471985958654
    outer loop
      vertex 4.306166188425355 -4.1460331367470875 4.337022914558921
      vertex 4.771893796796533 -3.730955339662343 4.652782921118772
      vertex 4.5552833444389025 -3.8505726354635534 4.682226259047103
    endloop
  endfacet
  facet normal 0.20698417141362704 -0.7411693754306818 0.6386121747257152
    outer loop
      vertex 4.334371692253057 -4.150548268673987 4.307613681366512
      vertex 4.89568181708096 -3.7756092856097805 4.560836196076922
      vertex 4.771893796796533 -3.730955339662343 4.652782921118772
    endloop
  endfacet
  facet normal 0.48995282939243984 -0.8047302186127923 0.33519471985959204
    outer loop
      vertex 4.5552833444389025 -3.8505726354635534 4.682226259047103
      vertex 4.771893796796533 -3.730955339662343 4.652782921118772
      vertex 4.671570307517363 -3.7435229447156937 4.769253269700584
    endloop
  endfacet
  facet normal 0.20698417141364706 -0.7411693754306613 0.6386121747257323
    outer loop
      vertex 4.89568181708096 -3.7756092856097805 4.560836196076922
      vertex 4.904967842912761 -3.767735782792666 4.566964389302446
      vertex 4.771893796796533 -3.730955339662343 4.652782921118772
    endloop
  endfacet
  facet normal 0.37527977130547935 0.46047832179415965 0.8044406804771509
    outer loop
      vertex 4.307500046050837 4.36758825578573 4.126009255366107
      vertex 4.349875644060498 4.337671712319619 4.123365449486498
      vertex 4.38371743179283 4.41434346403879 4.0636894297544455
    endloop
  endfacet
  facet normal 0.5675953693311389 0.21932635241455123 0.7935562033343172
    outer loop
      vertex 4.293502159800791 4.389077602432404 4.1278347036322245
      vertex 4.552554257067979 4.71276242085851 3.853084937370381
      vertex 4.2723949819481515 4.430935649382078 4.131362826328984
    endloop
  endfacet
  facet normal 0.6260865609643562 0.49142196780500186 -0.6054090086367111
    outer loop
      vertex 4.4069323330397685 4.164648847916501 4.258034550409555
      vertex 4.39962525723296 4.169401305841649 4.2543355639307325
      vertex 4.40568587635927 4.173048413501449 4.263563607995789
    endloop
  endfacet
  facet normal 0.626086560964364 0.4914219678049991 -0.6054090086367051
    outer loop
      vertex 4.4069323330397685 4.164648847916501 4.258034550409555
      vertex 4.40568587635927 4.173048413501449 4.263563607995789
      vertex 4.416794093729223 4.165389590935194 4.268834411550904
    endloop
  endfacet
  facet normal -0.39353267833914063 0.8690725602173206 0.2997414154843037
    outer loop
      vertex 4.4069323330397685 4.164648847916501 4.258034550409555
      vertex 4.416794093729223 4.165389590935194 4.268834411550904
      vertex 4.437669227555661 4.183674419616364 4.2432263535610835
    endloop
  endfacet
  facet normal 0.3752797713055113 0.4604783217941201 0.8044406804771584
    outer loop
      vertex 4.7683858843676585 4.709231955003769 3.715437466439377
      vertex 4.307500046050837 4.36758825578573 4.126009255366107
      vertex 4.38371743179283 4.41434346403879 4.0636894297544455
    endloop
  endfacet
  facet normal 0.5208096992643649 0.27046799394506377 0.8096939677455272
    outer loop
      vertex 4.7683858843676585 4.709231955003769 3.715437466439377
      vertex 4.293502159800791 4.389077602432404 4.1278347036322245
      vertex 4.307500046050837 4.36758825578573 4.126009255366107
    endloop
  endfacet
  facet normal 0.5208096992643725 0.27046799394505616 0.8096939677455249
    outer loop
      vertex 4.6837288137273445 4.8216749730602375 3.7323302512677077
      vertex 4.552554257067979 4.71276242085851 3.853084937370381
      vertex 4.293502159800791 4.389077602432404 4.1278347036322245
    endloop
  endfacet
  facet normal 0.5675953693311429 0.21932635241454593 0.7935562033343158
    outer loop
      vertex 4.552554257067979 4.71276242085851 3.853084937370381
      vertex 4.338190744655299 4.525501147690592 4.058165646597548
      vertex 4.2723949819481515 4.430935649382078 4.131362826328984
    endloop
  endfacet
  facet normal 0.5675953693311587 0.21932635241452209 0.7935562033343112
    outer loop
      vertex 4.552554257067979 4.71276242085851 3.853084937370381
      vertex 4.322376791981317 4.541777192770695 4.06497822103992
      vertex 4.338190744655299 4.525501147690592 4.058165646597548
    endloop
  endfacet
  facet normal 0.37527977130547796 0.46047832179415565 0.8044406804771538
    outer loop
      vertex 4.7683858843676585 4.709231955003769 3.715437466439377
      vertex 4.38371743179283 4.41434346403879 4.0636894297544455
      vertex 4.646249689938605 4.542161046971954 3.8680500548427292
    endloop
  endfacet
  facet normal 0.5208096992643653 0.2704679939450642 0.8096939677455267
    outer loop
      vertex 4.6837288137273445 4.8216749730602375 3.7323302512677077
      vertex 4.293502159800791 4.389077602432404 4.1278347036322245
      vertex 4.7683858843676585 4.709231955003769 3.715437466439377
    endloop
  endfacet
  facet normal 0.1827311733406917 0.5869149171821185 0.7887586438693657
    outer loop
      vertex 4.7683858843676585 4.709231955003769 3.715437466439377
      vertex 4.646249689938605 4.542161046971954 3.8680500548427292
      vertex 4.9028586934222815 4.617745713470273 3.752359110237918
    endloop
  endfacet
  facet normal 0.3041708999509654 0.7054496501532092 0.6401725194990289
    outer loop
      vertex 4.943895589313798 4.663233672176639 3.682734606291723
      vertex 4.7683858843676585 4.709231955003769 3.715437466439377
      vertex 4.9028586934222815 4.617745713470273 3.752359110237918
    endloop
  endfacet
  facet normal 0.6555155228128813 0.3970201424674311 0.6423973893366127
    outer loop
      vertex 4.7683858843676585 4.709231955003769 3.715437466439377
      vertex 5.180356068912432 5.173422090097376 3.0081716960395046
      vertex 4.849384362999959 4.9667643699305355 3.4736224797808486
    endloop
  endfacet
  facet normal 0.6555155228128731 0.39702014246743056 0.6423973893366213
    outer loop
      vertex 4.6837288137273445 4.8216749730602375 3.7323302512677077
      vertex 4.7683858843676585 4.709231955003769 3.715437466439377
      vertex 4.734843056378361 4.81341637768279 3.6852762761380067
    endloop
  endfacet
  facet normal 0.6555155228128816 0.39702014246743084 0.6423973893366126
    outer loop
      vertex 4.734843056378361 4.81341637768279 3.6852762761380067
      vertex 4.7683858843676585 4.709231955003769 3.715437466439377
      vertex 4.849384362999959 4.9667643699305355 3.4736224797808486
    endloop
  endfacet
  facet normal 0.3041708999509655 0.7054496501532117 0.6401725194990262
    outer loop
      vertex 4.943895589313798 4.663233672176639 3.682734606291723
      vertex 5.180356068912432 5.173422090097376 3.0081716960395046
      vertex 4.7683858843676585 4.709231955003769 3.715437466439377
    endloop
  endfacet
  facet normal 0.2972238841341138 0.7085121209801296 0.6400535423888138
    outer loop
      vertex 4.943895589313798 4.663233672176639 3.682734606291723
      vertex 5.329327130474079 5.085708576428181 3.0360886262399966
      vertex 5.180356068912432 5.173422090097376 3.0081716960395046
    endloop
  endfacet
  facet normal 0.7222674282432667 0.27374836975258265 0.6351311613805929
    outer loop
      vertex 4.849384362999959 4.9667643699305355 3.4736224797808486
      vertex 5.180356068912432 5.173422090097376 3.0081716960395046
      vertex 5.076842037711596 5.341793136789726 3.0533175104798267
    endloop
  endfacet
  facet normal 0.32111744093787253 0.7353277515881874 0.596805401173425
    outer loop
      vertex 5.603397213306212 5.583460851704975 2.2753385657157685
      vertex 5.55619584625203 5.494639959930344 2.410172547917817
      vertex 5.557154028318258 5.494829726991243 2.4094231747412396
    endloop
  endfacet
  facet normal 0.698279373555687 0.37228720898196527 0.6113985201937406
    outer loop
      vertex 5.603397213306212 5.583460851704975 2.2753385657157685
      vertex 5.4849843119211386 5.766478625763277 2.299136644744832
      vertex 5.435426264302845 5.709040147983523 2.3907118958733435
    endloop
  endfacet
  facet normal 0.2282285953888731 0.7741473827547587 0.5904299603007787
    outer loop
      vertex 5.603397213306212 5.583460851704975 2.2753385657157685
      vertex 5.557154028318258 5.494829726991243 2.4094231747412396
      vertex 5.736977608453105 5.5211817736657505 2.3053612957607488
    endloop
  endfacet
  facet normal 0.7544737882151296 0.308519756225886 0.5792968694155284
    outer loop
      vertex 5.435426264302845 5.709040147983523 2.3907118958733435
      vertex 5.076842037711596 5.341793136789726 3.0533175104798267
      vertex 5.180356068912432 5.173422090097376 3.0081716960395046
    endloop
  endfacet
  facet normal 0.3211174409376596 0.7353277515882851 0.5968054011734192
    outer loop
      vertex 5.603397213306212 5.583460851704975 2.2753385657157685
      vertex 5.180356068912432 5.173422090097376 3.0081716960395046
      vertex 5.329327130474079 5.085708576428181 3.0360886262399966
    endloop
  endfacet
  facet normal 0.6982793735556863 0.3722872089819606 0.6113985201937444
    outer loop
      vertex 5.603397213306212 5.583460851704975 2.2753385657157685
      vertex 5.435426264302845 5.709040147983523 2.3907118958733435
      vertex 5.180356068912432 5.173422090097376 3.0081716960395046
    endloop
  endfacet
  facet normal 0.3211174409377273 0.735327751588252 0.5968054011734238
    outer loop
      vertex 5.603397213306212 5.583460851704975 2.2753385657157685
      vertex 5.329327130474079 5.085708576428181 3.0360886262399966
      vertex 5.55619584625203 5.494639959930344 2.410172547917817
    endloop
  endfacet
  facet normal 0.8004503412390328 0.469428486231871 0.37271456575289635
    outer loop
      vertex 5.603397213306212 5.583460851704975 2.2753385657157685
      vertex 5.674903450203808 5.721273757492926 1.9481968152281008
      vertex 5.4849843119211386 5.766478625763277 2.299136644744832
    endloop
  endfacet
  facet normal 0.8333752181656752 0.39589193367252656 0.3856881157105326
    outer loop
      vertex 5.877626048021034 5.809084879540706 1.4022283090447838
      vertex 5.761360145538754 6.026687455036097 1.4300902446961063
      vertex 5.700396852156716 5.799101878603995 1.7954232329642414
    endloop
  endfacet
  facet normal 0.8004503412390342 0.4694284862318679 0.37271456575289713
    outer loop
      vertex 5.877626048021034 5.809084879540706 1.4022283090447838
      vertex 5.700396852156716 5.799101878603995 1.7954232329642414
      vertex 5.674903450203808 5.721273757492926 1.9481968152281008
    endloop
  endfacet
  facet normal 0.2980130455780463 0.8945542717276147 0.3331079098418021
    outer loop
      vertex 5.787661669043137 5.560352196957401 2.1506807922485276
      vertex 6.047358916628729 5.7442454872701285 1.4245026111678223
      vertex 5.877626048021034 5.809084879540706 1.4022283090447838
    endloop
  endfacet
  facet normal 0.33587673006946067 0.8810170373282065 0.33316032497174164
    outer loop
      vertex 5.603397213306212 5.583460851704975 2.2753385657157685
      vertex 5.736977608453105 5.5211817736657505 2.3053612957607488
      vertex 5.877626048021034 5.809084879540706 1.4022283090447838
    endloop
  endfacet
  facet normal 0.8004503412390314 0.46942848623187305 0.3727145657528969
    outer loop
      vertex 5.603397213306212 5.583460851704975 2.2753385657157685
      vertex 5.877626048021034 5.809084879540706 1.4022283090447838
      vertex 5.674903450203808 5.721273757492926 1.9481968152281008
    endloop
  endfacet
  facet normal 0.3358767300694773 0.8810170373281999 0.3331603249717422
    outer loop
      vertex 5.787661669043137 5.560352196957401 2.1506807922485276
      vertex 5.877626048021034 5.809084879540706 1.4022283090447838
      vertex 5.736977608453105 5.5211817736657505 2.3053612957607488
    endloop
  endfacet
  facet normal 0.856124149203745 0.44456119129529664 0.26347065936128494
    outer loop
      vertex 6.042311626005311 6.033940638356045 0.487692151847491
      vertex 5.917297440400921 6.269997535383081 0.4956092684562414
      vertex 5.913991671165697 6.264623005599116 0.5154196574006302
    endloop
  endfacet
  facet normal 0.8657981340423059 0.42978544272192387 0.2562773191548197
    outer loop
      vertex 5.877626048021034 5.809084879540706 1.4022283090447838
      vertex 5.913991671165697 6.264623005599116 0.5154196574006302
      vertex 5.761360145538754 6.026687455036097 1.4300902446961063
    endloop
  endfacet
  facet normal 0.289986039156286 0.9147354856847932 0.28136646623834594
    outer loop
      vertex 6.042311626005311 6.033940638356045 0.487692151847491
      vertex 6.049733092254903 5.748038276933488 1.409525223497634
      vertex 6.206139894777382 5.979026330469098 0.49737402818970927
    endloop
  endfacet
  facet normal 0.3104501797432731 0.908629588101342 0.27930799760149233
    outer loop
      vertex 6.042311626005311 6.033940638356045 0.487692151847491
      vertex 5.877626048021034 5.809084879540706 1.4022283090447838
      vertex 6.049733092254903 5.748038276933488 1.409525223497634
    endloop
  endfacet
  facet normal 0.8561241492037517 0.4445611912953045 0.2634706593612499
    outer loop
      vertex 6.042311626005311 6.033940638356045 0.487692151847491
      vertex 5.913991671165697 6.264623005599116 0.5154196574006302
      vertex 5.877626048021034 5.809084879540706 1.4022283090447838
    endloop
  endfacet
  facet normal 0.3104501797432777 0.9086295881013506 0.27930799760145847
    outer loop
      vertex 5.877626048021034 5.809084879540706 1.4022283090447838
      vertex 6.047358916628729 5.7442454872701285 1.4245026111678223
      vertex 6.049733092254903 5.748038276933488 1.409525223497634
    endloop
  endfacet
  facet normal 0.8829807064005987 0.4682553998998959 -0.03289304772878959
    outer loop
      vertex 5.921947445491682 6.193552759145543 -0.4677433156668462
      vertex 5.991057335329055 6.0923260580235095 -0.05359045133671925
      vertex 6.047233512616776 5.957968504919146 -0.45827077052792126
    endloop
  endfacet
  facet normal 0.8827801676008445 0.46862281670294303 -0.033042871485764146
    outer loop
      vertex 6.047233512616776 5.957968504919146 -0.45827077052792126
      vertex 5.991057335329055 6.0923260580235095 -0.05359045133671925
      vertex 6 6.079258780028564 0
    endloop
  endfacet
  facet normal 0.31323592091458285 0.9468774250847113 -0.07284503904687097
    outer loop
      vertex 6.2211868139975595 5.899721094007109 -0.4673961127172623
      vertex 6.047233512616776 5.957968504919146 -0.45827077052792126
      vertex 6.205167796713663 5.9737632913272405 0.4261603238871627
    endloop
  endfacet
  facet normal 0.8827801676008403 0.4686228167029506 -0.03304287148576658
    outer loop
      vertex 6.047233512616776 5.957968504919146 -0.45827077052792126
      vertex 6 6.079258780028564 0
      vertex 6.042311626005311 6.033940638356045 0.487692151847491
    endloop
  endfacet
  facet normal 0.3208775504889987 0.9442126832165937 -0.07416202832380232
    outer loop
      vertex 6.047233512616776 5.957968504919146 -0.45827077052792126
      vertex 6.042311626005311 6.033940638356045 0.487692151847491
      vertex 6.205167796713663 5.9737632913272405 0.4261603238871627
    endloop
  endfacet
  facet normal 0.8827801676008418 0.4686228167029482 -0.03304287148576692
    outer loop
      vertex 6 6.079258780028564 0
      vertex 5.917297440400921 6.269997535383081 0.4956092684562414
      vertex 6.042311626005311 6.033940638356045 0.487692151847491
    endloop
  endfacet
  facet normal 0.3208775504889972 0.9442126832165938 -0.07416202832380644
    outer loop
      vertex 6.042311626005311 6.033940638356045 0.487692151847491
      vertex 6.20428694225294 5.9795069580400195 0.4954760728339947
      vertex 6.205167796713663 5.9737632913272405 0.4261603238871627
    endloop
  endfacet
  facet normal 0.3208775504889912 0.94421268321662 -0.07416202832350055
    outer loop
      vertex 6.042311626005311 6.033940638356045 0.487692151847491
      vertex 6.206139894777382 5.979026330469098 0.49737402818970927
      vertex 6.20428694225294 5.9795069580400195 0.4954760728339947
    endloop
  endfacet
  facet normal 0.33173962140048013 0.9328614099821987 -0.1404222680314285
    outer loop
      vertex 5.879903784153633 5.87632174387816 -1.3959782669280676
      vertex 6.051596893473007 5.831974989353138 -1.284970010567724
      vertex 6.0267467942803865 5.821153326558174 -1.4155680586428447
    endloop
  endfacet
  facet normal 0.8757821205693069 0.4432769144832217 -0.19107918352704636
    outer loop
      vertex 5.879903784153633 5.87632174387816 -1.3959782669280676
      vertex 5.762827730312905 6.096715626223466 -1.4212954913070868
      vertex 5.9183015265146794 6.19116663199724 -0.4895921102604177
    endloop
  endfacet
  facet normal 0.3317396214004805 0.9328614099821982 -0.14042226803142932
    outer loop
      vertex 5.879903784153633 5.87632174387816 -1.3959782669280676
      vertex 6.047233512616776 5.957968504919146 -0.45827077052792126
      vertex 6.051596893473007 5.831974989353138 -1.284970010567724
    endloop
  endfacet
  facet normal 0.30761507467710675 0.940889653684044 -0.1417731477456776
    outer loop
      vertex 6.051596893473007 5.831974989353138 -1.284970010567724
      vertex 6.047233512616776 5.957968504919146 -0.45827077052792126
      vertex 6.2211868139975595 5.899721094007109 -0.4673961127172623
    endloop
  endfacet
  facet normal 0.8692413614610736 0.4544433929579253 -0.1946809136052845
    outer loop
      vertex 5.879903784153633 5.87632174387816 -1.3959782669280676
      vertex 5.9183015265146794 6.19116663199724 -0.4895921102604177
      vertex 6.047233512616776 5.957968504919146 -0.45827077052792126
    endloop
  endfacet
  facet normal 0.8692413614610753 0.45444339295792846 -0.19468091360526887
    outer loop
      vertex 5.9183015265146794 6.19116663199724 -0.4895921102604177
      vertex 5.921947445491682 6.193552759145543 -0.4677433156668462
      vertex 6.047233512616776 5.957968504919146 -0.45827077052792126
    endloop
  endfacet
  facet normal 0.7837012789402907 0.45765387651500045 -0.4199586106965129
    outer loop
      vertex 5.62285706447074 5.544136930880226 -2.237664807810179
      vertex 5.503870285307564 5.723508890516877 -2.264238422583435
      vertex 5.674903450203807 5.720636598178476 -1.9481968152281037
    endloop
  endfacet
  facet normal 0.32308454889148913 0.8424500937711974 -0.43115451264307036
    outer loop
      vertex 5.62285706447074 5.544136930880226 -2.237664807810179
      vertex 5.796528806967132 5.5014444986245605 -2.1909427802496877
      vertex 5.781548271538101 5.466992123412993 -2.2694862844131274
    endloop
  endfacet
  facet normal 0.3230845488914896 0.8424500937711956 -0.4311545126430737
    outer loop
      vertex 5.62285706447074 5.544136930880226 -2.237664807810179
      vertex 5.879903784153633 5.87632174387816 -1.3959782669280676
      vertex 5.796528806967132 5.5014444986245605 -2.1909427802496877
    endloop
  endfacet
  facet normal 0.7837012789402914 0.45765387651499984 -0.4199586106965127
    outer loop
      vertex 5.62285706447074 5.544136930880226 -2.237664807810179
      vertex 5.674903450203807 5.720636598178476 -1.9481968152281037
      vertex 5.879903784153633 5.87632174387816 -1.3959782669280676
    endloop
  endfacet
  facet normal 0.783701278940293 0.4576538765149972 -0.4199586106965125
    outer loop
      vertex 5.674903450203807 5.720636598178476 -1.9481968152281037
      vertex 5.699996686229967 5.815655771506115 -1.7978212958921447
      vertex 5.879903784153633 5.87632174387816 -1.3959782669280676
    endloop
  endfacet
  facet normal 0.2655793311265409 0.8609543202945703 -0.4338493716078124
    outer loop
      vertex 5.796528806967132 5.5014444986245605 -2.1909427802496877
      vertex 5.879903784153633 5.87632174387816 -1.3959782669280676
      vertex 5.948472592954426 5.816401595635982 -1.4729129228447957
    endloop
  endfacet
  facet normal 0.818772799042944 0.386137412645653 -0.424863509968441
    outer loop
      vertex 5.699996686229967 5.815655771506115 -1.7978212958921447
      vertex 5.762827730312905 6.096715626223466 -1.4212954913070868
      vertex 5.879903784153633 5.87632174387816 -1.3959782669280676
    endloop
  endfacet
  facet normal 0.26557933112654536 0.8609543202945706 -0.43384937160780906
    outer loop
      vertex 5.879903784153633 5.87632174387816 -1.3959782669280676
      vertex 6.0267467942803865 5.821153326558174 -1.4155680586428447
      vertex 5.948472592954426 5.816401595635982 -1.4729129228447957
    endloop
  endfacet
  facet normal 0.30871045087949334 0.7917550910255144 -0.5270879749652418
    outer loop
      vertex 5.185389908790622 5.204163807549056 -3.004569296782704
      vertex 5.38637283075047 5.180784073832816 -2.9219749153352432
      vertex 5.319765732538957 5.130617967261259 -3.0363421186462
    endloop
  endfacet
  facet normal 0.7639912363081584 0.327738866440043 -0.5557918911507502
    outer loop
      vertex 5.185389908790622 5.204163807549056 -3.004569296782704
      vertex 5.081298307689303 5.378106736583239 -3.045083044799336
      vertex 5.449867754781772 5.673896970432991 -2.364026358794405
    endloop
  endfacet
  facet normal 0.30871045087949167 0.7917550910255182 -0.5270879749652368
    outer loop
      vertex 5.185389908790622 5.204163807549056 -3.004569296782704
      vertex 5.62285706447074 5.544136930880226 -2.237664807810179
      vertex 5.38637283075047 5.180784073832816 -2.9219749153352432
    endloop
  endfacet
  facet normal 0.7155430748737012 0.3886622484136847 -0.5804651278572279
    outer loop
      vertex 5.185389908790622 5.204163807549056 -3.004569296782704
      vertex 5.449867754781772 5.673896970432991 -2.364026358794405
      vertex 5.62285706447074 5.544136930880226 -2.237664807810179
    endloop
  endfacet
  facet normal 0.2848775596146258 0.8023512323992172 -0.5244780985851292
    outer loop
      vertex 5.38637283075047 5.180784073832816 -2.9219749153352432
      vertex 5.62285706447074 5.544136930880226 -2.237664807810179
      vertex 5.781548271538101 5.466992123412993 -2.2694862844131274
    endloop
  endfacet
  facet normal 0.7155430748737015 0.3886622484136864 -0.5804651278572265
    outer loop
      vertex 5.62285706447074 5.544136930880226 -2.237664807810179
      vertex 5.449867754781772 5.673896970432991 -2.364026358794405
      vertex 5.503870285307564 5.723508890516877 -2.264238422583435
    endloop
  endfacet
  facet normal 0.6950211940086735 0.32680348919758095 -0.6404256548008087
    outer loop
      vertex 4.694720663780647 4.8413433872805145 -3.7222115404698437
      vertex 4.734843056378361 4.828394864683094 -3.6852762761380067
      vertex 4.777645225072133 4.724209340429077 -3.691990214635245
    endloop
  endfacet
  facet normal 0.6950211940086697 0.32680348919757973 -0.6404256548008133
    outer loop
      vertex 4.734843056378361 4.828394864683094 -3.6852762761380067
      vertex 4.8155089057323135 4.948943546510364 -3.5362188421369933
      vertex 4.777645225072133 4.724209340429077 -3.691990214635245
    endloop
  endfacet
  facet normal 0.36874922612215566 0.6451605230593982 -0.6691725545179174
    outer loop
      vertex 4.911152604724142 4.624680295199927 -3.714378263652226
      vertex 4.777645225072133 4.724209340429077 -3.691990214635245
      vertex 4.988156403897726 4.972001119673444 -3.337087272807023
    endloop
  endfacet
  facet normal 0.6950211940086763 0.3268034891975751 -0.6404256548008083
    outer loop
      vertex 4.777645225072133 4.724209340429077 -3.691990214635245
      vertex 4.8155089057323135 4.948943546510364 -3.5362188421369933
      vertex 4.988156403897726 4.972001119673444 -3.337087272807023
    endloop
  endfacet
  facet normal 0.6950211940086767 0.3268034891975746 -0.6404256548008084
    outer loop
      vertex 4.8155089057323135 4.948943546510364 -3.5362188421369933
      vertex 5.015223586196672 5.022998869575171 -3.281688948734561
      vertex 4.988156403897726 4.972001119673444 -3.337087272807023
    endloop
  endfacet
  facet normal 0.6950211940086689 0.3268034891975933 -0.6404256548008074
    outer loop
      vertex 4.8155089057323135 4.948943546510364 -3.5362188421369933
      vertex 5.049167822206277 5.043817390815147 -3.2342275008765426
      vertex 5.015223586196672 5.022998869575171 -3.281688948734561
    endloop
  endfacet
  facet normal 0.6950211940086788 0.32680348919757063 -0.6404256548008082
    outer loop
      vertex 4.8155089057323135 4.948943546510364 -3.5362188421369933
      vertex 5.185389908790622 5.204163807549056 -3.004569296782704
      vertex 5.049167822206277 5.043817390815147 -3.2342275008765426
    endloop
  endfacet
  facet normal 0.36874922612214234 0.6451605230594065 -0.6691725545179166
    outer loop
      vertex 5.049167822206277 5.043817390815147 -3.2342275008765426
      vertex 5.185389908790622 5.204163807549056 -3.004569296782704
      vertex 5.13087232286572 5.078038764553877 -3.1562106270261694
    endloop
  endfacet
  facet normal 0.7187441923902661 0.28210337526409474 -0.6354718495495054
    outer loop
      vertex 4.8155089057323135 4.948943546510364 -3.5362188421369933
      vertex 5.081298307689303 5.378106736583239 -3.045083044799336
      vertex 5.185389908790622 5.204163807549056 -3.004569296782704
    endloop
  endfacet
  facet normal 0.2283521305032516 0.7065768443655174 -0.6697794170479514
    outer loop
      vertex 5.13087232286572 5.078038764553877 -3.1562106270261694
      vertex 5.185389908790622 5.204163807549056 -3.004569296782704
      vertex 5.319765732538957 5.130617967261259 -3.0363421186462
    endloop
  endfacet
  facet normal 0.5633889431604739 0.19653150838266037 -0.8024763329453153
    outer loop
      vertex 4.259533857245329 4.440284530037096 -4.125272011167257
      vertex 4.777645225072133 4.724209340429077 -3.691990214635245
      vertex 4.300080518844086 4.400667865987158 -4.106508070767021
    endloop
  endfacet
  facet normal 0.249945857170136 0.5666305753422507 -0.7851476673663343
    outer loop
      vertex 4.330358134951609 4.324670579027931 -4.114848951672118
      vertex 4.848899782411903 4.572887374222176 -3.7706403737750045
      vertex 4.400667865987157 4.293590008252773 -4.114896809814954
    endloop
  endfacet
  facet normal 0.5633889431604729 0.19653150838266253 -0.8024763329453156
    outer loop
      vertex 4.311626517578516 4.334291330845174 -4.114658083769825
      vertex 4.300080518844086 4.400667865987158 -4.106508070767021
      vertex 4.777645225072133 4.724209340429077 -3.691990214635245
    endloop
  endfacet
  facet normal 0.2697675714748646 0.5410408516502676 -0.7965552424195744
    outer loop
      vertex 4.311626517578516 4.334291330845174 -4.114658083769825
      vertex 4.777645225072133 4.724209340429077 -3.691990214635245
      vertex 4.330358134951609 4.324670579027931 -4.114848951672118
    endloop
  endfacet
  facet normal 0.5650350112994719 0.19305083843776052 -0.8021638297656429
    outer loop
      vertex 4.2541496658362155 4.445598437027385 -4.127785715200036
      vertex 4.777645225072133 4.724209340429077 -3.691990214635245
      vertex 4.259533857245329 4.440284530037096 -4.125272011167257
    endloop
  endfacet
  facet normal 0.2499458571701328 0.566630575342254 -0.785147667366333
    outer loop
      vertex 4.400667865987157 4.293590008252773 -4.114896809814954
      vertex 4.848899782411903 4.572887374222176 -3.7706403737750045
      vertex 4.497567445272558 4.341125322489672 -4.049743956427979
    endloop
  endfacet
  facet normal 0.24994585717012577 0.5666305753422612 -0.78514766736633
    outer loop
      vertex 4.848899782411903 4.572887374222176 -3.7706403737750045
      vertex 4.532987447875621 4.297057684824693 -4.070271289874123
      vertex 4.497567445272558 4.341125322489672 -4.049743956427979
    endloop
  endfacet
  facet normal 0.5650350112995198 0.19305083843765697 -0.802163829765634
    outer loop
      vertex 4.2541496658362155 4.445598437027385 -4.127785715200036
      vertex 4.694720663780647 4.8413433872805145 -3.7222115404698437
      vertex 4.777645225072133 4.724209340429077 -3.691990214635245
    endloop
  endfacet
  facet normal 0.269767571474862 0.5410408516502698 -0.7965552424195738
    outer loop
      vertex 4.330358134951609 4.324670579027931 -4.114848951672118
      vertex 4.777645225072133 4.724209340429077 -3.691990214635245
      vertex 4.848899782411903 4.572887374222176 -3.7706403737750045
    endloop
  endfacet
  facet normal 0.26976757147486075 0.5410408516502696 -0.7965552424195744
    outer loop
      vertex 4.848899782411903 4.572887374222176 -3.7706403737750045
      vertex 4.777645225072133 4.724209340429077 -3.691990214635245
      vertex 4.911152604724142 4.624680295199927 -3.714378263652226
    endloop
  endfacet
  facet normal 0.5166812120093521 -0.2879677686899977 0.8062971470569961
    outer loop
      vertex 4.324304091028709 -4.366679536755842 4.12585946388572
      vertex 4.394757294125149 -4.41434346403879 4.0636894297544455
      vertex 4.353184072652052 -4.351091997907402 4.112920021938686
    endloop
  endfacet
  facet normal 0.5166812120093597 -0.2879677686900229 0.8062971470569822
    outer loop
      vertex 4.324304091028709 -4.366679536755842 4.12585946388572
      vertex 4.353184072652052 -4.351091997907402 4.112920021938686
      vertex 4.341567881418936 -4.341665867407614 4.123730291532817
    endloop
  endfacet
  facet normal 0.3707893986587986 -0.4650191264671633 0.803910712617989
    outer loop
      vertex 4.341567881418936 -4.341665867407614 4.123730291532817
      vertex 4.353184072652052 -4.351091997907402 4.112920021938686
      vertex 4.347362429417615 -4.337658631384404 4.123375630787048
    endloop
  endfacet
  facet normal 0.5166812120093405 -0.28796776869001395 0.8062971470569977
    outer loop
      vertex 4.683090252514228 -4.823152293914964 3.732918088275211
      vertex 4.779973134048672 -4.697416305752595 3.715741228913158
      vertex 4.595756901523908 -4.754743337915706 3.813314101448073
    endloop
  endfacet
  facet normal 0.5285442215073967 -0.27665881396559333 0.802558973886836
    outer loop
      vertex 4.595756901523908 -4.754743337915706 3.813314101448073
      vertex 4.342819307786368 -4.532427617523598 4.056529009576522
      vertex 4.324272375603112 -4.548412486531919 4.063233213387059
    endloop
  endfacet
  facet normal 0.5285442215074079 -0.27665881396557856 0.8025589738868338
    outer loop
      vertex 4.595756901523908 -4.754743337915706 3.813314101448073
      vertex 4.282381578166426 -4.430935649382078 4.131318105752246
      vertex 4.342819307786368 -4.532427617523598 4.056529009576522
    endloop
  endfacet
  facet normal 0.5285442215073942 -0.2766588139655953 0.8025589738868371
    outer loop
      vertex 4.324304091028709 -4.366679536755842 4.12585946388572
      vertex 4.282381578166426 -4.430935649382078 4.131318105752246
      vertex 4.595756901523908 -4.754743337915706 3.813314101448073
    endloop
  endfacet
  facet normal 0.5166812120094313 -0.2879677686898672 0.806297147056992
    outer loop
      vertex 4.779973134048672 -4.697416305752595 3.715741228913158
      vertex 4.394757294125149 -4.41434346403879 4.0636894297544455
      vertex 4.324304091028709 -4.366679536755842 4.12585946388572
    endloop
  endfacet
  facet normal 0.51668121200934 -0.28796776869000984 0.8062971470569994
    outer loop
      vertex 4.779973134048672 -4.697416305752595 3.715741228913158
      vertex 4.324304091028709 -4.366679536755842 4.12585946388572
      vertex 4.595756901523908 -4.754743337915706 3.813314101448073
    endloop
  endfacet
  facet normal 0.37078939865875027 -0.46501912646718624 0.803910712617998
    outer loop
      vertex 4.779973134048672 -4.697416305752595 3.715741228913158
      vertex 4.670196675470827 -4.554626900277816 3.8489696459307963
      vertex 4.505978397106691 -4.4750792165260425 3.9707264400098197
    endloop
  endfacet
  facet normal 0.5166812120093242 -0.2879677686900326 0.8062971470570015
    outer loop
      vertex 4.779973134048672 -4.697416305752595 3.715741228913158
      vertex 4.505978397106691 -4.4750792165260425 3.9707264400098197
      vertex 4.394757294125149 -4.41434346403879 4.0636894297544455
    endloop
  endfacet
  facet normal 0.16267349818724686 -0.6033617150764553 0.7806996693783866
    outer loop
      vertex 4.779973134048672 -4.697416305752595 3.715741228913158
      vertex 4.901466662618938 -4.618220976494005 3.751631666026037
      vertex 4.670196675470827 -4.554626900277816 3.8489696459307963
    endloop
  endfacet
  facet normal 0.6257898283785785 -0.4941673642915619 -0.6034780085198134
    outer loop
      vertex 4.404596653081197 -4.166083814570935 4.256917671031365
      vertex 4.405606940485644 -4.1730048159815905 4.263632680608505
      vertex 4.399360971958491 -4.169483054381763 4.254271936487985
    endloop
  endfacet
  facet normal 0.6257898283785789 -0.4941673642915617 -0.6034780085198133
    outer loop
      vertex 4.404596653081197 -4.166083814570935 4.256917671031365
      vertex 4.414026988551639 -4.167208738338955 4.267617826692232
      vertex 4.405606940485644 -4.1730048159815905 4.263632680608505
    endloop
  endfacet
  facet normal -0.41146513910803334 -0.8701561328705314 0.2711544646997516
    outer loop
      vertex 4.404596653081197 -4.166083814570935 4.256917671031365
      vertex 4.435652496952926 -4.185471220539486 4.241827847267195
      vertex 4.414026988551639 -4.167208738338955 4.267617826692232
    endloop
  endfacet
  facet normal 0.6485028243240851 -0.4122708722357033 0.6399037542862965
    outer loop
      vertex 4.734843056378361 -4.815691992370249 3.6852762761380067
      vertex 4.867301973425613 -4.9872407374124705 3.440513635643363
      vertex 5.166077157269778 -5.187338939316604 3.0088061969195308
    endloop
  endfacet
  facet normal 0.6485028243240825 -0.41227087223569553 0.6399037542863045
    outer loop
      vertex 4.683090252514228 -4.823152293914964 3.732918088275211
      vertex 4.734843056378361 -4.815691992370249 3.6852762761380067
      vertex 4.779973134048672 -4.697416305752595 3.715741228913158
    endloop
  endfacet
  facet normal 0.6485028243240906 -0.41227087223569636 0.6399037542862959
    outer loop
      vertex 4.734843056378361 -4.815691992370249 3.6852762761380067
      vertex 5.166077157269778 -5.187338939316604 3.0088061969195308
      vertex 4.779973134048672 -4.697416305752595 3.715741228913158
    endloop
  endfacet
  facet normal 0.28026162781061675 -0.718455039978009 0.6366127358976892
    outer loop
      vertex 4.779973134048672 -4.697416305752595 3.715741228913158
      vertex 5.293132103549454 -5.047083576441599 3.0952085898626183
      vertex 4.901466662618938 -4.618220976494005 3.751631666026037
    endloop
  endfacet
  facet normal 0.31788255335262755 -0.6891251949560109 0.6511967044993808
    outer loop
      vertex 5.166077157269778 -5.187338939316604 3.0088061969195308
      vertex 5.330275396632713 -5.0854678135840805 3.0364571412067263
      vertex 5.293132103549454 -5.047083576441599 3.0952085898626183
    endloop
  endfacet
  facet normal 0.7394198840403191 -0.24708897392558976 0.6262629432196992
    outer loop
      vertex 4.867301973425613 -4.9872407374124705 3.440513635643363
      vertex 5.076883096967142 -5.341629881526313 3.0532416396209334
      vertex 5.166077157269778 -5.187338939316604 3.0088061969195308
    endloop
  endfacet
  facet normal 0.3178825533526339 -0.6891251949560132 0.6511967044993752
    outer loop
      vertex 4.779973134048672 -4.697416305752595 3.715741228913158
      vertex 5.166077157269778 -5.187338939316604 3.0088061969195308
      vertex 5.293132103549454 -5.047083576441599 3.0952085898626183
    endloop
  endfacet
  facet normal 0.7372897425137567 -0.32342613110675755 0.5931267767529239
    outer loop
      vertex 5.4266061568806325 -5.697056762664307 2.4070100268729866
      vertex 5.485668722929163 -5.762563168354455 2.2978719639725442
      vertex 5.566432720877618 -5.6206075446170365 2.2748847888660704
    endloop
  endfacet
  facet normal 0.3010840553665188 -0.7334531818390697 0.6094217108490604
    outer loop
      vertex 5.566432720877618 -5.6206075446170365 2.2748847888660704
      vertex 5.7435267057942445 -5.52056559488923 2.3077945307221435
      vertex 5.599460136449927 -5.494639959930345 2.4101725479178158
    endloop
  endfacet
  facet normal 0.7708522280601244 -0.2809737831392528 0.571699725103273
    outer loop
      vertex 5.4266061568806325 -5.697056762664307 2.4070100268729866
      vertex 5.166077157269778 -5.187338939316604 3.0088061969195308
      vertex 5.076883096967142 -5.341629881526313 3.0532416396209334
    endloop
  endfacet
  facet normal 0.3415943327810606 -0.7158795101752181 0.6089579942189377
    outer loop
      vertex 5.166077157269778 -5.187338939316604 3.0088061969195308
      vertex 5.36746007887533 -5.144219300872977 2.946531295446181
      vertex 5.330275396632713 -5.0854678135840805 3.0364571412067263
    endloop
  endfacet
  facet normal 0.7372897425137568 -0.3234261311067604 0.5931267767529222
    outer loop
      vertex 5.4266061568806325 -5.697056762664307 2.4070100268729866
      vertex 5.566432720877618 -5.6206075446170365 2.2748847888660704
      vertex 5.166077157269778 -5.187338939316604 3.0088061969195308
    endloop
  endfacet
  facet normal 0.34159433278106127 -0.7158795101752135 0.6089579942189428
    outer loop
      vertex 5.566432720877618 -5.6206075446170365 2.2748847888660704
      vertex 5.36746007887533 -5.144219300872977 2.946531295446181
      vertex 5.166077157269778 -5.187338939316604 3.0088061969195308
    endloop
  endfacet
  facet normal 0.3010840553665174 -0.7334531818390698 0.6094217108490608
    outer loop
      vertex 5.566432720877618 -5.6206075446170365 2.2748847888660704
      vertex 5.599460136449927 -5.494639959930345 2.4101725479178158
      vertex 5.36746007887533 -5.144219300872977 2.946531295446181
    endloop
  endfacet
  facet normal 0.8344012165375128 -0.416216631705472 0.36130087923013726
    outer loop
      vertex 5.485668722929163 -5.762563168354455 2.2978719639725442
      vertex 5.647477939942714 -5.697727123550476 1.9988747194270589
      vertex 5.566432720877618 -5.6206075446170365 2.2748847888660704
    endloop
  endfacet
  facet normal 0.8861374775921422 -0.2795379011465765 0.3696199840771633
    outer loop
      vertex 5.761514897337726 -6.02282201017704 1.429162868007256
      vertex 5.822325054430123 -5.86410505432225 1.4034100545451205
      vertex 5.723505242763929 -5.842130847160996 1.6569422401199814
    endloop
  endfacet
  facet normal 0.41202875526997895 -0.8389979745544169 0.35540779890747715
    outer loop
      vertex 5.822325054430123 -5.86410505432225 1.4034100545451205
      vertex 6.045308015225948 -5.742137189046571 1.432828092573668
      vertex 5.691417780840442 -5.7395386217181015 1.8492318573653272
    endloop
  endfacet
  facet normal 0.834401216537509 -0.4162166317054806 0.36130087923013604
    outer loop
      vertex 5.822325054430123 -5.86410505432225 1.4034100545451205
      vertex 5.691417780840442 -5.7395386217181015 1.8492318573653272
      vertex 5.723505242763929 -5.842130847160996 1.6569422401199814
    endloop
  endfacet
  facet normal 0.41202875526997895 -0.8389979745544169 0.35540779890747715
    outer loop
      vertex 5.691417780840442 -5.7395386217181015 1.8492318573653272
      vertex 6.045308015225948 -5.742137189046571 1.432828092573668
      vertex 5.674903450203808 -5.705726217389334 1.9481968152281008
    endloop
  endfacet
  facet normal 0.4120287552699573 -0.8389979745544337 0.35540779890746277
    outer loop
      vertex 6.045308015225948 -5.742137189046571 1.432828092573668
      vertex 5.647477939942714 -5.697727123550476 1.9988747194270589
      vertex 5.674903450203808 -5.705726217389334 1.9481968152281008
    endloop
  endfacet
  facet normal 0.41202875526997484 -0.8389979745544127 0.3554077989074916
    outer loop
      vertex 5.822325054430123 -5.86410505432225 1.4034100545451205
      vertex 6.04813875977805 -5.744203439528562 1.42466865394425
      vertex 6.045308015225948 -5.742137189046571 1.432828092573668
    endloop
  endfacet
  facet normal 0.4120287552699842 -0.838997974554413 0.35540779890748003
    outer loop
      vertex 5.566432720877618 -5.6206075446170365 2.2748847888660704
      vertex 5.647477939942714 -5.697727123550476 1.9988747194270589
      vertex 6.045308015225948 -5.742137189046571 1.432828092573668
    endloop
  endfacet
  facet normal 0.40923800921866876 -0.8409157048357416 0.3540974854067008
    outer loop
      vertex 5.566432720877618 -5.6206075446170365 2.2748847888660704
      vertex 6.045308015225948 -5.742137189046571 1.432828092573668
      vertex 5.7435267057942445 -5.52056559488923 2.3077945307221435
    endloop
  endfacet
  facet normal 0.9189615360262292 -0.3156244230900063 0.2364126029919179
    outer loop
      vertex 5.9173284465694875 -6.267606818211668 0.49542345867482973
      vertex 5.977363972692831 -6.098923770806035 0.4872604007178512
      vertex 5.910919896800366 -6.257499686358706 0.5338277919667752
    endloop
  endfacet
  facet normal 0.4273917320889634 -0.8557284934848516 0.2916591380021244
    outer loop
      vertex 5.977363972692831 -6.098923770806035 0.4872604007178512
      vertex 6.210458747440249 -5.978934628025644 0.49773615294953627
      vertex 6.205298166739223 -5.971483498248058 0.5271599990272386
    endloop
  endfacet
  facet normal 0.918961536026226 -0.315624423089998 0.2364126029919416
    outer loop
      vertex 5.910919896800366 -6.257499686358706 0.5338277919667752
      vertex 5.977363972692831 -6.098923770806035 0.4872604007178512
      vertex 5.822325054430123 -5.86410505432225 1.4034100545451205
    endloop
  endfacet
  facet normal 0.9196467611312732 -0.3140914353327091 0.2357888992115573
    outer loop
      vertex 5.910919896800366 -6.257499686358706 0.5338277919667752
      vertex 5.822325054430123 -5.86410505432225 1.4034100545451205
      vertex 5.761514897337726 -6.02282201017704 1.429162868007256
    endloop
  endfacet
  facet normal 0.42739173208896125 -0.8557284934848499 0.29165913800213195
    outer loop
      vertex 5.977363972692831 -6.098923770806035 0.4872604007178512
      vertex 6.205298166739223 -5.971483498248058 0.5271599990272386
      vertex 5.822325054430123 -5.86410505432225 1.4034100545451205
    endloop
  endfacet
  facet normal 0.42704134178109426 -0.8559464772513661 0.2915327091267447
    outer loop
      vertex 6.205298166739223 -5.971483498248058 0.5271599990272386
      vertex 6.04813875977805 -5.744203439528562 1.42466865394425
      vertex 5.822325054430123 -5.86410505432225 1.4034100545451205
    endloop
  endfacet
  facet normal 0.9414506635552653 -0.336420892374783 -0.02217275952842445
    outer loop
      vertex 5.921982598775613 -6.190976420128381 -0.4675326535855604
      vertex 5.982240740981818 -6.022947287534087 -0.4584423447294279
      vertex 5.980479887126452 -6.0503801027836115 -0.1169776232844652
    endloop
  endfacet
  facet normal 0.45904336895540915 -0.8857464523811167 -0.06879249604669373
    outer loop
      vertex 5.982240740981818 -6.022947287534087 -0.4584423447294279
      vertex 6 -6.049348887037774 0
      vertex 5.980479887126452 -6.0503801027836115 -0.1169776232844652
    endloop
  endfacet
  facet normal 0.4543343580838925 -0.888269840173496 -0.06750542276476211
    outer loop
      vertex 5.982240740981818 -6.022947287534087 -0.4584423447294279
      vertex 6.2218308011529295 -5.899716843289939 -0.46744741124464984
      vertex 6.209342221975549 -5.97680854050637 0.46291101610811364
    endloop
  endfacet
  facet normal 0.9414506635552643 -0.3364208923747858 -0.022172759528424443
    outer loop
      vertex 5.9616814948341075 -6.125830265542516 0.22963021224092894
      vertex 5.979234962880877 -6.069775112042594 0.12443804527895022
      vertex 5.977363972692831 -6.098923770806035 0.4872604007178512
    endloop
  endfacet
  facet normal 0.45904336895544817 -0.8857464523810965 -0.06879249604669407
    outer loop
      vertex 5.982240740981818 -6.022947287534087 -0.4584423447294279
      vertex 6.209342221975549 -5.97680854050637 0.46291101610811364
      vertex 6 -6.049348887037774 0
    endloop
  endfacet
  facet normal 0.4590433689554434 -0.8857464523810991 -0.06879249604669148
    outer loop
      vertex 6 -6.049348887037774 0
      vertex 6.209342221975549 -5.97680854050637 0.46291101610811364
      vertex 5.979234962880877 -6.069775112042594 0.12443804527895022
    endloop
  endfacet
  facet normal 0.9415378725630965 -0.33617469664527255 -0.022203780417249432
    outer loop
      vertex 5.9173284465694875 -6.267606818211668 0.49542345867482973
      vertex 5.9616814948341075 -6.125830265542516 0.22963021224092894
      vertex 5.977363972692831 -6.098923770806035 0.4872604007178512
    endloop
  endfacet
  facet normal 0.4590433689554435 -0.8857464523810991 -0.0687924960466916
    outer loop
      vertex 5.979234962880877 -6.069775112042594 0.12443804527895022
      vertex 6.209342221975549 -5.97680854050637 0.46291101610811364
      vertex 5.977363972692831 -6.098923770806035 0.4872604007178512
    endloop
  endfacet
  facet normal 0.45904336895544323 -0.885746452381099 -0.06879249604669307
    outer loop
      vertex 5.977363972692831 -6.098923770806035 0.4872604007178512
      vertex 6.209342221975549 -5.97680854050637 0.46291101610811364
      vertex 6.209015712038724 -5.9795069580400195 0.4954760728339962
    endloop
  endfacet
  facet normal 0.45904336895544295 -0.8857464523810976 -0.06879249604671318
    outer loop
      vertex 5.977363972692831 -6.098923770806035 0.4872604007178512
      vertex 6.209015712038724 -5.9795069580400195 0.4954760728339962
      vertex 6.210458747440249 -5.978934628025644 0.49773615294953627
    endloop
  endfacet
  facet normal 0.4489042612021202 -0.8790093492264027 -0.1607094528867389
    outer loop
      vertex 5.823691390913852 -5.932395572395972 -1.396590539145197
      vertex 6.03439907437685 -5.821016093998432 -1.4172242093448402
      vertex 6.047350286659726 -5.826498455636978 -1.3510619436744347
    endloop
  endfacet
  facet normal 0.9277922325192364 -0.32234393969473113 -0.18787218479341386
    outer loop
      vertex 5.762956864242398 -6.093258019657051 -1.4205216340934954
      vertex 5.823691390913852 -5.932395572395972 -1.396590539145197
      vertex 5.914887476782846 -6.18661169658093 -0.5100513886463535
    endloop
  endfacet
  facet normal 0.927718480494947 -0.3225295532831985 -0.18791782301603868
    outer loop
      vertex 5.823691390913852 -5.932395572395972 -1.396590539145197
      vertex 5.982240740981818 -6.022947287534087 -0.4584423447294279
      vertex 5.914887476782846 -6.18661169658093 -0.5100513886463535
    endloop
  endfacet
  facet normal 0.44890426120211857 -0.8790093492264062 -0.16070945288672325
    outer loop
      vertex 5.823691390913852 -5.932395572395972 -1.396590539145197
      vertex 6.047350286659726 -5.826498455636978 -1.3510619436744347
      vertex 5.982240740981818 -6.022947287534087 -0.4584423447294279
    endloop
  endfacet
  facet normal 0.4466142205468891 -0.8801006517144575 -0.1611166684644449
    outer loop
      vertex 6.047350286659726 -5.826498455636978 -1.3510619436744347
      vertex 6.2218308011529295 -5.899716843289939 -0.46744741124464984
      vertex 5.982240740981818 -6.022947287534087 -0.4584423447294279
    endloop
  endfacet
  facet normal 0.9277184804949472 -0.32252955328319965 -0.18791782301603524
    outer loop
      vertex 5.914887476782846 -6.18661169658093 -0.5100513886463535
      vertex 5.982240740981818 -6.022947287534087 -0.4584423447294279
      vertex 5.921982598775613 -6.190976420128381 -0.4675326535855604
    endloop
  endfacet
  facet normal 0.8185463264895908 -0.41009535586903123 -0.40224831943098127
    outer loop
      vertex 5.504595534955229 -5.719576552698107 -2.262898278614745
      vertex 5.586627597833965 -5.580205311921969 -2.2380590321664626
      vertex 5.661107384543543 -5.690855087412801 -1.9736897117028585
    endloop
  endfacet
  facet normal 0.3919133320238365 -0.804126170007528 -0.4469732015356159
    outer loop
      vertex 5.684512796714037 -5.7256269861567395 -1.890611158661187
      vertex 5.674903450203807 -5.698301405808268 -1.9481968152281037
      vertex 5.782959954938203 -5.466781392077966 -2.26996670346663
    endloop
  endfacet
  facet normal 0.3919133320237792 -0.8041261700075515 -0.4469732015356237
    outer loop
      vertex 5.823691390913852 -5.932395572395972 -1.396590539145197
      vertex 5.782959954938203 -5.466781392077966 -2.26996670346663
      vertex 5.789249927023285 -5.4782540168126515 -2.243811753537029
    endloop
  endfacet
  facet normal 0.8772986051315803 -0.27244818368063806 -0.39511915246328516
    outer loop
      vertex 5.762956864242398 -6.093258019657051 -1.4205216340934954
      vertex 5.723235679941644 -5.875949740550761 -1.6585576415513692
      vertex 5.823691390913852 -5.932395572395972 -1.396590539145197
    endloop
  endfacet
  facet normal 0.8185463264895929 -0.41009535586902884 -0.4022483194309795
    outer loop
      vertex 5.684512796714037 -5.7256269861567395 -1.890611158661187
      vertex 5.823691390913852 -5.932395572395972 -1.396590539145197
      vertex 5.723235679941644 -5.875949740550761 -1.6585576415513692
    endloop
  endfacet
  facet normal 0.3919133320238438 -0.8041261700075261 -0.4469732015356127
    outer loop
      vertex 5.684512796714037 -5.7256269861567395 -1.890611158661187
      vertex 5.782959954938203 -5.466781392077966 -2.26996670346663
      vertex 5.823691390913852 -5.932395572395972 -1.396590539145197
    endloop
  endfacet
  facet normal 0.3829748660851437 -0.807593042733049 -0.4484682031942084
    outer loop
      vertex 5.823691390913852 -5.932395572395972 -1.396590539145197
      vertex 5.789249927023285 -5.4782540168126515 -2.243811753537029
      vertex 5.978917677580487 -5.816401595635982 -1.4729129228447957
    endloop
  endfacet
  facet normal 0.3829748660851469 -0.8075930427330502 -0.4484682031942038
    outer loop
      vertex 5.823691390913852 -5.932395572395972 -1.396590539145197
      vertex 5.978917677580487 -5.816401595635982 -1.4729129228447957
      vertex 6.03439907437685 -5.821016093998432 -1.4172242093448402
    endloop
  endfacet
  facet normal 0.3919133320238411 -0.8041261700075264 -0.44697320153561465
    outer loop
      vertex 5.586627597833965 -5.580205311921969 -2.2380590321664626
      vertex 5.782959954938203 -5.466781392077966 -2.26996670346663
      vertex 5.661107384543543 -5.690855087412801 -1.9736897117028585
    endloop
  endfacet
  facet normal 0.39191333202385786 -0.8041261700075234 -0.4469732015356053
    outer loop
      vertex 5.661107384543543 -5.690855087412801 -1.9736897117028585
      vertex 5.782959954938203 -5.466781392077966 -2.26996670346663
      vertex 5.674903450203807 -5.698301405808268 -1.9481968152281037
    endloop
  endfacet
  facet normal 0.7825833295600407 -0.29301845431451656 -0.5492754479547146
    outer loop
      vertex 5.081344226596354 -5.377909704062489 -3.0449981940909896
      vertex 5.1682593432383745 -5.2211820737780394 -3.004773870431966
      vertex 5.4383711854250025 -5.6610627444251005 -2.3852701582691447
    endloop
  endfacet
  facet normal 0.7494808842176709 -0.33988241381756634 -0.5681182526286606
    outer loop
      vertex 5.1682593432383745 -5.2211820737780394 -3.004773870431966
      vertex 5.586627597833965 -5.580205311921969 -2.2380590321664626
      vertex 5.4383711854250025 -5.6610627444251005 -2.3852701582691447
    endloop
  endfacet
  facet normal 0.3502806593309428 -0.7602355784011852 -0.5471245973557536
    outer loop
      vertex 5.1682593432383745 -5.2211820737780394 -3.004773870431966
      vertex 5.767608885007725 -5.455741827230486 -2.295134376297197
      vertex 5.586627597833965 -5.580205311921969 -2.2380590321664626
    endloop
  endfacet
  facet normal 0.3395181620813939 -0.7694004682310752 -0.5410640785550956
    outer loop
      vertex 5.1682593432383745 -5.2211820737780394 -3.004773870431966
      vertex 5.322476668462065 -5.130100756984619 -3.0375212393096445
      vertex 5.767608885007725 -5.455741827230486 -2.295134376297197
    endloop
  endfacet
  facet normal 0.749480884217671 -0.3398824138175716 -0.5681182526286577
    outer loop
      vertex 5.4383711854250025 -5.6610627444251005 -2.3852701582691447
      vertex 5.586627597833965 -5.580205311921969 -2.2380590321664626
      vertex 5.504595534955229 -5.719576552698107 -2.262898278614745
    endloop
  endfacet
  facet normal 0.35028065933095104 -0.760235578401191 -0.5471245973557401
    outer loop
      vertex 5.586627597833965 -5.580205311921969 -2.2380590321664626
      vertex 5.767608885007725 -5.455741827230486 -2.295134376297197
      vertex 5.782959954938203 -5.466781392077966 -2.26996670346663
    endloop
  endfacet
  facet normal 0.6825496709077067 -0.35612275305864205 -0.6382025787300728
    outer loop
      vertex 4.834004322815092 -4.970671983680515 -3.502042304813987
      vertex 5.012738985826045 -5.022998869575172 -3.2816889487345593
      vertex 5.032057178884529 -5.034998537775031 -3.254332460729662
    endloop
  endfacet
  facet normal 0.6825496709076719 -0.3561227530587253 -0.6382025787300635
    outer loop
      vertex 4.693787639908568 -4.843311738607659 -3.7230704494508875
      vertex 4.7933828241040555 -4.708739145811038 -3.691647358050128
      vertex 4.734843056378361 -4.832354780374385 -3.6852762761380067
    endloop
  endfacet
  facet normal 0.682549670907669 -0.3561227530587242 -0.6382025787300672
    outer loop
      vertex 4.834004322815092 -4.970671983680515 -3.502042304813987
      vertex 4.734843056378361 -4.832354780374385 -3.6852762761380067
      vertex 4.7933828241040555 -4.708739145811038 -3.691647358050128
    endloop
  endfacet
  facet normal 0.6825496709076724 -0.35612275305872204 -0.6382025787300649
    outer loop
      vertex 4.834004322815092 -4.970671983680515 -3.502042304813987
      vertex 4.7933828241040555 -4.708739145811038 -3.691647358050128
      vertex 4.990826390018323 -4.978637509301499 -3.329878231937679
    endloop
  endfacet
  facet normal 0.341775146737248 -0.6542558662552656 -0.6746399117627895
    outer loop
      vertex 4.7933828241040555 -4.708739145811038 -3.691647358050128
      vertex 4.909573393249646 -4.625319351750232 -3.7136840631837216
      vertex 4.990826390018323 -4.978637509301499 -3.329878231937679
    endloop
  endfacet
  facet normal 0.6825496709076713 -0.35612275305872576 -0.6382025787300641
    outer loop
      vertex 4.834004322815092 -4.970671983680515 -3.502042304813987
      vertex 4.990826390018323 -4.978637509301499 -3.329878231937679
      vertex 5.012738985826045 -5.022998869575172 -3.2816889487345593
    endloop
  endfacet
  facet normal 0.740346234102566 -0.25046249564635104 -0.6238236865691701
    outer loop
      vertex 4.834004322815092 -4.970671983680515 -3.502042304813987
      vertex 5.1682593432383745 -5.2211820737780394 -3.004773870431966
      vertex 5.081344226596354 -5.377909704062489 -3.0449981940909896
    endloop
  endfacet
  facet normal 0.6825496709076695 -0.356122753058727 -0.6382025787300654
    outer loop
      vertex 4.834004322815092 -4.970671983680515 -3.502042304813987
      vertex 5.032057178884529 -5.034998537775031 -3.254332460729662
      vertex 5.1682593432383745 -5.2211820737780394 -3.004773870431966
    endloop
  endfacet
  facet normal 0.34177514673725284 -0.6542558662552642 -0.6746399117627887
    outer loop
      vertex 5.032057178884529 -5.034998537775031 -3.254332460729662
      vertex 5.1065526982477945 -5.0638078077179545 -3.1886539407491887
      vertex 5.1682593432383745 -5.2211820737780394 -3.004773870431966
    endloop
  endfacet
  facet normal 0.2625160990536714 -0.6878097242592196 -0.6767592488855246
    outer loop
      vertex 5.1065526982477945 -5.0638078077179545 -3.1886539407491887
      vertex 5.322476668462065 -5.130100756984619 -3.0375212393096445
      vertex 5.1682593432383745 -5.2211820737780394 -3.004773870431966
    endloop
  endfacet
  facet normal 0.5481192987725477 -0.21704339370485756 -0.8077483516307347
    outer loop
      vertex 4.693787639908568 -4.843311738607659 -3.7230704494508875
      vertex 4.274717359835512 -4.465904456410437 -4.108851819054381
      vertex 4.293251081280628 -4.475358591716673 -4.093734922821908
    endloop
  endfacet
  facet normal 0.5481192987725346 -0.21704339370487408 -0.8077483516307389
    outer loop
      vertex 4.693787639908568 -4.843311738607659 -3.7230704494508875
      vertex 4.293251081280628 -4.475358591716673 -4.093734922821908
      vertex 4.309760848378928 -4.474714389184445 -4.082704876096337
    endloop
  endfacet
  facet normal 0.54811929877247 -0.217043393704964 -0.8077483516307586
    outer loop
      vertex 4.693787639908568 -4.843311738607659 -3.7230704494508875
      vertex 4.309760848378928 -4.474714389184445 -4.082704876096337
      vertex 4.328546300554088 -4.486564657267569 -4.066773316163759
    endloop
  endfacet
  facet normal 0.5481192987725415 -0.21704339370486503 -0.8077483516307368
    outer loop
      vertex 4.693787639908568 -4.843311738607659 -3.7230704494508875
      vertex 4.328546300554088 -4.486564657267569 -4.066773316163759
      vertex 4.360704726064382 -4.49478495532498 -4.0427425459507464
    endloop
  endfacet
  facet normal 0.5236184373414741 -0.26719821067448185 -0.8089677671504768
    outer loop
      vertex 4.7933828241040555 -4.708739145811038 -3.691647358050128
      vertex 4.356191822736228 -4.486504569743757 -4.048029851566125
      vertex 4.310589998905402 -4.400667865987157 -4.105897879550817
    endloop
  endfacet
  facet normal 0.5481192987724905 -0.21704339370495676 -0.8077483516307467
    outer loop
      vertex 4.7933828241040555 -4.708739145811038 -3.691647358050128
      vertex 4.360704726064382 -4.49478495532498 -4.0427425459507464
      vertex 4.356191822736228 -4.486504569743757 -4.048029851566125
    endloop
  endfacet
  facet normal 0.523618437341476 -0.26719821067447824 -0.8089677671504768
    outer loop
      vertex 4.34563651270298 -4.296065733623639 -4.117763002243063
      vertex 4.7933828241040555 -4.708739145811038 -3.691647358050128
      vertex 4.310589998905402 -4.400667865987157 -4.105897879550817
    endloop
  endfacet
  facet normal 0.24665541595508322 -0.5536628225655827 -0.7953732360902879
    outer loop
      vertex 4.34563651270298 -4.296065733623639 -4.117763002243063
      vertex 4.362454913534692 -4.288539180642421 -4.117786667755141
      vertex 4.7933828241040555 -4.708739145811038 -3.691647358050128
    endloop
  endfacet
  facet normal 0.548119298772522 -0.21704339370488976 -0.8077483516307434
    outer loop
      vertex 4.693787639908568 -4.843311738607659 -3.7230704494508875
      vertex 4.360704726064382 -4.49478495532498 -4.0427425459507464
      vertex 4.7933828241040555 -4.708739145811038 -3.691647358050128
    endloop
  endfacet
  facet normal 0.24665541595512847 -0.5536628225655472 -0.7953732360902986
    outer loop
      vertex 4.362454913534692 -4.288539180642421 -4.117786667755141
      vertex 4.797842362384129 -4.536517352668481 -3.810148749035414
      vertex 4.7933828241040555 -4.708739145811038 -3.691647358050128
    endloop
  endfacet
  facet normal 0.1866401942636753 -0.6188698975092528 -0.762997698451381
    outer loop
      vertex 4.362454913534692 -4.288539180642421 -4.117786667755141
      vertex 4.400667865987157 -4.278028192039673 -4.11696472762205
      vertex 4.797842362384129 -4.536517352668481 -3.810148749035414
    endloop
  endfacet
  facet normal 0.186640194263662 -0.6188698975092655 -0.762997698451374
    outer loop
      vertex 4.797842362384129 -4.536517352668481 -3.810148749035414
      vertex 4.400667865987157 -4.278028192039673 -4.11696472762205
      vertex 4.451498562127875 -4.228650815211517 -4.144580959201023
    endloop
  endfacet
  facet normal 0.2466554159551281 -0.5536628225655473 -0.7953732360902988
    outer loop
      vertex 4.797842362384129 -4.536517352668481 -3.810148749035414
      vertex 4.909573393249646 -4.625319351750232 -3.7136840631837216
      vertex 4.7933828241040555 -4.708739145811038 -3.691647358050128
    endloop
  endfacet
  facet normal 0.5539740332429153 -0.7421070380154866 -0.3773458819444816
    outer loop
      vertex 4.904631937400763 -3.3715339039966956 -4.905438562358463
      vertex 4.945781986254062 -3.295495273768247 -4.994568312360962
      vertex 5.107320911804234 -3.1142371143402308 -5.113887451248854
    endloop
  endfacet
  facet normal 0.5539740332429068 -0.7421070380154886 -0.3773458819444903
    outer loop
      vertex 4.274337959913959 -4.109201081286335 -4.380028012968275
      vertex 4.419035008818211 -3.987958804063638 -4.406042181723925
      vertex 4.322364048483615 -4.11067454536285 -4.306624074108454
    endloop
  endfacet
  facet normal 0.36236570270569063 -0.7421960703247359 -0.5637695368651369
    outer loop
      vertex 4.322364048483615 -4.11067454536285 -4.306624074108454
      vertex 4.419035008818211 -3.987958804063638 -4.406042181723925
      vertex 4.375512600438733 -4.109480899200372 -4.274033996631011
    endloop
  endfacet
  facet normal 0.5539740332429078 -0.7421070380154892 -0.3773458819444874
    outer loop
      vertex 4.274337959913959 -4.109201081286335 -4.380028012968275
      vertex 4.435046143900389 -3.9612587759671247 -4.435046143900389
      vertex 4.419035008818211 -3.987958804063638 -4.406042181723925
    endloop
  endfacet
  facet normal 0.3623657027057382 -0.7421960703247562 -0.5637695368650792
    outer loop
      vertex 4.9036107671403135 -3.373420861363659 -4.9036107671403135
      vertex 4.904631937400763 -3.3715339039966956 -4.905438562358463
      vertex 4.979084505657704 -3.310851332749931 -4.937471702712762
    endloop
  endfacet
  facet normal 0.36236570270569907 -0.7421960703247358 -0.5637695368651314
    outer loop
      vertex 4.904631937400763 -3.3715339039966956 -4.905438562358463
      vertex 5.107320911804234 -3.1142371143402308 -5.113887451248854
      vertex 4.979084505657704 -3.310851332749931 -4.937471702712762
    endloop
  endfacet
  facet normal 0.6579038044058249 -0.7236393464807981 -0.20858734471004142
    outer loop
      vertex 4.945781986254062 -3.295495273768247 -4.994568312360962
      vertex 5.0249545398585775 -3.1491972086252855 -5.252393695321187
      vertex 5.107320911804234 -3.1142371143402308 -5.113887451248854
    endloop
  endfacet
  facet normal 0.22096728767980264 -0.7272217279712989 -0.6498630749179934
    outer loop
      vertex 4.979084505657704 -3.310851332749931 -4.937471702712762
      vertex 5.107320911804234 -3.1142371143402308 -5.113887451248854
      vertex 5.253187211403316 -3.149566801551384 -5.0247545261692315
    endloop
  endfacet
  facet normal 0.7806073922467961 -0.5306338046513357 -0.3302724095817038
    outer loop
      vertex 5.0249545398585775 -3.1491972086252855 -5.252393695321187
      vertex 5.519624921172758 -2.2351264053606106 -5.551823828776467
      vertex 5.107320911804234 -3.1142371143402308 -5.113887451248854
    endloop
  endfacet
  facet normal 0.33885799272655964 -0.541688960214914 -0.7692517995732036
    outer loop
      vertex 5.253187211403316 -3.149566801551384 -5.0247545261692315
      vertex 5.107320911804234 -3.1142371143402308 -5.113887451248854
      vertex 5.487101747878383 -2.5174321418800787 -5.366848696582167
    endloop
  endfacet
  facet normal 0.340896703932182 -0.5423935395605858 -0.7678532968550135
    outer loop
      vertex 5.107320911804234 -3.1142371143402308 -5.113887451248854
      vertex 5.519624921172758 -2.2351264053606106 -5.551823828776467
      vertex 5.487101747878383 -2.5174321418800787 -5.366848696582167
    endloop
  endfacet
  facet normal 0.34089670393218097 -0.5423935395605859 -0.7678532968550139
    outer loop
      vertex 5.487101747878383 -2.5174321418800787 -5.366848696582167
      vertex 5.519624921172758 -2.2351264053606106 -5.551823828776467
      vertex 5.698921647139777 -1.9481968152281037 -5.674903450203807
    endloop
  endfacet
  facet normal 0.340896703932183 -0.5423935395605864 -0.7678532968550126
    outer loop
      vertex 5.519624921172758 -2.2351264053606106 -5.551823828776467
      vertex 5.674903450203807 -1.9481968152281037 -5.685566586252583
      vertex 5.698921647139777 -1.9481968152281037 -5.674903450203807
    endloop
  endfacet
  facet normal 0.3408967039321827 -0.5423935395605874 -0.767853296855012
    outer loop
      vertex 5.686340838888558 -1.8796563024969581 -5.72890424376557
      vertex 5.698921647139777 -1.9481968152281037 -5.674903450203807
      vertex 5.674903450203807 -1.9481968152281037 -5.685566586252583
    endloop
  endfacet
  facet normal 0.8188738234878444 -0.5186741900270951 -0.24581038587931014
    outer loop
      vertex 5.711751592936164 -1.7273780019763083 -5.956773827035906
      vertex 5.769663412360804 -1.70199669944973 -5.8174068660141405
      vertex 5.690633339008062 -1.8539327595451003 -5.760087666426262
    endloop
  endfacet
  facet normal 0.7806073922467914 -0.5306338046513359 -0.33027240958171405
    outer loop
      vertex 5.686340838888558 -1.8796563024969581 -5.72890424376557
      vertex 5.690633339008062 -1.8539327595451003 -5.760087666426262
      vertex 5.769663412360804 -1.70199669944973 -5.8174068660141405
    endloop
  endfacet
  facet normal 0.34089670393218396 -0.5423935395605871 -0.7678532968550117
    outer loop
      vertex 5.686340838888558 -1.8796563024969581 -5.72890424376557
      vertex 5.964486883390572 -1.729662588294346 -5.711370362906478
      vertex 5.698921647139777 -1.9481968152281037 -5.674903450203807
    endloop
  endfacet
  facet normal 0.34089670393218185 -0.5423935395605828 -0.7678532968550158
    outer loop
      vertex 5.686340838888558 -1.8796563024969581 -5.72890424376557
      vertex 5.769663412360804 -1.70199669944973 -5.8174068660141405
      vertex 5.964486883390572 -1.729662588294346 -5.711370362906478
    endloop
  endfacet
  facet normal 0.9149685409423046 -0.21596276389065994 -0.340870435354281
    outer loop
      vertex 5.711751592936164 -1.7273780019763083 -5.956773827035906
      vertex 5.758901351088364 -1.444824992021335 -6.0092288999864705
      vertex 5.769663412360804 -1.70199669944973 -5.8174068660141405
    endloop
  endfacet
  facet normal 0.9149685409423061 -0.21596276389065827 -0.34087043535427886
    outer loop
      vertex 5.769663412360804 -1.70199669944973 -5.8174068660141405
      vertex 5.758901351088364 -1.444824992021335 -6.0092288999864705
      vertex 6.0572949016875155 -1.5276238753932353e-17 -6.123664424312258
    endloop
  endfacet
  facet normal 0.43985938432397725 -0.2298887332724539 -0.8681445112056622
    outer loop
      vertex 5.769663412360804 -1.70199669944973 -5.8174068660141405
      vertex 6.296880981001953 -0.01000979408912214 -5.998329660793454
      vertex 5.964486883390572 -1.729662588294346 -5.711370362906478
    endloop
  endfacet
  facet normal 0.9277308970807963 -0.2157253487740292 -0.30459474141551507
    outer loop
      vertex 5.758901351088364 -1.444824992021335 -6.0092288999864705
      vertex 6 -2.517115210034559e-17 -6.298172527419015
      vertex 6.0572949016875155 -1.5276238753932353e-17 -6.123664424312258
    endloop
  endfacet
  facet normal 0.44343412856050024 -0.23078253612101277 -0.8660863667379503
    outer loop
      vertex 5.769663412360804 -1.70199669944973 -5.8174068660141405
      vertex 6.0572949016875155 -1.5276238753932353e-17 -6.123664424312258
      vertex 6.296880981001953 -0.01000979408912214 -5.998329660793454
    endloop
  endfacet
  facet normal 0.4434341285604988 -0.23078253612102306 -0.8660863667379481
    outer loop
      vertex 6.296880981001953 -0.01000979408912214 -5.998329660793454
      vertex 6.0572949016875155 -1.5276238753932353e-17 -6.123664424312258
      vertex 6.298828119473505 0 -6
    endloop
  endfacet
  facet normal 0.44343412856049863 0.23078253612102453 -0.8660863667379479
    outer loop
      vertex 6.0572949016875155 -1.5276238753932353e-17 -6.123664424312258
      vertex 6.296880981001953 0.01000979408912209 -5.998329660793454
      vertex 6.298828119473505 0 -6
    endloop
  endfacet
  facet normal 0.9277308970807961 0.2157253487740296 -0.3045947414155151
    outer loop
      vertex 6 -2.517115210034559e-17 -6.298172527419015
      vertex 5.758901351088364 1.4448249920213323 -6.0092288999864705
      vertex 6.0572949016875155 -1.5276238753932353e-17 -6.123664424312258
    endloop
  endfacet
  facet normal 0.4434341285605003 0.23078253612101265 -0.8660863667379501
    outer loop
      vertex 6.0572949016875155 -1.5276238753932353e-17 -6.123664424312258
      vertex 5.769663412360804 1.7019966994497309 -5.8174068660141405
      vertex 6.296880981001953 0.01000979408912209 -5.998329660793454
    endloop
  endfacet
  facet normal 0.9149685409423043 0.21596276389065866 -0.34087043535428324
    outer loop
      vertex 6.0572949016875155 -1.5276238753932353e-17 -6.123664424312258
      vertex 5.758901351088364 1.4448249920213323 -6.0092288999864705
      vertex 5.769663412360804 1.7019966994497309 -5.8174068660141405
    endloop
  endfacet
  facet normal 0.439859384323977 0.22988873327245377 -0.8681445112056624
    outer loop
      vertex 5.769663412360804 1.7019966994497309 -5.8174068660141405
      vertex 5.964486883390572 1.7296625882943473 -5.711370362906478
      vertex 6.296880981001953 0.01000979408912209 -5.998329660793454
    endloop
  endfacet
  facet normal 0.9149685409423074 0.21596276389065414 -0.34087043535427736
    outer loop
      vertex 5.758901351088364 1.4448249920213323 -6.0092288999864705
      vertex 5.711751592936165 1.7273780019763092 -5.956773827035906
      vertex 5.769663412360804 1.7019966994497309 -5.8174068660141405
    endloop
  endfacet
  facet normal 0.34089670393217475 0.5423935395605851 -0.7678532968550172
    outer loop
      vertex 5.5196249211727615 2.235126405360603 -5.55182382877647
      vertex 5.4871017478783894 2.5174321418800694 -5.366848696582172
      vertex 5.69892164713978 1.9481968152281008 -5.674903450203808
    endloop
  endfacet
  facet normal 0.8188738234878454 0.5186741900270961 -0.24581038587930515
    outer loop
      vertex 5.711751592936165 1.7273780019763092 -5.956773827035906
      vertex 5.690633339008062 1.8539327595451 -5.760087666426263
      vertex 5.769663412360804 1.7019966994497309 -5.8174068660141405
    endloop
  endfacet
  facet normal 0.7806073922467976 0.5306338046513357 -0.3302724095817
    outer loop
      vertex 5.769663412360804 1.7019966994497309 -5.8174068660141405
      vertex 5.690633339008062 1.8539327595451 -5.760087666426263
      vertex 5.686340838888558 1.8796563024969577 -5.72890424376557
    endloop
  endfacet
  facet normal 0.3408967039321756 0.5423935395605846 -0.7678532968550171
    outer loop
      vertex 5.769663412360804 1.7019966994497309 -5.8174068660141405
      vertex 5.686340838888558 1.8796563024969577 -5.72890424376557
      vertex 5.69892164713978 1.9481968152281008 -5.674903450203808
    endloop
  endfacet
  facet normal 0.3408967039321801 0.5423935395605847 -0.7678532968550152
    outer loop
      vertex 5.769663412360804 1.7019966994497309 -5.8174068660141405
      vertex 5.69892164713978 1.9481968152281008 -5.674903450203808
      vertex 5.964486883390572 1.7296625882943473 -5.711370362906478
    endloop
  endfacet
  facet normal 0.34089670393217547 0.5423935395605847 -0.7678532968550172
    outer loop
      vertex 5.686340838888558 1.8796563024969577 -5.72890424376557
      vertex 5.674903450203808 1.9481968152281008 -5.685566586252585
      vertex 5.69892164713978 1.9481968152281008 -5.674903450203808
    endloop
  endfacet
  facet normal 0.3408967039321755 0.5423935395605854 -0.7678532968550167
    outer loop
      vertex 5.5196249211727615 2.235126405360603 -5.55182382877647
      vertex 5.69892164713978 1.9481968152281008 -5.674903450203808
      vertex 5.674903450203808 1.9481968152281008 -5.685566586252585
    endloop
  endfacet
  facet normal 0.7806073922467964 0.5306338046513361 -0.3302724095817026
    outer loop
      vertex 5.5196249211727615 2.235126405360603 -5.55182382877647
      vertex 5.0249545398585775 3.1491972086252855 -5.252393695321185
      vertex 5.1073209118042335 3.114237114340231 -5.1138874512488535
    endloop
  endfacet
  facet normal 0.3388579927265566 0.5416889602149145 -0.7692517995732047
    outer loop
      vertex 5.1073209118042335 3.114237114340231 -5.1138874512488535
      vertex 5.253187211403313 3.149566801551384 -5.024754526169232
      vertex 5.4871017478783894 2.5174321418800694 -5.366848696582172
    endloop
  endfacet
  facet normal 0.3408967039321754 0.542393539560585 -0.767853296855017
    outer loop
      vertex 5.5196249211727615 2.235126405360603 -5.55182382877647
      vertex 5.1073209118042335 3.114237114340231 -5.1138874512488535
      vertex 5.4871017478783894 2.5174321418800694 -5.366848696582172
    endloop
  endfacet
  facet normal 0.5539740332429145 0.7421070380154863 -0.37734588194448354
    outer loop
      vertex 4.904631937400764 3.3715339039966943 -4.905438562358464
      vertex 5.1073209118042335 3.114237114340231 -5.1138874512488535
      vertex 4.945781986254062 3.2954952737682466 -4.994568312360962
    endloop
  endfacet
  facet normal 0.3623657027056955 0.7421960703247349 -0.5637695368651348
    outer loop
      vertex 4.903610767140314 3.3734208613636576 -4.903610767140314
      vertex 4.979084505657705 3.31085133274993 -4.937471702712763
      vertex 5.1073209118042335 3.114237114340231 -5.1138874512488535
    endloop
  endfacet
  facet normal 0.36236570270583557 0.7421960703247529 -0.5637695368650213
    outer loop
      vertex 4.903610767140314 3.3734208613636576 -4.903610767140314
      vertex 5.1073209118042335 3.114237114340231 -5.1138874512488535
      vertex 4.904631937400764 3.3715339039966943 -4.905438562358464
    endloop
  endfacet
  facet normal 0.5539740332429197 0.7421070380154848 -0.37734588194447843
    outer loop
      vertex 4.274337959913959 4.109201081286336 -4.380028012968275
      vertex 4.322364048483614 4.110674545362851 -4.306624074108453
      vertex 4.419035008818206 3.9879588040636436 -4.40604218172392
    endloop
  endfacet
  facet normal 0.3623657027056934 0.7421960703247343 -0.5637695368651371
    outer loop
      vertex 4.322364048483614 4.110674545362851 -4.306624074108453
      vertex 4.37551260043873 4.109480899200373 -4.274033996631011
      vertex 4.419035008818206 3.9879588040636436 -4.40604218172392
    endloop
  endfacet
  facet normal 0.5539740332429244 0.7421070380154879 -0.37734588194446544
    outer loop
      vertex 4.274337959913959 4.109201081286336 -4.380028012968275
      vertex 4.419035008818206 3.9879588040636436 -4.40604218172392
      vertex 4.435046143900386 3.9612587759671287 -4.435046143900386
    endloop
  endfacet
  facet normal 0.6579038044058254 0.7236393464807978 -0.20858734471004117
    outer loop
      vertex 4.945781986254062 3.2954952737682466 -4.994568312360962
      vertex 5.1073209118042335 3.114237114340231 -5.1138874512488535
      vertex 5.0249545398585775 3.1491972086252855 -5.252393695321185
    endloop
  endfacet
  facet normal 0.22096728767980084 0.7272217279712979 -0.6498630749179951
    outer loop
      vertex 4.979084505657705 3.31085133274993 -4.937471702712763
      vertex 5.253187211403313 3.149566801551384 -5.024754526169232
      vertex 5.1073209118042335 3.114237114340231 -5.1138874512488535
    endloop
  endfacet
  facet normal 0.3816934334453904 -0.07188387279670233 -0.921489463692568
    outer loop
      vertex -4.497991210850982 -4.241025534078792 -4.131138431100549
      vertex -4.454494010820547 -4.258894685792454 -4.1117273578778875
      vertex -4.454494010820547 -4.282886740655293 -4.109855777259938
    endloop
  endfacet
  facet normal -0.15045425378587826 -0.07688679409266859 -0.98562261460048
    outer loop
      vertex -4.454494010820547 -4.282886740655293 -4.109855777259938
      vertex -4.454494010820547 -4.258894685792454 -4.1117273578778875
      vertex -4.379990487128197 -4.298827689456509 -4.1199851345469325
    endloop
  endfacet
  facet normal -0.15045425378580604 -0.07688679409252931 -0.9856226146005018
    outer loop
      vertex -4.454494010820547 -4.258894685792454 -4.1117273578778875
      vertex -4.363845309308446 -4.304419596532781 -4.122013463486972
      vertex -4.379990487128197 -4.298827689456509 -4.1199851345469325
    endloop
  endfacet
  facet normal 0.3826830400302508 -0.9238785853312396 0.0014319355966911813
    outer loop
      vertex -4.454494010820547 -4.1005285859767096 -4.310805012298514
      vertex -4.454494010820547 -4.100486737039829 -4.283804261222883
      vertex -4.493298925539243 -4.116533242156537 -4.266373109997607
    endloop
  endfacet
  facet normal -0.1509007692469661 -0.9885477278835003 0.0015321674331016742
    outer loop
      vertex -4.454494010820547 -4.1005285859767096 -4.310805012298514
      vertex -4.298505223947447 -4.124258237918118 -4.25798152763401
      vertex -4.454494010820547 -4.100486737039829 -4.283804261222883
    endloop
  endfacet
  facet normal -0.15090076924698376 -0.9885477278834975 0.001532167433082642
    outer loop
      vertex -4.331497351345386 -4.119395927271182 -4.370182882026061
      vertex -4.320607466708546 -4.121104374273242 -4.3999377458879065
      vertex -4.288059521292915 -4.126072764536934 -4.399925283662416
    endloop
  endfacet
  facet normal -0.15090076924711743 -0.9885477278834773 0.0015321674330325116
    outer loop
      vertex -4.331497351345386 -4.119395927271182 -4.370182882026061
      vertex -4.321373517561279 -4.120988569043517 -4.400667865987157
      vertex -4.320607466708546 -4.121104374273242 -4.3999377458879065
    endloop
  endfacet
  facet normal -0.15045425378585892 -0.07688679409269018 -0.9856226146004813
    outer loop
      vertex -4.278653890812314 -4.264176788627432 -4.138157118825456
      vertex -4.288015811020614 -4.400048243978681 -4.126128923495934
      vertex -4.327515247714149 -4.400060262444773 -4.120098438555789
    endloop
  endfacet
  facet normal -0.15045425378726737 -0.07688679409215664 -0.9856226146003078
    outer loop
      vertex -4.278653890812314 -4.264176788627432 -4.138157118825456
      vertex -4.327515247714149 -4.400060262444773 -4.120098438555789
      vertex -4.328022470044735 -4.400667865987157 -4.11997361345145
    endloop
  endfacet
  facet normal -0.15045425378586294 -0.07688679409269167 -0.9856226146004804
    outer loop
      vertex -4.357359665641163 -4.32151715393038 -4.121669737915119
      vertex -4.278653890812314 -4.264176788627432 -4.138157118825456
      vertex -4.328022470044735 -4.400667865987157 -4.11997361345145
    endloop
  endfacet
  facet normal -0.1504542537858743 -0.07688679409267006 -0.9856226146004803
    outer loop
      vertex -4.454494010820547 -4.258894685792454 -4.1117273578778875
      vertex -4.278653890812314 -4.264176788627432 -4.138157118825456
      vertex -4.363845309308446 -4.304419596532781 -4.122013463486972
    endloop
  endfacet
  facet normal -0.1504542537858746 -0.07688679409268641 -0.9856226146004791
    outer loop
      vertex -4.454494010820547 -4.258894685792454 -4.1117273578778875
      vertex -4.30809311674444 -4.236730291872955 -4.135804307931334
      vertex -4.278653890812314 -4.264176788627432 -4.138157118825456
    endloop
  endfacet
  facet normal -0.15045425378586624 -0.07688679409268714 -0.9856226146004803
    outer loop
      vertex -4.357359665641163 -4.32151715393038 -4.121669737915119
      vertex -4.363845309308446 -4.304419596532781 -4.122013463486972
      vertex -4.278653890812314 -4.264176788627432 -4.138157118825456
    endloop
  endfacet
  facet normal -0.5820294080817785 -0.5749964209140584 -0.5749964209140761
    outer loop
      vertex -4.30809311674444 -4.236730291872955 -4.135804307931334
      vertex -4.197735563470928 -4.2421209879190425 -4.2421209879190425
      vertex -4.278653890812314 -4.264176788627432 -4.138157118825456
    endloop
  endfacet
  facet normal -0.5820294080817928 -0.5749964209140592 -0.5749964209140611
    outer loop
      vertex -4.30809311674444 -4.236730291872955 -4.135804307931334
      vertex -4.298505223947447 -4.124258237918118 -4.25798152763401
      vertex -4.288241783609307 -4.125838593908046 -4.266790147797002
    endloop
  endfacet
  facet normal -0.15090076924696744 -0.9885477278835 0.0015321674331057748
    outer loop
      vertex -4.454494010820547 -4.1005285859767096 -4.310805012298514
      vertex -4.363870827976777 -4.114406170141571 -4.339226378665778
      vertex -4.298505223947447 -4.124258237918118 -4.25798152763401
    endloop
  endfacet
  facet normal -0.15090076924693693 -0.9885477278835045 0.0015321674331526302
    outer loop
      vertex -4.339598595875775 -4.118127552244576 -4.349711738674254
      vertex -4.331497351345386 -4.119395927271182 -4.370182882026061
      vertex -4.288059521292915 -4.126072764536934 -4.399925283662416
    endloop
  endfacet
  facet normal -0.15090076924697554 -0.9885477278834987 0.0015321674331120697
    outer loop
      vertex -4.339598595875775 -4.118127552244576 -4.349711738674254
      vertex -4.288059521292915 -4.126072764536934 -4.399925283662416
      vertex -4.298505223947447 -4.124258237918118 -4.25798152763401
    endloop
  endfacet
  facet normal -0.1509007692469745 -0.9885477278834989 0.0015321674331115942
    outer loop
      vertex -4.339598595875775 -4.118127552244576 -4.349711738674254
      vertex -4.298505223947447 -4.124258237918118 -4.25798152763401
      vertex -4.363870827976777 -4.114406170141571 -4.339226378665778
    endloop
  endfacet
  facet normal -0.15090076924699908 -0.9885477278834952 0.0015321674331102869
    outer loop
      vertex -4.298505223947447 -4.124258237918118 -4.25798152763401
      vertex -4.288059521292915 -4.126072764536934 -4.399925283662416
      vertex -4.288241783609307 -4.125838593908046 -4.266790147797002
    endloop
  endfacet
  facet normal -0.5820294080817722 -0.5749964209140721 -0.5749964209140688
    outer loop
      vertex -4.30809311674444 -4.236730291872955 -4.135804307931334
      vertex -4.288241783609307 -4.125838593908046 -4.266790147797002
      vertex -4.197735563470928 -4.2421209879190425 -4.2421209879190425
    endloop
  endfacet
  facet normal 0.37910673877061896 -0.915244630326965 0.1364014196273729
    outer loop
      vertex -4.463488395801181 -4.170914115036293 4.25315809727155
      vertex -4.430935649382079 -4.15136153065279 4.293879318122603
      vertex -4.468461293372779 -4.172241655973723 4.258071787084441
    endloop
  endfacet
  facet normal 0.3791067387705821 -0.9152446303269753 0.1364014196274073
    outer loop
      vertex -4.463488395801181 -4.170914115036293 4.25315809727155
      vertex -4.430935649382079 -4.155661014490368 4.265030061961851
      vertex -4.430935649382079 -4.15136153065279 4.293879318122603
    endloop
  endfacet
  facet normal -0.1458289656076407 -0.978502849040109 0.14582896560764416
    outer loop
      vertex -4.430935649382079 -4.15136153065279 4.293879318122603
      vertex -4.430935649382079 -4.155661014490368 4.265030061961851
      vertex -4.341115840381114 -4.161442794988945 4.316054500874244
    endloop
  endfacet
  facet normal -0.14678079659700075 0.09191260490832985 0.984889572901102
    outer loop
      vertex -4.342637713287545 -4.361056036686138 4.137573575444811
      vertex -4.299905449858615 -4.430935649382079 4.150463439698288
      vertex -4.299034936357337 -4.430008847345286 4.150506682998757
    endloop
  endfacet
  facet normal -0.14678079659636084 0.09191260490874448 0.9848895729011586
    outer loop
      vertex -4.342637713287545 -4.361056036686138 4.137573575444811
      vertex -4.299034936357337 -4.430008847345286 4.150506682998757
      vertex -4.2651075592143055 -4.429992483409482 4.15556144601838
    endloop
  endfacet
  facet normal -0.14678079659639387 0.09191260490870697 0.9848895729011573
    outer loop
      vertex -4.354503263904093 -4.341879529252597 4.134015615426514
      vertex -4.342637713287545 -4.361056036686138 4.137573575444811
      vertex -4.2651075592143055 -4.429992483409482 4.15556144601838
    endloop
  endfacet
  facet normal -0.14678079659637633 0.09191260490874363 0.9848895729011565
    outer loop
      vertex -4.377511282966235 -4.329837717754105 4.129462892205489
      vertex -4.354503263904093 -4.341879529252597 4.134015615426514
      vertex -4.2747802265992085 -4.312273074621145 4.143134002708197
    endloop
  endfacet
  facet normal -0.14678079659637144 0.09191260490872996 0.9848895729011583
    outer loop
      vertex -4.354503263904093 -4.341879529252597 4.134015615426514
      vertex -4.2651075592143055 -4.429992483409482 4.15556144601838
      vertex -4.2747802265992085 -4.312273074621145 4.143134002708197
    endloop
  endfacet
  facet normal -0.57735026918963 -0.5773502691896268 0.5773502691896204
    outer loop
      vertex -4.265507149811116 -4.29696590376641 4.155048052009103
      vertex -4.175090580616667 -4.271215262484982 4.271215262484982
      vertex -4.291623835470922 -4.179147380848194 4.246749889267513
    endloop
  endfacet
  facet normal -0.1458289656076417 -0.9785028490401095 0.1458289656076388
    outer loop
      vertex -4.430935649382079 -4.155661014490368 4.265030061961851
      vertex -4.291623835470922 -4.179147380848194 4.246749889267513
      vertex -4.332998068516779 -4.162052705786893 4.320079811059479
    endloop
  endfacet
  facet normal -0.14582896560799516 -0.9785028490399603 0.14582896560828584
    outer loop
      vertex -4.430935649382079 -4.155661014490368 4.265030061961851
      vertex -4.332998068516779 -4.162052705786893 4.320079811059479
      vertex -4.341115840381114 -4.161442794988945 4.316054500874244
    endloop
  endfacet
  facet normal -0.14582896560762984 -0.9785028490401069 0.14582896560766867
    outer loop
      vertex -4.332998068516779 -4.162052705786893 4.320079811059479
      vertex -4.246749889267513 -4.179147380848194 4.291623835470922
      vertex -4.329644796211752 -4.161442794988945 4.327525545043607
    endloop
  endfacet
  facet normal -0.14582896560763986 -0.9785028490401095 0.14582896560763983
    outer loop
      vertex -4.332998068516779 -4.162052705786893 4.320079811059479
      vertex -4.291623835470922 -4.179147380848194 4.246749889267513
      vertex -4.246749889267513 -4.179147380848194 4.291623835470922
    endloop
  endfacet
  facet normal -0.5773502691896276 -0.5773502691896221 0.5773502691896276
    outer loop
      vertex -4.291623835470922 -4.179147380848194 4.246749889267513
      vertex -4.175090580616667 -4.271215262484982 4.271215262484982
      vertex -4.246749889267513 -4.179147380848194 4.291623835470922
    endloop
  endfacet
  facet normal -0.14582896560764577 -0.9785028490401098 0.14582896560763328
    outer loop
      vertex -4.329644796211752 -4.161442794988945 4.327525545043607
      vertex -4.246749889267513 -4.179147380848194 4.291623835470922
      vertex -4.298513239215475 -4.150670924672089 4.430935649382079
    endloop
  endfacet
  facet normal -0.1458289656076403 -0.9785028490401103 0.14582896560763534
    outer loop
      vertex -4.246749889267513 -4.179147380848194 4.291623835470922
      vertex -4.265030061961851 -4.155661014490369 4.430935649382079
      vertex -4.298513239215475 -4.150670924672089 4.430935649382079
    endloop
  endfacet
  facet normal -0.13640141962740393 -0.9152446303269778 -0.37910673877057693
    outer loop
      vertex -4.298513239215475 -4.150670924672089 4.430935649382079
      vertex -4.265030061961851 -4.155661014490369 4.430935649382079
      vertex -4.264179278285022 -4.169456907278079 4.463935771547603
    endloop
  endfacet
  facet normal -0.13640141962734112 -0.9152446303269852 -0.37910673877058165
    outer loop
      vertex -4.265030061961851 -4.155661014490369 4.430935649382079
      vertex -4.256115234264802 -4.167114785349692 4.455379971190845
      vertex -4.264179278285022 -4.169456907278079 4.463935771547603
    endloop
  endfacet
  facet normal 0.38268304003026893 0.923878585331232 0.001431935596691311
    outer loop
      vertex -4.454494010820547 4.100528585976709 -4.3108050122985135
      vertex -4.493298925539243 4.116533242156537 -4.266373109997607
      vertex -4.454494010820547 4.100486737039828 -4.283804261222885
    endloop
  endfacet
  facet normal -0.15090076924697007 0.9885477278834996 0.0015321674331018247
    outer loop
      vertex -4.454494010820547 4.100528585976709 -4.3108050122985135
      vertex -4.454494010820547 4.100486737039828 -4.283804261222885
      vertex -4.363870827976778 4.11440617014157 -4.339226378665779
    endloop
  endfacet
  facet normal -0.1509007692469808 0.988547727883498 0.001532167433083791
    outer loop
      vertex -4.454494010820547 4.100486737039828 -4.283804261222885
      vertex -4.339598595875775 4.118127552244575 -4.349711738674256
      vertex -4.363870827976778 4.11440617014157 -4.339226378665779
    endloop
  endfacet
  facet normal 0.38169343344539275 0.0718838727967147 -0.9214894636925661
    outer loop
      vertex -4.499382839861378 4.24045383682245 -4.131759459870234
      vertex -4.454494010820547 4.28989019194869 -4.109309449578778
      vertex -4.454494010820547 4.258894685792453 -4.111727357877888
    endloop
  endfacet
  facet normal -0.15045425378586366 0.07688679409268205 -0.9856226146004812
    outer loop
      vertex -4.454494010820547 4.28989019194869 -4.109309449578778
      vertex -4.308093116744439 4.236730291872956 -4.135804307931333
      vertex -4.454494010820547 4.258894685792453 -4.111727357877888
    endloop
  endfacet
  facet normal -0.15090076924697077 0.9885477278834994 0.0015321674331017427
    outer loop
      vertex -4.454494010820547 4.100486737039828 -4.283804261222885
      vertex -4.298505223947446 4.124258237918118 -4.257981527634011
      vertex -4.339598595875775 4.118127552244575 -4.349711738674256
    endloop
  endfacet
  facet normal -0.1509007692469706 0.9885477278834995 0.00153216743311132
    outer loop
      vertex -4.321373517561279 4.120988569043517 -4.400667865987157
      vertex -4.331497351345386 4.1193959272711815 -4.370182882026062
      vertex -4.288241783609308 4.125838593908045 -4.266790147797001
    endloop
  endfacet
  facet normal -0.1509007692469813 0.9885477278834979 0.0015321674331168907
    outer loop
      vertex -4.288241783609308 4.125838593908045 -4.266790147797001
      vertex -4.288059521292916 4.126072764536934 -4.399925283662417
      vertex -4.320607466708542 4.1211043742732425 -4.399937745887902
    endloop
  endfacet
  facet normal -0.1509007692476171 0.9885477278834005 0.0015321674332750123
    outer loop
      vertex -4.288241783609308 4.125838593908045 -4.266790147797001
      vertex -4.320607466708542 4.1211043742732425 -4.399937745887902
      vertex -4.321373517561279 4.120988569043517 -4.400667865987157
    endloop
  endfacet
  facet normal -0.15090076924700388 0.9885477278834944 0.0015321674331255644
    outer loop
      vertex -4.339598595875775 4.118127552244575 -4.349711738674256
      vertex -4.288241783609308 4.125838593908045 -4.266790147797001
      vertex -4.331497351345386 4.1193959272711815 -4.370182882026062
    endloop
  endfacet
  facet normal -0.15090076924695459 0.988547727883502 0.0015321674330943534
    outer loop
      vertex -4.339598595875775 4.118127552244575 -4.349711738674256
      vertex -4.298505223947446 4.124258237918118 -4.257981527634011
      vertex -4.288241783609308 4.125838593908045 -4.266790147797001
    endloop
  endfacet
  facet normal -0.5820294080817635 0.5749964209140681 -0.5749964209140818
    outer loop
      vertex -4.298505223947446 4.124258237918118 -4.257981527634011
      vertex -4.197735563470929 4.242120987919042 -4.242120987919042
      vertex -4.288241783609308 4.125838593908045 -4.266790147797001
    endloop
  endfacet
  facet normal -0.5820294080817695 0.5749964209140719 -0.5749964209140719
    outer loop
      vertex -4.298505223947446 4.124258237918118 -4.257981527634011
      vertex -4.278653890812315 4.264176788627431 -4.138157118825455
      vertex -4.197735563470929 4.242120987919042 -4.242120987919042
    endloop
  endfacet
  facet normal -0.5820294080817847 0.5749964209140659 -0.5749964209140623
    outer loop
      vertex -4.298505223947446 4.124258237918118 -4.257981527634011
      vertex -4.308093116744439 4.236730291872956 -4.135804307931333
      vertex -4.278653890812315 4.264176788627431 -4.138157118825455
    endloop
  endfacet
  facet normal -0.1504542537858648 0.07688679409267887 -0.9856226146004811
    outer loop
      vertex -4.454494010820547 4.28989019194869 -4.109309449578778
      vertex -4.3580778741277655 4.319132166751257 -4.121746153061367
      vertex -4.308093116744439 4.236730291872956 -4.135804307931333
    endloop
  endfacet
  facet normal -0.15045425378583469 0.0768867940926977 -0.9856226146004843
    outer loop
      vertex -4.308093116744439 4.236730291872956 -4.135804307931333
      vertex -4.3580778741277655 4.319132166751257 -4.121746153061367
      vertex -4.34063315756596 4.325850654892606 -4.123884972491082
    endloop
  endfacet
  facet normal -0.15045425378587515 0.07688679409268223 -0.9856226146004793
    outer loop
      vertex -4.308093116744439 4.236730291872956 -4.135804307931333
      vertex -4.34063315756596 4.325850654892606 -4.123884972491082
      vertex -4.278653890812315 4.264176788627431 -4.138157118825455
    endloop
  endfacet
  facet normal -0.1504542537858728 0.07688679409268473 -0.9856226146004795
    outer loop
      vertex -4.34063315756596 4.325850654892606 -4.123884972491082
      vertex -4.288015874377337 4.400049163487725 -4.126128842095214
      vertex -4.278653890812315 4.264176788627431 -4.138157118825455
    endloop
  endfacet
  facet normal -0.15045425378583094 0.07688679409265481 -0.9856226146004882
    outer loop
      vertex -4.34063315756596 4.325850654892606 -4.123884972491082
      vertex -4.335461425491539 4.341804503912068 -4.1234298985024544
      vertex -4.288015874377337 4.400049163487725 -4.126128842095214
    endloop
  endfacet
  facet normal -0.15045425378601454 0.07688679409272599 -0.9856226146004545
    outer loop
      vertex -4.335461425491539 4.341804503912068 -4.1234298985024544
      vertex -4.319199260468491 4.400667865987157 -4.121320467098196
      vertex -4.318612127516969 4.400059055875205 -4.121457584597137
    endloop
  endfacet
  facet normal -0.15045425378586635 0.076886794092684 -0.9856226146004804
    outer loop
      vertex -4.335461425491539 4.341804503912068 -4.1234298985024544
      vertex -4.318612127516969 4.400059055875205 -4.121457584597137
      vertex -4.288015874377337 4.400049163487725 -4.126128842095214
    endloop
  endfacet
  facet normal 0.37910673877059553 0.9152446303269607 0.1364014196274673
    outer loop
      vertex -4.463486558682532 4.170913254225501 4.253158767267482
      vertex -4.468459833815972 4.1722408438429825 4.258073179815388
      vertex -4.430935649382079 4.155661014490367 4.265030061961852
    endloop
  endfacet
  facet normal 0.37910673877061446 0.9152446303269661 0.1364014196273778
    outer loop
      vertex -4.468459833815972 4.1722408438429825 4.258073179815388
      vertex -4.430935649382079 4.15136153065279 4.293879318122604
      vertex -4.430935649382079 4.155661014490367 4.265030061961852
    endloop
  endfacet
  facet normal -0.14582896560765057 0.978502849040112 0.1458289656076145
    outer loop
      vertex -4.430935649382079 4.15136153065279 4.293879318122604
      vertex -4.291623835470922 4.179147380848194 4.246749889267513
      vertex -4.430935649382079 4.155661014490367 4.265030061961852
    endloop
  endfacet
  facet normal -0.1458289656076445 0.9785028490401101 0.1458289656076315
    outer loop
      vertex -4.430935649382079 4.15136153065279 4.293879318122604
      vertex -4.341115840381113 4.161442794988946 4.316054500874244
      vertex -4.291623835470922 4.179147380848194 4.246749889267513
    endloop
  endfacet
  facet normal -0.14582896560763725 0.9785028490401105 0.14582896560763675
    outer loop
      vertex -4.341115840381113 4.161442794988946 4.316054500874244
      vertex -4.332998068516777 4.162052705786894 4.320079811059477
      vertex -4.291623835470922 4.179147380848194 4.246749889267513
    endloop
  endfacet
  facet normal -0.14582896560750455 0.9785028490401412 0.14582896560756284
    outer loop
      vertex -4.332998068516777 4.162052705786894 4.320079811059477
      vertex -4.329644796211752 4.161442794988946 4.327525545043606
      vertex -4.265030061961852 4.155661014490368 4.430935649382079
    endloop
  endfacet
  facet normal -0.14582896560763692 0.9785028490401105 0.14582896560763692
    outer loop
      vertex -4.332998068516777 4.162052705786894 4.320079811059477
      vertex -4.246749889267513 4.179147380848194 4.291623835470922
      vertex -4.291623835470922 4.179147380848194 4.246749889267513
    endloop
  endfacet
  facet normal -0.5773502691896272 0.577350269189623 0.5773502691896272
    outer loop
      vertex -4.291623835470922 4.179147380848194 4.246749889267513
      vertex -4.246749889267513 4.179147380848194 4.291623835470922
      vertex -4.265507149811117 4.296965903766413 4.155048052009101
    endloop
  endfacet
  facet normal -0.14582896560763542 0.9785028490401101 0.1458289656076413
    outer loop
      vertex -4.332998068516777 4.162052705786894 4.320079811059477
      vertex -4.265030061961852 4.155661014490368 4.430935649382079
      vertex -4.246749889267513 4.179147380848194 4.291623835470922
    endloop
  endfacet
  facet normal -0.14678079659637372 -0.09191260490870988 0.98488957290116
    outer loop
      vertex -4.380280118260908 4.330311124779835 4.129094424727242
      vertex -4.274780226599208 4.312273074621144 4.143134002708198
      vertex -4.336431552166218 4.3539174737002995 4.137832306332894
    endloop
  endfacet
  facet normal -0.14678079659637955 -0.09191260490871868 0.9848895729011584
    outer loop
      vertex -4.336431552166218 4.3539174737002995 4.137832306332894
      vertex -4.274780226599208 4.312273074621144 4.143134002708198
      vertex -4.326604496522628 4.371250999056489 4.140914471691148
    endloop
  endfacet
  facet normal -0.14678079659638163 -0.09191260490872052 0.9848895729011579
    outer loop
      vertex -4.326604496522628 4.371250999056489 4.140914471691148
      vertex -4.274780226599208 4.312273074621144 4.143134002708198
      vertex -4.265107543320483 4.429992676842311 4.155561466438764
    endloop
  endfacet
  facet normal -0.5773502691896195 0.5773502691896275 0.5773502691896302
    outer loop
      vertex -4.246749889267513 4.179147380848194 4.291623835470922
      vertex -4.175090580616667 4.271215262484981 4.271215262484981
      vertex -4.265507149811117 4.296965903766413 4.155048052009101
    endloop
  endfacet
  facet normal -0.14582896560762632 0.9785028490401122 0.1458289656076373
    outer loop
      vertex -4.329644796211752 4.161442794988946 4.327525545043606
      vertex -4.298513239215473 4.150670924672089 4.430935649382079
      vertex -4.265030061961852 4.155661014490368 4.430935649382079
    endloop
  endfacet
  facet normal -0.13640141962739097 0.9152446303269809 -0.37910673877057444
    outer loop
      vertex -4.298513239215473 4.150670924672089 4.430935649382079
      vertex -4.256103831718538 4.1671294353414305 4.455411236799086
      vertex -4.265030061961852 4.155661014490368 4.430935649382079
    endloop
  endfacet
  facet normal -0.13640141962734662 0.9152446303269612 -0.37910673877063794
    outer loop
      vertex -4.298513239215473 4.150670924672089 4.430935649382079
      vertex -4.2641529120560975 4.169471333679943 4.463961113475886
      vertex -4.256103831718538 4.1671294353414305 4.455411236799086
    endloop
  endfacet
  facet normal -0.1467807965960796 -0.09191260490889275 0.9848895729011867
    outer loop
      vertex -4.326604496522628 4.371250999056489 4.140914471691148
      vertex -4.293736250055195 4.430007013699419 4.151296189642515
      vertex -4.294692414205666 4.430935649382079 4.151240352711563
    endloop
  endfacet
  facet normal -0.14678079659638424 -0.09191260490871778 0.9848895729011576
    outer loop
      vertex -4.326604496522628 4.371250999056489 4.140914471691148
      vertex -4.265107543320483 4.429992676842311 4.155561466438764
      vertex -4.293736250055195 4.430007013699419 4.151296189642515
    endloop
  endfacet
  facet normal 0.9827961825554098 -0.1305979776928202 -0.13059797769130782
    outer loop
      vertex 4.138510447463966 -4.28231774625461 -4.234239114939448
      vertex 4.118340882237168 -4.40012208458405 -4.2682179210272615
      vertex 4.118210724989451 -4.400667865987157 -4.268651619157056
    endloop
  endfacet
  facet normal 0.9827961825552969 -0.1305979776924505 -0.13059797769252746
    outer loop
      vertex 4.138510447463966 -4.28231774625461 -4.234239114939448
      vertex 4.120674964927293 -4.4001173708379016 -4.250657833249268
      vertex 4.118340882237168 -4.40012208458405 -4.2682179210272615
    endloop
  endfacet
  facet normal 0.9827961825553022 -0.13059797769246434 -0.13059797769247308
    outer loop
      vertex 4.118210724989451 -4.400667865987157 -4.268651619157056
      vertex 4.126158972723229 -4.3155400247249105 -4.293966072273614
      vertex 4.138510447463966 -4.28231774625461 -4.234239114939448
    endloop
  endfacet
  facet normal 0.9827961825553011 -0.13059797769248108 -0.1305979776924653
    outer loop
      vertex 4.126158972723229 -4.3155400247249105 -4.293966072273614
      vertex 4.117602719444998 -4.27377063978138 -4.400124303104367
      vertex 4.120674814663689 -4.25065797157666 -4.400118363297518
    endloop
  endfacet
  facet normal 0.982796182555208 -0.13059797769298787 -0.1305979776926572
    outer loop
      vertex 4.126158972723229 -4.3155400247249105 -4.293966072273614
      vertex 4.117479155668619 -4.274156938217062 -4.400667865987157
      vertex 4.117602719444998 -4.27377063978138 -4.400124303104367
    endloop
  endfacet
  facet normal 0.9827961825553014 -0.13059797769247963 -0.13059797769246445
    outer loop
      vertex 4.126158972723229 -4.3155400247249105 -4.293966072273614
      vertex 4.120674814663689 -4.25065797157666 -4.400118363297518
      vertex 4.138510447463966 -4.28231774625461 -4.234239114939448
    endloop
  endfacet
  facet normal 0.9827961825553042 -0.13059797769246123 -0.13059797769246123
    outer loop
      vertex 4.138510447463966 -4.28231774625461 -4.234239114939448
      vertex 4.120674814663689 -4.25065797157666 -4.400118363297518
      vertex 4.138510447463966 -4.234239114939448 -4.28231774625461
    endloop
  endfacet
  facet normal 0.5773502691896257 -0.5773502691896257 -0.5773502691896257
    outer loop
      vertex 4.138510447463966 -4.28231774625461 -4.234239114939448
      vertex 4.138510447463966 -4.234239114939448 -4.28231774625461
      vertex 4.2721053647083265 -4.115888995206901 -4.267072948742796
    endloop
  endfacet
  facet normal 0.05746000057994598 -0.13150852176255887 -0.9896483501917128
    outer loop
      vertex 4.256054867745405 -4.272980587622738 -4.126031853289881
      vertex 4.283123445705717 -4.24357627357132 -4.128367589380987
      vertex 4.275642220207742 -4.400115191886262 -4.108000425104351
    endloop
  endfacet
  facet normal 0.5773502691896257 -0.5773502691896257 -0.5773502691896257
    outer loop
      vertex 4.138510447463966 -4.28231774625461 -4.234239114939448
      vertex 4.2721053647083265 -4.115888995206901 -4.267072948742796
      vertex 4.256054867745405 -4.272980587622738 -4.126031853289881
    endloop
  endfacet
  facet normal 0.05746000057986386 -0.13150852176252023 -0.9896483501917228
    outer loop
      vertex 4.34563651270298 -4.296065733623639 -4.117763002243063
      vertex 4.310196347541016 -4.400124079688164 -4.105992995901937
      vertex 4.275642220207742 -4.400115191886262 -4.108000425104351
    endloop
  endfacet
  facet normal 0.057460000581324173 -0.13150852176300065 -0.9896483501915742
    outer loop
      vertex 4.34563651270298 -4.296065733623639 -4.117763002243063
      vertex 4.310589998905402 -4.400667865987157 -4.105897879550817
      vertex 4.310196347541016 -4.400124079688164 -4.105992995901937
    endloop
  endfacet
  facet normal 0.05746000057992104 -0.1315085217625579 -0.9896483501917145
    outer loop
      vertex 4.283123445705717 -4.24357627357132 -4.128367589380987
      vertex 4.34563651270298 -4.296065733623639 -4.117763002243063
      vertex 4.275642220207742 -4.400115191886262 -4.108000425104351
    endloop
  endfacet
  facet normal 0.057460000579904594 -0.13150852176257713 -0.9896483501917128
    outer loop
      vertex 4.283123445705717 -4.24357627357132 -4.128367589380987
      vertex 4.362454913534692 -4.288539180642421 -4.117786667755141
      vertex 4.34563651270298 -4.296065733623639 -4.117763002243063
    endloop
  endfacet
  facet normal 0.057460000579935444 -0.1315085217625239 -0.989648350191718
    outer loop
      vertex 4.283123445705717 -4.24357627357132 -4.128367589380987
      vertex 4.400667865987157 -4.278028192039673 -4.11696472762205
      vertex 4.362454913534692 -4.288539180642421 -4.117786667755141
    endloop
  endfacet
  facet normal 0.05746000057993413 -0.13150852176252828 -0.9896483501917176
    outer loop
      vertex 4.283123445705717 -4.24357627357132 -4.128367589380987
      vertex 4.400667865987157 -4.25073456035955 -4.120591617067264
      vertex 4.400667865987157 -4.278028192039673 -4.11696472762205
    endloop
  endfacet
  facet normal 0.5773502691896261 -0.5773502691896261 -0.5773502691896251
    outer loop
      vertex 4.138510447463966 -4.234239114939448 -4.28231774625461
      vertex 4.267072948742796 -4.115888995206901 -4.2721053647083265
      vertex 4.2721053647083265 -4.115888995206901 -4.267072948742796
    endloop
  endfacet
  facet normal 0.057866283664041125 -0.99664586811456 -0.05786628366404606
    outer loop
      vertex 4.274337959913959 -4.109201081286335 -4.380028012968275
      vertex 4.322364048483615 -4.11067454536285 -4.306624074108454
      vertex 4.267072948742796 -4.115888995206901 -4.2721053647083265
    endloop
  endfacet
  facet normal 0.0578662836640366 -0.9966458681145598 -0.057866283664053296
    outer loop
      vertex 4.267072948742796 -4.115888995206901 -4.2721053647083265
      vertex 4.322364048483615 -4.11067454536285 -4.306624074108454
      vertex 4.375512600438733 -4.109480899200372 -4.274033996631011
    endloop
  endfacet
  facet normal 0.05786628366403695 -0.9966458681145608 -0.05786628366403695
    outer loop
      vertex 4.267072948742796 -4.115888995206901 -4.2721053647083265
      vertex 4.375512600438733 -4.109480899200372 -4.274033996631011
      vertex 4.2721053647083265 -4.115888995206901 -4.267072948742796
    endloop
  endfacet
  facet normal 0.5773502691896257 -0.5773502691896257 -0.5773502691896257
    outer loop
      vertex 4.256054867745405 -4.272980587622738 -4.126031853289881
      vertex 4.2721053647083265 -4.115888995206901 -4.267072948742796
      vertex 4.283123445705717 -4.24357627357132 -4.128367589380987
    endloop
  endfacet
  facet normal -0.37983168794168576 -0.1218540224167099 -0.9169948124478337
    outer loop
      vertex 4.451498562127875 -4.228650815211517 -4.144580959201023
      vertex 4.400667865987157 -4.278028192039673 -4.11696472762205
      vertex 4.400667865987157 -4.25073456035955 -4.120591617067264
    endloop
  endfacet
  facet normal 0.9211388984900327 0.38154822458399895 0.07696805834479253
    outer loop
      vertex 4.093256211535395 -4.461145702069907 4.2758985738584645
      vertex 4.079700057361694 -4.430935649382078 4.288377892894819
      vertex 4.077862813096096 -4.430935649382078 4.310365678418639
    endloop
  endfacet
  facet normal 0.9930904239950059 -0.0829801475336734 0.08298014753366692
    outer loop
      vertex 4.079700057361694 -4.430935649382078 4.288377892894819
      vertex 4.082396309787058 -4.333696999027103 4.353348313511884
      vertex 4.077862813096096 -4.430935649382078 4.310365678418639
    endloop
  endfacet
  facet normal 0.004463024978745385 0.08175429789428106 0.9966425217618663
    outer loop
      vertex 4.258549457541509 -4.337196372128334 4.1237354216078925
      vertex 4.250236250368449 -4.430036139520457 4.131388267923937
      vertex 4.281593475632744 -4.430050211814421 4.1312490027349895
    endloop
  endfacet
  facet normal 0.004463024977322522 0.08175429789393115 0.9966425217619014
    outer loop
      vertex 4.258549457541509 -4.337196372128334 4.1237354216078925
      vertex 4.281593475632744 -4.430050211814421 4.1312490027349895
      vertex 4.282381578166426 -4.430935649382078 4.131318105752246
    endloop
  endfacet
  facet normal 0.004463024978728867 0.08175429789428547 0.9966425217618661
    outer loop
      vertex 4.258549457541509 -4.337196372128334 4.1237354216078925
      vertex 4.282381578166426 -4.430935649382078 4.131318105752246
      vertex 4.324304091028709 -4.366679536755842 4.12585946388572
    endloop
  endfacet
  facet normal 0.9930904239950068 -0.08298014753366985 0.08298014753366156
    outer loop
      vertex 4.079700057361694 -4.430935649382078 4.288377892894819
      vertex 4.092752625142318 -4.286740767166589 4.276362157790975
      vertex 4.082396309787058 -4.333696999027103 4.353348313511884
    endloop
  endfacet
  facet normal 0.9930904239950069 -0.08298014753366476 0.08298014753366471
    outer loop
      vertex 4.082396309787058 -4.333696999027103 4.353348313511884
      vertex 4.092752625142318 -4.286740767166589 4.276362157790975
      vertex 4.092752625142318 -4.276362157790975 4.286740767166589
    endloop
  endfacet
  facet normal 0.9930904239950068 -0.0829801475336608 0.08298014753366804
    outer loop
      vertex 4.082396309787058 -4.333696999027103 4.353348313511884
      vertex 4.092752625142318 -4.276362157790975 4.286740767166589
      vertex 4.0782707945255 -4.305483035247335 4.430935649382078
    endloop
  endfacet
  facet normal 0.571825664051807 -0.5800928416778258 0.5800928416778258
    outer loop
      vertex 4.092752625142318 -4.286740767166589 4.276362157790975
      vertex 4.223841859283708 -4.155686016599281 4.278195888932956
      vertex 4.092752625142318 -4.276362157790975 4.286740767166589
    endloop
  endfacet
  facet normal 0.5718256640518046 -0.5800928416778235 0.5800928416778303
    outer loop
      vertex 4.209457700086425 -4.279133501313097 4.168927567956145
      vertex 4.223841859283708 -4.155686016599281 4.278195888932956
      vertex 4.092752625142318 -4.286740767166589 4.276362157790975
    endloop
  endfacet
  facet normal 0.004463024978734254 0.08175429789435452 0.9966425217618604
    outer loop
      vertex 4.258549457541509 -4.337196372128334 4.1237354216078925
      vertex 4.341567881418936 -4.341665867407614 4.123730291532817
      vertex 4.347362429417615 -4.337658631384404 4.123375630787048
    endloop
  endfacet
  facet normal 0.0044630249787307626 0.08175429789428967 0.9966425217618657
    outer loop
      vertex 4.258549457541509 -4.337196372128334 4.1237354216078925
      vertex 4.324304091028709 -4.366679536755842 4.12585946388572
      vertex 4.341567881418936 -4.341665867407614 4.123730291532817
    endloop
  endfacet
  facet normal 0.5718256640518059 -0.580092841677823 0.5800928416778295
    outer loop
      vertex 4.209457700086425 -4.279133501313097 4.168927567956145
      vertex 4.236699054282088 -4.157992728065253 4.2632152164394235
      vertex 4.223841859283708 -4.155686016599281 4.278195888932956
    endloop
  endfacet
  facet normal 0.004423267753403938 -0.9877642964549442 0.15589140242890479
    outer loop
      vertex 4.236699054282088 -4.157992728065253 4.2632152164394235
      vertex 4.334371692253057 -4.150548268673987 4.307613681366512
      vertex 4.31562158317604 -4.149476867389749 4.3149343460780845
    endloop
  endfacet
  facet normal 0.004423267753387725 -0.9877642964549417 0.1558914024289209
    outer loop
      vertex 4.236699054282088 -4.157992728065253 4.2632152164394235
      vertex 4.250155705015484 -4.131462415144726 4.430935649382078
      vertex 4.223841859283708 -4.155686016599281 4.278195888932956
    endloop
  endfacet
  facet normal 0.004423267753393367 -0.9877642964549418 0.15589140242892044
    outer loop
      vertex 4.236699054282088 -4.157992728065253 4.2632152164394235
      vertex 4.31562158317604 -4.149476867389749 4.3149343460780845
      vertex 4.250155705015484 -4.131462415144726 4.430935649382078
    endloop
  endfacet
  facet normal 0.0044232677535834515 -0.9877642964549245 0.15589140242902508
    outer loop
      vertex 4.31562158317604 -4.149476867389749 4.3149343460780845
      vertex 4.306166188425355 -4.1460331367470875 4.337022914558921
      vertex 4.250155705015484 -4.131462415144726 4.430935649382078
    endloop
  endfacet
  facet normal 0.004423267753458603 -0.9877642964549624 0.15589140242878752
    outer loop
      vertex 4.236699054282088 -4.157992728065253 4.2632152164394235
      vertex 4.367788288423483 -4.152116981860837 4.296725785028575
      vertex 4.334371692253057 -4.150548268673987 4.307613681366512
    endloop
  endfacet
  facet normal 0.004423267753395691 -0.987764296454937 0.15589140242895128
    outer loop
      vertex 4.236699054282088 -4.157992728065253 4.2632152164394235
      vertex 4.367055566566575 -4.157327235960299 4.2637331897359285
      vertex 4.367067666161696 -4.15223811295459 4.295978717117392
    endloop
  endfacet
  facet normal 0.004423267752233143 -0.9877642964542316 0.1558914024334535
    outer loop
      vertex 4.236699054282088 -4.157992728065253 4.2632152164394235
      vertex 4.367067666161696 -4.15223811295459 4.295978717117392
      vertex 4.367788288423483 -4.152116981860837 4.296725785028575
    endloop
  endfacet
  facet normal 0.9930904239951228 -0.08298014753190779 0.08298014753403446
    outer loop
      vertex 4.092752625142318 -4.276362157790975 4.286740767166589
      vertex 4.078364232422817 -4.304956220135134 4.430344217735003
      vertex 4.0782707945255 -4.305483035247335 4.430935649382078
    endloop
  endfacet
  facet normal 0.9930904239950061 -0.08298014753366628 0.0829801475336719
    outer loop
      vertex 4.092752625142318 -4.276362157790975 4.286740767166589
      vertex 4.079754070001471 -4.288328170757173 4.430338958649518
      vertex 4.078364232422817 -4.304956220135134 4.430344217735003
    endloop
  endfacet
  facet normal 0.004137152543199619 -0.9238716259020235 -0.3826801573402854
    outer loop
      vertex 4.232632281623125 -4.147593862775102 4.469690963422538
      vertex 4.250155705015484 -4.131462415144726 4.430935649382078
      vertex 4.277343422544091 -4.131340666915249 4.430935649382078
    endloop
  endfacet
  facet normal 0.0044232677534289345 -0.9877642964549394 0.1558914024289352
    outer loop
      vertex 4.306166188425355 -4.1460331367470875 4.337022914558921
      vertex 4.277343422544091 -4.131340666915249 4.430935649382078
      vertex 4.250155705015484 -4.131462415144726 4.430935649382078
    endloop
  endfacet
  facet normal 0.5773502691896227 0.5773502691896218 -0.5773502691896325
    outer loop
      vertex 4.138510447463966 4.234239114939449 -4.28231774625461
      vertex 4.138510447463966 4.282317746254612 -4.234239114939448
      vertex 4.267072948742796 4.115888995206902 -4.2721053647083265
    endloop
  endfacet
  facet normal 0.9827961825550822 0.13059797769486223 -0.1305979776917309
    outer loop
      vertex 4.138510447463966 4.234239114939449 -4.28231774625461
      vertex 4.1183408822371685 4.268217921027264 -4.40012208458405
      vertex 4.118210724989451 4.268651619157057 -4.400667865987157
    endloop
  endfacet
  facet normal 0.9827961825553043 0.13059797769245904 -0.13059797769246212
    outer loop
      vertex 4.138510447463966 4.234239114939449 -4.28231774625461
      vertex 4.120674964927293 4.250657833249268 -4.4001173708379016
      vertex 4.1183408822371685 4.268217921027264 -4.40012208458405
    endloop
  endfacet
  facet normal 0.9827961825553042 0.13059797769245193 -0.13059797769246986
    outer loop
      vertex 4.118210724989451 4.268651619157057 -4.400667865987157
      vertex 4.12615897272323 4.293966072273616 -4.315540024724911
      vertex 4.138510447463966 4.234239114939449 -4.28231774625461
    endloop
  endfacet
  facet normal 0.9827961825553048 0.13059797769245757 -0.13059797769245998
    outer loop
      vertex 4.12615897272323 4.293966072273616 -4.315540024724911
      vertex 4.138510447463966 4.282317746254612 -4.234239114939448
      vertex 4.138510447463966 4.234239114939449 -4.28231774625461
    endloop
  endfacet
  facet normal 0.9827961825553043 0.1305979776924625 -0.1305979776924592
    outer loop
      vertex 4.12615897272323 4.293966072273616 -4.315540024724911
      vertex 4.120674814663689 4.400118363297519 -4.25065797157666
      vertex 4.138510447463966 4.282317746254612 -4.234239114939448
    endloop
  endfacet
  facet normal 0.982796182555139 0.13059797769280684 -0.13059797769335893
    outer loop
      vertex 4.12615897272323 4.293966072273616 -4.315540024724911
      vertex 4.117479155668619 4.400667865987157 -4.274156938217062
      vertex 4.117602719444998 4.400124303104369 -4.27377063978138
    endloop
  endfacet
  facet normal 0.9827961825553007 0.13059797769247258 -0.13059797769247597
    outer loop
      vertex 4.12615897272323 4.293966072273616 -4.315540024724911
      vertex 4.117602719444998 4.400124303104369 -4.27377063978138
      vertex 4.120674814663689 4.400118363297519 -4.25065797157666
    endloop
  endfacet
  facet normal 0.057866283664049147 0.99664586811456 -0.057866283664037836
    outer loop
      vertex 4.274337959913959 4.109201081286336 -4.380028012968275
      vertex 4.2721053647083265 4.115888995206902 -4.267072948742796
      vertex 4.322364048483614 4.110674545362851 -4.306624074108453
    endloop
  endfacet
  facet normal 0.057866283664038155 0.9966458681145607 -0.0578662836640381
    outer loop
      vertex 4.274337959913959 4.109201081286336 -4.380028012968275
      vertex 4.267072948742796 4.115888995206902 -4.2721053647083265
      vertex 4.2721053647083265 4.115888995206902 -4.267072948742796
    endloop
  endfacet
  facet normal 0.5773502691896257 0.5773502691896257 -0.5773502691896257
    outer loop
      vertex 4.267072948742796 4.115888995206902 -4.2721053647083265
      vertex 4.2831234457057175 4.24357627357132 -4.128367589380987
      vertex 4.2721053647083265 4.115888995206902 -4.267072948742796
    endloop
  endfacet
  facet normal 0.0578662836640373 0.9966458681145598 -0.05786628366405286
    outer loop
      vertex 4.2721053647083265 4.115888995206902 -4.267072948742796
      vertex 4.37551260043873 4.109480899200373 -4.274033996631011
      vertex 4.322364048483614 4.110674545362851 -4.306624074108453
    endloop
  endfacet
  facet normal 0.5773502691896258 0.5773502691896256 -0.5773502691896256
    outer loop
      vertex 4.267072948742796 4.115888995206902 -4.2721053647083265
      vertex 4.256054867745404 4.272980587622739 -4.126031853289881
      vertex 4.2831234457057175 4.24357627357132 -4.128367589380987
    endloop
  endfacet
  facet normal 0.5773502691896286 0.5773502691896246 -0.5773502691896243
    outer loop
      vertex 4.138510447463966 4.282317746254612 -4.234239114939448
      vertex 4.256054867745404 4.272980587622739 -4.126031853289881
      vertex 4.267072948742796 4.115888995206902 -4.2721053647083265
    endloop
  endfacet
  facet normal 0.05746000057993206 0.13150852176254638 -0.9896483501917153
    outer loop
      vertex 4.256054867745404 4.272980587622739 -4.126031853289881
      vertex 4.300080518844086 4.400667865987158 -4.106508070767021
      vertex 4.311626517578516 4.334291330845174 -4.114658083769825
    endloop
  endfacet
  facet normal 0.057460000579902734 0.13150852176255654 -0.9896483501917157
    outer loop
      vertex 4.256054867745404 4.272980587622739 -4.126031853289881
      vertex 4.275727369506579 4.400667865987158 -4.107922039652823
      vertex 4.300080518844086 4.400667865987158 -4.106508070767021
    endloop
  endfacet
  facet normal 0.05746000057992948 0.1315085217625395 -0.9896483501917165
    outer loop
      vertex 4.256054867745404 4.272980587622739 -4.126031853289881
      vertex 4.40001815964764 4.250694994174314 -4.120634597401814
      vertex 4.2831234457057175 4.24357627357132 -4.128367589380987
    endloop
  endfacet
  facet normal 0.05746000057993091 0.1315085217625491 -0.9896483501917152
    outer loop
      vertex 4.256054867745404 4.272980587622739 -4.126031853289881
      vertex 4.330358134951609 4.324670579027931 -4.114848951672118
      vertex 4.40001815964764 4.250694994174314 -4.120634597401814
    endloop
  endfacet
  facet normal 0.05746000057993415 0.13150852176254454 -0.9896483501917155
    outer loop
      vertex 4.256054867745404 4.272980587622739 -4.126031853289881
      vertex 4.311626517578516 4.334291330845174 -4.114658083769825
      vertex 4.330358134951609 4.324670579027931 -4.114848951672118
    endloop
  endfacet
  facet normal 0.05356438770421123 -0.382134051152484 -0.9225532089368416
    outer loop
      vertex 4.275727369506579 4.400667865987158 -4.107922039652823
      vertex 4.259533857245329 4.440284530037096 -4.125272011167257
      vertex 4.300080518844086 4.400667865987158 -4.106508070767021
    endloop
  endfacet
  facet normal 0.05356438770412759 -0.38213405115251475 -0.9225532089368338
    outer loop
      vertex 4.2541496658362155 4.445598437027385 -4.127785715200036
      vertex 4.259533857245329 4.440284530037096 -4.125272011167257
      vertex 4.275727369506579 4.400667865987158 -4.107922039652823
    endloop
  endfacet
  facet normal 0.057460000579915425 0.13150852176253472 -0.9896483501917179
    outer loop
      vertex 4.330358134951609 4.324670579027931 -4.114848951672118
      vertex 4.400029944885584 4.29312340531002 -4.114995852277965
      vertex 4.40001815964764 4.250694994174314 -4.120634597401814
    endloop
  endfacet
  facet normal 0.05746000058011937 0.13150852176298483 -0.9896483501916461
    outer loop
      vertex 4.330358134951609 4.324670579027931 -4.114848951672118
      vertex 4.400667865987157 4.293590008252773 -4.114896809814954
      vertex 4.400029944885584 4.29312340531002 -4.114995852277965
    endloop
  endfacet
  facet normal 0.5718256640518055 0.5800928416778239 0.580092841677829
    outer loop
      vertex 4.0927526251423165 4.276362157790975 4.28674076716659
      vertex 4.2238418592837075 4.155686016599281 4.278195888932956
      vertex 4.236699054282088 4.157992728065253 4.263215216439423
    endloop
  endfacet
  facet normal 0.5718256640518028 0.5800928416778277 0.5800928416778278
    outer loop
      vertex 4.209457700086425 4.279133501313097 4.168927567956144
      vertex 4.0927526251423165 4.28674076716659 4.276362157790975
      vertex 4.0927526251423165 4.276362157790975 4.28674076716659
    endloop
  endfacet
  facet normal 0.993090423995007 0.08298014753366405 0.08298014753366405
    outer loop
      vertex 4.0927526251423165 4.276362157790975 4.28674076716659
      vertex 4.0927526251423165 4.28674076716659 4.276362157790975
      vertex 4.079700057361693 4.288377892894819 4.430935649382078
    endloop
  endfacet
  facet normal 0.9930904239950066 0.08298014753366863 0.08298014753366396
    outer loop
      vertex 4.0927526251423165 4.28674076716659 4.276362157790975
      vertex 4.082396309787057 4.353348313511883 4.333696999027102
      vertex 4.079700057361693 4.288377892894819 4.430935649382078
    endloop
  endfacet
  facet normal 0.9930904239950066 0.08298014753365968 0.08298014753367433
    outer loop
      vertex 4.0927526251423165 4.28674076716659 4.276362157790975
      vertex 4.0782707945254995 4.430935649382078 4.305483035247335
      vertex 4.082396309787057 4.353348313511883 4.333696999027102
    endloop
  endfacet
  facet normal 0.5718256640518051 0.5800928416778233 0.58009284167783
    outer loop
      vertex 4.209457700086425 4.279133501313097 4.168927567956144
      vertex 4.0927526251423165 4.276362157790975 4.28674076716659
      vertex 4.236699054282088 4.157992728065253 4.263215216439423
    endloop
  endfacet
  facet normal 0.004423267753395756 0.9877642964549421 0.1558914024289189
    outer loop
      vertex 4.2238418592837075 4.155686016599281 4.278195888932956
      vertex 4.367055566566577 4.157327235960299 4.263733189735928
      vertex 4.236699054282088 4.157992728065253 4.263215216439423
    endloop
  endfacet
  facet normal 0.004423267753385092 0.9877642964549385 0.1558914024289423
    outer loop
      vertex 4.2238418592837075 4.155686016599281 4.278195888932956
      vertex 4.306166188425353 4.1460331367470875 4.33702291455892
      vertex 4.315621583176038 4.149476867389749 4.314934346078084
    endloop
  endfacet
  facet normal 0.00442326775339806 0.987764296454941 0.1558914024289246
    outer loop
      vertex 4.2238418592837075 4.155686016599281 4.278195888932956
      vertex 4.277343422544088 4.131340666915249 4.430935649382078
      vertex 4.306166188425353 4.1460331367470875 4.33702291455892
    endloop
  endfacet
  facet normal 0.004423267753395547 0.9877642964549423 0.15589140242891683
    outer loop
      vertex 4.2238418592837075 4.155686016599281 4.278195888932956
      vertex 4.315621583176038 4.149476867389749 4.314934346078084
      vertex 4.367055566566577 4.157327235960299 4.263733189735928
    endloop
  endfacet
  facet normal 0.004423267753417267 0.9877642964549388 0.15589140242893812
    outer loop
      vertex 4.315621583176038 4.149476867389749 4.314934346078084
      vertex 4.334371692253055 4.150548268673987 4.307613681366511
      vertex 4.367055566566577 4.157327235960299 4.263733189735928
    endloop
  endfacet
  facet normal 0.004423267753399266 0.987764296454941 0.15589140242892505
    outer loop
      vertex 4.334371692253055 4.150548268673987 4.307613681366511
      vertex 4.367067666161696 4.152238112954591 4.295978717117391
      vertex 4.367055566566577 4.157327235960299 4.263733189735928
    endloop
  endfacet
  facet normal 0.004423267753550725 0.9877642964548747 0.15589140242934102
    outer loop
      vertex 4.334371692253055 4.150548268673987 4.307613681366511
      vertex 4.36778828842348 4.152116981860841 4.296725785028571
      vertex 4.367067666161696 4.152238112954591 4.295978717117391
    endloop
  endfacet
  facet normal 0.00446302497872941 -0.08175429789429141 0.9966425217618656
    outer loop
      vertex 4.258549457541509 4.337196372128334 4.123735421607892
      vertex 4.349875644060498 4.337671712319619 4.123365449486498
      vertex 4.307500046050837 4.36758825578573 4.126009255366107
    endloop
  endfacet
  facet normal 0.921138898490047 0.07696805834479371 -0.3815482245839642
    outer loop
      vertex 4.079700057361693 4.288377892894819 4.430935649382078
      vertex 4.077862813096095 4.310365678418639 4.430935649382078
      vertex 4.093256211535392 4.275898573858465 4.461145702069906
    endloop
  endfacet
  facet normal 0.9930904239950068 0.08298014753366699 0.0829801475336629
    outer loop
      vertex 4.082396309787057 4.353348313511883 4.333696999027102
      vertex 4.077862813096095 4.310365678418639 4.430935649382078
      vertex 4.079700057361693 4.288377892894819 4.430935649382078
    endloop
  endfacet
  facet normal 0.004423267753429194 0.9877642964549427 0.15589140242891394
    outer loop
      vertex 4.2238418592837075 4.155686016599281 4.278195888932956
      vertex 4.250155705015482 4.131462415144726 4.430935649382078
      vertex 4.277343422544088 4.131340666915249 4.430935649382078
    endloop
  endfacet
  facet normal 0.004137152543199949 0.9238716259020285 -0.38268015734027333
    outer loop
      vertex 4.250155705015482 4.131462415144726 4.430935649382078
      vertex 4.232632281623128 4.147593862775098 4.469690963422531
      vertex 4.277343422544088 4.131340666915249 4.430935649382078
    endloop
  endfacet
  facet normal 0.9930904239949684 0.08298014753353962 0.08298014753425038
    outer loop
      vertex 4.0927526251423165 4.28674076716659 4.276362157790975
      vertex 4.078364232422817 4.430344217735004 4.304956220135134
      vertex 4.0782707945254995 4.430935649382078 4.305483035247335
    endloop
  endfacet
  facet normal 0.9930904239950109 0.08298014753367146 0.0829801475336092
    outer loop
      vertex 4.0927526251423165 4.28674076716659 4.276362157790975
      vertex 4.07975407000147 4.430338958649518 4.288328170757173
      vertex 4.078364232422817 4.430344217735004 4.304956220135134
    endloop
  endfacet
  facet normal 0.004463024978726408 -0.08175429789428659 0.9966425217618661
    outer loop
      vertex 4.258549457541509 4.337196372128334 4.123735421607892
      vertex 4.307500046050837 4.36758825578573 4.126009255366107
      vertex 4.250236242199521 4.430036230748949 4.131388275443964
    endloop
  endfacet
  facet normal 0.004463024978669472 -0.08175429789433848 0.9966425217618621
    outer loop
      vertex 4.307500046050837 4.36758825578573 4.126009255366107
      vertex 4.293502159800791 4.389077602432404 4.1278347036322245
      vertex 4.250236242199521 4.430036230748949 4.131388275443964
    endloop
  endfacet
  facet normal 0.004463024978759973 -0.08175429789427832 0.9966425217618665
    outer loop
      vertex 4.293502159800791 4.389077602432404 4.1278347036322245
      vertex 4.2723949819481515 4.430935649382078 4.131362826328984
      vertex 4.271450188130478 4.430046439069504 4.13129411550752
    endloop
  endfacet
  facet normal 0.004463024978692555 -0.08175429789431425 0.9966425217618639
    outer loop
      vertex 4.293502159800791 4.389077602432404 4.1278347036322245
      vertex 4.271450188130478 4.430046439069504 4.13129411550752
      vertex 4.250236242199521 4.430036230748949 4.131388275443964
    endloop
  endfacet
  facet normal -0.5836133876290355 -0.8092581583073902 -0.06705704282990708
    outer loop
      vertex -19.985316954888546 -5.615449862812238 -1.422025032922232
      vertex -19.70082344574852 -5.816401595635982 -1.4729129228447957
      vertex -19.985316954888546 -5.7729200735388995 0.47835779553288965
    endloop
  endfacet
  facet normal -0.9863187389504101 -0.1642864177321134 -0.013613160691856481
    outer loop
      vertex -19.985316954888546 -5.615449862812238 -1.422025032922232
      vertex -19.985316954888546 -5.7729200735388995 0.47835779553288965
      vertex -20 -5.684158706546891 0.4710028189695723
    endloop
  endfacet
  facet normal -0.5836133876290356 -0.80925815830739 -0.06705704282990713
    outer loop
      vertex -19.985316954888546 -5.7729200735388995 0.47835779553288965
      vertex -19.70082344574852 -5.816401595635982 -1.4729129228447957
      vertex -19.70082344574852 -5.9795069580400195 0.4954760728339962
    endloop
  endfacet
  facet normal -0.98631873895041 -0.16428641773211397 -0.0136131606918565
    outer loop
      vertex -19.985316954888546 -5.615449862812238 -1.422025032922232
      vertex -20 -5.684158706546891 0.4710028189695723
      vertex -20 -5.529109674528157 -1.4001607278199344
    endloop
  endfacet
  facet normal -0.5836133876290366 -0.7436369329007241 -0.32618940173795324
    outer loop
      vertex -19.985316954888546 -5.615449862812238 -1.422025032922232
      vertex -19.985316954888546 -4.849458526767657 -3.168309384068403
      vertex -19.70082344574852 -5.022998869575172 -3.2816889487345593
    endloop
  endfacet
  facet normal -0.9863187389504103 -0.15096474041742083 -0.06621927473155499
    outer loop
      vertex -19.985316954888546 -4.849458526767657 -3.168309384068403
      vertex -20 -5.529109674528157 -1.4001607278199344
      vertex -20 -4.774895816298139 -3.119595134017973
    endloop
  endfacet
  facet normal -0.98631873895041 -0.1509647404174224 -0.0662192747315556
    outer loop
      vertex -19.985316954888546 -5.615449862812238 -1.422025032922232
      vertex -20 -5.529109674528157 -1.4001607278199344
      vertex -19.985316954888546 -4.849458526767657 -3.168309384068403
    endloop
  endfacet
  facet normal -0.5836133876290355 -0.743636932900725 -0.3261894017379534
    outer loop
      vertex -19.985316954888546 -5.615449862812238 -1.422025032922232
      vertex -19.70082344574852 -5.022998869575172 -3.2816889487345593
      vertex -19.70082344574852 -5.816401595635982 -1.4729129228447957
    endloop
  endfacet
  facet normal -0.5836133876290366 -0.5974311070983764 -0.5499740776176348
    outer loop
      vertex -19.985316954888546 -3.5579531122457793 -4.5712582520654
      vertex -19.70082344574852 -3.6852762761380067 -4.734843056378361
      vertex -19.70082344574852 -5.022998869575172 -3.2816889487345593
    endloop
  endfacet
  facet normal -0.9863187389504101 -0.12128369101920322 -0.11164950285617584
    outer loop
      vertex -19.985316954888546 -3.5579531122457793 -4.5712582520654
      vertex -20 -4.774895816298139 -3.119595134017973
      vertex -20 -3.5032479062298556 -4.500973001939273
    endloop
  endfacet
  facet normal -0.9863187389504102 -0.12128369101920237 -0.11164950285617511
    outer loop
      vertex -19.985316954888546 -4.849458526767657 -3.168309384068403
      vertex -20 -4.774895816298139 -3.119595134017973
      vertex -19.985316954888546 -3.5579531122457793 -4.5712582520654
    endloop
  endfacet
  facet normal -0.5836133876290364 -0.5974311070983765 -0.5499740776176348
    outer loop
      vertex -19.985316954888546 -4.849458526767657 -3.168309384068403
      vertex -19.985316954888546 -3.5579531122457793 -4.5712582520654
      vertex -19.70082344574852 -5.022998869575172 -3.2816889487345593
    endloop
  endfacet
  facet normal -0.5836133876290364 -0.38648435074316173 -0.7141605284603714
    outer loop
      vertex -19.985316954888546 -1.8808882706813304 -5.478840358071117
      vertex -19.70082344574852 -1.9481968152281037 -5.674903450203807
      vertex -19.985316954888546 -3.5579531122457793 -4.5712582520654
    endloop
  endfacet
  facet normal -0.9863187389504102 -0.0784596717886874 -0.14498077492579495
    outer loop
      vertex -19.985316954888546 -1.8808882706813304 -5.478840358071117
      vertex -20 -3.5032479062298556 -4.500973001939273
      vertex -20 -1.8519687270295564 -5.39460060530848
    endloop
  endfacet
  facet normal -0.98631873895041 -0.07845967178868786 -0.1449807749257957
    outer loop
      vertex -19.985316954888546 -1.8808882706813304 -5.478840358071117
      vertex -19.985316954888546 -3.5579531122457793 -4.5712582520654
      vertex -20 -3.5032479062298556 -4.500973001939273
    endloop
  endfacet
  facet normal -0.5836133876290364 -0.38648435074316173 -0.7141605284603714
    outer loop
      vertex -19.985316954888546 -3.5579531122457793 -4.5712582520654
      vertex -19.70082344574852 -1.9481968152281037 -5.674903450203807
      vertex -19.70082344574852 -3.6852762761380067 -4.734843056378361
    endloop
  endfacet
  facet normal -0.5836133876290365 -0.13365601806233884 -0.8009566047020774
    outer loop
      vertex -19.985316954888546 -1.8808882706813304 -5.478840358071117
      vertex -19.70082344574852 0 -6
      vertex -19.70082344574852 -1.9481968152281037 -5.674903450203807
    endloop
  endfacet
  facet normal -0.98631873895041 -0.027133329692624296 -0.16260113042369745
    outer loop
      vertex -19.985316954888546 -1.8808882706813304 -5.478840358071117
      vertex -20 2.501818192626123e-17 -5.703639527239612
      vertex -19.985316954888546 1.749943747389611e-17 -5.792705098312484
    endloop
  endfacet
  facet normal -0.5836133876290365 -0.13365601806233884 -0.8009566047020773
    outer loop
      vertex -19.985316954888546 -1.8808882706813304 -5.478840358071117
      vertex -19.985316954888546 1.749943747389611e-17 -5.792705098312484
      vertex -19.70082344574852 0 -6
    endloop
  endfacet
  facet normal -0.9863187389504101 -0.027133329692624185 -0.16260113042369645
    outer loop
      vertex -19.985316954888546 -1.8808882706813304 -5.478840358071117
      vertex -20 -1.8519687270295564 -5.39460060530848
      vertex -20 2.501818192626123e-17 -5.703639527239612
    endloop
  endfacet
  facet normal -0.98631873895041 0.027133329692624265 -0.16260113042369745
    outer loop
      vertex -19.985316954888546 1.749943747389611e-17 -5.792705098312484
      vertex -20 2.501818192626123e-17 -5.703639527239612
      vertex -19.985316954888546 1.8808882706813275 -5.478840358071118
    endloop
  endfacet
  facet normal -0.5836133876290365 0.13365601806233868 -0.8009566047020773
    outer loop
      vertex -19.985316954888546 1.749943747389611e-17 -5.792705098312484
      vertex -19.70082344574852 1.9481968152281008 -5.674903450203808
      vertex -19.70082344574852 0 -6
    endloop
  endfacet
  facet normal -0.9863187389504103 0.027133329692624147 -0.16260113042369648
    outer loop
      vertex -19.985316954888546 1.8808882706813275 -5.478840358071118
      vertex -20 2.501818192626123e-17 -5.703639527239612
      vertex -20 1.8519687270295535 -5.394600605308481
    endloop
  endfacet
  facet normal -0.5836133876290365 0.13365601806233868 -0.8009566047020775
    outer loop
      vertex -19.985316954888546 1.749943747389611e-17 -5.792705098312484
      vertex -19.985316954888546 1.8808882706813275 -5.478840358071118
      vertex -19.70082344574852 1.9481968152281008 -5.674903450203808
    endloop
  endfacet
  facet normal -0.5836133876290365 0.38648435074316145 -0.7141605284603715
    outer loop
      vertex -19.985316954888546 1.8808882706813275 -5.478840358071118
      vertex -19.985316954888546 3.5579531122457797 -4.5712582520654
      vertex -19.70082344574852 1.9481968152281008 -5.674903450203808
    endloop
  endfacet
  facet normal -0.9863187389504103 0.07845967178868737 -0.14498077492579495
    outer loop
      vertex -19.985316954888546 1.8808882706813275 -5.478840358071118
      vertex -20 1.8519687270295535 -5.394600605308481
      vertex -19.985316954888546 3.5579531122457797 -4.5712582520654
    endloop
  endfacet
  facet normal -0.98631873895041 0.07845967178868792 -0.14498077492579606
    outer loop
      vertex -19.985316954888546 3.5579531122457797 -4.5712582520654
      vertex -20 1.8519687270295535 -5.394600605308481
      vertex -20 3.5032479062298565 -4.500973001939273
    endloop
  endfacet
  facet normal -0.5836133876290358 0.3864843507431616 -0.7141605284603718
    outer loop
      vertex -19.985316954888546 3.5579531122457797 -4.5712582520654
      vertex -19.70082344574852 3.6852762761380067 -4.734843056378361
      vertex -19.70082344574852 1.9481968152281008 -5.674903450203808
    endloop
  endfacet
  facet normal -0.98631873895041 0.12128369101920362 -0.11164950285617631
    outer loop
      vertex -19.985316954888546 3.5579531122457797 -4.5712582520654
      vertex -20 3.5032479062298565 -4.500973001939273
      vertex -19.985316954888546 4.849458526767656 -3.168309384068405
    endloop
  endfacet
  facet normal -0.5836133876290359 0.5974311070983767 -0.5499740776176352
    outer loop
      vertex -19.985316954888546 3.5579531122457797 -4.5712582520654
      vertex -19.70082344574852 5.022998869575171 -3.281688948734561
      vertex -19.70082344574852 3.6852762761380067 -4.734843056378361
    endloop
  endfacet
  facet normal -0.9863187389504103 0.12128369101920244 -0.1116495028561751
    outer loop
      vertex -19.985316954888546 4.849458526767656 -3.168309384068405
      vertex -20 3.5032479062298565 -4.500973001939273
      vertex -20 4.774895816298138 -3.119595134017975
    endloop
  endfacet
  facet normal -0.5836133876290366 0.5974311070983763 -0.5499740776176348
    outer loop
      vertex -19.985316954888546 3.5579531122457797 -4.5712582520654
      vertex -19.985316954888546 4.849458526767656 -3.168309384068405
      vertex -19.70082344574852 5.022998869575171 -3.281688948734561
    endloop
  endfacet
  facet normal -0.9863187389504103 0.1509647404174209 -0.06621927473155494
    outer loop
      vertex -19.985316954888546 4.849458526767656 -3.168309384068405
      vertex -20 4.774895816298138 -3.119595134017975
      vertex -19.985316954888546 5.615449862812238 -1.4220250329222317
    endloop
  endfacet
  facet normal -0.5836133876290366 0.7436369329007242 -0.3261894017379531
    outer loop
      vertex -19.985316954888546 4.849458526767656 -3.168309384068405
      vertex -19.70082344574852 5.816401595635982 -1.4729129228447957
      vertex -19.70082344574852 5.022998869575171 -3.281688948734561
    endloop
  endfacet
  facet normal -0.98631873895041 0.15096474041742236 -0.06621927473155567
    outer loop
      vertex -19.985316954888546 5.615449862812238 -1.4220250329222317
      vertex -20 4.774895816298138 -3.119595134017975
      vertex -20 5.529109674528157 -1.4001607278199342
    endloop
  endfacet
  facet normal -0.5836133876290355 0.7436369329007249 -0.3261894017379536
    outer loop
      vertex -19.985316954888546 4.849458526767656 -3.168309384068405
      vertex -19.985316954888546 5.615449862812238 -1.4220250329222317
      vertex -19.70082344574852 5.816401595635982 -1.4729129228447957
    endloop
  endfacet
  facet normal -0.98631873895041 0.164286417732114 -0.013613160691856543
    outer loop
      vertex -19.985316954888546 5.615449862812238 -1.4220250329222317
      vertex -20 5.529109674528157 -1.4001607278199342
      vertex -19.985316954888546 5.7729200735388995 0.47835779553288815
    endloop
  endfacet
  facet normal -0.5836133876290356 0.8092581583073902 -0.0670570428299072
    outer loop
      vertex -19.985316954888546 5.615449862812238 -1.4220250329222317
      vertex -19.70082344574852 5.9795069580400195 0.4954760728339947
      vertex -19.70082344574852 5.816401595635982 -1.4729129228447957
    endloop
  endfacet
  facet normal -0.9863187389504101 0.16428641773211333 -0.013613160691856458
    outer loop
      vertex -19.985316954888546 5.7729200735388995 0.47835779553288815
      vertex -20 5.529109674528157 -1.4001607278199342
      vertex -20 5.684158706546891 0.47100281896957086
    endloop
  endfacet
  facet normal -0.5836133876290357 0.8092581583073901 -0.06705704282990714
    outer loop
      vertex -19.985316954888546 5.615449862812238 -1.4220250329222317
      vertex -19.985316954888546 5.7729200735388995 0.47835779553288815
      vertex -19.70082344574852 5.9795069580400195 0.4954760728339947
    endloop
  endfacet
  facet normal -0.9863187389504101 0.15980511251910953 0.04046815053875709
    outer loop
      vertex -19.985316954888546 5.7729200735388995 0.47835779553288815
      vertex -20 5.684158706546891 0.47100281896957086
      vertex -19.985316954888546 5.304804818213334 2.326903134356055
    endloop
  endfacet
  facet normal -0.5836133876290358 0.7871837053273377 0.19934198716598567
    outer loop
      vertex -19.985316954888546 5.7729200735388995 0.47835779553288815
      vertex -19.70082344574852 5.494639959930344 2.410172547917817
      vertex -19.70082344574852 5.9795069580400195 0.4954760728339947
    endloop
  endfacet
  facet normal -0.98631873895041 0.1598051125191106 0.0404681505387573
    outer loop
      vertex -19.985316954888546 5.304804818213334 2.326903134356055
      vertex -20 5.684158706546891 0.47100281896957086
      vertex -20 5.223240943901498 2.291125901961978
    endloop
  endfacet
  facet normal -0.5836133876290377 0.7871837053273362 0.19934198716598572
    outer loop
      vertex -19.985316954888546 5.7729200735388995 0.47835779553288815
      vertex -19.985316954888546 5.304804818213334 2.326903134356055
      vertex -19.70082344574852 5.494639959930344 2.410172547917817
    endloop
  endfacet
  facet normal -0.98631873895041 0.13800644373285498 0.09016410973044327
    outer loop
      vertex -19.985316954888546 4.261831648306648 3.9232924129495212
      vertex -19.985316954888546 5.304804818213334 2.326903134356055
      vertex -20 5.223240943901498 2.291125901961978
    endloop
  endfacet
  facet normal -0.98631873895041 0.13800644373285495 0.09016410973044324
    outer loop
      vertex -19.985316954888546 4.261831648306648 3.9232924129495212
      vertex -20 5.223240943901498 2.291125901961978
      vertex -20 4.1963039780505795 3.8629699429955418
    endloop
  endfacet
  facet normal -0.5836133876290323 0.6798056834613877 0.44413921974281956
    outer loop
      vertex -19.985316954888546 4.261831648306648 3.9232924129495212
      vertex -19.700823445748515 4.41434346403879 4.0636894297544455
      vertex -19.985316954888546 5.304804818213334 2.326903134356055
    endloop
  endfacet
  facet normal -0.5836133876290374 0.679805683461384 0.4441392197428185
    outer loop
      vertex -19.985316954888546 5.304804818213334 2.326903134356055
      vertex -19.700823445748515 4.41434346403879 4.0636894297544455
      vertex -19.70082344574852 5.494639959930344 2.410172547917817
    endloop
  endfacet
  facet normal -0.98631873895041 0.10125263537753472 0.13008938859252486
    outer loop
      vertex -19.985316954888546 4.261831648306648 3.9232924129495212
      vertex -20 4.1963039780505795 3.8629699429955418
      vertex -19.985316954888546 2.7570228901743925 5.094532082445833
    endloop
  endfacet
  facet normal -0.9863187389504098 0.10125263537753543 0.1300893885925257
    outer loop
      vertex -19.985316954888546 2.7570228901743925 5.094532082445833
      vertex -20 4.1963039780505795 3.8629699429955418
      vertex -20 2.714632363812901 5.016201250551027
    endloop
  endfacet
  facet normal -0.5836133876290376 0.4987601675203864 0.6408070763304622
    outer loop
      vertex -19.985316954888546 4.261831648306648 3.9232924129495212
      vertex -19.985316954888546 2.7570228901743925 5.094532082445833
      vertex -19.70082344574852 2.8556843582224425 5.276842507238934
    endloop
  endfacet
  facet normal -0.5836133876290323 0.4987601675203897 0.6408070763304644
    outer loop
      vertex -19.985316954888546 4.261831648306648 3.9232924129495212
      vertex -19.70082344574852 2.8556843582224425 5.276842507238934
      vertex -19.700823445748515 4.41434346403879 4.0636894297544455
    endloop
  endfacet
  facet normal -0.9863187389504101 0.053526532882545295 0.15591746365576445
    outer loop
      vertex -19.985316954888546 0.9534479222738632 5.713700150999097
      vertex -20 2.714632363812901 5.016201250551027
      vertex -20 0.9387882110950041 5.625849318227351
    endloop
  endfacet
  facet normal -0.5836133876290365 0.2636662483671729 0.7680335430514349
    outer loop
      vertex -19.985316954888546 0.9534479222738632 5.713700150999097
      vertex -19.70082344574852 0.9875675416844049 5.918167820416334
      vertex -19.985316954888546 2.7570228901743925 5.094532082445833
    endloop
  endfacet
  facet normal -0.9863187389504099 0.0535265328825458 0.15591746365576575
    outer loop
      vertex -19.985316954888546 0.9534479222738632 5.713700150999097
      vertex -19.985316954888546 2.7570228901743925 5.094532082445833
      vertex -20 2.714632363812901 5.016201250551027
    endloop
  endfacet
  facet normal -0.5836133876290377 0.26366624836717234 0.7680335430514341
    outer loop
      vertex -19.985316954888546 2.7570228901743925 5.094532082445833
      vertex -19.70082344574852 0.9875675416844049 5.918167820416334
      vertex -19.70082344574852 2.8556843582224425 5.276842507238934
    endloop
  endfacet
  facet normal -0.9863187389504101 -3.199215063447363e-20 0.16484946222318364
    outer loop
      vertex -19.985316954888546 -0.9534479222738632 5.713700150999097
      vertex -20 0.9387882110950041 5.625849318227351
      vertex -20 -0.9387882110950041 5.625849318227351
    endloop
  endfacet
  facet normal -0.5836133876290365 0 0.8120316581144851
    outer loop
      vertex -19.985316954888546 -0.9534479222738632 5.713700150999097
      vertex -19.70082344574852 -0.9875675416844049 5.918167820416334
      vertex -19.985316954888546 0.9534479222738632 5.713700150999097
    endloop
  endfacet
  facet normal -0.9863187389504101 0 0.16484946222318364
    outer loop
      vertex -19.985316954888546 -0.9534479222738632 5.713700150999097
      vertex -19.985316954888546 0.9534479222738632 5.713700150999097
      vertex -20 0.9387882110950041 5.625849318227351
    endloop
  endfacet
  facet normal -0.5836133876290366 1.4228519551812033e-18 0.8120316581144851
    outer loop
      vertex -19.985316954888546 0.9534479222738632 5.713700150999097
      vertex -19.70082344574852 -0.9875675416844049 5.918167820416334
      vertex -19.70082344574852 0.9875675416844049 5.918167820416334
    endloop
  endfacet
  facet normal -0.5836133876290377 -0.2636662483671726 0.7680335430514341
    outer loop
      vertex -19.985316954888546 -2.7570228901743925 5.094532082445833
      vertex -19.70082344574852 -2.8556843582224425 5.276842507238934
      vertex -19.985316954888546 -0.9534479222738632 5.713700150999097
    endloop
  endfacet
  facet normal -0.9863187389504098 -0.05352653288254573 0.15591746365576575
    outer loop
      vertex -19.985316954888546 -2.7570228901743925 5.094532082445833
      vertex -20 -0.9387882110950041 5.625849318227351
      vertex -20 -2.714632363812901 5.016201250551027
    endloop
  endfacet
  facet normal -0.98631873895041 -0.053526532882545386 0.15591746365576453
    outer loop
      vertex -19.985316954888546 -2.7570228901743925 5.094532082445833
      vertex -19.985316954888546 -0.9534479222738632 5.713700150999097
      vertex -20 -0.9387882110950041 5.625849318227351
    endloop
  endfacet
  facet normal -0.5836133876290366 -0.2636662483671727 0.768033543051435
    outer loop
      vertex -19.985316954888546 -0.9534479222738632 5.713700150999097
      vertex -19.70082344574852 -2.8556843582224425 5.276842507238934
      vertex -19.70082344574852 -0.9875675416844049 5.918167820416334
    endloop
  endfacet
  facet normal -0.5836133876290323 -0.4987601675203897 0.6408070763304644
    outer loop
      vertex -19.985316954888546 -4.261831648306648 3.9232924129495212
      vertex -19.700823445748515 -4.41434346403879 4.0636894297544455
      vertex -19.70082344574852 -2.8556843582224425 5.276842507238934
    endloop
  endfacet
  facet normal -0.98631873895041 -0.10125263537753476 0.1300893885925248
    outer loop
      vertex -19.985316954888546 -4.261831648306648 3.9232924129495212
      vertex -20 -2.714632363812901 5.016201250551027
      vertex -20 -4.1963039780505795 3.8629699429955418
    endloop
  endfacet
  facet normal -0.9863187389504098 -0.10125263537753544 0.1300893885925258
    outer loop
      vertex -19.985316954888546 -4.261831648306648 3.9232924129495212
      vertex -19.985316954888546 -2.7570228901743925 5.094532082445833
      vertex -20 -2.714632363812901 5.016201250551027
    endloop
  endfacet
  facet normal -0.5836133876290376 -0.4987601675203865 0.6408070763304623
    outer loop
      vertex -19.985316954888546 -4.261831648306648 3.9232924129495212
      vertex -19.70082344574852 -2.8556843582224425 5.276842507238934
      vertex -19.985316954888546 -2.7570228901743925 5.094532082445833
    endloop
  endfacet
  facet normal -0.583613387629036 -0.6798056834613851 0.4441392197428183
    outer loop
      vertex -19.985316954888546 -5.304804818213336 2.3269031343560536
      vertex -19.70082344574852 -5.494639959930345 2.4101725479178158
      vertex -19.985316954888546 -4.261831648306648 3.9232924129495212
    endloop
  endfacet
  facet normal -0.9863187389504103 -0.13800644373285342 0.09016410973044223
    outer loop
      vertex -19.985316954888546 -5.304804818213336 2.3269031343560536
      vertex -20 -4.1963039780505795 3.8629699429955418
      vertex -20 -5.223240943901499 2.2911259019619763
    endloop
  endfacet
  facet normal -0.5836133876290324 -0.679805683461387 0.44413921974282045
    outer loop
      vertex -19.985316954888546 -4.261831648306648 3.9232924129495212
      vertex -19.70082344574852 -5.494639959930345 2.4101725479178158
      vertex -19.700823445748515 -4.41434346403879 4.0636894297544455
    endloop
  endfacet
  facet normal -0.98631873895041 -0.13800644373285495 0.09016410973044331
    outer loop
      vertex -19.985316954888546 -5.304804818213336 2.3269031343560536
      vertex -19.985316954888546 -4.261831648306648 3.9232924129495212
      vertex -20 -4.1963039780505795 3.8629699429955418
    endloop
  endfacet
  facet normal -0.5836133876290357 -0.7871837053273377 0.19934198716598567
    outer loop
      vertex -19.985316954888546 -5.7729200735388995 0.47835779553288965
      vertex -19.70082344574852 -5.9795069580400195 0.4954760728339962
      vertex -19.985316954888546 -5.304804818213336 2.3269031343560536
    endloop
  endfacet
  facet normal -0.9863187389504102 -0.15980511251910953 0.04046815053875703
    outer loop
      vertex -19.985316954888546 -5.7729200735388995 0.47835779553288965
      vertex -20 -5.223240943901499 2.2911259019619763
      vertex -20 -5.684158706546891 0.4710028189695723
    endloop
  endfacet
  facet normal -0.9863187389504102 -0.1598051125191088 0.04046815053875681
    outer loop
      vertex -19.985316954888546 -5.7729200735388995 0.47835779553288965
      vertex -19.985316954888546 -5.304804818213336 2.3269031343560536
      vertex -20 -5.223240943901499 2.2911259019619763
    endloop
  endfacet
  facet normal -0.583613387629036 -0.7871837053273375 0.19934198716598553
    outer loop
      vertex -19.985316954888546 -5.304804818213336 2.3269031343560536
      vertex -19.70082344574852 -5.9795069580400195 0.4954760728339962
      vertex -19.70082344574852 -5.494639959930345 2.4101725479178158
    endloop
  endfacet
  facet normal -0.8120316581144851 -0.5836133876290367 -1.4228519551812033e-18
    outer loop
      vertex -5.713700150999097 -19.985316954888546 -0.9534479222738632
      vertex -5.918167820416334 -19.70082344574852 0.987567541684405
      vertex -5.918167820416334 -19.70082344574852 -0.9875675416844049
    endloop
  endfacet
  facet normal -0.16484946222318364 -0.9863187389504101 0
    outer loop
      vertex -5.713700150999097 -19.985316954888546 -0.9534479222738632
      vertex -5.625849318227351 -20 -0.9387882110950042
      vertex -5.713700150999097 -19.985316954888546 0.9534479222738632
    endloop
  endfacet
  facet normal -0.8120316581144851 -0.5836133876290365 0
    outer loop
      vertex -5.713700150999097 -19.985316954888546 -0.9534479222738632
      vertex -5.713700150999097 -19.985316954888546 0.9534479222738632
      vertex -5.918167820416334 -19.70082344574852 0.987567541684405
    endloop
  endfacet
  facet normal -0.16484946222318364 -0.9863187389504101 3.199215063447362e-20
    outer loop
      vertex -5.713700150999097 -19.985316954888546 0.9534479222738632
      vertex -5.625849318227351 -20 -0.9387882110950042
      vertex -5.625849318227351 -20 0.9387882110950042
    endloop
  endfacet
  facet normal -0.7680335430514346 -0.5836133876290365 0.2636662483671737
    outer loop
      vertex -5.713700150999097 -19.985316954888546 0.9534479222738632
      vertex -5.276842507238934 -19.700823445748515 2.8556843582224425
      vertex -5.918167820416334 -19.70082344574852 0.987567541684405
    endloop
  endfacet
  facet normal -0.15591746365576453 -0.98631873895041 0.053526532882545386
    outer loop
      vertex -5.713700150999097 -19.985316954888546 0.9534479222738632
      vertex -5.625849318227351 -20 0.9387882110950042
      vertex -5.094532082445833 -19.985316954888546 2.7570228901743925
    endloop
  endfacet
  facet normal -0.7680335430514373 -0.5836133876290328 0.26366624836717373
    outer loop
      vertex -5.713700150999097 -19.985316954888546 0.9534479222738632
      vertex -5.094532082445833 -19.985316954888546 2.7570228901743925
      vertex -5.276842507238934 -19.700823445748515 2.8556843582224425
    endloop
  endfacet
  facet normal -0.15591746365576573 -0.9863187389504098 0.05352653288254573
    outer loop
      vertex -5.094532082445833 -19.985316954888546 2.7570228901743925
      vertex -5.625849318227351 -20 0.9387882110950042
      vertex -5.016201250551027 -20 2.714632363812901
    endloop
  endfacet
  facet normal -0.6408070763304649 -0.5836133876290328 0.4987601675203885
    outer loop
      vertex -5.094532082445833 -19.985316954888546 2.7570228901743925
      vertex -3.9232924129495212 -19.985316954888546 4.261831648306648
      vertex -5.276842507238934 -19.700823445748515 2.8556843582224425
    endloop
  endfacet
  facet normal -0.13008938859252572 -0.9863187389504098 0.10125263537753539
    outer loop
      vertex -5.094532082445833 -19.985316954888546 2.7570228901743925
      vertex -5.016201250551027 -20 2.714632363812901
      vertex -3.9232924129495212 -19.985316954888546 4.261831648306648
    endloop
  endfacet
  facet normal -0.1300893885925248 -0.98631873895041 0.10125263537753476
    outer loop
      vertex -3.9232924129495212 -19.985316954888546 4.261831648306648
      vertex -5.016201250551027 -20 2.714632363812901
      vertex -3.8629699429955418 -20 4.1963039780505795
    endloop
  endfacet
  facet normal -0.6408070763304652 -0.5836133876290321 0.49876016752038893
    outer loop
      vertex -3.9232924129495212 -19.985316954888546 4.261831648306648
      vertex -4.0636894297544455 -19.700823445748515 4.41434346403879
      vertex -5.276842507238934 -19.700823445748515 2.8556843582224425
    endloop
  endfacet
  facet normal -0.4441392197428196 -0.5836133876290324 0.6798056834613876
    outer loop
      vertex -3.9232924129495212 -19.985316954888546 4.261831648306648
      vertex -2.410172547917817 -19.700823445748515 5.494639959930344
      vertex -4.0636894297544455 -19.700823445748515 4.41434346403879
    endloop
  endfacet
  facet normal -0.09016410973044325 -0.98631873895041 0.13800644373285495
    outer loop
      vertex -3.9232924129495212 -19.985316954888546 4.261831648306648
      vertex -3.8629699429955418 -20 4.1963039780505795
      vertex -2.326903134356055 -19.985316954888546 5.304804818213334
    endloop
  endfacet
  facet normal -0.09016410973044216 -0.9863187389504103 0.13800644373285345
    outer loop
      vertex -2.326903134356055 -19.985316954888546 5.304804818213334
      vertex -3.8629699429955418 -20 4.1963039780505795
      vertex -2.2911259019619776 -20 5.223240943901497
    endloop
  endfacet
  facet normal -0.4441392197428194 -0.5836133876290327 0.6798056834613875
    outer loop
      vertex -3.9232924129495212 -19.985316954888546 4.261831648306648
      vertex -2.326903134356055 -19.985316954888546 5.304804818213334
      vertex -2.410172547917817 -19.700823445748515 5.494639959930344
    endloop
  endfacet
  facet normal -0.1993419871659862 -0.5836133876290328 0.7871837053273397
    outer loop
      vertex -2.326903134356055 -19.985316954888546 5.304804818213334
      vertex -0.4954760728339947 -19.700823445748515 5.9795069580400195
      vertex -2.410172547917817 -19.700823445748515 5.494639959930344
    endloop
  endfacet
  facet normal -0.0404681505387569 -0.9863187389504101 0.1598051125191088
    outer loop
      vertex -2.326903134356055 -19.985316954888546 5.304804818213334
      vertex -2.2911259019619776 -20 5.223240943901497
      vertex -0.47835779553288815 -19.985316954888546 5.7729200735388995
    endloop
  endfacet
  facet normal -0.04046815053875713 -0.9863187389504101 0.15980511251910953
    outer loop
      vertex -0.47835779553288815 -19.985316954888546 5.7729200735388995
      vertex -2.2911259019619776 -20 5.223240943901497
      vertex -0.47100281896957086 -20 5.684158706546891
    endloop
  endfacet
  facet normal -0.19934198716598697 -0.5836133876290308 0.7871837053273409
    outer loop
      vertex -2.326903134356055 -19.985316954888546 5.304804818213334
      vertex -0.47835779553288815 -19.985316954888546 5.7729200735388995
      vertex -0.4954760728339947 -19.700823445748515 5.9795069580400195
    endloop
  endfacet
  facet normal 0.013613160691856488 -0.9863187389504101 0.16428641773211333
    outer loop
      vertex -0.47835779553288815 -19.985316954888546 5.7729200735388995
      vertex -0.47100281896957086 -20 5.684158706546891
      vertex 1.422025032922232 -19.985316954888546 5.615449862812238
    endloop
  endfacet
  facet normal 0.06705704282990746 -0.5836133876290308 0.8092581583073936
    outer loop
      vertex -0.47835779553288815 -19.985316954888546 5.7729200735388995
      vertex 1.4729129228447957 -19.700823445748515 5.816401595635982
      vertex -0.4954760728339947 -19.700823445748515 5.9795069580400195
    endloop
  endfacet
  facet normal 0.013613160691856451 -0.9863187389504102 0.16428641773211236
    outer loop
      vertex 1.422025032922232 -19.985316954888546 5.615449862812238
      vertex -0.47100281896957086 -20 5.684158706546891
      vertex 1.4001607278199344 -20 5.529109674528156
    endloop
  endfacet
  facet normal 0.06705704282990743 -0.5836133876290307 0.8092581583073938
    outer loop
      vertex -0.47835779553288815 -19.985316954888546 5.7729200735388995
      vertex 1.422025032922232 -19.985316954888546 5.615449862812238
      vertex 1.4729129228447957 -19.700823445748515 5.816401595635982
    endloop
  endfacet
  facet normal 0.066219274731555 -0.9863187389504103 0.150964740417421
    outer loop
      vertex 3.168309384068405 -19.985316954888546 4.849458526767656
      vertex 1.422025032922232 -19.985316954888546 5.615449862812238
      vertex 1.4001607278199344 -20 5.529109674528156
    endloop
  endfacet
  facet normal 0.326189401737955 -0.5836133876290307 0.7436369329007279
    outer loop
      vertex 3.168309384068405 -19.985316954888546 4.849458526767656
      vertex 1.4729129228447957 -19.700823445748515 5.816401595635982
      vertex 1.422025032922232 -19.985316954888546 5.615449862812238
    endloop
  endfacet
  facet normal 0.06621927473155495 -0.9863187389504103 0.15096474041742086
    outer loop
      vertex 3.168309384068405 -19.985316954888546 4.849458526767656
      vertex 1.4001607278199344 -20 5.529109674528156
      vertex 3.119595134017975 -20 4.774895816298138
    endloop
  endfacet
  facet normal 0.32618940173795447 -0.5836133876290317 0.7436369329007273
    outer loop
      vertex 3.168309384068405 -19.985316954888546 4.849458526767656
      vertex 3.281688948734561 -19.700823445748515 5.022998869575171
      vertex 1.4729129228447957 -19.700823445748515 5.816401595635982
    endloop
  endfacet
  facet normal 0.11164950285617516 -0.9863187389504103 0.12128369101920237
    outer loop
      vertex 3.168309384068405 -19.985316954888546 4.849458526767656
      vertex 3.119595134017975 -20 4.774895816298138
      vertex 4.5712582520654 -19.985316954888546 3.5579531122457797
    endloop
  endfacet
  facet normal 0.5499740776176373 -0.5836133876290316 0.597431107098379
    outer loop
      vertex 3.168309384068405 -19.985316954888546 4.849458526767656
      vertex 4.5712582520654 -19.985316954888546 3.5579531122457797
      vertex 3.281688948734561 -19.700823445748515 5.022998869575171
    endloop
  endfacet
  facet normal 0.11164950285617554 -0.9863187389504101 0.12128369101920283
    outer loop
      vertex 4.5712582520654 -19.985316954888546 3.5579531122457797
      vertex 3.119595134017975 -20 4.774895816298138
      vertex 4.500973001939272 -20 3.5032479062298565
    endloop
  endfacet
  facet normal 0.5499740776176376 -0.5836133876290311 0.5974311070983792
    outer loop
      vertex 4.5712582520654 -19.985316954888546 3.5579531122457797
      vertex 4.734843056378361 -19.700823445748515 3.6852762761380067
      vertex 3.281688948734561 -19.700823445748515 5.022998869575171
    endloop
  endfacet
  facet normal 0.14498077492579478 -0.9863187389504103 0.07845967178868729
    outer loop
      vertex 4.5712582520654 -19.985316954888546 3.5579531122457797
      vertex 4.500973001939272 -20 3.5032479062298565
      vertex 5.478840358071118 -19.985316954888546 1.8808882706813275
    endloop
  endfacet
  facet normal 0.7141605284603743 -0.5836133876290311 0.38648435074316423
    outer loop
      vertex 4.5712582520654 -19.985316954888546 3.5579531122457797
      vertex 5.674903450203808 -19.70082344574852 1.9481968152281008
      vertex 4.734843056378361 -19.700823445748515 3.6852762761380067
    endloop
  endfacet
  facet normal 0.14498077492579511 -0.9863187389504102 0.0784596717886875
    outer loop
      vertex 5.478840358071118 -19.985316954888546 1.8808882706813275
      vertex 4.500973001939272 -20 3.5032479062298565
      vertex 5.394600605308481 -20 1.8519687270295537
    endloop
  endfacet
  facet normal 0.7141605284603715 -0.5836133876290364 0.38648435074316145
    outer loop
      vertex 4.5712582520654 -19.985316954888546 3.5579531122457797
      vertex 5.478840358071118 -19.985316954888546 1.8808882706813275
      vertex 5.674903450203808 -19.70082344574852 1.9481968152281008
    endloop
  endfacet
  facet normal 0.16260113042369653 -0.9863187389504102 0.02713332969262411
    outer loop
      vertex 5.792705098312484 -19.985316954888546 2.041601038621213e-17
      vertex 5.478840358071118 -19.985316954888546 1.8808882706813275
      vertex 5.394600605308481 -20 1.8519687270295537
    endloop
  endfacet
  facet normal 0.16260113042369745 -0.98631873895041 0.02713332969262431
    outer loop
      vertex 5.792705098312484 -19.985316954888546 2.041601038621213e-17
      vertex 5.394600605308481 -20 1.8519687270295537
      vertex 5.703639527239612 -20 2.918787891397143e-17
    endloop
  endfacet
  facet normal 0.8009566047020807 -0.5836133876290317 0.13365601806233923
    outer loop
      vertex 5.792705098312484 -19.985316954888546 2.041601038621213e-17
      vertex 6 -19.700823445748515 0
      vertex 5.478840358071118 -19.985316954888546 1.8808882706813275
    endloop
  endfacet
  facet normal 0.8009566047020776 -0.5836133876290363 0.13365601806233765
    outer loop
      vertex 5.478840358071118 -19.985316954888546 1.8808882706813275
      vertex 6 -19.700823445748515 0
      vertex 5.674903450203808 -19.70082344574852 1.9481968152281008
    endloop
  endfacet
  facet normal 0.8009566047020773 -0.5836133876290366 -0.13365601806233884
    outer loop
      vertex 5.478840358071117 -19.985316954888546 -1.8808882706813304
      vertex 5.674903450203807 -19.70082344574852 -1.948196815228104
      vertex 5.792705098312484 -19.985316954888546 2.041601038621213e-17
    endloop
  endfacet
  facet normal 0.1626011304236965 -0.9863187389504101 -0.027133329692624185
    outer loop
      vertex 5.478840358071117 -19.985316954888546 -1.8808882706813304
      vertex 5.703639527239612 -20 2.918787891397143e-17
      vertex 5.39460060530848 -20 -1.8519687270295566
    endloop
  endfacet
  facet normal 0.16260113042369745 -0.98631873895041 -0.027133329692624296
    outer loop
      vertex 5.478840358071117 -19.985316954888546 -1.8808882706813304
      vertex 5.792705098312484 -19.985316954888546 2.041601038621213e-17
      vertex 5.703639527239612 -20 2.918787891397143e-17
    endloop
  endfacet
  facet normal 0.8009566047020809 -0.5836133876290318 -0.13365601806233837
    outer loop
      vertex 5.792705098312484 -19.985316954888546 2.041601038621213e-17
      vertex 5.674903450203807 -19.70082344574852 -1.948196815228104
      vertex 6 -19.700823445748515 0
    endloop
  endfacet
  facet normal 0.14498077492579473 -0.9863187389504103 -0.07845967178868737
    outer loop
      vertex 4.5712582520654 -19.985316954888546 -3.5579531122457793
      vertex 5.39460060530848 -20 -1.8519687270295566
      vertex 4.500973001939272 -20 -3.503247906229856
    endloop
  endfacet
  facet normal 0.7141605284603738 -0.5836133876290316 -0.3864843507431643
    outer loop
      vertex 4.5712582520654 -19.985316954888546 -3.5579531122457793
      vertex 4.734843056378361 -19.700823445748515 -3.6852762761380067
      vertex 5.674903450203807 -19.70082344574852 -1.948196815228104
    endloop
  endfacet
  facet normal 0.14498077492579514 -0.9863187389504102 -0.07845967178868755
    outer loop
      vertex 4.5712582520654 -19.985316954888546 -3.5579531122457793
      vertex 5.478840358071117 -19.985316954888546 -1.8808882706813304
      vertex 5.39460060530848 -20 -1.8519687270295566
    endloop
  endfacet
  facet normal 0.7141605284603711 -0.5836133876290366 -0.3864843507431616
    outer loop
      vertex 4.5712582520654 -19.985316954888546 -3.5579531122457793
      vertex 5.674903450203807 -19.70082344574852 -1.948196815228104
      vertex 5.478840358071117 -19.985316954888546 -1.8808882706813304
    endloop
  endfacet
  facet normal 0.11164950285617509 -0.9863187389504102 -0.1212836910192024
    outer loop
      vertex 3.168309384068403 -19.985316954888546 -4.849458526767657
      vertex 4.500973001939272 -20 -3.503247906229856
      vertex 3.119595134017973 -20 -4.774895816298139
    endloop
  endfacet
  facet normal 0.5499740776176373 -0.5836133876290317 -0.597431107098379
    outer loop
      vertex 3.168309384068403 -19.985316954888546 -4.849458526767657
      vertex 3.2816889487345593 -19.700823445748515 -5.022998869575172
      vertex 4.5712582520654 -19.985316954888546 -3.5579531122457793
    endloop
  endfacet
  facet normal 0.5499740776176372 -0.5836133876290318 -0.5974311070983791
    outer loop
      vertex 4.5712582520654 -19.985316954888546 -3.5579531122457793
      vertex 3.2816889487345593 -19.700823445748515 -5.022998869575172
      vertex 4.734843056378361 -19.700823445748515 -3.6852762761380067
    endloop
  endfacet
  facet normal 0.11164950285617552 -0.9863187389504101 -0.12128369101920282
    outer loop
      vertex 3.168309384068403 -19.985316954888546 -4.849458526767657
      vertex 4.5712582520654 -19.985316954888546 -3.5579531122457793
      vertex 4.500973001939272 -20 -3.503247906229856
    endloop
  endfacet
  facet normal 0.326189401737955 -0.5836133876290307 -0.7436369329007281
    outer loop
      vertex 1.422025032922232 -19.985316954888546 -5.615449862812238
      vertex 1.4729129228447957 -19.700823445748515 -5.816401595635982
      vertex 3.168309384068403 -19.985316954888546 -4.849458526767657
    endloop
  endfacet
  facet normal 0.06621927473155502 -0.9863187389504103 -0.15096474041742106
    outer loop
      vertex 1.422025032922232 -19.985316954888546 -5.615449862812238
      vertex 3.119595134017973 -20 -4.774895816298139
      vertex 1.4001607278199344 -20 -5.529109674528156
    endloop
  endfacet
  facet normal 0.06621927473155492 -0.9863187389504103 -0.15096474041742083
    outer loop
      vertex 1.422025032922232 -19.985316954888546 -5.615449862812238
      vertex 3.168309384068403 -19.985316954888546 -4.849458526767657
      vertex 3.119595134017973 -20 -4.774895816298139
    endloop
  endfacet
  facet normal 0.32618940173795447 -0.5836133876290317 -0.7436369329007274
    outer loop
      vertex 3.168309384068403 -19.985316954888546 -4.849458526767657
      vertex 1.4729129228447957 -19.700823445748515 -5.816401595635982
      vertex 3.2816889487345593 -19.700823445748515 -5.022998869575172
    endloop
  endfacet
  facet normal 0.06705704282990735 -0.5836133876290309 -0.8092581583073936
    outer loop
      vertex -0.47835779553288965 -19.985316954888546 -5.7729200735388995
      vertex -0.4954760728339962 -19.700823445748515 -5.9795069580400195
      vertex 1.422025032922232 -19.985316954888546 -5.615449862812238
    endloop
  endfacet
  facet normal 0.013613160691856526 -0.9863187389504101 -0.1642864177321134
    outer loop
      vertex -0.47835779553288965 -19.985316954888546 -5.7729200735388995
      vertex 1.4001607278199344 -20 -5.529109674528156
      vertex -0.47100281896957236 -20 -5.684158706546891
    endloop
  endfacet
  facet normal 0.013613160691856394 -0.9863187389504102 -0.16428641773211236
    outer loop
      vertex -0.47835779553288965 -19.985316954888546 -5.7729200735388995
      vertex 1.422025032922232 -19.985316954888546 -5.615449862812238
      vertex 1.4001607278199344 -20 -5.529109674528156
    endloop
  endfacet
  facet normal 0.06705704282990745 -0.5836133876290307 -0.8092581583073938
    outer loop
      vertex 1.422025032922232 -19.985316954888546 -5.615449862812238
      vertex -0.4954760728339962 -19.700823445748515 -5.9795069580400195
      vertex 1.4729129228447957 -19.700823445748515 -5.816401595635982
    endloop
  endfacet
  facet normal -0.19934198716598647 -0.5836133876290311 -0.7871837053273408
    outer loop
      vertex -2.3269031343560536 -19.985316954888546 -5.304804818213336
      vertex -2.4101725479178158 -19.700823445748515 -5.494639959930345
      vertex -0.47835779553288965 -19.985316954888546 -5.7729200735388995
    endloop
  endfacet
  facet normal -0.04046815053875689 -0.9863187389504102 -0.15980511251910906
    outer loop
      vertex -2.3269031343560536 -19.985316954888546 -5.304804818213336
      vertex -0.47100281896957236 -20 -5.684158706546891
      vertex -2.2911259019619767 -20 -5.223240943901499
    endloop
  endfacet
  facet normal -0.19934198716598645 -0.583613387629031 -0.787183705327341
    outer loop
      vertex -0.47835779553288965 -19.985316954888546 -5.7729200735388995
      vertex -2.4101725479178158 -19.700823445748515 -5.494639959930345
      vertex -0.4954760728339962 -19.700823445748515 -5.9795069580400195
    endloop
  endfacet
  facet normal -0.04046815053875699 -0.98631873895041 -0.1598051125191095
    outer loop
      vertex -2.3269031343560536 -19.985316954888546 -5.304804818213336
      vertex -0.47835779553288965 -19.985316954888546 -5.7729200735388995
      vertex -0.47100281896957236 -20 -5.684158706546891
    endloop
  endfacet
  facet normal -0.4441392197428202 -0.5836133876290311 -0.6798056834613881
    outer loop
      vertex -2.3269031343560536 -19.985316954888546 -5.304804818213336
      vertex -3.9232924129495212 -19.985316954888546 -4.261831648306648
      vertex -2.4101725479178158 -19.700823445748515 -5.494639959930345
    endloop
  endfacet
  facet normal -0.44413921974281956 -0.5836133876290324 -0.6798056834613876
    outer loop
      vertex -3.9232924129495212 -19.985316954888546 -4.261831648306648
      vertex -4.0636894297544455 -19.700823445748515 -4.41434346403879
      vertex -2.4101725479178158 -19.700823445748515 -5.494639959930345
    endloop
  endfacet
  facet normal -0.09016410973044325 -0.98631873895041 -0.13800644373285495
    outer loop
      vertex -3.9232924129495212 -19.985316954888546 -4.261831648306648
      vertex -2.2911259019619767 -20 -5.223240943901499
      vertex -3.8629699429955418 -20 -4.1963039780505795
    endloop
  endfacet
  facet normal -0.09016410973044255 -0.9863187389504102 -0.13800644373285376
    outer loop
      vertex -2.3269031343560536 -19.985316954888546 -5.304804818213336
      vertex -2.2911259019619767 -20 -5.223240943901499
      vertex -3.9232924129495212 -19.985316954888546 -4.261831648306648
    endloop
  endfacet
  facet normal -0.6408070763304652 -0.5836133876290321 -0.49876016752038893
    outer loop
      vertex -3.9232924129495212 -19.985316954888546 -4.261831648306648
      vertex -5.276842507238934 -19.700823445748515 -2.8556843582224425
      vertex -4.0636894297544455 -19.700823445748515 -4.41434346403879
    endloop
  endfacet
  facet normal -0.6408070763304649 -0.5836133876290328 -0.4987601675203885
    outer loop
      vertex -5.094532082445833 -19.985316954888546 -2.7570228901743925
      vertex -5.276842507238934 -19.700823445748515 -2.8556843582224425
      vertex -3.9232924129495212 -19.985316954888546 -4.261831648306648
    endloop
  endfacet
  facet normal -0.1300893885925257 -0.9863187389504098 -0.10125263537753543
    outer loop
      vertex -5.094532082445833 -19.985316954888546 -2.7570228901743925
      vertex -3.8629699429955418 -20 -4.1963039780505795
      vertex -5.016201250551027 -20 -2.714632363812901
    endloop
  endfacet
  facet normal -0.1300893885925249 -0.98631873895041 -0.10125263537753473
    outer loop
      vertex -5.094532082445833 -19.985316954888546 -2.7570228901743925
      vertex -3.9232924129495212 -19.985316954888546 -4.261831648306648
      vertex -3.8629699429955418 -20 -4.1963039780505795
    endloop
  endfacet
  facet normal -0.768033543051437 -0.5836133876290329 -0.2636662483671744
    outer loop
      vertex -5.094532082445833 -19.985316954888546 -2.7570228901743925
      vertex -5.918167820416334 -19.70082344574852 -0.9875675416844049
      vertex -5.276842507238934 -19.700823445748515 -2.8556843582224425
    endloop
  endfacet
  facet normal -0.15591746365576573 -0.9863187389504098 -0.05352653288254573
    outer loop
      vertex -5.094532082445833 -19.985316954888546 -2.7570228901743925
      vertex -5.016201250551027 -20 -2.714632363812901
      vertex -5.625849318227351 -20 -0.9387882110950042
    endloop
  endfacet
  facet normal -0.7680335430514349 -0.5836133876290365 -0.2636662483671729
    outer loop
      vertex -5.094532082445833 -19.985316954888546 -2.7570228901743925
      vertex -5.713700150999097 -19.985316954888546 -0.9534479222738632
      vertex -5.918167820416334 -19.70082344574852 -0.9875675416844049
    endloop
  endfacet
  facet normal -0.1559174636557646 -0.98631873895041 -0.0535265328825454
    outer loop
      vertex -5.094532082445833 -19.985316954888546 -2.7570228901743925
      vertex -5.625849318227351 -20 -0.9387882110950042
      vertex -5.713700150999097 -19.985316954888546 -0.9534479222738632
    endloop
  endfacet
  facet normal -0.9870358292778364 0 -0.16050006766918684
    outer loop
      vertex -5.90368503290228 -0.9851507918902116 -19.792705098312485
      vertex -5.918167820416334 -0.9875675416844049 -19.703639527239623
      vertex -5.90368503290228 0.9851507918902116 -19.792705098312485
    endloop
  endfacet
  facet normal -0.5941778800750731 -3.2767747692736794e-18 -0.8043336663533934
    outer loop
      vertex -5.90368503290228 -0.9851507918902116 -19.792705098312485
      vertex -5.623071644417306 0.9383246993157801 -20
      vertex -5.623071644417306 -0.9383246993157801 -20
    endloop
  endfacet
  facet normal -0.5941778800750731 0 -0.8043336663533935
    outer loop
      vertex -5.90368503290228 -0.9851507918902116 -19.792705098312485
      vertex -5.90368503290228 0.9851507918902116 -19.792705098312485
      vertex -5.623071644417306 0.9383246993157801 -20
    endloop
  endfacet
  facet normal -0.9870358292778344 -5.770643497478214e-16 -0.16050006766919928
    outer loop
      vertex -5.90368503290228 0.9851507918902116 -19.792705098312485
      vertex -5.918167820416334 -0.9875675416844049 -19.703639527239623
      vertex -5.918167820416334 0.9875675416844049 -19.70363952723963
    endloop
  endfacet
  facet normal -0.9335555055072595 0.32049000985251835 -0.16050006766919953
    outer loop
      vertex -5.90368503290228 0.9851507918902116 -19.792705098312485
      vertex -5.918167820416334 0.9875675416844049 -19.70363952723963
      vertex -5.263929154475629 2.8486960011798 -19.792705098312485
    endloop
  endfacet
  facet normal -0.5619836836121361 0.19292924227354064 -0.8043336663533934
    outer loop
      vertex -5.90368503290228 0.9851507918902116 -19.792705098312485
      vertex -5.01372458079835 2.713292057168634 -20
      vertex -5.623071644417306 0.9383246993157801 -20
    endloop
  endfacet
  facet normal -0.561983683612137 0.19292924227354122 -0.8043336663533925
    outer loop
      vertex -5.90368503290228 0.9851507918902116 -19.792705098312485
      vertex -5.263929154475629 2.8486960011798 -19.792705098312485
      vertex -5.01372458079835 2.713292057168634 -20
    endloop
  endfacet
  facet normal -0.9335555055072616 0.32049000985251963 -0.160500067669186
    outer loop
      vertex -5.263929154475629 2.8486960011798 -19.792705098312485
      vertex -5.918167820416334 0.9875675416844049 -19.70363952723963
      vertex -5.276842507238934 2.8556843582224425 -19.703639527239616
    endloop
  endfacet
  facet normal -0.7789099571088038 0.6062499542226361 -0.16050006766918545
    outer loop
      vertex -5.263929154475629 2.8486960011798 -19.792705098312485
      vertex -5.276842507238934 2.8556843582224425 -19.703639527239616
      vertex -4.053744873885108 4.403540796668802 -19.792705098312485
    endloop
  endfacet
  facet normal -0.46888983495451325 0.3649516075411075 -0.8043336663533927
    outer loop
      vertex -5.263929154475629 2.8486960011798 -19.792705098312485
      vertex -3.8610626628974267 4.194232119563177 -20
      vertex -5.01372458079835 2.713292057168634 -20
    endloop
  endfacet
  facet normal -0.46888983495451314 0.36495160754110734 -0.8043336663533929
    outer loop
      vertex -5.263929154475629 2.8486960011798 -19.792705098312485
      vertex -4.053744873885108 4.403540796668802 -19.792705098312485
      vertex -3.8610626628974267 4.194232119563177 -20
    endloop
  endfacet
  facet normal -0.7789099571088038 0.606249954222636 -0.16050006766918504
    outer loop
      vertex -4.053744873885108 4.403540796668802 -19.792705098312485
      vertex -5.276842507238934 2.8556843582224425 -19.703639527239616
      vertex -4.0636894297544455 4.41434346403879 -19.70363952723962
    endloop
  endfacet
  facet normal -0.5398574288243551 0.8263133091154611 -0.16050006766918426
    outer loop
      vertex -4.053744873885108 4.403540796668802 -19.792705098312485
      vertex -4.0636894297544455 4.41434346403879 -19.70363952723962
      vertex -2.404274435876573 5.481193618863202 -19.792705098312485
    endloop
  endfacet
  facet normal -0.3249844971041499 0.4974258033239448 -0.8043336663533929
    outer loop
      vertex -4.053744873885108 4.403540796668802 -19.792705098312485
      vertex -2.289994694911555 5.220662051586266 -20
      vertex -3.8610626628974267 4.194232119563177 -20
    endloop
  endfacet
  facet normal -0.32498449710414984 0.49742580332394465 -0.8043336663533929
    outer loop
      vertex -4.053744873885108 4.403540796668802 -19.792705098312485
      vertex -2.404274435876573 5.481193618863202 -19.792705098312485
      vertex -2.289994694911555 5.220662051586266 -20
    endloop
  endfacet
  facet normal -0.539857428824355 0.8263133091154606 -0.1605000676691874
    outer loop
      vertex -2.404274435876573 5.481193618863202 -19.792705098312485
      vertex -4.0636894297544455 4.41434346403879 -19.70363952723962
      vertex -2.410172547917817 5.494639959930344 -19.70363952723962
    endloop
  endfacet
  facet normal -0.14586204633851696 0.5759961949600441 -0.8043336663533929
    outer loop
      vertex -2.404274435876573 5.481193618863202 -19.792705098312485
      vertex -0.4707702688032394 5.681352243401822 -20
      vertex -2.289994694911555 5.220662051586266 -20
    endloop
  endfacet
  facet normal -0.24230297137569262 0.956832795393582 -0.1605000676691882
    outer loop
      vertex -2.404274435876573 5.481193618863202 -19.792705098312485
      vertex -2.410172547917817 5.494639959930344 -19.70363952723962
      vertex -0.4942635565791501 5.964874062971827 -19.792705098312485
    endloop
  endfacet
  facet normal -0.14586204633851696 0.575996194960044 -0.804333666353393
    outer loop
      vertex -2.404274435876573 5.481193618863202 -19.792705098312485
      vertex -0.4942635565791501 5.964874062971827 -19.792705098312485
      vertex -0.4707702688032394 5.681352243401822 -20
    endloop
  endfacet
  facet normal -0.24230297137569262 0.9568327953935818 -0.1605000676691899
    outer loop
      vertex -0.4942635565791501 5.964874062971827 -19.792705098312485
      vertex -2.410172547917817 5.494639959930344 -19.70363952723962
      vertex -0.4954760728339947 5.9795069580400195 -19.70363952723962
    endloop
  endfacet
  facet normal 0.0490668204307376 0.5921484613703952 -0.804333666353393
    outer loop
      vertex -0.4942635565791501 5.964874062971827 -19.792705098312485
      vertex 1.3994694206832647 5.526379764381781 -20
      vertex -0.4707702688032394 5.681352243401822 -20
    endloop
  endfacet
  facet normal 0.08150877273950474 0.98366460150027 -0.16050006766918998
    outer loop
      vertex -0.4942635565791501 5.964874062971827 -19.792705098312485
      vertex -0.4954760728339947 5.9795069580400195 -19.70363952723962
      vertex 1.4693084483629002 5.802167847800139 -19.792705098312485
    endloop
  endfacet
  facet normal 0.04906682043073778 0.5921484613703957 -0.8043336663533927
    outer loop
      vertex -0.4942635565791501 5.964874062971827 -19.792705098312485
      vertex 1.4693084483629002 5.802167847800139 -19.792705098312485
      vertex 1.3994694206832647 5.526379764381781 -20
    endloop
  endfacet
  facet normal 0.08150877273950509 0.983664601500271 -0.16050006766918443
    outer loop
      vertex 1.4693084483629002 5.802167847800139 -19.792705098312485
      vertex -0.4954760728339947 5.9795069580400195 -19.70363952723962
      vertex 1.4729129228447957 5.816401595635982 -19.703639527239616
    endloop
  endfacet
  facet normal 0.23867853585615828 0.5441322538612005 -0.8043336663533924
    outer loop
      vertex 1.4693084483629002 5.802167847800139 -19.792705098312485
      vertex 3.118054883433298 4.772538287273738 -20
      vertex 1.3994694206832647 5.526379764381781 -20
    endloop
  endfacet
  facet normal 0.3964877765894569 0.903901084905498 -0.16050006766918373
    outer loop
      vertex 1.4693084483629002 5.802167847800139 -19.792705098312485
      vertex 1.4729129228447957 5.816401595635982 -19.703639527239616
      vertex 3.273658084255223 5.010706716409045 -19.792705098312485
    endloop
  endfacet
  facet normal 0.23867853585615834 0.5441322538612007 -0.8043336663533925
    outer loop
      vertex 1.4693084483629002 5.802167847800139 -19.792705098312485
      vertex 3.273658084255223 5.010706716409045 -19.792705098312485
      vertex 3.118054883433298 4.772538287273738 -20
    endloop
  endfacet
  facet normal 0.39648777658945517 0.903901084905496 -0.16050006766919955
    outer loop
      vertex 3.273658084255223 5.010706716409045 -19.792705098312485
      vertex 1.4729129228447957 5.816401595635982 -19.703639527239616
      vertex 3.281688948734561 5.022998869575171 -19.703639527239623
    endloop
  endfacet
  facet normal 0.4024257284424974 0.4371508735643048 -0.8043336663533925
    outer loop
      vertex 3.273658084255223 5.010706716409045 -19.792705098312485
      vertex 4.498750717956888 3.5015182331780554 -20
      vertex 3.118054883433298 4.772538287273738 -20
    endloop
  endfacet
  facet normal 0.4024257284424968 0.4371508735643043 -0.8043336663533931
    outer loop
      vertex 4.723256070679619 3.676257763169556 -19.792705098312485
      vertex 4.498750717956888 3.5015182331780554 -20
      vertex 3.273658084255223 5.010706716409045 -19.792705098312485
    endloop
  endfacet
  facet normal 0.6685011777042115 0.7261858602907884 -0.16050006766917485
    outer loop
      vertex 4.723256070679619 3.676257763169556 -19.792705098312485
      vertex 3.281688948734561 5.022998869575171 -19.703639527239623
      vertex 4.734843056378361 3.6852762761380067 -19.703639527239616
    endloop
  endfacet
  facet normal 0.6685011777042082 0.7261858602907865 -0.16050006766919758
    outer loop
      vertex 4.723256070679619 3.676257763169556 -19.792705098312485
      vertex 3.273658084255223 5.010706716409045 -19.792705098312485
      vertex 3.281688948734561 5.022998869575171 -19.703639527239623
    endloop
  endfacet
  facet normal 0.5225638490735443 0.28279741302202627 -0.804333666353393
    outer loop
      vertex 4.723256070679619 3.676257763169556 -19.792705098312485
      vertex 5.39193710688017 1.8510543468641578 -20
      vertex 4.498750717956888 3.5015182331780554 -20
    endloop
  endfacet
  facet normal 0.5225638490735453 0.2827974130220266 -0.8043336663533924
    outer loop
      vertex 4.723256070679619 3.676257763169556 -19.792705098312485
      vertex 5.661015972976727 1.9434292382741034 -19.792705098312485
      vertex 5.39193710688017 1.8510543468641578 -20
    endloop
  endfacet
  facet normal 0.8680721033501885 0.4697771297789731 -0.16050006766917466
    outer loop
      vertex 4.723256070679619 3.676257763169556 -19.792705098312485
      vertex 4.734843056378361 3.6852762761380067 -19.703639527239616
      vertex 5.661015972976727 1.9434292382741034 -19.792705098312485
    endloop
  endfacet
  facet normal 0.8680721033501853 0.4697771297789724 -0.16050006766919325
    outer loop
      vertex 5.661015972976727 1.9434292382741034 -19.792705098312485
      vertex 4.734843056378361 3.6852762761380067 -19.703639527239616
      vertex 5.674903450203808 1.9481968152281008 -19.703639527239623
    endloop
  endfacet
  facet normal 0.5860740682439173 0.09779846472483199 -0.8043336663533923
    outer loop
      vertex 5.985316954888546 1.4461002130604563e-18 -19.792705098312485
      vertex 5.700823445748517 2.946522847009941e-17 -20
      vertex 5.661015972976727 1.9434292382741034 -19.792705098312485
    endloop
  endfacet
  facet normal 0.9735739470716738 0.16246075791238962 -0.16050006766918679
    outer loop
      vertex 5.985316954888546 1.4461002130604563e-18 -19.792705098312485
      vertex 5.674903450203808 1.9481968152281008 -19.703639527239623
      vertex 6 -1.832722907144553e-33 -19.70363952723962
    endloop
  endfacet
  facet normal 0.5860740682439172 0.097798464724832 -0.8043336663533922
    outer loop
      vertex 5.661015972976727 1.9434292382741034 -19.792705098312485
      vertex 5.700823445748517 2.946522847009941e-17 -20
      vertex 5.39193710688017 1.8510543468641578 -20
    endloop
  endfacet
  facet normal 0.9735739470716728 0.16246075791238976 -0.16050006766919336
    outer loop
      vertex 5.985316954888546 1.4461002130604563e-18 -19.792705098312485
      vertex 5.661015972976727 1.9434292382741034 -19.792705098312485
      vertex 5.674903450203808 1.9481968152281008 -19.703639527239623
    endloop
  endfacet
  facet normal 0.5860740682439171 -0.0977984647248321 -0.8043336663533922
    outer loop
      vertex 5.661015972976726 -1.9434292382741063 -19.792705098312485
      vertex 5.391937106880169 -1.8510543468641607 -20
      vertex 5.985316954888546 1.4461002130604563e-18 -19.792705098312485
    endloop
  endfacet
  facet normal 0.9735739470716728 -0.16246075791238968 -0.16050006766919364
    outer loop
      vertex 5.661015972976726 -1.9434292382741063 -19.792705098312485
      vertex 6 -1.832722907144553e-33 -19.70363952723962
      vertex 5.674903450203807 -1.9481968152281037 -19.703639527239623
    endloop
  endfacet
  facet normal 0.9735739470716738 -0.16246075791239015 -0.16050006766918695
    outer loop
      vertex 5.661015972976726 -1.9434292382741063 -19.792705098312485
      vertex 5.985316954888546 1.4461002130604563e-18 -19.792705098312485
      vertex 6 -1.832722907144553e-33 -19.70363952723962
    endloop
  endfacet
  facet normal 0.5860740682439173 -0.09779846472483213 -0.8043336663533922
    outer loop
      vertex 5.985316954888546 1.4461002130604563e-18 -19.792705098312485
      vertex 5.391937106880169 -1.8510543468641607 -20
      vertex 5.700823445748517 2.946522847009941e-17 -20
    endloop
  endfacet
  facet normal 0.5225638490735451 -0.28279741302202704 -0.8043336663533922
    outer loop
      vertex 4.723256070679618 -3.6762577631695557 -19.792705098312485
      vertex 4.498750717956888 -3.501518233178055 -20
      vertex 5.661015972976726 -1.9434292382741063 -19.792705098312485
    endloop
  endfacet
  facet normal 0.8680721033501864 -0.4697771297789733 -0.1605000676691854
    outer loop
      vertex 4.723256070679618 -3.6762577631695557 -19.792705098312485
      vertex 5.674903450203807 -1.9481968152281037 -19.703639527239623
      vertex 4.734843056378361 -3.6852762761380067 -19.703639527239616
    endloop
  endfacet
  facet normal 0.8680721033501855 -0.46977712977897246 -0.160500067669193
    outer loop
      vertex 4.723256070679618 -3.6762577631695557 -19.792705098312485
      vertex 5.661015972976726 -1.9434292382741063 -19.792705098312485
      vertex 5.674903450203807 -1.9481968152281037 -19.703639527239623
    endloop
  endfacet
  facet normal 0.522563849073545 -0.282797413022027 -0.8043336663533923
    outer loop
      vertex 5.661015972976726 -1.9434292382741063 -19.792705098312485
      vertex 4.498750717956888 -3.501518233178055 -20
      vertex 5.391937106880169 -1.8510543468641607 -20
    endloop
  endfacet
  facet normal 0.40242572844249735 -0.4371508735643048 -0.8043336663533925
    outer loop
      vertex 3.273658084255221 -5.010706716409046 -19.792705098312485
      vertex 3.118054883433296 -4.772538287273739 -20
      vertex 4.723256070679618 -3.6762577631695557 -19.792705098312485
    endloop
  endfacet
  facet normal 0.6685011777042091 -0.726185860290787 -0.1605000676691916
    outer loop
      vertex 3.273658084255221 -5.010706716409046 -19.792705098312485
      vertex 4.723256070679618 -3.6762577631695557 -19.792705098312485
      vertex 3.2816889487345593 -5.022998869575172 -19.70363952723962
    endloop
  endfacet
  facet normal 0.6685011777042101 -0.7261858602907876 -0.16050006766918487
    outer loop
      vertex 4.723256070679618 -3.6762577631695557 -19.792705098312485
      vertex 4.734843056378361 -3.6852762761380067 -19.703639527239616
      vertex 3.2816889487345593 -5.022998869575172 -19.70363952723962
    endloop
  endfacet
  facet normal 0.40242572844249735 -0.4371508735643048 -0.8043336663533924
    outer loop
      vertex 4.723256070679618 -3.6762577631695557 -19.792705098312485
      vertex 3.118054883433296 -4.772538287273739 -20
      vertex 4.498750717956888 -3.501518233178055 -20
    endloop
  endfacet
  facet normal 0.3964877765894562 -0.9039010849054971 -0.16050006766918995
    outer loop
      vertex 1.4693084483629002 -5.802167847800139 -19.792705098312485
      vertex 3.2816889487345593 -5.022998869575172 -19.70363952723962
      vertex 1.4729129228447957 -5.816401595635982 -19.70363952723962
    endloop
  endfacet
  facet normal 0.2386785358561583 -0.5441322538612006 -0.8043336663533925
    outer loop
      vertex 1.4693084483629002 -5.802167847800139 -19.792705098312485
      vertex 1.3994694206832647 -5.526379764381781 -20
      vertex 3.273658084255221 -5.010706716409046 -19.792705098312485
    endloop
  endfacet
  facet normal 0.2386785358561583 -0.5441322538612007 -0.8043336663533925
    outer loop
      vertex 3.273658084255221 -5.010706716409046 -19.792705098312485
      vertex 1.3994694206832647 -5.526379764381781 -20
      vertex 3.118054883433296 -4.772538287273739 -20
    endloop
  endfacet
  facet normal 0.3964877765894562 -0.9039010849054965 -0.1605000676691933
    outer loop
      vertex 1.4693084483629002 -5.802167847800139 -19.792705098312485
      vertex 3.273658084255221 -5.010706716409046 -19.792705098312485
      vertex 3.2816889487345593 -5.022998869575172 -19.70363952723962
    endloop
  endfacet
  facet normal 0.049066820430737706 -0.5921484613703951 -0.804333666353393
    outer loop
      vertex -0.4942635565791516 -5.964874062971827 -19.792705098312485
      vertex -0.47077026880324097 -5.681352243401822 -20
      vertex 1.4693084483629002 -5.802167847800139 -19.792705098312485
    endloop
  endfacet
  facet normal 0.08150877273950487 -0.9836646015002691 -0.16050006766919622
    outer loop
      vertex -0.4942635565791516 -5.964874062971827 -19.792705098312485
      vertex 1.4729129228447957 -5.816401595635982 -19.70363952723962
      vertex -0.4954760728339962 -5.9795069580400195 -19.703639527239623
    endloop
  endfacet
  facet normal 0.08150877273950469 -0.98366460150027 -0.16050006766919075
    outer loop
      vertex -0.4942635565791516 -5.964874062971827 -19.792705098312485
      vertex 1.4693084483629002 -5.802167847800139 -19.792705098312485
      vertex 1.4729129228447957 -5.816401595635982 -19.70363952723962
    endloop
  endfacet
  facet normal 0.04906682043073762 -0.5921484613703958 -0.8043336663533925
    outer loop
      vertex 1.4693084483629002 -5.802167847800139 -19.792705098312485
      vertex -0.47077026880324097 -5.681352243401822 -20
      vertex 1.3994694206832647 -5.526379764381781 -20
    endloop
  endfacet
  facet normal -0.24230297137569293 -0.956832795393582 -0.16050006766918823
    outer loop
      vertex -2.4042744358765717 -5.481193618863203 -19.792705098312485
      vertex -0.4954760728339962 -5.9795069580400195 -19.703639527239623
      vertex -2.4101725479178158 -5.494639959930345 -19.70363952723962
    endloop
  endfacet
  facet normal -0.145862046338517 -0.5759961949600442 -0.8043336663533929
    outer loop
      vertex -2.4042744358765717 -5.481193618863203 -19.792705098312485
      vertex -2.2899946949115537 -5.220662051586267 -20
      vertex -0.4942635565791516 -5.964874062971827 -19.792705098312485
    endloop
  endfacet
  facet normal -0.2423029713756922 -0.9568327953935808 -0.1605000676691962
    outer loop
      vertex -2.4042744358765717 -5.481193618863203 -19.792705098312485
      vertex -0.4942635565791516 -5.964874062971827 -19.792705098312485
      vertex -0.4954760728339962 -5.9795069580400195 -19.703639527239623
    endloop
  endfacet
  facet normal -0.14586204633851688 -0.575996194960044 -0.8043336663533931
    outer loop
      vertex -0.4942635565791516 -5.964874062971827 -19.792705098312485
      vertex -2.2899946949115537 -5.220662051586267 -20
      vertex -0.47077026880324097 -5.681352243401822 -20
    endloop
  endfacet
  facet normal -0.5398574288243548 -0.8263133091154607 -0.16050006766918742
    outer loop
      vertex -2.4042744358765717 -5.481193618863203 -19.792705098312485
      vertex -2.4101725479178158 -5.494639959930345 -19.70363952723962
      vertex -4.053744873885108 -4.403540796668802 -19.792705098312485
    endloop
  endfacet
  facet normal -0.32498449710414995 -0.4974258033239448 -0.8043336663533929
    outer loop
      vertex -2.4042744358765717 -5.481193618863203 -19.792705098312485
      vertex -4.053744873885108 -4.403540796668802 -19.792705098312485
      vertex -3.8610626628974267 -4.194232119563177 -20
    endloop
  endfacet
  facet normal -0.539857428824356 -0.8263133091154619 -0.16050006766917807
    outer loop
      vertex -4.053744873885108 -4.403540796668802 -19.792705098312485
      vertex -2.4101725479178158 -5.494639959930345 -19.70363952723962
      vertex -4.0636894297544455 -4.41434346403879 -19.703639527239616
    endloop
  endfacet
  facet normal -0.3249844971041497 -0.49742580332394454 -0.8043336663533929
    outer loop
      vertex -2.4042744358765717 -5.481193618863203 -19.792705098312485
      vertex -3.8610626628974267 -4.194232119563177 -20
      vertex -2.2899946949115537 -5.220662051586267 -20
    endloop
  endfacet
  facet normal -0.7789099571088047 -0.6062499542226367 -0.16050006766917832
    outer loop
      vertex -5.263929154475629 -2.8486960011798 -19.792705098312485
      vertex -4.053744873885108 -4.403540796668802 -19.792705098312485
      vertex -4.0636894297544455 -4.41434346403879 -19.703639527239616
    endloop
  endfacet
  facet normal -0.468889834954513 -0.36495160754110734 -0.8043336663533929
    outer loop
      vertex -4.053744873885108 -4.403540796668802 -19.792705098312485
      vertex -5.01372458079835 -2.713292057168634 -20
      vertex -3.8610626628974267 -4.194232119563177 -20
    endloop
  endfacet
  facet normal -0.7789099571088036 -0.6062499542226363 -0.16050006766918543
    outer loop
      vertex -5.263929154475629 -2.8486960011798 -19.792705098312485
      vertex -4.0636894297544455 -4.41434346403879 -19.703639527239616
      vertex -5.276842507238934 -2.8556843582224425 -19.703639527239616
    endloop
  endfacet
  facet normal -0.46888983495451325 -0.36495160754110745 -0.8043336663533927
    outer loop
      vertex -5.263929154475629 -2.8486960011798 -19.792705098312485
      vertex -5.01372458079835 -2.713292057168634 -20
      vertex -4.053744873885108 -4.403540796668802 -19.792705098312485
    endloop
  endfacet
  facet normal -0.9335555055072615 -0.320490009852519 -0.16050006766918704
    outer loop
      vertex -5.90368503290228 -0.9851507918902116 -19.792705098312485
      vertex -5.276842507238934 -2.8556843582224425 -19.703639527239616
      vertex -5.918167820416334 -0.9875675416844049 -19.703639527239623
    endloop
  endfacet
  facet normal -0.9335555055072617 -0.3204900098525191 -0.160500067669186
    outer loop
      vertex -5.263929154475629 -2.8486960011798 -19.792705098312485
      vertex -5.276842507238934 -2.8556843582224425 -19.703639527239616
      vertex -5.90368503290228 -0.9851507918902116 -19.792705098312485
    endloop
  endfacet
  facet normal -0.5619836836121371 -0.192929242273541 -0.8043336663533925
    outer loop
      vertex -5.263929154475629 -2.8486960011798 -19.792705098312485
      vertex -5.623071644417306 -0.9383246993157801 -20
      vertex -5.01372458079835 -2.713292057168634 -20
    endloop
  endfacet
  facet normal -0.5619836836121359 -0.19292924227354086 -0.8043336663533933
    outer loop
      vertex -5.263929154475629 -2.8486960011798 -19.792705098312485
      vertex -5.90368503290228 -0.9851507918902116 -19.792705098312485
      vertex -5.623071644417306 -0.9383246993157801 -20
    endloop
  endfacet
  facet normal -0.8120316581144851 1.4228519551812033e-18 0.5836133876290366
    outer loop
      vertex -5.713700150999097 -0.9534479222738632 19.985316954888546
      vertex -5.918167820416334 0.987567541684405 19.70082344574852
      vertex -5.918167820416334 -0.9875675416844049 19.70082344574852
    endloop
  endfacet
  facet normal -0.16484946222318364 0 0.9863187389504101
    outer loop
      vertex -5.713700150999097 -0.9534479222738632 19.985316954888546
      vertex -5.625849318227351 -0.9387882110950042 20
      vertex -5.713700150999097 0.9534479222738632 19.985316954888546
    endloop
  endfacet
  facet normal -0.8120316581144851 0 0.5836133876290365
    outer loop
      vertex -5.713700150999097 -0.9534479222738632 19.985316954888546
      vertex -5.713700150999097 0.9534479222738632 19.985316954888546
      vertex -5.918167820416334 0.987567541684405 19.70082344574852
    endloop
  endfacet
  facet normal -0.16484946222318364 -3.199215063447362e-20 0.9863187389504101
    outer loop
      vertex -5.713700150999097 0.9534479222738632 19.985316954888546
      vertex -5.625849318227351 -0.9387882110950042 20
      vertex -5.625849318227351 0.9387882110950042 20
    endloop
  endfacet
  facet normal -0.7680335430514346 0.2636662483671736 0.5836133876290365
    outer loop
      vertex -5.713700150999097 0.9534479222738632 19.985316954888546
      vertex -5.276842507238934 2.8556843582224425 19.700823445748515
      vertex -5.918167820416334 0.987567541684405 19.70082344574852
    endloop
  endfacet
  facet normal -0.1559174636557645 0.05352653288254537 0.98631873895041
    outer loop
      vertex -5.713700150999097 0.9534479222738632 19.985316954888546
      vertex -5.625849318227351 0.9387882110950042 20
      vertex -5.094532082445833 2.7570228901743925 19.985316954888546
    endloop
  endfacet
  facet normal -0.7680335430514372 0.26366624836717373 0.5836133876290329
    outer loop
      vertex -5.713700150999097 0.9534479222738632 19.985316954888546
      vertex -5.094532082445833 2.7570228901743925 19.985316954888546
      vertex -5.276842507238934 2.8556843582224425 19.700823445748515
    endloop
  endfacet
  facet normal -0.15591746365576575 0.05352653288254574 0.9863187389504099
    outer loop
      vertex -5.094532082445833 2.7570228901743925 19.985316954888546
      vertex -5.625849318227351 0.9387882110950042 20
      vertex -5.016201250551027 2.714632363812901 20
    endloop
  endfacet
  facet normal -0.6408070763304649 0.4987601675203885 0.5836133876290328
    outer loop
      vertex -5.094532082445833 2.7570228901743925 19.985316954888546
      vertex -3.9232924129495212 4.261831648306648 19.985316954888546
      vertex -5.276842507238934 2.8556843582224425 19.700823445748515
    endloop
  endfacet
  facet normal -0.13008938859252572 0.10125263537753539 0.9863187389504098
    outer loop
      vertex -5.094532082445833 2.7570228901743925 19.985316954888546
      vertex -5.016201250551027 2.714632363812901 20
      vertex -3.9232924129495212 4.261831648306648 19.985316954888546
    endloop
  endfacet
  facet normal -0.1300893885925248 0.10125263537753476 0.98631873895041
    outer loop
      vertex -3.9232924129495212 4.261831648306648 19.985316954888546
      vertex -5.016201250551027 2.714632363812901 20
      vertex -3.8629699429955418 4.1963039780505795 20
    endloop
  endfacet
  facet normal -0.6408070763304652 0.49876016752038893 0.5836133876290321
    outer loop
      vertex -3.9232924129495212 4.261831648306648 19.985316954888546
      vertex -4.0636894297544455 4.41434346403879 19.700823445748515
      vertex -5.276842507238934 2.8556843582224425 19.700823445748515
    endloop
  endfacet
  facet normal -0.4441392197428196 0.6798056834613876 0.5836133876290324
    outer loop
      vertex -3.9232924129495212 4.261831648306648 19.985316954888546
      vertex -2.410172547917817 5.494639959930344 19.700823445748515
      vertex -4.0636894297544455 4.41434346403879 19.700823445748515
    endloop
  endfacet
  facet normal -0.09016410973044325 0.13800644373285495 0.98631873895041
    outer loop
      vertex -3.9232924129495212 4.261831648306648 19.985316954888546
      vertex -3.8629699429955418 4.1963039780505795 20
      vertex -2.326903134356055 5.304804818213334 19.985316954888546
    endloop
  endfacet
  facet normal -0.09016410973044241 0.13800644373285378 0.9863187389504101
    outer loop
      vertex -2.326903134356055 5.304804818213334 19.985316954888546
      vertex -3.8629699429955418 4.1963039780505795 20
      vertex -2.291125901961978 5.223240943901497 20
    endloop
  endfacet
  facet normal -0.4441392197428194 0.6798056834613875 0.5836133876290325
    outer loop
      vertex -3.9232924129495212 4.261831648306648 19.985316954888546
      vertex -2.326903134356055 5.304804818213334 19.985316954888546
      vertex -2.410172547917817 5.494639959930344 19.700823445748515
    endloop
  endfacet
  facet normal -0.19934198716598614 0.7871837053273397 0.5836133876290328
    outer loop
      vertex -2.326903134356055 5.304804818213334 19.985316954888546
      vertex -0.4954760728339947 5.9795069580400195 19.700823445748515
      vertex -2.410172547917817 5.494639959930344 19.700823445748515
    endloop
  endfacet
  facet normal -0.040468150538756985 0.15980511251910903 0.9863187389504103
    outer loop
      vertex -2.326903134356055 5.304804818213334 19.985316954888546
      vertex -2.291125901961978 5.223240943901497 20
      vertex -0.47100281896957086 5.684158706546891 20
    endloop
  endfacet
  facet normal -0.04046815053875707 0.15980511251910945 0.9863187389504101
    outer loop
      vertex -2.326903134356055 5.304804818213334 19.985316954888546
      vertex -0.47100281896957086 5.684158706546891 20
      vertex -0.47835779553288815 5.7729200735388995 19.985316954888546
    endloop
  endfacet
  facet normal -0.19934198716598697 0.7871837053273409 0.5836133876290308
    outer loop
      vertex -2.326903134356055 5.304804818213334 19.985316954888546
      vertex -0.47835779553288815 5.7729200735388995 19.985316954888546
      vertex -0.4954760728339947 5.9795069580400195 19.700823445748515
    endloop
  endfacet
  facet normal 0.013613160691856488 0.16428641773211333 0.9863187389504101
    outer loop
      vertex -0.47835779553288815 5.7729200735388995 19.985316954888546
      vertex -0.47100281896957086 5.684158706546891 20
      vertex 1.422025032922232 5.615449862812238 19.985316954888546
    endloop
  endfacet
  facet normal 0.06705704282990746 0.8092581583073936 0.5836133876290308
    outer loop
      vertex -0.47835779553288815 5.7729200735388995 19.985316954888546
      vertex 1.4729129228447957 5.816401595635982 19.700823445748515
      vertex -0.4954760728339947 5.9795069580400195 19.700823445748515
    endloop
  endfacet
  facet normal 0.013613160691856451 0.16428641773211236 0.9863187389504102
    outer loop
      vertex 1.422025032922232 5.615449862812238 19.985316954888546
      vertex -0.47100281896957086 5.684158706546891 20
      vertex 1.4001607278199344 5.529109674528156 20
    endloop
  endfacet
  facet normal 0.06705704282990743 0.8092581583073938 0.5836133876290307
    outer loop
      vertex -0.47835779553288815 5.7729200735388995 19.985316954888546
      vertex 1.422025032922232 5.615449862812238 19.985316954888546
      vertex 1.4729129228447957 5.816401595635982 19.700823445748515
    endloop
  endfacet
  facet normal 0.06621927473155503 0.15096474041742108 0.9863187389504103
    outer loop
      vertex 3.168309384068405 4.849458526767656 19.985316954888546
      vertex 1.422025032922232 5.615449862812238 19.985316954888546
      vertex 1.4001607278199344 5.529109674528156 20
    endloop
  endfacet
  facet normal 0.3261894017379548 0.7436369329007281 0.5836133876290306
    outer loop
      vertex 1.422025032922232 5.615449862812238 19.985316954888546
      vertex 3.281688948734561 5.022998869575171 19.700823445748515
      vertex 1.4729129228447957 5.816401595635982 19.700823445748515
    endloop
  endfacet
  facet normal 0.06621927473155494 0.15096474041742083 0.9863187389504103
    outer loop
      vertex 3.168309384068405 4.849458526767656 19.985316954888546
      vertex 1.4001607278199344 5.529109674528156 20
      vertex 3.119595134017975 4.774895816298138 20
    endloop
  endfacet
  facet normal 0.3261894017379547 0.7436369329007272 0.5836133876290317
    outer loop
      vertex 3.168309384068405 4.849458526767656 19.985316954888546
      vertex 3.281688948734561 5.022998869575171 19.700823445748515
      vertex 1.422025032922232 5.615449862812238 19.985316954888546
    endloop
  endfacet
  facet normal 0.5499740776176374 0.5974311070983789 0.5836133876290316
    outer loop
      vertex 3.168309384068405 4.849458526767656 19.985316954888546
      vertex 4.734843056378361 3.6852762761380067 19.700823445748515
      vertex 3.281688948734561 5.022998869575171 19.700823445748515
    endloop
  endfacet
  facet normal 0.11164950285617517 0.1212836910192024 0.9863187389504103
    outer loop
      vertex 3.168309384068405 4.849458526767656 19.985316954888546
      vertex 3.119595134017975 4.774895816298138 20
      vertex 4.5712582520654 3.5579531122457797 19.985316954888546
    endloop
  endfacet
  facet normal 0.11164950285617554 0.12128369101920283 0.9863187389504102
    outer loop
      vertex 4.5712582520654 3.5579531122457797 19.985316954888546
      vertex 3.119595134017975 4.774895816298138 20
      vertex 4.500973001939272 3.5032479062298565 20
    endloop
  endfacet
  facet normal 0.5499740776176376 0.5974311070983793 0.5836133876290309
    outer loop
      vertex 3.168309384068405 4.849458526767656 19.985316954888546
      vertex 4.5712582520654 3.5579531122457797 19.985316954888546
      vertex 4.734843056378361 3.6852762761380067 19.700823445748515
    endloop
  endfacet
  facet normal 0.7141605284603743 0.3864843507431642 0.5836133876290311
    outer loop
      vertex 4.5712582520654 3.5579531122457797 19.985316954888546
      vertex 5.674903450203808 1.9481968152281006 19.70082344574852
      vertex 4.734843056378361 3.6852762761380067 19.700823445748515
    endloop
  endfacet
  facet normal 0.14498077492579475 0.07845967178868728 0.9863187389504101
    outer loop
      vertex 4.5712582520654 3.5579531122457797 19.985316954888546
      vertex 4.500973001939272 3.5032479062298565 20
      vertex 5.478840358071118 1.8808882706813275 19.985316954888546
    endloop
  endfacet
  facet normal 0.14498077492579511 0.0784596717886875 0.9863187389504102
    outer loop
      vertex 5.478840358071118 1.8808882706813275 19.985316954888546
      vertex 4.500973001939272 3.5032479062298565 20
      vertex 5.394600605308481 1.8519687270295537 20
    endloop
  endfacet
  facet normal 0.7141605284603716 0.3864843507431615 0.5836133876290361
    outer loop
      vertex 4.5712582520654 3.5579531122457797 19.985316954888546
      vertex 5.478840358071118 1.8808882706813275 19.985316954888546
      vertex 5.674903450203808 1.9481968152281006 19.70082344574852
    endloop
  endfacet
  facet normal 0.16260113042369653 0.02713332969262411 0.9863187389504102
    outer loop
      vertex 5.792705098312484 2.3332583298528154e-17 19.985316954888546
      vertex 5.478840358071118 1.8808882706813275 19.985316954888546
      vertex 5.394600605308481 1.8519687270295537 20
    endloop
  endfacet
  facet normal 0.16260113042369745 0.027133329692624313 0.98631873895041
    outer loop
      vertex 5.792705098312484 2.3332583298528154e-17 19.985316954888546
      vertex 5.394600605308481 1.8519687270295537 20
      vertex 5.703639527239612 3.335757590168164e-17 20
    endloop
  endfacet
  facet normal 0.8009566047020807 0.13365601806233923 0.5836133876290317
    outer loop
      vertex 5.792705098312484 2.3332583298528154e-17 19.985316954888546
      vertex 6 0 19.700823445748515
      vertex 5.478840358071118 1.8808882706813275 19.985316954888546
    endloop
  endfacet
  facet normal 0.8009566047020776 0.13365601806233765 0.5836133876290363
    outer loop
      vertex 5.478840358071118 1.8808882706813275 19.985316954888546
      vertex 6 0 19.700823445748515
      vertex 5.674903450203808 1.9481968152281006 19.70082344574852
    endloop
  endfacet
  facet normal 0.8009566047020773 -0.13365601806233884 0.5836133876290366
    outer loop
      vertex 5.478840358071117 -1.8808882706813304 19.985316954888546
      vertex 5.674903450203807 -1.948196815228104 19.70082344574852
      vertex 5.792705098312484 2.3332583298528154e-17 19.985316954888546
    endloop
  endfacet
  facet normal 0.1626011304236965 -0.02713332969262419 0.9863187389504101
    outer loop
      vertex 5.478840358071117 -1.8808882706813304 19.985316954888546
      vertex 5.703639527239612 3.335757590168164e-17 20
      vertex 5.39460060530848 -1.8519687270295566 20
    endloop
  endfacet
  facet normal 0.16260113042369745 -0.027133329692624296 0.98631873895041
    outer loop
      vertex 5.478840358071117 -1.8808882706813304 19.985316954888546
      vertex 5.792705098312484 2.3332583298528154e-17 19.985316954888546
      vertex 5.703639527239612 3.335757590168164e-17 20
    endloop
  endfacet
  facet normal 0.8009566047020809 -0.13365601806233837 0.5836133876290318
    outer loop
      vertex 5.792705098312484 2.3332583298528154e-17 19.985316954888546
      vertex 5.674903450203807 -1.948196815228104 19.70082344574852
      vertex 6 0 19.700823445748515
    endloop
  endfacet
  facet normal 0.14498077492579473 -0.07845967178868736 0.9863187389504103
    outer loop
      vertex 4.5712582520654 -3.5579531122457793 19.985316954888546
      vertex 5.39460060530848 -1.8519687270295566 20
      vertex 4.500973001939272 -3.503247906229856 20
    endloop
  endfacet
  facet normal 0.7141605284603745 -0.3864843507431634 0.5836133876290316
    outer loop
      vertex 4.5712582520654 -3.5579531122457793 19.985316954888546
      vertex 4.734843056378361 -3.6852762761380067 19.700823445748515
      vertex 5.478840358071117 -1.8808882706813304 19.985316954888546
    endloop
  endfacet
  facet normal 0.7141605284603707 -0.3864843507431627 0.5836133876290365
    outer loop
      vertex 5.478840358071117 -1.8808882706813304 19.985316954888546
      vertex 4.734843056378361 -3.6852762761380067 19.700823445748515
      vertex 5.674903450203807 -1.948196815228104 19.70082344574852
    endloop
  endfacet
  facet normal 0.14498077492579503 -0.0784596717886875 0.9863187389504102
    outer loop
      vertex 4.5712582520654 -3.5579531122457793 19.985316954888546
      vertex 5.478840358071117 -1.8808882706813304 19.985316954888546
      vertex 5.39460060530848 -1.8519687270295566 20
    endloop
  endfacet
  facet normal 0.11164950285617509 -0.1212836910192024 0.9863187389504102
    outer loop
      vertex 3.168309384068403 -4.849458526767657 19.985316954888546
      vertex 4.500973001939272 -3.503247906229856 20
      vertex 3.119595134017973 -4.774895816298139 20
    endloop
  endfacet
  facet normal 0.5499740776176373 -0.597431107098379 0.5836133876290317
    outer loop
      vertex 3.168309384068403 -4.849458526767657 19.985316954888546
      vertex 3.2816889487345593 -5.022998869575172 19.700823445748515
      vertex 4.5712582520654 -3.5579531122457793 19.985316954888546
    endloop
  endfacet
  facet normal 0.5499740776176372 -0.5974311070983791 0.5836133876290318
    outer loop
      vertex 4.5712582520654 -3.5579531122457793 19.985316954888546
      vertex 3.2816889487345593 -5.022998869575172 19.700823445748515
      vertex 4.734843056378361 -3.6852762761380067 19.700823445748515
    endloop
  endfacet
  facet normal 0.11164950285617557 -0.12128369101920287 0.9863187389504103
    outer loop
      vertex 3.168309384068403 -4.849458526767657 19.985316954888546
      vertex 4.5712582520654 -3.5579531122457793 19.985316954888546
      vertex 4.500973001939272 -3.503247906229856 20
    endloop
  endfacet
  facet normal 0.326189401737955 -0.7436369329007281 0.5836133876290306
    outer loop
      vertex 1.422025032922232 -5.615449862812238 19.985316954888546
      vertex 1.4729129228447957 -5.816401595635982 19.700823445748515
      vertex 3.168309384068403 -4.849458526767657 19.985316954888546
    endloop
  endfacet
  facet normal 0.066219274731555 -0.15096474041742103 0.9863187389504103
    outer loop
      vertex 1.422025032922232 -5.615449862812238 19.985316954888546
      vertex 3.168309384068403 -4.849458526767657 19.985316954888546
      vertex 1.4001607278199344 -5.529109674528156 20
    endloop
  endfacet
  facet normal 0.32618940173795447 -0.7436369329007273 0.5836133876290318
    outer loop
      vertex 3.168309384068403 -4.849458526767657 19.985316954888546
      vertex 1.4729129228447957 -5.816401595635982 19.700823445748515
      vertex 3.2816889487345593 -5.022998869575172 19.700823445748515
    endloop
  endfacet
  facet normal 0.06621927473155492 -0.15096474041742086 0.9863187389504103
    outer loop
      vertex 3.168309384068403 -4.849458526767657 19.985316954888546
      vertex 3.119595134017973 -4.774895816298139 20
      vertex 1.4001607278199344 -5.529109674528156 20
    endloop
  endfacet
  facet normal 0.06705704282990735 -0.8092581583073936 0.5836133876290309
    outer loop
      vertex -0.4783577955328897 -5.7729200735388995 19.985316954888546
      vertex -0.49547607283399625 -5.9795069580400195 19.700823445748515
      vertex 1.422025032922232 -5.615449862812238 19.985316954888546
    endloop
  endfacet
  facet normal 0.013613160691856526 -0.16428641773211336 0.9863187389504101
    outer loop
      vertex -0.4783577955328897 -5.7729200735388995 19.985316954888546
      vertex 1.4001607278199344 -5.529109674528156 20
      vertex -0.4710028189695724 -5.684158706546891 20
    endloop
  endfacet
  facet normal 0.06705704282990742 -0.8092581583073937 0.5836133876290306
    outer loop
      vertex 1.422025032922232 -5.615449862812238 19.985316954888546
      vertex -0.49547607283399625 -5.9795069580400195 19.700823445748515
      vertex 1.4729129228447957 -5.816401595635982 19.700823445748515
    endloop
  endfacet
  facet normal 0.0136131606918564 -0.16428641773211242 0.9863187389504103
    outer loop
      vertex -0.4783577955328897 -5.7729200735388995 19.985316954888546
      vertex 1.422025032922232 -5.615449862812238 19.985316954888546
      vertex 1.4001607278199344 -5.529109674528156 20
    endloop
  endfacet
  facet normal -0.19934198716598647 -0.7871837053273408 0.5836133876290311
    outer loop
      vertex -2.3269031343560536 -5.304804818213336 19.985316954888546
      vertex -2.4101725479178158 -5.494639959930345 19.700823445748515
      vertex -0.4783577955328897 -5.7729200735388995 19.985316954888546
    endloop
  endfacet
  facet normal -0.0404681505387569 -0.15980511251910906 0.9863187389504102
    outer loop
      vertex -2.3269031343560536 -5.304804818213336 19.985316954888546
      vertex -0.4710028189695724 -5.684158706546891 20
      vertex -2.2911259019619767 -5.223240943901499 20
    endloop
  endfacet
  facet normal -0.19934198716598645 -0.787183705327341 0.583613387629031
    outer loop
      vertex -0.4783577955328897 -5.7729200735388995 19.985316954888546
      vertex -2.4101725479178158 -5.494639959930345 19.700823445748515
      vertex -0.49547607283399625 -5.9795069580400195 19.700823445748515
    endloop
  endfacet
  facet normal -0.040468150538757006 -0.1598051125191096 0.98631873895041
    outer loop
      vertex -2.3269031343560536 -5.304804818213336 19.985316954888546
      vertex -0.4783577955328897 -5.7729200735388995 19.985316954888546
      vertex -0.4710028189695724 -5.684158706546891 20
    endloop
  endfacet
  facet normal -0.44413921974282 -0.6798056834613883 0.5836133876290313
    outer loop
      vertex -2.3269031343560536 -5.304804818213336 19.985316954888546
      vertex -4.0636894297544455 -4.41434346403879 19.700823445748515
      vertex -2.4101725479178158 -5.494639959930345 19.700823445748515
    endloop
  endfacet
  facet normal -0.44413921974281984 -0.6798056834613877 0.5836133876290318
    outer loop
      vertex -2.3269031343560536 -5.304804818213336 19.985316954888546
      vertex -3.9232924129495217 -4.261831648306648 19.985316954888546
      vertex -4.0636894297544455 -4.41434346403879 19.700823445748515
    endloop
  endfacet
  facet normal -0.09016410973044323 -0.13800644373285498 0.98631873895041
    outer loop
      vertex -3.9232924129495217 -4.261831648306648 19.985316954888546
      vertex -2.2911259019619767 -5.223240943901499 20
      vertex -3.862969942995542 -4.1963039780505795 20
    endloop
  endfacet
  facet normal -0.09016410973044252 -0.13800644373285376 0.9863187389504101
    outer loop
      vertex -2.3269031343560536 -5.304804818213336 19.985316954888546
      vertex -2.2911259019619767 -5.223240943901499 20
      vertex -3.9232924129495217 -4.261831648306648 19.985316954888546
    endloop
  endfacet
  facet normal -0.6408070763304655 -0.49876016752038926 0.5836133876290315
    outer loop
      vertex -3.9232924129495217 -4.261831648306648 19.985316954888546
      vertex -5.276842507238934 -2.8556843582224425 19.700823445748515
      vertex -4.0636894297544455 -4.41434346403879 19.700823445748515
    endloop
  endfacet
  facet normal -0.640807076330465 -0.49876016752038843 0.5836133876290328
    outer loop
      vertex -5.094532082445833 -2.7570228901743925 19.985316954888546
      vertex -5.276842507238934 -2.8556843582224425 19.700823445748515
      vertex -3.9232924129495217 -4.261831648306648 19.985316954888546
    endloop
  endfacet
  facet normal -0.1300893885925257 -0.10125263537753539 0.9863187389504098
    outer loop
      vertex -5.094532082445833 -2.7570228901743925 19.985316954888546
      vertex -3.862969942995542 -4.1963039780505795 20
      vertex -5.016201250551027 -2.714632363812901 20
    endloop
  endfacet
  facet normal -0.13008938859252492 -0.1012526353775347 0.98631873895041
    outer loop
      vertex -5.094532082445833 -2.7570228901743925 19.985316954888546
      vertex -3.9232924129495217 -4.261831648306648 19.985316954888546
      vertex -3.862969942995542 -4.1963039780505795 20
    endloop
  endfacet
  facet normal -0.768033543051437 -0.26366624836717445 0.5836133876290329
    outer loop
      vertex -5.094532082445833 -2.7570228901743925 19.985316954888546
      vertex -5.918167820416334 -0.9875675416844049 19.70082344574852
      vertex -5.276842507238934 -2.8556843582224425 19.700823445748515
    endloop
  endfacet
  facet normal -0.1559174636557657 -0.05352653288254579 0.9863187389504098
    outer loop
      vertex -5.094532082445833 -2.7570228901743925 19.985316954888546
      vertex -5.016201250551027 -2.714632363812901 20
      vertex -5.713700150999097 -0.9534479222738632 19.985316954888546
    endloop
  endfacet
  facet normal -0.768033543051435 -0.26366624836717295 0.5836133876290364
    outer loop
      vertex -5.094532082445833 -2.7570228901743925 19.985316954888546
      vertex -5.713700150999097 -0.9534479222738632 19.985316954888546
      vertex -5.918167820416334 -0.9875675416844049 19.70082344574852
    endloop
  endfacet
  facet normal -0.15591746365576453 -0.05352653288254532 0.98631873895041
    outer loop
      vertex -5.713700150999097 -0.9534479222738632 19.985316954888546
      vertex -5.016201250551027 -2.714632363812901 20
      vertex -5.625849318227351 -0.9387882110950042 20
    endloop
  endfacet
  facet normal -0.9870358292778364 0.16050006766918684 0
    outer loop
      vertex -5.90368503290228 19.792705098312485 -0.9851507918902116
      vertex -5.918167820416334 19.703639527239623 -0.9875675416844049
      vertex -5.90368503290228 19.792705098312485 0.9851507918902116
    endloop
  endfacet
  facet normal -0.5941778800750731 0.8043336663533934 3.2767747692736794e-18
    outer loop
      vertex -5.90368503290228 19.792705098312485 -0.9851507918902116
      vertex -5.623071644417306 20 0.9383246993157801
      vertex -5.623071644417306 20 -0.9383246993157801
    endloop
  endfacet
  facet normal -0.9870358292778365 0.16050006766918684 3.710997100159415e-19
    outer loop
      vertex -5.90368503290228 19.792705098312485 0.9851507918902116
      vertex -5.918167820416334 19.703639527239623 -0.9875675416844049
      vertex -5.918167820416334 19.703639527239623 0.9875675416844049
    endloop
  endfacet
  facet normal -0.5941778800750731 0.8043336663533935 0
    outer loop
      vertex -5.90368503290228 19.792705098312485 -0.9851507918902116
      vertex -5.90368503290228 19.792705098312485 0.9851507918902116
      vertex -5.623071644417306 20 0.9383246993157801
    endloop
  endfacet
  facet normal -0.9335555055072616 0.16050006766918706 0.320490009852519
    outer loop
      vertex -5.90368503290228 19.792705098312485 0.9851507918902116
      vertex -5.918167820416334 19.703639527239623 0.9875675416844049
      vertex -5.263929154475629 19.792705098312485 2.8486960011798
    endloop
  endfacet
  facet normal -0.561983683612136 0.8043336663533934 0.19292924227354064
    outer loop
      vertex -5.90368503290228 19.792705098312485 0.9851507918902116
      vertex -5.01372458079835 20 2.713292057168634
      vertex -5.623071644417306 20 0.9383246993157801
    endloop
  endfacet
  facet normal -0.561983683612137 0.8043336663533925 0.19292924227354122
    outer loop
      vertex -5.90368503290228 19.792705098312485 0.9851507918902116
      vertex -5.263929154475629 19.792705098312485 2.8486960011798
      vertex -5.01372458079835 20 2.713292057168634
    endloop
  endfacet
  facet normal -0.9335555055072609 0.16050006766919223 0.3204900098525185
    outer loop
      vertex -5.263929154475629 19.792705098312485 2.8486960011798
      vertex -5.918167820416334 19.703639527239623 0.9875675416844049
      vertex -5.276842507238934 19.70363952723962 2.8556843582224425
    endloop
  endfacet
  facet normal -0.7789099571088031 0.16050006766919167 0.6062499542226354
    outer loop
      vertex -5.263929154475629 19.792705098312485 2.8486960011798
      vertex -5.276842507238934 19.70363952723962 2.8556843582224425
      vertex -4.053744873885108 19.792705098312485 4.403540796668802
    endloop
  endfacet
  facet normal -0.46888983495451325 0.8043336663533927 0.3649516075411075
    outer loop
      vertex -5.263929154475629 19.792705098312485 2.8486960011798
      vertex -3.8610626628974267 20 4.194232119563177
      vertex -5.01372458079835 20 2.713292057168634
    endloop
  endfacet
  facet normal -0.7789099571088036 0.16050006766918504 0.6062499542226363
    outer loop
      vertex -4.053744873885108 19.792705098312485 4.403540796668802
      vertex -5.276842507238934 19.70363952723962 2.8556843582224425
      vertex -4.0636894297544455 19.70363952723962 4.41434346403879
    endloop
  endfacet
  facet normal -0.468889834954513 0.8043336663533929 0.3649516075411072
    outer loop
      vertex -5.263929154475629 19.792705098312485 2.8486960011798
      vertex -4.053744873885108 19.792705098312485 4.403540796668802
      vertex -3.8610626628974267 20 4.194232119563177
    endloop
  endfacet
  facet normal -0.5398574288243551 0.16050006766918426 0.8263133091154611
    outer loop
      vertex -4.053744873885108 19.792705098312485 4.403540796668802
      vertex -4.0636894297544455 19.70363952723962 4.41434346403879
      vertex -2.404274435876573 19.792705098312485 5.481193618863202
    endloop
  endfacet
  facet normal -0.3249844971041499 0.8043336663533929 0.4974258033239447
    outer loop
      vertex -4.053744873885108 19.792705098312485 4.403540796668802
      vertex -2.289994694911555 20 5.220662051586266
      vertex -3.8610626628974267 20 4.194232119563177
    endloop
  endfacet
  facet normal -0.539857428824355 0.16050006766918737 0.8263133091154606
    outer loop
      vertex -2.404274435876573 19.792705098312485 5.481193618863202
      vertex -4.0636894297544455 19.70363952723962 4.41434346403879
      vertex -2.410172547917817 19.70363952723962 5.494639959930344
    endloop
  endfacet
  facet normal -0.32498449710414984 0.8043336663533929 0.49742580332394465
    outer loop
      vertex -4.053744873885108 19.792705098312485 4.403540796668802
      vertex -2.404274435876573 19.792705098312485 5.481193618863202
      vertex -2.289994694911555 20 5.220662051586266
    endloop
  endfacet
  facet normal -0.145862046338517 0.8043336663533928 0.5759961949600442
    outer loop
      vertex -2.404274435876573 19.792705098312485 5.481193618863202
      vertex -0.4707702688032394 20 5.681352243401822
      vertex -2.289994694911555 20 5.220662051586266
    endloop
  endfacet
  facet normal -0.24230297137569262 0.1605000676691882 0.956832795393582
    outer loop
      vertex -2.404274435876573 19.792705098312485 5.481193618863202
      vertex -2.410172547917817 19.70363952723962 5.494639959930344
      vertex -0.4942635565791501 19.792705098312485 5.964874062971827
    endloop
  endfacet
  facet normal -0.24230297137569262 0.1605000676691899 0.9568327953935818
    outer loop
      vertex -0.4942635565791501 19.792705098312485 5.964874062971827
      vertex -2.410172547917817 19.70363952723962 5.494639959930344
      vertex -0.4954760728339947 19.70363952723962 5.9795069580400195
    endloop
  endfacet
  facet normal -0.145862046338517 0.804333666353393 0.575996194960044
    outer loop
      vertex -2.404274435876573 19.792705098312485 5.481193618863202
      vertex -0.4942635565791501 19.792705098312485 5.964874062971827
      vertex -0.4707702688032394 20 5.681352243401822
    endloop
  endfacet
  facet normal 0.049066820430737616 0.804333666353393 0.5921484613703951
    outer loop
      vertex -0.4942635565791501 19.792705098312485 5.964874062971827
      vertex 1.3994694206832647 20 5.526379764381781
      vertex -0.4707702688032394 20 5.681352243401822
    endloop
  endfacet
  facet normal 0.08150877273950474 0.16050006766918998 0.98366460150027
    outer loop
      vertex -0.4942635565791501 19.792705098312485 5.964874062971827
      vertex -0.4954760728339947 19.70363952723962 5.9795069580400195
      vertex 1.4693084483629002 19.792705098312485 5.802167847800139
    endloop
  endfacet
  facet normal 0.08150877273950509 0.16050006766918443 0.983664601500271
    outer loop
      vertex 1.4693084483629002 19.792705098312485 5.802167847800139
      vertex -0.4954760728339947 19.70363952723962 5.9795069580400195
      vertex 1.4729129228447957 19.703639527239616 5.816401595635982
    endloop
  endfacet
  facet normal 0.04906682043073778 0.8043336663533927 0.5921484613703957
    outer loop
      vertex -0.4942635565791501 19.792705098312485 5.964874062971827
      vertex 1.4693084483629002 19.792705098312485 5.802167847800139
      vertex 1.3994694206832647 20 5.526379764381781
    endloop
  endfacet
  facet normal 0.23867853585615834 0.8043336663533927 0.5441322538612006
    outer loop
      vertex 1.4693084483629002 19.792705098312485 5.802167847800139
      vertex 3.118054883433298 20 4.772538287273738
      vertex 1.3994694206832647 20 5.526379764381781
    endloop
  endfacet
  facet normal 0.3964877765894569 0.16050006766918373 0.903901084905498
    outer loop
      vertex 1.4693084483629002 19.792705098312485 5.802167847800139
      vertex 1.4729129228447957 19.703639527239616 5.816401595635982
      vertex 3.273658084255223 19.792705098312485 5.010706716409045
    endloop
  endfacet
  facet normal 0.23867853585615834 0.8043336663533925 0.5441322538612007
    outer loop
      vertex 1.4693084483629002 19.792705098312485 5.802167847800139
      vertex 3.273658084255223 19.792705098312485 5.010706716409045
      vertex 3.118054883433298 20 4.772538287273738
    endloop
  endfacet
  facet normal 0.39648777658945517 0.16050006766919955 0.903901084905496
    outer loop
      vertex 3.273658084255223 19.792705098312485 5.010706716409045
      vertex 1.4729129228447957 19.703639527239616 5.816401595635982
      vertex 3.281688948734561 19.703639527239623 5.022998869575171
    endloop
  endfacet
  facet normal 0.40242572844249747 0.8043336663533925 0.4371508735643048
    outer loop
      vertex 3.273658084255223 19.792705098312485 5.010706716409045
      vertex 4.498750717956888 20 3.5015182331780554
      vertex 3.118054883433298 20 4.772538287273738
    endloop
  endfacet
  facet normal 0.40242572844249674 0.804333666353393 0.43715087356430427
    outer loop
      vertex 4.723256070679619 19.792705098312485 3.676257763169556
      vertex 4.498750717956888 20 3.5015182331780554
      vertex 3.273658084255223 19.792705098312485 5.010706716409045
    endloop
  endfacet
  facet normal 0.6685011777042116 0.16050006766917488 0.7261858602907885
    outer loop
      vertex 4.723256070679619 19.792705098312485 3.676257763169556
      vertex 3.281688948734561 19.703639527239623 5.022998869575171
      vertex 4.734843056378361 19.703639527239616 3.6852762761380067
    endloop
  endfacet
  facet normal 0.6685011777042082 0.1605000676691974 0.7261858602907865
    outer loop
      vertex 4.723256070679619 19.792705098312485 3.676257763169556
      vertex 3.273658084255223 19.792705098312485 5.010706716409045
      vertex 3.281688948734561 19.703639527239623 5.022998869575171
    endloop
  endfacet
  facet normal 0.5225638490735444 0.8043336663533931 0.2827974130220263
    outer loop
      vertex 4.723256070679619 19.792705098312485 3.676257763169556
      vertex 5.39193710688017 20 1.8510543468641578
      vertex 4.498750717956888 20 3.5015182331780554
    endloop
  endfacet
  facet normal 0.5225638490735453 0.8043336663533924 0.28279741302202654
    outer loop
      vertex 4.723256070679619 19.792705098312485 3.676257763169556
      vertex 5.661015972976727 19.792705098312485 1.9434292382741034
      vertex 5.39193710688017 20 1.8510543468641578
    endloop
  endfacet
  facet normal 0.8680721033501885 0.16050006766917466 0.4697771297789731
    outer loop
      vertex 4.723256070679619 19.792705098312485 3.676257763169556
      vertex 4.734843056378361 19.703639527239616 3.6852762761380067
      vertex 5.661015972976727 19.792705098312485 1.9434292382741034
    endloop
  endfacet
  facet normal 0.8680721033501853 0.16050006766919328 0.46977712977897246
    outer loop
      vertex 5.661015972976727 19.792705098312485 1.9434292382741034
      vertex 4.734843056378361 19.703639527239616 3.6852762761380067
      vertex 5.674903450203808 19.703639527239623 1.9481968152281008
    endloop
  endfacet
  facet normal 0.9735739470716738 0.16050006766918679 0.16246075791238962
    outer loop
      vertex 5.985316954888546 19.792705098312485 1.4461002130604563e-18
      vertex 5.674903450203808 19.703639527239623 1.9481968152281008
      vertex 6 19.70363952723962 0
    endloop
  endfacet
  facet normal 0.5860740682439173 0.8043336663533923 0.09779846472483199
    outer loop
      vertex 5.985316954888546 19.792705098312485 1.4461002130604563e-18
      vertex 5.700823445748517 20 2.946522847009941e-17
      vertex 5.661015972976727 19.792705098312485 1.9434292382741034
    endloop
  endfacet
  facet normal 0.5860740682439172 0.8043336663533922 0.097798464724832
    outer loop
      vertex 5.661015972976727 19.792705098312485 1.9434292382741034
      vertex 5.700823445748517 20 2.946522847009941e-17
      vertex 5.39193710688017 20 1.8510543468641578
    endloop
  endfacet
  facet normal 0.9735739470716728 0.16050006766919375 0.16246075791238976
    outer loop
      vertex 5.985316954888546 19.792705098312485 1.4461002130604563e-18
      vertex 5.661015972976727 19.792705098312485 1.9434292382741034
      vertex 5.674903450203808 19.703639527239623 1.9481968152281008
    endloop
  endfacet
  facet normal 0.9735739470716728 0.16050006766919364 -0.16246075791238968
    outer loop
      vertex 5.661015972976726 19.792705098312485 -1.9434292382741063
      vertex 6 19.70363952723962 0
      vertex 5.674903450203807 19.703639527239623 -1.9481968152281037
    endloop
  endfacet
  facet normal 0.5860740682439172 0.8043336663533923 -0.09779846472483211
    outer loop
      vertex 5.661015972976726 19.792705098312485 -1.9434292382741063
      vertex 5.391937106880169 20 -1.8510543468641607
      vertex 5.985316954888546 19.792705098312485 1.4461002130604563e-18
    endloop
  endfacet
  facet normal 0.9735739470716738 0.16050006766918684 -0.16246075791239015
    outer loop
      vertex 5.661015972976726 19.792705098312485 -1.9434292382741063
      vertex 5.985316954888546 19.792705098312485 1.4461002130604563e-18
      vertex 6 19.70363952723962 0
    endloop
  endfacet
  facet normal 0.5860740682439172 0.8043336663533922 -0.09779846472483213
    outer loop
      vertex 5.985316954888546 19.792705098312485 1.4461002130604563e-18
      vertex 5.391937106880169 20 -1.8510543468641607
      vertex 5.700823445748517 20 2.946522847009941e-17
    endloop
  endfacet
  facet normal 0.5225638490735451 0.8043336663533924 -0.28279741302202704
    outer loop
      vertex 4.723256070679618 19.792705098312485 -3.6762577631695557
      vertex 4.498750717956888 20 -3.501518233178055
      vertex 5.661015972976726 19.792705098312485 -1.9434292382741063
    endloop
  endfacet
  facet normal 0.8680721033501864 0.1605000676691854 -0.46977712977897335
    outer loop
      vertex 4.723256070679618 19.792705098312485 -3.6762577631695557
      vertex 5.674903450203807 19.703639527239623 -1.9481968152281037
      vertex 4.734843056378361 19.703639527239616 -3.6852762761380067
    endloop
  endfacet
  facet normal 0.8680721033501855 0.16050006766919278 -0.46977712977897246
    outer loop
      vertex 4.723256070679618 19.792705098312485 -3.6762577631695557
      vertex 5.661015972976726 19.792705098312485 -1.9434292382741063
      vertex 5.674903450203807 19.703639527239623 -1.9481968152281037
    endloop
  endfacet
  facet normal 0.522563849073545 0.8043336663533923 -0.28279741302202704
    outer loop
      vertex 5.661015972976726 19.792705098312485 -1.9434292382741063
      vertex 4.498750717956888 20 -3.501518233178055
      vertex 5.391937106880169 20 -1.8510543468641607
    endloop
  endfacet
  facet normal 0.4024257284424974 0.8043336663533925 -0.4371508735643049
    outer loop
      vertex 3.273658084255221 19.792705098312485 -5.010706716409046
      vertex 3.118054883433296 20 -4.772538287273739
      vertex 4.723256070679618 19.792705098312485 -3.6762577631695557
    endloop
  endfacet
  facet normal 0.6685011777042091 0.1605000676691916 -0.726185860290787
    outer loop
      vertex 3.273658084255221 19.792705098312485 -5.010706716409046
      vertex 4.723256070679618 19.792705098312485 -3.6762577631695557
      vertex 3.2816889487345593 19.70363952723962 -5.022998869575172
    endloop
  endfacet
  facet normal 0.6685011777042101 0.16050006766918487 -0.7261858602907876
    outer loop
      vertex 4.723256070679618 19.792705098312485 -3.6762577631695557
      vertex 4.734843056378361 19.703639527239616 -3.6852762761380067
      vertex 3.2816889487345593 19.70363952723962 -5.022998869575172
    endloop
  endfacet
  facet normal 0.40242572844249735 0.8043336663533924 -0.4371508735643048
    outer loop
      vertex 4.723256070679618 19.792705098312485 -3.6762577631695557
      vertex 3.118054883433296 20 -4.772538287273739
      vertex 4.498750717956888 20 -3.501518233178055
    endloop
  endfacet
  facet normal 0.39648777658945616 0.16050006766919717 -0.903901084905496
    outer loop
      vertex 1.4693084483629002 19.792705098312485 -5.802167847800139
      vertex 3.2816889487345593 19.70363952723962 -5.022998869575172
      vertex 1.472912922844796 19.703639527239623 -5.816401595635982
    endloop
  endfacet
  facet normal 0.2386785358561583 0.8043336663533925 -0.5441322538612006
    outer loop
      vertex 1.4693084483629002 19.792705098312485 -5.802167847800139
      vertex 1.3994694206832647 20 -5.526379764381781
      vertex 3.273658084255221 19.792705098312485 -5.010706716409046
    endloop
  endfacet
  facet normal 0.2386785358561583 0.8043336663533925 -0.5441322538612007
    outer loop
      vertex 3.273658084255221 19.792705098312485 -5.010706716409046
      vertex 1.3994694206832647 20 -5.526379764381781
      vertex 3.118054883433296 20 -4.772538287273739
    endloop
  endfacet
  facet normal 0.3964877765894562 0.16050006766919353 -0.9039010849054965
    outer loop
      vertex 1.4693084483629002 19.792705098312485 -5.802167847800139
      vertex 3.273658084255221 19.792705098312485 -5.010706716409046
      vertex 3.2816889487345593 19.70363952723962 -5.022998869575172
    endloop
  endfacet
  facet normal 0.08150877273950477 0.16050006766920252 -0.983664601500268
    outer loop
      vertex -0.4942635565791516 19.792705098312485 -5.964874062971827
      vertex 1.472912922844796 19.703639527239623 -5.816401595635982
      vertex -0.49547607283399614 19.703639527239627 -5.9795069580400195
    endloop
  endfacet
  facet normal 0.049066820430737706 0.804333666353393 -0.5921484613703951
    outer loop
      vertex -0.4942635565791516 19.792705098312485 -5.964874062971827
      vertex -0.47077026880324097 20 -5.681352243401822
      vertex 1.4693084483629002 19.792705098312485 -5.802167847800139
    endloop
  endfacet
  facet normal 0.0815087727395046 0.16050006766919697 -0.9836646015002689
    outer loop
      vertex -0.4942635565791516 19.792705098312485 -5.964874062971827
      vertex 1.4693084483629002 19.792705098312485 -5.802167847800139
      vertex 1.472912922844796 19.703639527239623 -5.816401595635982
    endloop
  endfacet
  facet normal 0.049066820430737616 0.8043336663533927 -0.5921484613703957
    outer loop
      vertex 1.4693084483629002 19.792705098312485 -5.802167847800139
      vertex -0.47077026880324097 20 -5.681352243401822
      vertex 1.3994694206832647 20 -5.526379764381781
    endloop
  endfacet
  facet normal -0.24230297137569318 0.1605000676691882 -0.9568327953935818
    outer loop
      vertex -2.4042744358765717 19.792705098312485 -5.481193618863203
      vertex -0.49547607283399614 19.703639527239627 -5.9795069580400195
      vertex -2.4101725479178158 19.70363952723962 -5.494639959930345
    endloop
  endfacet
  facet normal -0.145862046338517 0.8043336663533929 -0.5759961949600442
    outer loop
      vertex -2.4042744358765717 19.792705098312485 -5.481193618863203
      vertex -2.2899946949115537 20 -5.220662051586267
      vertex -0.4942635565791516 19.792705098312485 -5.964874062971827
    endloop
  endfacet
  facet normal -0.24230297137569196 0.16050006766920247 -0.9568327953935797
    outer loop
      vertex -2.4042744358765717 19.792705098312485 -5.481193618863203
      vertex -0.4942635565791516 19.792705098312485 -5.964874062971827
      vertex -0.49547607283399614 19.703639527239627 -5.9795069580400195
    endloop
  endfacet
  facet normal -0.1458620463385169 0.8043336663533931 -0.575996194960044
    outer loop
      vertex -0.4942635565791516 19.792705098312485 -5.964874062971827
      vertex -2.2899946949115537 20 -5.220662051586267
      vertex -0.47077026880324097 20 -5.681352243401822
    endloop
  endfacet
  facet normal -0.5398574288243547 0.1605000676691874 -0.8263133091154606
    outer loop
      vertex -2.4042744358765717 19.792705098312485 -5.481193618863203
      vertex -2.4101725479178158 19.70363952723962 -5.494639959930345
      vertex -4.053744873885108 19.792705098312485 -4.403540796668802
    endloop
  endfacet
  facet normal -0.539857428824356 0.16050006766917807 -0.8263133091154619
    outer loop
      vertex -4.053744873885108 19.792705098312485 -4.403540796668802
      vertex -2.4101725479178158 19.70363952723962 -5.494639959930345
      vertex -4.0636894297544455 19.703639527239616 -4.41434346403879
    endloop
  endfacet
  facet normal -0.32498449710414995 0.8043336663533927 -0.4974258033239448
    outer loop
      vertex -2.4042744358765717 19.792705098312485 -5.481193618863203
      vertex -4.053744873885108 19.792705098312485 -4.403540796668802
      vertex -3.8610626628974267 20 -4.194232119563177
    endloop
  endfacet
  facet normal -0.3249844971041498 0.8043336663533929 -0.49742580332394454
    outer loop
      vertex -2.4042744358765717 19.792705098312485 -5.481193618863203
      vertex -3.8610626628974267 20 -4.194232119563177
      vertex -2.2899946949115537 20 -5.220662051586267
    endloop
  endfacet
  facet normal -0.7789099571088045 0.16050006766917904 -0.6062499542226366
    outer loop
      vertex -5.263929154475629 19.792705098312485 -2.8486960011798
      vertex -4.053744873885108 19.792705098312485 -4.403540796668802
      vertex -4.0636894297544455 19.703639527239616 -4.41434346403879
    endloop
  endfacet
  facet normal -0.468889834954513 0.8043336663533929 -0.36495160754110734
    outer loop
      vertex -4.053744873885108 19.792705098312485 -4.403540796668802
      vertex -5.01372458079835 20 -2.713292057168634
      vertex -3.8610626628974267 20 -4.194232119563177
    endloop
  endfacet
  facet normal -0.7789099571088036 0.16050006766918543 -0.6062499542226363
    outer loop
      vertex -5.263929154475629 19.792705098312485 -2.8486960011798
      vertex -4.0636894297544455 19.703639527239616 -4.41434346403879
      vertex -5.276842507238934 19.703639527239616 -2.8556843582224425
    endloop
  endfacet
  facet normal -0.4688898349545132 0.8043336663533927 -0.3649516075411074
    outer loop
      vertex -5.263929154475629 19.792705098312485 -2.8486960011798
      vertex -5.01372458079835 20 -2.713292057168634
      vertex -4.053744873885108 19.792705098312485 -4.403540796668802
    endloop
  endfacet
  facet normal -0.9335555055072616 0.16050006766918706 -0.3204900098525191
    outer loop
      vertex -5.90368503290228 19.792705098312485 -0.9851507918902116
      vertex -5.276842507238934 19.703639527239616 -2.8556843582224425
      vertex -5.918167820416334 19.703639527239623 -0.9875675416844049
    endloop
  endfacet
  facet normal -0.9335555055072617 0.160500067669186 -0.3204900098525191
    outer loop
      vertex -5.263929154475629 19.792705098312485 -2.8486960011798
      vertex -5.276842507238934 19.703639527239616 -2.8556843582224425
      vertex -5.90368503290228 19.792705098312485 -0.9851507918902116
    endloop
  endfacet
  facet normal -0.5619836836121371 0.8043336663533925 -0.192929242273541
    outer loop
      vertex -5.263929154475629 19.792705098312485 -2.8486960011798
      vertex -5.623071644417306 20 -0.9383246993157801
      vertex -5.01372458079835 20 -2.713292057168634
    endloop
  endfacet
  facet normal -0.5619836836121359 0.8043336663533933 -0.19292924227354086
    outer loop
      vertex -5.263929154475629 19.792705098312485 -2.8486960011798
      vertex -5.90368503290228 19.792705098312485 -0.9851507918902116
      vertex -5.623071644417306 20 -0.9383246993157801
    endloop
  endfacet
  facet normal -0.6752656933069167 0.6392824040465759 0.3678780386475382
    outer loop
      vertex -4.339392364848651 -4.534880830678837 -4.063892907647894
      vertex -4.2806075608422445 -4.431495954473412 -4.135647043519687
      vertex -4.289200481889213 -4.437421123503306 -4.141123446769815
    endloop
  endfacet
  facet normal 0.6752656933069163 -0.6392824040465742 -0.3678780386475415
    outer loop
      vertex -4.229941802874389 -4.3100505273091 -4.097410593302454
      vertex -4.378214353004172 -4.498127573162687 -4.04274307432953
      vertex -4.328022470044735 -4.400667865987157 -4.11997361345145
    endloop
  endfacet
  facet normal -0.675265693306913 0.6392824040465769 0.36787803864754337
    outer loop
      vertex -4.191643200945474 -4.347135024410078 -4.118945524697326
      vertex -4.2806075608422445 -4.431495954473412 -4.135647043519687
      vertex -4.339392364848651 -4.534880830678837 -4.063892907647894
    endloop
  endfacet
  facet normal 0.1397892896715834 -0.3788024707948126 0.9148593567389796
    outer loop
      vertex -4.191643200945474 -4.347135024410078 -4.118945524697326
      vertex -4.327515247714149 -4.400060262444773 -4.120098438555789
      vertex -4.288015811020614 -4.400048243978681 -4.126128923495934
    endloop
  endfacet
  facet normal -0.6752656933069099 0.6392824040465697 0.3678780386475613
    outer loop
      vertex -4.191643200945474 -4.347135024410078 -4.118945524697326
      vertex -4.2781362385772335 -4.42705837119915 -4.138822198430684
      vertex -4.2806075608422445 -4.431495954473412 -4.135647043519687
    endloop
  endfacet
  facet normal 0.13978928967159168 -0.3788024707948267 0.9148593567389722
    outer loop
      vertex -4.191643200945474 -4.347135024410078 -4.118945524697326
      vertex -4.288015811020614 -4.400048243978681 -4.126128923495934
      vertex -4.2781362385772335 -4.42705837119915 -4.138822198430684
    endloop
  endfacet
  facet normal 0.6752656932506449 -0.6392824040369086 -0.36787803876762826
    outer loop
      vertex -4.229941802874389 -4.3100505273091 -4.097410593302454
      vertex -4.378215817414677 -4.498130416670653 -4.042740821032659
      vertex -4.378214353004172 -4.498127573162687 -4.04274307432953
    endloop
  endfacet
  facet normal 0.6752656933071708 -0.6392824040472646 -0.3678780386458748
    outer loop
      vertex -4.230465189100996 -4.310381766893929 -4.097795691378961
      vertex -4.229941802874389 -4.3100505273091 -4.097410593302454
      vertex -4.328022470044735 -4.400667865987157 -4.11997361345145
    endloop
  endfacet
  facet normal 0.6752656933069235 -0.639282404046591 -0.36787803864749963
    outer loop
      vertex -4.230465189100996 -4.310381766893929 -4.097795691378961
      vertex -4.328022470044735 -4.400667865987157 -4.11997361345145
      vertex -4.327515247714149 -4.400060262444773 -4.120098438555789
    endloop
  endfacet
  facet normal 0.13978928967159351 -0.37880247079483825 0.9148593567389673
    outer loop
      vertex -4.230465189100996 -4.310381766893929 -4.097795691378961
      vertex -4.327515247714149 -4.400060262444773 -4.120098438555789
      vertex -4.191643200945474 -4.347135024410078 -4.118945524697326
    endloop
  endfacet
  facet normal -0.42526028849486935 0.07006738059616098 -0.9023548355307092
    outer loop
      vertex -4.230465189100996 -4.310381766893929 -4.097795691378961
      vertex -4.339392364848651 -4.534880830678837 -4.063892907647894
      vertex -4.378214353004172 -4.498127573162687 -4.04274307432953
    endloop
  endfacet
  facet normal -0.4252602884948764 0.07006738059616488 -0.9023548355307056
    outer loop
      vertex -4.230465189100996 -4.310381766893929 -4.097795691378961
      vertex -4.191643200945474 -4.347135024410078 -4.118945524697326
      vertex -4.339392364848651 -4.534880830678837 -4.063892907647894
    endloop
  endfacet
  facet normal -0.6752656932473734 0.6392824040371808 0.36787803877315983
    outer loop
      vertex -4.230465189100996 -4.310381766893929 -4.097795691378961
      vertex -4.378214353004172 -4.498127573162687 -4.04274307432953
      vertex -4.378215817414677 -4.498130416670653 -4.042740821032659
    endloop
  endfacet
  facet normal -0.675265693307341 0.6392824040466454 0.36787803864663876
    outer loop
      vertex -4.230465189100996 -4.310381766893929 -4.097795691378961
      vertex -4.378215817414677 -4.498130416670653 -4.042740821032659
      vertex -4.229941802874389 -4.3100505273091 -4.097410593302454
    endloop
  endfacet
  facet normal -0.606891680994398 -0.3814564952070564 0.6972613783970418
    outer loop
      vertex -4.2672667458965545 4.09571126371107 -4.443205836702713
      vertex -4.289296354013076 4.14115039160011 -4.437521505559281
      vertex -4.345022830708347 4.0674479735576865 -4.526346447125124
    endloop
  endfacet
  facet normal 0.6068916879083314 0.3814564811005963 -0.6972613800965366
    outer loop
      vertex -4.220004286055372 4.1038089742784125 -4.3218353406178025
      vertex -4.37710001306255 4.047286126128758 -4.489492837528729
      vertex -4.377099994256549 4.047286151001094 -4.489492807552999
    endloop
  endfacet
  facet normal 0.6068916809943978 0.3814564952070543 -0.6972613783970432
    outer loop
      vertex -4.220004286055372 4.1038089742784125 -4.3218353406178025
      vertex -4.377099994256549 4.047286151001094 -4.489492807552999
      vertex -4.321373517561279 4.120988569043517 -4.400667865987157
    endloop
  endfacet
  facet normal -0.606891680994429 -0.38145649520706726 0.697261378397009
    outer loop
      vertex -4.2672667458965545 4.09571126371107 -4.443205836702713
      vertex -4.282017697616331 4.133835299755303 -4.43518813851907
      vertex -4.289296354013076 4.14115039160011 -4.437521505559281
    endloop
  endfacet
  facet normal 0.13979567190838274 -0.9148518410837227 -0.3788182664304965
    outer loop
      vertex -4.188512757961103 4.1243372782171175 -4.358998219433903
      vertex -4.320607466708542 4.1211043742732425 -4.399937745887902
      vertex -4.288059521292916 4.126072764536934 -4.399925283662417
    endloop
  endfacet
  facet normal 0.1397956719083864 -0.9148518410837186 -0.37881826643050526
    outer loop
      vertex -4.188512757961103 4.1243372782171175 -4.358998219433903
      vertex -4.288059521292916 4.126072764536934 -4.399925283662417
      vertex -4.277665347028652 4.139427199904669 -4.42834067479186
    endloop
  endfacet
  facet normal -0.6068916809943927 -0.3814564952070606 0.697261378397044
    outer loop
      vertex -4.2672667458965545 4.09571126371107 -4.443205836702713
      vertex -4.188512757961103 4.1243372782171175 -4.358998219433903
      vertex -4.282017697616331 4.133835299755303 -4.43518813851907
    endloop
  endfacet
  facet normal -0.6068916809944007 -0.3814564952070209 0.6972613783970588
    outer loop
      vertex -4.188512757961103 4.1243372782171175 -4.358998219433903
      vertex -4.277665347028652 4.139427199904669 -4.42834067479186
      vertex -4.282017697616331 4.133835299755303 -4.43518813851907
    endloop
  endfacet
  facet normal 0.6068916809946729 0.3814564952052645 -0.6972613783977827
    outer loop
      vertex -4.220589921509306 4.104175455660524 -4.322144579861779
      vertex -4.321373517561279 4.120988569043517 -4.400667865987157
      vertex -4.320607466708542 4.1211043742732425 -4.399937745887902
    endloop
  endfacet
  facet normal 0.6068916809945811 0.3814564952058539 -0.6972613783975403
    outer loop
      vertex -4.220004286055372 4.1038089742784125 -4.3218353406178025
      vertex -4.321373517561279 4.120988569043517 -4.400667865987157
      vertex -4.220589921509306 4.104175455660524 -4.322144579861779
    endloop
  endfacet
  facet normal 0.1397956719083847 -0.9148518410837198 -0.37881826643050315
    outer loop
      vertex -4.220589921509306 4.104175455660524 -4.322144579861779
      vertex -4.320607466708542 4.1211043742732425 -4.399937745887902
      vertex -4.188512757961103 4.1243372782171175 -4.358998219433903
    endloop
  endfacet
  facet normal -0.6068916882996993 -0.38145648071909827 0.6972613799646018
    outer loop
      vertex -4.220589921509306 4.104175455660524 -4.322144579861779
      vertex -4.377099994256549 4.047286151001094 -4.489492807552999
      vertex -4.37710001306255 4.047286126128758 -4.489492837528729
    endloop
  endfacet
  facet normal -0.4384088949523476 0.892426884856569 0.1066390923248207
    outer loop
      vertex -4.220589921509306 4.104175455660524 -4.322144579861779
      vertex -4.345022830708347 4.0674479735576865 -4.526346447125124
      vertex -4.377099994256549 4.047286151001094 -4.489492807552999
    endloop
  endfacet
  facet normal -0.4384088949523566 0.8924268848565639 0.10663909232482713
    outer loop
      vertex -4.220589921509306 4.104175455660524 -4.322144579861779
      vertex -4.2672667458965545 4.09571126371107 -4.443205836702713
      vertex -4.345022830708347 4.0674479735576865 -4.526346447125124
    endloop
  endfacet
  facet normal -0.6068916809947105 -0.38145649520641384 0.6972613783971217
    outer loop
      vertex -4.220004286055372 4.1038089742784125 -4.3218353406178025
      vertex -4.220589921509306 4.104175455660524 -4.322144579861779
      vertex -4.37710001306255 4.047286126128758 -4.489492837528729
    endloop
  endfacet
  facet normal -0.43840889495236096 0.8924268848565614 0.10663909232482899
    outer loop
      vertex -4.2672667458965545 4.09571126371107 -4.443205836702713
      vertex -4.220589921509306 4.104175455660524 -4.322144579861779
      vertex -4.188512757961103 4.1243372782171175 -4.358998219433903
    endloop
  endfacet
  facet normal -0.6068916809943646 0.3814564952070733 0.6972613783970616
    outer loop
      vertex -4.289270201612682 -4.141166829464243 -4.4375515522040425
      vertex -4.282013187213488 -4.133841094720992 -4.43524284471267
      vertex -4.344996678307955 -4.067464411421818 -4.5263764937698845
    endloop
  endfacet
  facet normal 0.6068916809943737 -0.3814564952070619 -0.6972613783970598
    outer loop
      vertex -4.321373517561279 -4.120988569043517 -4.400667865987157
      vertex -4.377099994256553 -4.0472861510010905 -4.489492807553001
      vertex -4.220646937543783 -4.1039194419106755 -4.322334265779931
    endloop
  endfacet
  facet normal -0.6068916809943758 0.38145649520705954 0.6972613783970594
    outer loop
      vertex -4.188486605560713 -4.1243537160812584 -4.359028266078668
      vertex -4.344996678307955 -4.067464411421818 -4.5263764937698845
      vertex -4.282013187213488 -4.133841094720992 -4.43524284471267
    endloop
  endfacet
  facet normal 0.13979567190843373 0.9148518410837267 -0.3788182664304678
    outer loop
      vertex -4.220589921509308 -4.104175455660532 -4.322144579861782
      vertex -4.2776509979557 -4.139445635593976 -4.428379902007986
      vertex -4.288059521292915 -4.126072764536934 -4.399925283662416
    endloop
  endfacet
  facet normal -0.6068916809943744 0.38145649520706804 0.6972613783970563
    outer loop
      vertex -4.188486605560713 -4.1243537160812584 -4.359028266078668
      vertex -4.282013187213488 -4.133841094720992 -4.43524284471267
      vertex -4.2776509979557 -4.139445635593976 -4.428379902007986
    endloop
  endfacet
  facet normal 0.6068916809946638 -0.38145649520516506 -0.6972613783978452
    outer loop
      vertex -4.220646937543783 -4.1039194419106755 -4.322334265779931
      vertex -4.320607466708546 -4.121104374273242 -4.3999377458879065
      vertex -4.321373517561279 -4.120988569043517 -4.400667865987157
    endloop
  endfacet
  facet normal 0.13979567190844652 0.914851841083721 -0.3788182664304773
    outer loop
      vertex -4.220589921509308 -4.104175455660532 -4.322144579861782
      vertex -4.288059521292915 -4.126072764536934 -4.399925283662416
      vertex -4.320607466708546 -4.121104374273242 -4.3999377458879065
    endloop
  endfacet
  facet normal 0.606891680994579 -0.3814564952057245 -0.697261378397613
    outer loop
      vertex -4.220646937543783 -4.1039194419106755 -4.322334265779931
      vertex -4.220589921509308 -4.104175455660532 -4.322144579861782
      vertex -4.320607466708546 -4.121104374273242 -4.3999377458879065
    endloop
  endfacet
  facet normal 0.13979567190843065 0.9148518410837279 -0.3788182664304665
    outer loop
      vertex -4.220589921509308 -4.104175455660532 -4.322144579861782
      vertex -4.188486605560713 -4.1243537160812584 -4.359028266078668
      vertex -4.2776509979557 -4.139445635593976 -4.428379902007986
    endloop
  endfacet
  facet normal -0.4384088949523893 -0.8924268848565502 0.10663909232480712
    outer loop
      vertex -4.188486605560713 -4.1243537160812584 -4.359028266078668
      vertex -4.377099994256553 -4.0472861510010905 -4.489492807553001
      vertex -4.344996678307955 -4.067464411421818 -4.5263764937698845
    endloop
  endfacet
  facet normal -0.6068916809952255 0.38145649520532543 0.6972613783972688
    outer loop
      vertex -4.220646937543783 -4.1039194419106755 -4.322334265779931
      vertex -4.377099994256553 -4.0472861510010905 -4.489492807553001
      vertex -4.220589921509308 -4.104175455660532 -4.322144579861782
    endloop
  endfacet
  facet normal -0.43840889495239105 -0.8924268848565489 0.10663909232481013
    outer loop
      vertex -4.220589921509308 -4.104175455660532 -4.322144579861782
      vertex -4.377099994256553 -4.0472861510010905 -4.489492807553001
      vertex -4.188486605560713 -4.1243537160812584 -4.359028266078668
    endloop
  endfacet
  facet normal 0.13979703778468375 0.37881276231493627 0.9148539114710913
    outer loop
      vertex -4.216631894356133 4.317713176360348 -4.102944098057451
      vertex -4.288015874377337 4.400049163487725 -4.126128842095214
      vertex -4.318612127516969 4.400059055875205 -4.121457584597137
    endloop
  endfacet
  facet normal 0.13979703778468913 0.37881276231493555 0.9148539114710907
    outer loop
      vertex -4.216631894356133 4.317713176360348 -4.102944098057451
      vertex -4.184881417149317 4.352687487093149 -4.122277608794783
      vertex -4.277873757781144 4.427775921784175 -4.139159433764393
    endloop
  endfacet
  facet normal 0.6220706869501409 0.6852335907094104 -0.37879148168995025
    outer loop
      vertex -4.319199260468491 4.400667865987157 -4.121320467098196
      vertex -4.373615899124475 4.493091504480662 -4.043491932650799
      vertex -4.318612127516969 4.400059055875205 -4.121457584597137
    endloop
  endfacet
  facet normal 0.6220706869501901 0.6852335907093952 -0.3787914816898972
    outer loop
      vertex -4.216631894356133 4.317713176360348 -4.102944098057451
      vertex -4.318612127516969 4.400059055875205 -4.121457584597137
      vertex -4.373615899124475 4.493091504480662 -4.043491932650799
    endloop
  endfacet
  facet normal -0.6220706869496141 -0.6852335907092755 0.3787914816910598
    outer loop
      vertex -4.289984649361411 4.470373732466901 -4.081989140417362
      vertex -4.290220257766418 4.470690186553879 -4.081803603277911
      vertex -4.342417601904328 4.529003662253115 -4.062035696719186
    endloop
  endfacet
  facet normal -0.6220706869497381 -0.6852335907093035 0.37879148169080534
    outer loop
      vertex -4.289984649361411 4.470373732466901 -4.081989140417362
      vertex -4.342417601904328 4.529003662253115 -4.062035696719186
      vertex -4.3418654219176585 4.528065815213462 -4.062825443388131
    endloop
  endfacet
  facet normal -0.6220706869501897 -0.685233590709401 0.3787914816898871
    outer loop
      vertex -4.289984649361411 4.470373732466901 -4.081989140417362
      vertex -4.3418654219176585 4.528065815213462 -4.062825443388131
      vertex -4.312726975063838 4.478575781562083 -4.104500244895863
    endloop
  endfacet
  facet normal 0.1397970377846729 0.3788127623149282 0.9148539114710962
    outer loop
      vertex -4.216631894356133 4.317713176360348 -4.102944098057451
      vertex -4.277873757781144 4.427775921784175 -4.139159433764393
      vertex -4.288015874377337 4.400049163487725 -4.126128842095214
    endloop
  endfacet
  facet normal -0.6220706869502165 -0.685233590709386 0.3787914816898703
    outer loop
      vertex -4.281245185977037 4.433231060099659 -4.134827822729757
      vertex -4.312726975063838 4.478575781562083 -4.104500244895863
      vertex -4.287448783261675 4.435642176719958 -4.1406539778355285
    endloop
  endfacet
  facet normal -0.6220706869502092 -0.6852335907094403 0.37879148168978377
    outer loop
      vertex -4.184881417149317 4.352687487093149 -4.122277608794783
      vertex -4.281245185977037 4.433231060099659 -4.134827822729757
      vertex -4.277873757781144 4.427775921784175 -4.139159433764393
    endloop
  endfacet
  facet normal -0.6220706869501869 -0.6852335907093952 0.3787914816899025
    outer loop
      vertex -4.184881417149317 4.352687487093149 -4.122277608794783
      vertex -4.289984649361411 4.470373732466901 -4.081989140417362
      vertex -4.281245185977037 4.433231060099659 -4.134827822729757
    endloop
  endfacet
  facet normal -0.6220706869501959 -0.6852335907093898 0.3787914816898973
    outer loop
      vertex -4.289984649361411 4.470373732466901 -4.081989140417362
      vertex -4.312726975063838 4.478575781562083 -4.104500244895863
      vertex -4.281245185977037 4.433231060099659 -4.134827822729757
    endloop
  endfacet
  facet normal 0.622070686949619 0.6852335907092748 -0.37879148169105264
    outer loop
      vertex -4.289984649361411 4.470373732466901 -4.081989140417362
      vertex -4.3418654219176585 4.528065815213462 -4.062825443388131
      vertex -4.290220257766418 4.470690186553879 -4.081803603277911
    endloop
  endfacet
  facet normal -0.44145284779136973 -0.09260196444777762 -0.8924932825278308
    outer loop
      vertex -4.184881417149317 4.352687487093149 -4.122277608794783
      vertex -4.373615899124475 4.493091504480662 -4.043491932650799
      vertex -4.3418654219176585 4.528065815213462 -4.062825443388131
    endloop
  endfacet
  facet normal 0.6220706869497376 0.6852335907093005 -0.37879148169081167
    outer loop
      vertex -4.290220257766418 4.470690186553879 -4.081803603277911
      vertex -4.3418654219176585 4.528065815213462 -4.062825443388131
      vertex -4.342417601904328 4.529003662253115 -4.062035696719186
    endloop
  endfacet
  facet normal -0.4414528477913719 -0.0926019644477813 -0.8924932825278293
    outer loop
      vertex -4.216631894356133 4.317713176360348 -4.102944098057451
      vertex -4.373615899124475 4.493091504480662 -4.043491932650799
      vertex -4.184881417149317 4.352687487093149 -4.122277608794783
    endloop
  endfacet
  facet normal 0.6220706869498773 0.6852335907093335 -0.37879148169052257
    outer loop
      vertex -4.184881417149317 4.352687487093149 -4.122277608794783
      vertex -4.3418654219176585 4.528065815213462 -4.062825443388131
      vertex -4.289984649361411 4.470373732466901 -4.081989140417362
    endloop
  endfacet
  facet normal 0.6468990218384199 0.26351170424413745 -0.7155999142473718
    outer loop
      vertex -4.315902325145605 -4.5645250418751475 4.0871895570179255
      vertex -4.320128308150574 -4.560447529732179 4.084870786339906
      vertex -4.306789873023384 -4.54665393439429 4.102008008141663
    endloop
  endfacet
  facet normal -0.6693444194213899 0.645828436794394 -0.3672651336802231
    outer loop
      vertex -4.315902325145605 -4.5645250418751475 4.0871895570179255
      vertex -4.306789873023384 -4.54665393439429 4.102008008141663
      vertex -4.305266907360926 -4.543962788452964 4.10396471446479
    endloop
  endfacet
  facet normal 0.6693444194217685 -0.6458284367942294 0.3672651336798222
    outer loop
      vertex -4.299905449858615 -4.430935649382079 4.150463439698288
      vertex -4.350500170157292 -4.530188656625884 4.06813838877846
      vertex -4.299034936357337 -4.430008847345286 4.150506682998757
    endloop
  endfacet
  facet normal -0.6693444194213996 0.6458284367943903 -0.3672651336802116
    outer loop
      vertex -4.315902325145605 -4.5645250418751475 4.0871895570179255
      vertex -4.305266907360926 -4.543962788452964 4.10396471446479
      vertex -4.163283506313367 -4.372391862819868 4.146902592616505
    endloop
  endfacet
  facet normal -0.6693444194213803 0.6458284367943854 -0.3672651336802553
    outer loop
      vertex -4.163283506313367 -4.372391862819868 4.146902592616505
      vertex -4.305266907360926 -4.543962788452964 4.10396471446479
      vertex -4.258020275618598 -4.460475954580718 4.164667188168297
    endloop
  endfacet
  facet normal -0.669344419421435 0.645828436794367 -0.36726513368018787
    outer loop
      vertex -4.305266907360926 -4.543962788452964 4.10396471446479
      vertex -4.264878577177726 -4.464731927909137 4.169682467607221
      vertex -4.258020275618598 -4.460475954580718 4.164667188168297
    endloop
  endfacet
  facet normal 0.6693444194213811 -0.6458284367943853 0.36726513368025393
    outer loop
      vertex -4.1983103789942575 -4.338595584292812 4.127683564707571
      vertex -4.299034936357337 -4.430008847345286 4.150506682998757
      vertex -4.350500170157292 -4.530188656625884 4.06813838877846
    endloop
  endfacet
  facet normal -0.6693444194214047 0.6458284367944404 -0.3672651336801147
    outer loop
      vertex -4.163283506313367 -4.372391862819868 4.146902592616505
      vertex -4.258020275618598 -4.460475954580718 4.164667188168297
      vertex -4.25557103701399 -4.4561480444428785 4.167813969991829
    endloop
  endfacet
  facet normal 0.13654796022278148 -0.3789737549718804 -0.915277852677268
    outer loop
      vertex -4.1983103789942575 -4.338595584292812 4.127683564707571
      vertex -4.25557103701399 -4.4561480444428785 4.167813969991829
      vertex -4.2651075592143055 -4.429992483409482 4.15556144601838
    endloop
  endfacet
  facet normal 0.13654796022280744 -0.3789737549718964 -0.9152778526772577
    outer loop
      vertex -4.1983103789942575 -4.338595584292812 4.127683564707571
      vertex -4.2651075592143055 -4.429992483409482 4.15556144601838
      vertex -4.299034936357337 -4.430008847345286 4.150506682998757
    endloop
  endfacet
  facet normal 0.13654796022280447 -0.37897375497188923 -0.9152778526772609
    outer loop
      vertex -4.1983103789942575 -4.338595584292812 4.127683564707571
      vertex -4.163283506313367 -4.372391862819868 4.146902592616505
      vertex -4.25557103701399 -4.4561480444428785 4.167813969991829
    endloop
  endfacet
  facet normal -0.4321330597367566 0.06368646558978064 0.8995582542466221
    outer loop
      vertex -4.315902325145605 -4.5645250418751475 4.0871895570179255
      vertex -4.1983103789942575 -4.338595584292812 4.127683564707571
      vertex -4.320128308150574 -4.560447529732179 4.084870786339906
    endloop
  endfacet
  facet normal -0.4321330597364613 0.06368646558958542 0.8995582542467778
    outer loop
      vertex -4.1983103789942575 -4.338595584292812 4.127683564707571
      vertex -4.320220068212872 -4.559404932040034 4.084752893009456
      vertex -4.320128308150574 -4.560447529732179 4.084870786339906
    endloop
  endfacet
  facet normal -0.4321330597367417 0.06368646558977203 0.89955825424663
    outer loop
      vertex -4.1983103789942575 -4.338595584292812 4.127683564707571
      vertex -4.350500170157292 -4.530188656625884 4.06813838877846
      vertex -4.320220068212872 -4.559404932040034 4.084752893009456
    endloop
  endfacet
  facet normal -0.432133059736743 0.06368646558977231 0.8995582542466293
    outer loop
      vertex -4.315902325145605 -4.5645250418751475 4.0871895570179255
      vertex -4.163283506313367 -4.372391862819868 4.146902592616505
      vertex -4.1983103789942575 -4.338595584292812 4.127683564707571
    endloop
  endfacet
  facet normal 0.6346329855725628 0.6759685414724937 0.37457643353901043
    outer loop
      vertex -4.295459658034602 4.465715979585062 4.0897749513249995
      vertex -4.348166017947361 4.52664593243953 4.069118187791261
      vertex -4.294692414205666 4.430935649382079 4.151240352711563
    endloop
  endfacet
  facet normal 0.6346329855725625 0.6759685414724924 0.3745764335390132
    outer loop
      vertex -4.190039213319818 4.343847143698828 4.131091505943821
      vertex -4.29459447891328 4.46498315604144 4.089631574587778
      vertex -4.293736250055195 4.430007013699419 4.151296189642515
    endloop
  endfacet
  facet normal 0.634632985572591 0.6759685414724724 0.37457643353900144
    outer loop
      vertex -4.29459447891328 4.46498315604144 4.089631574587778
      vertex -4.294692414205666 4.430935649382079 4.151240352711563
      vertex -4.293736250055195 4.430007013699419 4.151296189642515
    endloop
  endfacet
  facet normal 0.6346329855716075 0.6759685414723252 0.374576433540933
    outer loop
      vertex -4.190039213319818 4.343847143698828 4.131091505943821
      vertex -4.189543936739081 4.343435627929873 4.130995004568543
      vertex -4.29459447891328 4.46498315604144 4.089631574587778
    endloop
  endfacet
  facet normal 0.6346329855734719 0.6759685414726541 0.3745764335371808
    outer loop
      vertex -4.189543936739081 4.343435627929873 4.130995004568543
      vertex -4.268306586562699 4.434648381549916 4.099835605914471
      vertex -4.29459447891328 4.46498315604144 4.089631574587778
    endloop
  endfacet
  facet normal 0.13655283225691567 0.37898094268958055 -0.9152741496845257
    outer loop
      vertex -4.159291107023355 4.376597966676473 4.149239815685736
      vertex -4.293736250055195 4.430007013699419 4.151296189642515
      vertex -4.265107543320483 4.429992676842311 4.155561466438764
    endloop
  endfacet
  facet normal 0.13655283225688228 0.3789809426895181 -0.9152741496845566
    outer loop
      vertex -4.159291107023355 4.376597966676473 4.149239815685736
      vertex -4.265107543320483 4.429992676842311 4.155561466438764
      vertex -4.255445766927108 4.456491021078789 4.167974917002746
    endloop
  endfacet
  facet normal -0.6346329855725521 -0.6759685414724719 -0.3745764335390681
    outer loop
      vertex -4.159741208318608 4.3771182957362855 4.1490634112435085
      vertex -4.255445766927108 4.456491021078789 4.167974917002746
      vertex -4.258352226405715 4.46128900408062 4.164240697788291
    endloop
  endfacet
  facet normal 0.6346329855724476 0.6759685414725753 0.3745764335390581
    outer loop
      vertex -4.29459447891328 4.46498315604144 4.089631574587778
      vertex -4.295459658034602 4.465715979585062 4.0897749513249995
      vertex -4.294692414205666 4.430935649382079 4.151240352711563
    endloop
  endfacet
  facet normal -0.6346329855726143 -0.6759685414725036 -0.37457643353890535
    outer loop
      vertex -4.317926048417059 4.560306249266815 4.086486125753593
      vertex -4.159741208318608 4.3771182957362855 4.1490634112435085
      vertex -4.3130879650455896 4.5516467556748825 4.093916219346108
    endloop
  endfacet
  facet normal -0.6346329855725618 -0.6759685414724922 -0.3745764335390152
    outer loop
      vertex -4.159741208318608 4.3771182957362855 4.1490634112435085
      vertex -4.258352226405715 4.46128900408062 4.164240697788291
      vertex -4.3130879650455896 4.5516467556748825 4.093916219346108
    endloop
  endfacet
  facet normal -0.6346329855725436 -0.6759685414724975 -0.3745764335390363
    outer loop
      vertex -4.3130879650455896 4.5516467556748825 4.093916219346108
      vertex -4.258352226405715 4.46128900408062 4.164240697788291
      vertex -4.2639443079092025 4.463686472359724 4.169388662453478
    endloop
  endfacet
  facet normal 0.6668941634996338 -0.2341077312937798 -0.7074219001689183
    outer loop
      vertex -4.317871875390786 4.559921549565639 4.0870885793152745
      vertex -4.315147537300055 4.555046697336102 4.091270080859475
      vertex -4.318852722881026 4.558876816527084 4.086509658327724
    endloop
  endfacet
  facet normal -0.6346329855733402 -0.6759685414722488 -0.3745764335381355
    outer loop
      vertex -4.317926048417059 4.560306249266815 4.086486125753593
      vertex -4.3130879650455896 4.5516467556748825 4.093916219346108
      vertex -4.31764682474316 4.559661385035734 4.087176781536389
    endloop
  endfacet
  facet normal -0.6346329855707026 -0.6759685414731456 -0.3745764335409861
    outer loop
      vertex -4.31764682474316 4.559661385035734 4.087176781536389
      vertex -4.3130879650455896 4.5516467556748825 4.093916219346108
      vertex -4.315147537300055 4.555046697336102 4.091270080859475
    endloop
  endfacet
  facet normal -0.6346329855712048 -0.6759685414729598 -0.3745764335404703
    outer loop
      vertex -4.317871875390786 4.559921549565639 4.0870885793152745
      vertex -4.31764682474316 4.559661385035734 4.087176781536389
      vertex -4.315147537300055 4.555046697336102 4.091270080859475
    endloop
  endfacet
  facet normal -0.6346329855724303 -0.6759685414724772 -0.3745764335392653
    outer loop
      vertex -4.317926048417059 4.560306249266815 4.086486125753593
      vertex -4.15875491001673 4.376300182929149 4.148868740921361
      vertex -4.159741208318608 4.3771182957362855 4.1490634112435085
    endloop
  endfacet
  facet normal 0.13655283225689313 0.3789809426895249 -0.915274149684552
    outer loop
      vertex -4.190039213319818 4.343847143698828 4.131091505943821
      vertex -4.293736250055195 4.430007013699419 4.151296189642515
      vertex -4.159291107023355 4.376597966676473 4.149239815685736
    endloop
  endfacet
  facet normal -0.6346329855723916 -0.6759685414720176 -0.3745764335401602
    outer loop
      vertex -4.159741208318608 4.3771182957362855 4.1490634112435085
      vertex -4.159291107023355 4.376597966676473 4.149239815685736
      vertex -4.255445766927108 4.456491021078789 4.167974917002746
    endloop
  endfacet
  facet normal -0.6346329855716091 -0.6759685414723294 -0.3745764335409229
    outer loop
      vertex -4.190039213319818 4.343847143698828 4.131091505943821
      vertex -4.268306586562699 4.434648381549916 4.099835605914471
      vertex -4.189543936739081 4.343435627929873 4.130995004568543
    endloop
  endfacet
  facet normal -0.44230594874891155 -0.07975421347410162 0.8933110953830432
    outer loop
      vertex -4.295459658034602 4.465715979585062 4.0897749513249995
      vertex -4.318982331191499 4.5577304405247085 4.086343137567025
      vertex -4.348166017947361 4.52664593243953 4.069118187791261
    endloop
  endfacet
  facet normal -0.6346329855725734 -0.6759685414724961 -0.37457643353898834
    outer loop
      vertex -4.190039213319818 4.343847143698828 4.131091505943821
      vertex -4.295459658034602 4.465715979585062 4.0897749513249995
      vertex -4.268306586562699 4.434648381549916 4.099835605914471
    endloop
  endfacet
  facet normal -0.6346329855723997 -0.6759685414724587 -0.37457643353934994
    outer loop
      vertex -4.268306586562699 4.434648381549916 4.099835605914471
      vertex -4.295459658034602 4.465715979585062 4.0897749513249995
      vertex -4.29459447891328 4.46498315604144 4.089631574587778
    endloop
  endfacet
  facet normal -0.4423059487489061 -0.07975421347410012 0.893311095383046
    outer loop
      vertex -4.295459658034602 4.465715979585062 4.0897749513249995
      vertex -4.159291107023355 4.376597966676473 4.149239815685736
      vertex -4.318982331191499 4.5577304405247085 4.086343137567025
    endloop
  endfacet
  facet normal -0.4423059487490307 -0.07975421347423421 0.8933110953829725
    outer loop
      vertex -4.31764682474316 4.559661385035734 4.087176781536389
      vertex -4.318852722881026 4.558876816527084 4.086509658327724
      vertex -4.159741208318608 4.3771182957362855 4.1490634112435085
    endloop
  endfacet
  facet normal -0.4423059487488001 -0.0797542134739863 0.8933110953831087
    outer loop
      vertex -4.159741208318608 4.3771182957362855 4.1490634112435085
      vertex -4.318852722881026 4.558876816527084 4.086509658327724
      vertex -4.318982331191499 4.5577304405247085 4.086343137567025
    endloop
  endfacet
  facet normal 0.6346329855727467 0.6759685414725283 0.37457643353863646
    outer loop
      vertex -4.317926048417059 4.560306249266815 4.086486125753593
      vertex -4.31764682474316 4.559661385035734 4.087176781536389
      vertex -4.15875491001673 4.376300182929149 4.148868740921361
    endloop
  endfacet
  facet normal -0.4423059487498246 -0.07975421347278934 0.8933110953827085
    outer loop
      vertex -4.317871875390786 4.559921549565639 4.0870885793152745
      vertex -4.318852722881026 4.558876816527084 4.086509658327724
      vertex -4.31764682474316 4.559661385035734 4.087176781536389
    endloop
  endfacet
  facet normal -0.4423059487489117 -0.07975421347411114 0.8933110953830423
    outer loop
      vertex -4.190039213319818 4.343847143698828 4.131091505943821
      vertex -4.159291107023355 4.376597966676473 4.149239815685736
      vertex -4.295459658034602 4.465715979585062 4.0897749513249995
    endloop
  endfacet
  facet normal -0.4423059487390176 -0.07975421346335093 0.8933110953889019
    outer loop
      vertex -4.159741208318608 4.3771182957362855 4.1490634112435085
      vertex -4.318982331191499 4.5577304405247085 4.086343137567025
      vertex -4.159291107023355 4.376597966676473 4.149239815685736
    endloop
  endfacet
  facet normal 0.6346329855724352 0.6759685414724634 0.3745764335392812
    outer loop
      vertex -4.31764682474316 4.559661385035734 4.087176781536389
      vertex -4.159741208318608 4.3771182957362855 4.1490634112435085
      vertex -4.15875491001673 4.376300182929149 4.148868740921361
    endloop
  endfacet
  facet normal 0.7320181274451065 0.5142747320557207 0.4468455673504846
    outer loop
      vertex -4.047116212053011 -4.405563025273117 -4.396359815237311
      vertex -4.1127783936854865 -4.351273961890835 -4.351273961890835
      vertex -4.047116396485866 -4.4055812251829565 -4.396338566818073
    endloop
  endfacet
  facet normal 0.7320181274453716 0.5142747320708594 0.4468455673326272
    outer loop
      vertex -4.047116396485866 -4.4055812251829565 -4.396338566818073
      vertex -4.1127783936854865 -4.351273961890835 -4.351273961890835
      vertex -4.047116616910349 -4.405651928703616 -4.396256833012187
    endloop
  endfacet
  facet normal 0.7317659202515499 0.5129600412670917 0.44876567830179015
    outer loop
      vertex -4.046999522475694 -4.390008346903237 -4.41432981228556
      vertex -4.140866413500869 -4.31518647329428 -4.3467935411679735
      vertex -4.047116212053011 -4.405563025273117 -4.396359815237311
    endloop
  endfacet
  facet normal 0.7317659202515554 0.5129600412668764 0.44876567830202757
    outer loop
      vertex -4.046999522475694 -4.390008346903237 -4.41432981228556
      vertex -4.141328614981207 -4.314592636820201 -4.346718649279006
      vertex -4.140866413500869 -4.31518647329428 -4.3467935411679735
    endloop
  endfacet
  facet normal 0.007734590751625181 -0.6621282357610894 0.7493506358933795
    outer loop
      vertex -4.046999522475694 -4.390008346903237 -4.41432981228556
      vertex -4.12463056322379 -4.210040950253304 -4.254508850733476
      vertex -4.141328614981207 -4.314592636820201 -4.346718649279006
    endloop
  endfacet
  facet normal 0.7320181274453744 0.5142747320710181 0.4468455673324398
    outer loop
      vertex -4.047116616910349 -4.405651928703616 -4.396256833012187
      vertex -4.1127783936854865 -4.351273961890835 -4.351273961890835
      vertex -4.122665318307735 -4.34823812642686 -4.338571240876481
    endloop
  endfacet
  facet normal 0.7320181274453698 0.514274732071019 0.4468455673324465
    outer loop
      vertex -4.047116212053011 -4.405563025273117 -4.396359815237311
      vertex -4.140866413500869 -4.31518647329428 -4.3467935411679735
      vertex -4.1127783936854865 -4.351273961890835 -4.351273961890835
    endloop
  endfacet
  facet normal 0.007734590751490201 -0.6621282357610776 0.7493506358933911
    outer loop
      vertex -4.12463056322379 -4.210040950253304 -4.254508850733476
      vertex -4.142169814582923 -4.313511863549822 -4.345754992482248
      vertex -4.141328614981207 -4.314592636820201 -4.346718649279006
    endloop
  endfacet
  facet normal 0.9922529846081802 -0.08783981464634008 -0.08785318149648955
    outer loop
      vertex -4.124903922170605 -4.209926450874539 -4.254315961001012
      vertex -4.13984411657025 -4.316499920417591 -4.316499920417591
      vertex -4.142169814582923 -4.313511863549822 -4.345754992482248
    endloop
  endfacet
  facet normal 0.9922529846081737 -0.08783981464622623 -0.08785318149667626
    outer loop
      vertex -4.124903506677726 -4.209973400213252 -4.2542643260438835
      vertex -4.140117180112104 -4.319935376503161 -4.316149088371844
      vertex -4.13984411657025 -4.316499920417591 -4.316499920417591
    endloop
  endfacet
  facet normal 0.9922529787513698 -0.08783972766303355 -0.0878533346158122
    outer loop
      vertex -4.124673559451862 -4.235956152074099 -4.225688476553485
      vertex -4.140549506680856 -4.3253745525234 -4.315593635184956
      vertex -4.140117180112104 -4.319935376503161 -4.316149088371844
    endloop
  endfacet
  facet normal 0.9922529787513699 -0.08783972766301319 -0.08785333461583121
    outer loop
      vertex -4.124673559451862 -4.235956152074099 -4.225688476553485
      vertex -4.140117180112104 -4.319935376503161 -4.316149088371844
      vertex -4.124903506677726 -4.209973400213252 -4.2542643260438835
    endloop
  endfacet
  facet normal 0.9922529846080853 -0.08783981463815596 -0.08785318150574292
    outer loop
      vertex -4.124904263770631 -4.209881302606806 -4.25436496058236
      vertex -4.124903922170605 -4.209926450874539 -4.254315961001012
      vertex -4.142169814582923 -4.313511863549822 -4.345754992482248
    endloop
  endfacet
  facet normal 0.992252984608369 -0.08783981464938907 -0.08785318149130944
    outer loop
      vertex -4.124903506677726 -4.209973400213252 -4.2542643260438835
      vertex -4.13984411657025 -4.316499920417591 -4.316499920417591
      vertex -4.124903922170605 -4.209926450874539 -4.254315961001012
    endloop
  endfacet
  facet normal 0.007734590751377792 -0.6621282357610678 0.749350635893401
    outer loop
      vertex -4.12463056322379 -4.210040950253304 -4.254508850733476
      vertex -4.124904263770631 -4.209881302606806 -4.25436496058236
      vertex -4.142169814582923 -4.313511863549822 -4.345754992482248
    endloop
  endfacet
  facet normal 0.7317437500005722 0.4392159668293491 0.5211913456853059
    outer loop
      vertex -4.047070266123617 -4.4125766677505736 -4.390486324576179
      vertex -4.047116616910349 -4.405651928703616 -4.396256833012187
      vertex -4.122665318307735 -4.34823812642686 -4.338571240876481
    endloop
  endfacet
  facet normal 0.732252479346512 0.44352164030816843 0.5168122106425482
    outer loop
      vertex -4.047070265207345 -4.412577662210573 -4.39048547244154
      vertex -4.124695712583433 -4.347950973398744 -4.335962590257736
      vertex -4.0470700421502075 -4.412628726545559 -4.390441965722834
    endloop
  endfacet
  facet normal 0.7322524792940195 0.4435216398523518 0.5168122111080989
    outer loop
      vertex -4.047070266123617 -4.4125766677505736 -4.390486324576179
      vertex -4.124695712583433 -4.347950973398744 -4.335962590257736
      vertex -4.047070265207345 -4.412577662210573 -4.39048547244154
    endloop
  endfacet
  facet normal 0.7322524793458918 0.4435216403028128 0.5168122106480232
    outer loop
      vertex -4.0470700421502075 -4.412628726545559 -4.390441965722834
      vertex -4.124695712583433 -4.347950973398744 -4.335962590257736
      vertex -4.141214577756436 -4.345408937666571 -4.314739151849582
    endloop
  endfacet
  facet normal 0.00840878338602298 0.7529030001192277 -0.6580777801851642
    outer loop
      vertex -4.0470700421502075 -4.412628726545559 -4.390441965722834
      vertex -4.141214577756436 -4.345408937666571 -4.314739151849582
      vertex -4.124607743467402 -4.254156632173004 -4.210125715688895
    endloop
  endfacet
  facet normal 0.7317437500005667 0.43921596682930825 0.5211913456853482
    outer loop
      vertex -4.047070266123617 -4.4125766677505736 -4.390486324576179
      vertex -4.122665318307735 -4.34823812642686 -4.338571240876481
      vertex -4.124695712583433 -4.347950973398744 -4.335962590257736
    endloop
  endfacet
  facet normal 0.9922529718870949 -0.08785424566996183 -0.0878388939991272
    outer loop
      vertex -4.124673729205684 -4.235974861702471 -4.225671681242366
      vertex -4.142056347624667 -4.344328930305323 -4.313657645900769
      vertex -4.140549506680856 -4.3253745525234 -4.315593635184956
    endloop
  endfacet
  facet normal 0.9922529626517091 -0.08785378526733804 -0.08783945880472253
    outer loop
      vertex -4.124823764488465 -4.253715126904538 -4.209623352325206
      vertex -4.142065485712227 -4.344443877927714 -4.313645905285632
      vertex -4.142056347624667 -4.344328930305323 -4.313657645900769
    endloop
  endfacet
  facet normal 0.008408783385210701 0.752903000119297 -0.658077780185095
    outer loop
      vertex -4.124607743467402 -4.254156632173004 -4.210125715688895
      vertex -4.141214577756436 -4.345408937666571 -4.314739151849582
      vertex -4.142065485712227 -4.344443877927714 -4.313645905285632
    endloop
  endfacet
  facet normal 0.9922529718870994 -0.08785424566149294 -0.08783889400754777
    outer loop
      vertex -4.124673729205684 -4.235974861702471 -4.225671681242366
      vertex -4.140549506680856 -4.3253745525234 -4.315593635184956
      vertex -4.124673559451862 -4.235956152074099 -4.225688476553485
    endloop
  endfacet
  facet normal 0.9922529718869969 -0.08785424566508704 -0.08783889400511119
    outer loop
      vertex -4.12467399926283 -4.23600679072169 -4.225642797284742
      vertex -4.142056347624667 -4.344328930305323 -4.313657645900769
      vertex -4.124673729205684 -4.235974861702471 -4.225671681242366
    endloop
  endfacet
  facet normal 0.9922529626517139 -0.08785378526688993 -0.08783945880511534
    outer loop
      vertex -4.12467399926283 -4.23600679072169 -4.225642797284742
      vertex -4.124823764488465 -4.253715126904538 -4.209623352325206
      vertex -4.142056347624667 -4.344328930305323 -4.313657645900769
    endloop
  endfacet
  facet normal 0.00840878338681846 0.7529030001191522 -0.6580777801852404
    outer loop
      vertex -4.124823764488465 -4.253715126904538 -4.209623352325206
      vertex -4.124607743467402 -4.254156632173004 -4.210125715688895
      vertex -4.142065485712227 -4.344443877927714 -4.313645905285632
    endloop
  endfacet
  facet normal -0.9515640383834553 -0.23124907283402504 -0.20260737195071113
    outer loop
      vertex -4.047116396485866 -4.4055812251829565 -4.396338566818073
      vertex -4.047116616910349 -4.405651928703616 -4.396256833012187
      vertex -4.124673559451862 -4.235956152074099 -4.225688476553485
    endloop
  endfacet
  facet normal -0.9514842957229709 -0.22956306335433793 -0.20488639519483529
    outer loop
      vertex -4.047116212053011 -4.405563025273117 -4.396359815237311
      vertex -4.047116396485866 -4.4055812251829565 -4.396338566818073
      vertex -4.124903922170605 -4.209926450874539 -4.254315961001012
    endloop
  endfacet
  facet normal -0.9514842957235988 -0.2295630633670289 -0.2048863951777
    outer loop
      vertex -4.046999522475694 -4.390008346903237 -4.41432981228556
      vertex -4.047116212053011 -4.405563025273117 -4.396359815237311
      vertex -4.124903922170605 -4.209926450874539 -4.254315961001012
    endloop
  endfacet
  facet normal -0.9515640383833041 -0.23124907282685 -0.2026073719596113
    outer loop
      vertex -4.047116396485866 -4.4055812251829565 -4.396338566818073
      vertex -4.124903506677726 -4.209973400213252 -4.2542643260438835
      vertex -4.124903922170605 -4.209926450874539 -4.254315961001012
    endloop
  endfacet
  facet normal -0.951484295723608 -0.22956306337514215 -0.20488639516856633
    outer loop
      vertex -4.046999522475694 -4.390008346903237 -4.41432981228556
      vertex -4.124903922170605 -4.209926450874539 -4.254315961001012
      vertex -4.124904263770631 -4.209881302606806 -4.25436496058236
    endloop
  endfacet
  facet normal -0.007734590751262706 0.6621282357611746 -0.749350635893308
    outer loop
      vertex -4.046999522475694 -4.390008346903237 -4.41432981228556
      vertex -4.124904263770631 -4.209881302606806 -4.25436496058236
      vertex -4.12463056322379 -4.210040950253304 -4.254508850733476
    endloop
  endfacet
  facet normal -0.9515640383835234 -0.231249072831643 -0.20260737195311013
    outer loop
      vertex -4.047116396485866 -4.4055812251829565 -4.396338566818073
      vertex -4.124673559451862 -4.235956152074099 -4.225688476553485
      vertex -4.124903506677726 -4.209973400213252 -4.2542643260438835
    endloop
  endfacet
  facet normal -0.9515405222300128 -0.20060348775815107 -0.2330855535066462
    outer loop
      vertex -4.047070266123617 -4.4125766677505736 -4.390486324576179
      vertex -4.047070265207345 -4.412577662210573 -4.39048547244154
      vertex -4.047116616910349 -4.405651928703616 -4.396256833012187
    endloop
  endfacet
  facet normal -0.9515405354352451 -0.20060346164878723 -0.23308552206889793
    outer loop
      vertex -4.047070265207345 -4.412577662210573 -4.39048547244154
      vertex -4.124673729205684 -4.235974861702471 -4.225671681242366
      vertex -4.047116616910349 -4.405651928703616 -4.396256833012187
    endloop
  endfacet
  facet normal -0.9515916184552962 -0.20173374604301278 -0.2318984419807156
    outer loop
      vertex -4.047070265207345 -4.412577662210573 -4.39048547244154
      vertex -4.0470700421502075 -4.412628726545559 -4.390441965722834
      vertex -4.124607743467402 -4.254156632173004 -4.210125715688895
    endloop
  endfacet
  facet normal -0.9515916184552791 -0.20173374603379923 -0.23189844198880089
    outer loop
      vertex -4.047070265207345 -4.412577662210573 -4.39048547244154
      vertex -4.124607743467402 -4.254156632173004 -4.210125715688895
      vertex -4.12467399926283 -4.23600679072169 -4.225642797284742
    endloop
  endfacet
  facet normal -0.951591618455434 -0.20173374603735522 -0.23189844198507165
    outer loop
      vertex -4.047070265207345 -4.412577662210573 -4.39048547244154
      vertex -4.12467399926283 -4.23600679072169 -4.225642797284742
      vertex -4.124673729205684 -4.235974861702471 -4.225671681242366
    endloop
  endfacet
  facet normal -0.9515405354356565 -0.20060346166292883 -0.23308552205504676
    outer loop
      vertex -4.047116616910349 -4.405651928703616 -4.396256833012187
      vertex -4.124673729205684 -4.235974861702471 -4.225671681242366
      vertex -4.124673559451862 -4.235956152074099 -4.225688476553485
    endloop
  endfacet
  facet normal -0.951591618455319 -0.20173374603371888 -0.23189844198870652
    outer loop
      vertex -4.12467399926283 -4.23600679072169 -4.225642797284742
      vertex -4.124607743467402 -4.254156632173004 -4.210125715688895
      vertex -4.124823764488465 -4.253715126904538 -4.209623352325206
    endloop
  endfacet
  facet normal 0.992252978751371 0.08785333461581121 -0.08783972766301941
    outer loop
      vertex -4.124673559451863 4.225688476553486 -4.2359561520741025
      vertex -4.1405495066808555 4.315593635184957 -4.3253745525234
      vertex -4.140117180112103 4.316149088371845 -4.31993537650316
    endloop
  endfacet
  facet normal 0.9922529846081737 0.0878531814966759 -0.08783981464622581
    outer loop
      vertex -4.124903506677725 4.254264326043882 -4.2099734002132525
      vertex -4.140117180112103 4.316149088371845 -4.31993537650316
      vertex -4.1398441165702495 4.316499920417591 -4.316499920417591
    endloop
  endfacet
  facet normal 0.9922529787513711 0.08785333461580275 -0.08783972766302868
    outer loop
      vertex -4.124673559451863 4.225688476553486 -4.2359561520741025
      vertex -4.140117180112103 4.316149088371845 -4.31993537650316
      vertex -4.124903506677725 4.254264326043882 -4.2099734002132525
    endloop
  endfacet
  facet normal 0.9922529846084047 0.08785318149032542 -0.08783981464996826
    outer loop
      vertex -4.124903506677725 4.254264326043882 -4.2099734002132525
      vertex -4.1398441165702495 4.316499920417591 -4.316499920417591
      vertex -4.1249039221706045 4.25431596100101 -4.209926450874541
    endloop
  endfacet
  facet normal 0.9922529846080839 0.08785318150575107 -0.08783981463816481
    outer loop
      vertex -4.12490426377063 4.254364960582358 -4.209881302606807
      vertex -4.1249039221706045 4.25431596100101 -4.209926450874541
      vertex -4.142169814582924 4.345754992482248 -4.313511863549823
    endloop
  endfacet
  facet normal 0.7317659202515454 -0.44876567830132225 0.5129600412675075
    outer loop
      vertex -4.046999522475695 4.414329812285564 -4.390008346903234
      vertex -4.141328614981207 4.346718649279005 -4.314592636820202
      vertex -4.14086641350087 4.3467935411679735 -4.315186473294278
    endloop
  endfacet
  facet normal 0.0077345907516705725 -0.74935063589337 -0.6621282357610995
    outer loop
      vertex -4.12490426377063 4.254364960582358 -4.209881302606807
      vertex -4.141328614981207 4.346718649279005 -4.314592636820202
      vertex -4.046999522475695 4.414329812285564 -4.390008346903234
    endloop
  endfacet
  facet normal 0.7320181274453792 -0.44684556733245007 0.5142747320710025
    outer loop
      vertex -4.047116616910351 4.3962568330121865 -4.405651928703615
      vertex -4.112778393685484 4.351273961890837 -4.351273961890837
      vertex -4.122665318307736 4.3385712408764805 -4.3482381264268595
    endloop
  endfacet
  facet normal 0.7320181274453746 -0.44684556733243264 0.5142747320710243
    outer loop
      vertex -4.047116212053012 4.39635981523731 -4.405563025273116
      vertex -4.14086641350087 4.3467935411679735 -4.315186473294278
      vertex -4.112778393685484 4.351273961890837 -4.351273961890837
    endloop
  endfacet
  facet normal 0.9922529846081782 0.08785318149654368 -0.08783981464630825
    outer loop
      vertex -4.1249039221706045 4.25431596100101 -4.209926450874541
      vertex -4.1398441165702495 4.316499920417591 -4.316499920417591
      vertex -4.142169814582924 4.345754992482248 -4.313511863549823
    endloop
  endfacet
  facet normal 0.007734590750815787 -0.749350635893442 -0.662128235761028
    outer loop
      vertex -4.12490426377063 4.254364960582358 -4.209881302606807
      vertex -4.142169814582924 4.345754992482248 -4.313511863549823
      vertex -4.141328614981207 4.346718649279005 -4.314592636820202
    endloop
  endfacet
  facet normal 0.7320181274453038 -0.446845567337216 0.5142747320669687
    outer loop
      vertex -4.047116616910351 4.3962568330121865 -4.405651928703615
      vertex -4.047116396485867 4.396338566818072 -4.405581225182956
      vertex -4.112778393685484 4.351273961890837 -4.351273961890837
    endloop
  endfacet
  facet normal 0.7320181274453701 -0.44684556733275926 0.514274732070747
    outer loop
      vertex -4.047116212053012 4.39635981523731 -4.405563025273116
      vertex -4.112778393685484 4.351273961890837 -4.351273961890837
      vertex -4.047116396485867 4.396338566818072 -4.405581225182956
    endloop
  endfacet
  facet normal 0.7317659202515553 -0.4487656783017726 0.5129600412670993
    outer loop
      vertex -4.047116212053012 4.39635981523731 -4.405563025273116
      vertex -4.046999522475695 4.414329812285564 -4.390008346903234
      vertex -4.14086641350087 4.3467935411679735 -4.315186473294278
    endloop
  endfacet
  facet normal 0.7322524793452564 -0.5168122106537164 0.4435216402972276
    outer loop
      vertex -4.047070042150213 4.390441965722828 -4.41262872654556
      vertex -4.047070265207349 4.390485472441534 -4.412577662210574
      vertex -4.124695712583432 4.335962590257736 -4.347950973398745
    endloop
  endfacet
  facet normal 0.7322524793625387 -0.516812210500442 0.44352164044729725
    outer loop
      vertex -4.047070266123622 4.390486324576174 -4.412576667750574
      vertex -4.124695712583432 4.335962590257736 -4.347950973398745
      vertex -4.047070265207349 4.390485472441534 -4.412577662210574
    endloop
  endfacet
  facet normal 0.008408783386829667 0.6580777801846404 0.7529030001196766
    outer loop
      vertex -4.047070042150213 4.390441965722828 -4.41262872654556
      vertex -4.141214577756437 4.314739151849582 -4.34540893766657
      vertex -4.046412762507892 4.390638808130677 -4.412808118229375
    endloop
  endfacet
  facet normal 0.008408783385786336 0.6580777801851413 0.7529030001192503
    outer loop
      vertex -4.124607743467408 4.210125715688901 -4.254156632173008
      vertex -4.141214577756437 4.314739151849582 -4.34540893766657
      vertex -4.142065485712227 4.313645905285633 -4.344443877927713
    endloop
  endfacet
  facet normal 0.9922529626517044 0.08783945880414304 -0.08785378526797108
    outer loop
      vertex -4.12482376448847 4.209623352325211 -4.253715126904543
      vertex -4.142065485712227 4.313645905285633 -4.344443877927713
      vertex -4.142056347624667 4.31365764590077 -4.344328930305323
    endloop
  endfacet
  facet normal 0.9922529718870962 0.08783889399907231 -0.08785424567000288
    outer loop
      vertex -4.124673729205685 4.2256716812423685 -4.235974861702474
      vertex -4.142056347624667 4.31365764590077 -4.344328930305323
      vertex -4.1405495066808555 4.315593635184957 -4.3253745525234
    endloop
  endfacet
  facet normal 0.0084087833868369 0.6580777801852359 0.7529030001191559
    outer loop
      vertex -4.12482376448847 4.209623352325211 -4.253715126904543
      vertex -4.124607743467408 4.210125715688901 -4.254156632173008
      vertex -4.142065485712227 4.313645905285633 -4.344443877927713
    endloop
  endfacet
  facet normal 0.9922529626517166 0.0878394588049787 -0.08785378526699757
    outer loop
      vertex -4.12482376448847 4.209623352325211 -4.253715126904543
      vertex -4.142056347624667 4.31365764590077 -4.344328930305323
      vertex -4.124673999262831 4.225642797284745 -4.236006790721693
    endloop
  endfacet
  facet normal 0.008408783385502697 0.6580777801851171 0.7529030001192746
    outer loop
      vertex -4.124607743467408 4.210125715688901 -4.254156632173008
      vertex -4.123668515606993 4.210978237134519 -4.2549122715900785
      vertex -4.141214577756437 4.314739151849582 -4.34540893766657
    endloop
  endfacet
  facet normal 0.9922529718871018 0.08783889400973098 -0.08785424565928292
    outer loop
      vertex -4.124673559451863 4.225688476553486 -4.2359561520741025
      vertex -4.124673729205685 4.2256716812423685 -4.235974861702474
      vertex -4.1405495066808555 4.315593635184957 -4.3253745525234
    endloop
  endfacet
  facet normal 0.9922529718869971 0.08783889400510897 -0.08785424566508507
    outer loop
      vertex -4.124673999262831 4.225642797284745 -4.236006790721693
      vertex -4.142056347624667 4.31365764590077 -4.344328930305323
      vertex -4.124673729205685 4.2256716812423685 -4.235974861702474
    endloop
  endfacet
  facet normal 0.008408783386083122 0.6580777801851696 0.7529030001192222
    outer loop
      vertex -4.123668515606993 4.210978237134519 -4.2549122715900785
      vertex -4.046412762507892 4.390638808130677 -4.412808118229375
      vertex -4.141214577756437 4.314739151849582 -4.34540893766657
    endloop
  endfacet
  facet normal 0.7322524793458977 -0.5168122106480572 0.4435216403027634
    outer loop
      vertex -4.047070042150213 4.390441965722828 -4.41262872654556
      vertex -4.124695712583432 4.335962590257736 -4.347950973398745
      vertex -4.141214577756437 4.314739151849582 -4.34540893766657
    endloop
  endfacet
  facet normal 0.7317437500005771 -0.5211913456853392 0.4392159668293016
    outer loop
      vertex -4.047070266123622 4.390486324576174 -4.412576667750574
      vertex -4.122665318307736 4.3385712408764805 -4.3482381264268595
      vertex -4.124695712583432 4.335962590257736 -4.347950973398745
    endloop
  endfacet
  facet normal 0.7317437500005713 -0.5211913456853828 0.43921596682925934
    outer loop
      vertex -4.047070266123622 4.390486324576174 -4.412576667750574
      vertex -4.047116616910351 4.3962568330121865 -4.405651928703615
      vertex -4.122665318307736 4.3385712408764805 -4.3482381264268595
    endloop
  endfacet
  facet normal -0.9515640383835231 0.2026073719531696 -0.2312490728315919
    outer loop
      vertex -4.124673559451863 4.225688476553486 -4.2359561520741025
      vertex -4.124903506677725 4.254264326043882 -4.2099734002132525
      vertex -4.047116396485867 4.396338566818072 -4.405581225182956
    endloop
  endfacet
  facet normal -0.951564038383622 0.20260737195625547 -0.23124907282848148
    outer loop
      vertex -4.124673559451863 4.225688476553486 -4.2359561520741025
      vertex -4.047116396485867 4.396338566818072 -4.405581225182956
      vertex -4.047116616910351 4.3962568330121865 -4.405651928703615
    endloop
  endfacet
  facet normal -0.9514842957236009 0.20488639517769858 -0.22956306336702126
    outer loop
      vertex -4.1249039221706045 4.25431596100101 -4.209926450874541
      vertex -4.046999522475695 4.414329812285564 -4.390008346903234
      vertex -4.047116396485867 4.396338566818072 -4.405581225182956
    endloop
  endfacet
  facet normal -0.9515640383833872 0.20260737195726045 -0.23124907282856663
    outer loop
      vertex -4.124903506677725 4.254264326043882 -4.2099734002132525
      vertex -4.1249039221706045 4.25431596100101 -4.209926450874541
      vertex -4.047116396485867 4.396338566818072 -4.405581225182956
    endloop
  endfacet
  facet normal -0.9514842957236088 0.2048863951685835 -0.22956306337512403
    outer loop
      vertex -4.12490426377063 4.254364960582358 -4.209881302606807
      vertex -4.046999522475695 4.414329812285564 -4.390008346903234
      vertex -4.1249039221706045 4.25431596100101 -4.209926450874541
    endloop
  endfacet
  facet normal -0.9514842962269151 0.20488639416083124 -0.22956306218846362
    outer loop
      vertex -4.047116212053012 4.39635981523731 -4.405563025273116
      vertex -4.047116396485867 4.396338566818072 -4.405581225182956
      vertex -4.046999522475695 4.414329812285564 -4.390008346903234
    endloop
  endfacet
  facet normal -0.9515916184553188 0.23189844198884535 -0.20173374603356084
    outer loop
      vertex -4.12482376448847 4.209623352325211 -4.253715126904543
      vertex -4.124673999262831 4.225642797284745 -4.236006790721693
      vertex -4.124607743467408 4.210125715688901 -4.254156632173008
    endloop
  endfacet
  facet normal -0.008408783384989205 -0.6580777801854388 -0.7529030001189991
    outer loop
      vertex -4.124607743467408 4.210125715688901 -4.254156632173008
      vertex -4.047070042150213 4.390441965722828 -4.41262872654556
      vertex -4.123668515606993 4.210978237134519 -4.2549122715900785
    endloop
  endfacet
  facet normal -0.9515916184552736 0.23189844198895182 -0.20173374603365168
    outer loop
      vertex -4.124607743467408 4.210125715688901 -4.254156632173008
      vertex -4.124673999262831 4.225642797284745 -4.236006790721693
      vertex -4.047070265207349 4.390485472441534 -4.412577662210574
    endloop
  endfacet
  facet normal -0.9515405354354863 0.23308552206084926 -0.20060346165699441
    outer loop
      vertex -4.124673559451863 4.225688476553486 -4.2359561520741025
      vertex -4.047116616910351 4.3962568330121865 -4.405651928703615
      vertex -4.124673729205685 4.2256716812423685 -4.235974861702474
    endloop
  endfacet
  facet normal -0.9515916184554384 0.2318984419850177 -0.2017337460373969
    outer loop
      vertex -4.124673999262831 4.225642797284745 -4.236006790721693
      vertex -4.124673729205685 4.2256716812423685 -4.235974861702474
      vertex -4.047070265207349 4.390485472441534 -4.412577662210574
    endloop
  endfacet
  facet normal -0.9515916184552752 0.23189844199082427 -0.20173374603149186
    outer loop
      vertex -4.124607743467408 4.210125715688901 -4.254156632173008
      vertex -4.047070265207349 4.390485472441534 -4.412577662210574
      vertex -4.047070042150213 4.390441965722828 -4.41262872654556
    endloop
  endfacet
  facet normal -0.008408783386613144 -0.6580777801850352 -0.7529030001193339
    outer loop
      vertex -4.123668515606993 4.210978237134519 -4.2549122715900785
      vertex -4.047070042150213 4.390441965722828 -4.41262872654556
      vertex -4.046412762507892 4.390638808130677 -4.412808118229375
    endloop
  endfacet
  facet normal -0.9515405354352403 0.23308552206902877 -0.2006034616486579
    outer loop
      vertex -4.124673729205685 4.2256716812423685 -4.235974861702474
      vertex -4.047116616910351 4.3962568330121865 -4.405651928703615
      vertex -4.047070265207349 4.390485472441534 -4.412577662210574
    endloop
  endfacet
  facet normal -0.9515405393368198 0.23308551278052153 -0.20060345393446002
    outer loop
      vertex -4.047070266123622 4.390486324576174 -4.412576667750574
      vertex -4.047070265207349 4.390485472441534 -4.412577662210574
      vertex -4.047116616910351 4.3962568330121865 -4.405651928703615
    endloop
  endfacet
  facet normal 0.7262568034301904 0.45490118318062067 -0.5153794417826864
    outer loop
      vertex -4.019939940229672 -4.442645156022265 4.4219759923962085
      vertex -4.116959439509882 -4.37393973106215 4.345902154105832
      vertex -4.116636578454169 -4.373985223395985 4.346316965998693
    endloop
  endfacet
  facet normal 0.7265019567248454 0.4526796711928859 -0.5169874487486825
    outer loop
      vertex -4.020060543523951 -4.427588719504208 4.435095650021991
      vertex -4.116636578454169 -4.373985223395985 4.346316965998693
      vertex -4.0925190715524735 -4.377303139499454 4.377303139499454
    endloop
  endfacet
  facet normal 0.7265019567248411 0.4526796711927944 -0.5169874487487685
    outer loop
      vertex -4.020060925422852 -4.4275037669806325 4.4351694986816295
      vertex -4.0925190715524735 -4.377303139499454 4.377303139499454
      vertex -4.100369383321595 -4.367217058732293 4.375102886594636
    endloop
  endfacet
  facet normal 0.7262568034301928 0.45490118318041 -0.5153794417828688
    outer loop
      vertex -4.019939940229672 -4.442645156022265 4.4219759923962085
      vertex -4.116636578454169 -4.373985223395985 4.346316965998693
      vertex -4.020060543523951 -4.427588719504208 4.435095650021991
    endloop
  endfacet
  facet normal 0.7265019567248701 0.4526796711809102 -0.5169874487591337
    outer loop
      vertex -4.020060543523951 -4.427588719504208 4.435095650021991
      vertex -4.0925190715524735 -4.377303139499454 4.377303139499454
      vertex -4.020060705216689 -4.427573402484642 4.43510883454573
    endloop
  endfacet
  facet normal 0.7265019567248494 0.45267967119013963 -0.5169874487510814
    outer loop
      vertex -4.020060705216689 -4.427573402484642 4.43510883454573
      vertex -4.0925190715524735 -4.377303139499454 4.377303139499454
      vertex -4.020060925422852 -4.4275037669806325 4.4351694986816295
    endloop
  endfacet
  facet normal 0.9914296437687101 -0.09238380476304953 0.09237150033506782
    outer loop
      vertex -4.099259963479682 -4.279554902615495 4.239654427008248
      vertex -4.099259708979549 -4.279515199231188 4.239691404113911
      vertex -4.117769914721182 -4.373004601293186 4.344860855533066
    endloop
  endfacet
  facet normal 0.9914296437686221 -0.09238380476849926 0.09237150033056118
    outer loop
      vertex -4.099259371945107 -4.279472019432023 4.239730972251118
      vertex -4.115654013511773 -4.347579365462492 4.347579365462492
      vertex -4.099259708979549 -4.279515199231188 4.239691404113911
    endloop
  endfacet
  facet normal 0.0076639559663072895 0.7469543162529698 0.6648311915140601
    outer loop
      vertex -4.099259963479682 -4.279554902615495 4.239654427008248
      vertex -4.117769914721182 -4.373004601293186 4.344860855533066
      vertex -4.116959439509882 -4.37393973106215 4.345902154105832
    endloop
  endfacet
  facet normal 0.9914296437686685 -0.09238380476713434 0.09237150033142932
    outer loop
      vertex -4.099259708979549 -4.279515199231188 4.239691404113911
      vertex -4.115654013511773 -4.347579365462492 4.347579365462492
      vertex -4.117769914721182 -4.373004601293186 4.344860855533066
    endloop
  endfacet
  facet normal 0.991429643768662 -0.09238380476732412 0.09237150033130924
    outer loop
      vertex -4.099259371945107 -4.279472019432023 4.239730972251118
      vertex -4.11591444423751 -4.347244764059225 4.350709232264709
      vertex -4.115654013511773 -4.347579365462492 4.347579365462492
    endloop
  endfacet
  facet normal 0.9914296354818204 -0.09238403634235513 0.0923713576682675
    outer loop
      vertex -4.099063461703381 -4.254373460932165 4.262730254438543
      vertex -4.116252736767945 -4.346810125807235 4.354774852665693
      vertex -4.11591444423751 -4.347244764059225 4.350709232264709
    endloop
  endfacet
  facet normal 0.0076639559659098366 0.7469543162530049 0.6648311915140253
    outer loop
      vertex -4.019939940229672 -4.442645156022265 4.4219759923962085
      vertex -4.099259963479682 -4.279554902615495 4.239654427008248
      vertex -4.116959439509882 -4.37393973106215 4.345902154105832
    endloop
  endfacet
  facet normal 0.9914296354818202 -0.09238403634229876 0.09237135766832684
    outer loop
      vertex -4.099259371945107 -4.279472019432023 4.239730972251118
      vertex -4.099063461703381 -4.254373460932165 4.262730254438543
      vertex -4.11591444423751 -4.347244764059225 4.350709232264709
    endloop
  endfacet
  facet normal 0.726220338165716 0.5238508376207013 -0.4451789756475062
    outer loop
      vertex -4.020029110792615 -4.422357108397735 4.441277572040605
      vertex -4.100369383321595 -4.367217058732293 4.375102886594636
      vertex -4.1019274462604525 -4.365215259427525 4.374916775488043
    endloop
  endfacet
  facet normal 0.7267390847688815 0.5189725619257144 -0.45001975805240935
    outer loop
      vertex -4.020028936779959 -4.422318170329951 4.441322757280205
      vertex -4.1019274462604525 -4.365215259427525 4.374916775488043
      vertex -4.1168674613662795 -4.346020327627149 4.37292608517727
    endloop
  endfacet
  facet normal 0.72622033816571 0.5238508376207512 -0.4451789756474571
    outer loop
      vertex -4.020060925422852 -4.4275037669806325 4.4351694986816295
      vertex -4.100369383321595 -4.367217058732293 4.375102886594636
      vertex -4.020029114145721 -4.422357383293872 4.441277243095004
    endloop
  endfacet
  facet normal 0.7262203381783852 0.5238508375157445 -0.4451789757503435
    outer loop
      vertex -4.020029110792615 -4.422357108397735 4.441277572040605
      vertex -4.020029114145721 -4.422357383293872 4.441277243095004
      vertex -4.100369383321595 -4.367217058732293 4.375102886594636
    endloop
  endfacet
  facet normal 0.7267390847690035 0.5189725619245286 -0.4500197580535797
    outer loop
      vertex -4.020029110792615 -4.422357108397735 4.441277572040605
      vertex -4.1019274462604525 -4.365215259427525 4.374916775488043
      vertex -4.020028936779959 -4.422318170329951 4.441322757280205
    endloop
  endfacet
  facet normal 0.9914296301568863 -0.09237041964712589 0.09238503136977105
    outer loop
      vertex -4.0990636094053965 -4.254358997503295 4.262746300643493
      vertex -4.117676877622113 -4.344980389600394 4.371887461907348
      vertex -4.116252736767945 -4.346810125807235 4.354774852665693
    endloop
  endfacet
  facet normal 0.008219264607663724 -0.6616735024333062 -0.749747037251199
    outer loop
      vertex -4.09919855163562 -4.2394674719796 4.279083799378939
      vertex -4.1168674613662795 -4.346020327627149 4.37292608517727
      vertex -4.117685385664228 -4.344969458467661 4.371989695997041
    endloop
  endfacet
  facet normal 0.9914296202667311 -0.09237105732207301 0.09238449992811403
    outer loop
      vertex -4.09919855163562 -4.2394674719796 4.279083799378939
      vertex -4.117685385664228 -4.344969458467661 4.371989695997041
      vertex -4.117676877622113 -4.344980389600394 4.371887461907348
    endloop
  endfacet
  facet normal 0.008219264607280388 -0.6616735024332727 -0.7497470372512327
    outer loop
      vertex -4.020028936779959 -4.422318170329951 4.441322757280205
      vertex -4.1168674613662795 -4.346020327627149 4.37292608517727
      vertex -4.09919855163562 -4.2394674719796 4.279083799378939
    endloop
  endfacet
  facet normal 0.9914296301568766 -0.09237041962508238 0.09238503139191392
    outer loop
      vertex -4.099063461703381 -4.254373460932165 4.262730254438543
      vertex -4.0990636094053965 -4.254358997503295 4.262746300643493
      vertex -4.116252736767945 -4.346810125807235 4.354774852665693
    endloop
  endfacet
  facet normal 0.9914296301567241 -0.09237041965755514 0.0923850313610838
    outer loop
      vertex -4.0990636094053965 -4.254358997503295 4.262746300643493
      vertex -4.099063840783302 -4.254333466247309 4.262774310892586
      vertex -4.117676877622113 -4.344980389600394 4.371887461907348
    endloop
  endfacet
  facet normal 0.9914296202667627 -0.09237105732455816 0.09238449992528876
    outer loop
      vertex -4.099063840783302 -4.254333466247309 4.262774310892586
      vertex -4.09919855163562 -4.2394674719796 4.279083799378939
      vertex -4.117676877622113 -4.344980389600394 4.371887461907348
    endloop
  endfacet
  facet normal -0.9512403534245097 -0.20693291236930625 0.2287368789573962
    outer loop
      vertex -4.019939940229672 -4.442645156022265 4.4219759923962085
      vertex -4.020060705216689 -4.427573402484642 4.43510883454573
      vertex -4.099259708979549 -4.279515199231188 4.239691404113911
    endloop
  endfacet
  facet normal -0.9513242149094945 -0.20414563254089513 0.2308826516681403
    outer loop
      vertex -4.020060705216689 -4.427573402484642 4.43510883454573
      vertex -4.020060925422852 -4.4275037669806325 4.4351694986816295
      vertex -4.099259371945107 -4.279472019432023 4.239730972251118
    endloop
  endfacet
  facet normal -0.9512403546754256 -0.20693290984018542 0.22873687604329185
    outer loop
      vertex -4.019939940229672 -4.442645156022265 4.4219759923962085
      vertex -4.020060543523951 -4.427588719504208 4.435095650021991
      vertex -4.020060705216689 -4.427573402484642 4.43510883454573
    endloop
  endfacet
  facet normal -0.9512403534244898 -0.2069329123707439 0.2287368789561793
    outer loop
      vertex -4.019939940229672 -4.442645156022265 4.4219759923962085
      vertex -4.099259708979549 -4.279515199231188 4.239691404113911
      vertex -4.099259963479682 -4.279554902615495 4.239654427008248
    endloop
  endfacet
  facet normal -0.951324214909344 -0.204145632545509 0.23088265166468036
    outer loop
      vertex -4.020060705216689 -4.427573402484642 4.43510883454573
      vertex -4.099259371945107 -4.279472019432023 4.239730972251118
      vertex -4.099259708979549 -4.279515199231188 4.239691404113911
    endloop
  endfacet
  facet normal -0.9513242149093791 -0.2041456325450138 0.23088265166497393
    outer loop
      vertex -4.020060925422852 -4.4275037669806325 4.4351694986816295
      vertex -4.099063461703381 -4.254373460932165 4.262730254438543
      vertex -4.099259371945107 -4.279472019432023 4.239730972251118
    endloop
  endfacet
  facet normal -0.9512783440027088 -0.23333104398822307 0.20155926211124545
    outer loop
      vertex -4.020060925422852 -4.4275037669806325 4.4351694986816295
      vertex -4.0990636094053965 -4.254358997503295 4.262746300643493
      vertex -4.099063461703381 -4.254373460932165 4.262730254438543
    endloop
  endfacet
  facet normal -0.9513487356446169 -0.23158663752088296 0.2032319180373991
    outer loop
      vertex -4.020029114145721 -4.422357383293872 4.441277243095004
      vertex -4.099063840783302 -4.254333466247309 4.262774310892586
      vertex -4.0990636094053965 -4.254358997503295 4.262746300643493
    endloop
  endfacet
  facet normal -0.9513487356440586 -0.23158663753583586 0.20323191802297305
    outer loop
      vertex -4.020029114145721 -4.422357383293872 4.441277243095004
      vertex -4.09919855163562 -4.2394674719796 4.279083799378939
      vertex -4.099063840783302 -4.254333466247309 4.262774310892586
    endloop
  endfacet
  facet normal -0.9512783440034844 -0.23333104396171886 0.20155926213826736
    outer loop
      vertex -4.020060925422852 -4.4275037669806325 4.4351694986816295
      vertex -4.020029114145721 -4.422357383293872 4.441277243095004
      vertex -4.0990636094053965 -4.254358997503295 4.262746300643493
    endloop
  endfacet
  facet normal -0.9513487356440603 -0.23158663753503927 0.20323191802387247
    outer loop
      vertex -4.020029110792615 -4.422357108397735 4.441277572040605
      vertex -4.020028936779959 -4.422318170329951 4.441322757280205
      vertex -4.09919855163562 -4.2394674719796 4.279083799378939
    endloop
  endfacet
  facet normal -0.9513487356443733 -0.23158663739930577 0.20323191817707834
    outer loop
      vertex -4.020029110792615 -4.422357108397735 4.441277572040605
      vertex -4.09919855163562 -4.2394674719796 4.279083799378939
      vertex -4.020029114145721 -4.422357383293872 4.441277243095004
    endloop
  endfacet
  facet normal 0.9914296354818202 0.09237135766832637 0.09238403634229833
    outer loop
      vertex -4.099259371945107 4.239730972251118 4.279472019432023
      vertex -4.099063461703381 4.262730254438543 4.254373460932165
      vertex -4.11591444423751 4.35070923226471 4.347244764059225
    endloop
  endfacet
  facet normal 0.9914296437687101 0.09237150033506782 0.09238380476304953
    outer loop
      vertex -4.099259708979549 4.239691404113911 4.279515199231188
      vertex -4.117769914721182 4.344860855533066 4.373004601293186
      vertex -4.099259963479682 4.239654427008248 4.279554902615495
    endloop
  endfacet
  facet normal 0.9914296437686231 0.0923715003305561 0.09238380476849462
    outer loop
      vertex -4.099259371945107 4.239730972251118 4.279472019432023
      vertex -4.115654013511772 4.347579365462492 4.347579365462492
      vertex -4.099259708979549 4.239691404113911 4.279515199231188
    endloop
  endfacet
  facet normal 0.9914296354818196 0.09237135766848216 0.09238403634215032
    outer loop
      vertex -4.099063461703381 4.262730254438543 4.254373460932165
      vertex -4.116252736767946 4.354774852665693 4.346810125807235
      vertex -4.11591444423751 4.35070923226471 4.347244764059225
    endloop
  endfacet
  facet normal 0.991429643768668 0.0923715003314012 0.09238380476716598
    outer loop
      vertex -4.099259708979549 4.239691404113911 4.279515199231188
      vertex -4.115654013511772 4.347579365462492 4.347579365462492
      vertex -4.117769914721182 4.344860855533066 4.373004601293186
    endloop
  endfacet
  facet normal 0.9914296437686747 0.0923715003315277 0.09238380476696888
    outer loop
      vertex -4.099259371945107 4.239730972251118 4.279472019432023
      vertex -4.11591444423751 4.35070923226471 4.347244764059225
      vertex -4.115654013511772 4.347579365462492 4.347579365462492
    endloop
  endfacet
  facet normal 0.007663955965713175 0.6648311915140052 -0.7469543162530248
    outer loop
      vertex -4.099259963479682 4.239654427008248 4.279554902615495
      vertex -4.117769914721182 4.344860855533066 4.373004601293186
      vertex -4.116959439509882 4.345902154105833 4.37393973106215
    endloop
  endfacet
  facet normal 0.007663955965918998 0.664831191514023 -0.7469543162530069
    outer loop
      vertex -4.099259963479682 4.239654427008248 4.279554902615495
      vertex -4.116959439509882 4.345902154105833 4.37393973106215
      vertex -4.019939940229672 4.4219759923962085 4.442645156022265
    endloop
  endfacet
  facet normal 0.7262568034301643 -0.5153794417851785 -0.4549011831778387
    outer loop
      vertex -4.019939940229672 4.4219759923962085 4.442645156022265
      vertex -4.116959439509882 4.345902154105833 4.37393973106215
      vertex -4.116636578454169 4.346316965998692 4.373985223395985
    endloop
  endfacet
  facet normal 0.7265019567248483 -0.5169874487487006 -0.45267967119286046
    outer loop
      vertex -4.020060543523951 4.435095650021991 4.427588719504207
      vertex -4.116636578454169 4.346316965998692 4.373985223395985
      vertex -4.0925190715524735 4.377303139499453 4.377303139499453
    endloop
  endfacet
  facet normal 0.7265019567248512 -0.5169874487486278 -0.45267967119293906
    outer loop
      vertex -4.020060925422853 4.4351694986816295 4.4275037669806325
      vertex -4.0925190715524735 4.377303139499453 4.377303139499453
      vertex -4.100369383321594 4.375102886594637 4.367217058732294
    endloop
  endfacet
  facet normal 0.7262568034301948 -0.5153794417828804 -0.45490118318039335
    outer loop
      vertex -4.019939940229672 4.4219759923962085 4.442645156022265
      vertex -4.116636578454169 4.346316965998692 4.373985223395985
      vertex -4.020060543523951 4.435095650021991 4.427588719504207
    endloop
  endfacet
  facet normal 0.7265019567248421 -0.5169874487460502 -0.4526796711958973
    outer loop
      vertex -4.020060543523951 4.435095650021991 4.427588719504207
      vertex -4.0925190715524735 4.377303139499453 4.377303139499453
      vertex -4.020060705216689 4.43510883454573 4.427573402484642
    endloop
  endfacet
  facet normal 0.7265019567248432 -0.5169874487464836 -0.45267967119540053
    outer loop
      vertex -4.020060925422853 4.4351694986816295 4.4275037669806325
      vertex -4.020060705216689 4.43510883454573 4.427573402484642
      vertex -4.0925190715524735 4.377303139499453 4.377303139499453
    endloop
  endfacet
  facet normal 0.9914296301568747 0.09238503139461272 0.0923704196224042
    outer loop
      vertex -4.0990636094053965 4.262746300643493 4.254358997503294
      vertex -4.116252736767946 4.354774852665693 4.346810125807235
      vertex -4.099063461703381 4.262730254438543 4.254373460932165
    endloop
  endfacet
  facet normal 0.9914296301567243 0.09238503136108343 0.09237041965755473
    outer loop
      vertex -4.099063840783302 4.262774310892586 4.254333466247308
      vertex -4.117676877622113 4.371887461907348 4.344980389600394
      vertex -4.0990636094053965 4.262746300643493 4.254358997503294
    endloop
  endfacet
  facet normal 0.991429620266763 0.09238449992528598 0.09237105732456062
    outer loop
      vertex -4.099063840783302 4.262774310892586 4.254333466247308
      vertex -4.09919855163562 4.279083799378939 4.2394674719796
      vertex -4.117676877622113 4.371887461907348 4.344980389600394
    endloop
  endfacet
  facet normal 0.9914296301568856 0.09238503136972533 0.09237041964717985
    outer loop
      vertex -4.0990636094053965 4.262746300643493 4.254358997503294
      vertex -4.117676877622113 4.371887461907348 4.344980389600394
      vertex -4.116252736767946 4.354774852665693 4.346810125807235
    endloop
  endfacet
  facet normal 0.9914296202667332 0.09238449992810287 0.09237105732205972
    outer loop
      vertex -4.09919855163562 4.279083799378939 4.2394674719796
      vertex -4.117685385664228 4.371989695997041 4.344969458467661
      vertex -4.117676877622113 4.371887461907348 4.344980389600394
    endloop
  endfacet
  facet normal 0.008219264607659172 -0.7497470372511986 0.6616735024333065
    outer loop
      vertex -4.09919855163562 4.279083799378939 4.2394674719796
      vertex -4.1168674613662795 4.37292608517727 4.346020327627149
      vertex -4.117685385664228 4.371989695997041 4.344969458467661
    endloop
  endfacet
  facet normal 0.008219264607280426 -0.7497470372512327 0.6616735024332728
    outer loop
      vertex -4.09919855163562 4.279083799378939 4.2394674719796
      vertex -4.020028936779959 4.441322757280205 4.422318170329951
      vertex -4.1168674613662795 4.37292608517727 4.346020327627149
    endloop
  endfacet
  facet normal 0.7262203381657253 -0.445178975647594 -0.5238508376206138
    outer loop
      vertex -4.020029110792615 4.441277572040605 4.422357108397735
      vertex -4.100369383321594 4.375102886594637 4.367217058732294
      vertex -4.101927446260451 4.374916775488044 4.365215259427527
    endloop
  endfacet
  facet normal 0.7267390847688813 -0.4500197580524114 -0.5189725619257127
    outer loop
      vertex -4.020028936779959 4.441322757280205 4.422318170329951
      vertex -4.101927446260451 4.374916775488044 4.365215259427527
      vertex -4.1168674613662795 4.37292608517727 4.346020327627149
    endloop
  endfacet
  facet normal 0.7262203381657176 -0.4451789756475512 -0.5238508376206606
    outer loop
      vertex -4.020029114145721 4.441277243095003 4.422357383293872
      vertex -4.020060925422853 4.4351694986816295 4.4275037669806325
      vertex -4.100369383321594 4.375102886594637 4.367217058732294
    endloop
  endfacet
  facet normal 0.7262203380984075 -0.4451789751011877 -0.523850838178284
    outer loop
      vertex -4.020029110792615 4.441277572040605 4.422357108397735
      vertex -4.020029114145721 4.441277243095003 4.422357383293872
      vertex -4.100369383321594 4.375102886594637 4.367217058732294
    endloop
  endfacet
  facet normal 0.7267390847690034 -0.45001975805357985 -0.5189725619245288
    outer loop
      vertex -4.020028936779959 4.441322757280205 4.422318170329951
      vertex -4.020029110792615 4.441277572040605 4.422357108397735
      vertex -4.101927446260451 4.374916775488044 4.365215259427527
    endloop
  endfacet
  facet normal -0.951240353424507 0.2287368789561256 0.20693291237072461
    outer loop
      vertex -4.099259708979549 4.239691404113911 4.279515199231188
      vertex -4.099259963479682 4.239654427008248 4.279554902615495
      vertex -4.019939940229672 4.4219759923962085 4.442645156022265
    endloop
  endfacet
  facet normal -0.9513242149093801 0.23088265166497163 0.20414563254501178
    outer loop
      vertex -4.099259371945107 4.239730972251118 4.279472019432023
      vertex -4.020060925422853 4.4351694986816295 4.4275037669806325
      vertex -4.099063461703381 4.262730254438543 4.254373460932165
    endloop
  endfacet
  facet normal -0.9513242149093667 0.23088265166461283 0.2041456325454803
    outer loop
      vertex -4.099259371945107 4.239730972251118 4.279472019432023
      vertex -4.099259708979549 4.239691404113911 4.279515199231188
      vertex -4.020060705216689 4.43510883454573 4.427573402484642
    endloop
  endfacet
  facet normal -0.9512403534245097 0.22873687895739628 0.20693291236930625
    outer loop
      vertex -4.099259708979549 4.239691404113911 4.279515199231188
      vertex -4.019939940229672 4.4219759923962085 4.442645156022265
      vertex -4.020060705216689 4.43510883454573 4.427573402484642
    endloop
  endfacet
  facet normal -0.9513242149092732 0.23088265166259744 0.2041456325481944
    outer loop
      vertex -4.099259371945107 4.239730972251118 4.279472019432023
      vertex -4.020060705216689 4.43510883454573 4.427573402484642
      vertex -4.020060925422853 4.4351694986816295 4.4275037669806325
    endloop
  endfacet
  facet normal -0.9512403542347495 0.22873687706990528 0.20693291073112455
    outer loop
      vertex -4.019939940229672 4.4219759923962085 4.442645156022265
      vertex -4.020060543523951 4.435095650021991 4.427588719504207
      vertex -4.020060705216689 4.43510883454573 4.427573402484642
    endloop
  endfacet
  facet normal -0.9512783440028979 0.20155926211807748 0.23333104398155086
    outer loop
      vertex -4.0990636094053965 4.262746300643493 4.254358997503294
      vertex -4.099063461703381 4.262730254438543 4.254373460932165
      vertex -4.020060925422853 4.4351694986816295 4.4275037669806325
    endloop
  endfacet
  facet normal -0.9513487356440584 0.2032319180229664 0.23158663753584255
    outer loop
      vertex -4.099063840783302 4.262774310892586 4.254333466247308
      vertex -4.020029114145721 4.441277243095003 4.422357383293872
      vertex -4.09919855163562 4.279083799378939 4.2394674719796
    endloop
  endfacet
  facet normal -0.9513487356446391 0.20323191803735108 0.2315866375208339
    outer loop
      vertex -4.099063840783302 4.262774310892586 4.254333466247308
      vertex -4.0990636094053965 4.262746300643493 4.254358997503294
      vertex -4.020029114145721 4.441277243095003 4.422357383293872
    endloop
  endfacet
  facet normal -0.9513487356440333 0.20323191802392881 0.23158663753510028
    outer loop
      vertex -4.09919855163562 4.279083799378939 4.2394674719796
      vertex -4.020029110792615 4.441277572040605 4.422357108397735
      vertex -4.020028936779959 4.441322757280205 4.422318170329951
    endloop
  endfacet
  facet normal -0.951348735644345 0.20323191786469932 0.23158663767355517
    outer loop
      vertex -4.09919855163562 4.279083799378939 4.2394674719796
      vertex -4.020029114145721 4.441277243095003 4.422357383293872
      vertex -4.020029110792615 4.441277572040605 4.422357108397735
    endloop
  endfacet
  facet normal -0.9512783440034883 0.20155926213835693 0.23333104396162546
    outer loop
      vertex -4.0990636094053965 4.262746300643493 4.254358997503294
      vertex -4.020060925422853 4.4351694986816295 4.4275037669806325
      vertex -4.020029114145721 4.441277243095003 4.422357383293872
    endloop
  endfacet
  facet normal 0.3286973098421967 0.6566055558628106 -0.6788425609171778
    outer loop
      vertex 4.04857467893096 4.3382595383530695 4.201463801964661
      vertex 4.0223760011931615 4.433909214786438 4.281294792519487
      vertex 4.048851020600508 4.338145073885696 4.2014868923821655
    endloop
  endfacet
  facet normal 0.3286973098438416 0.6566055558627059 -0.678842560916483
    outer loop
      vertex 4.048851020600508 4.338145073885696 4.2014868923821655
      vertex 4.0223760011931615 4.433909214786438 4.281294792519487
      vertex 3.995854049678892 4.530724606537087 4.362096782789361
    endloop
  endfacet
  facet normal 0.3286973098461577 0.65660555586253 -0.6788425609155313
    outer loop
      vertex 4.048851020600508 4.338145073885696 4.2014868923821655
      vertex 3.995854049678892 4.530724606537087 4.362096782789361
      vertex 4.048982676482922 4.338556366282958 4.201948460093947
    endloop
  endfacet
  facet normal 0.32869730984458373 0.6566055558626421 -0.6788425609161852
    outer loop
      vertex 4.048982676482922 4.338556366282958 4.201948460093947
      vertex 4.009641852453812 4.514284206010082 4.352871013801921
      vertex 4.0782707945254995 4.430935649382078 4.305483035247335
    endloop
  endfacet
  facet normal -0.32869730984458545 -0.6566055558626404 0.6788425609161859
    outer loop
      vertex 4.06277633379423 4.366110568142877 4.173461090793492
      vertex 4.090732899249829 4.460423721159699 4.278221446454661
      vertex 4.009744981512898 4.558815035221109 4.334175175578598
    endloop
  endfacet
  facet normal 0.3286973098446231 0.656605555862638 -0.6788425609161701
    outer loop
      vertex 4.048982676482922 4.338556366282958 4.201948460093947
      vertex 3.995854049678892 4.530724606537087 4.362096782789361
      vertex 4.009641852453812 4.514284206010082 4.352871013801921
    endloop
  endfacet
  facet normal 0.3286973098452334 0.6566055558628765 -0.6788425609156439
    outer loop
      vertex 3.995854049678892 4.530724606537087 4.362096782789361
      vertex 3.99595132420159 4.5312608333611895 4.362662544879052
      vertex 4.00819248160548 4.5163891883521945 4.354205253659816
    endloop
  endfacet
  facet normal 0.3286973098445415 0.656605555862609 -0.6788425609162376
    outer loop
      vertex 3.995854049678892 4.530724606537087 4.362096782789361
      vertex 4.00819248160548 4.5163891883521945 4.354205253659816
      vertex 4.009641852453812 4.514284206010082 4.352871013801921
    endloop
  endfacet
  facet normal -0.7438762800447041 -0.2628721393710575 -0.6144479785379202
    outer loop
      vertex 3.99595132420159 4.5312608333611895 4.362662544879052
      vertex 4.090732899249829 4.460423721159699 4.278221446454661
      vertex 4.00819248160548 4.5163891883521945 4.354205253659816
    endloop
  endfacet
  facet normal -0.7438762800447077 -0.2628721393710791 -0.6144479785379062
    outer loop
      vertex 3.99595132420159 4.5312608333611895 4.362662544879052
      vertex 4.009744981512898 4.558815035221109 4.334175175578598
      vertex 4.090732899249829 4.460423721159699 4.278221446454661
    endloop
  endfacet
  facet normal -0.9211812801501076 0.3814158918742629 -0.07711657750944031
    outer loop
      vertex 4.048982676482922 4.338556366282958 4.201948460093947
      vertex 4.078364232422817 4.430344217735004 4.304956220135134
      vertex 4.06277633379423 4.366110568142877 4.173461090793492
    endloop
  endfacet
  facet normal -0.9211812801501412 0.3814158918741899 -0.07711657750940053
    outer loop
      vertex 4.06277633379423 4.366110568142877 4.173461090793492
      vertex 4.078364232422817 4.430344217735004 4.304956220135134
      vertex 4.07975407000147 4.430338958649518 4.288328170757173
    endloop
  endfacet
  facet normal 0.32869730984324713 0.6566055558631932 -0.6788425609162991
    outer loop
      vertex 4.048982676482922 4.338556366282958 4.201948460093947
      vertex 4.0782707945254995 4.430935649382078 4.305483035247335
      vertex 4.078364232422817 4.430344217735004 4.304956220135134
    endloop
  endfacet
  facet normal -0.32869730984442064 -0.6566055558627064 0.6788425609162018
    outer loop
      vertex 4.06277633379423 4.366110568142877 4.173461090793492
      vertex 4.092257473261308 4.4582095180955905 4.2768179772081485
      vertex 4.090732899249829 4.460423721159699 4.278221446454661
    endloop
  endfacet
  facet normal -0.9211812801501005 0.3814158918742773 -0.0771165775094556
    outer loop
      vertex 4.06277633379423 4.366110568142877 4.173461090793492
      vertex 4.07975407000147 4.430338958649518 4.288328170757173
      vertex 4.092257473261308 4.4582095180955905 4.2768179772081485
    endloop
  endfacet
  facet normal -0.32869730984258133 -0.6566055558640109 0.6788425609158308
    outer loop
      vertex 4.04857467893096 4.3382595383530695 4.201463801964661
      vertex 4.048851020600508 4.338145073885696 4.2014868923821655
      vertex 4.048982676482922 4.338556366282958 4.201948460093947
    endloop
  endfacet
  facet normal -0.3286973098441815 -0.6566055558626678 0.6788425609163552
    outer loop
      vertex 4.04857467893096 4.3382595383530695 4.201463801964661
      vertex 4.048982676482922 4.338556366282958 4.201948460093947
      vertex 4.0223760011931615 4.433909214786438 4.281294792519487
    endloop
  endfacet
  facet normal -0.32869730984543594 -0.656605555862579 0.6788425609158335
    outer loop
      vertex 4.048982676482922 4.338556366282958 4.201948460093947
      vertex 3.99595132420159 4.5312608333611895 4.362662544879052
      vertex 4.0223760011931615 4.433909214786438 4.281294792519487
    endloop
  endfacet
  facet normal 0.9215216881760255 -0.06560772524685148 0.3827445683600769
    outer loop
      vertex 4.048982676482922 4.338556366282958 4.201948460093947
      vertex 4.06277633379423 4.366110568142877 4.173461090793492
      vertex 3.99595132420159 4.5312608333611895 4.362662544879052
    endloop
  endfacet
  facet normal 0.9215216881760259 -0.06560772524685037 0.38274456836007603
    outer loop
      vertex 4.06277633379423 4.366110568142877 4.173461090793492
      vertex 4.009744981512898 4.558815035221109 4.334175175578598
      vertex 3.99595132420159 4.5312608333611895 4.362662544879052
    endloop
  endfacet
  facet normal -0.3286973098462819 -0.6566055558625187 0.6788425609154821
    outer loop
      vertex 4.0223760011931615 4.433909214786438 4.281294792519487
      vertex 3.99595132420159 4.5312608333611895 4.362662544879052
      vertex 3.995854049678892 4.530724606537087 4.362096782789361
    endloop
  endfacet
  facet normal 0.32869730984459605 0.6788425609162011 0.6566055558626194
    outer loop
      vertex 4.04898267648292 -4.2019484600939485 4.338556366282956
      vertex 3.99595132420159 -4.362662544879051 4.531260833361194
      vertex 4.00819248160549 -4.354205253659808 4.5163891883521865
    endloop
  endfacet
  facet normal 0.328697309844318 0.6788425609163093 0.6566055558626468
    outer loop
      vertex 4.04898267648292 -4.2019484600939485 4.338556366282956
      vertex 4.00819248160549 -4.354205253659808 4.5163891883521865
      vertex 4.009641852453822 -4.352871013801912 4.514284206010073
    endloop
  endfacet
  facet normal 0.3286973098437491 0.6788425609169003 0.6566055558623205
    outer loop
      vertex 4.0782707945255 -4.305483035247335 4.430935649382078
      vertex 4.078364232422817 -4.304956220135134 4.430344217735003
      vertex 4.009641852453822 -4.352871013801912 4.514284206010073
    endloop
  endfacet
  facet normal -0.7438762800447101 0.6144479785379007 -0.2628721393710857
    outer loop
      vertex 3.99595132420159 -4.362662544879051 4.531260833361194
      vertex 4.090732899249831 -4.27822144645466 4.460423721159695
      vertex 4.00819248160549 -4.354205253659808 4.5163891883521865
    endloop
  endfacet
  facet normal -0.7438762800447117 0.6144479785378947 -0.2628721393710948
    outer loop
      vertex 3.99595132420159 -4.362662544879051 4.531260833361194
      vertex 4.009744981512897 -4.334175175578597 4.5588150352211105
      vertex 4.090732899249831 -4.27822144645466 4.460423721159695
    endloop
  endfacet
  facet normal 0.3286973098446 0.6788425609162008 0.6566055558626179
    outer loop
      vertex 4.04898267648292 -4.2019484600939485 4.338556366282956
      vertex 4.009641852453822 -4.352871013801912 4.514284206010073
      vertex 4.078364232422817 -4.304956220135134 4.430344217735003
    endloop
  endfacet
  facet normal -0.3286973098445782 -0.6788425609162086 -0.6566055558626207
    outer loop
      vertex 4.062776333794227 -4.173461090793495 4.366110568142872
      vertex 4.090732899249831 -4.27822144645466 4.460423721159695
      vertex 4.009744981512897 -4.334175175578597 4.5588150352211105
    endloop
  endfacet
  facet normal -0.9211812801501069 0.07711657750943487 0.38141589187426556
    outer loop
      vertex 4.04898267648292 -4.2019484600939485 4.338556366282956
      vertex 4.078364232422817 -4.304956220135134 4.430344217735003
      vertex 4.062776333794227 -4.173461090793495 4.366110568142872
    endloop
  endfacet
  facet normal -0.9211812801501136 0.07711657750942699 0.38141589187425096
    outer loop
      vertex 4.062776333794227 -4.173461090793495 4.366110568142872
      vertex 4.078364232422817 -4.304956220135134 4.430344217735003
      vertex 4.079754070001471 -4.288328170757173 4.430338958649518
    endloop
  endfacet
  facet normal -0.3286973098449175 -0.6788425609161762 -0.6566055558624841
    outer loop
      vertex 4.062776333794227 -4.173461090793495 4.366110568142872
      vertex 4.092257473261308 -4.276817977208149 4.458209518095588
      vertex 4.090732899249831 -4.27822144645466 4.460423721159695
    endloop
  endfacet
  facet normal -0.9211812801500967 0.07711657750944995 0.38141589187428754
    outer loop
      vertex 4.062776333794227 -4.173461090793495 4.366110568142872
      vertex 4.079754070001471 -4.288328170757173 4.430338958649518
      vertex 4.092257473261308 -4.276817977208149 4.458209518095588
    endloop
  endfacet
  facet normal 0.9215216881760282 -0.38274456836007154 -0.06560772524684527
    outer loop
      vertex 4.04898267648292 -4.2019484600939485 4.338556366282956
      vertex 4.062776333794227 -4.173461090793495 4.366110568142872
      vertex 3.99595132420159 -4.362662544879051 4.531260833361194
    endloop
  endfacet
  facet normal 0.9215216881760283 -0.38274456836007154 -0.06560772524684523
    outer loop
      vertex 4.062776333794227 -4.173461090793495 4.366110568142872
      vertex 4.009744981512897 -4.334175175578597 4.5588150352211105
      vertex 3.99595132420159 -4.362662544879051 4.531260833361194
    endloop
  endfacet
  facet normal -0.751515875520659 0.5922200105551358 0.29068771549291905
    outer loop
      vertex 4.057420880171356 -4.2856755372408 -4.533407486248986
      vertex 4.040283717689101 -4.322008561950605 -4.503690734731982
      vertex 4.049004151598086 -4.316635464786196 -4.492092415694335
    endloop
  endfacet
  facet normal 0.342958946516917 0.7271177997612767 -0.5947090601918944
    outer loop
      vertex 4.040283717689101 -4.322008561950605 -4.503690734731982
      vertex 4.065100221485626 -4.251506211786526 -4.4031801494244265
      vertex 4.049004151598086 -4.316635464786196 -4.492092415694335
    endloop
  endfacet
  facet normal 0.3429589465168272 0.727117799761312 -0.594709060191903
    outer loop
      vertex 4.065100221485626 -4.251506211786526 -4.4031801494244265
      vertex 4.05003147617124 -4.315689745894392 -4.49034369642511
      vertex 4.049004151598086 -4.316635464786196 -4.492092415694335
    endloop
  endfacet
  facet normal -0.7515158755206539 0.5922200105551401 0.2906877154929234
    outer loop
      vertex 4.057420880171356 -4.2856755372408 -4.533407486248986
      vertex 4.049004151598086 -4.316635464786196 -4.492092415694335
      vertex 4.13367142737538 -4.238693746742466 -4.431993017370765
    endloop
  endfacet
  facet normal 0.34295894651694986 0.7271177997612647 -0.5947090601918903
    outer loop
      vertex 4.065100221485626 -4.251506211786526 -4.4031801494244265
      vertex 4.117479155668619 -4.274156938217062 -4.400667865987157
      vertex 4.05003147617124 -4.315689745894392 -4.49034369642511
    endloop
  endfacet
  facet normal 0.342958946516975 0.7271177997613335 -0.5947090601917915
    outer loop
      vertex 4.065100221485626 -4.251506211786526 -4.4031801494244265
      vertex 4.117602719444998 -4.27377063978138 -4.400124303104367
      vertex 4.117479155668619 -4.274156938217062 -4.400667865987157
    endloop
  endfacet
  facet normal -0.34295894651695796 -0.7271177997612611 0.5947090601918901
    outer loop
      vertex 4.057420880171356 -4.2856755372408 -4.533407486248986
      vertex 4.13367142737538 -4.238693746742466 -4.431993017370765
      vertex 4.1069129296893605 -4.145071291208981 -4.332957217109077
    endloop
  endfacet
  facet normal -0.917035281875062 0.12198829534542484 -0.3796908579292409
    outer loop
      vertex 4.089775767207105 -4.181404315918785 -4.303240465592072
      vertex 4.1348041644536515 -4.237650988803678 -4.430064864177994
      vertex 4.120674814663689 -4.25065797157666 -4.400118363297518
    endloop
  endfacet
  facet normal -0.34295894651666287 -0.7271177997613028 0.5947090601920092
    outer loop
      vertex 4.1069129296893605 -4.145071291208981 -4.332957217109077
      vertex 4.13367142737538 -4.238693746742466 -4.431993017370765
      vertex 4.1348041644536515 -4.237650988803678 -4.430064864177994
    endloop
  endfacet
  facet normal 0.34295894651695064 0.7271177997612627 -0.5947090601918924
    outer loop
      vertex 4.065100221485626 -4.251506211786526 -4.4031801494244265
      vertex 4.089775767207105 -4.181404315918785 -4.303240465592072
      vertex 4.117602719444998 -4.27377063978138 -4.400124303104367
    endloop
  endfacet
  facet normal -0.9170352818750656 0.12198829534541537 -0.3796908579292353
    outer loop
      vertex 4.089775767207105 -4.181404315918785 -4.303240465592072
      vertex 4.120674814663689 -4.25065797157666 -4.400118363297518
      vertex 4.117602719444998 -4.27377063978138 -4.400124303104367
    endloop
  endfacet
  facet normal -0.9170352818750628 0.12198829534542158 -0.3796908579292398
    outer loop
      vertex 4.089775767207105 -4.181404315918785 -4.303240465592072
      vertex 4.1069129296893605 -4.145071291208981 -4.332957217109077
      vertex 4.1348041644536515 -4.237650988803678 -4.430064864177994
    endloop
  endfacet
  facet normal 0.9182181242342546 -0.39303500408108966 0.04897919859189979
    outer loop
      vertex 4.057420880171356 -4.2856755372408 -4.533407486248986
      vertex 4.065100221485626 -4.251506211786526 -4.4031801494244265
      vertex 4.040283717689101 -4.322008561950605 -4.503690734731982
    endloop
  endfacet
  facet normal 0.9182181242342566 -0.39303500408108505 0.04897919859189848
    outer loop
      vertex 4.057420880171356 -4.2856755372408 -4.533407486248986
      vertex 4.089775767207105 -4.181404315918785 -4.303240465592072
      vertex 4.065100221485626 -4.251506211786526 -4.4031801494244265
    endloop
  endfacet
  facet normal 0.9182181242342522 -0.39303500408109504 0.048979198591903556
    outer loop
      vertex 4.057420880171356 -4.2856755372408 -4.533407486248986
      vertex 4.1069129296893605 -4.145071291208981 -4.332957217109077
      vertex 4.089775767207105 -4.181404315918785 -4.303240465592072
    endloop
  endfacet
  facet normal -0.9170352818750691 0.3796908579292218 0.1219882953454305
    outer loop
      vertex 4.089775767207109 4.303240465592076 -4.181404315918787
      vertex 4.120674814663689 4.400118363297519 -4.25065797157666
      vertex 4.117602719444998 4.400124303104369 -4.27377063978138
    endloop
  endfacet
  facet normal -0.3429589465165579 -0.5947090601918676 -0.7271177997614681
    outer loop
      vertex 4.106455408556177 4.332810768982192 -4.144735712855881
      vertex 4.106771971614316 4.333528118584282 -4.145471745505321
      vertex 4.106673809933469 4.333190059625009 -4.145148947531338
    endloop
  endfacet
  facet normal -0.917035281875072 0.37969085792921803 0.12198829534542131
    outer loop
      vertex 4.089775767207109 4.303240465592076 -4.181404315918787
      vertex 4.106912929689363 4.33295721710908 -4.145071291208983
      vertex 4.134804164453651 4.430064864177995 -4.237650988803679
    endloop
  endfacet
  facet normal -0.3429589465145572 -0.5947090601928741 -0.7271177997615884
    outer loop
      vertex 4.106455408556177 4.332810768982192 -4.144735712855881
      vertex 4.133671427375381 4.431993017370764 -4.238693746742466
      vertex 4.106771971614316 4.333528118584282 -4.145471745505321
    endloop
  endfacet
  facet normal -0.3429589465164947 -0.5947090601920912 -0.7271177997613149
    outer loop
      vertex 4.106771971614316 4.333528118584282 -4.145471745505321
      vertex 4.134804164453651 4.430064864177995 -4.237650988803679
      vertex 4.106912929689363 4.33295721710908 -4.145071291208983
    endloop
  endfacet
  facet normal 0.3429589465169754 0.5947090601919015 0.7271177997612436
    outer loop
      vertex 4.089775767207109 4.303240465592076 -4.181404315918787
      vertex 4.049004151598077 4.492092415694347 -4.316635464786203
      vertex 4.040283717689102 4.50369073473198 -4.3220085619506055
    endloop
  endfacet
  facet normal -0.7515158755206812 -0.2906877154929066 0.5922200105551136
    outer loop
      vertex 4.040283717689102 4.50369073473198 -4.3220085619506055
      vertex 4.049004151598077 4.492092415694347 -4.316635464786203
      vertex 4.057420880171356 4.533407486248985 -4.2856755372408015
    endloop
  endfacet
  facet normal 0.3429589465169333 0.5947090601919053 0.7271177997612602
    outer loop
      vertex 4.089775767207109 4.303240465592076 -4.181404315918787
      vertex 4.117602719444998 4.400124303104369 -4.27377063978138
      vertex 4.050031476171237 4.490343696425111 -4.315689745894394
    endloop
  endfacet
  facet normal 0.3429589465172884 0.5947090601918759 0.7271177997611168
    outer loop
      vertex 4.089775767207109 4.303240465592076 -4.181404315918787
      vertex 4.050031476171237 4.490343696425111 -4.315689745894394
      vertex 4.049004151598077 4.492092415694347 -4.316635464786203
    endloop
  endfacet
  facet normal 0.34295894651941033 0.5947090601928563 0.727117799759314
    outer loop
      vertex 4.117479155668619 4.400667865987157 -4.274156938217062
      vertex 4.050031476171237 4.490343696425111 -4.315689745894394
      vertex 4.117602719444998 4.400124303104369 -4.27377063978138
    endloop
  endfacet
  facet normal -0.3429589465169495 -0.5947090601919021 -0.7271177997612552
    outer loop
      vertex 4.106455408556177 4.332810768982192 -4.144735712855881
      vertex 4.057420880171356 4.533407486248985 -4.2856755372408015
      vertex 4.133671427375381 4.431993017370764 -4.238693746742466
    endloop
  endfacet
  facet normal -0.9170352818750703 0.37969085792922 0.12198829534542745
    outer loop
      vertex 4.089775767207109 4.303240465592076 -4.181404315918787
      vertex 4.134804164453651 4.430064864177995 -4.237650988803679
      vertex 4.120674814663689 4.400118363297519 -4.25065797157666
    endloop
  endfacet
  facet normal -0.7515158755206569 -0.2906877154929271 0.5922200105551344
    outer loop
      vertex 4.057420880171356 4.533407486248985 -4.2856755372408015
      vertex 4.049004151598077 4.492092415694347 -4.316635464786203
      vertex 4.133671427375381 4.431993017370764 -4.238693746742466
    endloop
  endfacet
  facet normal -0.3429589465186875 -0.5947090601918033 -0.7271177997605162
    outer loop
      vertex 4.106455408556177 4.332810768982192 -4.144735712855881
      vertex 4.056827741662284 4.533809305309342 -4.285724419660617
      vertex 4.057053162818682 4.533896556313215 -4.285902106364034
    endloop
  endfacet
  facet normal -0.34295894651333103 -0.5947090601921012 -0.7271177997627991
    outer loop
      vertex 4.106455408556177 4.332810768982192 -4.144735712855881
      vertex 4.057053162818682 4.533896556313215 -4.285902106364034
      vertex 4.057420880171356 4.533407486248985 -4.2856755372408015
    endloop
  endfacet
  facet normal -0.3429589465167932 -0.5947090601919678 -0.7271177997612753
    outer loop
      vertex 4.106771971614316 4.333528118584282 -4.145471745505321
      vertex 4.133671427375381 4.431993017370764 -4.238693746742466
      vertex 4.134804164453651 4.430064864177995 -4.237650988803679
    endloop
  endfacet
  facet normal 0.9182181242342776 -0.048979198591974284 -0.3930350040810267
    outer loop
      vertex 4.089775767207109 4.303240465592076 -4.181404315918787
      vertex 4.106771971614316 4.333528118584282 -4.145471745505321
      vertex 4.106912929689363 4.33295721710908 -4.145071291208983
    endloop
  endfacet
  facet normal 0.9182181242342623 -0.04897919859187972 -0.39303500408107434
    outer loop
      vertex 4.089775767207109 4.303240465592076 -4.181404315918787
      vertex 4.040283717689102 4.50369073473198 -4.3220085619506055
      vertex 4.057420880171356 4.533407486248985 -4.2856755372408015
    endloop
  endfacet
  facet normal 0.34295894651731423 0.594709060193635 0.7271177997596656
    outer loop
      vertex 4.056827741662284 4.533809305309342 -4.285724419660617
      vertex 4.057420880171356 4.533407486248985 -4.2856755372408015
      vertex 4.057053162818682 4.533896556313215 -4.285902106364034
    endloop
  endfacet
  facet normal 0.34295894651601405 0.594709060191952 0.7271177997616556
    outer loop
      vertex 4.106771971614316 4.333528118584282 -4.145471745505321
      vertex 4.057420880171356 4.533407486248985 -4.2856755372408015
      vertex 4.056827741662284 4.533809305309342 -4.285724419660617
    endloop
  endfacet
  facet normal 0.9182181242342554 -0.04897919859188751 -0.3930350040810893
    outer loop
      vertex 4.089775767207109 4.303240465592076 -4.181404315918787
      vertex 4.057420880171356 4.533407486248985 -4.2856755372408015
      vertex 4.106771971614316 4.333528118584282 -4.145471745505321
    endloop
  endfacet
  facet normal 0.342958946516449 0.5947090601919305 0.7271177997614681
    outer loop
      vertex 4.106455408556177 4.332810768982192 -4.144735712855881
      vertex 4.106673809933469 4.333190059625009 -4.145148947531338
      vertex 4.056827741662284 4.533809305309342 -4.285724419660617
    endloop
  endfacet
  facet normal 0.3429589465164008 0.5947090601919329 0.7271177997614886
    outer loop
      vertex 4.106673809933469 4.333190059625009 -4.145148947531338
      vertex 4.106771971614316 4.333528118584282 -4.145471745505321
      vertex 4.056827741662284 4.533809305309342 -4.285724419660617
    endloop
  endfacet
  facet normal 0.35348230062266134 -0.6321878726192752 0.689484413790207
    outer loop
      vertex 4.042431526106308 -4.499185162046526 -4.320131875333453
      vertex 4.042843090820304 -4.498776937005973 -4.319968573486845
      vertex 4.043130039260628 -4.498404676745569 -4.319774359920068
    endloop
  endfacet
  facet normal 0.3534823006300004 -0.6321878726226872 0.6894844137833162
    outer loop
      vertex 4.042431526106308 -4.499185162046526 -4.320131875333453
      vertex 4.043130039260628 -4.498404676745569 -4.319774359920068
      vertex 4.052606992811088 -4.486065097433942 -4.313318815804614
    endloop
  endfacet
  facet normal 0.3534823006266156 -0.6321878726215296 0.6894844137861128
    outer loop
      vertex 4.042979827292185 -4.498964325905075 -4.320210491808423
      vertex 4.051214937629491 -4.488241072953198 -4.3146002928743465
      vertex 4.043130039260628 -4.498404676745569 -4.319774359920068
    endloop
  endfacet
  facet normal 0.3534823006271477 -0.6321878726217244 0.6894844137856613
    outer loop
      vertex 4.043130039260628 -4.498404676745569 -4.319774359920068
      vertex 4.051214937629491 -4.488241072953198 -4.3146002928743465
      vertex 4.052606992811088 -4.486065097433942 -4.313318815804614
    endloop
  endfacet
  facet normal -0.7473697853574411 0.25241160327499895 0.6145948148714868
    outer loop
      vertex 4.042979827292185 -4.498964325905075 -4.320210491808423
      vertex 4.0582473428544485 -4.526269620021337 -4.290430460393224
      vertex 4.1321930964652696 -4.42998201873761 -4.240054646215295
    endloop
  endfacet
  facet normal -0.7473697853574385 0.25241160327498524 0.6145948148714956
    outer loop
      vertex 4.042979827292185 -4.498964325905075 -4.320210491808423
      vertex 4.1321930964652696 -4.42998201873761 -4.240054646215295
      vertex 4.051214937629491 -4.488241072953198 -4.3146002928743465
    endloop
  endfacet
  facet normal 0.3534823006275727 -0.6321878726218494 0.6894844137853289
    outer loop
      vertex 4.042431526106308 -4.499185162046526 -4.320131875333453
      vertex 4.052606992811088 -4.486065097433942 -4.313318815804614
      vertex 4.093300235802349 -4.30966211057775 -4.172437476226644
    endloop
  endfacet
  facet normal -0.35348230062756136 0.63218787262185 -0.689484413785334
    outer loop
      vertex 4.0582473428544485 -4.526269620021337 -4.290430460393224
      vertex 4.1089662406784955 -4.337304727060922 -4.143171031517529
      vertex 4.1321930964652696 -4.42998201873761 -4.240054646215295
    endloop
  endfacet
  facet normal 0.3534823006275746 -0.6321878726218492 0.6894844137853281
    outer loop
      vertex 4.093300235802349 -4.30966211057775 -4.172437476226644
      vertex 4.052606992811088 -4.486065097433942 -4.313318815804614
      vertex 4.118210724989451 -4.400667865987157 -4.268651619157056
    endloop
  endfacet
  facet normal -0.9170308951396942 -0.37969979553284844 0.1219934532325578
    outer loop
      vertex 4.1089662406784955 -4.337304727060922 -4.143171031517529
      vertex 4.118340882237168 -4.40012208458405 -4.2682179210272615
      vertex 4.120674964927293 -4.4001173708379016 -4.250657833249268
    endloop
  endfacet
  facet normal -0.35348230062786923 0.6321878726217265 -0.6894844137852895
    outer loop
      vertex 4.1089662406784955 -4.337304727060922 -4.143171031517529
      vertex 4.133673972843501 -4.42766720335624 -4.238691403473987
      vertex 4.1321930964652696 -4.42998201873761 -4.240054646215295
    endloop
  endfacet
  facet normal -0.9170308951397018 -0.379699795532833 0.12199345323254789
    outer loop
      vertex 4.1089662406784955 -4.337304727060922 -4.143171031517529
      vertex 4.120674964927293 -4.4001173708379016 -4.250657833249268
      vertex 4.133673972843501 -4.42766720335624 -4.238691403473987
    endloop
  endfacet
  facet normal 0.3534823006272658 -0.6321878726219754 0.6894844137853706
    outer loop
      vertex 4.093698725116233 -4.309999432944661 -4.172951062932728
      vertex 4.118210724989451 -4.400667865987157 -4.268651619157056
      vertex 4.118340882237168 -4.40012208458405 -4.2682179210272615
    endloop
  endfacet
  facet normal 0.35348230062669833 -0.6321878726222121 0.6894844137854444
    outer loop
      vertex 4.093300235802349 -4.30966211057775 -4.172437476226644
      vertex 4.118210724989451 -4.400667865987157 -4.268651619157056
      vertex 4.093698725116233 -4.309999432944661 -4.172951062932728
    endloop
  endfacet
  facet normal -0.9170308951397114 -0.37969979553281286 0.12199345323253863
    outer loop
      vertex 4.093698725116233 -4.309999432944661 -4.172951062932728
      vertex 4.118340882237168 -4.40012208458405 -4.2682179210272615
      vertex 4.1089662406784955 -4.337304727060922 -4.143171031517529
    endloop
  endfacet
  facet normal -0.35348230062710334 0.6321878726218852 -0.6894844137855366
    outer loop
      vertex 4.042431526106308 -4.499185162046526 -4.320131875333453
      vertex 4.093300235802349 -4.30966211057775 -4.172437476226644
      vertex 4.042843090820304 -4.498776937005973 -4.319968573486845
    endloop
  endfacet
  facet normal -0.35348230062972846 0.6321878726216815 -0.6894844137843775
    outer loop
      vertex 4.042843090820304 -4.498776937005973 -4.319968573486845
      vertex 4.093300235802349 -4.30966211057775 -4.172437476226644
      vertex 4.043130039260628 -4.498404676745569 -4.319774359920068
    endloop
  endfacet
  facet normal 0.9122237317842358 0.06976403645715437 -0.40370885844485455
    outer loop
      vertex 4.042979827292185 -4.498964325905075 -4.320210491808423
      vertex 4.1089662406784955 -4.337304727060922 -4.143171031517529
      vertex 4.0582473428544485 -4.526269620021337 -4.290430460393224
    endloop
  endfacet
  facet normal 0.9122237317839139 0.06976403645793484 -0.40370885844544707
    outer loop
      vertex 4.042979827292185 -4.498964325905075 -4.320210491808423
      vertex 4.043130039260628 -4.498404676745569 -4.319774359920068
      vertex 4.1089662406784955 -4.337304727060922 -4.143171031517529
    endloop
  endfacet
  facet normal 0.9122237317842417 0.06976403645713955 -0.4037088584448439
    outer loop
      vertex 4.043130039260628 -4.498404676745569 -4.319774359920068
      vertex 4.093698725116233 -4.309999432944661 -4.172951062932728
      vertex 4.1089662406784955 -4.337304727060922 -4.143171031517529
    endloop
  endfacet
  facet normal -0.35348230062708447 0.6321878726218879 -0.6894844137855439
    outer loop
      vertex 4.043130039260628 -4.498404676745569 -4.319774359920068
      vertex 4.093300235802349 -4.30966211057775 -4.172437476226644
      vertex 4.093698725116233 -4.309999432944661 -4.172951062932728
    endloop
  endfacet
  facet normal -0.9170308951396992 -0.12199345323253076 -0.3796997955328452
    outer loop
      vertex 4.108966240678493 4.143171031517524 -4.337304727060921
      vertex 4.120674964927293 4.250657833249268 -4.4001173708379016
      vertex 4.133673972843503 4.238691403473986 -4.427667203356243
    endloop
  endfacet
  facet normal -0.35348230062767827 0.6894844137853251 0.6321878726217948
    outer loop
      vertex 4.108966240678493 4.143171031517524 -4.337304727060921
      vertex 4.133673972843503 4.238691403473986 -4.427667203356243
      vertex 4.132193096465273 4.240054646215293 -4.42998201873761
    endloop
  endfacet
  facet normal -0.7473697853574413 -0.6145948148714848 0.2524116032750034
    outer loop
      vertex 4.058247342854447 4.290430460393224 -4.526269620021345
      vertex 4.132193096465273 4.240054646215293 -4.42998201873761
      vertex 4.042979827292181 4.320210491808426 -4.498964325905081
    endloop
  endfacet
  facet normal -0.7473697853574373 -0.6145948148714978 0.25241160327498313
    outer loop
      vertex 4.042979827292181 4.320210491808426 -4.498964325905081
      vertex 4.132193096465273 4.240054646215293 -4.42998201873761
      vertex 4.051214937629488 4.31460029287435 -4.488241072953203
    endloop
  endfacet
  facet normal -0.35348230062756264 0.6894844137853416 0.6321878726218411
    outer loop
      vertex 4.058247342854447 4.290430460393224 -4.526269620021345
      vertex 4.108966240678493 4.143171031517524 -4.337304727060921
      vertex 4.132193096465273 4.240054646215293 -4.42998201873761
    endloop
  endfacet
  facet normal 0.3534823006275786 -0.6894844137853368 -0.6321878726218374
    outer loop
      vertex 4.093698725116227 4.172951062932727 -4.309999432944657
      vertex 4.052606992811085 4.313318815804617 -4.486065097433948
      vertex 4.1183408822371685 4.268217921027264 -4.40012208458405
    endloop
  endfacet
  facet normal 0.3534823006275423 -0.6894844137853506 -0.6321878726218426
    outer loop
      vertex 4.042979827292181 4.320210491808426 -4.498964325905081
      vertex 4.051214937629488 4.31460029287435 -4.488241072953203
      vertex 4.093698725116227 4.172951062932727 -4.309999432944657
    endloop
  endfacet
  facet normal 0.3534823006271201 -0.6894844137855315 -0.6321878726218815
    outer loop
      vertex 4.093698725116227 4.172951062932727 -4.309999432944657
      vertex 4.051214937629488 4.31460029287435 -4.488241072953203
      vertex 4.052606992811085 4.313318815804617 -4.486065097433948
    endloop
  endfacet
  facet normal 0.35348230062709485 -0.6894844137857333 -0.6321878726216756
    outer loop
      vertex 4.118210724989451 4.268651619157057 -4.400667865987157
      vertex 4.1183408822371685 4.268217921027264 -4.40012208458405
      vertex 4.052606992811085 4.313318815804617 -4.486065097433948
    endloop
  endfacet
  facet normal -0.9170308951397254 -0.12199345323249712 -0.3796997955327926
    outer loop
      vertex 4.108966240678493 4.143171031517524 -4.337304727060921
      vertex 4.1183408822371685 4.268217921027264 -4.40012208458405
      vertex 4.120674964927293 4.250657833249268 -4.4001173708379016
    endloop
  endfacet
  facet normal -0.9170308951396967 -0.12199345323252894 -0.37969979553285166
    outer loop
      vertex 4.093698725116227 4.172951062932727 -4.309999432944657
      vertex 4.1183408822371685 4.268217921027264 -4.40012208458405
      vertex 4.108966240678493 4.143171031517524 -4.337304727060921
    endloop
  endfacet
  facet normal 0.9122237317842374 0.40370885844484966 0.06976403645716055
    outer loop
      vertex 4.042979827292181 4.320210491808426 -4.498964325905081
      vertex 4.093698725116227 4.172951062932727 -4.309999432944657
      vertex 4.108966240678493 4.143171031517524 -4.337304727060921
    endloop
  endfacet
  facet normal 0.9122237317842374 0.40370885844484966 0.06976403645716062
    outer loop
      vertex 4.058247342854447 4.290430460393224 -4.526269620021345
      vertex 4.042979827292181 4.320210491808426 -4.498964325905081
      vertex 4.108966240678493 4.143171031517524 -4.337304727060921
    endloop
  endfacet
  facet normal 0.7305956907085299 0.6296715973633118 -0.2640901667841142
    outer loop
      vertex 4.133682810978134 -4.381377510973541 4.111780915608692
      vertex 4.230829043564936 -4.478377888513422 4.149253860348035
      vertex 4.290450556485643 -4.57848218437358 4.075515365269109
    endloop
  endfacet
  facet normal 0.7305956907085306 0.6296715973633161 -0.2640901667841026
    outer loop
      vertex 4.133682810978134 -4.381377510973541 4.111780915608692
      vertex 4.229389860133353 -4.476152372607686 4.150578722028157
      vertex 4.230829043564936 -4.478377888513422 4.149253860348035
    endloop
  endfacet
  facet normal -0.00427506611085851 -0.3825435949417553 -0.9239275522349066
    outer loop
      vertex 4.133682810978134 -4.381377510973541 4.111780915608692
      vertex 4.250236250368449 -4.430036139520457 4.131388267923937
      vertex 4.229389860133353 -4.476152372607686 4.150578722028157
    endloop
  endfacet
  facet normal -0.004275066110850553 -0.3825435949417429 -0.9239275522349119
    outer loop
      vertex 4.133682810978134 -4.381377510973541 4.111780915608692
      vertex 4.186485698754453 -4.335868785539827 4.092694129829807
      vertex 4.281593475632744 -4.430050211814421 4.1312490027349895
    endloop
  endfacet
  facet normal -0.5284568962922361 0.2765121827991552 -0.8026670053794559
    outer loop
      vertex 4.290450556485643 -4.57848218437358 4.075515365269109
      vertex 4.230829043564936 -4.478377888513422 4.149253860348035
      vertex 4.324171322084307 -4.549419587086382 4.063326239704459
    endloop
  endfacet
  facet normal -0.004275066110843731 -0.382543594941725 -0.9239275522349192
    outer loop
      vertex 4.133682810978134 -4.381377510973541 4.111780915608692
      vertex 4.281593475632744 -4.430050211814421 4.1312490027349895
      vertex 4.250236250368449 -4.430036139520457 4.131388267923937
    endloop
  endfacet
  facet normal -0.7305956907085338 -0.6296715973633098 0.26409016678410835
    outer loop
      vertex 4.186485698754453 -4.335868785539827 4.092694129829807
      vertex 4.342819307786368 -4.532427617523598 4.056529009576522
      vertex 4.281593475632744 -4.430050211814421 4.1312490027349895
    endloop
  endfacet
  facet normal -0.7305956907086617 -0.6296715973632435 0.2640901667839125
    outer loop
      vertex 4.282381578166426 -4.430935649382078 4.131318105752246
      vertex 4.281593475632744 -4.430050211814421 4.1312490027349895
      vertex 4.342819307786368 -4.532427617523598 4.056529009576522
    endloop
  endfacet
  facet normal 0.29432369239218026 0.05858022220140811 0.9539087596114563
    outer loop
      vertex 4.133682810978134 -4.381377510973541 4.111780915608692
      vertex 4.324272375603112 -4.548412486531919 4.063233213387059
      vertex 4.186485698754453 -4.335868785539827 4.092694129829807
    endloop
  endfacet
  facet normal 0.29432369239218 0.05858022220140331 0.9539087596114565
    outer loop
      vertex 4.133682810978134 -4.381377510973541 4.111780915608692
      vertex 4.290450556485643 -4.57848218437358 4.075515365269109
      vertex 4.324171322084307 -4.549419587086382 4.063326239704459
    endloop
  endfacet
  facet normal 0.2943236923916678 0.05858022220076162 0.953908759611654
    outer loop
      vertex 4.133682810978134 -4.381377510973541 4.111780915608692
      vertex 4.324171322084307 -4.549419587086382 4.063326239704459
      vertex 4.324272375603112 -4.548412486531919 4.063233213387059
    endloop
  endfacet
  facet normal 0.2943236923921804 0.05858022220140803 0.9539087596114562
    outer loop
      vertex 4.186485698754453 -4.335868785539827 4.092694129829807
      vertex 4.324272375603112 -4.548412486531919 4.063233213387059
      vertex 4.342819307786368 -4.532427617523598 4.056529009576522
    endloop
  endfacet
  facet normal -0.00428499644856192 0.38255749194607536 -0.9239217521854134
    outer loop
      vertex 4.170270795723367 4.346093164342716 4.097001816610925
      vertex 4.128673472171472 4.388905984597075 4.114921742713079
      vertex 4.230597971226781 4.4734775091635655 4.149466577420395
    endloop
  endfacet
  facet normal 0.6674265682318093 -0.6869291401181832 -0.28752414242077734
    outer loop
      vertex 4.128673472171472 4.388905984597075 4.114921742713079
      vertex 4.129154232038124 4.3894196350519445 4.114810553589716
      vertex 4.230597971226781 4.4734775091635655 4.149466577420395
    endloop
  endfacet
  facet normal 0.6674265682314087 -0.6869291401173702 -0.2875241424236494
    outer loop
      vertex 4.1281856530131815 4.388617052106729 4.114479667419789
      vertex 4.297223118049577 4.56921900503318 4.075385040649477
      vertex 4.129154232038124 4.3894196350519445 4.114810553589716
    endloop
  endfacet
  facet normal 0.6674265682318044 -0.6869291401174267 -0.28752414242259633
    outer loop
      vertex 4.129154232038124 4.3894196350519445 4.114810553589716
      vertex 4.232827690001514 4.476503069870133 4.14741397669052
      vertex 4.230597971226781 4.4734775091635655 4.149466577420395
    endloop
  endfacet
  facet normal -0.004284996448578939 0.38255749194608224 -0.9239217521854103
    outer loop
      vertex 4.170270795723367 4.346093164342716 4.097001816610925
      vertex 4.230597971226781 4.4734775091635655 4.149466577420395
      vertex 4.250236242199521 4.430036230748949 4.131388275443964
    endloop
  endfacet
  facet normal -0.0042849964485494494 0.38255749194605815 -0.9239217521854204
    outer loop
      vertex 4.170270795723367 4.346093164342716 4.097001816610925
      vertex 4.250236242199521 4.430036230748949 4.131388275443964
      vertex 4.271450188130478 4.430046439069504 4.13129411550752
    endloop
  endfacet
  facet normal -0.6674265682318045 0.6869291401174846 0.28752414242245783
    outer loop
      vertex 4.170270795723367 4.346093164342716 4.097001816610925
      vertex 4.271450188130478 4.430046439069504 4.13129411550752
      vertex 4.338190744655299 4.525501147690592 4.058165646597548
    endloop
  endfacet
  facet normal 0.667426568231807 -0.6869291401174816 -0.2875241424224592
    outer loop
      vertex 4.129154232038124 4.3894196350519445 4.114810553589716
      vertex 4.297223118049577 4.56921900503318 4.075385040649477
      vertex 4.232827690001514 4.476503069870133 4.14741397669052
    endloop
  endfacet
  facet normal -0.6674265682318355 0.6869291401174727 0.28752414242241375
    outer loop
      vertex 4.2723949819481515 4.430935649382078 4.131362826328984
      vertex 4.338190744655299 4.525501147690592 4.058165646597548
      vertex 4.271450188130478 4.430046439069504 4.13129411550752
    endloop
  endfacet
  facet normal -0.5674996519477232 -0.219188793577374 -0.7936626599565513
    outer loop
      vertex 4.297078338404415 4.56883206025988 4.075973422053728
      vertex 4.322179251403428 4.542997684759582 4.065160069952415
      vertex 4.232827690001514 4.476503069870133 4.14741397669052
    endloop
  endfacet
  facet normal 0.6674265682310352 -0.6869291401177812 -0.28752414242353497
    outer loop
      vertex 4.297223118049577 4.56921900503318 4.075385040649477
      vertex 4.297078338404415 4.56883206025988 4.075973422053728
      vertex 4.232827690001514 4.476503069870133 4.14741397669052
    endloop
  endfacet
  facet normal 0.6674265682320292 -0.6869291401171042 -0.28752414242284513
    outer loop
      vertex 4.297223118049577 4.56921900503318 4.075385040649477
      vertex 4.297393396660376 4.5692848029389035 4.075623107510478
      vertex 4.297078338404415 4.56883206025988 4.075973422053728
    endloop
  endfacet
  facet normal 0.31457967726661556 -0.0898808188573211 0.9449661713798909
    outer loop
      vertex 4.170270795723367 4.346093164342716 4.097001816610925
      vertex 4.129154232038124 4.3894196350519445 4.114810553589716
      vertex 4.128673472171472 4.388905984597075 4.114921742713079
    endloop
  endfacet
  facet normal 0.31457967726610375 -0.08988081885785429 0.9449661713800106
    outer loop
      vertex 4.170270795723367 4.346093164342716 4.097001816610925
      vertex 4.297078338404415 4.56883206025988 4.075973422053728
      vertex 4.129154232038124 4.3894196350519445 4.114810553589716
    endloop
  endfacet
  facet normal -0.6674265682314087 0.6869291401173693 0.2875241424236518
    outer loop
      vertex 4.1281856530131815 4.388617052106729 4.114479667419789
      vertex 4.129154232038124 4.3894196350519445 4.114810553589716
      vertex 4.297078338404415 4.56883206025988 4.075973422053728
    endloop
  endfacet
  facet normal -0.6674265682317697 0.6869291401174834 0.2875241424225414
    outer loop
      vertex 4.1281856530131815 4.388617052106729 4.114479667419789
      vertex 4.297393396660376 4.5692848029389035 4.075623107510478
      vertex 4.297223118049577 4.56921900503318 4.075385040649477
    endloop
  endfacet
  facet normal -0.6674265682313756 0.6869291401173575 0.287524142423757
    outer loop
      vertex 4.1281856530131815 4.388617052106729 4.114479667419789
      vertex 4.297078338404415 4.56883206025988 4.075973422053728
      vertex 4.297393396660376 4.5692848029389035 4.075623107510478
    endloop
  endfacet
  facet normal 0.31457967726609576 -0.08988081885784946 0.9449661713800138
    outer loop
      vertex 4.170270795723367 4.346093164342716 4.097001816610925
      vertex 4.322179251403428 4.542997684759582 4.065160069952415
      vertex 4.297078338404415 4.56883206025988 4.075973422053728
    endloop
  endfacet
  facet normal 0.3145796772664587 -0.08988081885815517 0.9449661713798638
    outer loop
      vertex 4.170270795723367 4.346093164342716 4.097001816610925
      vertex 4.322376791981317 4.541777192770695 4.06497822103992
      vertex 4.322179251403428 4.542997684759582 4.065160069952415
    endloop
  endfacet
  facet normal 0.31457967726609914 -0.08988081885784968 0.9449661713800127
    outer loop
      vertex 4.170270795723367 4.346093164342716 4.097001816610925
      vertex 4.338190744655299 4.525501147690592 4.058165646597548
      vertex 4.322376791981317 4.541777192770695 4.06497822103992
    endloop
  endfacet
  facet normal -0.03791978026101576 -0.3688715824731004 0.9287065445600924
    outer loop
      vertex 4.1654965086984355 -4.356015370813151 -4.096151529768519
      vertex 4.25335933102437 -4.446524643202854 -4.128513269647721
      vertex 4.165541552291959 -4.3559719893269255 -4.096132459976509
    endloop
  endfacet
  facet normal -0.038993689629457144 -0.36996278549819395 0.9282278974020868
    outer loop
      vertex 4.165541552291959 -4.3559719893269255 -4.096132459976509
      vertex 4.258691429530945 -4.434717158764383 -4.123604727184703
      vertex 4.174878533000345 -4.347053303358442 -4.092185514143534
    endloop
  endfacet
  facet normal -0.5319127468778423 0.25060383650536927 0.8088674470132042
    outer loop
      vertex 4.308509661927455 -4.545008371924662 -4.062121911602814
      vertex 4.293251081280628 -4.475358591716673 -4.093734922821908
      vertex 4.274717359835512 -4.465904456410437 -4.108851819054381
    endloop
  endfacet
  facet normal -0.5319127468778879 0.25060383650533014 0.8088674470131861
    outer loop
      vertex 4.308360803672099 -4.545124232382614 -4.062183905107962
      vertex 4.274717359835512 -4.465904456410437 -4.108851819054381
      vertex 4.254913307952022 -4.449095594538902 -4.127082733110085
    endloop
  endfacet
  facet normal 0.7361461363156103 0.6091260581566352 0.29504967592281545
    outer loop
      vertex 4.1654965086984355 -4.356015370813151 -4.096151529768519
      vertex 4.254913307952022 -4.449095594538902 -4.127082733110085
      vertex 4.25335933102437 -4.446524643202854 -4.128513269647721
    endloop
  endfacet
  facet normal 0.7361461363156003 0.6091260581565768 0.29504967592296094
    outer loop
      vertex 4.308360803672099 -4.545124232382614 -4.062183905107962
      vertex 4.254913307952022 -4.449095594538902 -4.127082733110085
      vertex 4.1654965086984355 -4.356015370813151 -4.096151529768519
    endloop
  endfacet
  facet normal -0.03899368962834655 -0.36996278549705275 0.9282278974025883
    outer loop
      vertex 4.165541552291959 -4.3559719893269255 -4.096132459976509
      vertex 4.258447023124643 -4.435255898070012 -4.1238297191315105
      vertex 4.258691429530945 -4.434717158764383 -4.123604727184703
    endloop
  endfacet
  facet normal -0.037919780265129474 -0.3688715824765411 0.9287065445585578
    outer loop
      vertex 4.165541552291959 -4.3559719893269255 -4.096132459976509
      vertex 4.25335933102437 -4.446524643202854 -4.128513269647721
      vertex 4.258447023124643 -4.435255898070012 -4.1238297191315105
    endloop
  endfacet
  facet normal -0.061269523090493154 -0.38815215356811805 0.9195563882768124
    outer loop
      vertex 4.174878533000345 -4.347053303358442 -4.092185514143534
      vertex 4.258691429530945 -4.434717158764383 -4.123604727184703
      vertex 4.259258033858581 -4.433570903671834 -4.1230831311567036
    endloop
  endfacet
  facet normal -0.061411839646798076 -0.38822714101145767 0.919515238010369
    outer loop
      vertex 4.194162617792076 -4.331297452194043 -4.084249951521048
      vertex 4.259258033858581 -4.433570903671834 -4.1230831311567036
      vertex 4.270293780754899 -4.411254739128097 -4.112924010468124
    endloop
  endfacet
  facet normal -0.5319127468757163 0.25060383650682155 0.8088674470141523
    outer loop
      vertex 4.308360803672099 -4.545124232382614 -4.062183905107962
      vertex 4.308452309918694 -4.545051116344991 -4.0621463832871045
      vertex 4.274717359835512 -4.465904456410437 -4.108851819054381
    endloop
  endfacet
  facet normal -0.5319127468886694 0.25060383649790435 0.8088674470083971
    outer loop
      vertex 4.308509661927455 -4.545008371924662 -4.062121911602814
      vertex 4.274717359835512 -4.465904456410437 -4.108851819054381
      vertex 4.308452309918694 -4.545051116344991 -4.0621463832871045
    endloop
  endfacet
  facet normal -0.5452390881726078 0.24449204050038637 0.801834134257616
    outer loop
      vertex 4.308509661927455 -4.545008371924662 -4.062121911602814
      vertex 4.309760848378928 -4.474714389184445 -4.082704876096337
      vertex 4.293251081280628 -4.475358591716673 -4.093734922821908
    endloop
  endfacet
  facet normal -0.5452390881726338 0.24449204050038206 0.8018341342575996
    outer loop
      vertex 4.308509661927455 -4.545008371924662 -4.062121911602814
      vertex 4.335902661998563 -4.522782207779441 -4.050272061676533
      vertex 4.309760848378928 -4.474714389184445 -4.082704876096337
    endloop
  endfacet
  facet normal -0.06126952309059062 -0.3881521535681985 0.919556388276772
    outer loop
      vertex 4.174878533000345 -4.347053303358442 -4.092185514143534
      vertex 4.259258033858581 -4.433570903671834 -4.1230831311567036
      vertex 4.194148715736493 -4.3313088009482215 -4.084255671540663
    endloop
  endfacet
  facet normal -0.061411839662955055 -0.38822714101996747 0.9195152380056971
    outer loop
      vertex 4.194148715736493 -4.3313088009482215 -4.084255671540663
      vertex 4.259258033858581 -4.433570903671834 -4.1230831311567036
      vertex 4.194162617792076 -4.331297452194043 -4.084249951521048
    endloop
  endfacet
  facet normal -0.061411839645519196 -0.3882271410104267 0.9195152380108899
    outer loop
      vertex 4.194162617792076 -4.331297452194043 -4.084249951521048
      vertex 4.270293780754899 -4.411254739128097 -4.112924010468124
      vertex 4.194245203115255 -4.331224683741384 -4.084213712420729
    endloop
  endfacet
  facet normal -0.053693959011005425 -0.38200025286810285 0.9226010869137484
    outer loop
      vertex 4.194245203115255 -4.331224683741384 -4.084213712420729
      vertex 4.270293780754899 -4.411254739128097 -4.112924010468124
      vertex 4.272960934616819 -4.405699660566179 -4.110468722372734
    endloop
  endfacet
  facet normal -0.5217385840220898 0.2636818222643332 0.8113326978188327
    outer loop
      vertex 4.335902661998563 -4.522782207779441 -4.050272061676533
      vertex 4.328546300554088 -4.486564657267569 -4.066773316163759
      vertex 4.309760848378928 -4.474714389184445 -4.082704876096337
    endloop
  endfacet
  facet normal -0.7505412515853462 -0.5939804292143699 -0.28961194619527525
    outer loop
      vertex 4.29336537343232 -4.403624364743706 -4.055195915926907
      vertex 4.310589998905402 -4.400667865987157 -4.105897879550817
      vertex 4.356191822736228 -4.486504569743757 -4.048029851566125
    endloop
  endfacet
  facet normal -0.7505412515844235 -0.5939804292156519 -0.2896119461950368
    outer loop
      vertex 4.29336537343232 -4.403624364743706 -4.055195915926907
      vertex 4.310196347541016 -4.400124079688164 -4.105992995901937
      vertex 4.310589998905402 -4.400667865987157 -4.105897879550817
    endloop
  endfacet
  facet normal -0.5217385840228397 0.26368182226400916 0.8113326978184559
    outer loop
      vertex 4.335902661998563 -4.522782207779441 -4.050272061676533
      vertex 4.335995071942893 -4.522711753825713 -4.050235533620065
      vertex 4.328546300554088 -4.486564657267569 -4.066773316163759
    endloop
  endfacet
  facet normal -0.5217385840181248 0.26368182226606257 0.8113326978208204
    outer loop
      vertex 4.335995071942893 -4.522711753825713 -4.050235533620065
      vertex 4.336052667654606 -4.522670810746224 -4.050211802345192
      vertex 4.328546300554088 -4.486564657267569 -4.066773316163759
    endloop
  endfacet
  facet normal -0.5352428869028636 0.25770661735591405 0.8044267222008857
    outer loop
      vertex 4.336052667654606 -4.522670810746224 -4.050211802345192
      vertex 4.364013687752264 -4.50101230339715 -4.0385458591425145
      vertex 4.360704726064382 -4.49478495532498 -4.0427425459507464
    endloop
  endfacet
  facet normal -0.535242886902902 0.2577066173559588 0.8044267222008458
    outer loop
      vertex 4.336052667654606 -4.522670810746224 -4.050211802345192
      vertex 4.360704726064382 -4.49478495532498 -4.0427425459507464
      vertex 4.328546300554088 -4.486564657267569 -4.066773316163759
    endloop
  endfacet
  facet normal -0.750541251585347 -0.5939804292143679 -0.28961194619527725
    outer loop
      vertex 4.29336537343232 -4.403624364743706 -4.055195915926907
      vertex 4.360704726064382 -4.49478495532498 -4.0427425459507464
      vertex 4.364013687752264 -4.50101230339715 -4.0385458591425145
    endloop
  endfacet
  facet normal -0.7505412515853322 -0.5939804292143637 -0.2896119461953242
    outer loop
      vertex 4.29336537343232 -4.403624364743706 -4.055195915926907
      vertex 4.356191822736228 -4.486504569743757 -4.048029851566125
      vertex 4.360704726064382 -4.49478495532498 -4.0427425459507464
    endloop
  endfacet
  facet normal -0.05369691832386848 -0.3820014783765288 0.9226004072623566
    outer loop
      vertex 4.2234330856850235 -4.307135804558207 -4.07254109349327
      vertex 4.272960934616819 -4.405699660566179 -4.110468722372734
      vertex 4.275642220207742 -4.400115191886262 -4.108000425104351
    endloop
  endfacet
  facet normal -0.05369395901102857 -0.38200025286812395 0.9226010869137383
    outer loop
      vertex 4.194245203115255 -4.331224683741384 -4.084213712420729
      vertex 4.272960934616819 -4.405699660566179 -4.110468722372734
      vertex 4.2234330856850235 -4.307135804558207 -4.07254109349327
    endloop
  endfacet
  facet normal -0.053696918332946604 -0.38200147838075676 0.9226004072600776
    outer loop
      vertex 4.2234330856850235 -4.307135804558207 -4.07254109349327
      vertex 4.275642220207742 -4.400115191886262 -4.108000425104351
      vertex 4.223494246534451 -4.307085329084504 -4.072516634524321
    endloop
  endfacet
  facet normal -0.05369691832726907 -0.38200147837925885 0.9226004072610283
    outer loop
      vertex 4.223494246534451 -4.307085329084504 -4.072516634524321
      vertex 4.310196347541016 -4.400124079688164 -4.105992995901937
      vertex 4.223576346831869 -4.307012280856816 -4.07248161062483
    endloop
  endfacet
  facet normal -0.7505412515853538 -0.5939804292143201 -0.28961194619535785
    outer loop
      vertex 4.223576346831869 -4.307012280856816 -4.07248161062483
      vertex 4.310196347541016 -4.400124079688164 -4.105992995901937
      vertex 4.223113754998963 -4.306646933605081 -4.072032094858801
    endloop
  endfacet
  facet normal -0.7505412515840101 -0.5939804292159049 -0.2896119461955893
    outer loop
      vertex 4.2232786651541385 -4.306692289212094 -4.072366444089265
      vertex 4.223113754998963 -4.306646933605081 -4.072032094858801
      vertex 4.223121789657118 -4.306589613497408 -4.0721704778401415
    endloop
  endfacet
  facet normal -0.7505412515857945 -0.593980429213031 -0.2896119461968593
    outer loop
      vertex 4.2232786651541385 -4.306692289212094 -4.072366444089265
      vertex 4.223576346831869 -4.307012280856816 -4.07248161062483
      vertex 4.223113754998963 -4.306646933605081 -4.072032094858801
    endloop
  endfacet
  facet normal -0.053696918323787285 -0.38200147837649834 0.9226004072623739
    outer loop
      vertex 4.223494246534451 -4.307085329084504 -4.072516634524321
      vertex 4.275642220207742 -4.400115191886262 -4.108000425104351
      vertex 4.310196347541016 -4.400124079688164 -4.105992995901937
    endloop
  endfacet
  facet normal -0.7505412515853594 -0.5939804292143618 -0.2896119461952577
    outer loop
      vertex 4.29336537343232 -4.403624364743706 -4.055195915926907
      vertex 4.223113754998963 -4.306646933605081 -4.072032094858801
      vertex 4.310196347541016 -4.400124079688164 -4.105992995901937
    endloop
  endfacet
  facet normal 0.32534551755168617 0.07649512590705235 -0.9424960423903592
    outer loop
      vertex 4.308452309918694 -4.545051116344991 -4.0621463832871045
      vertex 4.1654965086984355 -4.356015370813151 -4.096151529768519
      vertex 4.165541552291959 -4.3559719893269255 -4.096132459976509
    endloop
  endfacet
  facet normal 0.3253455175562825 0.07649512591082504 -0.9424960423884663
    outer loop
      vertex 4.308452309918694 -4.545051116344991 -4.0621463832871045
      vertex 4.165541552291959 -4.3559719893269255 -4.096132459976509
      vertex 4.174878533000345 -4.347053303358442 -4.092185514143534
    endloop
  endfacet
  facet normal 0.32534551755155344 0.0764951259068998 -0.9424960423904173
    outer loop
      vertex 4.308360803672099 -4.545124232382614 -4.062183905107962
      vertex 4.1654965086984355 -4.356015370813151 -4.096151529768519
      vertex 4.308452309918694 -4.545051116344991 -4.0621463832871045
    endloop
  endfacet
  facet normal 0.33771296340512863 0.0836215491204087 -0.9375272747343563
    outer loop
      vertex 4.308452309918694 -4.545051116344991 -4.0621463832871045
      vertex 4.194162617792076 -4.331297452194043 -4.084249951521048
      vertex 4.335902661998563 -4.522782207779441 -4.050272061676533
    endloop
  endfacet
  facet normal 0.3253455175562752 0.07649512591081954 -0.9424960423884693
    outer loop
      vertex 4.308452309918694 -4.545051116344991 -4.0621463832871045
      vertex 4.174878533000345 -4.347053303358442 -4.092185514143534
      vertex 4.194148715736493 -4.3313088009482215 -4.084255671540663
    endloop
  endfacet
  facet normal 0.3253455175855232 0.07649512592762801 -0.9424960423770088
    outer loop
      vertex 4.308452309918694 -4.545051116344991 -4.0621463832871045
      vertex 4.194148715736493 -4.3313088009482215 -4.084255671540663
      vertex 4.194162617792076 -4.331297452194043 -4.084249951521048
    endloop
  endfacet
  facet normal 0.3377129633955194 0.0836215491125593 -0.9375272747385179
    outer loop
      vertex 4.335902661998563 -4.522782207779441 -4.050272061676533
      vertex 4.194162617792076 -4.331297452194043 -4.084249951521048
      vertex 4.194245203115255 -4.331224683741384 -4.084213712420729
    endloop
  endfacet
  facet normal 0.3377129636073378 0.08362154884539011 -0.9375272746860472
    outer loop
      vertex 4.308509661927455 -4.545008371924662 -4.062121911602814
      vertex 4.308452309918694 -4.545051116344991 -4.0621463832871045
      vertex 4.335902661998563 -4.522782207779441 -4.050272061676533
    endloop
  endfacet
  facet normal 0.3204078490489931 0.06954934778588513 -0.9447230803205537
    outer loop
      vertex 4.335995071942893 -4.522711753825713 -4.050235533620065
      vertex 4.194245203115255 -4.331224683741384 -4.084213712420729
      vertex 4.223494246534451 -4.307085329084504 -4.072516634524321
    endloop
  endfacet
  facet normal 0.3204078490478131 0.06954934778492809 -0.9447230803210245
    outer loop
      vertex 4.335902661998563 -4.522782207779441 -4.050272061676533
      vertex 4.194245203115255 -4.331224683741384 -4.084213712420729
      vertex 4.335995071942893 -4.522711753825713 -4.050235533620065
    endloop
  endfacet
  facet normal 0.7505412515848999 0.5939804292142751 0.28961194619662656
    outer loop
      vertex 4.29336537343232 -4.403624364743706 -4.055195915926907
      vertex 4.364013687752264 -4.50101230339715 -4.0385458591425145
      vertex 4.223576346831869 -4.307012280856816 -4.07248161062483
    endloop
  endfacet
  facet normal 0.33284608883248124 0.07654037850440382 -0.9398696992707672
    outer loop
      vertex 4.335995071942893 -4.522711753825713 -4.050235533620065
      vertex 4.364013687752264 -4.50101230339715 -4.0385458591425145
      vertex 4.336052667654606 -4.522670810746224 -4.050211802345192
    endloop
  endfacet
  facet normal 0.33284608893608664 0.0765403783573151 -0.939869699246055
    outer loop
      vertex 4.335995071942893 -4.522711753825713 -4.050235533620065
      vertex 4.223494246534451 -4.307085329084504 -4.072516634524321
      vertex 4.364013687752264 -4.50101230339715 -4.0385458591425145
    endloop
  endfacet
  facet normal 0.32040830932457887 0.06954873632865197 -0.9447229692300556
    outer loop
      vertex 4.194245203115255 -4.331224683741384 -4.084213712420729
      vertex 4.2234330856850235 -4.307135804558207 -4.07254109349327
      vertex 4.223494246534451 -4.307085329084504 -4.072516634524321
    endloop
  endfacet
  facet normal 0.750541251584756 0.5939804292142397 0.28961194619707176
    outer loop
      vertex 4.29336537343232 -4.403624364743706 -4.055195915926907
      vertex 4.2232786651541385 -4.306692289212094 -4.072366444089265
      vertex 4.223121789657118 -4.306589613497408 -4.0721704778401415
    endloop
  endfacet
  facet normal 0.7505412515859938 0.5939804292144818 0.28961194619336744
    outer loop
      vertex 4.29336537343232 -4.403624364743706 -4.055195915926907
      vertex 4.223576346831869 -4.307012280856816 -4.07248161062483
      vertex 4.2232786651541385 -4.306692289212094 -4.072366444089265
    endloop
  endfacet
  facet normal 0.7505412515854382 0.5939804292143779 0.2896119461950206
    outer loop
      vertex 4.29336537343232 -4.403624364743706 -4.055195915926907
      vertex 4.223121789657118 -4.306589613497408 -4.0721704778401415
      vertex 4.223113754998963 -4.306646933605081 -4.072032094858801
    endloop
  endfacet
  facet normal 0.33284608893591006 0.07654037835717119 -0.9398696992461293
    outer loop
      vertex 4.364013687752264 -4.50101230339715 -4.0385458591425145
      vertex 4.223494246534451 -4.307085329084504 -4.072516634524321
      vertex 4.223576346831869 -4.307012280856816 -4.07248161062483
    endloop
  endfacet
  facet normal 0.3785637168058969 0.9142369918657219 -0.1444307274177502
    outer loop
      vertex 4.28928295218402 -4.1357195714215 4.196660455904448
      vertex 4.367067666161696 -4.15223811295459 4.295978717117392
      vertex 4.327101604246198 -4.156607405542252 4.163567351484398
    endloop
  endfacet
  facet normal 0.37856371680597856 0.9142369918656845 -0.1444307274177736
    outer loop
      vertex 4.327101604246198 -4.156607405542252 4.163567351484398
      vertex 4.367067666161696 -4.15223811295459 4.295978717117392
      vertex 4.367055566566575 -4.157327235960299 4.2637331897359285
    endloop
  endfacet
  facet normal 0.3785637168059058 0.9142369918657193 -0.14443072741774435
    outer loop
      vertex 4.327101604246198 -4.156607405542252 4.163567351484398
      vertex 4.367055566566575 -4.157327235960299 4.2637331897359285
      vertex 4.3969472935865825 -4.171439997465232 4.252748786547556
    endloop
  endfacet
  facet normal -0.6949204640755096 0.3838154611340943 0.6080881847261146
    outer loop
      vertex 4.327101604246198 -4.156607405542252 4.163567351484398
      vertex 4.3969472935865825 -4.171439997465232 4.252748786547556
      vertex 4.399360971958491 -4.169483054381763 4.254271936487985
    endloop
  endfacet
  facet normal 0.6949204640760952 -0.3838154611326771 -0.6080881847263396
    outer loop
      vertex 4.28928295218402 -4.1357195714215 4.196660455904448
      vertex 4.367788288423483 -4.152116981860837 4.296725785028575
      vertex 4.367067666161696 -4.15223811295459 4.295978717117392
    endloop
  endfacet
  facet normal 0.6949204640754186 -0.383815461134319 -0.6080881847260766
    outer loop
      vertex 4.28928295218402 -4.1357195714215 4.196660455904448
      vertex 4.456731975531617 -4.078608684291741 4.351972981137499
      vertex 4.367788288423483 -4.152116981860837 4.296725785028575
    endloop
  endfacet
  facet normal -0.6949204640754126 0.38381546113433623 0.6080881847260723
    outer loop
      vertex 4.327101604246198 -4.156607405542252 4.163567351484398
      vertex 4.399360971958491 -4.169483054381763 4.254271936487985
      vertex 4.494301910455183 -4.099816674334207 4.31879772113884
    endloop
  endfacet
  facet normal -0.6949204640754107 0.38381546113432446 0.6080881847260822
    outer loop
      vertex 4.399360971958491 -4.169483054381763 4.254271936487985
      vertex 4.405606940485644 -4.1730048159815905 4.263632680608505
      vertex 4.494301910455183 -4.099816674334207 4.31879772113884
    endloop
  endfacet
  facet normal 0.6949204640739954 -0.3838154611287175 -0.6080881847312384
    outer loop
      vertex 4.456731975531617 -4.078608684291741 4.351972981137499
      vertex 4.456483258393006 -4.078928840213454 4.3518908255588915
      vertex 4.367788288423483 -4.152116981860837 4.296725785028575
    endloop
  endfacet
  facet normal -0.10652818995656728 -0.8912577668751912 0.4408075971773003
    outer loop
      vertex 4.28928295218402 -4.1357195714215 4.196660455904448
      vertex 4.327101604246198 -4.156607405542252 4.163567351484398
      vertex 4.494301910455183 -4.099816674334207 4.31879772113884
    endloop
  endfacet
  facet normal -0.10652818995657211 -0.8912577668751872 0.4408075971773071
    outer loop
      vertex 4.28928295218402 -4.1357195714215 4.196660455904448
      vertex 4.494301910455183 -4.099816674334207 4.31879772113884
      vertex 4.456483258393006 -4.078928840213454 4.3518908255588915
    endloop
  endfacet
  facet normal -0.6949204640758135 0.3838154611310166 0.6080881847277095
    outer loop
      vertex 4.28928295218402 -4.1357195714215 4.196660455904448
      vertex 4.456483258393006 -4.078928840213454 4.3518908255588915
      vertex 4.456731975531617 -4.078608684291741 4.351972981137499
    endloop
  endfacet
  facet normal 0.37856371680593076 -0.914236991865712 -0.14443072741772545
    outer loop
      vertex 4.289282952184018 4.135719571421495 4.196660455904443
      vertex 4.327180540119807 4.156651003062103 4.163498278871661
      vertex 4.39705059582187 4.171488769481935 4.252710825763226
    endloop
  endfacet
  facet normal 0.6949204640754066 0.383815461134334 -0.6080881847260807
    outer loop
      vertex 4.289282952184018 4.135719571421495 4.196660455904443
      vertex 4.36778828842348 4.152116981860841 4.296725785028571
      vertex 4.457084221253738 4.078253881221794 4.352151579997839
    endloop
  endfacet
  facet normal 0.3785637168059267 -0.914236991865715 -0.1444307274177157
    outer loop
      vertex 4.289282952184018 4.135719571421495 4.196660455904443
      vertex 4.39705059582187 4.171488769481935 4.252710825763226
      vertex 4.367055566566577 4.157327235960299 4.263733189735928
    endloop
  endfacet
  facet normal 0.3785637168059309 -0.9142369918657125 -0.1444307274177216
    outer loop
      vertex 4.289282952184018 4.135719571421495 4.196660455904443
      vertex 4.367055566566577 4.157327235960299 4.263733189735928
      vertex 4.367067666161696 4.152238112954591 4.295978717117391
    endloop
  endfacet
  facet normal -0.6949204640754681 -0.38381546113416587 0.6080881847261164
    outer loop
      vertex 4.327180540119807 4.156651003062103 4.163498278871661
      vertex 4.39962525723296 4.169401305841649 4.2543355639307325
      vertex 4.39705059582187 4.171488769481935 4.252710825763226
    endloop
  endfacet
  facet normal 0.6949204640758574 0.3838154611332431 -0.6080881847262543
    outer loop
      vertex 4.289282952184018 4.135719571421495 4.196660455904443
      vertex 4.367067666161696 4.152238112954591 4.295978717117391
      vertex 4.36778828842348 4.152116981860841 4.296725785028571
    endloop
  endfacet
  facet normal 0.6949204640753479 0.3838154611341037 -0.6080881847262931
    outer loop
      vertex 4.456483258393013 4.07892884021345 4.351890825558893
      vertex 4.457084221253738 4.078253881221794 4.352151579997839
      vertex 4.36778828842348 4.152116981860841 4.296725785028571
    endloop
  endfacet
  facet normal -0.6949204640754084 -0.38381546113431647 0.6080881847260896
    outer loop
      vertex 4.327180540119807 4.156651003062103 4.163498278871661
      vertex 4.494380846328804 4.099860271854056 4.318728648526112
      vertex 4.39962525723296 4.169401305841649 4.2543355639307325
    endloop
  endfacet
  facet normal -0.6949204640754142 -0.3838154611343501 0.608088184726062
    outer loop
      vertex 4.40568587635927 4.173048413501449 4.263563607995789
      vertex 4.39962525723296 4.169401305841649 4.2543355639307325
      vertex 4.494380846328804 4.099860271854056 4.318728648526112
    endloop
  endfacet
  facet normal -0.10652818995658207 0.8912577668751919 0.4408075971772954
    outer loop
      vertex 4.289282952184018 4.135719571421495 4.196660455904443
      vertex 4.456483258393013 4.07892884021345 4.351890825558893
      vertex 4.327180540119807 4.156651003062103 4.163498278871661
    endloop
  endfacet
  facet normal -0.10652818995656031 0.8912577668752001 0.4408075971772838
    outer loop
      vertex 4.327180540119807 4.156651003062103 4.163498278871661
      vertex 4.456483258393013 4.07892884021345 4.351890825558893
      vertex 4.494380846328804 4.099860271854056 4.318728648526112
    endloop
  endfacet
  facet normal -0.6949204640754229 -0.3838154611342235 0.6080881847261318
    outer loop
      vertex 4.289282952184018 4.135719571421495 4.196660455904443
      vertex 4.457084221253738 4.078253881221794 4.352151579997839
      vertex 4.456483258393013 4.07892884021345 4.351890825558893
    endloop
  endfacet
  facet normal 0.37969808340063727 -0.12197941680990144 0.9170334712193439
    outer loop
      vertex 4.310109390249193 4.2087342136313595 -4.08898925751755
      vertex 4.40001815964764 4.250694994174314 -4.120634597401814
      vertex 4.400029944885584 4.29312340531002 -4.114995852277965
    endloop
  endfacet
  facet normal 0.5888708109613122 -0.7326409831111349 -0.34127460770428886
    outer loop
      vertex 4.310109390249193 4.2087342136313595 -4.08898925751755
      vertex 4.400029944885584 4.29312340531002 -4.114995852277965
      vertex 4.309719416059053 4.208224732034115 -4.088568415540331
    endloop
  endfacet
  facet normal 0.3796980834006454 -0.12197941680990129 0.9170334712193405
    outer loop
      vertex 4.310109390249193 4.2087342136313595 -4.08898925751755
      vertex 4.363037695141184 4.142883700057426 -4.119663364897854
      vertex 4.453269878171536 4.227565350655815 -4.145760088032037
    endloop
  endfacet
  facet normal -0.5888708109606754 0.7326409831109387 0.34127460770580886
    outer loop
      vertex 4.363037695141184 4.142883700057426 -4.119663364897854
      vertex 4.456445013083063 4.229259935775976 -4.143919277881865
      vertex 4.453269878171536 4.227565350655815 -4.145760088032037
    endloop
  endfacet
  facet normal -0.5888708109607611 0.7326409831109704 0.3412746077055932
    outer loop
      vertex 4.363037695141184 4.142883700057426 -4.119663364897854
      vertex 4.551113078795983 4.27571079349925 -4.080288822906852
      vertex 4.456445013083063 4.229259935775976 -4.143919277881865
    endloop
  endfacet
  facet normal 0.37969808340064726 -0.12197941680992895 0.917033471219336
    outer loop
      vertex 4.310109390249193 4.2087342136313595 -4.08898925751755
      vertex 4.453269878171536 4.227565350655815 -4.145760088032037
      vertex 4.40001815964764 4.250694994174314 -4.120634597401814
    endloop
  endfacet
  facet normal 0.5888708109607611 -0.7326409831109609 -0.34127460770561313
    outer loop
      vertex 4.309719416059053 4.208224732034115 -4.088568415540331
      vertex 4.400029944885584 4.29312340531002 -4.114995852277965
      vertex 4.497570979665197 4.341127056330685 -4.049741579990774
    endloop
  endfacet
  facet normal 0.5888708109601086 -0.7326409831124533 -0.34127460770353524
    outer loop
      vertex 4.400667865987157 4.293590008252773 -4.114896809814954
      vertex 4.497567445272558 4.341125322489672 -4.049743956427979
      vertex 4.400029944885584 4.29312340531002 -4.114995852277965
    endloop
  endfacet
  facet normal -0.24980191890547995 -0.5665599568204562 0.7852444311415031
    outer loop
      vertex 4.551113078795983 4.27571079349925 -4.080288822906852
      vertex 4.534050866838097 4.296938668119965 -4.0704005764797335
      vertex 4.456445013083063 4.229259935775976 -4.143919277881865
    endloop
  endfacet
  facet normal 0.5888708172067458 -0.7326409688573097 -0.34127462752757076
    outer loop
      vertex 4.497567445272558 4.341125322489672 -4.049743956427979
      vertex 4.497570979665197 4.341127056330685 -4.049741579990774
      vertex 4.400029944885584 4.29312340531002 -4.114995852277965
    endloop
  endfacet
  facet normal -0.5888708109608177 0.7326409831112525 0.3412746077048894
    outer loop
      vertex 4.310109390249193 4.2087342136313595 -4.08898925751755
      vertex 4.309719416059053 4.208224732034115 -4.088568415540331
      vertex 4.497570979665197 4.341127056330685 -4.049741579990774
    endloop
  endfacet
  facet normal -0.07056334419278937 0.37403445283078524 -0.9247264690447144
    outer loop
      vertex 4.310109390249193 4.2087342136313595 -4.08898925751755
      vertex 4.551113078795983 4.27571079349925 -4.080288822906852
      vertex 4.363037695141184 4.142883700057426 -4.119663364897854
    endloop
  endfacet
  facet normal -0.07056334419279521 0.374034452830796 -0.9247264690447096
    outer loop
      vertex 4.310109390249193 4.2087342136313595 -4.08898925751755
      vertex 4.497567445272558 4.341125322489672 -4.049743956427979
      vertex 4.532987447875621 4.297057684824693 -4.070271289874123
    endloop
  endfacet
  facet normal -0.5888708109481757 0.7326409830445509 0.34127460786989694
    outer loop
      vertex 4.310109390249193 4.2087342136313595 -4.08898925751755
      vertex 4.497570979665197 4.341127056330685 -4.049741579990774
      vertex 4.497567445272558 4.341125322489672 -4.049743956427979
    endloop
  endfacet
  facet normal -0.07056334419278579 0.37403445283077297 -0.9247264690447196
    outer loop
      vertex 4.310109390249193 4.2087342136313595 -4.08898925751755
      vertex 4.534050866838097 4.296938668119965 -4.0704005764797335
      vertex 4.551113078795983 4.27571079349925 -4.080288822906852
    endloop
  endfacet
  facet normal -0.07056334419286507 0.3740344528309539 -0.9247264690446403
    outer loop
      vertex 4.310109390249193 4.2087342136313595 -4.08898925751755
      vertex 4.532987447875621 4.297057684824693 -4.070271289874123
      vertex 4.534050866838097 4.296938668119965 -4.0704005764797335
    endloop
  endfacet
  facet normal 0.16050006766919686 -0.9836646015002689 -0.08150877273950427
    outer loop
      vertex 19.792705098312485 -5.802167847800139 -1.4693084483629002
      vertex 19.70363952723962 -5.9795069580400195 0.4954760728339962
      vertex 19.703639527239623 -5.816401595635982 -1.4729129228447957
    endloop
  endfacet
  facet normal 0.8043336663533927 -0.5921484613703958 -0.04906682043073775
    outer loop
      vertex 19.792705098312485 -5.802167847800139 -1.4693084483629002
      vertex 20 -5.526379764381781 -1.3994694206832647
      vertex 19.792705098312485 -5.964874062971827 0.49426355657915155
    endloop
  endfacet
  facet normal 0.16050006766918992 -0.9836646015002701 -0.0815087727395047
    outer loop
      vertex 19.792705098312485 -5.802167847800139 -1.4693084483629002
      vertex 19.792705098312485 -5.964874062971827 0.49426355657915155
      vertex 19.70363952723962 -5.9795069580400195 0.4954760728339962
    endloop
  endfacet
  facet normal 0.804333666353393 -0.5921484613703952 -0.04906682043073758
    outer loop
      vertex 19.792705098312485 -5.964874062971827 0.49426355657915155
      vertex 20 -5.526379764381781 -1.3994694206832647
      vertex 20 -5.681352243401822 0.4707702688032409
    endloop
  endfacet
  facet normal 0.16050006766919334 -0.9039010849054965 -0.39648777658945633
    outer loop
      vertex 19.792705098312485 -5.010706716409046 -3.273658084255221
      vertex 19.703639527239623 -5.816401595635982 -1.4729129228447957
      vertex 19.70363952723962 -5.022998869575172 -3.2816889487345593
    endloop
  endfacet
  facet normal 0.8043336663533917 -0.5441322538612017 -0.2386785358561588
    outer loop
      vertex 19.792705098312485 -5.010706716409046 -3.273658084255221
      vertex 20 -4.77253828727374 -3.118054883433296
      vertex 19.792705098312485 -5.802167847800139 -1.4693084483629002
    endloop
  endfacet
  facet normal 0.1605000676691962 -0.9039010849054963 -0.39648777658945605
    outer loop
      vertex 19.792705098312485 -5.010706716409046 -3.273658084255221
      vertex 19.792705098312485 -5.802167847800139 -1.4693084483629002
      vertex 19.703639527239623 -5.816401595635982 -1.4729129228447957
    endloop
  endfacet
  facet normal 0.8043336663533928 -0.5441322538612007 -0.238678535856158
    outer loop
      vertex 19.792705098312485 -5.802167847800139 -1.4693084483629002
      vertex 20 -4.77253828727374 -3.118054883433296
      vertex 20 -5.526379764381781 -1.3994694206832647
    endloop
  endfacet
  facet normal 0.1605000676691916 -0.726185860290787 -0.6685011777042091
    outer loop
      vertex 19.792705098312485 -5.010706716409046 -3.273658084255221
      vertex 19.70363952723962 -5.022998869575172 -3.2816889487345593
      vertex 19.792705098312485 -3.6762577631695557 -4.723256070679618
    endloop
  endfacet
  facet normal 0.16050006766919112 -0.726185860290787 -0.6685011777042092
    outer loop
      vertex 19.792705098312485 -3.6762577631695557 -4.723256070679618
      vertex 19.70363952723962 -5.022998869575172 -3.2816889487345593
      vertex 19.70363952723962 -3.6852762761380067 -4.734843056378361
    endloop
  endfacet
  facet normal 0.8043336663533925 -0.4371508735643049 -0.4024257284424974
    outer loop
      vertex 19.792705098312485 -5.010706716409046 -3.273658084255221
      vertex 19.792705098312485 -3.6762577631695557 -4.723256070679618
      vertex 20 -3.501518233178055 -4.498750717956888
    endloop
  endfacet
  facet normal 0.8043336663533919 -0.4371508735643053 -0.4024257284424981
    outer loop
      vertex 19.792705098312485 -5.010706716409046 -3.273658084255221
      vertex 20 -3.501518233178055 -4.498750717956888
      vertex 20 -4.77253828727374 -3.118054883433296
    endloop
  endfacet
  facet normal 0.1605000676691918 -0.4697771297789725 -0.8680721033501856
    outer loop
      vertex 19.792705098312485 -1.9434292382741063 -5.661015972976726
      vertex 19.792705098312485 -3.6762577631695557 -4.723256070679618
      vertex 19.70363952723962 -3.6852762761380067 -4.734843056378361
    endloop
  endfacet
  facet normal 0.16050006766919445 -0.46977712977897246 -0.8680721033501853
    outer loop
      vertex 19.792705098312485 -1.9434292382741063 -5.661015972976726
      vertex 19.70363952723962 -3.6852762761380067 -4.734843056378361
      vertex 19.703639527239623 -1.948196815228104 -5.674903450203807
    endloop
  endfacet
  facet normal 0.8043336663533932 -0.28279741302202654 -0.5225638490735441
    outer loop
      vertex 19.792705098312485 -1.9434292382741063 -5.661015972976726
      vertex 20 -1.8510543468641607 -5.391937106880168
      vertex 19.792705098312485 -3.6762577631695557 -4.723256070679618
    endloop
  endfacet
  facet normal 0.8043336663533922 -0.2827974130220268 -0.5225638490735453
    outer loop
      vertex 19.792705098312485 -3.6762577631695557 -4.723256070679618
      vertex 20 -1.8510543468641607 -5.391937106880168
      vertex 20 -3.501518233178055 -4.498750717956888
    endloop
  endfacet
  facet normal 0.16050006766919403 -0.16246075791238995 -0.9735739470716726
    outer loop
      vertex 19.792705098312485 -1.9434292382741063 -5.661015972976726
      vertex 19.703639527239623 -1.948196815228104 -5.674903450203807
      vertex 19.792705098312485 1.2395144683375392e-18 -5.985316954888546
    endloop
  endfacet
  facet normal 0.8043336663533932 -0.0977984647248322 -0.5860740682439158
    outer loop
      vertex 19.792705098312485 -1.9434292382741063 -5.661015972976726
      vertex 20 2.5255910117228067e-17 -5.700823445748517
      vertex 20 -1.8510543468641607 -5.391937106880168
    endloop
  endfacet
  facet normal 0.16050006766918679 -0.1624607579123898 -0.9735739470716738
    outer loop
      vertex 19.792705098312485 1.2395144683375392e-18 -5.985316954888546
      vertex 19.703639527239623 -1.948196815228104 -5.674903450203807
      vertex 19.70363952723962 0 -6
    endloop
  endfacet
  facet normal 0.8043336663533921 -0.09779846472483211 -0.5860740682439172
    outer loop
      vertex 19.792705098312485 -1.9434292382741063 -5.661015972976726
      vertex 19.792705098312485 1.2395144683375392e-18 -5.985316954888546
      vertex 20 2.5255910117228067e-17 -5.700823445748517
    endloop
  endfacet
  facet normal 0.8043336663533922 0.09779846472483228 -0.5860740682439172
    outer loop
      vertex 19.792705098312485 1.2395144683375392e-18 -5.985316954888546
      vertex 20 1.8510543468641578 -5.391937106880169
      vertex 20 2.5255910117228067e-17 -5.700823445748517
    endloop
  endfacet
  facet normal 0.16050006766918679 0.16246075791238995 -0.9735739470716738
    outer loop
      vertex 19.792705098312485 1.2395144683375392e-18 -5.985316954888546
      vertex 19.70363952723962 0 -6
      vertex 19.792705098312485 1.9434292382741034 -5.661015972976727
    endloop
  endfacet
  facet normal 0.1605000676691936 0.16246075791238945 -0.9735739470716728
    outer loop
      vertex 19.792705098312485 1.9434292382741034 -5.661015972976727
      vertex 19.70363952723962 0 -6
      vertex 19.703639527239623 1.9481968152281008 -5.674903450203808
    endloop
  endfacet
  facet normal 0.8043336663533931 0.09779846472483177 -0.586074068243916
    outer loop
      vertex 19.792705098312485 1.2395144683375392e-18 -5.985316954888546
      vertex 19.792705098312485 1.9434292382741034 -5.661015972976727
      vertex 20 1.8510543468641578 -5.391937106880169
    endloop
  endfacet
  facet normal 0.8043336663533932 0.28279741302202605 -0.5225638490735443
    outer loop
      vertex 19.792705098312485 1.9434292382741034 -5.661015972976727
      vertex 20 3.5015182331780554 -4.498750717956888
      vertex 20 1.8510543468641578 -5.391937106880169
    endloop
  endfacet
  facet normal 0.16050006766919328 0.4697771297789717 -0.8680721033501857
    outer loop
      vertex 19.792705098312485 1.9434292382741034 -5.661015972976727
      vertex 19.703639527239623 1.9481968152281008 -5.674903450203808
      vertex 19.792705098312485 3.676257763169556 -4.723256070679619
    endloop
  endfacet
  facet normal 0.16050006766918715 0.4697771297789724 -0.8680721033501864
    outer loop
      vertex 19.792705098312485 3.676257763169556 -4.723256070679619
      vertex 19.703639527239623 1.9481968152281008 -5.674903450203808
      vertex 19.703639527239623 3.6852762761380067 -4.734843056378361
    endloop
  endfacet
  facet normal 0.804333666353393 0.28279741302202616 -0.5225638490735446
    outer loop
      vertex 19.792705098312485 1.9434292382741034 -5.661015972976727
      vertex 19.792705098312485 3.676257763169556 -4.723256070679619
      vertex 20 3.5015182331780554 -4.498750717956888
    endloop
  endfacet
  facet normal 0.804333666353393 0.43715087356430404 -0.402425728442497
    outer loop
      vertex 19.792705098312485 3.676257763169556 -4.723256070679619
      vertex 20 4.772538287273739 -3.118054883433298
      vertex 20 3.5015182331780554 -4.498750717956888
    endloop
  endfacet
  facet normal 0.1605000676691873 0.7261858602907876 -0.6685011777042095
    outer loop
      vertex 19.792705098312485 3.676257763169556 -4.723256070679619
      vertex 19.703639527239623 3.6852762761380067 -4.734843056378361
      vertex 19.703639527239616 5.022998869575171 -3.281688948734561
    endloop
  endfacet
  facet normal 0.1605000676691851 0.7261858602907879 -0.6685011777042097
    outer loop
      vertex 19.792705098312485 3.676257763169556 -4.723256070679619
      vertex 19.703639527239616 5.022998869575171 -3.281688948734561
      vertex 19.792705098312485 5.010706716409045 -3.273658084255223
    endloop
  endfacet
  facet normal 0.8043336663533919 0.4371508735643056 -0.40242572844249797
    outer loop
      vertex 19.792705098312485 3.676257763169556 -4.723256070679619
      vertex 19.792705098312485 5.010706716409045 -3.273658084255223
      vertex 20 4.772538287273739 -3.118054883433298
    endloop
  endfacet
  facet normal 0.1605000676691871 0.9039010849054975 -0.39648777658945666
    outer loop
      vertex 19.792705098312485 5.010706716409045 -3.273658084255223
      vertex 19.703639527239616 5.022998869575171 -3.281688948734561
      vertex 19.792705098312485 5.802167847800139 -1.4693084483629
    endloop
  endfacet
  facet normal 0.8043336663533915 0.5441322538612018 -0.2386785358561585
    outer loop
      vertex 19.792705098312485 5.010706716409045 -3.273658084255223
      vertex 20 5.526379764381781 -1.3994694206832645
      vertex 20 4.772538287273739 -3.118054883433298
    endloop
  endfacet
  facet normal 0.16050006766919714 0.9039010849054958 -0.3964877765894564
    outer loop
      vertex 19.792705098312485 5.802167847800139 -1.4693084483629
      vertex 19.703639527239616 5.022998869575171 -3.281688948734561
      vertex 19.703639527239623 5.816401595635982 -1.4729129228447957
    endloop
  endfacet
  facet normal 0.8043336663533925 0.5441322538612006 -0.23867853585615828
    outer loop
      vertex 19.792705098312485 5.010706716409045 -3.273658084255223
      vertex 19.792705098312485 5.802167847800139 -1.4693084483629
      vertex 20 5.526379764381781 -1.3994694206832645
    endloop
  endfacet
  facet normal 0.16050006766919708 0.9836646015002689 -0.08150877273950467
    outer loop
      vertex 19.792705098312485 5.802167847800139 -1.4693084483629
      vertex 19.703639527239623 5.816401595635982 -1.4729129228447957
      vertex 19.792705098312485 5.964874062971827 0.4942635565791501
    endloop
  endfacet
  facet normal 0.8043336663533925 0.5921484613703958 -0.049066820430737665
    outer loop
      vertex 19.792705098312485 5.802167847800139 -1.4693084483629
      vertex 20 5.681352243401822 0.47077026880323936
      vertex 20 5.526379764381781 -1.3994694206832645
    endloop
  endfacet
  facet normal 0.16050006766919622 0.9836646015002691 -0.08150877273950465
    outer loop
      vertex 19.792705098312485 5.964874062971827 0.4942635565791501
      vertex 19.703639527239623 5.816401595635982 -1.4729129228447957
      vertex 19.703639527239623 5.9795069580400195 0.4954760728339947
    endloop
  endfacet
  facet normal 0.804333666353393 0.5921484613703951 -0.04906682043073774
    outer loop
      vertex 19.792705098312485 5.802167847800139 -1.4693084483629
      vertex 19.792705098312485 5.964874062971827 0.4942635565791501
      vertex 20 5.681352243401822 0.47077026880323936
    endloop
  endfacet
  facet normal 0.8043336663533931 0.575996194960044 0.1458620463385169
    outer loop
      vertex 19.792705098312485 5.964874062971827 0.4942635565791501
      vertex 20 5.220662051586266 2.289994694911555
      vertex 20 5.681352243401822 0.47077026880323936
    endloop
  endfacet
  facet normal 0.1605000676691961 0.9568327953935807 0.24230297137569226
    outer loop
      vertex 19.792705098312485 5.964874062971827 0.4942635565791501
      vertex 19.703639527239623 5.9795069580400195 0.4954760728339947
      vertex 19.792705098312485 5.481193618863202 2.404274435876573
    endloop
  endfacet
  facet normal 0.8043336663533928 0.5759961949600441 0.14586204633851702
    outer loop
      vertex 19.792705098312485 5.964874062971827 0.4942635565791501
      vertex 19.792705098312485 5.481193618863202 2.404274435876573
      vertex 20 5.220662051586266 2.289994694911555
    endloop
  endfacet
  facet normal 0.16050006766920064 0.9568327953935801 0.2423029713756919
    outer loop
      vertex 19.792705098312485 5.481193618863202 2.404274435876573
      vertex 19.703639527239623 5.9795069580400195 0.4954760728339947
      vertex 19.703639527239627 5.494639959930344 2.410172547917817
    endloop
  endfacet
  facet normal 0.8043336663533931 0.49742580332394465 0.3249844971041498
    outer loop
      vertex 19.792705098312485 5.481193618863202 2.404274435876573
      vertex 20 4.194232119563177 3.8610626628974267
      vertex 20 5.220662051586266 2.289994694911555
    endloop
  endfacet
  facet normal 0.1605000676691843 0.8263133091154609 0.5398574288243557
    outer loop
      vertex 19.792705098312485 4.403540796668802 4.053744873885108
      vertex 19.703639527239627 5.494639959930344 2.410172547917817
      vertex 19.70363952723962 4.41434346403879 4.0636894297544455
    endloop
  endfacet
  facet normal 0.8043336663533928 0.49742580332394465 0.32498449710414984
    outer loop
      vertex 19.792705098312485 4.403540796668802 4.053744873885108
      vertex 20 4.194232119563177 3.8610626628974267
      vertex 19.792705098312485 5.481193618863202 2.404274435876573
    endloop
  endfacet
  facet normal 0.1605000676691995 0.8263133091154591 0.5398574288243536
    outer loop
      vertex 19.792705098312485 4.403540796668802 4.053744873885108
      vertex 19.792705098312485 5.481193618863202 2.404274435876573
      vertex 19.703639527239627 5.494639959930344 2.410172547917817
    endloop
  endfacet
  facet normal 0.16050006766919786 0.6062499542226352 0.7789099571088018
    outer loop
      vertex 19.792705098312485 2.8486960011798 5.263929154475629
      vertex 19.70363952723962 4.41434346403879 4.0636894297544455
      vertex 19.703639527239623 2.8556843582224425 5.276842507238934
    endloop
  endfacet
  facet normal 0.8043336663533923 0.3649516075411077 0.46888983495451364
    outer loop
      vertex 19.792705098312485 4.403540796668802 4.053744873885108
      vertex 19.792705098312485 2.8486960011798 5.263929154475629
      vertex 20 2.7132920571686343 5.01372458079835
    endloop
  endfacet
  facet normal 0.8043336663533929 0.3649516075411074 0.4688898349545129
    outer loop
      vertex 19.792705098312485 4.403540796668802 4.053744873885108
      vertex 20 2.7132920571686343 5.01372458079835
      vertex 20 4.194232119563177 3.8610626628974267
    endloop
  endfacet
  facet normal 0.16050006766918504 0.6062499542226361 0.7789099571088038
    outer loop
      vertex 19.792705098312485 4.403540796668802 4.053744873885108
      vertex 19.70363952723962 4.41434346403879 4.0636894297544455
      vertex 19.792705098312485 2.8486960011798 5.263929154475629
    endloop
  endfacet
  facet normal 0.8043336663533933 0.19292924227354086 0.5619836836121359
    outer loop
      vertex 19.792705098312485 0.9851507918902116 5.90368503290228
      vertex 20 0.9383246993157801 5.623071644417306
      vertex 19.792705098312485 2.8486960011798 5.263929154475629
    endloop
  endfacet
  facet normal 0.16050006766918706 0.32049000985251846 0.9335555055072617
    outer loop
      vertex 19.792705098312485 0.9851507918902116 5.90368503290228
      vertex 19.703639527239623 2.8556843582224425 5.276842507238934
      vertex 19.703639527239623 0.9875675416844049 5.918167820416334
    endloop
  endfacet
  facet normal 0.8043336663533923 0.19292924227354102 0.5619836836121374
    outer loop
      vertex 19.792705098312485 2.8486960011798 5.263929154475629
      vertex 20 0.9383246993157801 5.623071644417306
      vertex 20 2.7132920571686343 5.01372458079835
    endloop
  endfacet
  facet normal 0.1605000676691981 0.3204900098525184 0.9335555055072599
    outer loop
      vertex 19.792705098312485 0.9851507918902116 5.90368503290228
      vertex 19.792705098312485 2.8486960011798 5.263929154475629
      vertex 19.703639527239623 2.8556843582224425 5.276842507238934
    endloop
  endfacet
  facet normal 0.16050006766918684 -3.710997100159415e-19 0.9870358292778365
    outer loop
      vertex 19.792705098312485 -0.9851507918902116 5.90368503290228
      vertex 19.703639527239623 0.9875675416844049 5.918167820416334
      vertex 19.703639527239623 -0.9875675416844049 5.918167820416334
    endloop
  endfacet
  facet normal 0.8043336663533935 0 0.5941778800750731
    outer loop
      vertex 19.792705098312485 -0.9851507918902116 5.90368503290228
      vertex 20 -0.9383246993157801 5.623071644417306
      vertex 19.792705098312485 0.9851507918902116 5.90368503290228
    endloop
  endfacet
  facet normal 0.16050006766918684 0 0.9870358292778364
    outer loop
      vertex 19.792705098312485 -0.9851507918902116 5.90368503290228
      vertex 19.792705098312485 0.9851507918902116 5.90368503290228
      vertex 19.703639527239623 0.9875675416844049 5.918167820416334
    endloop
  endfacet
  facet normal 0.8043336663533934 -3.2767747692736794e-18 0.5941778800750731
    outer loop
      vertex 19.792705098312485 0.9851507918902116 5.90368503290228
      vertex 20 -0.9383246993157801 5.623071644417306
      vertex 20 0.9383246993157801 5.623071644417306
    endloop
  endfacet
  facet normal 0.16050006766919842 -0.32049000985251785 0.9335555055072599
    outer loop
      vertex 19.792705098312485 -2.8486960011798 5.263929154475629
      vertex 19.703639527239623 -0.9875675416844049 5.918167820416334
      vertex 19.703639527239623 -2.8556843582224425 5.276842507238934
    endloop
  endfacet
  facet normal 0.8043336663533925 -0.19292924227354122 0.561983683612137
    outer loop
      vertex 19.792705098312485 -2.8486960011798 5.263929154475629
      vertex 20 -2.713292057168634 5.01372458079835
      vertex 19.792705098312485 -0.9851507918902116 5.90368503290228
    endloop
  endfacet
  facet normal 0.8043336663533934 -0.19292924227354064 0.561983683612136
    outer loop
      vertex 19.792705098312485 -0.9851507918902116 5.90368503290228
      vertex 20 -2.713292057168634 5.01372458079835
      vertex 20 -0.9383246993157801 5.623071644417306
    endloop
  endfacet
  facet normal 0.16050006766918656 -0.320490009852519 0.9335555055072616
    outer loop
      vertex 19.792705098312485 -2.8486960011798 5.263929154475629
      vertex 19.792705098312485 -0.9851507918902116 5.90368503290228
      vertex 19.703639527239623 -0.9875675416844049 5.918167820416334
    endloop
  endfacet
  facet normal 0.16050006766918504 -0.6062499542226365 0.7789099571088035
    outer loop
      vertex 19.792705098312485 -4.403540796668802 4.053744873885108
      vertex 19.703639527239623 -2.8556843582224425 5.276842507238934
      vertex 19.70363952723962 -4.41434346403879 4.0636894297544455
    endloop
  endfacet
  facet normal 0.8043336663533929 -0.3649516075411073 0.46888983495451303
    outer loop
      vertex 19.792705098312485 -4.403540796668802 4.053744873885108
      vertex 20 -4.194232119563177 3.8610626628974267
      vertex 19.792705098312485 -2.8486960011798 5.263929154475629
    endloop
  endfacet
  facet normal 0.16050006766919794 -0.6062499542226347 0.7789099571088023
    outer loop
      vertex 19.792705098312485 -4.403540796668802 4.053744873885108
      vertex 19.792705098312485 -2.8486960011798 5.263929154475629
      vertex 19.703639527239623 -2.8556843582224425 5.276842507238934
    endloop
  endfacet
  facet normal 0.8043336663533927 -0.3649516075411075 0.46888983495451325
    outer loop
      vertex 19.792705098312485 -2.8486960011798 5.263929154475629
      vertex 20 -4.194232119563177 3.8610626628974267
      vertex 20 -2.713292057168634 5.01372458079835
    endloop
  endfacet
  facet normal 0.16050006766918737 -0.8263133091154606 0.5398574288243548
    outer loop
      vertex 19.792705098312485 -5.481193618863203 2.4042744358765717
      vertex 19.70363952723962 -4.41434346403879 4.0636894297544455
      vertex 19.70363952723962 -5.494639959930345 2.4101725479178158
    endloop
  endfacet
  facet normal 0.8043336663533927 -0.49742580332394487 0.32498449710415
    outer loop
      vertex 19.792705098312485 -5.481193618863203 2.4042744358765717
      vertex 20 -5.220662051586267 2.289994694911554
      vertex 19.792705098312485 -4.403540796668802 4.053744873885108
    endloop
  endfacet
  facet normal 0.1605000676691844 -0.8263133091154612 0.5398574288243551
    outer loop
      vertex 19.792705098312485 -5.481193618863203 2.4042744358765717
      vertex 19.792705098312485 -4.403540796668802 4.053744873885108
      vertex 19.70363952723962 -4.41434346403879 4.0636894297544455
    endloop
  endfacet
  facet normal 0.8043336663533929 -0.49742580332394465 0.3249844971041499
    outer loop
      vertex 19.792705098312485 -4.403540796668802 4.053744873885108
      vertex 20 -5.220662051586267 2.289994694911554
      vertex 20 -4.194232119563177 3.8610626628974267
    endloop
  endfacet
  facet normal 0.16050006766919003 -0.9568327953935817 0.24230297137569254
    outer loop
      vertex 19.792705098312485 -5.964874062971827 0.49426355657915155
      vertex 19.70363952723962 -5.494639959930345 2.4101725479178158
      vertex 19.70363952723962 -5.9795069580400195 0.4954760728339962
    endloop
  endfacet
  facet normal 0.804333666353393 -0.575996194960044 0.1458620463385169
    outer loop
      vertex 19.792705098312485 -5.964874062971827 0.49426355657915155
      vertex 20 -5.681352243401822 0.4707702688032409
      vertex 19.792705098312485 -5.481193618863203 2.4042744358765717
    endloop
  endfacet
  facet normal 0.16050006766918848 -0.956832795393582 0.2423029713756925
    outer loop
      vertex 19.792705098312485 -5.964874062971827 0.49426355657915155
      vertex 19.792705098312485 -5.481193618863203 2.4042744358765717
      vertex 19.70363952723962 -5.494639959930345 2.4101725479178158
    endloop
  endfacet
  facet normal 0.8043336663533928 -0.5759961949600443 0.1458620463385169
    outer loop
      vertex 19.792705098312485 -5.481193618863203 2.4042744358765717
      vertex 20 -5.681352243401822 0.4707702688032409
      vertex 20 -5.220662051586267 2.289994694911554
    endloop
  endfacet
endsolid OpenSCAD_Model
