solid OpenSCAD_Model
  facet normal 0 0 -1
    outer loop
      vertex -18.374066656055025 -18 -3
      vertex -17.650196858875784 -18.02426351493081 -3
      vertex -18 -18.374066656055025 -3
    endloop
  endfacet
  facet normal -1 0 0
    outer loop
      vertex -20 -18 -1.374066656055024
      vertex -20 -18.374066656055025 -1
      vertex -20 -17.650196858875788 -1.024263514930808
    endloop
  endfacet
  facet normal -1 0 0
    outer loop
      vertex -20 -17.650196858875788 -1.024263514930808
      vertex -20 -18.374066656055025 -1
      vertex -20 -18.012183150539894 -0.6381164944848685
    endloop
  endfacet
  facet normal 0 -1 0
    outer loop
      vertex -18.374066656055025 -20 -0.9999999999999999
      vertex -18 -20 -1.3740666560550234
      vertex -18.02426351493082 -20 -0.650196858875794
    endloop
  endfacet
  facet normal 0 -1 0
    outer loop
      vertex -18 -20 -1.3740666560550234
      vertex -17.638116494484866 -20 -1.0121831505398953
      vertex -18.02426351493082 -20 -0.650196858875794
    endloop
  endfacet
  facet normal -1 0 0
    outer loop
      vertex -20 -17.650196858875788 -1.024263514930808
      vertex -20 -18.012183150539894 -0.6381164944848685
      vertex -20 -17.638116494484866 1.0121831505398953
    endloop
  endfacet
  facet normal -1 0 0
    outer loop
      vertex -20 -18.012183150539894 -0.6381164944848685
      vertex -20 -18.012183150539894 0.6381164944848685
      vertex -20 -17.638116494484866 1.0121831505398953
    endloop
  endfacet
  facet normal 0 -1 0
    outer loop
      vertex -18.02426351493082 -20 -0.650196858875794
      vertex -17.638116494484866 -20 -1.0121831505398953
      vertex -18.024263514930816 -20 0.6501968588757913
    endloop
  endfacet
  facet normal 0 -1 0
    outer loop
      vertex -18.024263514930816 -20 0.6501968588757913
      vertex -17.638116494484866 -20 -1.0121831505398953
      vertex -17.65019685887579 -20 1.0242635149308144
    endloop
  endfacet
  facet normal -1 0 0
    outer loop
      vertex -20 -18.012183150539894 0.6381164944848685
      vertex -20 -18.374066656055025 1
      vertex -20 -18 1.3740666560550234
    endloop
  endfacet
  facet normal -1 0 0
    outer loop
      vertex -20 -18.012183150539894 0.6381164944848685
      vertex -20 -18 1.3740666560550234
      vertex -20 -17.638116494484866 1.0121831505398953
    endloop
  endfacet
  facet normal 0 -1 0
    outer loop
      vertex -18.024263514930816 -20 0.6501968588757913
      vertex -17.65019685887579 -20 1.0242635149308144
      vertex -18.374066656055025 -20 1.0000000000000002
    endloop
  endfacet
  facet normal 0 -1 0
    outer loop
      vertex -18.374066656055025 -20 1.0000000000000002
      vertex -17.65019685887579 -20 1.0242635149308144
      vertex -18 -20 1.3740666560550243
    endloop
  endfacet
  facet normal 0 0 1
    outer loop
      vertex -18.374066656055025 -18 3
      vertex -18 -18.374066656055025 3
      vertex -18.02426351493081 -17.650196858875784 3
    endloop
  endfacet
  facet normal 0 0 1
    outer loop
      vertex -8.080313567917678 -5.870691446710926 3
      vertex -18.02426351493081 -17.650196858875784 3
      vertex -18 -18.374066656055025 3
    endloop
  endfacet
  facet normal 0 0 1
    outer loop
      vertex -8.080313567917678 -5.870691446710926 3
      vertex -18 -18.374066656055025 3
      vertex -17.638116494484866 -18.012183150539887 3
    endloop
  endfacet
  facet normal -1 0 0
    outer loop
      vertex -20 -17.650196858875788 -1.024263514930808
      vertex -20 -17.638116494484866 1.0121831505398953
      vertex -20 17.638116494484866 1.0121831505398948
    endloop
  endfacet
  facet normal 0 0 1
    outer loop
      vertex -8.080313567917678 -5.870691446710926 3
      vertex -9.987816849460113 0 3
      vertex -18.02426351493081 -17.650196858875784 3
    endloop
  endfacet
  facet normal 0 0 1
    outer loop
      vertex -9.987816849460113 0 3
      vertex -8.080313567917678 5.870691446710926 3
      vertex -18.02426351493081 -17.650196858875784 3
    endloop
  endfacet
  facet normal 0 0 -1
    outer loop
      vertex -18.374066656055025 -18 -3
      vertex 18.02426351493081 -17.650196858875788 -3
      vertex -17.650196858875784 -18.02426351493081 -3
    endloop
  endfacet
  facet normal 0 -1 0
    outer loop
      vertex 17.638116494484866 -20 -1.0121831505398953
      vertex -17.65019685887579 -20 1.0242635149308144
      vertex -17.638116494484866 -20 -1.0121831505398953
    endloop
  endfacet
  facet normal 0 0 1
    outer loop
      vertex -8.080313567917678 -5.870691446710926 3
      vertex -17.638116494484866 -18.012183150539887 3
      vertex -3.0864051431876205 -9.49897829824157 3
    endloop
  endfacet
  facet normal 0 0 1
    outer loop
      vertex -3.0864051431876205 -9.49897829824157 3
      vertex -17.638116494484866 -18.012183150539887 3
      vertex 3.0864051431876205 -9.49897829824157 3
    endloop
  endfacet
  facet normal 0 0 -1
    outer loop
      vertex -18.374066656055025 -18 -3
      vertex -18.01218315053989 -17.638116494484866 -3
      vertex 18.37406665605502 18 -3
    endloop
  endfacet
  facet normal 0 0 -1
    outer loop
      vertex -18.01218315053989 -17.638116494484866 -3
      vertex -18.01218315053989 17.63811649448487 -3
      vertex -17.638116494484866 18.012183150539887 -3
    endloop
  endfacet
  facet normal -1 0 0
    outer loop
      vertex -20 -17.650196858875788 -1.024263514930808
      vertex -20 18.02426351493082 -0.6501968588757937
      vertex -20 17.650196858875777 -1.0242635149307993
    endloop
  endfacet
  facet normal -1 0 0
    outer loop
      vertex -20 -17.650196858875788 -1.024263514930808
      vertex -20 18.02426351493082 0.6501968588757937
      vertex -20 18.02426351493082 -0.6501968588757937
    endloop
  endfacet
  facet normal -1 0 0
    outer loop
      vertex -20 -17.650196858875788 -1.024263514930808
      vertex -20 17.638116494484866 1.0121831505398948
      vertex -20 18.02426351493082 0.6501968588757937
    endloop
  endfacet
  facet normal 0 0 1
    outer loop
      vertex -8.080313567917678 5.870691446710926 3
      vertex -18.02426351493081 17.650196858875784 3
      vertex -18.02426351493081 -17.650196858875784 3
    endloop
  endfacet
  facet normal 0 0 -1
    outer loop
      vertex -18.374066656055025 18 -3
      vertex -18 18.374066656055025 -3
      vertex -18.01218315053989 17.63811649448487 -3
    endloop
  endfacet
  facet normal 0 0 -1
    outer loop
      vertex -18.01218315053989 17.63811649448487 -3
      vertex -18 18.374066656055025 -3
      vertex -17.638116494484866 18.012183150539887 -3
    endloop
  endfacet
  facet normal -1 0 0
    outer loop
      vertex -20 17.650196858875777 -1.0242635149307993
      vertex -20 18.02426351493082 -0.6501968588757937
      vertex -20 18 -1.3740666560550243
    endloop
  endfacet
  facet normal -1 0 0
    outer loop
      vertex -20 18 -1.3740666560550243
      vertex -20 18.02426351493082 -0.6501968588757937
      vertex -20 18.374066656055028 -0.9999999999999999
    endloop
  endfacet
  facet normal 0 1 0
    outer loop
      vertex -18 20 -1.374066656055025
      vertex -18.374066656055025 20 -1
      vertex -17.65019685887579 20 -1.0242635149308144
    endloop
  endfacet
  facet normal 0 1 0
    outer loop
      vertex -17.65019685887579 20 -1.0242635149308144
      vertex -18.374066656055025 20 -1
      vertex -18.012183150539894 20 -0.6381164944848678
    endloop
  endfacet
  facet normal 0 1 0
    outer loop
      vertex -17.65019685887579 20 -1.0242635149308144
      vertex -18.012183150539894 20 -0.6381164944848678
      vertex -17.638116494484866 20 1.0121831505398953
    endloop
  endfacet
  facet normal 0 1 0
    outer loop
      vertex -18.012183150539894 20 -0.6381164944848678
      vertex -18.012183150539894 20 0.6381164944848678
      vertex -17.638116494484866 20 1.0121831505398953
    endloop
  endfacet
  facet normal -1 0 0
    outer loop
      vertex -20 17.638116494484866 1.0121831505398948
      vertex -20 18.374066656055028 1.0000000000000002
      vertex -20 18.02426351493082 0.6501968588757937
    endloop
  endfacet
  facet normal -1 0 0
    outer loop
      vertex -20 17.638116494484866 1.0121831505398948
      vertex -20 18 1.3740666560550234
      vertex -20 18.374066656055028 1.0000000000000002
    endloop
  endfacet
  facet normal 0 1 0
    outer loop
      vertex -18.012183150539894 20 0.6381164944848678
      vertex -18.374066656055025 20 1
      vertex -18 20 1.3740666560550236
    endloop
  endfacet
  facet normal 0 1 0
    outer loop
      vertex -18.012183150539894 20 0.6381164944848678
      vertex -18 20 1.3740666560550236
      vertex -17.638116494484866 20 1.0121831505398953
    endloop
  endfacet
  facet normal 0 0 1
    outer loop
      vertex -18 18.374066656055025 3
      vertex -18.37406665605502 18 3
      vertex -18.02426351493081 17.650196858875784 3
    endloop
  endfacet
  facet normal 0 0 1
    outer loop
      vertex -8.080313567917678 5.870691446710926 3
      vertex -18 18.374066656055025 3
      vertex -18.02426351493081 17.650196858875784 3
    endloop
  endfacet
  facet normal 0 0 1
    outer loop
      vertex -8.080313567917678 5.870691446710926 3
      vertex -17.650196858875784 18.02426351493081 3
      vertex -18 18.374066656055025 3
    endloop
  endfacet
  facet normal 0 0 -1
    outer loop
      vertex -18.01218315053989 -17.638116494484866 -3
      vertex -17.638116494484866 18.012183150539887 -3
      vertex 17.63811649448487 18.01218315053989 -3
    endloop
  endfacet
  facet normal 0 1 0
    outer loop
      vertex 17.638116494484866 20 1.0121831505398953
      vertex -17.65019685887579 20 -1.0242635149308144
      vertex -17.638116494484866 20 1.0121831505398953
    endloop
  endfacet
  facet normal 0 0 1
    outer loop
      vertex -8.080313567917678 5.870691446710926 3
      vertex -3.0864051431876205 9.49897829824157 3
      vertex -17.650196858875784 18.02426351493081 3
    endloop
  endfacet
  facet normal 0 0 1
    outer loop
      vertex -3.0864051431876205 9.49897829824157 3
      vertex 3.0864051431876205 9.49897829824157 3
      vertex -17.650196858875784 18.02426351493081 3
    endloop
  endfacet
  facet normal 0 0 -1
    outer loop
      vertex -17.650196858875784 -18.02426351493081 -3
      vertex 18.02426351493081 -17.650196858875788 -3
      vertex 17.650196858875784 -18.024263514930812 -3
    endloop
  endfacet
  facet normal 0 -1 0
    outer loop
      vertex 17.638116494484866 -20 -1.0121831505398953
      vertex 17.650196858875784 -20 1.024263514930805
      vertex -17.65019685887579 -20 1.0242635149308144
    endloop
  endfacet
  facet normal 0 0 1
    outer loop
      vertex 3.0864051431876205 -9.49897829824157 3
      vertex -17.638116494484866 -18.012183150539887 3
      vertex 17.63811649448487 -18.01218315053989 3
    endloop
  endfacet
  facet normal 0 0 1
    outer loop
      vertex 3.0864051431876205 -9.49897829824157 3
      vertex 17.63811649448487 -18.01218315053989 3
      vertex 8.080313567917678 -5.870691446710926 3
    endloop
  endfacet
  facet normal 0 0 -1
    outer loop
      vertex -18.374066656055025 -18 -3
      vertex 18.02426351493081 17.650196858875788 -3
      vertex 18.02426351493081 -17.650196858875788 -3
    endloop
  endfacet
  facet normal 0 0 -1
    outer loop
      vertex 17.650196858875784 -18.024263514930812 -3
      vertex 18.02426351493081 -17.650196858875788 -3
      vertex 18 -18.374066656055025 -3
    endloop
  endfacet
  facet normal 0 0 -1
    outer loop
      vertex 18 -18.374066656055025 -3
      vertex 18.02426351493081 -17.650196858875788 -3
      vertex 18.374066656055025 -18 -3
    endloop
  endfacet
  facet normal 0 -1 0
    outer loop
      vertex 18 -20 -1.3740666560550234
      vertex 18.374066656055025 -20 -1
      vertex 17.638116494484866 -20 -1.0121831505398953
    endloop
  endfacet
  facet normal 0 -1 0
    outer loop
      vertex 17.638116494484866 -20 -1.0121831505398953
      vertex 18.374066656055025 -20 -1
      vertex 18.0121831505399 -20 -0.6381164944848695
    endloop
  endfacet
  facet normal 1 0 0
    outer loop
      vertex 20 -18.374066656055028 -0.9999999999999999
      vertex 20 -18 -1.3740666560550239
      vertex 20 -18.024263514930823 -0.6501968588757959
    endloop
  endfacet
  facet normal 1 0 0
    outer loop
      vertex 20 -18 -1.3740666560550239
      vertex 20 -17.638116494484866 -1.0121831505398953
      vertex 20 -18.024263514930823 -0.6501968588757959
    endloop
  endfacet
  facet normal 0 -1 0
    outer loop
      vertex 17.638116494484866 -20 -1.0121831505398953
      vertex 18.0121831505399 -20 -0.6381164944848695
      vertex 17.650196858875784 -20 1.024263514930805
    endloop
  endfacet
  facet normal 0 -1 0
    outer loop
      vertex 18.0121831505399 -20 -0.6381164944848695
      vertex 18.012183150539894 -20 0.6381164944848678
      vertex 17.650196858875784 -20 1.024263514930805
    endloop
  endfacet
  facet normal 1 0 0
    outer loop
      vertex 20 -18.024263514930823 -0.6501968588757959
      vertex 20 -17.638116494484866 -1.0121831505398953
      vertex 20 -18.024263514930816 0.6501968588757914
    endloop
  endfacet
  facet normal 1 0 0
    outer loop
      vertex 20 -18.024263514930816 0.6501968588757914
      vertex 20 -17.638116494484866 -1.0121831505398953
      vertex 20 -17.65019685887579 1.0242635149308195
    endloop
  endfacet
  facet normal 0 -1 0
    outer loop
      vertex 18.012183150539894 -20 0.6381164944848678
      vertex 18 -20 1.3740666560550248
      vertex 17.650196858875784 -20 1.024263514930805
    endloop
  endfacet
  facet normal 0 -1 0
    outer loop
      vertex 18.012183150539894 -20 0.6381164944848678
      vertex 18.374066656055025 -20 1
      vertex 18 -20 1.3740666560550248
    endloop
  endfacet
  facet normal 1 0 0
    outer loop
      vertex 20 -18.024263514930816 0.6501968588757914
      vertex 20 -17.65019685887579 1.0242635149308195
      vertex 20 -18.374066656055028 1.0000000000000002
    endloop
  endfacet
  facet normal 1 0 0
    outer loop
      vertex 20 -18.374066656055028 1.0000000000000002
      vertex 20 -17.65019685887579 1.0242635149308195
      vertex 20 -18 1.3740666560550243
    endloop
  endfacet
  facet normal 0 0 1
    outer loop
      vertex 8.080313567917678 -5.870691446710926 3
      vertex 17.63811649448487 -18.01218315053989 3
      vertex 18 -18.374066656055025 3
    endloop
  endfacet
  facet normal 0 0 1
    outer loop
      vertex 8.080313567917678 -5.870691446710926 3
      vertex 18 -18.374066656055025 3
      vertex 18.012183150539887 -17.638116494484866 3
    endloop
  endfacet
  facet normal 0 0 1
    outer loop
      vertex 18 -18.374066656055025 3
      vertex 18.374066656055025 -18 3
      vertex 18.012183150539887 -17.638116494484866 3
    endloop
  endfacet
  facet normal 1 0 0
    outer loop
      vertex 20 17.638116494484866 -1.0121831505398948
      vertex 20 -17.65019685887579 1.0242635149308195
      vertex 20 -17.638116494484866 -1.0121831505398953
    endloop
  endfacet
  facet normal 0 0 1
    outer loop
      vertex 8.080313567917678 -5.870691446710926 3
      vertex 18.012183150539887 -17.638116494484866 3
      vertex 18.01218315053989 17.638116494484866 3
    endloop
  endfacet
  facet normal 0 0 -1
    outer loop
      vertex -18.374066656055025 -18 -3
      vertex 18.37406665605502 18 -3
      vertex 18.02426351493081 17.650196858875788 -3
    endloop
  endfacet
  facet normal 0 0 -1
    outer loop
      vertex -18.01218315053989 -17.638116494484866 -3
      vertex 17.63811649448487 18.01218315053989 -3
      vertex 18.37406665605502 18 -3
    endloop
  endfacet
  facet normal 0 1 0
    outer loop
      vertex -17.65019685887579 20 -1.0242635149308144
      vertex 18.02426351493082 20 -0.6501968588757938
      vertex 17.650196858875784 20 -1.024263514930805
    endloop
  endfacet
  facet normal 0 1 0
    outer loop
      vertex -17.65019685887579 20 -1.0242635149308144
      vertex 18.02426351493082 20 0.6501968588757938
      vertex 18.02426351493082 20 -0.6501968588757938
    endloop
  endfacet
  facet normal 0 1 0
    outer loop
      vertex -17.65019685887579 20 -1.0242635149308144
      vertex 17.638116494484866 20 1.0121831505398953
      vertex 18.02426351493082 20 0.6501968588757938
    endloop
  endfacet
  facet normal 0 0 1
    outer loop
      vertex 3.0864051431876205 9.49897829824157 3
      vertex 17.650196858875784 18.024263514930812 3
      vertex -17.650196858875784 18.02426351493081 3
    endloop
  endfacet
  facet normal 0 0 1
    outer loop
      vertex 3.0864051431876205 9.49897829824157 3
      vertex 8.080313567917678 5.870691446710926 3
      vertex 17.650196858875784 18.024263514930812 3
    endloop
  endfacet
  facet normal 1 0 0
    outer loop
      vertex 20 17.638116494484866 -1.0121831505398948
      vertex 20 17.650196858875795 1.0242635149308201
      vertex 20 -17.65019685887579 1.0242635149308195
    endloop
  endfacet
  facet normal 0 0 1
    outer loop
      vertex 8.080313567917678 -5.870691446710926 3
      vertex 18.01218315053989 17.638116494484866 3
      vertex 9.987816849460113 0 3
    endloop
  endfacet
  facet normal 0 0 1
    outer loop
      vertex 9.987816849460113 0 3
      vertex 18.01218315053989 17.638116494484866 3
      vertex 8.080313567917678 5.870691446710926 3
    endloop
  endfacet
  facet normal 0 0 -1
    outer loop
      vertex 17.63811649448487 18.01218315053989 -3
      vertex 18 18.374066656055025 -3
      vertex 18.37406665605502 18 -3
    endloop
  endfacet
  facet normal 0 1 0
    outer loop
      vertex 17.650196858875784 20 -1.024263514930805
      vertex 18.02426351493082 20 -0.6501968588757938
      vertex 18 20 -1.3740666560550259
    endloop
  endfacet
  facet normal 0 1 0
    outer loop
      vertex 18 20 -1.3740666560550259
      vertex 18.02426351493082 20 -0.6501968588757938
      vertex 18.374066656055025 20 -0.9999999999999999
    endloop
  endfacet
  facet normal 1 0 0
    outer loop
      vertex 20 18 -1.3740666560550239
      vertex 20 18.374066656055025 -1
      vertex 20 17.638116494484866 -1.0121831505398948
    endloop
  endfacet
  facet normal 1 0 0
    outer loop
      vertex 20 17.638116494484866 -1.0121831505398948
      vertex 20 18.374066656055025 -1
      vertex 20 18.012183150539897 -0.6381164944848688
    endloop
  endfacet
  facet normal 1 0 0
    outer loop
      vertex 20 17.638116494484866 -1.0121831505398948
      vertex 20 18.012183150539897 -0.6381164944848688
      vertex 20 17.650196858875795 1.0242635149308201
    endloop
  endfacet
  facet normal 1 0 0
    outer loop
      vertex 20 18.012183150539897 -0.6381164944848688
      vertex 20 18.01218315053989 0.6381164944848681
      vertex 20 17.650196858875795 1.0242635149308201
    endloop
  endfacet
  facet normal 0 1 0
    outer loop
      vertex 17.638116494484866 20 1.0121831505398953
      vertex 18.374066656055025 20 1.0000000000000002
      vertex 18.02426351493082 20 0.6501968588757938
    endloop
  endfacet
  facet normal 0 1 0
    outer loop
      vertex 17.638116494484866 20 1.0121831505398953
      vertex 18 20 1.3740666560550236
      vertex 18.374066656055025 20 1.0000000000000002
    endloop
  endfacet
  facet normal 1 0 0
    outer loop
      vertex 20 18.01218315053989 0.6381164944848681
      vertex 20 18 1.3740666560550248
      vertex 20 17.650196858875795 1.0242635149308201
    endloop
  endfacet
  facet normal 1 0 0
    outer loop
      vertex 20 18.01218315053989 0.6381164944848681
      vertex 20 18.374066656055025 1
      vertex 20 18 1.3740666560550248
    endloop
  endfacet
  facet normal 0 0 1
    outer loop
      vertex 8.080313567917678 5.870691446710926 3
      vertex 18 18.37406665605502 3
      vertex 17.650196858875784 18.024263514930812 3
    endloop
  endfacet
  facet normal 0 0 1
    outer loop
      vertex 8.080313567917678 5.870691446710926 3
      vertex 18.01218315053989 17.638116494484866 3
      vertex 18 18.37406665605502 3
    endloop
  endfacet
  facet normal 0 0 1
    outer loop
      vertex 18.01218315053989 17.638116494484866 3
      vertex 18.374066656055025 18 3
      vertex 18 18.37406665605502 3
    endloop
  endfacet
  facet normal -0.587785252292473 -0.8090169943749475 0
    outer loop
      vertex -6.47213595499958 -4.702282018339785 4.9757364850691985
      vertex -2.472135954999579 -7.608452130361228 4.975736485069187
      vertex -6.47213595499958 -4.702282018339785 15.024263514930801
    endloop
  endfacet
  facet normal -0.9510565162951535 -0.3090169943749474 1.568768274535054e-18
    outer loop
      vertex -6.47213595499958 -4.702282018339785 4.9757364850691985
      vertex -8 0 15.024263514930807
      vertex -8 0 4.975736485069197
    endloop
  endfacet
  facet normal -0.9510565162951535 -0.3090169943749474 0
    outer loop
      vertex -6.47213595499958 -4.702282018339785 4.9757364850691985
      vertex -6.47213595499958 -4.702282018339785 15.024263514930801
      vertex -8 0 15.024263514930807
    endloop
  endfacet
  facet normal 0 -1 0
    outer loop
      vertex -2.472135954999579 -7.608452130361228 4.975736485069187
      vertex 2.4721359549995796 -7.608452130361228 4.975736485069188
      vertex -2.472135954999579 -7.608452130361228 15.024263514930805
    endloop
  endfacet
  facet normal -0.587785252292473 -0.8090169943749475 0
    outer loop
      vertex -2.472135954999579 -7.608452130361228 4.975736485069187
      vertex -2.472135954999579 -7.608452130361228 15.024263514930805
      vertex -6.47213595499958 -4.702282018339785 15.024263514930801
    endloop
  endfacet
  facet normal 0 0 1
    outer loop
      vertex -6.012183150539889 0 17
      vertex -4.863958342081483 -3.533872589968645 17
      vertex -1.857866766811538 -5.717925962480886 17
    endloop
  endfacet
  facet normal 0 0 1
    outer loop
      vertex -1.857866766811538 -5.717925962480886 17
      vertex -4.863958342081483 3.533872589968645 17
      vertex -6.012183150539889 0 17
    endloop
  endfacet
  facet normal 0 0 1
    outer loop
      vertex -1.857866766811538 -5.717925962480886 17
      vertex 1.8578667668115383 -5.717925962480886 17
      vertex -4.863958342081483 3.533872589968645 17
    endloop
  endfacet
  facet normal -0.9510565162951535 0.30901699437494734 -1.5687682745350548e-18
    outer loop
      vertex -8 0 4.975736485069197
      vertex -6.47213595499958 4.702282018339785 15.024263514930801
      vertex -6.47213595499958 4.702282018339785 4.9757364850691985
    endloop
  endfacet
  facet normal -0.9510565162951535 0.3090169943749474 0
    outer loop
      vertex -8 0 4.975736485069197
      vertex -8 0 15.024263514930807
      vertex -6.47213595499958 4.702282018339785 15.024263514930801
    endloop
  endfacet
  facet normal -0.587785252292473 0.8090169943749475 0
    outer loop
      vertex -6.47213595499958 4.702282018339785 4.9757364850691985
      vertex -6.47213595499958 4.702282018339785 15.024263514930801
      vertex -2.472135954999579 7.608452130361228 15.024263514930805
    endloop
  endfacet
  facet normal -0.587785252292473 0.8090169943749475 0
    outer loop
      vertex -6.47213595499958 4.702282018339785 4.9757364850691985
      vertex -2.472135954999579 7.608452130361228 15.024263514930805
      vertex -2.4721359549995796 7.608452130361228 4.975736485069188
    endloop
  endfacet
  facet normal 0 1 0
    outer loop
      vertex -2.4721359549995796 7.608452130361228 4.975736485069188
      vertex -2.472135954999579 7.608452130361228 15.024263514930805
      vertex 2.472135954999579 7.608452130361228 15.024263514930805
    endloop
  endfacet
  facet normal 0 0 1
    outer loop
      vertex 1.8578667668115383 -5.717925962480886 17
      vertex -1.8578667668115383 5.717925962480886 17
      vertex -4.863958342081483 3.533872589968645 17
    endloop
  endfacet
  facet normal 0.587785252292473 -0.8090169943749475 2.5976850883355668e-17
    outer loop
      vertex 2.4721359549995796 -7.608452130361228 4.975736485069188
      vertex 6.47213595499958 -4.702282018339785 4.9757364850691985
      vertex 2.472135954999579 -7.608452130361228 15.024263514930805
    endloop
  endfacet
  facet normal 0 -1 0
    outer loop
      vertex 2.4721359549995796 -7.608452130361228 4.975736485069188
      vertex 2.472135954999579 -7.608452130361228 15.024263514930805
      vertex -2.472135954999579 -7.608452130361228 15.024263514930805
    endloop
  endfacet
  facet normal 0.587785252292473 -0.8090169943749475 0
    outer loop
      vertex 6.47213595499958 -4.702282018339785 4.9757364850691985
      vertex 6.47213595499958 -4.702282018339785 15.024263514930801
      vertex 2.472135954999579 -7.608452130361228 15.024263514930805
    endloop
  endfacet
  facet normal 0.9510565162951535 -0.3090169943749474 0
    outer loop
      vertex 6.47213595499958 -4.702282018339785 4.9757364850691985
      vertex 8 0 4.975736485069197
      vertex 6.47213595499958 -4.702282018339785 15.024263514930801
    endloop
  endfacet
  facet normal 0.9510565162951535 -0.3090169943749474 0
    outer loop
      vertex 8 0 4.975736485069197
      vertex 8 0 15.024263514930807
      vertex 6.47213595499958 -4.702282018339785 15.024263514930801
    endloop
  endfacet
  facet normal 0 0 1
    outer loop
      vertex -1.8578667668115383 5.717925962480886 17
      vertex 1.8578667668115383 -5.717925962480886 17
      vertex 4.863958342081483 -3.533872589968645 17
    endloop
  endfacet
  facet normal 0 1 0
    outer loop
      vertex -2.4721359549995796 7.608452130361228 4.975736485069188
      vertex 2.472135954999579 7.608452130361228 15.024263514930805
      vertex 2.472135954999579 7.608452130361228 4.975736485069187
    endloop
  endfacet
  facet normal 0.587785252292473 0.8090169943749475 0
    outer loop
      vertex 2.472135954999579 7.608452130361228 4.975736485069187
      vertex 2.472135954999579 7.608452130361228 15.024263514930805
      vertex 6.47213595499958 4.702282018339785 15.024263514930801
    endloop
  endfacet
  facet normal 0.9510565162951535 0.3090169943749474 1.568768274535054e-18
    outer loop
      vertex 6.47213595499958 4.702282018339785 4.9757364850691985
      vertex 8 0 15.024263514930807
      vertex 8 0 4.975736485069197
    endloop
  endfacet
  facet normal 0.9510565162951535 0.3090169943749474 0
    outer loop
      vertex 6.47213595499958 4.702282018339785 4.9757364850691985
      vertex 6.47213595499958 4.702282018339785 15.024263514930801
      vertex 8 0 15.024263514930807
    endloop
  endfacet
  facet normal 0.587785252292473 0.8090169943749475 0
    outer loop
      vertex 2.472135954999579 7.608452130361228 4.975736485069187
      vertex 6.47213595499958 4.702282018339785 15.024263514930801
      vertex 6.47213595499958 4.702282018339785 4.9757364850691985
    endloop
  endfacet
  facet normal 0 0 1
    outer loop
      vertex 4.863958342081483 -3.533872589968645 17
      vertex 1.857866766811538 5.717925962480886 17
      vertex -1.8578667668115383 5.717925962480886 17
    endloop
  endfacet
  facet normal 0 0 1
    outer loop
      vertex 1.857866766811538 5.717925962480886 17
      vertex 4.863958342081483 -3.533872589968645 17
      vertex 6.012183150539889 0 17
    endloop
  endfacet
  facet normal 0 0 1
    outer loop
      vertex 6.012183150539889 0 17
      vertex 4.863958342081483 3.533872589968645 17
      vertex 1.857866766811538 5.717925962480886 17
    endloop
  endfacet
  facet normal -0.31034962397631416 -0.10083870554838072 0.9452590472251972
    outer loop
      vertex -8.080313567917678 -5.870691446710926 3
      vertex -7.139113427454321 -5.186869517299678 3.381966011250105
      vertex -9.987816849460113 0 3
    endloop
  endfacet
  facet normal -0.7824360014318159 -0.2542288679069154 0.5684730304826778
    outer loop
      vertex -7.139113427454321 -5.186869517299678 3.381966011250105
      vertex -6.5513281751618475 -4.759818534174836 4.381966011250105
      vertex -8.824429495415053 0 3.381966011250105
    endloop
  endfacet
  facet normal -0.310349623976314 -0.10083870554838062 0.9452590472251973
    outer loop
      vertex -7.139113427454321 -5.186869517299678 3.381966011250105
      vertex -8.824429495415053 0 3.381966011250105
      vertex -9.987816849460113 0 3
    endloop
  endfacet
  facet normal -0.782436001431816 -0.2542288679069155 0.5684730304826776
    outer loop
      vertex -6.5513281751618475 -4.759818534174836 4.381966011250105
      vertex -8.097886967409693 0 4.381966011250105
      vertex -8.824429495415053 0 3.381966011250105
    endloop
  endfacet
  facet normal -0.9395780637217597 -0.3052874190515763 0.1548956227325242
    outer loop
      vertex -6.47213595499958 -4.702282018339785 4.9757364850691985
      vertex -8 0 4.975736485069197
      vertex -8.097886967409693 0 4.381966011250105
    endloop
  endfacet
  facet normal -0.9395780637217597 -0.30528741905157647 0.15489562273252316
    outer loop
      vertex -6.5513281751618475 -4.759818534174836 4.381966011250105
      vertex -6.47213595499958 -4.702282018339785 4.9757364850691985
      vertex -8.097886967409693 0 4.381966011250105
    endloop
  endfacet
  facet normal -0.19180661601311152 -0.2639991585072034 0.9452590472251972
    outer loop
      vertex -8.080313567917678 -5.870691446710926 3
      vertex -2.726898679746794 -8.39253117420164 3.381966011250105
      vertex -7.139113427454321 -5.186869517299678 3.381966011250105
    endloop
  endfacet
  facet normal -0.4835720429064235 -0.6655798171017121 0.5684730304826778
    outer loop
      vertex -7.139113427454321 -5.186869517299678 3.381966011250105
      vertex -2.726898679746794 -8.39253117420164 3.381966011250105
      vertex -6.5513281751618475 -4.759818534174836 4.381966011250105
    endloop
  endfacet
  facet normal -0.5806911784638616 -0.7992528394147597 0.15489562273252291
    outer loop
      vertex -6.5513281751618475 -4.759818534174836 4.381966011250105
      vertex -2.472135954999579 -7.608452130361228 4.975736485069187
      vertex -6.47213595499958 -4.702282018339785 4.9757364850691985
    endloop
  endfacet
  facet normal -0.1918066160131115 -0.2639991585072035 0.9452590472251969
    outer loop
      vertex -8.080313567917678 -5.870691446710926 3
      vertex -3.0864051431876205 -9.49897829824157 3
      vertex -2.726898679746794 -8.39253117420164 3.381966011250105
    endloop
  endfacet
  facet normal -0.48357204290642364 -0.6655798171017122 0.5684730304826777
    outer loop
      vertex -6.5513281751618475 -4.759818534174836 4.381966011250105
      vertex -2.726898679746794 -8.39253117420164 3.381966011250105
      vertex -2.502384691457001 -7.701548168576587 4.381966011250105
    endloop
  endfacet
  facet normal -0.5806911784638618 -0.7992528394147591 0.15489562273252538
    outer loop
      vertex -6.5513281751618475 -4.759818534174836 4.381966011250105
      vertex -2.502384691457001 -7.701548168576587 4.381966011250105
      vertex -2.472135954999579 -7.608452130361228 4.975736485069187
    endloop
  endfacet
  facet normal -1.8836265960763225e-18 -0.32632090591764545 0.945259047225197
    outer loop
      vertex -3.0864051431876205 -9.49897829824157 3
      vertex 2.726898679746794 -8.39253117420164 3.381966011250105
      vertex -2.726898679746794 -8.39253117420164 3.381966011250105
    endloop
  endfacet
  facet normal 0 -0.8227018983895932 0.5684730304826777
    outer loop
      vertex -2.726898679746794 -8.39253117420164 3.381966011250105
      vertex 2.502384691457001 -7.701548168576587 4.381966011250105
      vertex -2.502384691457001 -7.701548168576587 4.381966011250105
    endloop
  endfacet
  facet normal -2.874526954972805e-17 -0.9879308407263655 0.1548956227325255
    outer loop
      vertex -2.502384691457001 -7.701548168576587 4.381966011250105
      vertex 2.4721359549995796 -7.608452130361228 4.975736485069188
      vertex -2.472135954999579 -7.608452130361228 4.975736485069187
    endloop
  endfacet
  facet normal 0 -0.3263209059176454 0.9452590472251969
    outer loop
      vertex -3.0864051431876205 -9.49897829824157 3
      vertex 3.0864051431876205 -9.49897829824157 3
      vertex 2.726898679746794 -8.39253117420164 3.381966011250105
    endloop
  endfacet
  facet normal 0 -0.8227018983895932 0.5684730304826777
    outer loop
      vertex -2.726898679746794 -8.39253117420164 3.381966011250105
      vertex 2.726898679746794 -8.39253117420164 3.381966011250105
      vertex 2.502384691457001 -7.701548168576587 4.381966011250105
    endloop
  endfacet
  facet normal 0 -0.9879308407263655 0.15489562273252527
    outer loop
      vertex -2.502384691457001 -7.701548168576587 4.381966011250105
      vertex 2.502384691457001 -7.701548168576587 4.381966011250105
      vertex 2.4721359549995796 -7.608452130361228 4.975736485069188
    endloop
  endfacet
  facet normal 0.19180661601311158 -0.2639991585072035 0.945259047225197
    outer loop
      vertex 3.0864051431876205 -9.49897829824157 3
      vertex 7.139113427454321 -5.186869517299678 3.381966011250105
      vertex 2.726898679746794 -8.39253117420164 3.381966011250105
    endloop
  endfacet
  facet normal 0.4835720429064236 -0.6655798171017121 0.5684730304826777
    outer loop
      vertex 2.726898679746794 -8.39253117420164 3.381966011250105
      vertex 7.139113427454321 -5.186869517299678 3.381966011250105
      vertex 2.502384691457001 -7.701548168576587 4.381966011250105
    endloop
  endfacet
  facet normal 0.5806911784638614 -0.7992528394147593 0.15489562273252536
    outer loop
      vertex 2.502384691457001 -7.701548168576587 4.381966011250105
      vertex 6.47213595499958 -4.702282018339785 4.9757364850691985
      vertex 2.4721359549995796 -7.608452130361228 4.975736485069188
    endloop
  endfacet
  facet normal 0.19180661601311147 -0.26399915850720346 0.945259047225197
    outer loop
      vertex 3.0864051431876205 -9.49897829824157 3
      vertex 8.080313567917678 -5.870691446710926 3
      vertex 7.139113427454321 -5.186869517299678 3.381966011250105
    endloop
  endfacet
  facet normal 0.48357204290642347 -0.665579817101712 0.5684730304826778
    outer loop
      vertex 2.502384691457001 -7.701548168576587 4.381966011250105
      vertex 7.139113427454321 -5.186869517299678 3.381966011250105
      vertex 6.5513281751618475 -4.759818534174836 4.381966011250105
    endloop
  endfacet
  facet normal 0.5806911784638619 -0.7992528394147594 0.15489562273252316
    outer loop
      vertex 2.502384691457001 -7.701548168576587 4.381966011250105
      vertex 6.5513281751618475 -4.759818534174836 4.381966011250105
      vertex 6.47213595499958 -4.702282018339785 4.9757364850691985
    endloop
  endfacet
  facet normal 0.3103496239763142 -0.10083870554838069 0.945259047225197
    outer loop
      vertex 7.139113427454321 -5.186869517299678 3.381966011250105
      vertex 8.080313567917678 -5.870691446710926 3
      vertex 8.824429495415053 0 3.381966011250105
    endloop
  endfacet
  facet normal 0.7824360014318159 -0.2542288679069154 0.5684730304826778
    outer loop
      vertex 7.139113427454321 -5.186869517299678 3.381966011250105
      vertex 8.824429495415053 0 3.381966011250105
      vertex 6.5513281751618475 -4.759818534174836 4.381966011250105
    endloop
  endfacet
  facet normal 0.310349623976314 -0.10083870554838066 0.9452590472251973
    outer loop
      vertex 8.080313567917678 -5.870691446710926 3
      vertex 9.987816849460113 0 3
      vertex 8.824429495415053 0 3.381966011250105
    endloop
  endfacet
  facet normal 0.782436001431816 -0.2542288679069155 0.5684730304826776
    outer loop
      vertex 6.5513281751618475 -4.759818534174836 4.381966011250105
      vertex 8.824429495415053 0 3.381966011250105
      vertex 8.097886967409693 0 4.381966011250105
    endloop
  endfacet
  facet normal 0.9395780637217596 -0.30528741905157636 0.15489562273252316
    outer loop
      vertex 6.5513281751618475 -4.759818534174836 4.381966011250105
      vertex 8 0 4.975736485069197
      vertex 6.47213595499958 -4.702282018339785 4.9757364850691985
    endloop
  endfacet
  facet normal 0.9395780637217594 -0.3052874190515764 0.15489562273252408
    outer loop
      vertex 6.5513281751618475 -4.759818534174836 4.381966011250105
      vertex 8.097886967409693 0 4.381966011250105
      vertex 8 0 4.975736485069197
    endloop
  endfacet
  facet normal 0.310349623976314 0.10083870554838062 0.9452590472251973
    outer loop
      vertex 9.987816849460113 0 3
      vertex 7.139113427454321 5.186869517299678 3.381966011250105
      vertex 8.824429495415053 0 3.381966011250105
    endloop
  endfacet
  facet normal 0.782436001431816 0.2542288679069155 0.5684730304826776
    outer loop
      vertex 6.5513281751618475 4.759818534174836 4.381966011250105
      vertex 8.097886967409693 0 4.381966011250105
      vertex 8.824429495415053 0 3.381966011250105
    endloop
  endfacet
  facet normal 0.3103496239763142 0.10083870554838073 0.945259047225197
    outer loop
      vertex 9.987816849460113 0 3
      vertex 8.080313567917678 5.870691446710926 3
      vertex 7.139113427454321 5.186869517299678 3.381966011250105
    endloop
  endfacet
  facet normal 0.7824360014318159 0.2542288679069154 0.5684730304826778
    outer loop
      vertex 6.5513281751618475 4.759818534174836 4.381966011250105
      vertex 8.824429495415053 0 3.381966011250105
      vertex 7.139113427454321 5.186869517299678 3.381966011250105
    endloop
  endfacet
  facet normal 0.9395780637217597 0.30528741905157647 0.15489562273252316
    outer loop
      vertex 6.5513281751618475 4.759818534174836 4.381966011250105
      vertex 6.47213595499958 4.702282018339785 4.9757364850691985
      vertex 8.097886967409693 0 4.381966011250105
    endloop
  endfacet
  facet normal 0.9395780637217597 0.3052874190515763 0.15489562273252405
    outer loop
      vertex 8.097886967409693 0 4.381966011250105
      vertex 6.47213595499958 4.702282018339785 4.9757364850691985
      vertex 8 0 4.975736485069197
    endloop
  endfacet
  facet normal 0.48357204290642364 0.6655798171017122 0.5684730304826777
    outer loop
      vertex 2.726898679746794 8.39253117420164 3.381966011250105
      vertex 2.502384691457001 7.701548168576587 4.381966011250105
      vertex 6.5513281751618475 4.759818534174836 4.381966011250105
    endloop
  endfacet
  facet normal 0.1918066160131115 0.2639991585072035 0.9452590472251969
    outer loop
      vertex 3.0864051431876205 9.49897829824157 3
      vertex 2.726898679746794 8.39253117420164 3.381966011250105
      vertex 8.080313567917678 5.870691446710926 3
    endloop
  endfacet
  facet normal 0.5806911784638616 0.799252839414759 0.154895622732526
    outer loop
      vertex 2.502384691457001 7.701548168576587 4.381966011250105
      vertex 2.472135954999579 7.608452130361228 4.975736485069187
      vertex 6.5513281751618475 4.759818534174836 4.381966011250105
    endloop
  endfacet
  facet normal 0.48357204290642364 0.6655798171017122 0.5684730304826775
    outer loop
      vertex 2.726898679746794 8.39253117420164 3.381966011250105
      vertex 6.5513281751618475 4.759818534174836 4.381966011250105
      vertex 7.139113427454321 5.186869517299678 3.381966011250105
    endloop
  endfacet
  facet normal 0.1918066160131115 0.26399915850720346 0.945259047225197
    outer loop
      vertex 2.726898679746794 8.39253117420164 3.381966011250105
      vertex 7.139113427454321 5.186869517299678 3.381966011250105
      vertex 8.080313567917678 5.870691446710926 3
    endloop
  endfacet
  facet normal 0.5806911784638616 0.7992528394147597 0.1548956227325231
    outer loop
      vertex 2.472135954999579 7.608452130361228 4.975736485069187
      vertex 6.47213595499958 4.702282018339785 4.9757364850691985
      vertex 6.5513281751618475 4.759818534174836 4.381966011250105
    endloop
  endfacet
  facet normal 0 0.3263209059176454 0.9452590472251969
    outer loop
      vertex -3.0864051431876205 9.49897829824157 3
      vertex -2.726898679746794 8.39253117420164 3.381966011250105
      vertex 3.0864051431876205 9.49897829824157 3
    endloop
  endfacet
  facet normal 0 0.8227018983895932 0.5684730304826777
    outer loop
      vertex -2.726898679746794 8.39253117420164 3.381966011250105
      vertex -2.502384691457001 7.701548168576587 4.381966011250105
      vertex 2.726898679746794 8.39253117420164 3.381966011250105
    endloop
  endfacet
  facet normal 0 0.9879308407263655 0.15489562273252527
    outer loop
      vertex -2.502384691457001 7.701548168576587 4.381966011250105
      vertex -2.4721359549995796 7.608452130361228 4.975736485069188
      vertex 2.502384691457001 7.701548168576587 4.381966011250105
    endloop
  endfacet
  facet normal 0 0.8227018983895933 0.5684730304826777
    outer loop
      vertex -2.502384691457001 7.701548168576587 4.381966011250105
      vertex 2.502384691457001 7.701548168576587 4.381966011250105
      vertex 2.726898679746794 8.39253117420164 3.381966011250105
    endloop
  endfacet
  facet normal 0 0.3263209059176454 0.945259047225197
    outer loop
      vertex -2.726898679746794 8.39253117420164 3.381966011250105
      vertex 2.726898679746794 8.39253117420164 3.381966011250105
      vertex 3.0864051431876205 9.49897829824157 3
    endloop
  endfacet
  facet normal 2.7825118019665035e-17 0.9879308407263654 0.15489562273252547
    outer loop
      vertex -2.4721359549995796 7.608452130361228 4.975736485069188
      vertex 2.472135954999579 7.608452130361228 4.975736485069187
      vertex 2.502384691457001 7.701548168576587 4.381966011250105
    endloop
  endfacet
  facet normal -0.19180661601311147 0.2639991585072034 0.945259047225197
    outer loop
      vertex -8.080313567917678 5.870691446710926 3
      vertex -7.139113427454321 5.186869517299678 3.381966011250105
      vertex -3.0864051431876205 9.49897829824157 3
    endloop
  endfacet
  facet normal -0.48357204290642347 0.665579817101712 0.5684730304826778
    outer loop
      vertex -6.5513281751618475 4.759818534174836 4.381966011250105
      vertex -2.502384691457001 7.701548168576587 4.381966011250105
      vertex -7.139113427454321 5.186869517299678 3.381966011250105
    endloop
  endfacet
  facet normal -0.5806911784638619 0.7992528394147594 0.15489562273252291
    outer loop
      vertex -6.5513281751618475 4.759818534174836 4.381966011250105
      vertex -6.47213595499958 4.702282018339785 4.9757364850691985
      vertex -2.502384691457001 7.701548168576587 4.381966011250105
    endloop
  endfacet
  facet normal -0.4835720429064235 0.6655798171017121 0.5684730304826778
    outer loop
      vertex -7.139113427454321 5.186869517299678 3.381966011250105
      vertex -2.502384691457001 7.701548168576587 4.381966011250105
      vertex -2.726898679746794 8.39253117420164 3.381966011250105
    endloop
  endfacet
  facet normal -0.19180661601311158 0.26399915850720357 0.945259047225197
    outer loop
      vertex -7.139113427454321 5.186869517299678 3.381966011250105
      vertex -2.726898679746794 8.39253117420164 3.381966011250105
      vertex -3.0864051431876205 9.49897829824157 3
    endloop
  endfacet
  facet normal -0.5806911784638614 0.7992528394147593 0.15489562273252527
    outer loop
      vertex -6.47213595499958 4.702282018339785 4.9757364850691985
      vertex -2.4721359549995796 7.608452130361228 4.975736485069188
      vertex -2.502384691457001 7.701548168576587 4.381966011250105
    endloop
  endfacet
  facet normal -0.310349623976314 0.10083870554838066 0.9452590472251972
    outer loop
      vertex -9.987816849460113 0 3
      vertex -8.824429495415053 0 3.381966011250105
      vertex -8.080313567917678 5.870691446710926 3
    endloop
  endfacet
  facet normal -0.782436001431816 0.2542288679069155 0.5684730304826775
    outer loop
      vertex -8.824429495415053 0 3.381966011250105
      vertex -8.097886967409693 0 4.381966011250105
      vertex -6.5513281751618475 4.759818534174836 4.381966011250105
    endloop
  endfacet
  facet normal -0.3103496239763142 0.10083870554838069 0.9452590472251972
    outer loop
      vertex -8.824429495415053 0 3.381966011250105
      vertex -7.139113427454321 5.186869517299678 3.381966011250105
      vertex -8.080313567917678 5.870691446710926 3
    endloop
  endfacet
  facet normal -0.7824360014318158 0.25422886790691535 0.5684730304826778
    outer loop
      vertex -8.824429495415053 0 3.381966011250105
      vertex -6.5513281751618475 4.759818534174836 4.381966011250105
      vertex -7.139113427454321 5.186869517299678 3.381966011250105
    endloop
  endfacet
  facet normal -0.9395780637217594 0.3052874190515764 0.15489562273252402
    outer loop
      vertex -8.097886967409693 0 4.381966011250105
      vertex -8 0 4.975736485069197
      vertex -6.5513281751618475 4.759818534174836 4.381966011250105
    endloop
  endfacet
  facet normal -0.9395780637217596 0.30528741905157636 0.15489562273252316
    outer loop
      vertex -6.5513281751618475 4.759818534174836 4.381966011250105
      vertex -8 0 4.975736485069197
      vertex -6.47213595499958 4.702282018339785 4.9757364850691985
    endloop
  endfacet
  facet normal -0.950101919134619 -0.31193964681763964 -5.425367546842805e-13
    outer loop
      vertex -19.618033988749893 -19.175570504584947 -1.0019999999999998
      vertex -19.64812200214568 -19.0839288054232 -0.9999999999999999
      vertex -19.64847983538069 -19.082838921380617 -1.0019999999999998
    endloop
  endfacet
  facet normal 0 0 -1
    outer loop
      vertex -19.618033988749893 -19.175570504584947 -1.0019999999999998
      vertex -19.64847983538069 -19.082838921380617 -1.0019999999999998
      vertex -19.390262788646243 -19.341055968115068 -1.0019999999999998
    endloop
  endfacet
  facet normal -0.5877852522924746 -0.8090169943749463 5.278654346157974e-13
    outer loop
      vertex -19.618033988749893 -19.175570504584947 -1.0019999999999998
      vertex -19.390262788646243 -19.341055968115068 -1.0019999999999998
      vertex -19.39293980749758 -19.3391110000713 -0.9999999999999999
    endloop
  endfacet
  facet normal -0.5877852522924752 -0.8090169943749458 3.6269365417853305e-14
    outer loop
      vertex -18.63998119351472 -19.886167454957818 -0.9999999999999999
      vertex -18.64284975211268 -19.884083325142324 -1.0019999999999998
      vertex -18.618033988749893 -19.902113032590307 -1.0019999999999998
    endloop
  endfacet
  facet normal 0 0 -1
    outer loop
      vertex -18.64284975211268 -19.884083325142324 -1.0019999999999998
      vertex -18.58989589501823 -19.90675178238594 -1.0019999999999998
      vertex -18.618033988749893 -19.902113032590307 -1.0019999999999998
    endloop
  endfacet
  facet normal -0.16266101839897082 -0.9866820121464716 -5.659258059497105e-13
    outer loop
      vertex -18.618033988749893 -19.902113032590307 -1.0019999999999998
      vertex -18.58989589501823 -19.90675178238594 -1.0019999999999998
      vertex -18.593148495775424 -19.906215569761105 -0.9999999999999999
    endloop
  endfacet
  facet normal -0.16266101839900615 -0.9866820121464656 -1.1405666646950338e-13
    outer loop
      vertex -18.618033988749893 -19.902113032590307 -1.0019999999999998
      vertex -18.593148495775424 -19.906215569761105 -0.9999999999999999
      vertex -18.02426351493082 -20 -0.650196858875794
    endloop
  endfacet
  facet normal -0.5877852522924716 -0.8090169943749487 0
    outer loop
      vertex -19.618033988749893 -19.175570504584947 -1.0019999999999998
      vertex -19.39293980749758 -19.3391110000713 -0.9999999999999999
      vertex -19.618033988749893 -19.175570504584947 1.0019999999999998
    endloop
  endfacet
  facet normal -0.9501019191346156 -0.31193964681765035 0
    outer loop
      vertex -19.618033988749893 -19.175570504584947 -1.0019999999999998
      vertex -19.618033988749893 -19.175570504584947 1.0019999999999998
      vertex -19.64812200214568 -19.0839288054232 -0.9999999999999999
    endloop
  endfacet
  facet normal -0.9501019191346257 -0.31193964681761954 1.561160803071862e-15
    outer loop
      vertex -19.64812200214568 -19.0839288054232 -0.9999999999999999
      vertex -19.618033988749893 -19.175570504584947 1.0019999999999998
      vertex -19.670239973028156 -19.01656216319868 -0.8763783309185572
    endloop
  endfacet
  facet normal -0.9501019191346182 -0.3119396468176427 -6.122465588514841e-16
    outer loop
      vertex -19.73205080756888 -18.828299487647268 -0.8282994876472684
      vertex -19.670239973028156 -19.01656216319868 -0.8763783309185572
      vertex -19.618033988749893 -19.175570504584947 1.0019999999999998
    endloop
  endfacet
  facet normal -0.5877852522924746 -0.8090169943749463 -1.6964854507176405e-15
    outer loop
      vertex -18.852104560624486 -19.73205080756888 -0.8521045606244869
      vertex -19.618033988749893 -19.175570504584947 1.0019999999999998
      vertex -19.035751798501103 -19.5986232791008 -0.7331449430638445
    endloop
  endfacet
  facet normal -0.587785252292478 -0.8090169943749439 -3.824563590231815e-15
    outer loop
      vertex -18.852104560624486 -19.73205080756888 -0.8521045606244869
      vertex -18.63998119351472 -19.886167454957818 -0.9999999999999999
      vertex -19.618033988749893 -19.175570504584947 1.0019999999999998
    endloop
  endfacet
  facet normal -0.5877852522924776 -0.8090169943749442 -3.510776534984428e-15
    outer loop
      vertex -18.63998119351472 -19.886167454957818 -0.9999999999999999
      vertex -18.618033988749893 -19.902113032590307 -1.0019999999999998
      vertex -19.618033988749893 -19.175570504584947 1.0019999999999998
    endloop
  endfacet
  facet normal -0.5877852522924712 -0.8090169943749488 4.576268198645016e-17
    outer loop
      vertex -19.39293980749758 -19.3391110000713 -0.9999999999999999
      vertex -19.035751798501103 -19.5986232791008 -0.7331449430638445
      vertex -19.618033988749893 -19.175570504584947 1.0019999999999998
    endloop
  endfacet
  facet normal -0.9501019191346181 -0.31193964681764286 0
    outer loop
      vertex -19.73205080756888 -18.828299487647268 -0.8282994876472684
      vertex -19.670239973028156 -19.01656216319868 0.8763783309185574
      vertex -19.73205080756888 -18.828299487647268 0.8282994876472686
    endloop
  endfacet
  facet normal -0.9501019191346287 -0.3119396468176103 3.969357871551389e-15
    outer loop
      vertex -19.73205080756888 -18.828299487647268 -0.8282994876472684
      vertex -19.64812200214568 -19.0839288054232 1.0000000000000002
      vertex -19.670239973028156 -19.01656216319868 0.8763783309185574
    endloop
  endfacet
  facet normal -0.9501019191346156 -0.3119396468176504 -2.225327083642459e-15
    outer loop
      vertex -19.73205080756888 -18.828299487647268 -0.8282994876472684
      vertex -19.618033988749893 -19.175570504584947 1.0019999999999998
      vertex -19.64812200214568 -19.0839288054232 1.0000000000000002
    endloop
  endfacet
  facet normal -0.5877852522924716 -0.8090169943749486 1.1290308870220106e-15
    outer loop
      vertex -18.618033988749893 -19.902113032590307 -1.0019999999999998
      vertex -19.39293980749758 -19.3391110000713 1.0000000000000002
      vertex -19.618033988749893 -19.175570504584947 1.0019999999999998
    endloop
  endfacet
  facet normal -0.5877852522924741 -0.8090169943749467 4.282652828032199e-16
    outer loop
      vertex -18.618033988749893 -19.902113032590307 -1.0019999999999998
      vertex -18.852104560624486 -19.73205080756888 0.8521045606244874
      vertex -19.035751798501103 -19.5986232791008 0.7331449430638446
    endloop
  endfacet
  facet normal -0.5877852522924703 -0.8090169943749496 1.818197381361918e-15
    outer loop
      vertex -18.618033988749893 -19.902113032590307 -1.0019999999999998
      vertex -19.035751798501103 -19.5986232791008 0.7331449430638446
      vertex -19.39293980749758 -19.3391110000713 1.0000000000000002
    endloop
  endfacet
  facet normal -0.950101919134619 -0.31193964681763947 1.1751720579066994e-17
    outer loop
      vertex -19.73205080756888 -18.828299487647268 -0.8282994876472684
      vertex -20 -18.012183150539894 0.6381164944848685
      vertex -20 -18.012183150539894 -0.6381164944848685
    endloop
  endfacet
  facet normal -0.9501019191346192 -0.3119396468176395 0
    outer loop
      vertex -19.73205080756888 -18.828299487647268 -0.8282994876472684
      vertex -19.73205080756888 -18.828299487647268 0.8282994876472686
      vertex -20 -18.012183150539894 0.6381164944848685
    endloop
  endfacet
  facet normal -0.16266101839907193 -0.9866820121464548 0
    outer loop
      vertex -18.618033988749893 -19.902113032590307 -1.0019999999999998
      vertex -18.02426351493082 -20 -0.650196858875794
      vertex -18.618033988749893 -19.902113032590307 1.0019999999999998
    endloop
  endfacet
  facet normal -0.5877852522924774 -0.8090169943749443 0
    outer loop
      vertex -18.618033988749893 -19.902113032590307 -1.0019999999999998
      vertex -18.618033988749893 -19.902113032590307 1.0019999999999998
      vertex -18.63998119351472 -19.886167454957818 1.0000000000000002
    endloop
  endfacet
  facet normal -0.5877852522924764 -0.8090169943749451 1.7928244530968655e-17
    outer loop
      vertex -18.618033988749893 -19.902113032590307 -1.0019999999999998
      vertex -18.63998119351472 -19.886167454957818 1.0000000000000002
      vertex -18.852104560624486 -19.73205080756888 0.8521045606244874
    endloop
  endfacet
  facet normal -0.16266101839907318 -0.9866820121464547 4.4039572809621747e-16
    outer loop
      vertex -18.593148495775424 -19.906215569761105 1.0000000000000002
      vertex -18.02426351493082 -20 -0.650196858875794
      vertex -18.024263514930816 -20 0.6501968588757913
    endloop
  endfacet
  facet normal -0.1626610183990134 -0.9866820121464644 2.1615478132863185e-14
    outer loop
      vertex -18.618033988749893 -19.902113032590307 1.0019999999999998
      vertex -18.02426351493082 -20 -0.650196858875794
      vertex -18.593148495775424 -19.906215569761105 1.0000000000000002
    endloop
  endfacet
  facet normal -0.9501019191346189 -0.31193964681763964 5.416704774611039e-13
    outer loop
      vertex -19.618033988749893 -19.175570504584947 1.0019999999999998
      vertex -19.64847983538069 -19.082838921380617 1.0019999999999998
      vertex -19.64812200214568 -19.0839288054232 1.0000000000000002
    endloop
  endfacet
  facet normal 0 0 1
    outer loop
      vertex -19.618033988749893 -19.175570504584947 1.0019999999999998
      vertex -19.390262788646243 -19.341055968115068 1.0019999999999998
      vertex -19.64847983538069 -19.082838921380617 1.0019999999999998
    endloop
  endfacet
  facet normal -0.5877852522924746 -0.8090169943749465 -5.338466589526765e-13
    outer loop
      vertex -19.618033988749893 -19.175570504584947 1.0019999999999998
      vertex -19.39293980749758 -19.3391110000713 1.0000000000000002
      vertex -19.390262788646243 -19.341055968115068 1.0019999999999998
    endloop
  endfacet
  facet normal -0.5877852522925302 -0.8090169943749058 8.872222365901077e-13
    outer loop
      vertex -18.63998119351472 -19.886167454957818 1.0000000000000002
      vertex -18.618033988749893 -19.902113032590307 1.0019999999999998
      vertex -18.642849752112678 -19.884083325142324 1.0019999999999998
    endloop
  endfacet
  facet normal -0.16266101839897082 -0.9866820121464714 5.66107940201427e-13
    outer loop
      vertex -18.618033988749893 -19.902113032590307 1.0019999999999998
      vertex -18.593148495775424 -19.906215569761105 1.0000000000000002
      vertex -18.58989589501823 -19.90675178238594 1.0019999999999998
    endloop
  endfacet
  facet normal 0 0 1
    outer loop
      vertex -18.642849752112678 -19.884083325142324 1.0019999999999998
      vertex -18.618033988749893 -19.902113032590307 1.0019999999999998
      vertex -18.58989589501823 -19.90675178238594 1.0019999999999998
    endloop
  endfacet
  facet normal -0.3119396468176314 -1.9382718211086617e-13 -0.9501019191346217
    outer loop
      vertex -19.175570504584947 -18.001999999999995 -2.6180339887498953
      vertex -19.083928805423195 -18 -2.6481220021456817
      vertex -19.082838921380617 -18.001999999999995 -2.648479835380692
    endloop
  endfacet
  facet normal 0 -1 0
    outer loop
      vertex -19.175570504584947 -18.001999999999995 -2.6180339887498953
      vertex -19.082838921380617 -18.001999999999995 -2.648479835380692
      vertex -19.34105596811507 -18.001999999999995 -2.390262788646237
    endloop
  endfacet
  facet normal -0.8090169943749507 -7.62629216481547e-13 -0.5877852522924686
    outer loop
      vertex -19.175570504584947 -18.001999999999995 -2.6180339887498953
      vertex -19.34105596811507 -18.001999999999995 -2.390262788646237
      vertex -19.33911100007131 -18 -2.3929398074975685
    endloop
  endfacet
  facet normal -0.809016994374951 5.461059231126674e-13 -0.5877852522924683
    outer loop
      vertex -19.88616745495781 -18 -1.639981193514732
      vertex -19.884083325142324 -18.001999999999995 -1.6428497521126841
      vertex -19.902113032590307 -18.001999999999995 -1.6180339887498953
    endloop
  endfacet
  facet normal 0 -1 0
    outer loop
      vertex -19.884083325142324 -18.001999999999995 -1.6428497521126841
      vertex -19.906751782385943 -18.001999999999995 -1.5898958950182311
      vertex -19.902113032590307 -18.001999999999995 -1.6180339887498953
    endloop
  endfacet
  facet normal -0.9866820121464529 -1.2200125667041475e-13 -0.16266101839908334
    outer loop
      vertex -19.902113032590307 -18.001999999999995 -1.6180339887498953
      vertex -19.906751782385943 -18.001999999999995 -1.5898958950182311
      vertex -19.90621556976111 -18 -1.5931484957754165
    endloop
  endfacet
  facet normal -0.31193964681763525 0 -0.9501019191346205
    outer loop
      vertex -19.175570504584947 -18.001999999999995 -2.6180339887498953
      vertex -19.175570504584947 18.001999999999995 -2.6180339887498953
      vertex -19.083928805423195 -18 -2.6481220021456817
    endloop
  endfacet
  facet normal -0.3119396468176339 3.709128034617803e-18 -0.9501019191346209
    outer loop
      vertex -19.083928805423195 -18 -2.6481220021456817
      vertex -19.175570504584947 18.001999999999995 -2.6180339887498953
      vertex -19.016562163198678 -17.876378330918563 -2.6702399730281594
    endloop
  endfacet
  facet normal -0.3119396468176385 -1.9013988640169712e-17 -0.9501019191346194
    outer loop
      vertex -18.828299487647275 -17.828299487647275 -2.732050807568877
      vertex -19.016562163198678 -17.876378330918563 -2.6702399730281594
      vertex -19.175570504584947 18.001999999999995 -2.6180339887498953
    endloop
  endfacet
  facet normal -0.8090169943749473 2.9226836905979157e-18 -0.587785252292473
    outer loop
      vertex -19.175570504584947 -18.001999999999995 -2.6180339887498953
      vertex -19.33911100007131 -18 -2.3929398074975685
      vertex -19.902113032590307 18.001999999999995 -1.6180339887498953
    endloop
  endfacet
  facet normal -0.8090169943749445 4.0510295944597714e-17 -0.5877852522924771
    outer loop
      vertex -19.73205080756888 -17.85210456062449 -1.8521045606244904
      vertex -19.902113032590307 18.001999999999995 -1.6180339887498953
      vertex -19.598623279100803 -17.733144943063852 -2.0357517985011007
    endloop
  endfacet
  facet normal -0.8090169943749492 -7.557260670220041e-17 -0.5877852522924707
    outer loop
      vertex -19.33911100007131 -18 -2.3929398074975685
      vertex -19.598623279100803 -17.733144943063852 -2.0357517985011007
      vertex -19.902113032590307 18.001999999999995 -1.6180339887498953
    endloop
  endfacet
  facet normal -0.31193964681763714 0 -0.9501019191346198
    outer loop
      vertex -18.828299487647275 -17.828299487647275 -2.732050807568877
      vertex -18.828299487647275 17.828299487647275 -2.732050807568877
      vertex -18.01218315053989 -17.638116494484866 -3
    endloop
  endfacet
  facet normal -0.8090169943749272 1.1844489036944554e-20 -0.5877852522925009
    outer loop
      vertex -19.88616745495781 -18 -1.639981193514732
      vertex -19.902113032590307 -18.001999999999995 -1.6180339887498953
      vertex -19.902113032590307 18.001999999999995 -1.6180339887498953
    endloop
  endfacet
  facet normal -0.9866820121464513 0 -0.1626610183990929
    outer loop
      vertex -19.902113032590307 -18.001999999999995 -1.6180339887498953
      vertex -19.90621556976111 -18 -1.5931484957754165
      vertex -19.902113032590307 18.001999999999995 -1.6180339887498953
    endloop
  endfacet
  facet normal -0.8090169943749496 -2.856498576391342e-17 -0.5877852522924703
    outer loop
      vertex -19.73205080756888 -17.85210456062449 -1.8521045606244904
      vertex -19.88616745495781 -18 -1.639981193514732
      vertex -19.902113032590307 18.001999999999995 -1.6180339887498953
    endloop
  endfacet
  facet normal -0.9866820121464556 1.8167334554411354e-17 -0.16266101839906727
    outer loop
      vertex -19.90621556976111 -18 -1.5931484957754165
      vertex -20 -17.650196858875788 -1.024263514930808
      vertex -19.902113032590307 18.001999999999995 -1.6180339887498953
    endloop
  endfacet
  facet normal -0.3119396468176386 0 -0.9501019191346194
    outer loop
      vertex -18.828299487647275 -17.828299487647275 -2.732050807568877
      vertex -19.016562163198678 17.876378330918563 -2.6702399730281594
      vertex -18.828299487647275 17.828299487647275 -2.732050807568877
    endloop
  endfacet
  facet normal -0.8090169943749469 0 -0.5877852522924738
    outer loop
      vertex -19.175570504584947 -18.001999999999995 -2.6180339887498953
      vertex -19.33911100007131 18 -2.392939807497569
      vertex -19.175570504584947 18.001999999999995 -2.6180339887498953
    endloop
  endfacet
  facet normal -0.31193964681763536 1.6325213755760978e-17 -0.9501019191346205
    outer loop
      vertex -18.828299487647275 -17.828299487647275 -2.732050807568877
      vertex -19.175570504584947 18.001999999999995 -2.6180339887498953
      vertex -19.083928805423195 18 -2.6481220021456817
    endloop
  endfacet
  facet normal -0.3119396468176339 2.7362590805755928e-17 -0.9501019191346209
    outer loop
      vertex -18.828299487647275 -17.828299487647275 -2.732050807568877
      vertex -19.083928805423195 18 -2.6481220021456817
      vertex -19.016562163198678 17.876378330918563 -2.6702399730281594
    endloop
  endfacet
  facet normal -0.809016994374945 1.0850662382479283e-16 -0.5877852522924762
    outer loop
      vertex -19.175570504584947 -18.001999999999995 -2.6180339887498953
      vertex -19.73205080756888 17.85210456062449 -1.8521045606244904
      vertex -19.598623279100803 17.733144943063852 -2.035751798501101
    endloop
  endfacet
  facet normal -0.8090169943749423 2.2892606909508856e-16 -0.58778525229248
    outer loop
      vertex -19.175570504584947 -18.001999999999995 -2.6180339887498953
      vertex -19.886167454957814 18 -1.6399811935147324
      vertex -19.73205080756888 17.85210456062449 -1.8521045606244904
    endloop
  endfacet
  facet normal -0.809016994374996 -2.734952324975214e-15 -0.5877852522924063
    outer loop
      vertex -19.175570504584947 -18.001999999999995 -2.6180339887498953
      vertex -19.902113032590307 18.001999999999995 -1.6180339887498953
      vertex -19.886167454957814 18 -1.6399811935147324
    endloop
  endfacet
  facet normal -0.8090169943749491 -2.921710895132856e-17 -0.5877852522924707
    outer loop
      vertex -19.175570504584947 -18.001999999999995 -2.6180339887498953
      vertex -19.598623279100803 17.733144943063852 -2.035751798501101
      vertex -19.33911100007131 18 -2.392939807497569
    endloop
  endfacet
  facet normal -0.31193964681763714 3.646343347466831e-19 -0.9501019191346198
    outer loop
      vertex -18.828299487647275 17.828299487647275 -2.732050807568877
      vertex -18.01218315053989 17.63811649448487 -3
      vertex -18.01218315053989 -17.638116494484866 -3
    endloop
  endfacet
  facet normal -0.9866820121464509 -4.686194210264622e-16 -0.16266101839909575
    outer loop
      vertex -19.902113032590307 18.001999999999995 -1.6180339887498953
      vertex -20 -17.650196858875788 -1.024263514930808
      vertex -19.90621556976111 18 -1.593148495775417
    endloop
  endfacet
  facet normal -0.986682012146456 3.983120351495207e-17 -0.16266101839906472
    outer loop
      vertex -19.90621556976111 18 -1.593148495775417
      vertex -20 -17.650196858875788 -1.024263514930808
      vertex -20 17.650196858875777 -1.0242635149307993
    endloop
  endfacet
  facet normal -0.3119396468176314 1.9346515105734767e-13 -0.9501019191346217
    outer loop
      vertex -19.175570504584947 18.001999999999995 -2.6180339887498953
      vertex -19.082838921380617 18.001999999999995 -2.648479835380692
      vertex -19.083928805423195 18 -2.6481220021456817
    endloop
  endfacet
  facet normal 0 1 0
    outer loop
      vertex -19.175570504584947 18.001999999999995 -2.6180339887498953
      vertex -19.34105596811507 18.001999999999995 -2.390262788646237
      vertex -19.082838921380617 18.001999999999995 -2.648479835380692
    endloop
  endfacet
  facet normal -0.8090169943749507 8.958726542020276e-13 -0.5877852522924686
    outer loop
      vertex -19.175570504584947 18.001999999999995 -2.6180339887498953
      vertex -19.33911100007131 18 -2.392939807497569
      vertex -19.34105596811507 18.001999999999995 -2.390262788646237
    endloop
  endfacet
  facet normal -0.809016994374951 1.0215430625712699e-12 -0.5877852522924683
    outer loop
      vertex -19.886167454957814 18 -1.6399811935147324
      vertex -19.902113032590307 18.001999999999995 -1.6180339887498953
      vertex -19.884083325142324 18.001999999999995 -1.6428497521126841
    endloop
  endfacet
  facet normal 0 1 0
    outer loop
      vertex -19.884083325142324 18.001999999999995 -1.6428497521126841
      vertex -19.902113032590307 18.001999999999995 -1.6180339887498953
      vertex -19.906751782385943 18.001999999999995 -1.5898958950182314
    endloop
  endfacet
  facet normal -0.9866820121464527 1.420531945013715e-13 -0.1626610183990846
    outer loop
      vertex -19.902113032590307 18.001999999999995 -1.6180339887498953
      vertex -19.90621556976111 18 -1.593148495775417
      vertex -19.906751782385943 18.001999999999995 -1.5898958950182314
    endloop
  endfacet
  facet normal -6.092269352733839e-13 -0.5877852522924726 -0.809016994374948
    outer loop
      vertex -18.001999999999995 -19.390262788646243 -2.341055968115067
      vertex -18 -19.392939807497573 -2.3391110000713056
      vertex -18.001999999999995 -19.618033988749893 -2.1755705045849467
    endloop
  endfacet
  facet normal -1 0 0
    outer loop
      vertex -18.001999999999995 -19.390262788646243 -2.341055968115067
      vertex -18.001999999999995 -19.618033988749893 -2.1755705045849467
      vertex -18.001999999999995 -19.64847983538069 -2.0828389213806218
    endloop
  endfacet
  facet normal 1.5515550502537603e-12 -0.9501019191346142 -0.31193964681765446
    outer loop
      vertex -18.001999999999995 -19.618033988749893 -2.1755705045849467
      vertex -18 -19.648122002145676 -2.083928805423201
      vertex -18.001999999999995 -19.64847983538069 -2.0828389213806218
    endloop
  endfacet
  facet normal 1.0362296569892723e-13 -0.5877852522924751 -0.809016994374946
    outer loop
      vertex -18 -18.63998119351473 -2.8861674549578122
      vertex -18.001999999999995 -18.64284975211268 -2.884083325142324
      vertex -18.001999999999995 -18.618033988749893 -2.9021130325903073
    endloop
  endfacet
  facet normal 5.3731229425241474e-14 -0.16266101839907693 -0.986682012146454
    outer loop
      vertex -18.001999999999995 -18.618033988749893 -2.9021130325903073
      vertex -18.001999999999995 -18.58989589501823 -2.906751782385942
      vertex -18 -18.593148495775417 -2.906215569761108
    endloop
  endfacet
  facet normal -1 0 0
    outer loop
      vertex -18.001999999999995 -18.618033988749893 -2.9021130325903073
      vertex -18.001999999999995 -18.64284975211268 -2.884083325142324
      vertex -18.001999999999995 -18.58989589501823 -2.906751782385942
    endloop
  endfacet
  facet normal -4.954263604794359e-17 -0.5877852522924686 -0.8090169943749507
    outer loop
      vertex -17.85210456062449 -18.85210456062449 -2.732050807568877
      vertex 18.001999999999995 -18.618033988749893 -2.9021130325903073
      vertex -17.73314494306385 -19.035751798501103 -2.5986232791008024
    endloop
  endfacet
  facet normal 1.3074142157413885e-16 -0.5877852522924761 -0.8090169943749453
    outer loop
      vertex -18 -19.392939807497573 -2.3391110000713056
      vertex 18.001999999999995 -18.618033988749893 -2.9021130325903073
      vertex -18.001999999999995 -19.618033988749893 -2.1755705045849467
    endloop
  endfacet
  facet normal 2.82706138957609e-17 -0.587785252292473 -0.8090169943749476
    outer loop
      vertex -17.73314494306385 -19.035751798501103 -2.5986232791008024
      vertex 18.001999999999995 -18.618033988749893 -2.9021130325903073
      vertex -18 -19.392939807497573 -2.3391110000713056
    endloop
  endfacet
  facet normal -5.814521488641323e-16 -0.9501019191346242 -0.31193964681762393
    outer loop
      vertex -18.001999999999995 -19.618033988749893 -2.1755705045849467
      vertex 17.638116494484866 -20 -1.0121831505398953
      vertex -18 -19.648122002145676 -2.083928805423201
    endloop
  endfacet
  facet normal 0 -0.16266101839907274 -0.9866820121464546
    outer loop
      vertex -18.001999999999995 -18.618033988749893 -2.9021130325903073
      vertex -18 -18.593148495775417 -2.906215569761108
      vertex 18.001999999999995 -18.618033988749893 -2.9021130325903073
    endloop
  endfacet
  facet normal 1.431552469854134e-20 -0.5877852522924814 -0.8090169943749415
    outer loop
      vertex -18 -18.63998119351473 -2.8861674549578122
      vertex -18.001999999999995 -18.618033988749893 -2.9021130325903073
      vertex 18.001999999999995 -18.618033988749893 -2.9021130325903073
    endloop
  endfacet
  facet normal -8.339541956564734e-18 -0.5877852522924727 -0.8090169943749477
    outer loop
      vertex -17.85210456062449 -18.85210456062449 -2.732050807568877
      vertex -18 -18.63998119351473 -2.8861674549578122
      vertex 18.001999999999995 -18.618033988749893 -2.9021130325903073
    endloop
  endfacet
  facet normal 2.684463780654691e-18 -0.16266101839906896 -0.9866820121464553
    outer loop
      vertex -18 -18.593148495775417 -2.906215569761108
      vertex -17.650196858875784 -18.02426351493081 -3
      vertex 18.001999999999995 -18.618033988749893 -2.9021130325903073
    endloop
  endfacet
  facet normal 1.4633528652042762e-16 -0.9501019191346171 -0.3119396468176457
    outer loop
      vertex -18 -19.648122002145676 -2.083928805423201
      vertex 17.638116494484866 -20 -1.0121831505398953
      vertex -17.87637833091856 -19.670239973028156 -2.01656216319868
    endloop
  endfacet
  facet normal -1.5996851476086285e-17 -0.9501019191346188 -0.3119396468176405
    outer loop
      vertex -17.828299487647264 -19.73205080756888 -1.8282994876472645
      vertex -17.87637833091856 -19.670239973028156 -2.01656216319868
      vertex 17.638116494484866 -20 -1.0121831505398953
    endloop
  endfacet
  facet normal -3.451295840934728e-19 -0.9501019191346185 -0.31193964681764114
    outer loop
      vertex -17.828299487647264 -19.73205080756888 -1.8282994876472645
      vertex 17.638116494484866 -20 -1.0121831505398953
      vertex -17.638116494484866 -20 -1.0121831505398953
    endloop
  endfacet
  facet normal -9.82847140673804e-17 -0.5877852522924698 -0.80901699437495
    outer loop
      vertex -18.001999999999995 -19.618033988749893 -2.1755705045849467
      vertex 17.85210456062449 -18.85210456062449 -2.732050807568877
      vertex 17.73314494306385 -19.035751798501103 -2.598623279100802
    endloop
  endfacet
  facet normal -5.697817343698556e-16 -0.587785252292459 -0.8090169943749578
    outer loop
      vertex -18.001999999999995 -19.618033988749893 -2.1755705045849467
      vertex 18.001999999999995 -18.618033988749893 -2.9021130325903073
      vertex 18 -18.63998119351473 -2.886167454957813
    endloop
  endfacet
  facet normal 7.107551251372201e-17 -0.5877852522924751 -0.809016994374946
    outer loop
      vertex -18.001999999999995 -19.618033988749893 -2.1755705045849467
      vertex 18 -18.63998119351473 -2.886167454957813
      vertex 17.85210456062449 -18.85210456062449 -2.732050807568877
    endloop
  endfacet
  facet normal 0 -0.5877852522924738 -0.809016994374947
    outer loop
      vertex -18.001999999999995 -19.618033988749893 -2.1755705045849467
      vertex 18 -19.392939807497577 -2.339111000071302
      vertex 18.001999999999995 -19.618033988749893 -2.1755705045849467
    endloop
  endfacet
  facet normal 0 -0.9501019191346247 -0.31193964681762254
    outer loop
      vertex -18.001999999999995 -19.618033988749893 -2.1755705045849467
      vertex 18.001999999999995 -19.618033988749893 -2.1755705045849467
      vertex 18 -19.648122002145676 -2.0839288054232004
    endloop
  endfacet
  facet normal 6.954041118814431e-17 -0.9501019191346167 -0.31193964681764724
    outer loop
      vertex -18.001999999999995 -19.618033988749893 -2.1755705045849467
      vertex 18 -19.648122002145676 -2.0839288054232004
      vertex 17.876378330918556 -19.670239973028156 -2.01656216319868
    endloop
  endfacet
  facet normal 2.7000978282030338e-17 -0.9501019191346195 -0.31193964681763847
    outer loop
      vertex -18.001999999999995 -19.618033988749893 -2.1755705045849467
      vertex 17.876378330918556 -19.670239973028156 -2.01656216319868
      vertex 17.828299487647264 -19.73205080756888 -1.8282994876472631
    endloop
  endfacet
  facet normal -3.411391970482293e-19 -0.5877852522924737 -0.809016994374947
    outer loop
      vertex -18.001999999999995 -19.618033988749893 -2.1755705045849467
      vertex 17.73314494306385 -19.035751798501103 -2.598623279100802
      vertex 18 -19.392939807497577 -2.339111000071302
    endloop
  endfacet
  facet normal -1.6218526122855053e-17 -0.16266101839906918 -0.9866820121464552
    outer loop
      vertex 18 -18.593148495775417 -2.9062155697611085
      vertex -17.650196858875784 -18.02426351493081 -3
      vertex 17.650196858875784 -18.024263514930812 -3
    endloop
  endfacet
  facet normal -3.5545242399395794e-16 -0.16266101839908992 -0.9866820121464519
    outer loop
      vertex 18.001999999999995 -18.618033988749893 -2.9021130325903073
      vertex -17.650196858875784 -18.02426351493081 -3
      vertex 18 -18.593148495775417 -2.9062155697611085
    endloop
  endfacet
  facet normal 5.964940144619646e-17 -0.9501019191346184 -0.3119396468176416
    outer loop
      vertex -18.001999999999995 -19.618033988749893 -2.1755705045849467
      vertex 17.828299487647264 -19.73205080756888 -1.8282994876472631
      vertex 17.638116494484866 -20 -1.0121831505398953
    endloop
  endfacet
  facet normal 2.1619024991069706e-13 -0.5877852522924726 -0.809016994374948
    outer loop
      vertex 18.001999999999995 -19.390262788646243 -2.341055968115067
      vertex 18.001999999999995 -19.618033988749893 -2.1755705045849467
      vertex 18 -19.392939807497577 -2.339111000071302
    endloop
  endfacet
  facet normal 1 0 0
    outer loop
      vertex 18.001999999999995 -19.390262788646243 -2.341055968115067
      vertex 18.001999999999995 -19.64847983538069 -2.0828389213806218
      vertex 18.001999999999995 -19.618033988749893 -2.1755705045849467
    endloop
  endfacet
  facet normal -1.6206833131612384e-12 -0.9501019191346142 -0.31193964681765446
    outer loop
      vertex 18.001999999999995 -19.618033988749893 -2.1755705045849467
      vertex 18.001999999999995 -19.64847983538069 -2.0828389213806218
      vertex 18 -19.648122002145676 -2.0839288054232004
    endloop
  endfacet
  facet normal 2.5563873618658116e-13 -0.5877852522924751 -0.809016994374946
    outer loop
      vertex 18 -18.63998119351473 -2.886167454957813
      vertex 18.001999999999995 -18.618033988749893 -2.9021130325903073
      vertex 18.001999999999995 -18.64284975211268 -2.884083325142324
    endloop
  endfacet
  facet normal 1.654482481936351e-13 -0.16266101839907693 -0.986682012146454
    outer loop
      vertex 18.001999999999995 -18.618033988749893 -2.9021130325903073
      vertex 18 -18.593148495775417 -2.9062155697611085
      vertex 18.001999999999995 -18.58989589501823 -2.906751782385942
    endloop
  endfacet
  facet normal 1 0 0
    outer loop
      vertex 18.001999999999995 -18.618033988749893 -2.9021130325903073
      vertex 18.001999999999995 -18.58989589501823 -2.906751782385942
      vertex 18.001999999999995 -18.64284975211268 -2.884083325142324
    endloop
  endfacet
  facet normal -0.9501019191346146 1.6223169786911535e-12 0.3119396468176531
    outer loop
      vertex -19.64847983538069 -18.001999999999995 2.0828389213806213
      vertex -19.618033988749893 -18.001999999999995 2.1755705045849467
      vertex -19.648122002145676 -18 2.0839288054232
    endloop
  endfacet
  facet normal 0 -1 0
    outer loop
      vertex -19.64847983538069 -18.001999999999995 2.0828389213806213
      vertex -19.390262788646243 -18.001999999999995 2.341055968115067
      vertex -19.618033988749893 -18.001999999999995 2.1755705045849467
    endloop
  endfacet
  facet normal -0.5877852522924726 -7.611051497574588e-13 0.809016994374948
    outer loop
      vertex -19.618033988749893 -18.001999999999995 2.1755705045849467
      vertex -19.390262788646243 -18.001999999999995 2.341055968115067
      vertex -19.392939807497577 -18 2.3391110000713033
    endloop
  endfacet
  facet normal -0.5877852522924563 4.214342866999417e-13 0.8090169943749598
    outer loop
      vertex -18.64284975211268 -18.001999999999995 2.884083325142325
      vertex -18.618033988749893 -18.001999999999995 2.9021130325903073
      vertex -18.63998119351473 -18 2.8861674549578122
    endloop
  endfacet
  facet normal 0 -1 0
    outer loop
      vertex -18.64284975211268 -18.001999999999995 2.884083325142325
      vertex -18.58989589501823 -18.001999999999995 2.9067517823859417
      vertex -18.618033988749893 -18.001999999999995 2.9021130325903073
    endloop
  endfacet
  facet normal -0.16266101839906177 -1.40129914898492e-13 0.9866820121464566
    outer loop
      vertex -18.618033988749893 -18.001999999999995 2.9021130325903073
      vertex -18.58989589501823 -18.001999999999995 2.9067517823859417
      vertex -18.593148495775417 -18 2.906215569761108
    endloop
  endfacet
  facet normal -0.9501019191346187 4.145301541845679e-18 0.3119396468176407
    outer loop
      vertex -19.73205080756888 -17.828299487647264 1.8282994876472658
      vertex -20 17.638116494484866 1.0121831505398948
      vertex -20 -17.638116494484866 1.0121831505398953
    endloop
  endfacet
  facet normal -0.9501019191346178 6.776158418953148e-17 0.3119396468176432
    outer loop
      vertex -19.73205080756888 -17.828299487647264 1.8282994876472658
      vertex -19.670239973028156 -17.87637833091856 2.0165621631986794
      vertex -20 17.638116494484866 1.0121831505398948
    endloop
  endfacet
  facet normal -0.9501019191346252 -6.746500784757266e-16 0.31193964681762115
    outer loop
      vertex -19.648122002145676 -18 2.0839288054232
      vertex -19.618033988749893 -18.001999999999995 2.1755705045849467
      vertex -20 17.638116494484866 1.0121831505398948
    endloop
  endfacet
  facet normal -0.9501019191346163 2.0833703713014088e-16 0.3119396468176477
    outer loop
      vertex -19.648122002145676 -18 2.0839288054232
      vertex -20 17.638116494484866 1.0121831505398948
      vertex -19.670239973028156 -17.87637833091856 2.0165621631986794
    endloop
  endfacet
  facet normal -0.587785252292477 1.6628432106793973e-16 0.8090169943749447
    outer loop
      vertex -19.618033988749893 -18.001999999999995 2.1755705045849467
      vertex -19.392939807497577 -18 2.3391110000713033
      vertex -18.618033988749893 18.001999999999995 2.9021130325903073
    endloop
  endfacet
  facet normal -0.5877852522924718 -3.3217233489290524e-18 0.8090169943749485
    outer loop
      vertex -19.392939807497577 -18 2.3391110000713033
      vertex -19.035751798501103 -17.73314494306385 2.598623279100802
      vertex -18.618033988749893 18.001999999999995 2.9021130325903073
    endloop
  endfacet
  facet normal -0.5877852522924699 -3.665414689045864e-17 0.8090169943749499
    outer loop
      vertex -19.035751798501103 -17.73314494306385 2.598623279100802
      vertex -18.85210456062449 -17.85210456062449 2.732050807568877
      vertex -18.618033988749893 18.001999999999995 2.9021130325903073
    endloop
  endfacet
  facet normal -0.5877852522924727 -7.793499061855728e-18 0.8090169943749477
    outer loop
      vertex -18.85210456062449 -17.85210456062449 2.732050807568877
      vertex -18.63998119351473 -18 2.8861674549578122
      vertex -18.618033988749893 18.001999999999995 2.9021130325903073
    endloop
  endfacet
  facet normal -0.5877852522924814 -1.431552469854134e-20 0.8090169943749415
    outer loop
      vertex -18.63998119351473 -18 2.8861674549578122
      vertex -18.618033988749893 -18.001999999999995 2.9021130325903073
      vertex -18.618033988749893 18.001999999999995 2.9021130325903073
    endloop
  endfacet
  facet normal -0.16266101839907274 0 0.9866820121464546
    outer loop
      vertex -18.618033988749893 -18.001999999999995 2.9021130325903073
      vertex -18.593148495775417 -18 2.906215569761108
      vertex -18.618033988749893 18.001999999999995 2.9021130325903073
    endloop
  endfacet
  facet normal -0.16266101839906896 2.6865633396137582e-18 0.9866820121464553
    outer loop
      vertex -18.593148495775417 -18 2.906215569761108
      vertex -18.02426351493081 -17.650196858875784 3
      vertex -18.618033988749893 18.001999999999995 2.9021130325903073
    endloop
  endfacet
  facet normal -0.9501019191346187 2.4974043064660536e-17 0.31193964681764047
    outer loop
      vertex -19.618033988749893 -18.001999999999995 2.1755705045849467
      vertex -19.73205080756888 17.828299487647264 1.8282994876472658
      vertex -20 17.638116494484866 1.0121831505398948
    endloop
  endfacet
  facet normal -0.9501019191346181 4.622561415275562e-17 0.3119396468176425
    outer loop
      vertex -19.618033988749893 -18.001999999999995 2.1755705045849467
      vertex -19.670239973028156 17.87637833091856 2.01656216319868
      vertex -19.73205080756888 17.828299487647264 1.8282994876472658
    endloop
  endfacet
  facet normal -0.9501019191346307 -1.4172934885258456e-16 0.31193964681760417
    outer loop
      vertex -19.618033988749893 -18.001999999999995 2.1755705045849467
      vertex -19.64812200214568 18 2.0839288054232
      vertex -19.670239973028156 17.87637833091856 2.01656216319868
    endloop
  endfacet
  facet normal -0.9501019191346143 0 0.31193964681765446
    outer loop
      vertex -19.618033988749893 -18.001999999999995 2.1755705045849467
      vertex -19.618033988749893 18.001999999999995 2.1755705045849467
      vertex -19.64812200214568 18 2.0839288054232
    endloop
  endfacet
  facet normal -0.5877852522924759 0 0.8090169943749453
    outer loop
      vertex -19.618033988749893 -18.001999999999995 2.1755705045849467
      vertex -19.392939807497577 18 2.339111000071303
      vertex -19.618033988749893 18.001999999999995 2.1755705045849467
    endloop
  endfacet
  facet normal -0.5877852522924724 -3.344714526397212e-17 0.809016994374948
    outer loop
      vertex -19.618033988749893 -18.001999999999995 2.1755705045849467
      vertex -19.035751798501103 17.73314494306385 2.598623279100802
      vertex -19.392939807497577 18 2.339111000071303
    endloop
  endfacet
  facet normal -0.5877852522924697 -9.673727929812345e-17 0.8090169943749501
    outer loop
      vertex -19.618033988749893 -18.001999999999995 2.1755705045849467
      vertex -18.85210456062449 17.85210456062449 2.732050807568877
      vertex -19.035751798501103 17.73314494306385 2.598623279100802
    endloop
  endfacet
  facet normal -0.5877852522924737 3.5357027366077157e-17 0.809016994374947
    outer loop
      vertex -19.618033988749893 -18.001999999999995 2.1755705045849467
      vertex -18.63998119351473 18 2.8861674549578127
      vertex -18.85210456062449 17.85210456062449 2.732050807568877
    endloop
  endfacet
  facet normal -0.5877852522924703 -9.820400495646903e-17 0.8090169943749494
    outer loop
      vertex -19.618033988749893 -18.001999999999995 2.1755705045849467
      vertex -18.618033988749893 18.001999999999995 2.9021130325903073
      vertex -18.63998119351473 18 2.8861674549578127
    endloop
  endfacet
  facet normal -0.16266101839905558 2.3171936893510824e-16 0.9866820121464575
    outer loop
      vertex -18.618033988749893 18.001999999999995 2.9021130325903073
      vertex -18.02426351493081 -17.650196858875784 3
      vertex -18.593148495775417 18 2.9062155697611076
    endloop
  endfacet
  facet normal -0.16266101839906968 1.3258640846898114e-19 0.9866820121464551
    outer loop
      vertex -18.593148495775417 18 2.9062155697611076
      vertex -18.02426351493081 -17.650196858875784 3
      vertex -18.02426351493081 17.650196858875784 3
    endloop
  endfacet
  facet normal -0.9501019191346249 1.6648534197317318e-12 0.31193964681762165
    outer loop
      vertex -19.648479835380687 18.001999999999995 2.0828389213806218
      vertex -19.64812200214568 18 2.0839288054232
      vertex -19.618033988749893 18.001999999999995 2.1755705045849467
    endloop
  endfacet
  facet normal 0 1 0
    outer loop
      vertex -19.648479835380687 18.001999999999995 2.0828389213806218
      vertex -19.618033988749893 18.001999999999995 2.1755705045849467
      vertex -19.390262788646243 18.001999999999995 2.341055968115067
    endloop
  endfacet
  facet normal -0.5877852522924726 5.784209632968054e-13 0.809016994374948
    outer loop
      vertex -19.618033988749893 18.001999999999995 2.1755705045849467
      vertex -19.392939807497577 18 2.339111000071303
      vertex -19.390262788646243 18.001999999999995 2.341055968115067
    endloop
  endfacet
  facet normal -0.5877852522924563 -2.417173186789495e-13 0.8090169943749598
    outer loop
      vertex -18.64284975211268 18.001999999999995 2.884083325142325
      vertex -18.63998119351473 18 2.8861674549578127
      vertex -18.618033988749893 18.001999999999995 2.9021130325903073
    endloop
  endfacet
  facet normal 0 1 0
    outer loop
      vertex -18.64284975211268 18.001999999999995 2.884083325142325
      vertex -18.618033988749893 18.001999999999995 2.9021130325903073
      vertex -18.58989589501823 18.001999999999995 2.9067517823859417
    endloop
  endfacet
  facet normal -0.16266101839906177 -7.892526403749194e-14 0.9866820121464566
    outer loop
      vertex -18.618033988749893 18.001999999999995 2.9021130325903073
      vertex -18.593148495775417 18 2.9062155697611076
      vertex -18.58989589501823 18.001999999999995 2.9067517823859417
    endloop
  endfacet
  facet normal -1.0807732493654085e-13 -0.9866820121464525 0.16266101839908584
    outer loop
      vertex -18.001999999999995 -19.906751782385943 1.5898958950182316
      vertex -18 -19.90621556976111 1.5931484957754167
      vertex -18.001999999999995 -19.902113032590307 1.6180339887498953
    endloop
  endfacet
  facet normal -1 0 0
    outer loop
      vertex -18.001999999999995 -19.906751782385943 1.5898958950182316
      vertex -18.001999999999995 -19.902113032590307 1.6180339887498953
      vertex -18.001999999999995 -19.884083325142324 1.6428497521126844
    endloop
  endfacet
  facet normal 6.6868998736467e-13 -0.8090169943749536 0.5877852522924649
    outer loop
      vertex -18.001999999999995 -19.902113032590307 1.6180339887498953
      vertex -18 -19.88616745495781 1.6399811935147317
      vertex -18.001999999999995 -19.884083325142324 1.6428497521126844
    endloop
  endfacet
  facet normal -3.724814445414898e-13 -0.8090169943749502 0.5877852522924694
    outer loop
      vertex -18.001999999999995 -19.34105596811507 2.3902627886462375
      vertex -18 -19.339111000071306 2.3929398074975725
      vertex -18.001999999999995 -19.175570504584947 2.6180339887498953
    endloop
  endfacet
  facet normal -1 0 0
    outer loop
      vertex -18.001999999999995 -19.34105596811507 2.3902627886462375
      vertex -18.001999999999995 -19.175570504584947 2.6180339887498953
      vertex -18.001999999999995 -19.082838921380617 2.6484798353806926
    endloop
  endfacet
  facet normal 1.502036033858073e-14 -0.31193964681763553 0.9501019191346205
    outer loop
      vertex -18.001999999999995 -19.175570504584947 2.6180339887498953
      vertex -18 -19.083928805423195 2.6481220021456817
      vertex -18.001999999999995 -19.082838921380617 2.6484798353806926
    endloop
  endfacet
  facet normal 2.9891799731038626e-21 -0.9866820121464511 0.1626610183990943
    outer loop
      vertex -18 -19.90621556976111 1.5931484957754167
      vertex 18.001999999999995 -19.902113032590307 1.6180339887498953
      vertex -18.001999999999995 -19.902113032590307 1.6180339887498953
    endloop
  endfacet
  facet normal 0 -0.8090169943749245 0.5877852522925048
    outer loop
      vertex -18.001999999999995 -19.902113032590307 1.6180339887498953
      vertex 18.001999999999995 -19.902113032590307 1.6180339887498953
      vertex -18 -19.88616745495781 1.6399811935147317
    endloop
  endfacet
  facet normal 1.7948668144862572e-17 -0.9866820121464552 0.162661018399069
    outer loop
      vertex -18 -19.90621556976111 1.5931484957754167
      vertex -17.65019685887579 -20 1.0242635149308144
      vertex 18.001999999999995 -19.902113032590307 1.6180339887498953
    endloop
  endfacet
  facet normal -3.256307632538935e-17 -0.8090169943749498 0.5877852522924698
    outer loop
      vertex -18 -19.88616745495781 1.6399811935147317
      vertex 18.001999999999995 -19.902113032590307 1.6180339887498953
      vertex -17.85210456062449 -19.73205080756888 1.8521045606244904
    endloop
  endfacet
  facet normal 3.1060849863433196e-17 -0.8090169943749451 0.5877852522924761
    outer loop
      vertex -17.85210456062449 -19.73205080756888 1.8521045606244904
      vertex 18.001999999999995 -19.902113032590307 1.6180339887498953
      vertex -17.73314494306385 -19.598623279100803 2.035751798501101
    endloop
  endfacet
  facet normal -6.318399013762104e-17 -0.8090169943749486 0.5877852522924715
    outer loop
      vertex -18 -19.339111000071306 2.3929398074975725
      vertex 18.001999999999995 -19.902113032590307 1.6180339887498953
      vertex -18.001999999999995 -19.175570504584947 2.6180339887498953
    endloop
  endfacet
  facet normal -4.225401588133008e-17 -0.8090169943749482 0.5877852522924721
    outer loop
      vertex -17.73314494306385 -19.598623279100803 2.035751798501101
      vertex 18.001999999999995 -19.902113032590307 1.6180339887498953
      vertex -18 -19.339111000071306 2.3929398074975725
    endloop
  endfacet
  facet normal 0 -0.31193964681763525 0.9501019191346205
    outer loop
      vertex -18.001999999999995 -19.175570504584947 2.6180339887498953
      vertex 18.001999999999995 -19.175570504584947 2.6180339887498953
      vertex -18 -19.083928805423195 2.6481220021456817
    endloop
  endfacet
  facet normal 3.761964019060747e-18 -0.3119396468176339 0.9501019191346209
    outer loop
      vertex -18 -19.083928805423195 2.6481220021456817
      vertex 18.001999999999995 -19.175570504584947 2.6180339887498953
      vertex -17.876378330918563 -19.016562163198678 2.6702399730281594
    endloop
  endfacet
  facet normal -1.903222373775509e-17 -0.3119396468176385 0.9501019191346195
    outer loop
      vertex -17.876378330918563 -19.016562163198678 2.6702399730281594
      vertex 18.001999999999995 -19.175570504584947 2.6180339887498953
      vertex -17.828299487647275 -18.828299487647275 2.732050807568877
    endloop
  endfacet
  facet normal 0 -0.311939646817636 0.9501019191346204
    outer loop
      vertex -17.828299487647275 -18.828299487647275 2.732050807568877
      vertex 17.828299487647275 -18.828299487647275 2.732050807568877
      vertex -17.638116494484866 -18.012183150539887 3
    endloop
  endfacet
  facet normal 4.302045732484507e-17 -0.9866820121464557 0.16266101839906616
    outer loop
      vertex 18 -19.90621556976111 1.5931484957754176
      vertex -17.65019685887579 -20 1.0242635149308144
      vertex 17.650196858875784 -20 1.024263514930805
    endloop
  endfacet
  facet normal -5.121658697146218e-16 -0.9866820121464501 0.16266101839909997
    outer loop
      vertex 18 -19.90621556976111 1.5931484957754176
      vertex 18.001999999999995 -19.902113032590307 1.6180339887498953
      vertex -17.65019685887579 -20 1.0242635149308144
    endloop
  endfacet
  facet normal -1.6276071551199579e-15 -0.809016994374976 0.5877852522924337
    outer loop
      vertex -18.001999999999995 -19.175570504584947 2.6180339887498953
      vertex 18.001999999999995 -19.902113032590307 1.6180339887498953
      vertex 18 -19.88616745495781 1.6399811935147357
    endloop
  endfacet
  facet normal -1.5557185187128996e-16 -0.8090169943749507 0.5877852522924688
    outer loop
      vertex -18.001999999999995 -19.175570504584947 2.6180339887498953
      vertex 17.85210456062449 -19.73205080756888 1.8521045606244912
      vertex 17.733144943063852 -19.598623279100806 2.0357517985011007
    endloop
  endfacet
  facet normal 7.066248759929035e-17 -0.8090169943749458 0.5877852522924756
    outer loop
      vertex -18.001999999999995 -19.175570504584947 2.6180339887498953
      vertex 18 -19.88616745495781 1.6399811935147357
      vertex 17.85210456062449 -19.73205080756888 1.8521045606244912
    endloop
  endfacet
  facet normal 2.7729339946322966e-17 -0.8090169943749455 0.587785252292476
    outer loop
      vertex -18.001999999999995 -19.175570504584947 2.6180339887498953
      vertex 17.733144943063852 -19.598623279100806 2.0357517985011007
      vertex 18 -19.33911100007131 2.3929398074975685
    endloop
  endfacet
  facet normal 0 -0.8090169943749473 0.587785252292473
    outer loop
      vertex -18.001999999999995 -19.175570504584947 2.6180339887498953
      vertex 18 -19.33911100007131 2.3929398074975685
      vertex 18.001999999999995 -19.175570504584947 2.6180339887498953
    endloop
  endfacet
  facet normal -2.843094541434642e-17 -0.31193964681763936 0.9501019191346193
    outer loop
      vertex -17.828299487647275 -18.828299487647275 2.732050807568877
      vertex 18.001999999999995 -19.175570504584947 2.6180339887498953
      vertex 18 -19.083928805423195 2.648122002145682
    endloop
  endfacet
  facet normal 1.562660647094547e-17 -0.3119396468176339 0.9501019191346209
    outer loop
      vertex -17.828299487647275 -18.828299487647275 2.732050807568877
      vertex 18 -19.083928805423195 2.648122002145682
      vertex 17.876378330918566 -19.016562163198678 2.67023997302816
    endloop
  endfacet
  facet normal 0 -0.31193964681763653 0.9501019191346202
    outer loop
      vertex -17.828299487647275 -18.828299487647275 2.732050807568877
      vertex 17.876378330918566 -19.016562163198678 2.67023997302816
      vertex 17.828299487647275 -18.828299487647275 2.732050807568877
    endloop
  endfacet
  facet normal -3.150796642794528e-17 -0.3119396468176372 0.9501019191346198
    outer loop
      vertex 17.828299487647275 -18.828299487647275 2.732050807568877
      vertex 17.63811649448487 -18.01218315053989 3
      vertex -17.638116494484866 -18.012183150539887 3
    endloop
  endfacet
  facet normal 2.442097830168211e-13 -0.9866820121464533 0.16266101839908084
    outer loop
      vertex 18.001999999999995 -19.906751782385943 1.5898958950182307
      vertex 18.001999999999995 -19.902113032590307 1.6180339887498953
      vertex 18 -19.90621556976111 1.5931484957754176
    endloop
  endfacet
  facet normal 1 0 0
    outer loop
      vertex 18.001999999999995 -19.906751782385943 1.5898958950182307
      vertex 18.001999999999995 -19.884083325142324 1.6428497521126844
      vertex 18.001999999999995 -19.902113032590307 1.6180339887498953
    endloop
  endfacet
  facet normal 5.053376826183621e-13 -0.8090169943749536 0.5877852522924649
    outer loop
      vertex 18.001999999999995 -19.902113032590307 1.6180339887498953
      vertex 18.001999999999995 -19.884083325142324 1.6428497521126844
      vertex 18 -19.88616745495781 1.6399811935147357
    endloop
  endfacet
  facet normal 6.34958298825891e-13 -0.8090169943749502 0.5877852522924694
    outer loop
      vertex 18.001999999999995 -19.34105596811507 2.3902627886462375
      vertex 18.001999999999995 -19.175570504584947 2.6180339887498953
      vertex 18 -19.33911100007131 2.3929398074975685
    endloop
  endfacet
  facet normal 1 0 0
    outer loop
      vertex 18.001999999999995 -19.34105596811507 2.3902627886462375
      vertex 18.001999999999995 -19.082838921380617 2.6484798353806926
      vertex 18.001999999999995 -19.175570504584947 2.6180339887498953
    endloop
  endfacet
  facet normal 1.9595364986264465e-13 -0.31193964681763553 0.9501019191346205
    outer loop
      vertex 18.001999999999995 -19.175570504584947 2.6180339887498953
      vertex 18.001999999999995 -19.082838921380617 2.6484798353806926
      vertex 18 -19.083928805423195 2.648122002145682
    endloop
  endfacet
  facet normal -0.9866820121464438 0.16266101839913866 1.1563230771284584e-13
    outer loop
      vertex -19.90621556976111 18.59314849577542 -0.9999999999999999
      vertex -20 18.02426351493082 -0.6501968588757937
      vertex -19.902113032590307 18.618033988749893 -1.0019999999999998
    endloop
  endfacet
  facet normal -0.9866820121464548 0.1626610183990721 -7.352277570024591e-13
    outer loop
      vertex -19.906751782385943 18.589895895018227 -1.0019999999999996
      vertex -19.90621556976111 18.59314849577542 -0.9999999999999999
      vertex -19.902113032590307 18.618033988749893 -1.0019999999999998
    endloop
  endfacet
  facet normal 1.404921282782262e-14 -1.0207350604412196e-14 -1
    outer loop
      vertex -19.906751782385943 18.589895895018227 -1.0019999999999996
      vertex -19.902113032590307 18.618033988749893 -1.0019999999999998
      vertex -19.88408332514232 18.642849752112685 -1.0019999999999998
    endloop
  endfacet
  facet normal -0.8090169943749309 0.5877852522924959 8.172038650343683e-14
    outer loop
      vertex -19.902113032590307 18.618033988749893 -1.0019999999999998
      vertex -19.886167454957814 18.639981193514725 -0.9999999999999999
      vertex -19.88408332514232 18.642849752112685 -1.0019999999999998
    endloop
  endfacet
  facet normal -0.8090169943749447 0.5877852522924768 5.271878927678263e-13
    outer loop
      vertex -19.34105596811507 19.39026278864624 -1.0019999999999998
      vertex -19.339111000071302 19.392939807497577 -0.9999999999999999
      vertex -19.175570504584947 19.618033988749893 -1.0019999999999998
    endloop
  endfacet
  facet normal 0 0 -1
    outer loop
      vertex -19.34105596811507 19.39026278864624 -1.0019999999999998
      vertex -19.175570504584947 19.618033988749893 -1.0019999999999998
      vertex -19.08283892138062 19.648479835380687 -1.0019999999999998
    endloop
  endfacet
  facet normal -0.3119396468176176 0.9501019191346264 -5.286540049406236e-13
    outer loop
      vertex -19.175570504584947 19.618033988749893 -1.0019999999999998
      vertex -19.083928805423202 19.648122002145676 -0.9999999999999999
      vertex -19.08283892138062 19.648479835380687 -1.0019999999999998
    endloop
  endfacet
  facet normal -0.9866820121464548 0.16266101839907193 0
    outer loop
      vertex -19.902113032590307 18.618033988749893 -1.0019999999999998
      vertex -20 18.02426351493082 -0.6501968588757937
      vertex -19.902113032590307 18.618033988749893 1.0019999999999998
    endloop
  endfacet
  facet normal -0.9866820121464552 0.16266101839906943 1.1820721506708392e-18
    outer loop
      vertex -19.90621556976111 18.59314849577542 1.0000000000000002
      vertex -20 18.02426351493082 -0.6501968588757937
      vertex -20 18.02426351493082 0.6501968588757937
    endloop
  endfacet
  facet normal -0.8090169943749274 0.5877852522925008 0
    outer loop
      vertex -19.902113032590307 18.618033988749893 -1.0019999999999998
      vertex -19.902113032590307 18.618033988749893 1.0019999999999998
      vertex -19.886167454957814 18.639981193514725 1.0000000000000002
    endloop
  endfacet
  facet normal -0.8090169943749513 0.5877852522924677 5.554183833015932e-16
    outer loop
      vertex -19.902113032590307 18.618033988749893 -1.0019999999999998
      vertex -19.886167454957814 18.639981193514725 1.0000000000000002
      vertex -19.73205080756888 18.85210456062449 0.8521045606244894
    endloop
  endfacet
  facet normal -0.9866820121464449 0.16266101839913133 -2.1920307602276698e-14
    outer loop
      vertex -19.90621556976111 18.59314849577542 1.0000000000000002
      vertex -19.902113032590307 18.618033988749893 1.0019999999999998
      vertex -20 18.02426351493082 -0.6501968588757937
    endloop
  endfacet
  facet normal -0.8090169943749265 0.5877852522925021 -2.2223762774475064e-14
    outer loop
      vertex -19.902113032590307 18.618033988749893 -1.0019999999999998
      vertex -19.175570504584947 19.618033988749893 1.0019999999999998
      vertex -19.886167454957814 18.639981193514725 -0.9999999999999999
    endloop
  endfacet
  facet normal -0.8090169943749536 0.5877852522924648 5.581572158178075e-15
    outer loop
      vertex -19.886167454957814 18.639981193514725 -0.9999999999999999
      vertex -19.175570504584947 19.618033988749893 1.0019999999999998
      vertex -19.73205080756888 18.85210456062449 -0.852104560624489
    endloop
  endfacet
  facet normal -0.8090169943749497 0.5877852522924701 2.2671929066120163e-15
    outer loop
      vertex -19.73205080756888 18.85210456062449 -0.852104560624489
      vertex -19.175570504584947 19.618033988749893 1.0019999999999998
      vertex -19.598623279100803 19.035751798501103 -0.7331449430638475
    endloop
  endfacet
  facet normal -0.8090169943749461 0.587785252292475 -1.9824969171205107e-16
    outer loop
      vertex -19.598623279100803 19.035751798501103 -0.7331449430638475
      vertex -19.175570504584947 19.618033988749893 1.0019999999999998
      vertex -19.339111000071302 19.392939807497577 -0.9999999999999999
    endloop
  endfacet
  facet normal -0.809016994374947 0.5877852522924738 3.963719068105347e-18
    outer loop
      vertex -19.339111000071302 19.392939807497577 -0.9999999999999999
      vertex -19.175570504584947 19.618033988749893 1.0019999999999998
      vertex -19.175570504584947 19.618033988749893 -1.0019999999999998
    endloop
  endfacet
  facet normal -0.31193964681762804 0.9501019191346229 0
    outer loop
      vertex -19.175570504584947 19.618033988749893 -1.0019999999999998
      vertex -19.175570504584947 19.618033988749893 1.0019999999999998
      vertex -19.083928805423202 19.648122002145676 -0.9999999999999999
    endloop
  endfacet
  facet normal -0.31193964681764585 0.9501019191346172 -9.035155542327925e-16
    outer loop
      vertex -19.083928805423202 19.648122002145676 -0.9999999999999999
      vertex -19.175570504584947 19.618033988749893 1.0019999999999998
      vertex -19.01656216319868 19.670239973028156 -0.8763783309185544
    endloop
  endfacet
  facet normal -0.3119396468176375 0.9501019191346197 -1.257291680345713e-16
    outer loop
      vertex -19.01656216319868 19.670239973028156 -0.8763783309185544
      vertex -19.175570504584947 19.618033988749893 1.0019999999999998
      vertex -18.828299487647264 19.73205080756888 -0.8282994876472636
    endloop
  endfacet
  facet normal -0.809016994374949 0.587785252292471 -1.125916146242714e-16
    outer loop
      vertex -19.902113032590307 18.618033988749893 -1.0019999999999998
      vertex -19.73205080756888 18.85210456062449 0.8521045606244894
      vertex -19.598623279100803 19.035751798501103 0.7331449430638475
    endloop
  endfacet
  facet normal -0.8090169943749453 0.5877852522924759 -1.882727638459987e-15
    outer loop
      vertex -19.902113032590307 18.618033988749893 -1.0019999999999998
      vertex -19.598623279100803 19.035751798501103 0.7331449430638475
      vertex -19.339111000071302 19.392939807497577 1.0000000000000002
    endloop
  endfacet
  facet normal -0.809016994374947 0.5877852522924737 -6.000078933233833e-16
    outer loop
      vertex -19.902113032590307 18.618033988749893 -1.0019999999999998
      vertex -19.339111000071302 19.392939807497577 1.0000000000000002
      vertex -19.175570504584947 19.618033988749893 1.0019999999999998
    endloop
  endfacet
  facet normal -0.31193964681764985 0.9501019191346156 -1.4871595230512073e-15
    outer loop
      vertex -18.828299487647264 19.73205080756888 -0.8282994876472636
      vertex -19.083928805423202 19.648122002145676 1.0000000000000002
      vertex -19.01656216319868 19.670239973028156 0.8763783309185547
    endloop
  endfacet
  facet normal -0.3119396468176279 0.9501019191346229 1.8890579640188084e-15
    outer loop
      vertex -18.828299487647264 19.73205080756888 -0.8282994876472636
      vertex -19.175570504584947 19.618033988749893 1.0019999999999998
      vertex -19.083928805423202 19.648122002145676 1.0000000000000002
    endloop
  endfacet
  facet normal -0.3119396468176376 0.9501019191346198 0
    outer loop
      vertex -18.828299487647264 19.73205080756888 -0.8282994876472636
      vertex -19.01656216319868 19.670239973028156 0.8763783309185547
      vertex -18.828299487647264 19.73205080756888 0.8282994876472638
    endloop
  endfacet
  facet normal -0.3119396468176407 0.9501019191346186 6.034628308540471e-18
    outer loop
      vertex -18.828299487647264 19.73205080756888 -0.8282994876472636
      vertex -18.012183150539894 20 0.6381164944848678
      vertex -18.012183150539894 20 -0.6381164944848678
    endloop
  endfacet
  facet normal -0.3119396468176407 0.9501019191346187 0
    outer loop
      vertex -18.828299487647264 19.73205080756888 -0.8282994876472636
      vertex -18.828299487647264 19.73205080756888 0.8282994876472638
      vertex -18.012183150539894 20 0.6381164944848678
    endloop
  endfacet
  facet normal -0.9866820121464548 0.1626610183990721 7.352473552366718e-13
    outer loop
      vertex -19.90621556976111 18.59314849577542 1.0000000000000002
      vertex -19.906751782385943 18.589895895018227 1.0019999999999998
      vertex -19.902113032590307 18.618033988749893 1.0019999999999998
    endloop
  endfacet
  facet normal 0 0 1
    outer loop
      vertex -19.906751782385943 18.589895895018227 1.0019999999999998
      vertex -19.88408332514232 18.64284975211268 1.0019999999999998
      vertex -19.902113032590307 18.618033988749893 1.0019999999999998
    endloop
  endfacet
  facet normal -0.8090169943748908 0.587785252292551 8.421801404244012e-13
    outer loop
      vertex -19.902113032590307 18.618033988749893 1.0019999999999998
      vertex -19.88408332514232 18.64284975211268 1.0019999999999998
      vertex -19.886167454957814 18.639981193514725 1.0000000000000002
    endloop
  endfacet
  facet normal -0.8090169943749447 0.5877852522924769 -5.272286762114781e-13
    outer loop
      vertex -19.339111000071302 19.392939807497577 1.0000000000000002
      vertex -19.34105596811507 19.39026278864624 1.0019999999999998
      vertex -19.175570504584947 19.618033988749893 1.0019999999999998
    endloop
  endfacet
  facet normal 0 0 1
    outer loop
      vertex -19.34105596811507 19.39026278864624 1.0019999999999998
      vertex -19.08283892138062 19.648479835380687 1.0019999999999998
      vertex -19.175570504584947 19.618033988749893 1.0019999999999998
    endloop
  endfacet
  facet normal -0.3119396468176176 0.9501019191346263 5.288997418204706e-13
    outer loop
      vertex -19.175570504584947 19.618033988749893 1.0019999999999998
      vertex -19.08283892138062 19.648479835380687 1.0019999999999998
      vertex -19.083928805423202 19.648122002145676 1.0000000000000002
    endloop
  endfacet
  facet normal 2.254562065119176e-13 0.31193964681763553 -0.9501019191346205
    outer loop
      vertex -18.001999999999995 19.082838921380617 -2.6484798353806926
      vertex -18.001999999999995 19.175570504584947 -2.6180339887498953
      vertex -18 19.083928805423195 -2.6481220021456813
    endloop
  endfacet
  facet normal -1 0 0
    outer loop
      vertex -18.001999999999995 19.082838921380617 -2.6484798353806926
      vertex -18.001999999999995 19.34105596811507 -2.3902627886462393
      vertex -18.001999999999995 19.175570504584947 -2.6180339887498953
    endloop
  endfacet
  facet normal -3.7944753579869027e-13 0.809016994374948 -0.5877852522924724
    outer loop
      vertex -18.001999999999995 19.175570504584947 -2.6180339887498953
      vertex -18.001999999999995 19.34105596811507 -2.3902627886462393
      vertex -18 19.339111000071306 -2.3929398074975743
    endloop
  endfacet
  facet normal -7.453821652188146e-13 0.809016994374946 -0.5877852522924751
    outer loop
      vertex -18.001999999999995 19.884083325142324 -1.6428497521126837
      vertex -18.001999999999995 19.902113032590307 -1.6180339887498953
      vertex -18 19.886167454957814 -1.639981193514731
    endloop
  endfacet
  facet normal -1 0 0
    outer loop
      vertex -18.001999999999995 19.884083325142324 -1.6428497521126837
      vertex -18.001999999999995 19.906751782385943 -1.5898958950182314
      vertex -18.001999999999995 19.902113032590307 -1.6180339887498953
    endloop
  endfacet
  facet normal -2.1428919763579581e-13 0.9866820121464527 -0.1626610183990846
    outer loop
      vertex -18.001999999999995 19.902113032590307 -1.6180339887498953
      vertex -18.001999999999995 19.906751782385943 -1.5898958950182314
      vertex -18 19.90621556976111 -1.5931484957754178
    endloop
  endfacet
  facet normal -3.156096632794339e-17 0.3119396468176355 -0.9501019191346204
    outer loop
      vertex -17.828299487647275 18.828299487647275 -2.7320508075688776
      vertex 17.63811649448487 18.01218315053989 -3
      vertex -17.638116494484866 18.012183150539887 -3
    endloop
  endfacet
  facet normal -2.3825164182257626e-17 0.3119396468176396 -0.9501019191346192
    outer loop
      vertex -17.876378330918563 19.016562163198678 -2.6702399730281594
      vertex -18 19.083928805423195 -2.6481220021456813
      vertex 18.001999999999995 19.175570504584947 -2.6180339887498953
    endloop
  endfacet
  facet normal -3.65942697528955e-23 0.3119396468176311 -0.9501019191346219
    outer loop
      vertex -18 19.083928805423195 -2.6481220021456813
      vertex -18.001999999999995 19.175570504584947 -2.6180339887498953
      vertex 18.001999999999995 19.175570504584947 -2.6180339887498953
    endloop
  endfacet
  facet normal -2.868694795248965e-17 0.3119396468176406 -0.9501019191346186
    outer loop
      vertex -17.828299487647275 18.828299487647275 -2.7320508075688776
      vertex -17.876378330918563 19.016562163198678 -2.6702399730281594
      vertex 18.001999999999995 19.175570504584947 -2.6180339887498953
    endloop
  endfacet
  facet normal 6.651372842717471e-17 0.8090169943749462 -0.5877852522924746
    outer loop
      vertex -18.001999999999995 19.175570504584947 -2.6180339887498953
      vertex -18 19.339111000071306 -2.3929398074975743
      vertex 18.001999999999995 19.902113032590307 -1.6180339887498953
    endloop
  endfacet
  facet normal -4.363836080253361e-17 0.8090169943749489 -0.5877852522924711
    outer loop
      vertex -18 19.339111000071306 -2.3929398074975743
      vertex -17.73314494306385 19.598623279100803 -2.035751798501102
      vertex 18.001999999999995 19.902113032590307 -1.6180339887498953
    endloop
  endfacet
  facet normal 1.2580519119338847e-17 0.8090169943749466 -0.5877852522924742
    outer loop
      vertex -17.85210456062449 19.73205080756888 -1.8521045606244904
      vertex 18.001999999999995 19.902113032590307 -1.6180339887498953
      vertex -17.73314494306385 19.598623279100803 -2.035751798501102
    endloop
  endfacet
  facet normal 4.324206282954606e-17 0.8090169943749443 -0.5877852522924775
    outer loop
      vertex -17.85210456062449 19.73205080756888 -1.8521045606244904
      vertex -18 19.886167454957814 -1.639981193514731
      vertex 18.001999999999995 19.902113032590307 -1.6180339887498953
    endloop
  endfacet
  facet normal 1.1224581502315146e-20 0.8090169943749782 -0.5877852522924307
    outer loop
      vertex -18 19.886167454957814 -1.639981193514731
      vertex -18.001999999999995 19.902113032590307 -1.6180339887498953
      vertex 18.001999999999995 19.902113032590307 -1.6180339887498953
    endloop
  endfacet
  facet normal 0 0.9866820121464499 -0.16266101839910135
    outer loop
      vertex -18.001999999999995 19.902113032590307 -1.6180339887498953
      vertex -18 19.90621556976111 -1.5931484957754178
      vertex 18.001999999999995 19.902113032590307 -1.6180339887498953
    endloop
  endfacet
  facet normal 2.319237051007987e-17 0.9866820121464552 -0.16266101839906869
    outer loop
      vertex -18 19.90621556976111 -1.5931484957754178
      vertex -17.65019685887579 20 -1.0242635149308144
      vertex 18.001999999999995 19.902113032590307 -1.6180339887498953
    endloop
  endfacet
  facet normal 0 0.3119396468176367 -0.95010191913462
    outer loop
      vertex -17.828299487647275 18.828299487647275 -2.7320508075688776
      vertex 17.828299487647275 18.828299487647275 -2.7320508075688776
      vertex 17.63811649448487 18.01218315053989 -3
    endloop
  endfacet
  facet normal 0 0.3119396468176386 -0.9501019191346194
    outer loop
      vertex -17.828299487647275 18.828299487647275 -2.7320508075688776
      vertex 17.876378330918563 19.016562163198678 -2.67023997302816
      vertex 17.828299487647275 18.828299487647275 -2.7320508075688776
    endloop
  endfacet
  facet normal 2.7694377567010295e-17 0.31193964681763386 -0.9501019191346209
    outer loop
      vertex -17.828299487647275 18.828299487647275 -2.7320508075688776
      vertex 18 19.083928805423195 -2.648122002145682
      vertex 17.876378330918563 19.016562163198678 -2.67023997302816
    endloop
  endfacet
  facet normal -1.5929156149756254e-17 0.31193964681763947 -0.9501019191346192
    outer loop
      vertex -17.828299487647275 18.828299487647275 -2.7320508075688776
      vertex 18.001999999999995 19.175570504584947 -2.6180339887498953
      vertex 18 19.083928805423195 -2.648122002145682
    endloop
  endfacet
  facet normal 0 0.8090169943749452 -0.5877852522924761
    outer loop
      vertex -18.001999999999995 19.175570504584947 -2.6180339887498953
      vertex 18 19.33911100007131 -2.3929398074975703
      vertex 18.001999999999995 19.175570504584947 -2.6180339887498953
    endloop
  endfacet
  facet normal -5.984617916406584e-17 0.8090169943749498 -0.5877852522924698
    outer loop
      vertex -18.001999999999995 19.175570504584947 -2.6180339887498953
      vertex 17.733144943063852 19.598623279100803 -2.0357517985011016
      vertex 18 19.33911100007131 -2.3929398074975703
    endloop
  endfacet
  facet normal 1.2174143604411432e-16 0.8090169943749445 -0.5877852522924772
    outer loop
      vertex -18.001999999999995 19.175570504584947 -2.6180339887498953
      vertex 17.85210456062449 19.73205080756888 -1.8521045606244912
      vertex 17.733144943063852 19.598623279100803 -2.0357517985011016
    endloop
  endfacet
  facet normal 4.668588829457357e-17 0.8090169943749462 -0.5877852522924747
    outer loop
      vertex -18.001999999999995 19.175570504584947 -2.6180339887498953
      vertex 18 19.88616745495781 -1.6399811935147353
      vertex 17.85210456062449 19.73205080756888 -1.8521045606244912
    endloop
  endfacet
  facet normal -1.2964306257597602e-15 0.8090169943749709 -0.5877852522924406
    outer loop
      vertex -18.001999999999995 19.175570504584947 -2.6180339887498953
      vertex 18.001999999999995 19.902113032590307 -1.6180339887498953
      vertex 18 19.88616745495781 -1.6399811935147353
    endloop
  endfacet
  facet normal -7.053628045242494e-16 0.9866820121464484 -0.16266101839911132
    outer loop
      vertex 18.001999999999995 19.902113032590307 -1.6180339887498953
      vertex -17.65019685887579 20 -1.0242635149308144
      vertex 18 19.90621556976111 -1.5931484957754194
    endloop
  endfacet
  facet normal 4.3023462317687724e-17 0.9866820121464558 -0.16266101839906566
    outer loop
      vertex 18 19.90621556976111 -1.5931484957754194
      vertex -17.65019685887579 20 -1.0242635149308144
      vertex 17.650196858875784 20 -1.024263514930805
    endloop
  endfacet
  facet normal 1.9649169745443027e-13 0.31193964681763553 -0.9501019191346205
    outer loop
      vertex 18.001999999999995 19.082838921380617 -2.6484798353806926
      vertex 18 19.083928805423195 -2.648122002145682
      vertex 18.001999999999995 19.175570504584947 -2.6180339887498953
    endloop
  endfacet
  facet normal 1 0 0
    outer loop
      vertex 18.001999999999995 19.082838921380617 -2.6484798353806926
      vertex 18.001999999999995 19.175570504584947 -2.6180339887498953
      vertex 18.001999999999995 19.34105596811507 -2.3902627886462393
    endloop
  endfacet
  facet normal 6.352953948843082e-13 0.809016994374948 -0.5877852522924724
    outer loop
      vertex 18.001999999999995 19.175570504584947 -2.6180339887498953
      vertex 18 19.33911100007131 -2.3929398074975703
      vertex 18.001999999999995 19.34105596811507 -2.3902627886462393
    endloop
  endfacet
  facet normal 5.481578088937896e-13 0.809016994374946 -0.5877852522924751
    outer loop
      vertex 18.001999999999995 19.884083325142324 -1.6428497521126837
      vertex 18 19.88616745495781 -1.6399811935147353
      vertex 18.001999999999995 19.902113032590307 -1.6180339887498953
    endloop
  endfacet
  facet normal 1 0 0
    outer loop
      vertex 18.001999999999995 19.884083325142324 -1.6428497521126837
      vertex 18.001999999999995 19.902113032590307 -1.6180339887498953
      vertex 18.001999999999995 19.906751782385943 -1.5898958950182316
    endloop
  endfacet
  facet normal 3.2482135363973676e-13 0.9866820121464525 -0.16266101839908584
    outer loop
      vertex 18.001999999999995 19.902113032590307 -1.6180339887498953
      vertex 18 19.90621556976111 -1.5931484957754194
      vertex 18.001999999999995 19.906751782385943 -1.5898958950182316
    endloop
  endfacet
  facet normal -1 0 0
    outer loop
      vertex -18.001999999999995 18.58989589501823 2.9067517823859417
      vertex -18.001999999999995 18.618033988749893 2.9021130325903073
      vertex -18.001999999999995 18.64284975211268 2.884083325142325
    endloop
  endfacet
  facet normal 4.213551775729923e-13 0.5877852522924563 0.8090169943749598
    outer loop
      vertex -18.001999999999995 18.64284975211268 2.884083325142325
      vertex -18.001999999999995 18.618033988749893 2.9021130325903073
      vertex -18 18.63998119351473 2.8861674549578122
    endloop
  endfacet
  facet normal -1.4009484607979139e-13 0.16266101839906177 0.9866820121464566
    outer loop
      vertex -18.001999999999995 18.58989589501823 2.9067517823859417
      vertex -18 18.593148495775417 2.906215569761108
      vertex -18.001999999999995 18.618033988749893 2.9021130325903073
    endloop
  endfacet
  facet normal -1.857151317278963e-13 0.9501019191346246 0.31193964681762304
    outer loop
      vertex -18 19.648122002145676 2.0839288054232017
      vertex -18.001999999999995 19.648479835380687 2.082838921380622
      vertex -18.001999999999995 19.618033988749893 2.1755705045849467
    endloop
  endfacet
  facet normal -4.272423489523296e-13 0.5877852522924704 0.8090169943749493
    outer loop
      vertex -18.001999999999995 19.618033988749893 2.1755705045849467
      vertex -18.001999999999995 19.390262788646243 2.341055968115066
      vertex -18 19.392939807497573 2.3391110000713042
    endloop
  endfacet
  facet normal -1 0 0
    outer loop
      vertex -18.001999999999995 19.648479835380687 2.082838921380622
      vertex -18.001999999999995 19.390262788646243 2.341055968115066
      vertex -18.001999999999995 19.618033988749893 2.1755705045849467
    endloop
  endfacet
  facet normal 3.1251472259729535e-19 0.9501019191346184 0.3119396468176415
    outer loop
      vertex -17.828299487647264 19.73205080756888 1.8282994876472634
      vertex 17.638116494484866 20 1.0121831505398953
      vertex -17.638116494484866 20 1.0121831505398953
    endloop
  endfacet
  facet normal -8.541163781476998e-17 0.9501019191346196 0.3119396468176382
    outer loop
      vertex -17.828299487647264 19.73205080756888 1.8282994876472634
      vertex -17.876378330918556 19.670239973028156 2.0165621631986803
      vertex 17.638116494484866 20 1.0121831505398953
    endloop
  endfacet
  facet normal -4.821921844511648e-16 0.9501019191346234 0.31193964681762665
    outer loop
      vertex -18 19.648122002145676 2.0839288054232017
      vertex -18.001999999999995 19.618033988749893 2.1755705045849467
      vertex 17.638116494484866 20 1.0121831505398953
    endloop
  endfacet
  facet normal 8.960193631652309e-17 0.9501019191346176 0.3119396468176437
    outer loop
      vertex -18 19.648122002145676 2.0839288054232017
      vertex 17.638116494484866 20 1.0121831505398953
      vertex -17.876378330918556 19.670239973028156 2.0165621631986803
    endloop
  endfacet
  facet normal -9.073717132873915e-18 0.5877852522924717 0.8090169943749486
    outer loop
      vertex -18 18.63998119351473 2.8861674549578122
      vertex 18.001999999999995 18.618033988749893 2.9021130325903073
      vertex -17.85210456062449 18.85210456062449 2.7320508075688776
    endloop
  endfacet
  facet normal 1.431552469854134e-20 0.5877852522924814 0.8090169943749415
    outer loop
      vertex -18 18.63998119351473 2.8861674549578122
      vertex -18.001999999999995 18.618033988749893 2.9021130325903073
      vertex 18.001999999999995 18.618033988749893 2.9021130325903073
    endloop
  endfacet
  facet normal -5.386228211774485e-21 0.1626610183990727 0.9866820121464546
    outer loop
      vertex -18 18.593148495775417 2.906215569761108
      vertex 18.001999999999995 18.618033988749893 2.9021130325903073
      vertex -18.001999999999995 18.618033988749893 2.9021130325903073
    endloop
  endfacet
  facet normal -1.6357842769771848e-17 0.16266101839906894 0.9866820121464552
    outer loop
      vertex -18 18.593148495775417 2.906215569761108
      vertex -17.650196858875784 18.02426351493081 3
      vertex 17.650196858875784 18.024263514930812 3
    endloop
  endfacet
  facet normal -1.5941341232679397e-18 0.587785252292473 0.8090169943749476
    outer loop
      vertex -18.001999999999995 19.618033988749893 2.1755705045849467
      vertex -18 19.392939807497573 2.3391110000713042
      vertex 18.001999999999995 18.618033988749893 2.9021130325903073
    endloop
  endfacet
  facet normal 6.385414704616237e-17 0.5877852522924749 0.8090169943749461
    outer loop
      vertex -17.73314494306385 19.035751798501103 2.5986232791008024
      vertex 18.001999999999995 18.618033988749893 2.9021130325903073
      vertex -18 19.392939807497573 2.3391110000713042
    endloop
  endfacet
  facet normal -2.67281179652736e-17 0.5877852522924699 0.8090169943749499
    outer loop
      vertex -17.73314494306385 19.035751798501103 2.5986232791008024
      vertex -17.85210456062449 18.85210456062449 2.7320508075688776
      vertex 18.001999999999995 18.618033988749893 2.9021130325903073
    endloop
  endfacet
  facet normal 4.075394311012729e-17 0.9501019191346186 0.311939646817641
    outer loop
      vertex -18.001999999999995 19.618033988749893 2.1755705045849467
      vertex 17.828299487647264 19.73205080756888 1.8282994876472647
      vertex 17.638116494484866 20 1.0121831505398953
    endloop
  endfacet
  facet normal 1.9010909759442864e-18 0.16266101839907005 0.9866820121464551
    outer loop
      vertex -18 18.593148495775417 2.906215569761108
      vertex 17.650196858875784 18.024263514930812 3
      vertex 18.001999999999995 18.618033988749893 2.9021130325903073
    endloop
  endfacet
  facet normal 3.204386620744394e-17 0.5877852522924749 0.8090169943749461
    outer loop
      vertex -18.001999999999995 19.618033988749893 2.1755705045849467
      vertex 17.73314494306385 19.035751798501103 2.598623279100802
      vertex 18 19.392939807497577 2.339111000071301
    endloop
  endfacet
  facet normal -6.370381968065645e-17 0.5877852522924711 0.8090169943749491
    outer loop
      vertex -18.001999999999995 19.618033988749893 2.1755705045849467
      vertex 17.85210456062449 18.85210456062449 2.7320508075688776
      vertex 17.73314494306385 19.035751798501103 2.598623279100802
    endloop
  endfacet
  facet normal -1.1737553344235365e-16 0.5877852522924696 0.80901699437495
    outer loop
      vertex -18.001999999999995 19.618033988749893 2.1755705045849467
      vertex 18 18.639981193514725 2.886167454957814
      vertex 17.85210456062449 18.85210456062449 2.7320508075688776
    endloop
  endfacet
  facet normal 3.108995952919868e-17 0.9501019191346189 0.3119396468176402
    outer loop
      vertex -18.001999999999995 19.618033988749893 2.1755705045849467
      vertex 17.876378330918556 19.670239973028156 2.0165621631986803
      vertex 17.828299487647264 19.73205080756888 1.8282994876472647
    endloop
  endfacet
  facet normal 6.561899055739259e-17 0.9501019191346165 0.31193964681764724
    outer loop
      vertex -18.001999999999995 19.618033988749893 2.1755705045849467
      vertex 18 19.648122002145676 2.083928805423201
      vertex 17.876378330918556 19.670239973028156 2.0165621631986803
    endloop
  endfacet
  facet normal 0 0.9501019191346243 0.31193964681762393
    outer loop
      vertex -18.001999999999995 19.618033988749893 2.1755705045849467
      vertex 18.001999999999995 19.618033988749893 2.1755705045849467
      vertex 18 19.648122002145676 2.083928805423201
    endloop
  endfacet
  facet normal 0 0.5877852522924718 0.8090169943749486
    outer loop
      vertex -18.001999999999995 19.618033988749893 2.1755705045849467
      vertex 18 19.392939807497577 2.339111000071301
      vertex 18.001999999999995 19.618033988749893 2.1755705045849467
    endloop
  endfacet
  facet normal 1.1395634687398542e-15 0.5877852522925 0.809016994374928
    outer loop
      vertex -18.001999999999995 19.618033988749893 2.1755705045849467
      vertex 18.001999999999995 18.618033988749893 2.9021130325903073
      vertex 18 18.639981193514725 2.886167454957814
    endloop
  endfacet
  facet normal 2.905608544960734e-14 0.16266101839905334 0.9866820121464579
    outer loop
      vertex 18 18.593148495775417 2.9062155697611076
      vertex 18.001999999999995 18.618033988749893 2.9021130325903073
      vertex 17.650196858875784 18.024263514930812 3
    endloop
  endfacet
  facet normal 1 0 0
    outer loop
      vertex 18.001999999999995 18.58989589501823 2.9067517823859417
      vertex 18.001999999999995 18.64284975211268 2.884083325142325
      vertex 18.001999999999995 18.618033988749893 2.9021130325903073
    endloop
  endfacet
  facet normal -7.469222681493989e-13 0.5877852522924563 0.8090169943749598
    outer loop
      vertex 18.001999999999995 18.64284975211268 2.884083325142325
      vertex 18 18.639981193514725 2.886167454957814
      vertex 18.001999999999995 18.618033988749893 2.9021130325903073
    endloop
  endfacet
  facet normal -7.897930063375545e-14 0.16266101839906177 0.9866820121464566
    outer loop
      vertex 18.001999999999995 18.58989589501823 2.9067517823859417
      vertex 18.001999999999995 18.618033988749893 2.9021130325903073
      vertex 18 18.593148495775417 2.9062155697611076
    endloop
  endfacet
  facet normal 4.719760142845638e-14 0.9501019191346246 0.311939646817623
    outer loop
      vertex 18 19.648122002145676 2.083928805423201
      vertex 18.001999999999995 19.618033988749893 2.1755705045849467
      vertex 18.001999999999995 19.648479835380687 2.082838921380622
    endloop
  endfacet
  facet normal 2.1657379897550008e-13 0.5877852522924704 0.8090169943749493
    outer loop
      vertex 18.001999999999995 19.618033988749893 2.1755705045849467
      vertex 18 19.392939807497577 2.339111000071301
      vertex 18.001999999999995 19.390262788646243 2.341055968115066
    endloop
  endfacet
  facet normal 1 0 0
    outer loop
      vertex 18.001999999999995 19.648479835380687 2.082838921380622
      vertex 18.001999999999995 19.618033988749893 2.1755705045849467
      vertex 18.001999999999995 19.390262788646243 2.341055968115066
    endloop
  endfacet
  facet normal -0.9395780637217596 -0.3052874190515765 0.1548956227325232
    outer loop
      vertex -6.392943734837312 -4.644745502504734 15.618033988749895
      vertex -8 0 15.024263514930807
      vertex -6.47213595499958 -4.702282018339785 15.024263514930801
    endloop
  endfacet
  facet normal -0.7824360014318155 -0.2542288679069153 0.5684730304826785
    outer loop
      vertex -6.392943734837312 -4.644745502504734 15.618033988749895
      vertex -5.805158482544838 -4.217694519379892 16.618033988749893
      vertex -7.175570504584947 0 16.618033988749893
    endloop
  endfacet
  facet normal -0.310349623976316 -0.1008387055483813 0.9452590472251965
    outer loop
      vertex -5.805158482544838 -4.217694519379892 16.618033988749893
      vertex -4.863958342081483 -3.533872589968645 17
      vertex -7.175570504584947 0 16.618033988749893
    endloop
  endfacet
  facet normal -0.9395780637217593 -0.30528741905157625 0.15489562273252508
    outer loop
      vertex -6.392943734837312 -4.644745502504734 15.618033988749895
      vertex -7.902113032590307 0 15.618033988749895
      vertex -8 0 15.024263514930807
    endloop
  endfacet
  facet normal -0.7824360014318156 -0.2542288679069153 0.5684730304826782
    outer loop
      vertex -6.392943734837312 -4.644745502504734 15.618033988749895
      vertex -7.175570504584947 0 16.618033988749893
      vertex -7.902113032590307 0 15.618033988749895
    endloop
  endfacet
  facet normal -0.31034962397631594 -0.10083870554838127 0.9452590472251965
    outer loop
      vertex -7.175570504584947 0 16.618033988749893
      vertex -4.863958342081483 -3.533872589968645 17
      vertex -6.012183150539889 0 17
    endloop
  endfacet
  facet normal -0.5806911784638618 -0.7992528394147596 0.1548956227325229
    outer loop
      vertex -6.392943734837312 -4.644745502504734 15.618033988749895
      vertex -6.47213595499958 -4.702282018339785 15.024263514930801
      vertex -2.441887218542157 -7.515356092145868 15.618033988749895
    endloop
  endfacet
  facet normal -0.5806911784638618 -0.7992528394147591 0.15489562273252508
    outer loop
      vertex -2.441887218542157 -7.515356092145868 15.618033988749895
      vertex -6.47213595499958 -4.702282018339785 15.024263514930801
      vertex -2.472135954999579 -7.608452130361228 15.024263514930805
    endloop
  endfacet
  facet normal -0.48357204290642314 -0.6655798171017118 0.5684730304826784
    outer loop
      vertex -6.392943734837312 -4.644745502504734 15.618033988749895
      vertex -2.441887218542157 -7.515356092145868 15.618033988749895
      vertex -5.805158482544838 -4.217694519379892 16.618033988749893
    endloop
  endfacet
  facet normal -0.48357204290642325 -0.6655798171017118 0.5684730304826783
    outer loop
      vertex -5.805158482544838 -4.217694519379892 16.618033988749893
      vertex -2.441887218542157 -7.515356092145868 15.618033988749895
      vertex -2.217373230252365 -6.824373086520816 16.618033988749893
    endloop
  endfacet
  facet normal -0.1918066160131123 -0.26399915850720457 0.9452590472251965
    outer loop
      vertex -5.805158482544838 -4.217694519379892 16.618033988749893
      vertex -2.217373230252365 -6.824373086520816 16.618033988749893
      vertex -1.857866766811538 -5.717925962480886 17
    endloop
  endfacet
  facet normal -0.19180661601311244 -0.26399915850720496 0.9452590472251965
    outer loop
      vertex -5.805158482544838 -4.217694519379892 16.618033988749893
      vertex -1.857866766811538 -5.717925962480886 17
      vertex -4.863958342081483 -3.533872589968645 17
    endloop
  endfacet
  facet normal 0 -0.9879308407263656 0.15489562273252488
    outer loop
      vertex -2.441887218542157 -7.515356092145868 15.618033988749895
      vertex -2.472135954999579 -7.608452130361228 15.024263514930805
      vertex 2.4418872185421576 -7.515356092145868 15.618033988749895
    endloop
  endfacet
  facet normal 0 -0.8227018983895926 0.5684730304826784
    outer loop
      vertex -2.441887218542157 -7.515356092145868 15.618033988749895
      vertex 2.4418872185421576 -7.515356092145868 15.618033988749895
      vertex -2.217373230252365 -6.824373086520816 16.618033988749893
    endloop
  endfacet
  facet normal 2.421037533443412e-18 -0.32632090591764673 0.9452590472251965
    outer loop
      vertex -2.217373230252365 -6.824373086520816 16.618033988749893
      vertex 1.8578667668115383 -5.717925962480886 17
      vertex -1.857866766811538 -5.717925962480886 17
    endloop
  endfacet
  facet normal -1.4266505862177503e-19 -0.9879308407263654 0.15489562273252486
    outer loop
      vertex 2.4418872185421576 -7.515356092145868 15.618033988749895
      vertex -2.472135954999579 -7.608452130361228 15.024263514930805
      vertex 2.472135954999579 -7.608452130361228 15.024263514930805
    endloop
  endfacet
  facet normal 0 -0.8227018983895927 0.5684730304826784
    outer loop
      vertex -2.217373230252365 -6.824373086520816 16.618033988749893
      vertex 2.4418872185421576 -7.515356092145868 15.618033988749895
      vertex 2.217373230252365 -6.824373086520816 16.618033988749893
    endloop
  endfacet
  facet normal 0 -0.32632090591764673 0.9452590472251965
    outer loop
      vertex -2.217373230252365 -6.824373086520816 16.618033988749893
      vertex 2.217373230252365 -6.824373086520816 16.618033988749893
      vertex 1.8578667668115383 -5.717925962480886 17
    endloop
  endfacet
  facet normal 0.5806911784638618 -0.7992528394147592 0.1548956227325247
    outer loop
      vertex 2.4418872185421576 -7.515356092145868 15.618033988749895
      vertex 2.472135954999579 -7.608452130361228 15.024263514930805
      vertex 6.392943734837312 -4.644745502504734 15.618033988749895
    endloop
  endfacet
  facet normal 0.48357204290642325 -0.6655798171017118 0.5684730304826784
    outer loop
      vertex 2.4418872185421576 -7.515356092145868 15.618033988749895
      vertex 6.392943734837312 -4.644745502504734 15.618033988749895
      vertex 2.217373230252365 -6.824373086520816 16.618033988749893
    endloop
  endfacet
  facet normal 0.19180661601311222 -0.2639991585072046 0.9452590472251965
    outer loop
      vertex 2.217373230252365 -6.824373086520816 16.618033988749893
      vertex 4.863958342081483 -3.533872589968645 17
      vertex 1.8578667668115383 -5.717925962480886 17
    endloop
  endfacet
  facet normal 0.48357204290642325 -0.6655798171017118 0.5684730304826785
    outer loop
      vertex 2.217373230252365 -6.824373086520816 16.618033988749893
      vertex 6.392943734837312 -4.644745502504734 15.618033988749895
      vertex 5.805158482544838 -4.217694519379892 16.618033988749893
    endloop
  endfacet
  facet normal 0.1918066160131125 -0.26399915850720485 0.9452590472251965
    outer loop
      vertex 2.217373230252365 -6.824373086520816 16.618033988749893
      vertex 5.805158482544838 -4.217694519379892 16.618033988749893
      vertex 4.863958342081483 -3.533872589968645 17
    endloop
  endfacet
  facet normal 0.580691178463862 -0.7992528394147593 0.15489562273252291
    outer loop
      vertex 6.392943734837312 -4.644745502504734 15.618033988749895
      vertex 2.472135954999579 -7.608452130361228 15.024263514930805
      vertex 6.47213595499958 -4.702282018339785 15.024263514930801
    endloop
  endfacet
  facet normal 0.9395780637217597 -0.30528741905157636 0.1548956227325232
    outer loop
      vertex 6.392943734837312 -4.644745502504734 15.618033988749895
      vertex 6.47213595499958 -4.702282018339785 15.024263514930801
      vertex 7.902113032590307 0 15.618033988749895
    endloop
  endfacet
  facet normal 0.310349623976316 -0.10083870554838127 0.9452590472251965
    outer loop
      vertex 5.805158482544838 -4.217694519379892 16.618033988749893
      vertex 6.012183150539889 0 17
      vertex 4.863958342081483 -3.533872589968645 17
    endloop
  endfacet
  facet normal 0.7824360014318155 -0.2542288679069153 0.5684730304826784
    outer loop
      vertex 6.392943734837312 -4.644745502504734 15.618033988749895
      vertex 7.175570504584947 0 16.618033988749893
      vertex 5.805158482544838 -4.217694519379892 16.618033988749893
    endloop
  endfacet
  facet normal 0.9395780637217593 -0.30528741905157647 0.15489562273252494
    outer loop
      vertex 7.902113032590307 0 15.618033988749895
      vertex 6.47213595499958 -4.702282018339785 15.024263514930801
      vertex 8 0 15.024263514930807
    endloop
  endfacet
  facet normal 0.7824360014318156 -0.2542288679069153 0.5684730304826782
    outer loop
      vertex 6.392943734837312 -4.644745502504734 15.618033988749895
      vertex 7.902113032590307 0 15.618033988749895
      vertex 7.175570504584947 0 16.618033988749893
    endloop
  endfacet
  facet normal 0.31034962397631594 -0.10083870554838129 0.9452590472251965
    outer loop
      vertex 5.805158482544838 -4.217694519379892 16.618033988749893
      vertex 7.175570504584947 0 16.618033988749893
      vertex 6.012183150539889 0 17
    endloop
  endfacet
  facet normal 0.9395780637217593 0.30528741905157625 0.15489562273252508
    outer loop
      vertex 6.392943734837312 4.644745502504734 15.618033988749895
      vertex 7.902113032590307 0 15.618033988749895
      vertex 8 0 15.024263514930807
    endloop
  endfacet
  facet normal 0.31034962397631594 0.10083870554838127 0.9452590472251965
    outer loop
      vertex 7.175570504584947 0 16.618033988749893
      vertex 4.863958342081483 3.533872589968645 17
      vertex 6.012183150539889 0 17
    endloop
  endfacet
  facet normal 0.7824360014318156 0.2542288679069153 0.5684730304826782
    outer loop
      vertex 7.175570504584947 0 16.618033988749893
      vertex 7.902113032590307 0 15.618033988749895
      vertex 6.392943734837312 4.644745502504734 15.618033988749895
    endloop
  endfacet
  facet normal 0.9395780637217596 0.3052874190515765 0.1548956227325232
    outer loop
      vertex 6.392943734837312 4.644745502504734 15.618033988749895
      vertex 8 0 15.024263514930807
      vertex 6.47213595499958 4.702282018339785 15.024263514930801
    endloop
  endfacet
  facet normal 0.31034962397631605 0.10083870554838131 0.9452590472251965
    outer loop
      vertex 7.175570504584947 0 16.618033988749893
      vertex 5.805158482544838 4.217694519379892 16.618033988749893
      vertex 4.863958342081483 3.533872589968645 17
    endloop
  endfacet
  facet normal 0.7824360014318155 0.2542288679069153 0.5684730304826786
    outer loop
      vertex 7.175570504584947 0 16.618033988749893
      vertex 6.392943734837312 4.644745502504734 15.618033988749895
      vertex 5.805158482544838 4.217694519379892 16.618033988749893
    endloop
  endfacet
  facet normal 0.19180661601311244 0.26399915850720496 0.9452590472251965
    outer loop
      vertex 5.805158482544838 4.217694519379892 16.618033988749893
      vertex 1.857866766811538 5.717925962480886 17
      vertex 4.863958342081483 3.533872589968645 17
    endloop
  endfacet
  facet normal 0.5806911784638618 0.7992528394147591 0.15489562273252508
    outer loop
      vertex 2.441887218542157 7.515356092145868 15.618033988749895
      vertex 6.47213595499958 4.702282018339785 15.024263514930801
      vertex 2.472135954999579 7.608452130361228 15.024263514930805
    endloop
  endfacet
  facet normal 0.4835720429064233 0.6655798171017119 0.5684730304826783
    outer loop
      vertex 2.217373230252365 6.824373086520816 16.618033988749893
      vertex 5.805158482544838 4.217694519379892 16.618033988749893
      vertex 2.441887218542157 7.515356092145868 15.618033988749895
    endloop
  endfacet
  facet normal 0.1918066160131123 0.26399915850720457 0.9452590472251965
    outer loop
      vertex 2.217373230252365 6.824373086520816 16.618033988749893
      vertex 1.857866766811538 5.717925962480886 17
      vertex 5.805158482544838 4.217694519379892 16.618033988749893
    endloop
  endfacet
  facet normal 0.48357204290642314 0.6655798171017118 0.5684730304826786
    outer loop
      vertex 2.441887218542157 7.515356092145868 15.618033988749895
      vertex 5.805158482544838 4.217694519379892 16.618033988749893
      vertex 6.392943734837312 4.644745502504734 15.618033988749895
    endloop
  endfacet
  facet normal 0.5806911784638618 0.7992528394147596 0.15489562273252286
    outer loop
      vertex 2.441887218542157 7.515356092145868 15.618033988749895
      vertex 6.392943734837312 4.644745502504734 15.618033988749895
      vertex 6.47213595499958 4.702282018339785 15.024263514930801
    endloop
  endfacet
  facet normal 0 0.8227018983895927 0.5684730304826784
    outer loop
      vertex -2.217373230252365 6.824373086520816 16.618033988749893
      vertex 2.217373230252365 6.824373086520816 16.618033988749893
      vertex -2.4418872185421576 7.515356092145868 15.618033988749895
    endloop
  endfacet
  facet normal 0 0.32632090591764673 0.9452590472251965
    outer loop
      vertex -2.217373230252365 6.824373086520816 16.618033988749893
      vertex -1.8578667668115383 5.717925962480886 17
      vertex 2.217373230252365 6.824373086520816 16.618033988749893
    endloop
  endfacet
  facet normal 1.4266505862177503e-19 0.9879308407263654 0.15489562273252486
    outer loop
      vertex -2.4418872185421576 7.515356092145868 15.618033988749895
      vertex 2.472135954999579 7.608452130361228 15.024263514930805
      vertex -2.472135954999579 7.608452130361228 15.024263514930805
    endloop
  endfacet
  facet normal -2.421037533443412e-18 0.32632090591764673 0.9452590472251965
    outer loop
      vertex 2.217373230252365 6.824373086520816 16.618033988749893
      vertex -1.8578667668115383 5.717925962480886 17
      vertex 1.857866766811538 5.717925962480886 17
    endloop
  endfacet
  facet normal 0 0.8227018983895926 0.5684730304826784
    outer loop
      vertex -2.4418872185421576 7.515356092145868 15.618033988749895
      vertex 2.217373230252365 6.824373086520816 16.618033988749893
      vertex 2.441887218542157 7.515356092145868 15.618033988749895
    endloop
  endfacet
  facet normal 0 0.9879308407263656 0.15489562273252488
    outer loop
      vertex -2.4418872185421576 7.515356092145868 15.618033988749895
      vertex 2.441887218542157 7.515356092145868 15.618033988749895
      vertex 2.472135954999579 7.608452130361228 15.024263514930805
    endloop
  endfacet
  facet normal -0.580691178463862 0.7992528394147593 0.15489562273252291
    outer loop
      vertex -6.392943734837312 4.644745502504734 15.618033988749895
      vertex -2.472135954999579 7.608452130361228 15.024263514930805
      vertex -6.47213595499958 4.702282018339785 15.024263514930801
    endloop
  endfacet
  facet normal -0.19180661601311255 0.2639991585072049 0.9452590472251965
    outer loop
      vertex -5.805158482544838 4.217694519379892 16.618033988749893
      vertex -4.863958342081483 3.533872589968645 17
      vertex -2.217373230252365 6.824373086520816 16.618033988749893
    endloop
  endfacet
  facet normal -0.5806911784638618 0.7992528394147592 0.15489562273252452
    outer loop
      vertex -6.392943734837312 4.644745502504734 15.618033988749895
      vertex -2.4418872185421576 7.515356092145868 15.618033988749895
      vertex -2.472135954999579 7.608452130361228 15.024263514930805
    endloop
  endfacet
  facet normal -0.4835720429064231 0.6655798171017117 0.5684730304826785
    outer loop
      vertex -6.392943734837312 4.644745502504734 15.618033988749895
      vertex -5.805158482544838 4.217694519379892 16.618033988749893
      vertex -2.217373230252365 6.824373086520816 16.618033988749893
    endloop
  endfacet
  facet normal -0.19180661601311222 0.2639991585072046 0.9452590472251965
    outer loop
      vertex -2.217373230252365 6.824373086520816 16.618033988749893
      vertex -4.863958342081483 3.533872589968645 17
      vertex -1.8578667668115383 5.717925962480886 17
    endloop
  endfacet
  facet normal -0.4835720429064233 0.6655798171017119 0.5684730304826784
    outer loop
      vertex -6.392943734837312 4.644745502504734 15.618033988749895
      vertex -2.217373230252365 6.824373086520816 16.618033988749893
      vertex -2.4418872185421576 7.515356092145868 15.618033988749895
    endloop
  endfacet
  facet normal -0.9395780637217593 0.30528741905157647 0.15489562273252494
    outer loop
      vertex -7.902113032590307 0 15.618033988749895
      vertex -6.47213595499958 4.702282018339785 15.024263514930801
      vertex -8 0 15.024263514930807
    endloop
  endfacet
  facet normal -0.7824360014318156 0.2542288679069153 0.5684730304826782
    outer loop
      vertex -7.902113032590307 0 15.618033988749895
      vertex -7.175570504584947 0 16.618033988749893
      vertex -6.392943734837312 4.644745502504734 15.618033988749895
    endloop
  endfacet
  facet normal -0.31034962397631594 0.10083870554838129 0.9452590472251965
    outer loop
      vertex -7.175570504584947 0 16.618033988749893
      vertex -6.012183150539889 0 17
      vertex -5.805158482544838 4.217694519379892 16.618033988749893
    endloop
  endfacet
  facet normal -0.9395780637217597 0.30528741905157636 0.15489562273252314
    outer loop
      vertex -7.902113032590307 0 15.618033988749895
      vertex -6.392943734837312 4.644745502504734 15.618033988749895
      vertex -6.47213595499958 4.702282018339785 15.024263514930801
    endloop
  endfacet
  facet normal -0.7824360014318155 0.2542288679069153 0.5684730304826785
    outer loop
      vertex -7.175570504584947 0 16.618033988749893
      vertex -5.805158482544838 4.217694519379892 16.618033988749893
      vertex -6.392943734837312 4.644745502504734 15.618033988749895
    endloop
  endfacet
  facet normal -0.310349623976316 0.10083870554838127 0.9452590472251965
    outer loop
      vertex -5.805158482544838 4.217694519379892 16.618033988749893
      vertex -6.012183150539889 0 17
      vertex -4.863958342081483 3.533872589968645 17
    endloop
  endfacet
  facet normal 0.31193964681761754 -0.9501019191346263 -5.288016872840187e-13
    outer loop
      vertex 19.08283892138062 -19.648479835380687 -1.0019999999999991
      vertex 19.175570504584947 -19.618033988749893 -1.0019999999999998
      vertex 19.083928805423202 -19.648122002145676 -0.9999999999999999
    endloop
  endfacet
  facet normal -9.433802412351625e-15 6.854058653373088e-15 -1
    outer loop
      vertex 19.08283892138062 -19.648479835380687 -1.0019999999999991
      vertex 19.34105596811507 -19.39026278864624 -1.0019999999999998
      vertex 19.175570504584947 -19.618033988749893 -1.0019999999999998
    endloop
  endfacet
  facet normal 0.8090169943749447 -0.5877852522924768 5.21237419253766e-13
    outer loop
      vertex 19.175570504584947 -19.618033988749893 -1.0019999999999998
      vertex 19.34105596811507 -19.39026278864624 -1.0019999999999998
      vertex 19.339111000071302 -19.392939807497577 -0.9999999999999999
    endloop
  endfacet
  facet normal 0.8090169943749309 -0.5877852522924959 8.161088847830286e-14
    outer loop
      vertex 19.88408332514232 -18.642849752112685 -1.0019999999999998
      vertex 19.902113032590307 -18.618033988749893 -1.0019999999999998
      vertex 19.886167454957814 -18.639981193514725 -0.9999999999999999
    endloop
  endfacet
  facet normal 0 0 -1
    outer loop
      vertex 19.88408332514232 -18.642849752112685 -1.0019999999999998
      vertex 19.906751782385943 -18.589895895018227 -1.0019999999999998
      vertex 19.902113032590307 -18.618033988749893 -1.0019999999999998
    endloop
  endfacet
  facet normal 0.9866820121464548 -0.16266101839907213 -7.351461169219075e-13
    outer loop
      vertex 19.902113032590307 -18.618033988749893 -1.0019999999999998
      vertex 19.906751782385943 -18.589895895018227 -1.0019999999999998
      vertex 19.90621556976111 -18.59314849577542 -0.9999999999999999
    endloop
  endfacet
  facet normal 0.9866820121464438 -0.16266101839913855 1.1374989897042973e-13
    outer loop
      vertex 19.902113032590307 -18.618033988749893 -1.0019999999999998
      vertex 19.90621556976111 -18.59314849577542 -0.9999999999999999
      vertex 20 -18.024263514930823 -0.6501968588757959
    endloop
  endfacet
  facet normal 0.3119396468176435 -0.9501019191346178 1.7276943071724148e-15
    outer loop
      vertex 18.828299487647264 -19.73205080756888 -0.8282994876472635
      vertex 18.012183150539894 -20 0.6381164944848678
      vertex 18.0121831505399 -20 -0.6381164944848695
    endloop
  endfacet
  facet normal 0.3119396468176407 -0.9501019191346187 0
    outer loop
      vertex 18.828299487647264 -19.73205080756888 -0.8282994876472635
      vertex 18.828299487647264 -19.73205080756888 0.8282994876472639
      vertex 18.012183150539894 -20 0.6381164944848678
    endloop
  endfacet
  facet normal 0.3119396468176375 -0.9501019191346197 -1.2001207416585182e-16
    outer loop
      vertex 18.828299487647264 -19.73205080756888 -0.8282994876472635
      vertex 19.01656216319868 -19.670239973028156 -0.8763783309185544
      vertex 19.175570504584947 -19.618033988749893 1.0019999999999998
    endloop
  endfacet
  facet normal 0.31193964681764585 -0.950101919134617 -9.052380769220575e-16
    outer loop
      vertex 19.01656216319868 -19.670239973028156 -0.8763783309185544
      vertex 19.083928805423202 -19.648122002145676 -0.9999999999999999
      vertex 19.175570504584947 -19.618033988749893 1.0019999999999998
    endloop
  endfacet
  facet normal 0.311939646817628 -0.9501019191346229 -1.997756401062515e-20
    outer loop
      vertex 19.083928805423202 -19.648122002145676 -0.9999999999999999
      vertex 19.175570504584947 -19.618033988749893 -1.0019999999999998
      vertex 19.175570504584947 -19.618033988749893 1.0019999999999998
    endloop
  endfacet
  facet normal 0.8090169943749469 -0.5877852522924738 0
    outer loop
      vertex 19.175570504584947 -19.618033988749893 -1.0019999999999998
      vertex 19.339111000071302 -19.392939807497577 -0.9999999999999999
      vertex 19.175570504584947 -19.618033988749893 1.0019999999999998
    endloop
  endfacet
  facet normal 0.8090169943749461 -0.5877852522924749 -1.992775885309052e-16
    outer loop
      vertex 19.339111000071302 -19.392939807497577 -0.9999999999999999
      vertex 19.598623279100803 -19.035751798501103 -0.7331449430638475
      vertex 19.175570504584947 -19.618033988749893 1.0019999999999998
    endloop
  endfacet
  facet normal 0.8090169943749496 -0.58778525229247 2.267192906612019e-15
    outer loop
      vertex 19.73205080756888 -18.85210456062449 -0.8521045606244896
      vertex 19.175570504584947 -19.618033988749893 1.0019999999999998
      vertex 19.598623279100803 -19.035751798501103 -0.7331449430638475
    endloop
  endfacet
  facet normal 0.8090169943749534 -0.5877852522924648 5.620745482778518e-15
    outer loop
      vertex 19.73205080756888 -18.85210456062449 -0.8521045606244896
      vertex 19.886167454957814 -18.639981193514725 -0.9999999999999999
      vertex 19.175570504584947 -19.618033988749893 1.0019999999999998
    endloop
  endfacet
  facet normal 0.8090169943749265 -0.5877852522925021 -2.2234882443665744e-14
    outer loop
      vertex 19.886167454957814 -18.639981193514725 -0.9999999999999999
      vertex 19.902113032590307 -18.618033988749893 -1.0019999999999998
      vertex 19.175570504584947 -19.618033988749893 1.0019999999999998
    endloop
  endfacet
  facet normal 0.3119396468176376 -0.9501019191346198 0
    outer loop
      vertex 18.828299487647264 -19.73205080756888 -0.8282994876472635
      vertex 19.01656216319868 -19.670239973028156 0.8763783309185547
      vertex 18.828299487647264 -19.73205080756888 0.8282994876472639
    endloop
  endfacet
  facet normal 0.31193964681764985 -0.9501019191346157 -1.4871595230512083e-15
    outer loop
      vertex 18.828299487647264 -19.73205080756888 -0.8282994876472635
      vertex 19.083928805423202 -19.648122002145676 1.0000000000000002
      vertex 19.01656216319868 -19.670239973028156 0.8763783309185547
    endloop
  endfacet
  facet normal 0.311939646817628 -0.9501019191346229 1.8890579640188077e-15
    outer loop
      vertex 18.828299487647264 -19.73205080756888 -0.8282994876472635
      vertex 19.175570504584947 -19.618033988749893 1.0019999999999998
      vertex 19.083928805423202 -19.648122002145676 1.0000000000000002
    endloop
  endfacet
  facet normal 0.809016994374947 -0.5877852522924737 -6.000078933233833e-16
    outer loop
      vertex 19.902113032590307 -18.618033988749893 -1.0019999999999998
      vertex 19.339111000071302 -19.392939807497577 1.0000000000000002
      vertex 19.175570504584947 -19.618033988749893 1.0019999999999998
    endloop
  endfacet
  facet normal 0.8090169943749453 -0.5877852522924759 -1.882727638459987e-15
    outer loop
      vertex 19.902113032590307 -18.618033988749893 -1.0019999999999998
      vertex 19.598623279100803 -19.035751798501103 0.7331449430638475
      vertex 19.339111000071302 -19.392939807497577 1.0000000000000002
    endloop
  endfacet
  facet normal 0.8090169943749489 -0.587785252292471 -1.1259161462427132e-16
    outer loop
      vertex 19.902113032590307 -18.618033988749893 -1.0019999999999998
      vertex 19.73205080756888 -18.85210456062449 0.8521045606244899
      vertex 19.598623279100803 -19.035751798501103 0.7331449430638475
    endloop
  endfacet
  facet normal 0.9866820121464547 -0.16266101839907293 0
    outer loop
      vertex 19.902113032590307 -18.618033988749893 -1.0019999999999998
      vertex 20 -18.024263514930823 -0.6501968588757959
      vertex 19.902113032590307 -18.618033988749893 1.0019999999999998
    endloop
  endfacet
  facet normal 0.8090169943749516 -0.5877852522924677 5.554183833015933e-16
    outer loop
      vertex 19.902113032590307 -18.618033988749893 -1.0019999999999998
      vertex 19.886167454957814 -18.639981193514725 1.0000000000000002
      vertex 19.73205080756888 -18.85210456062449 0.8521045606244899
    endloop
  endfacet
  facet normal 0.8090169943749274 -0.5877852522925008 0
    outer loop
      vertex 19.902113032590307 -18.618033988749893 -1.0019999999999998
      vertex 19.902113032590307 -18.618033988749893 1.0019999999999998
      vertex 19.886167454957814 -18.639981193514725 1.0000000000000002
    endloop
  endfacet
  facet normal 0.9866820121464555 -0.16266101839906794 8.898082470640937e-16
    outer loop
      vertex 19.90621556976111 -18.59314849577542 1.0000000000000002
      vertex 20 -18.024263514930823 -0.6501968588757959
      vertex 20 -18.024263514930816 0.6501968588757914
    endloop
  endfacet
  facet normal 0.9866820121464449 -0.1626610183991313 -2.156323577345252e-14
    outer loop
      vertex 19.902113032590307 -18.618033988749893 1.0019999999999998
      vertex 20 -18.024263514930823 -0.6501968588757959
      vertex 19.90621556976111 -18.59314849577542 1.0000000000000002
    endloop
  endfacet
  facet normal 0.3119396468176176 -0.9501019191346263 5.288077919528114e-13
    outer loop
      vertex 19.083928805423202 -19.648122002145676 1.0000000000000002
      vertex 19.175570504584947 -19.618033988749893 1.0019999999999998
      vertex 19.08283892138062 -19.648479835380687 1.0019999999999998
    endloop
  endfacet
  facet normal 0 0 1
    outer loop
      vertex 19.08283892138062 -19.648479835380687 1.0019999999999998
      vertex 19.175570504584947 -19.618033988749893 1.0019999999999998
      vertex 19.34105596811507 -19.39026278864624 1.0019999999999998
    endloop
  endfacet
  facet normal 0.8090169943749447 -0.5877852522924769 -5.235327876282287e-13
    outer loop
      vertex 19.175570504584947 -19.618033988749893 1.0019999999999998
      vertex 19.339111000071302 -19.392939807497577 1.0000000000000002
      vertex 19.34105596811507 -19.39026278864624 1.0019999999999998
    endloop
  endfacet
  facet normal 0.8090169943748908 -0.587785252292551 8.417741499076357e-13
    outer loop
      vertex 19.88408332514232 -18.64284975211268 1.0019999999999998
      vertex 19.886167454957814 -18.639981193514725 1.0000000000000002
      vertex 19.902113032590307 -18.618033988749893 1.0019999999999998
    endloop
  endfacet
  facet normal 0.9866820121464548 -0.1626610183990721 7.35270753372576e-13
    outer loop
      vertex 19.902113032590307 -18.618033988749893 1.0019999999999998
      vertex 19.90621556976111 -18.59314849577542 1.0000000000000002
      vertex 19.906751782385943 -18.589895895018227 1.0019999999999998
    endloop
  endfacet
  facet normal 0 0 1
    outer loop
      vertex 19.88408332514232 -18.64284975211268 1.0019999999999998
      vertex 19.902113032590307 -18.618033988749893 1.0019999999999998
      vertex 19.906751782385943 -18.589895895018227 1.0019999999999998
    endloop
  endfacet
  facet normal 0.16266101839906177 -1.4010811694045004e-13 -0.9866820121464566
    outer loop
      vertex 18.58989589501823 -18.001999999999995 -2.9067517823859417
      vertex 18.593148495775417 -18 -2.906215569761108
      vertex 18.618033988749893 -18.001999999999995 -2.9021130325903073
    endloop
  endfacet
  facet normal 0 -1 0
    outer loop
      vertex 18.58989589501823 -18.001999999999995 -2.9067517823859417
      vertex 18.618033988749893 -18.001999999999995 -2.9021130325903073
      vertex 18.64284975211268 -18.001999999999995 -2.884083325142325
    endloop
  endfacet
  facet normal 0.5877852522924563 4.211776824420608e-13 -0.8090169943749598
    outer loop
      vertex 18.618033988749893 -18.001999999999995 -2.9021130325903073
      vertex 18.63998119351473 -18 -2.8861674549578122
      vertex 18.64284975211268 -18.001999999999995 -2.884083325142325
    endloop
  endfacet
  facet normal 0.5877852522924744 2.851884487393883e-13 -0.8090169943749466
    outer loop
      vertex 19.390262788646247 -18.001999999999995 -2.3410559681150653
      vertex 19.392939807497577 -18 -2.3391110000713016
      vertex 19.618033988749893 -18.001999999999995 -2.1755705045849467
    endloop
  endfacet
  facet normal 0 -1 0
    outer loop
      vertex 19.390262788646247 -18.001999999999995 -2.3410559681150653
      vertex 19.618033988749893 -18.001999999999995 -2.1755705045849467
      vertex 19.648479835380687 -18.001999999999995 -2.082838921380623
    endloop
  endfacet
  facet normal 0.9501019191346236 2.0887041669473588e-14 -0.31193964681762565
    outer loop
      vertex 19.618033988749893 -18.001999999999995 -2.1755705045849467
      vertex 19.648122002145676 -18 -2.0839288054232012
      vertex 19.648479835380687 -18.001999999999995 -2.082838921380623
    endloop
  endfacet
  facet normal 0.16266101839906896 2.6865633396137582e-18 -0.9866820121464553
    outer loop
      vertex 18.593148495775417 -18 -2.906215569761108
      vertex 18.02426351493081 -17.650196858875788 -3
      vertex 18.618033988749893 18.001999999999995 -2.9021130325903073
    endloop
  endfacet
  facet normal 0.16266101839907274 5.386228211774485e-21 -0.9866820121464546
    outer loop
      vertex 18.593148495775417 -18 -2.906215569761108
      vertex 18.618033988749893 18.001999999999995 -2.9021130325903073
      vertex 18.618033988749893 -18.001999999999995 -2.9021130325903073
    endloop
  endfacet
  facet normal 0.5877852522924814 0 -0.8090169943749415
    outer loop
      vertex 18.618033988749893 -18.001999999999995 -2.9021130325903073
      vertex 18.618033988749893 18.001999999999995 -2.9021130325903073
      vertex 18.63998119351473 -18 -2.8861674549578122
    endloop
  endfacet
  facet normal 0.5877852522924717 -9.101690975669321e-18 -0.8090169943749486
    outer loop
      vertex 18.63998119351473 -18 -2.8861674549578122
      vertex 18.618033988749893 18.001999999999995 -2.9021130325903073
      vertex 18.85210456062449 -17.85210456062449 -2.7320508075688776
    endloop
  endfacet
  facet normal 0.5877852522924711 -1.424757258094434e-17 -0.8090169943749488
    outer loop
      vertex 18.85210456062449 -17.85210456062449 -2.7320508075688776
      vertex 18.618033988749893 18.001999999999995 -2.9021130325903073
      vertex 19.035751798501103 -17.73314494306385 -2.598623279100802
    endloop
  endfacet
  facet normal 0.5877852522924744 4.433500081758779e-17 -0.8090169943749465
    outer loop
      vertex 19.035751798501103 -17.73314494306385 -2.598623279100802
      vertex 18.618033988749893 18.001999999999995 -2.9021130325903073
      vertex 19.392939807497577 -18 -2.3391110000713016
    endloop
  endfacet
  facet normal 0.5877852522924728 -8.590372156314737e-18 -0.8090169943749477
    outer loop
      vertex 19.392939807497577 -18 -2.3391110000713016
      vertex 18.618033988749893 18.001999999999995 -2.9021130325903073
      vertex 19.618033988749893 -18.001999999999995 -2.1755705045849467
    endloop
  endfacet
  facet normal 0.9501019191346238 -5.266798510625232e-16 -0.31193964681762526
    outer loop
      vertex 19.618033988749893 -18.001999999999995 -2.1755705045849467
      vertex 20 17.638116494484866 -1.0121831505398948
      vertex 19.648122002145676 -18 -2.0839288054232012
    endloop
  endfacet
  facet normal 0.950101919134617 1.552856285168973e-16 -0.3119396468176458
    outer loop
      vertex 19.648122002145676 -18 -2.0839288054232012
      vertex 20 17.638116494484866 -1.0121831505398948
      vertex 19.670239973028156 -17.87637833091856 -2.0165621631986803
    endloop
  endfacet
  facet normal 0.9501019191346183 3.308558248071027e-17 -0.31193964681764186
    outer loop
      vertex 19.670239973028156 -17.87637833091856 -2.0165621631986803
      vertex 20 17.638116494484866 -1.0121831505398948
      vertex 19.73205080756888 -17.828299487647264 -1.8282994876472658
    endloop
  endfacet
  facet normal 0.9501019191346187 4.145301541845679e-18 -0.3119396468176407
    outer loop
      vertex 19.73205080756888 -17.828299487647264 -1.8282994876472658
      vertex 20 17.638116494484866 -1.0121831505398948
      vertex 20 -17.638116494484866 -1.0121831505398953
    endloop
  endfacet
  facet normal 0.16266101839906966 1.3258640846898112e-19 -0.9866820121464551
    outer loop
      vertex 18.593148495775417 18 -2.9062155697611076
      vertex 18.02426351493081 -17.650196858875788 -3
      vertex 18.02426351493081 17.650196858875788 -3
    endloop
  endfacet
  facet normal 0.16266101839905558 2.3181111719714354e-16 -0.9866820121464575
    outer loop
      vertex 18.593148495775417 18 -2.9062155697611076
      vertex 18.618033988749893 18.001999999999995 -2.9021130325903073
      vertex 18.02426351493081 -17.650196858875788 -3
    endloop
  endfacet
  facet normal 0.5877852522924595 -5.540293924523544e-16 -0.8090169943749573
    outer loop
      vertex 19.618033988749893 -18.001999999999995 -2.1755705045849467
      vertex 18.618033988749893 18.001999999999995 -2.9021130325903073
      vertex 18.63998119351473 18 -2.886167454957813
    endloop
  endfacet
  facet normal 0.5877852522924739 2.4132594744351263e-17 -0.809016994374947
    outer loop
      vertex 19.618033988749893 -18.001999999999995 -2.1755705045849467
      vertex 18.63998119351473 18 -2.886167454957813
      vertex 18.85210456062449 17.85210456062449 -2.7320508075688776
    endloop
  endfacet
  facet normal 0.5877852522924711 -6.451993701930149e-17 -0.809016994374949
    outer loop
      vertex 19.618033988749893 -18.001999999999995 -2.1755705045849467
      vertex 18.85210456062449 17.85210456062449 -2.7320508075688776
      vertex 19.035751798501103 17.73314494306385 -2.598623279100802
    endloop
  endfacet
  facet normal 0.5877852522924756 4.824087041709263e-17 -0.8090169943749457
    outer loop
      vertex 19.618033988749893 -18.001999999999995 -2.1755705045849467
      vertex 19.035751798501103 17.73314494306385 -2.598623279100802
      vertex 19.392939807497577 18 -2.3391110000713007
    endloop
  endfacet
  facet normal 0.5877852522924707 0 -0.8090169943749492
    outer loop
      vertex 19.618033988749893 -18.001999999999995 -2.1755705045849467
      vertex 19.392939807497577 18 -2.3391110000713007
      vertex 19.618033988749893 18.001999999999995 -2.1755705045849467
    endloop
  endfacet
  facet normal 0.9501019191346238 0 -0.31193964681762526
    outer loop
      vertex 19.618033988749893 -18.001999999999995 -2.1755705045849467
      vertex 19.618033988749893 18.001999999999995 -2.1755705045849467
      vertex 19.648122002145676 18 -2.0839288054232012
    endloop
  endfacet
  facet normal 0.9501019191346172 5.67309893540268e-17 -0.3119396468176454
    outer loop
      vertex 19.618033988749893 -18.001999999999995 -2.1755705045849467
      vertex 19.648122002145676 18 -2.0839288054232012
      vertex 19.670239973028156 17.876378330918556 -2.0165621631986803
    endloop
  endfacet
  facet normal 0.9501019191346184 3.9111496556799196e-17 -0.3119396468176419
    outer loop
      vertex 19.618033988749893 -18.001999999999995 -2.1755705045849467
      vertex 19.670239973028156 17.876378330918556 -2.0165621631986803
      vertex 19.73205080756888 17.828299487647264 -1.8282994876472658
    endloop
  endfacet
  facet normal 0.9501019191346187 2.4974043064660536e-17 -0.31193964681764047
    outer loop
      vertex 19.618033988749893 -18.001999999999995 -2.1755705045849467
      vertex 19.73205080756888 17.828299487647264 -1.8282994876472658
      vertex 20 17.638116494484866 -1.0121831505398948
    endloop
  endfacet
  facet normal 0.16266101839906177 -7.89856675120256e-14 -0.9866820121464566
    outer loop
      vertex 18.58989589501823 18.001999999999995 -2.9067517823859417
      vertex 18.618033988749893 18.001999999999995 -2.9021130325903073
      vertex 18.593148495775417 18 -2.9062155697611076
    endloop
  endfacet
  facet normal 0 1 0
    outer loop
      vertex 18.58989589501823 18.001999999999995 -2.9067517823859417
      vertex 18.64284975211268 18.001999999999995 -2.884083325142325
      vertex 18.618033988749893 18.001999999999995 -2.9021130325903073
    endloop
  endfacet
  facet normal 0.5877852522924563 -6.207668354744639e-14 -0.8090169943749598
    outer loop
      vertex 18.618033988749893 18.001999999999995 -2.9021130325903073
      vertex 18.64284975211268 18.001999999999995 -2.884083325142325
      vertex 18.63998119351473 18 -2.886167454957813
    endloop
  endfacet
  facet normal 0.5877852522924744 -6.444264782105766e-13 -0.8090169943749466
    outer loop
      vertex 19.390262788646247 18.001999999999995 -2.3410559681150653
      vertex 19.618033988749893 18.001999999999995 -2.1755705045849467
      vertex 19.392939807497577 18 -2.3391110000713007
    endloop
  endfacet
  facet normal 0 1 0
    outer loop
      vertex 19.390262788646247 18.001999999999995 -2.3410559681150653
      vertex 19.648479835380687 18.001999999999995 -2.0828389213806227
      vertex 19.618033988749893 18.001999999999995 -2.1755705045849467
    endloop
  endfacet
  facet normal 0.950101919134624 4.890296198559747e-14 -0.3119396468176243
    outer loop
      vertex 19.618033988749893 18.001999999999995 -2.1755705045849467
      vertex 19.648479835380687 18.001999999999995 -2.0828389213806227
      vertex 19.648122002145676 18 -2.0839288054232012
    endloop
  endfacet
  facet normal 0.9866820121464525 -1.0808398394961902e-13 0.16266101839908584
    outer loop
      vertex 19.906751782385943 -18.001999999999995 1.5898958950182316
      vertex 19.90621556976111 -18 1.5931484957754167
      vertex 19.902113032590307 -18.001999999999995 1.6180339887498953
    endloop
  endfacet
  facet normal 0 -1 0
    outer loop
      vertex 19.906751782385943 -18.001999999999995 1.5898958950182316
      vertex 19.902113032590307 -18.001999999999995 1.6180339887498953
      vertex 19.884083325142324 -18.001999999999995 1.6428497521126837
    endloop
  endfacet
  facet normal 0.809016994374946 4.958746792705399e-13 0.5877852522924751
    outer loop
      vertex 19.884083325142324 -18.001999999999995 1.6428497521126837
      vertex 19.902113032590307 -18.001999999999995 1.6180339887498953
      vertex 19.88616745495781 -18 1.6399811935147317
    endloop
  endfacet
  facet normal 0.8090169943749502 -7.654728429522364e-13 0.5877852522924694
    outer loop
      vertex 19.34105596811507 -18.001999999999995 2.3902627886462375
      vertex 19.33911100007131 -18 2.392939807497569
      vertex 19.175570504584947 -18.001999999999995 2.6180339887498953
    endloop
  endfacet
  facet normal 0 -1 0
    outer loop
      vertex 19.34105596811507 -18.001999999999995 2.3902627886462375
      vertex 19.175570504584947 -18.001999999999995 2.6180339887498953
      vertex 19.082838921380617 -18.001999999999995 2.648479835380692
    endloop
  endfacet
  facet normal 0.3119396468176314 1.7137823162386636e-14 0.9501019191346217
    outer loop
      vertex 19.175570504584947 -18.001999999999995 2.6180339887498953
      vertex 19.083928805423195 -18 2.6481220021456813
      vertex 19.082838921380617 -18.001999999999995 2.648479835380692
    endloop
  endfacet
  facet normal 0.9866820121464511 -2.9891799731038626e-21 0.16266101839909428
    outer loop
      vertex 19.90621556976111 -18 1.5931484957754167
      vertex 19.902113032590307 18.001999999999995 1.6180339887498953
      vertex 19.902113032590307 -18.001999999999995 1.6180339887498953
    endloop
  endfacet
  facet normal 0.8090169943749245 0 0.5877852522925048
    outer loop
      vertex 19.902113032590307 -18.001999999999995 1.6180339887498953
      vertex 19.902113032590307 18.001999999999995 1.6180339887498953
      vertex 19.88616745495781 -18 1.6399811935147317
    endloop
  endfacet
  facet normal 0.9866820121464549 1.6932563913975866e-17 0.1626610183990704
    outer loop
      vertex 19.90621556976111 -18 1.5931484957754167
      vertex 20 -17.65019685887579 1.0242635149308195
      vertex 19.902113032590307 18.001999999999995 1.6180339887498953
    endloop
  endfacet
  facet normal 0.8090169943749498 -3.25542672572654e-17 0.5877852522924697
    outer loop
      vertex 19.88616745495781 -18 1.6399811935147317
      vertex 19.902113032590307 18.001999999999995 1.6180339887498953
      vertex 19.73205080756888 -17.85210456062449 1.8521045606244904
    endloop
  endfacet
  facet normal 0.8090169943749451 3.117163520956088e-17 0.5877852522924762
    outer loop
      vertex 19.73205080756888 -17.85210456062449 1.8521045606244904
      vertex 19.902113032590307 18.001999999999995 1.6180339887498953
      vertex 19.598623279100803 -17.733144943063852 2.035751798501101
    endloop
  endfacet
  facet normal 0.3119396468176355 -3.099819892849947e-17 0.9501019191346204
    outer loop
      vertex 18.828299487647275 -17.828299487647275 2.7320508075688776
      vertex 18.01218315053989 17.638116494484866 3
      vertex 18.012183150539887 -17.638116494484866 3
    endloop
  endfacet
  facet normal 0.8090169943749469 3.528001453284531e-17 0.5877852522924738
    outer loop
      vertex 19.33911100007131 -18 2.392939807497569
      vertex 19.902113032590307 18.001999999999995 1.6180339887498953
      vertex 19.175570504584947 -18.001999999999995 2.6180339887498953
    endloop
  endfacet
  facet normal 0.8090169943749492 -6.847380851840676e-17 0.5877852522924707
    outer loop
      vertex 19.33911100007131 -18 2.392939807497569
      vertex 19.598623279100803 -17.733144943063852 2.035751798501101
      vertex 19.902113032590307 18.001999999999995 1.6180339887498953
    endloop
  endfacet
  facet normal 0.3119396468176406 -2.8982954751430215e-17 0.9501019191346186
    outer loop
      vertex 18.828299487647275 -17.828299487647275 2.7320508075688776
      vertex 19.016562163198678 -17.876378330918563 2.6702399730281594
      vertex 19.175570504584947 18.001999999999995 2.6180339887498953
    endloop
  endfacet
  facet normal 0.3119396468176395 -2.3800854847045864e-17 0.9501019191346192
    outer loop
      vertex 19.016562163198678 -17.876378330918563 2.6702399730281594
      vertex 19.083928805423195 -18 2.6481220021456813
      vertex 19.175570504584947 18.001999999999995 2.6180339887498953
    endloop
  endfacet
  facet normal 0.3119396468176311 0 0.9501019191346219
    outer loop
      vertex 19.175570504584947 -18.001999999999995 2.6180339887498953
      vertex 19.175570504584947 18.001999999999995 2.6180339887498953
      vertex 19.083928805423195 -18 2.6481220021456813
    endloop
  endfacet
  facet normal 0.986682012146455 -3.1070194263567806e-18 0.16266101839907043
    outer loop
      vertex 19.90621556976111 18 1.5931484957754174
      vertex 20 -17.65019685887579 1.0242635149308195
      vertex 20 17.650196858875795 1.0242635149308201
    endloop
  endfacet
  facet normal 0.9866820121464503 -4.643516748276084e-16 0.16266101839909855
    outer loop
      vertex 19.90621556976111 18 1.5931484957754174
      vertex 19.902113032590307 18.001999999999995 1.6180339887498953
      vertex 20 -17.65019685887579 1.0242635149308195
    endloop
  endfacet
  facet normal 0.8090169943749903 -2.507039631227313e-15 0.5877852522924141
    outer loop
      vertex 19.175570504584947 -18.001999999999995 2.6180339887498953
      vertex 19.902113032590307 18.001999999999995 1.6180339887498953
      vertex 19.886167454957814 18 1.639981193514732
    endloop
  endfacet
  facet normal 0.3119396468176367 0 0.95010191913462
    outer loop
      vertex 18.828299487647275 -17.828299487647275 2.7320508075688776
      vertex 18.828299487647275 17.828299487647275 2.7320508075688776
      vertex 18.01218315053989 17.638116494484866 3
    endloop
  endfacet
  facet normal 0.8090169943749496 -4.1383409159146914e-17 0.5877852522924703
    outer loop
      vertex 19.175570504584947 -18.001999999999995 2.6180339887498953
      vertex 19.598623279100803 17.733144943063852 2.035751798501101
      vertex 19.33911100007131 18 2.3929398074975694
    endloop
  endfacet
  facet normal 0.8090169943749463 0 0.5877852522924746
    outer loop
      vertex 19.175570504584947 -18.001999999999995 2.6180339887498953
      vertex 19.33911100007131 18 2.3929398074975694
      vertex 19.175570504584947 18.001999999999995 2.6180339887498953
    endloop
  endfacet
  facet normal 0.809016994374945 1.0850662382479283e-16 0.5877852522924762
    outer loop
      vertex 19.175570504584947 -18.001999999999995 2.6180339887498953
      vertex 19.73205080756888 17.85210456062449 1.8521045606244904
      vertex 19.598623279100803 17.733144943063852 2.035751798501101
    endloop
  endfacet
  facet normal 0.8090169943749428 2.0224105860386255e-16 0.5877852522924792
    outer loop
      vertex 19.175570504584947 -18.001999999999995 2.6180339887498953
      vertex 19.886167454957814 18 1.639981193514732
      vertex 19.73205080756888 17.85210456062449 1.8521045606244904
    endloop
  endfacet
  facet normal 0.31193964681764064 0 0.9501019191346188
    outer loop
      vertex 18.828299487647275 -17.828299487647275 2.7320508075688776
      vertex 19.016562163198678 17.876378330918563 2.6702399730281594
      vertex 18.828299487647275 17.828299487647275 2.7320508075688776
    endloop
  endfacet
  facet normal 0.311939646817634 3.968197677080677e-17 0.9501019191346209
    outer loop
      vertex 18.828299487647275 -17.828299487647275 2.7320508075688776
      vertex 19.083928805423195 18 2.6481220021456817
      vertex 19.016562163198678 17.876378330918563 2.6702399730281594
    endloop
  endfacet
  facet normal 0.3119396468176354 2.8655057376245303e-17 0.9501019191346205
    outer loop
      vertex 18.828299487647275 -17.828299487647275 2.7320508075688776
      vertex 19.175570504584947 18.001999999999995 2.6180339887498953
      vertex 19.083928805423195 18 2.6481220021456817
    endloop
  endfacet
  facet normal 0.9866820121464527 1.7822459871194168e-13 0.1626610183990846
    outer loop
      vertex 19.906751782385943 18.001999999999995 1.5898958950182314
      vertex 19.902113032590307 18.001999999999995 1.6180339887498953
      vertex 19.90621556976111 18 1.5931484957754174
    endloop
  endfacet
  facet normal 0 1 0
    outer loop
      vertex 19.906751782385943 18.001999999999995 1.5898958950182314
      vertex 19.884083325142324 18.001999999999995 1.6428497521126837
      vertex 19.902113032590307 18.001999999999995 1.6180339887498953
    endloop
  endfacet
  facet normal 0.809016994374946 1.0064112534715079e-12 0.5877852522924751
    outer loop
      vertex 19.884083325142324 18.001999999999995 1.6428497521126837
      vertex 19.886167454957814 18 1.639981193514732
      vertex 19.902113032590307 18.001999999999995 1.6180339887498953
    endloop
  endfacet
  facet normal 0.8090169943749502 8.960401191744004e-13 0.5877852522924694
    outer loop
      vertex 19.34105596811507 18.001999999999995 2.3902627886462375
      vertex 19.175570504584947 18.001999999999995 2.6180339887498953
      vertex 19.33911100007131 18 2.3929398074975694
    endloop
  endfacet
  facet normal 0 1 0
    outer loop
      vertex 19.34105596811507 18.001999999999995 2.3902627886462375
      vertex 19.082838921380617 18.001999999999995 2.648479835380692
      vertex 19.175570504584947 18.001999999999995 2.6180339887498953
    endloop
  endfacet
  facet normal 0.3119396468176314 1.9346515105734767e-13 0.9501019191346217
    outer loop
      vertex 19.175570504584947 18.001999999999995 2.6180339887498953
      vertex 19.082838921380617 18.001999999999995 2.648479835380692
      vertex 19.083928805423195 18 2.6481220021456817
    endloop
  endfacet
  facet normal 0.16266101839900618 0.9866820121464657 -1.1407188537736296e-13
    outer loop
      vertex 18.593148495775424 19.906215569761105 -0.9999999999999999
      vertex 18.02426351493082 20 -0.6501968588757938
      vertex 18.618033988749893 19.902113032590307 -1.0019999999999998
    endloop
  endfacet
  facet normal 0.16266101839897082 0.9866820121464716 -5.660314474883013e-13
    outer loop
      vertex 18.58989589501823 19.90675178238594 -1.0019999999999998
      vertex 18.593148495775424 19.906215569761105 -0.9999999999999999
      vertex 18.618033988749893 19.902113032590307 -1.0019999999999998
    endloop
  endfacet
  facet normal 0 0 -1
    outer loop
      vertex 18.58989589501823 19.90675178238594 -1.0019999999999998
      vertex 18.618033988749893 19.902113032590307 -1.0019999999999998
      vertex 18.64284975211268 19.884083325142324 -1.0019999999999998
    endloop
  endfacet
  facet normal 0.5877852522924752 0.809016994374946 3.610339242715763e-14
    outer loop
      vertex 18.618033988749893 19.902113032590307 -1.0019999999999998
      vertex 18.63998119351472 19.886167454957818 -0.9999999999999999
      vertex 18.64284975211268 19.884083325142324 -1.0019999999999998
    endloop
  endfacet
  facet normal 0.5877852522924746 0.8090169943749463 5.317770625629265e-13
    outer loop
      vertex 19.390262788646243 19.341055968115068 -1.0019999999999998
      vertex 19.39293980749758 19.3391110000713 -0.9999999999999999
      vertex 19.618033988749893 19.175570504584947 -1.0019999999999998
    endloop
  endfacet
  facet normal -2.2846862177909804e-15 -3.1446008041171594e-15 -1
    outer loop
      vertex 19.390262788646243 19.341055968115068 -1.0019999999999998
      vertex 19.618033988749893 19.175570504584947 -1.0019999999999998
      vertex 19.64847983538069 19.082838921380617 -1.0019999999999996
    endloop
  endfacet
  facet normal 0.950101919134619 0.31193964681763964 -5.421168167633651e-13
    outer loop
      vertex 19.64812200214568 19.0839288054232 -0.9999999999999999
      vertex 19.64847983538069 19.082838921380617 -1.0019999999999996
      vertex 19.618033988749893 19.175570504584947 -1.0019999999999998
    endloop
  endfacet
  facet normal 0.16266101839907193 0.9866820121464548 0
    outer loop
      vertex 18.618033988749893 19.902113032590307 -1.0019999999999998
      vertex 18.02426351493082 20 -0.6501968588757938
      vertex 18.618033988749893 19.902113032590307 1.0019999999999998
    endloop
  endfacet
  facet normal 0.16266101839907446 0.9866820121464545 -3.835786042333715e-18
    outer loop
      vertex 18.593148495775424 19.906215569761105 1.0000000000000002
      vertex 18.02426351493082 20 -0.6501968588757938
      vertex 18.02426351493082 20 0.6501968588757938
    endloop
  endfacet
  facet normal 0.5877852522924764 0.8090169943749451 1.7928244530968655e-17
    outer loop
      vertex 18.618033988749893 19.902113032590307 -1.0019999999999998
      vertex 18.63998119351472 19.886167454957818 1.0000000000000002
      vertex 18.852104560624486 19.73205080756888 0.8521045606244873
    endloop
  endfacet
  facet normal 0.5877852522924774 0.8090169943749443 0
    outer loop
      vertex 18.618033988749893 19.902113032590307 -1.0019999999999998
      vertex 18.618033988749893 19.902113032590307 1.0019999999999998
      vertex 18.63998119351472 19.886167454957818 1.0000000000000002
    endloop
  endfacet
  facet normal 0.16266101839901337 0.9866820121464644 2.1612593821573754e-14
    outer loop
      vertex 18.593148495775424 19.906215569761105 1.0000000000000002
      vertex 18.618033988749893 19.902113032590307 1.0019999999999998
      vertex 18.02426351493082 20 -0.6501968588757938
    endloop
  endfacet
  facet normal 0.9501019191346186 0.311939646817641 1.740943575244495e-15
    outer loop
      vertex 19.73205080756888 18.828299487647268 -0.8282994876472677
      vertex 20 18.01218315053989 0.6381164944848681
      vertex 20 18.012183150539897 -0.6381164944848688
    endloop
  endfacet
  facet normal 0.9501019191346195 0.31193964681763825 0
    outer loop
      vertex 19.73205080756888 18.828299487647268 -0.8282994876472677
      vertex 19.73205080756888 18.828299487647268 0.828299487647268
      vertex 20 18.01218315053989 0.6381164944848681
    endloop
  endfacet
  facet normal 0.5877852522924712 0.8090169943749488 6.028714593783424e-17
    outer loop
      vertex 19.035751798501103 19.5986232791008 -0.7331449430638445
      vertex 19.618033988749893 19.175570504584947 1.0019999999999998
      vertex 19.39293980749758 19.3391110000713 -0.9999999999999999
    endloop
  endfacet
  facet normal 0.5877852522924776 0.8090169943749442 -3.476610708632219e-15
    outer loop
      vertex 18.618033988749893 19.902113032590307 -1.0019999999999998
      vertex 19.618033988749893 19.175570504584947 1.0019999999999998
      vertex 18.63998119351472 19.886167454957818 -0.9999999999999999
    endloop
  endfacet
  facet normal 0.587785252292478 0.8090169943749439 -3.818884440972177e-15
    outer loop
      vertex 18.63998119351472 19.886167454957818 -0.9999999999999999
      vertex 19.618033988749893 19.175570504584947 1.0019999999999998
      vertex 18.852104560624486 19.73205080756888 -0.852104560624487
    endloop
  endfacet
  facet normal 0.5877852522924746 0.8090169943749463 -1.696485450717641e-15
    outer loop
      vertex 18.852104560624486 19.73205080756888 -0.852104560624487
      vertex 19.618033988749893 19.175570504584947 1.0019999999999998
      vertex 19.035751798501103 19.5986232791008 -0.7331449430638445
    endloop
  endfacet
  facet normal 0.9501019191346181 0.3119396468176427 -6.134020108530004e-16
    outer loop
      vertex 19.670239973028156 19.01656216319868 -0.8763783309185572
      vertex 19.618033988749893 19.175570504584947 1.0019999999999998
      vertex 19.73205080756888 18.828299487647268 -0.8282994876472677
    endloop
  endfacet
  facet normal 0.9501019191346257 0.3119396468176196 1.56065624291855e-15
    outer loop
      vertex 19.670239973028156 19.01656216319868 -0.8763783309185572
      vertex 19.64812200214568 19.0839288054232 -0.9999999999999999
      vertex 19.618033988749893 19.175570504584947 1.0019999999999998
    endloop
  endfacet
  facet normal 0.9501019191346156 0.31193964681765035 -4.507460714274988e-19
    outer loop
      vertex 19.64812200214568 19.0839288054232 -0.9999999999999999
      vertex 19.618033988749893 19.175570504584947 -1.0019999999999998
      vertex 19.618033988749893 19.175570504584947 1.0019999999999998
    endloop
  endfacet
  facet normal 0.5877852522924715 0.8090169943749486 -4.200735528559486e-18
    outer loop
      vertex 19.39293980749758 19.3391110000713 -0.9999999999999999
      vertex 19.618033988749893 19.175570504584947 1.0019999999999998
      vertex 19.618033988749893 19.175570504584947 -1.0019999999999998
    endloop
  endfacet
  facet normal 0.5877852522924703 0.8090169943749496 1.818197381361918e-15
    outer loop
      vertex 18.618033988749893 19.902113032590307 -1.0019999999999998
      vertex 19.035751798501103 19.5986232791008 0.7331449430638446
      vertex 19.39293980749758 19.3391110000713 1.0000000000000002
    endloop
  endfacet
  facet normal 0.5877852522924741 0.8090169943749468 4.282652828032201e-16
    outer loop
      vertex 18.618033988749893 19.902113032590307 -1.0019999999999998
      vertex 18.852104560624486 19.73205080756888 0.8521045606244873
      vertex 19.035751798501103 19.5986232791008 0.7331449430638446
    endloop
  endfacet
  facet normal 0.5877852522924716 0.8090169943749486 1.1290308870220106e-15
    outer loop
      vertex 18.618033988749893 19.902113032590307 -1.0019999999999998
      vertex 19.39293980749758 19.3391110000713 1.0000000000000002
      vertex 19.618033988749893 19.175570504584947 1.0019999999999998
    endloop
  endfacet
  facet normal 0.9501019191346287 0.3119396468176104 3.9693578715513895e-15
    outer loop
      vertex 19.73205080756888 18.828299487647268 -0.8282994876472677
      vertex 19.64812200214568 19.0839288054232 1.0000000000000002
      vertex 19.670239973028156 19.01656216319868 0.8763783309185574
    endloop
  endfacet
  facet normal 0.9501019191346155 0.31193964681765035 -2.2253270836424614e-15
    outer loop
      vertex 19.73205080756888 18.828299487647268 -0.8282994876472677
      vertex 19.618033988749893 19.175570504584947 1.0019999999999998
      vertex 19.64812200214568 19.0839288054232 1.0000000000000002
    endloop
  endfacet
  facet normal 0.9501019191346181 0.31193964681764286 0
    outer loop
      vertex 19.73205080756888 18.828299487647268 -0.8282994876472677
      vertex 19.670239973028156 19.01656216319868 0.8763783309185574
      vertex 19.73205080756888 18.828299487647268 0.828299487647268
    endloop
  endfacet
  facet normal 0.16266101839897082 0.9866820121464714 5.660415510592212e-13
    outer loop
      vertex 18.593148495775424 19.906215569761105 1.0000000000000002
      vertex 18.58989589501823 19.90675178238594 1.0019999999999998
      vertex 18.618033988749893 19.902113032590307 1.0019999999999998
    endloop
  endfacet
  facet normal 0 0 1
    outer loop
      vertex 18.58989589501823 19.90675178238594 1.0019999999999998
      vertex 18.642849752112678 19.884083325142324 1.0019999999999998
      vertex 18.618033988749893 19.902113032590307 1.0019999999999998
    endloop
  endfacet
  facet normal 0.5877852522925302 0.8090169943749058 8.870645484570093e-13
    outer loop
      vertex 18.618033988749893 19.902113032590307 1.0019999999999998
      vertex 18.642849752112678 19.884083325142324 1.0019999999999998
      vertex 18.63998119351472 19.886167454957818 1.0000000000000002
    endloop
  endfacet
  facet normal 0.5877852522924746 0.8090169943749465 -5.318325531416365e-13
    outer loop
      vertex 19.39293980749758 19.3391110000713 1.0000000000000002
      vertex 19.390262788646243 19.341055968115068 1.0019999999999998
      vertex 19.618033988749893 19.175570504584947 1.0019999999999998
    endloop
  endfacet
  facet normal 0 0 1
    outer loop
      vertex 19.390262788646243 19.341055968115068 1.0019999999999998
      vertex 19.64847983538069 19.082838921380617 1.0019999999999998
      vertex 19.618033988749893 19.175570504584947 1.0019999999999998
    endloop
  endfacet
  facet normal 0.9501019191346192 0.31193964681763964 5.421251292347251e-13
    outer loop
      vertex 19.64812200214568 19.0839288054232 1.0000000000000002
      vertex 19.618033988749893 19.175570504584947 1.0019999999999998
      vertex 19.64847983538069 19.082838921380617 1.0019999999999998
    endloop
  endfacet
  facet normal -0.6845503194453022 -0.2505628070857283 -0.6845503194452944
    outer loop
      vertex -19.154700538379252 -19.154700538379252 -2.154700538379252
      vertex -19.082838921380617 -18.001999999999995 -2.648479835380692
      vertex -19 -18 -2.732050807568877
    endloop
  endfacet
  facet normal -0.6845503194452986 -0.2505628070857299 -0.6845503194452975
    outer loop
      vertex -19.154700538379252 -19.154700538379252 -2.154700538379252
      vertex -19.34105596811507 -18.001999999999995 -2.390262788646237
      vertex -19.082838921380617 -18.001999999999995 -2.648479835380692
    endloop
  endfacet
  facet normal -0.3741464527623663 0.3741464527623663 -0.8485451453933827
    outer loop
      vertex -19 -18 -2.732050807568877
      vertex -19.016562163198678 -17.876378330918563 -2.6702399730281594
      vertex -18.828299487647275 -17.828299487647275 -2.732050807568877
    endloop
  endfacet
  facet normal -0.6845503194452706 -0.2505628070858896 -0.6845503194452669
    outer loop
      vertex -19 -18 -2.732050807568877
      vertex -19.082838921380617 -18.001999999999995 -2.648479835380692
      vertex -19.083928805423195 -18 -2.6481220021456817
    endloop
  endfacet
  facet normal -0.6845503194452994 0.25056280708573225 -0.6845503194452959
    outer loop
      vertex -19 -18 -2.732050807568877
      vertex -19.083928805423195 -18 -2.6481220021456817
      vertex -19.016562163198678 -17.876378330918563 -2.6702399730281594
    endloop
  endfacet
  facet normal -0.6845503194452961 -0.25056280708573003 -0.6845503194453001
    outer loop
      vertex -19.154700538379252 -19.154700538379252 -2.154700538379252
      vertex -19.73205080756888 -18 -1.9999999999999996
      vertex -19.34105596811507 -18.001999999999995 -2.390262788646237
    endloop
  endfacet
  facet normal -0.6845503194451901 -0.25056280708631773 -0.6845503194451908
    outer loop
      vertex -19.33911100007131 -18 -2.3929398074975685
      vertex -19.34105596811507 -18.001999999999995 -2.390262788646237
      vertex -19.73205080756888 -18 -1.9999999999999996
    endloop
  endfacet
  facet normal -0.6845503194452967 0.2505628070857354 -0.6845503194452974
    outer loop
      vertex -19.33911100007131 -18 -2.3929398074975685
      vertex -19.73205080756888 -18 -1.9999999999999996
      vertex -19.598623279100803 -17.733144943063852 -2.0357517985011007
    endloop
  endfacet
  facet normal -0.8485451453933774 0.3741464527623707 -0.3741464527623735
    outer loop
      vertex -19.73205080756888 -18 -1.9999999999999996
      vertex -19.73205080756888 -17.85210456062449 -1.8521045606244904
      vertex -19.598623279100803 -17.733144943063852 -2.0357517985011007
    endloop
  endfacet
  facet normal -0.8554498321318067 -0.36620048109283265 -0.36620048109340547
    outer loop
      vertex -19.73205080756888 -18 -1.9999999999999996
      vertex -19.884083325142324 -18.001999999999995 -1.6428497521126841
      vertex -19.88616745495781 -18 -1.639981193514732
    endloop
  endfacet
  facet normal -0.8554498321316281 0.3662004810933263 -0.3662004810933291
    outer loop
      vertex -19.73205080756888 -18 -1.9999999999999996
      vertex -19.88616745495781 -18 -1.639981193514732
      vertex -19.73205080756888 -17.85210456062449 -1.8521045606244904
    endloop
  endfacet
  facet normal -0.25056280708573087 -0.6845503194452975 -0.6845503194452982
    outer loop
      vertex -19.154700538379252 -19.154700538379252 -2.154700538379252
      vertex -18 -19 -2.732050807568877
      vertex -18.001999999999995 -19.390262788646243 -2.341055968115067
    endloop
  endfacet
  facet normal -0.3662004810933431 -0.36620048109332937 -0.855449832131621
    outer loop
      vertex -18 -19 -2.732050807568877
      vertex -18.001999999999995 -18.64284975211268 -2.884083325142324
      vertex -18 -18.63998119351473 -2.8861674549578122
    endloop
  endfacet
  facet normal 0.37414645276236475 -0.37414645276236475 -0.8485451453933839
    outer loop
      vertex -18 -19 -2.732050807568877
      vertex -17.85210456062449 -18.85210456062449 -2.732050807568877
      vertex -17.73314494306385 -19.035751798501103 -2.5986232791008024
    endloop
  endfacet
  facet normal 0.36620048109333114 -0.36620048109333114 -0.8554498321316252
    outer loop
      vertex -18 -19 -2.732050807568877
      vertex -18 -18.63998119351473 -2.8861674549578122
      vertex -17.85210456062449 -18.85210456062449 -2.732050807568877
    endloop
  endfacet
  facet normal 0.25056280708572687 -0.6845503194452974 -0.6845503194452999
    outer loop
      vertex -18 -19 -2.732050807568877
      vertex -17.73314494306385 -19.035751798501103 -2.5986232791008024
      vertex -18 -19.392939807497573 -2.3391110000713056
    endloop
  endfacet
  facet normal -0.2505628070860229 -0.6845503194452434 -0.6845503194452457
    outer loop
      vertex -18 -19 -2.732050807568877
      vertex -18 -19.392939807497573 -2.3391110000713056
      vertex -18.001999999999995 -19.390262788646243 -2.341055968115067
    endloop
  endfacet
  facet normal -0.2505628070857308 -0.684550319445295 -0.6845503194453009
    outer loop
      vertex -19.154700538379252 -19.154700538379252 -2.154700538379252
      vertex -18.001999999999995 -19.390262788646243 -2.341055968115067
      vertex -18.001999999999995 -19.64847983538069 -2.0828389213806218
    endloop
  endfacet
  facet normal -0.25056280708573553 -0.6845503194453044 -0.6845503194452899
    outer loop
      vertex -19.154700538379252 -19.154700538379252 -2.154700538379252
      vertex -18.001999999999995 -19.64847983538069 -2.0828389213806218
      vertex -18 -19.73205080756888 -1.9999999999999996
    endloop
  endfacet
  facet normal 0.3741464527623742 -0.848545145393375 -0.3741464527623756
    outer loop
      vertex -18 -19.73205080756888 -1.9999999999999996
      vertex -17.87637833091856 -19.670239973028156 -2.01656216319868
      vertex -17.828299487647264 -19.73205080756888 -1.8282994876472645
    endloop
  endfacet
  facet normal -0.2505628070848948 -0.6845503194454473 -0.6845503194454545
    outer loop
      vertex -18.001999999999995 -19.64847983538069 -2.0828389213806218
      vertex -18 -19.648122002145676 -2.083928805423201
      vertex -18 -19.73205080756888 -1.9999999999999996
    endloop
  endfacet
  facet normal 0.250562807085736 -0.6845503194452933 -0.6845503194453006
    outer loop
      vertex -18 -19.648122002145676 -2.083928805423201
      vertex -17.87637833091856 -19.670239973028156 -2.01656216319868
      vertex -18 -19.73205080756888 -1.9999999999999996
    endloop
  endfacet
  facet normal -0.36620048109333225 -0.36620048109333264 -0.855449832131624
    outer loop
      vertex -19 -18 -2.732050807568877
      vertex -18.374066656055025 -18 -3
      vertex -18.001999999999995 -18.58989589501823 -2.906751782385942
    endloop
  endfacet
  facet normal -0.3662004810933311 -0.3662004810933311 -0.8554498321316253
    outer loop
      vertex -19 -18 -2.732050807568877
      vertex -18.001999999999995 -18.64284975211268 -2.884083325142324
      vertex -18 -19 -2.732050807568877
    endloop
  endfacet
  facet normal -0.36620048109333303 -0.3662004810933331 -0.8554498321316235
    outer loop
      vertex -18.001999999999995 -18.58989589501823 -2.906751782385942
      vertex -18.374066656055025 -18 -3
      vertex -18 -18.374066656055025 -3
    endloop
  endfacet
  facet normal -0.366200481093335 -0.3662004810933382 -0.8554498321316205
    outer loop
      vertex -19 -18 -2.732050807568877
      vertex -18.001999999999995 -18.58989589501823 -2.906751782385942
      vertex -18.001999999999995 -18.64284975211268 -2.884083325142324
    endloop
  endfacet
  facet normal -0.37414645276236724 -0.37414645276236724 -0.8485451453933818
    outer loop
      vertex -19.154700538379252 -19.154700538379252 -2.154700538379252
      vertex -19 -18 -2.732050807568877
      vertex -18 -19 -2.732050807568877
    endloop
  endfacet
  facet normal -0.3662004810933323 0.3662004810933323 -0.8554498321316241
    outer loop
      vertex -19 -18 -2.732050807568877
      vertex -18.828299487647275 -17.828299487647275 -2.732050807568877
      vertex -18.374066656055025 -18 -3
    endloop
  endfacet
  facet normal -0.3662004810933323 0.36620048109333236 -0.8554498321316241
    outer loop
      vertex -18.828299487647275 -17.828299487647275 -2.732050807568877
      vertex -18.01218315053989 -17.638116494484866 -3
      vertex -18.374066656055025 -18 -3
    endloop
  endfacet
  facet normal -0.36620048109331427 -0.36620048109333614 -0.8554498321316304
    outer loop
      vertex -18.001999999999995 -18.58989589501823 -2.906751782385942
      vertex -18 -18.374066656055025 -3
      vertex -18 -18.593148495775417 -2.906215569761108
    endloop
  endfacet
  facet normal 0.36620048109333314 -0.36620048109333314 -0.8554498321316233
    outer loop
      vertex -18 -18.593148495775417 -2.906215569761108
      vertex -18 -18.374066656055025 -3
      vertex -17.650196858875784 -18.02426351493081 -3
    endloop
  endfacet
  facet normal -0.6845503194452907 -0.6845503194453069 -0.2505628070857265
    outer loop
      vertex -19.154700538379252 -19.154700538379252 -2.154700538379252
      vertex -19.64847983538069 -19.082838921380617 -1.0019999999999998
      vertex -19.73205080756888 -19 -0.9999999999999999
    endloop
  endfacet
  facet normal -0.6845503194453024 -0.6845503194452929 -0.2505628070857323
    outer loop
      vertex -19.154700538379252 -19.154700538379252 -2.154700538379252
      vertex -19.390262788646243 -19.341055968115068 -1.0019999999999998
      vertex -19.64847983538069 -19.082838921380617 -1.0019999999999998
    endloop
  endfacet
  facet normal -0.6845503194452962 -0.684550319445299 -0.25056280708573214
    outer loop
      vertex -19.154700538379252 -19.154700538379252 -2.154700538379252
      vertex -19 -19.73205080756888 -0.9999999999999999
      vertex -19.390262788646243 -19.341055968115068 -1.0019999999999998
    endloop
  endfacet
  facet normal -0.848545145393381 -0.37414645276236747 0.37414645276236885
    outer loop
      vertex -19.73205080756888 -19 -0.9999999999999999
      vertex -19.670239973028156 -19.01656216319868 -0.8763783309185572
      vertex -19.73205080756888 -18.828299487647268 -0.8282994876472684
    endloop
  endfacet
  facet normal -0.6845503194451845 -0.6845503194451845 -0.25056280708635087
    outer loop
      vertex -19.73205080756888 -19 -0.9999999999999999
      vertex -19.64847983538069 -19.082838921380617 -1.0019999999999998
      vertex -19.64812200214568 -19.0839288054232 -0.9999999999999999
    endloop
  endfacet
  facet normal -0.6845503194452984 -0.6845503194452984 0.25056280708572776
    outer loop
      vertex -19.73205080756888 -19 -0.9999999999999999
      vertex -19.64812200214568 -19.0839288054232 -0.9999999999999999
      vertex -19.670239973028156 -19.01656216319868 -0.8763783309185572
    endloop
  endfacet
  facet normal -0.6845503194453928 -0.6845503194453928 -0.2505628070852125
    outer loop
      vertex -19.390262788646243 -19.341055968115068 -1.0019999999999998
      vertex -19 -19.73205080756888 -0.9999999999999999
      vertex -19.39293980749758 -19.3391110000713 -0.9999999999999999
    endloop
  endfacet
  facet normal -0.6845503194452974 -0.6845503194452974 0.2505628070857334
    outer loop
      vertex -19.39293980749758 -19.3391110000713 -0.9999999999999999
      vertex -19 -19.73205080756888 -0.9999999999999999
      vertex -19.035751798501103 -19.5986232791008 -0.7331449430638445
    endloop
  endfacet
  facet normal -0.3662004810933116 -0.8554498321315743 -0.36620048109346937
    outer loop
      vertex -19 -19.73205080756888 -0.9999999999999999
      vertex -18.64284975211268 -19.884083325142324 -1.0019999999999998
      vertex -18.63998119351472 -19.886167454957818 -0.9999999999999999
    endloop
  endfacet
  facet normal -0.37414645276236846 -0.8485451453933798 0.37414645276237074
    outer loop
      vertex -19 -19.73205080756888 -0.9999999999999999
      vertex -18.852104560624486 -19.73205080756888 -0.8521045606244869
      vertex -19.035751798501103 -19.5986232791008 -0.7331449430638445
    endloop
  endfacet
  facet normal -0.36620048109333253 -0.8554498321316231 0.3662004810933347
    outer loop
      vertex -19 -19.73205080756888 -0.9999999999999999
      vertex -18.63998119351472 -19.886167454957818 -0.9999999999999999
      vertex -18.852104560624486 -19.73205080756888 -0.8521045606244869
    endloop
  endfacet
  facet normal -0.8554498321316252 -0.3662004810933309 -0.3662004810933311
    outer loop
      vertex -19.73205080756888 -18 -1.9999999999999996
      vertex -19.73205080756888 -19 -0.9999999999999999
      vertex -19.884083325142324 -18.001999999999995 -1.6428497521126841
    endloop
  endfacet
  facet normal -0.8485451453933813 -0.37414645276236763 -0.37414645276236774
    outer loop
      vertex -19.154700538379252 -19.154700538379252 -2.154700538379252
      vertex -19.73205080756888 -19 -0.9999999999999999
      vertex -19.73205080756888 -18 -1.9999999999999996
    endloop
  endfacet
  facet normal -0.8554498321316253 -0.36620048109333103 -0.36620048109333103
    outer loop
      vertex -19.73205080756888 -19 -0.9999999999999999
      vertex -20 -18.374066656055025 -1
      vertex -19.906751782385943 -18.001999999999995 -1.5898958950182311
    endloop
  endfacet
  facet normal -0.855449832131626 -0.36620048109333 -0.3662004810933305
    outer loop
      vertex -19.906751782385943 -18.001999999999995 -1.5898958950182311
      vertex -20 -18.374066656055025 -1
      vertex -20 -18 -1.374066656055024
    endloop
  endfacet
  facet normal -0.8554498321316238 -0.3662004810933321 -0.36620048109333303
    outer loop
      vertex -19.73205080756888 -19 -0.9999999999999999
      vertex -19.906751782385943 -18.001999999999995 -1.5898958950182311
      vertex -19.884083325142324 -18.001999999999995 -1.6428497521126841
    endloop
  endfacet
  facet normal -0.8554498321316125 -0.3662004810933677 -0.36620048109332426
    outer loop
      vertex -19.906751782385943 -18.001999999999995 -1.5898958950182311
      vertex -20 -18 -1.374066656055024
      vertex -19.90621556976111 -18 -1.5931484957754165
    endloop
  endfacet
  facet normal -0.8554498321316248 0.36620048109333353 -0.36620048109332964
    outer loop
      vertex -19.90621556976111 -18 -1.5931484957754165
      vertex -20 -18 -1.374066656055024
      vertex -20 -17.650196858875788 -1.024263514930808
    endloop
  endfacet
  facet normal -0.855449832131625 -0.3662004810933308 0.3662004810933322
    outer loop
      vertex -19.73205080756888 -19 -0.9999999999999999
      vertex -19.73205080756888 -18.828299487647268 -0.8282994876472684
      vertex -20 -18.374066656055025 -1
    endloop
  endfacet
  facet normal -0.8554498321316251 -0.3662004810933314 0.36620048109333075
    outer loop
      vertex -19.73205080756888 -18.828299487647268 -0.8282994876472684
      vertex -20 -18.012183150539894 -0.6381164944848685
      vertex -20 -18.374066656055025 -1
    endloop
  endfacet
  facet normal -0.37414645276236763 -0.8485451453933813 -0.37414645276236774
    outer loop
      vertex -19.154700538379252 -19.154700538379252 -2.154700538379252
      vertex -18 -19.73205080756888 -1.9999999999999996
      vertex -19 -19.73205080756888 -0.9999999999999999
    endloop
  endfacet
  facet normal -0.36620048109333264 -0.8554498321316248 -0.3662004810933304
    outer loop
      vertex -18 -19.73205080756888 -1.9999999999999996
      vertex -18 -20 -1.3740666560550234
      vertex -18.58989589501823 -19.90675178238594 -1.0019999999999998
    endloop
  endfacet
  facet normal -0.3662004810933321 -0.8554498321316242 -0.36620048109333225
    outer loop
      vertex -18 -19.73205080756888 -1.9999999999999996
      vertex -18.64284975211268 -19.884083325142324 -1.0019999999999998
      vertex -19 -19.73205080756888 -0.9999999999999999
    endloop
  endfacet
  facet normal -0.36620048109329906 -0.855449832131646 -0.36620048109331416
    outer loop
      vertex -18 -19.73205080756888 -1.9999999999999996
      vertex -18.58989589501823 -19.90675178238594 -1.0019999999999998
      vertex -18.64284975211268 -19.884083325142324 -1.0019999999999998
    endloop
  endfacet
  facet normal -0.36620048109333625 -0.8554498321316203 -0.3662004810933372
    outer loop
      vertex -18.58989589501823 -19.90675178238594 -1.0019999999999998
      vertex -18 -20 -1.3740666560550234
      vertex -18.374066656055025 -20 -0.9999999999999999
    endloop
  endfacet
  facet normal 0.3662004810933295 -0.855449832131626 -0.36620048109333087
    outer loop
      vertex -18 -19.73205080756888 -1.9999999999999996
      vertex -17.828299487647264 -19.73205080756888 -1.8282994876472645
      vertex -18 -20 -1.3740666560550234
    endloop
  endfacet
  facet normal 0.3662004810933262 -0.8554498321316267 -0.36620048109333253
    outer loop
      vertex -17.828299487647264 -19.73205080756888 -1.8282994876472645
      vertex -17.638116494484866 -20 -1.0121831505398953
      vertex -18 -20 -1.3740666560550234
    endloop
  endfacet
  facet normal -0.36620048109324693 -0.8554498321314254 -0.3662004810938817
    outer loop
      vertex -18.58989589501823 -19.90675178238594 -1.0019999999999998
      vertex -18.374066656055025 -20 -0.9999999999999999
      vertex -18.593148495775424 -19.906215569761105 -0.9999999999999999
    endloop
  endfacet
  facet normal -0.3662004810933322 -0.8554498321316246 0.3662004810933316
    outer loop
      vertex -18.593148495775424 -19.906215569761105 -0.9999999999999999
      vertex -18.374066656055025 -20 -0.9999999999999999
      vertex -18.02426351493082 -20 -0.650196858875794
    endloop
  endfacet
  facet normal -0.8485451453933811 -0.3741464527623674 -0.3741464527623686
    outer loop
      vertex -19.73205080756888 -18.828299487647268 0.8282994876472686
      vertex -19.670239973028156 -19.01656216319868 0.8763783309185574
      vertex -19.73205080756888 -19 1.0000000000000002
    endloop
  endfacet
  facet normal -0.6845503194452985 -0.6845503194452985 -0.2505628070857276
    outer loop
      vertex -19.73205080756888 -19 1.0000000000000002
      vertex -19.670239973028156 -19.01656216319868 0.8763783309185574
      vertex -19.64812200214568 -19.0839288054232 1.0000000000000002
    endloop
  endfacet
  facet normal -0.6845503194451773 -0.6845503194451773 0.2505628070863908
    outer loop
      vertex -19.73205080756888 -19 1.0000000000000002
      vertex -19.64812200214568 -19.0839288054232 1.0000000000000002
      vertex -19.64847983538069 -19.082838921380617 1.0019999999999998
    endloop
  endfacet
  facet normal -0.6845503194453856 -0.6845503194453856 0.2505628070852517
    outer loop
      vertex -19.39293980749758 -19.3391110000713 1.0000000000000002
      vertex -19 -19.73205080756888 1.0000000000000002
      vertex -19.390262788646243 -19.341055968115068 1.0019999999999998
    endloop
  endfacet
  facet normal -0.6845503194452974 -0.6845503194452974 -0.2505628070857331
    outer loop
      vertex -19.035751798501103 -19.5986232791008 0.7331449430638446
      vertex -19 -19.73205080756888 1.0000000000000002
      vertex -19.39293980749758 -19.3391110000713 1.0000000000000002
    endloop
  endfacet
  facet normal -0.37414645276236813 -0.8485451453933799 -0.37414645276237063
    outer loop
      vertex -19.035751798501103 -19.5986232791008 0.7331449430638446
      vertex -18.852104560624486 -19.73205080756888 0.8521045606244874
      vertex -19 -19.73205080756888 1.0000000000000002
    endloop
  endfacet
  facet normal -0.3662004810933325 -0.855449832131623 -0.3662004810933349
    outer loop
      vertex -18.852104560624486 -19.73205080756888 0.8521045606244874
      vertex -18.63998119351472 -19.886167454957818 1.0000000000000002
      vertex -19 -19.73205080756888 1.0000000000000002
    endloop
  endfacet
  facet normal -0.36620048109321696 -0.8554498321313532 0.36620048109408043
    outer loop
      vertex -19 -19.73205080756888 1.0000000000000002
      vertex -18.63998119351472 -19.886167454957818 1.0000000000000002
      vertex -18.642849752112678 -19.884083325142324 1.0019999999999998
    endloop
  endfacet
  facet normal -0.6845503194452903 -0.6845503194453072 0.2505628070857265
    outer loop
      vertex -19.73205080756888 -19 1.0000000000000002
      vertex -19.64847983538069 -19.082838921380617 1.0019999999999998
      vertex -19.154700538379252 -19.154700538379252 2.154700538379251
    endloop
  endfacet
  facet normal -0.6845503194453023 -0.6845503194452929 0.2505628070857325
    outer loop
      vertex -19.64847983538069 -19.082838921380617 1.0019999999999998
      vertex -19.390262788646243 -19.341055968115068 1.0019999999999998
      vertex -19.154700538379252 -19.154700538379252 2.154700538379251
    endloop
  endfacet
  facet normal -0.6845503194452963 -0.6845503194452989 0.25056280708573225
    outer loop
      vertex -19.390262788646243 -19.341055968115068 1.0019999999999998
      vertex -19 -19.73205080756888 1.0000000000000002
      vertex -19.154700538379252 -19.154700538379252 2.154700538379251
    endloop
  endfacet
  facet normal -0.8554498321316247 -0.3662004810933309 -0.3662004810933321
    outer loop
      vertex -19.73205080756888 -18.828299487647268 0.8282994876472686
      vertex -19.73205080756888 -19 1.0000000000000002
      vertex -20 -18.374066656055025 1
    endloop
  endfacet
  facet normal -0.8554498321316252 -0.3662004810933316 -0.36620048109333087
    outer loop
      vertex -19.73205080756888 -18.828299487647268 0.8282994876472686
      vertex -20 -18.374066656055025 1
      vertex -20 -18.012183150539894 0.6381164944848685
    endloop
  endfacet
  facet normal -0.855449832131625 -0.3662004810933307 0.36620048109333175
    outer loop
      vertex -19.73205080756888 -19 1.0000000000000002
      vertex -20 -18 1.3740666560550234
      vertex -20 -18.374066656055025 1
    endloop
  endfacet
  facet normal -0.8554498321316257 -0.3662004810933305 0.36620048109333064
    outer loop
      vertex -19.73205080756888 -19 1.0000000000000002
      vertex -19.73205080756888 -18 1.9999999999999998
      vertex -20 -18 1.3740666560550234
    endloop
  endfacet
  facet normal -0.8485451453933811 -0.37414645276236785 0.37414645276236796
    outer loop
      vertex -19.73205080756888 -19 1.0000000000000002
      vertex -19.154700538379252 -19.154700538379252 2.154700538379251
      vertex -19.73205080756888 -18 1.9999999999999998
    endloop
  endfacet
  facet normal -0.8554498321316273 0.3662004810933257 0.366200481093332
    outer loop
      vertex -19.73205080756888 -17.828299487647264 1.8282994876472658
      vertex -20 -17.638116494484866 1.0121831505398953
      vertex -20 -18 1.3740666560550234
    endloop
  endfacet
  facet normal -0.8554498321316268 0.3662004810933273 0.3662004810933311
    outer loop
      vertex -19.73205080756888 -17.828299487647264 1.8282994876472658
      vertex -20 -18 1.3740666560550234
      vertex -19.73205080756888 -18 1.9999999999999998
    endloop
  endfacet
  facet normal -0.8485451453933732 0.37414645276237496 0.3741464527623788
    outer loop
      vertex -19.73205080756888 -17.828299487647264 1.8282994876472658
      vertex -19.73205080756888 -18 1.9999999999999998
      vertex -19.670239973028156 -17.87637833091856 2.0165621631986794
    endloop
  endfacet
  facet normal -0.3662004810932388 -0.8554498321314064 0.3662004810939345
    outer loop
      vertex -18.593148495775424 -19.906215569761105 1.0000000000000002
      vertex -18.374066656055025 -20 1.0000000000000002
      vertex -18.58989589501823 -19.90675178238594 1.0019999999999998
    endloop
  endfacet
  facet normal -0.36620048109333214 -0.8554498321316244 -0.366200481093332
    outer loop
      vertex -18.593148495775424 -19.906215569761105 1.0000000000000002
      vertex -18.024263514930816 -20 0.6501968588757913
      vertex -18.374066656055025 -20 1.0000000000000002
    endloop
  endfacet
  facet normal -0.3662004810933292 -0.8554498321316267 0.36620048109332937
    outer loop
      vertex -19 -19.73205080756888 1.0000000000000002
      vertex -18.642849752112678 -19.884083325142324 1.0019999999999998
      vertex -18 -19.73205080756888 1.9999999999999998
    endloop
  endfacet
  facet normal -0.3662004810933193 -0.8554498321316367 0.3662004810933162
    outer loop
      vertex -18.642849752112678 -19.884083325142324 1.0019999999999998
      vertex -18.58989589501823 -19.90675178238594 1.0019999999999998
      vertex -18.001999999999995 -19.906751782385943 1.5898958950182316
    endloop
  endfacet
  facet normal -0.36620048109333725 -0.8554498321316212 0.36620048109333414
    outer loop
      vertex -18.58989589501823 -19.90675178238594 1.0019999999999998
      vertex -18.374066656055025 -20 1.0000000000000002
      vertex -18.001999999999995 -19.906751782385943 1.5898958950182316
    endloop
  endfacet
  facet normal -0.3662004810933297 -0.8554498321316262 0.3662004810933302
    outer loop
      vertex -18.001999999999995 -19.906751782385943 1.5898958950182316
      vertex -18.374066656055025 -20 1.0000000000000002
      vertex -18 -20 1.3740666560550243
    endloop
  endfacet
  facet normal 0.3662004810933312 -0.8554498321316257 0.36620048109333
    outer loop
      vertex -18 -19.90621556976111 1.5931484957754167
      vertex -18 -20 1.3740666560550243
      vertex -17.65019685887579 -20 1.0242635149308144
    endloop
  endfacet
  facet normal -0.366200481093335 -0.8554498321316224 0.3662004810933338
    outer loop
      vertex -18.642849752112678 -19.884083325142324 1.0019999999999998
      vertex -18.001999999999995 -19.906751782385943 1.5898958950182316
      vertex -18.001999999999995 -19.884083325142324 1.6428497521126844
    endloop
  endfacet
  facet normal -0.36620048109333214 -0.8554498321316248 0.366200481093331
    outer loop
      vertex -18.642849752112678 -19.884083325142324 1.0019999999999998
      vertex -18.001999999999995 -19.884083325142324 1.6428497521126844
      vertex -18 -19.73205080756888 1.9999999999999998
    endloop
  endfacet
  facet normal -0.37414645276236785 -0.8485451453933811 0.37414645276236796
    outer loop
      vertex -19 -19.73205080756888 1.0000000000000002
      vertex -18 -19.73205080756888 1.9999999999999998
      vertex -19.154700538379252 -19.154700538379252 2.154700538379251
    endloop
  endfacet
  facet normal -0.3662004810933326 -0.8554498321316252 0.3662004810933297
    outer loop
      vertex -18.001999999999995 -19.906751782385943 1.5898958950182316
      vertex -18 -20 1.3740666560550243
      vertex -18 -19.90621556976111 1.5931484957754167
    endloop
  endfacet
  facet normal -0.3662004810927614 -0.8554498321318327 0.3662004810934162
    outer loop
      vertex -18 -19.88616745495781 1.6399811935147317
      vertex -18 -19.73205080756888 1.9999999999999998
      vertex -18.001999999999995 -19.884083325142324 1.6428497521126844
    endloop
  endfacet
  facet normal 0.3662004810933264 -0.8554498321316283 0.3662004810933287
    outer loop
      vertex -18 -19.88616745495781 1.6399811935147317
      vertex -17.85210456062449 -19.73205080756888 1.8521045606244904
      vertex -18 -19.73205080756888 1.9999999999999998
    endloop
  endfacet
  facet normal 0.37414645276236747 -0.8485451453933807 0.3741464527623698
    outer loop
      vertex -17.85210456062449 -19.73205080756888 1.8521045606244904
      vertex -17.73314494306385 -19.598623279100803 2.035751798501101
      vertex -18 -19.73205080756888 1.9999999999999998
    endloop
  endfacet
  facet normal -0.6845503194453018 -0.2505628070857345 0.6845503194452927
    outer loop
      vertex -19.154700538379252 -19.154700538379252 2.154700538379251
      vertex -19.64847983538069 -18.001999999999995 2.0828389213806213
      vertex -19.73205080756888 -18 1.9999999999999998
    endloop
  endfacet
  facet normal -0.6845503194452955 -0.2505628070857313 0.6845503194453002
    outer loop
      vertex -19.154700538379252 -19.154700538379252 2.154700538379251
      vertex -19.390262788646243 -18.001999999999995 2.341055968115067
      vertex -19.64847983538069 -18.001999999999995 2.0828389213806213
    endloop
  endfacet
  facet normal -0.6845503194454683 -0.25056280708475553 0.6845503194454845
    outer loop
      vertex -19.73205080756888 -18 1.9999999999999998
      vertex -19.64847983538069 -18.001999999999995 2.0828389213806213
      vertex -19.648122002145676 -18 2.0839288054232
    endloop
  endfacet
  facet normal -0.6845503194452887 0.2505628070857367 0.684550319445305
    outer loop
      vertex -19.73205080756888 -18 1.9999999999999998
      vertex -19.648122002145676 -18 2.0839288054232
      vertex -19.670239973028156 -17.87637833091856 2.0165621631986794
    endloop
  endfacet
  facet normal -0.6845503194452973 -0.2505628070857314 0.6845503194452982
    outer loop
      vertex -19.154700538379252 -19.154700538379252 2.154700538379251
      vertex -19 -18 2.732050807568877
      vertex -19.390262788646243 -18.001999999999995 2.341055968115067
    endloop
  endfacet
  facet normal -0.6845503194451632 -0.25056280708645434 0.6845503194451678
    outer loop
      vertex -19.390262788646243 -18.001999999999995 2.341055968115067
      vertex -19 -18 2.732050807568877
      vertex -19.392939807497577 -18 2.3391110000713033
    endloop
  endfacet
  facet normal -0.6845503194452959 0.2505628070857286 0.6845503194453005
    outer loop
      vertex -19.392939807497577 -18 2.3391110000713033
      vertex -19 -18 2.732050807568877
      vertex -19.035751798501103 -17.73314494306385 2.598623279100802
    endloop
  endfacet
  facet normal -0.37414645276236574 0.37414645276236574 0.8485451453933831
    outer loop
      vertex -19.035751798501103 -17.73314494306385 2.598623279100802
      vertex -19 -18 2.732050807568877
      vertex -18.85210456062449 -17.85210456062449 2.732050807568877
    endloop
  endfacet
  facet normal -0.3662004810933797 -0.36620048109301756 0.8554498321317386
    outer loop
      vertex -19 -18 2.732050807568877
      vertex -18.64284975211268 -18.001999999999995 2.884083325142325
      vertex -18.63998119351473 -18 2.8861674549578122
    endloop
  endfacet
  facet normal -0.36620048109333114 0.36620048109333114 0.8554498321316252
    outer loop
      vertex -19 -18 2.732050807568877
      vertex -18.63998119351473 -18 2.8861674549578122
      vertex -18.85210456062449 -17.85210456062449 2.732050807568877
    endloop
  endfacet
  facet normal -0.25056280708573075 -0.6845503194452961 0.6845503194452996
    outer loop
      vertex -19.154700538379252 -19.154700538379252 2.154700538379251
      vertex -18 -19.73205080756888 1.9999999999999998
      vertex -18.001999999999995 -19.34105596811507 2.3902627886462375
    endloop
  endfacet
  facet normal -0.25056280708573064 -0.6845503194452986 0.6845503194452973
    outer loop
      vertex -19.154700538379252 -19.154700538379252 2.154700538379251
      vertex -18.001999999999995 -19.34105596811507 2.3902627886462375
      vertex -18.001999999999995 -19.082838921380617 2.6484798353806926
    endloop
  endfacet
  facet normal -0.25056280708573003 -0.6845503194453 0.6845503194452963
    outer loop
      vertex -19.154700538379252 -19.154700538379252 2.154700538379251
      vertex -18.001999999999995 -19.082838921380617 2.6484798353806926
      vertex -18 -19 2.732050807568877
    endloop
  endfacet
  facet normal 0.2505628070857319 -0.6845503194452975 0.684550319445298
    outer loop
      vertex -18 -19.73205080756888 1.9999999999999998
      vertex -17.73314494306385 -19.598623279100803 2.035751798501101
      vertex -18 -19.339111000071306 2.3929398074975725
    endloop
  endfacet
  facet normal -0.2505628070863178 -0.6845503194451903 0.6845503194451906
    outer loop
      vertex -18 -19.73205080756888 1.9999999999999998
      vertex -18 -19.339111000071306 2.3929398074975725
      vertex -18.001999999999995 -19.34105596811507 2.3902627886462375
    endloop
  endfacet
  facet normal -0.2505628070857483 -0.6845503194452967 0.684550319445293
    outer loop
      vertex -18.001999999999995 -19.082838921380617 2.6484798353806926
      vertex -18 -19.083928805423195 2.6481220021456817
      vertex -18 -19 2.732050807568877
    endloop
  endfacet
  facet normal 0.25056280708573225 -0.6845503194452994 0.6845503194452959
    outer loop
      vertex -18 -19.083928805423195 2.6481220021456817
      vertex -17.876378330918563 -19.016562163198678 2.6702399730281594
      vertex -18 -19 2.732050807568877
    endloop
  endfacet
  facet normal 0.3741464527623663 -0.3741464527623663 0.8485451453933827
    outer loop
      vertex -18 -19 2.732050807568877
      vertex -17.876378330918563 -19.016562163198678 2.6702399730281594
      vertex -17.828299487647275 -18.828299487647275 2.732050807568877
    endloop
  endfacet
  facet normal -0.37414645276236763 -0.37414645276236763 0.8485451453933813
    outer loop
      vertex -19.154700538379252 -19.154700538379252 2.154700538379251
      vertex -18 -19 2.732050807568877
      vertex -19 -18 2.732050807568877
    endloop
  endfacet
  facet normal -0.36620048109333264 -0.36620048109333264 0.8554498321316238
    outer loop
      vertex -19 -18 2.732050807568877
      vertex -18 -19 2.732050807568877
      vertex -18.64284975211268 -18.001999999999995 2.884083325142325
    endloop
  endfacet
  facet normal -0.36620048109333314 -0.3662004810933322 0.8554498321316238
    outer loop
      vertex -18 -19 2.732050807568877
      vertex -18 -18.374066656055025 3
      vertex -18.58989589501823 -18.001999999999995 2.9067517823859417
    endloop
  endfacet
  facet normal -0.36620048109332143 -0.36620048109332665 0.8554498321316313
    outer loop
      vertex -18 -19 2.732050807568877
      vertex -18.58989589501823 -18.001999999999995 2.9067517823859417
      vertex -18.64284975211268 -18.001999999999995 2.884083325142325
    endloop
  endfacet
  facet normal -0.3662004810933343 -0.3662004810933343 0.8554498321316224
    outer loop
      vertex -18.58989589501823 -18.001999999999995 2.9067517823859417
      vertex -18 -18.374066656055025 3
      vertex -18.374066656055025 -18 3
    endloop
  endfacet
  facet normal -0.36620048109331066 -0.3662004810934787 0.8554498321315707
    outer loop
      vertex -18.58989589501823 -18.001999999999995 2.9067517823859417
      vertex -18.374066656055025 -18 3
      vertex -18.593148495775417 -18 2.906215569761108
    endloop
  endfacet
  facet normal -0.36620048109333314 0.36620048109333314 0.8554498321316233
    outer loop
      vertex -18.593148495775417 -18 2.906215569761108
      vertex -18.374066656055025 -18 3
      vertex -18.02426351493081 -17.650196858875784 3
    endloop
  endfacet
  facet normal 0.3662004810933323 -0.3662004810933323 0.8554498321316241
    outer loop
      vertex -18 -19 2.732050807568877
      vertex -17.828299487647275 -18.828299487647275 2.732050807568877
      vertex -18 -18.374066656055025 3
    endloop
  endfacet
  facet normal 0.36620048109333475 -0.36620048109333114 0.8554498321316236
    outer loop
      vertex -17.828299487647275 -18.828299487647275 2.732050807568877
      vertex -17.638116494484866 -18.012183150539887 3
      vertex -18 -18.374066656055025 3
    endloop
  endfacet
  facet normal -0.3741464527623663 -0.3741464527623663 -0.8485451453933827
    outer loop
      vertex -19 18 -2.732050807568877
      vertex -18.828299487647275 17.828299487647275 -2.732050807568877
      vertex -19.016562163198678 17.876378330918563 -2.6702399730281594
    endloop
  endfacet
  facet normal -0.6845503194452994 -0.25056280708573225 -0.6845503194452959
    outer loop
      vertex -19 18 -2.732050807568877
      vertex -19.016562163198678 17.876378330918563 -2.6702399730281594
      vertex -19.083928805423195 18 -2.6481220021456817
    endloop
  endfacet
  facet normal -0.6845503194452704 0.2505628070858905 -0.6845503194452668
    outer loop
      vertex -19 18 -2.732050807568877
      vertex -19.083928805423195 18 -2.6481220021456817
      vertex -19.082838921380617 18.001999999999995 -2.648479835380692
    endloop
  endfacet
  facet normal -0.6845503194453023 0.25056280708572837 -0.6845503194452945
    outer loop
      vertex -19 18 -2.732050807568877
      vertex -19.082838921380617 18.001999999999995 -2.648479835380692
      vertex -19.154700538379252 19.154700538379252 -2.154700538379252
    endloop
  endfacet
  facet normal -0.6845503194452986 0.25056280708572987 -0.6845503194452975
    outer loop
      vertex -19.082838921380617 18.001999999999995 -2.648479835380692
      vertex -19.34105596811507 18.001999999999995 -2.390262788646237
      vertex -19.154700538379252 19.154700538379252 -2.154700538379252
    endloop
  endfacet
  facet normal -0.6845503194451646 0.2505628070864593 -0.6845503194451646
    outer loop
      vertex -19.33911100007131 18 -2.392939807497569
      vertex -19.73205080756888 18 -1.9999999999999996
      vertex -19.34105596811507 18.001999999999995 -2.390262788646237
    endloop
  endfacet
  facet normal -0.6845503194452973 -0.2505628070857347 -0.6845503194452973
    outer loop
      vertex -19.33911100007131 18 -2.392939807497569
      vertex -19.598623279100803 17.733144943063852 -2.035751798501101
      vertex -19.73205080756888 18 -1.9999999999999996
    endloop
  endfacet
  facet normal -0.8485451453933778 -0.3741464527623703 -0.3741464527623731
    outer loop
      vertex -19.73205080756888 18 -1.9999999999999996
      vertex -19.598623279100803 17.733144943063852 -2.035751798501101
      vertex -19.73205080756888 17.85210456062449 -1.8521045606244904
    endloop
  endfacet
  facet normal -0.8554498321316225 -0.3662004810933328 -0.36620048109333553
    outer loop
      vertex -19.73205080756888 18 -1.9999999999999996
      vertex -19.73205080756888 17.85210456062449 -1.8521045606244904
      vertex -19.886167454957814 18 -1.6399811935147324
    endloop
  endfacet
  facet normal -0.855449832131308 0.3662004810942021 -0.3662004810932009
    outer loop
      vertex -19.73205080756888 18 -1.9999999999999996
      vertex -19.886167454957814 18 -1.6399811935147324
      vertex -19.884083325142324 18.001999999999995 -1.6428497521126841
    endloop
  endfacet
  facet normal -0.6845503194452961 0.25056280708573003 -0.6845503194453001
    outer loop
      vertex -19.34105596811507 18.001999999999995 -2.390262788646237
      vertex -19.73205080756888 18 -1.9999999999999996
      vertex -19.154700538379252 19.154700538379252 -2.154700538379252
    endloop
  endfacet
  facet normal -0.3662004810933323 0.3662004810933323 -0.8554498321316242
    outer loop
      vertex -19 18 -2.732050807568877
      vertex -18 18.374066656055025 -3
      vertex -18.374066656055025 18 -3
    endloop
  endfacet
  facet normal -0.3662004810933323 -0.3662004810933323 -0.8554498321316241
    outer loop
      vertex -19 18 -2.732050807568877
      vertex -18.374066656055025 18 -3
      vertex -18.828299487647275 17.828299487647275 -2.732050807568877
    endloop
  endfacet
  facet normal -0.36620048109333114 -0.36620048109333475 -0.8554498321316236
    outer loop
      vertex -18.828299487647275 17.828299487647275 -2.732050807568877
      vertex -18.374066656055025 18 -3
      vertex -18.01218315053989 17.63811649448487 -3
    endloop
  endfacet
  facet normal -0.3662004810933322 0.3662004810933318 -0.8554498321316244
    outer loop
      vertex -19 18 -2.732050807568877
      vertex -18 19 -2.7320508075688776
      vertex -18 18.374066656055025 -3
    endloop
  endfacet
  facet normal -0.3741464527623675 0.37414645276236713 -0.8485451453933817
    outer loop
      vertex -19 18 -2.732050807568877
      vertex -19.154700538379252 19.154700538379252 -2.154700538379252
      vertex -18 19 -2.7320508075688776
    endloop
  endfacet
  facet normal 0.36620048109333425 0.36620048109333064 -0.855449832131624
    outer loop
      vertex -17.828299487647275 18.828299487647275 -2.7320508075688776
      vertex -17.638116494484866 18.012183150539887 -3
      vertex -18 18.374066656055025 -3
    endloop
  endfacet
  facet normal 0.36620048109333186 0.36620048109333186 -0.8554498321316244
    outer loop
      vertex -18 19 -2.7320508075688776
      vertex -17.828299487647275 18.828299487647275 -2.7320508075688776
      vertex -18 18.374066656055025 -3
    endloop
  endfacet
  facet normal -0.2505628070857286 0.6845503194453022 -0.6845503194452944
    outer loop
      vertex -19.154700538379252 19.154700538379252 -2.154700538379252
      vertex -18.001999999999995 19.082838921380617 -2.6484798353806926
      vertex -18 19 -2.7320508075688776
    endloop
  endfacet
  facet normal -0.25056280708573125 0.6845503194452961 -0.6845503194452996
    outer loop
      vertex -19.154700538379252 19.154700538379252 -2.154700538379252
      vertex -18.001999999999995 19.34105596811507 -2.3902627886462393
      vertex -18.001999999999995 19.082838921380617 -2.6484798353806926
    endloop
  endfacet
  facet normal 0.3741464527623682 0.3741464527623682 -0.8485451453933809
    outer loop
      vertex -18 19 -2.7320508075688776
      vertex -17.876378330918563 19.016562163198678 -2.6702399730281594
      vertex -17.828299487647275 18.828299487647275 -2.7320508075688776
    endloop
  endfacet
  facet normal -0.2505628070856081 0.6845503194453257 -0.6845503194453149
    outer loop
      vertex -18 19 -2.7320508075688776
      vertex -18.001999999999995 19.082838921380617 -2.6484798353806926
      vertex -18 19.083928805423195 -2.6481220021456813
    endloop
  endfacet
  facet normal 0.25056280708573236 0.684550319445303 -0.6845503194452922
    outer loop
      vertex -18 19 -2.7320508075688776
      vertex -18 19.083928805423195 -2.6481220021456813
      vertex -17.876378330918563 19.016562163198678 -2.6702399730281594
    endloop
  endfacet
  facet normal -0.25056280708573114 0.684550319445297 -0.6845503194452985
    outer loop
      vertex -19.154700538379252 19.154700538379252 -2.154700538379252
      vertex -18 19.73205080756888 -2.0000000000000004
      vertex -18.001999999999995 19.34105596811507 -2.3902627886462393
    endloop
  endfacet
  facet normal -0.2505628070863151 0.6845503194451917 -0.6845503194451903
    outer loop
      vertex -18 19.339111000071306 -2.3929398074975743
      vertex -18.001999999999995 19.34105596811507 -2.3902627886462393
      vertex -18 19.73205080756888 -2.0000000000000004
    endloop
  endfacet
  facet normal 0.2505628070857319 0.6845503194452985 -0.684550319445297
    outer loop
      vertex -18 19.339111000071306 -2.3929398074975743
      vertex -18 19.73205080756888 -2.0000000000000004
      vertex -17.73314494306385 19.598623279100803 -2.035751798501102
    endloop
  endfacet
  facet normal 0.37414645276236763 0.8485451453933811 -0.3741464527623682
    outer loop
      vertex -18 19.73205080756888 -2.0000000000000004
      vertex -17.85210456062449 19.73205080756888 -1.8521045606244904
      vertex -17.73314494306385 19.598623279100803 -2.035751798501102
    endloop
  endfacet
  facet normal -0.36620048109406733 0.8554498321313576 -0.3662004810932199
    outer loop
      vertex -18 19.73205080756888 -2.0000000000000004
      vertex -18.001999999999995 19.884083325142324 -1.6428497521126837
      vertex -18 19.886167454957814 -1.639981193514731
    endloop
  endfacet
  facet normal 0.3662004810933331 0.8554498321316233 -0.36620048109333364
    outer loop
      vertex -18 19.73205080756888 -2.0000000000000004
      vertex -18 19.886167454957814 -1.639981193514731
      vertex -17.85210456062449 19.73205080756888 -1.8521045606244904
    endloop
  endfacet
  facet normal -0.8554498321316001 0.36620048109340253 -0.36620048109331865
    outer loop
      vertex -19.906751782385943 18.001999999999995 -1.5898958950182314
      vertex -19.90621556976111 18 -1.593148495775417
      vertex -20 18 -1.3740666560550243
    endloop
  endfacet
  facet normal -0.8554498321316255 -0.3662004810933317 -0.3662004810933296
    outer loop
      vertex -19.90621556976111 18 -1.593148495775417
      vertex -20 17.650196858875777 -1.0242635149307993
      vertex -20 18 -1.3740666560550243
    endloop
  endfacet
  facet normal -0.8554498321316247 0.36620048109333253 -0.36620048109333087
    outer loop
      vertex -19.73205080756888 18 -1.9999999999999996
      vertex -19.884083325142324 18.001999999999995 -1.6428497521126841
      vertex -19.88408332514232 18.642849752112685 -1.0019999999999998
    endloop
  endfacet
  facet normal -0.8485451453933813 0.37414645276236763 -0.37414645276236774
    outer loop
      vertex -19.73205080756888 18 -1.9999999999999996
      vertex -19.73205080756888 19 -0.9999999999999999
      vertex -19.154700538379252 19.154700538379252 -2.154700538379252
    endloop
  endfacet
  facet normal -0.8554498321316227 0.36620048109333403 -0.36620048109333386
    outer loop
      vertex -19.884083325142324 18.001999999999995 -1.6428497521126841
      vertex -19.906751782385943 18.001999999999995 -1.5898958950182314
      vertex -19.906751782385943 18.589895895018227 -1.0019999999999996
    endloop
  endfacet
  facet normal -0.8554498321316257 0.3662004810933306 -0.3662004810933304
    outer loop
      vertex -19.906751782385943 18.001999999999995 -1.5898958950182314
      vertex -20 18 -1.3740666560550243
      vertex -19.906751782385943 18.589895895018227 -1.0019999999999996
    endloop
  endfacet
  facet normal -0.8554498321316114 0.36620048109334813 -0.36620048109334646
    outer loop
      vertex -19.884083325142324 18.001999999999995 -1.6428497521126841
      vertex -19.906751782385943 18.589895895018227 -1.0019999999999996
      vertex -19.88408332514232 18.642849752112685 -1.0019999999999998
    endloop
  endfacet
  facet normal -0.8554498321316207 0.3662004810933347 -0.36620048109333836
    outer loop
      vertex -19.906751782385943 18.589895895018227 -1.0019999999999996
      vertex -20 18 -1.3740666560550243
      vertex -20 18.374066656055028 -0.9999999999999999
    endloop
  endfacet
  facet normal -0.8554498321316273 0.36620048109332853 -0.3662004810933287
    outer loop
      vertex -19.73205080756888 18 -1.9999999999999996
      vertex -19.88408332514232 18.642849752112685 -1.0019999999999998
      vertex -19.73205080756888 19 -0.9999999999999999
    endloop
  endfacet
  facet normal -0.8554498321316246 0.3662004810933302 0.3662004810933331
    outer loop
      vertex -19.90621556976111 18.59314849577542 -0.9999999999999999
      vertex -20 18.374066656055028 -0.9999999999999999
      vertex -20 18.02426351493082 -0.6501968588757937
    endloop
  endfacet
  facet normal -0.8554498321314145 0.36620048109324027 -0.3662004810939144
    outer loop
      vertex -19.906751782385943 18.589895895018227 -1.0019999999999996
      vertex -20 18.374066656055028 -0.9999999999999999
      vertex -19.90621556976111 18.59314849577542 -0.9999999999999999
    endloop
  endfacet
  facet normal -0.684550319445299 0.6845503194452962 -0.2505628070857321
    outer loop
      vertex -19.154700538379252 19.154700538379252 -2.154700538379252
      vertex -19.73205080756888 19 -0.9999999999999999
      vertex -19.34105596811507 19.39026278864624 -1.0019999999999998
    endloop
  endfacet
  facet normal -0.6845503194452929 0.6845503194453024 -0.2505628070857323
    outer loop
      vertex -19.154700538379252 19.154700538379252 -2.154700538379252
      vertex -19.34105596811507 19.39026278864624 -1.0019999999999998
      vertex -19.08283892138062 19.648479835380687 -1.0019999999999998
    endloop
  endfacet
  facet normal -0.6845503194453069 0.6845503194452905 -0.2505628070857264
    outer loop
      vertex -19.154700538379252 19.154700538379252 -2.154700538379252
      vertex -19.08283892138062 19.648479835380687 -1.0019999999999998
      vertex -19 19.73205080756888 -0.9999999999999999
    endloop
  endfacet
  facet normal -0.8554498321315749 0.36620048109330705 -0.36620048109347275
    outer loop
      vertex -19.886167454957814 18.639981193514725 -0.9999999999999999
      vertex -19.73205080756888 19 -0.9999999999999999
      vertex -19.88408332514232 18.642849752112685 -1.0019999999999998
    endloop
  endfacet
  facet normal -0.8554498321316272 0.3662004810933294 0.3662004810933281
    outer loop
      vertex -19.886167454957814 18.639981193514725 -0.9999999999999999
      vertex -19.73205080756888 18.85210456062449 -0.852104560624489
      vertex -19.73205080756888 19 -0.9999999999999999
    endloop
  endfacet
  facet normal -0.8485451453933828 0.3741464527623668 0.3741464527623654
    outer loop
      vertex -19.73205080756888 19 -0.9999999999999999
      vertex -19.73205080756888 18.85210456062449 -0.852104560624489
      vertex -19.598623279100803 19.035751798501103 -0.7331449430638475
    endloop
  endfacet
  facet normal -0.6845503194453935 0.6845503194453935 -0.2505628070852091
    outer loop
      vertex -19.73205080756888 19 -0.9999999999999999
      vertex -19.339111000071302 19.392939807497577 -0.9999999999999999
      vertex -19.34105596811507 19.39026278864624 -1.0019999999999998
    endloop
  endfacet
  facet normal -0.6845503194452985 0.6845503194452985 0.2505628070857274
    outer loop
      vertex -19.73205080756888 19 -0.9999999999999999
      vertex -19.598623279100803 19.035751798501103 -0.7331449430638475
      vertex -19.339111000071302 19.392939807497577 -0.9999999999999999
    endloop
  endfacet
  facet normal -0.6845503194451841 0.6845503194451841 -0.25056280708635226
    outer loop
      vertex -19.083928805423202 19.648122002145676 -0.9999999999999999
      vertex -19 19.73205080756888 -0.9999999999999999
      vertex -19.08283892138062 19.648479835380687 -1.0019999999999998
    endloop
  endfacet
  facet normal -0.6845503194452994 0.6845503194452994 0.2505628070857225
    outer loop
      vertex -19.083928805423202 19.648122002145676 -0.9999999999999999
      vertex -19.01656216319868 19.670239973028156 -0.8763783309185544
      vertex -19 19.73205080756888 -0.9999999999999999
    endloop
  endfacet
  facet normal -0.37414645276236425 0.848545145393385 0.374146452762363
    outer loop
      vertex -19.01656216319868 19.670239973028156 -0.8763783309185544
      vertex -18.828299487647264 19.73205080756888 -0.8282994876472636
      vertex -19 19.73205080756888 -0.9999999999999999
    endloop
  endfacet
  facet normal -0.3741464527623679 0.8485451453933812 -0.3741464527623677
    outer loop
      vertex -19.154700538379252 19.154700538379252 -2.154700538379252
      vertex -19 19.73205080756888 -0.9999999999999999
      vertex -18 19.73205080756888 -2.0000000000000004
    endloop
  endfacet
  facet normal -0.3662004810933302 0.855449832131626 -0.36620048109333003
    outer loop
      vertex -18 19.73205080756888 -2.0000000000000004
      vertex -19 19.73205080756888 -0.9999999999999999
      vertex -18.001999999999995 19.884083325142324 -1.6428497521126837
    endloop
  endfacet
  facet normal -0.36620048109333114 0.8554498321316254 -0.36620048109333087
    outer loop
      vertex -19 19.73205080756888 -0.9999999999999999
      vertex -18.374066656055025 20 -1
      vertex -18.001999999999995 19.906751782385943 -1.5898958950182314
    endloop
  endfacet
  facet normal -0.3662004810933339 0.8554498321316216 -0.36620048109333675
    outer loop
      vertex -19 19.73205080756888 -0.9999999999999999
      vertex -18.001999999999995 19.906751782385943 -1.5898958950182314
      vertex -18.001999999999995 19.884083325142324 -1.6428497521126837
    endloop
  endfacet
  facet normal -0.36620048109333153 0.855449832131625 -0.3662004810933312
    outer loop
      vertex -18.001999999999995 19.906751782385943 -1.5898958950182314
      vertex -18.374066656055025 20 -1
      vertex -18 20 -1.374066656055025
    endloop
  endfacet
  facet normal -0.36620048109354286 0.8554498321315493 -0.36620048109329656
    outer loop
      vertex -18.001999999999995 19.906751782385943 -1.5898958950182314
      vertex -18 20 -1.374066656055025
      vertex -18 19.90621556976111 -1.5931484957754178
    endloop
  endfacet
  facet normal 0.36620048109333125 0.855449832131626 -0.3662004810933293
    outer loop
      vertex -18 19.90621556976111 -1.5931484957754178
      vertex -18 20 -1.374066656055025
      vertex -17.65019685887579 20 -1.0242635149308144
    endloop
  endfacet
  facet normal -0.3662004810933311 0.8554498321316256 0.36620048109332987
    outer loop
      vertex -19 19.73205080756888 -0.9999999999999999
      vertex -18.828299487647264 19.73205080756888 -0.8282994876472636
      vertex -18.374066656055025 20 -1
    endloop
  endfacet
  facet normal -0.36620048109333114 0.8554498321316257 0.36620048109332975
    outer loop
      vertex -18.828299487647264 19.73205080756888 -0.8282994876472636
      vertex -18.012183150539894 20 -0.6381164944848678
      vertex -18.374066656055025 20 -1
    endloop
  endfacet
  facet normal -0.8554498321316247 0.3662004810933303 -0.36620048109333275
    outer loop
      vertex -19.90621556976111 18.59314849577542 1.0000000000000002
      vertex -20 18.02426351493082 0.6501968588757937
      vertex -20 18.374066656055028 1.0000000000000002
    endloop
  endfacet
  facet normal -0.855449832131408 0.36620048109323755 0.366200481093932
    outer loop
      vertex -19.90621556976111 18.59314849577542 1.0000000000000002
      vertex -20 18.374066656055028 1.0000000000000002
      vertex -19.906751782385943 18.589895895018227 1.0019999999999998
    endloop
  endfacet
  facet normal -0.8554498321316223 0.3662004810933357 0.36620048109333336
    outer loop
      vertex -19.906751782385943 18.589895895018227 1.0019999999999998
      vertex -20 18.374066656055028 1.0000000000000002
      vertex -19.73205080756888 18 1.9999999999999998
    endloop
  endfacet
  facet normal -0.8554498321316008 0.3662004810933696 0.3662004810933497
    outer loop
      vertex -19.906751782385943 18.589895895018227 1.0019999999999998
      vertex -19.73205080756888 18 1.9999999999999998
      vertex -19.88408332514232 18.64284975211268 1.0019999999999998
    endloop
  endfacet
  facet normal -0.8554498321316298 0.36620048109332565 0.3662004810933258
    outer loop
      vertex -19.88408332514232 18.64284975211268 1.0019999999999998
      vertex -19.73205080756888 18 1.9999999999999998
      vertex -19.73205080756888 19 1.0000000000000002
    endloop
  endfacet
  facet normal -0.8554498321316271 -0.366200481093326 0.36620048109333175
    outer loop
      vertex -19.73205080756888 17.828299487647264 1.8282994876472658
      vertex -20 18 1.3740666560550234
      vertex -20 17.638116494484866 1.0121831505398948
    endloop
  endfacet
  facet normal -0.8554498321316271 0.3662004810933265 0.36620048109333125
    outer loop
      vertex -19.73205080756888 18 1.9999999999999998
      vertex -20 18.374066656055028 1.0000000000000002
      vertex -20 18 1.3740666560550234
    endloop
  endfacet
  facet normal -0.8554498321316268 -0.3662004810933273 0.3662004810933311
    outer loop
      vertex -19.73205080756888 17.828299487647264 1.8282994876472658
      vertex -19.73205080756888 18 1.9999999999999998
      vertex -20 18 1.3740666560550234
    endloop
  endfacet
  facet normal -0.8485451453933739 -0.3741464527623741 0.37414645276237796
    outer loop
      vertex -19.73205080756888 17.828299487647264 1.8282994876472658
      vertex -19.670239973028156 17.87637833091856 2.01656216319868
      vertex -19.73205080756888 18 1.9999999999999998
    endloop
  endfacet
  facet normal -0.8485451453933811 0.37414645276236785 0.37414645276236796
    outer loop
      vertex -19.73205080756888 19 1.0000000000000002
      vertex -19.73205080756888 18 1.9999999999999998
      vertex -19.154700538379252 19.154700538379252 2.154700538379251
    endloop
  endfacet
  facet normal -0.8485451453933831 0.37414645276236647 -0.3741464527623651
    outer loop
      vertex -19.598623279100803 19.035751798501103 0.7331449430638475
      vertex -19.73205080756888 18.85210456062449 0.8521045606244894
      vertex -19.73205080756888 19 1.0000000000000002
    endloop
  endfacet
  facet normal -0.8554498321316272 0.3662004810933294 -0.3662004810933281
    outer loop
      vertex -19.886167454957814 18.639981193514725 1.0000000000000002
      vertex -19.73205080756888 19 1.0000000000000002
      vertex -19.73205080756888 18.85210456062449 0.8521045606244894
    endloop
  endfacet
  facet normal -0.855449832131352 0.3662004810932116 0.3662004810940888
    outer loop
      vertex -19.886167454957814 18.639981193514725 1.0000000000000002
      vertex -19.88408332514232 18.64284975211268 1.0019999999999998
      vertex -19.73205080756888 19 1.0000000000000002
    endloop
  endfacet
  facet normal -0.6845503194452985 0.6845503194452985 -0.2505628070857271
    outer loop
      vertex -19.598623279100803 19.035751798501103 0.7331449430638475
      vertex -19.73205080756888 19 1.0000000000000002
      vertex -19.339111000071302 19.392939807497577 1.0000000000000002
    endloop
  endfacet
  facet normal -0.6845503194453851 0.6845503194453851 0.25056280708525397
    outer loop
      vertex -19.73205080756888 19 1.0000000000000002
      vertex -19.34105596811507 19.39026278864624 1.0019999999999998
      vertex -19.339111000071302 19.392939807497577 1.0000000000000002
    endloop
  endfacet
  facet normal -0.6845503194452995 0.6845503194452995 -0.25056280708572237
    outer loop
      vertex -19.083928805423202 19.648122002145676 1.0000000000000002
      vertex -19 19.73205080756888 1.0000000000000002
      vertex -19.01656216319868 19.670239973028156 0.8763783309185547
    endloop
  endfacet
  facet normal -0.684550319445177 0.684550319445177 0.25056280708639134
    outer loop
      vertex -19.083928805423202 19.648122002145676 1.0000000000000002
      vertex -19.08283892138062 19.648479835380687 1.0019999999999998
      vertex -19 19.73205080756888 1.0000000000000002
    endloop
  endfacet
  facet normal -0.37414645276236413 0.8485451453933851 -0.3741464527623627
    outer loop
      vertex -19.01656216319868 19.670239973028156 0.8763783309185547
      vertex -19 19.73205080756888 1.0000000000000002
      vertex -18.828299487647264 19.73205080756888 0.8282994876472638
    endloop
  endfacet
  facet normal -0.684550319445299 0.6845503194452964 0.2505628070857323
    outer loop
      vertex -19.73205080756888 19 1.0000000000000002
      vertex -19.154700538379252 19.154700538379252 2.154700538379251
      vertex -19.34105596811507 19.39026278864624 1.0019999999999998
    endloop
  endfacet
  facet normal -0.6845503194452929 0.6845503194453023 0.2505628070857325
    outer loop
      vertex -19.34105596811507 19.39026278864624 1.0019999999999998
      vertex -19.154700538379252 19.154700538379252 2.154700538379251
      vertex -19.08283892138062 19.648479835380687 1.0019999999999998
    endloop
  endfacet
  facet normal -0.6845503194453071 0.6845503194452901 0.2505628070857264
    outer loop
      vertex -19.08283892138062 19.648479835380687 1.0019999999999998
      vertex -19.154700538379252 19.154700538379252 2.154700538379251
      vertex -19 19.73205080756888 1.0000000000000002
    endloop
  endfacet
  facet normal -0.36620048109333125 0.8554498321316255 -0.3662004810933298
    outer loop
      vertex -18.828299487647264 19.73205080756888 0.8282994876472638
      vertex -19 19.73205080756888 1.0000000000000002
      vertex -18.374066656055025 20 1
    endloop
  endfacet
  facet normal -0.36620048109333125 0.8554498321316256 -0.3662004810933298
    outer loop
      vertex -18.828299487647264 19.73205080756888 0.8282994876472638
      vertex -18.374066656055025 20 1
      vertex -18.012183150539894 20 0.6381164944848678
    endloop
  endfacet
  facet normal -0.3662004810933308 0.8554498321316253 0.3662004810933317
    outer loop
      vertex -19 19.73205080756888 1.0000000000000002
      vertex -18 20 1.3740666560550236
      vertex -18.374066656055025 20 1
    endloop
  endfacet
  facet normal -0.3662004810933306 0.8554498321316257 0.36620048109333064
    outer loop
      vertex -19 19.73205080756888 1.0000000000000002
      vertex -18 19.73205080756888 2
      vertex -18 20 1.3740666560550236
    endloop
  endfacet
  facet normal -0.3741464527623679 0.8485451453933811 0.37414645276236796
    outer loop
      vertex -19 19.73205080756888 1.0000000000000002
      vertex -19.154700538379252 19.154700538379252 2.154700538379251
      vertex -18 19.73205080756888 2
    endloop
  endfacet
  facet normal 0.366200481093327 0.8554498321316261 0.366200481093333
    outer loop
      vertex -17.828299487647264 19.73205080756888 1.8282994876472634
      vertex -17.638116494484866 20 1.0121831505398953
      vertex -18 20 1.3740666560550236
    endloop
  endfacet
  facet normal 0.3662004810933322 0.855449832131625 0.36620048109333025
    outer loop
      vertex -17.828299487647264 19.73205080756888 1.8282994876472634
      vertex -18 20 1.3740666560550236
      vertex -18 19.73205080756888 2
    endloop
  endfacet
  facet normal 0.3741464527623682 0.8485451453933819 0.3741464527623662
    outer loop
      vertex -17.828299487647264 19.73205080756888 1.8282994876472634
      vertex -18 19.73205080756888 2
      vertex -17.876378330918556 19.670239973028156 2.0165621631986803
    endloop
  endfacet
  facet normal -0.684550319445302 -0.250562807085743 0.6845503194452894
    outer loop
      vertex -19.73205080756888 18 1.9999999999999998
      vertex -19.670239973028156 17.87637833091856 2.01656216319868
      vertex -19.64812200214568 18 2.0839288054232
    endloop
  endfacet
  facet normal -0.6845503194450937 0.2505628070868816 0.684550319445081
    outer loop
      vertex -19.73205080756888 18 1.9999999999999998
      vertex -19.64812200214568 18 2.0839288054232
      vertex -19.648479835380687 18.001999999999995 2.0828389213806218
    endloop
  endfacet
  facet normal -0.6845503194452902 0.25056280708572676 0.6845503194453072
    outer loop
      vertex -19.73205080756888 18 1.9999999999999998
      vertex -19.648479835380687 18.001999999999995 2.0828389213806218
      vertex -19.154700538379252 19.154700538379252 2.154700538379251
    endloop
  endfacet
  facet normal -0.6845503194452995 0.25056280708573153 0.6845503194452961
    outer loop
      vertex -19.648479835380687 18.001999999999995 2.0828389213806218
      vertex -19.390262788646243 18.001999999999995 2.341055968115067
      vertex -19.154700538379252 19.154700538379252 2.154700538379251
    endloop
  endfacet
  facet normal -0.6845503194451894 0.25056280708631273 0.6845503194451933
    outer loop
      vertex -19.390262788646243 18.001999999999995 2.341055968115067
      vertex -19.392939807497577 18 2.339111000071303
      vertex -19 18 2.732050807568877
    endloop
  endfacet
  facet normal -0.6845503194452964 -0.2505628070857284 0.6845503194453003
    outer loop
      vertex -19.392939807497577 18 2.339111000071303
      vertex -19.035751798501103 17.73314494306385 2.598623279100802
      vertex -19 18 2.732050807568877
    endloop
  endfacet
  facet normal -0.6845503194452974 0.2505628070857314 0.6845503194452982
    outer loop
      vertex -19.390262788646243 18.001999999999995 2.341055968115067
      vertex -19 18 2.732050807568877
      vertex -19.154700538379252 19.154700538379252 2.154700538379251
    endloop
  endfacet
  facet normal -0.3741464527623657 -0.3741464527623657 0.8485451453933832
    outer loop
      vertex -19.035751798501103 17.73314494306385 2.598623279100802
      vertex -18.85210456062449 17.85210456062449 2.732050807568877
      vertex -19 18 2.732050807568877
    endloop
  endfacet
  facet normal -0.3662004810933319 -0.3662004810933319 0.8554498321316245
    outer loop
      vertex -19 18 2.732050807568877
      vertex -18.85210456062449 17.85210456062449 2.732050807568877
      vertex -18.63998119351473 18 2.8861674549578127
    endloop
  endfacet
  facet normal -0.3662004810933558 0.3662004810931777 0.8554498321316804
    outer loop
      vertex -19 18 2.732050807568877
      vertex -18.63998119351473 18 2.8861674549578127
      vertex -18.64284975211268 18.001999999999995 2.884083325142325
    endloop
  endfacet
  facet normal -0.374146452762368 0.3741464527623676 0.8485451453933813
    outer loop
      vertex -19 18 2.732050807568877
      vertex -18 19 2.7320508075688776
      vertex -19.154700538379252 19.154700538379252 2.154700538379251
    endloop
  endfacet
  facet normal -0.3662004810933334 0.3662004810933088 0.8554498321316337
    outer loop
      vertex -18.58989589501823 18.001999999999995 2.9067517823859417
      vertex -18.593148495775417 18 2.9062155697611076
      vertex -18.37406665605502 18 3
    endloop
  endfacet
  facet normal -0.36620048109333064 -0.3662004810933268 0.8554498321316272
    outer loop
      vertex -18.593148495775417 18 2.9062155697611076
      vertex -18.02426351493081 17.650196858875784 3
      vertex -18.37406665605502 18 3
    endloop
  endfacet
  facet normal -0.36620048109333264 0.36620048109333264 0.8554498321316238
    outer loop
      vertex -19 18 2.732050807568877
      vertex -18.64284975211268 18.001999999999995 2.884083325142325
      vertex -18.001999999999995 18.64284975211268 2.884083325142325
    endloop
  endfacet
  facet normal -0.3662004810933219 0.3662004810933219 0.8554498321316331
    outer loop
      vertex -18.64284975211268 18.001999999999995 2.884083325142325
      vertex -18.58989589501823 18.001999999999995 2.9067517823859417
      vertex -18.001999999999995 18.58989589501823 2.9067517823859417
    endloop
  endfacet
  facet normal -0.3662004810933219 0.3662004810933219 0.855449832131633
    outer loop
      vertex -18.64284975211268 18.001999999999995 2.884083325142325
      vertex -18.001999999999995 18.58989589501823 2.9067517823859417
      vertex -18.001999999999995 18.64284975211268 2.884083325142325
    endloop
  endfacet
  facet normal -0.3662004810933322 0.3662004810933318 0.8554498321316244
    outer loop
      vertex -19 18 2.732050807568877
      vertex -18.001999999999995 18.64284975211268 2.884083325142325
      vertex -18 19 2.7320508075688776
    endloop
  endfacet
  facet normal -0.3662004810933304 0.36620048109332703 0.8554498321316273
    outer loop
      vertex -18.58989589501823 18.001999999999995 2.9067517823859417
      vertex -18.37406665605502 18 3
      vertex -18 18.374066656055025 3
    endloop
  endfacet
  facet normal -0.36620048109333436 0.36620048109333436 0.8554498321316225
    outer loop
      vertex -18.58989589501823 18.001999999999995 2.9067517823859417
      vertex -18 18.374066656055025 3
      vertex -18.001999999999995 18.58989589501823 2.9067517823859417
    endloop
  endfacet
  facet normal 0.36620048109333314 0.36620048109333314 0.8554498321316233
    outer loop
      vertex -18 18.593148495775417 2.906215569761108
      vertex -18 18.374066656055025 3
      vertex -17.650196858875784 18.02426351493081 3
    endloop
  endfacet
  facet normal -0.36620048109347864 0.36620048109331066 0.8554498321315708
    outer loop
      vertex -18.001999999999995 18.58989589501823 2.9067517823859417
      vertex -18 18.374066656055025 3
      vertex -18 18.593148495775417 2.906215569761108
    endloop
  endfacet
  facet normal -0.2505628070857309 0.6845503194452988 0.6845503194452971
    outer loop
      vertex -19.154700538379252 19.154700538379252 2.154700538379251
      vertex -18 19 2.7320508075688776
      vertex -18.001999999999995 19.390262788646243 2.341055968115066
    endloop
  endfacet
  facet normal -0.2505628070857275 0.6845503194452911 0.684550319445306
    outer loop
      vertex -19.154700538379252 19.154700538379252 2.154700538379251
      vertex -18.001999999999995 19.648479835380687 2.082838921380622
      vertex -18 19.73205080756888 2
    endloop
  endfacet
  facet normal -0.2505628070857309 0.684550319445298 0.6845503194452979
    outer loop
      vertex -19.154700538379252 19.154700538379252 2.154700538379251
      vertex -18.001999999999995 19.390262788646243 2.341055968115066
      vertex -18.001999999999995 19.648479835380687 2.082838921380622
    endloop
  endfacet
  facet normal -0.2505628070858903 0.6845503194452691 0.6845503194452683
    outer loop
      vertex -18.001999999999995 19.390262788646243 2.341055968115066
      vertex -18 19 2.7320508075688776
      vertex -18 19.392939807497573 2.3391110000713042
    endloop
  endfacet
  facet normal 0.250562807085727 0.684550319445299 0.6845503194452982
    outer loop
      vertex -17.73314494306385 19.035751798501103 2.5986232791008024
      vertex -18 19.392939807497573 2.3391110000713042
      vertex -18 19 2.7320508075688776
    endloop
  endfacet
  facet normal -0.2505628070861757 0.6845503194452148 0.6845503194452183
    outer loop
      vertex -18 19.648122002145676 2.0839288054232017
      vertex -18 19.73205080756888 2
      vertex -18.001999999999995 19.648479835380687 2.082838921380622
    endloop
  endfacet
  facet normal 0.25056280708573025 0.6845503194452962 0.6845503194452999
    outer loop
      vertex -18 19.648122002145676 2.0839288054232017
      vertex -17.876378330918556 19.670239973028156 2.0165621631986803
      vertex -18 19.73205080756888 2
    endloop
  endfacet
  facet normal 0.3741464527623657 0.3741464527623657 0.8485451453933832
    outer loop
      vertex -17.73314494306385 19.035751798501103 2.5986232791008024
      vertex -18 19 2.7320508075688776
      vertex -17.85210456062449 18.85210456062449 2.7320508075688776
    endloop
  endfacet
  facet normal -0.3662004810930163 0.36620048109337894 0.8554498321317394
    outer loop
      vertex -18.001999999999995 18.64284975211268 2.884083325142325
      vertex -18 18.63998119351473 2.8861674549578122
      vertex -18 19 2.7320508075688776
    endloop
  endfacet
  facet normal 0.36620048109333037 0.3662004810933303 0.8554498321316257
    outer loop
      vertex -18 18.63998119351473 2.8861674549578122
      vertex -17.85210456062449 18.85210456062449 2.7320508075688776
      vertex -18 19 2.7320508075688776
    endloop
  endfacet
  facet normal -0.3741464527623657 -0.3741464527623657 -0.8485451453933831
    outer loop
      vertex 17.85210456062449 -18.85210456062449 -2.732050807568877
      vertex 18 -19 -2.732050807568877
      vertex 17.73314494306385 -19.035751798501103 -2.598623279100802
    endloop
  endfacet
  facet normal -0.36620048109333264 -0.36620048109333264 -0.8554498321316238
    outer loop
      vertex 17.85210456062449 -18.85210456062449 -2.732050807568877
      vertex 18 -18.63998119351473 -2.886167454957813
      vertex 18 -19 -2.732050807568877
    endloop
  endfacet
  facet normal 0.3662004810936675 -0.3662004810932809 -0.8554498321315028
    outer loop
      vertex 18 -19 -2.732050807568877
      vertex 18 -18.63998119351473 -2.886167454957813
      vertex 18.001999999999995 -18.64284975211268 -2.884083325142324
    endloop
  endfacet
  facet normal -0.2505628070857279 -0.6845503194452972 -0.6845503194452995
    outer loop
      vertex 18 -19 -2.732050807568877
      vertex 18 -19.392939807497577 -2.339111000071302
      vertex 17.73314494306385 -19.035751798501103 -2.598623279100802
    endloop
  endfacet
  facet normal 0.25056280708602574 -0.6845503194452429 -0.6845503194452451
    outer loop
      vertex 18 -19 -2.732050807568877
      vertex 18.001999999999995 -19.390262788646243 -2.341055968115067
      vertex 18 -19.392939807497577 -2.339111000071302
    endloop
  endfacet
  facet normal 0.2505628070857309 -0.6845503194452974 -0.6845503194452982
    outer loop
      vertex 18 -19 -2.732050807568877
      vertex 19.154700538379252 -19.154700538379252 -2.154700538379252
      vertex 18.001999999999995 -19.390262788646243 -2.341055968115067
    endloop
  endfacet
  facet normal -0.3741464527623681 -0.8485451453933817 -0.37414645276236663
    outer loop
      vertex 18 -19.73205080756888 -1.9999999999999996
      vertex 17.828299487647264 -19.73205080756888 -1.8282994876472631
      vertex 17.876378330918556 -19.670239973028156 -2.01656216319868
    endloop
  endfacet
  facet normal -0.2505628070857281 -0.684550319445293 -0.6845503194453039
    outer loop
      vertex 18 -19.648122002145676 -2.0839288054232004
      vertex 18 -19.73205080756888 -1.9999999999999996
      vertex 17.876378330918556 -19.670239973028156 -2.01656216319868
    endloop
  endfacet
  facet normal 0.2505628070847535 -0.6845503194454713 -0.6845503194454821
    outer loop
      vertex 18.001999999999995 -19.64847983538069 -2.0828389213806218
      vertex 18 -19.73205080756888 -1.9999999999999996
      vertex 18 -19.648122002145676 -2.0839288054232004
    endloop
  endfacet
  facet normal 0.2505628070857308 -0.6845503194452949 -0.684550319445301
    outer loop
      vertex 18.001999999999995 -19.390262788646243 -2.341055968115067
      vertex 19.154700538379252 -19.154700538379252 -2.154700538379252
      vertex 18.001999999999995 -19.64847983538069 -2.0828389213806218
    endloop
  endfacet
  facet normal 0.2505628070857354 -0.6845503194453041 -0.6845503194452899
    outer loop
      vertex 18.001999999999995 -19.64847983538069 -2.0828389213806218
      vertex 19.154700538379252 -19.154700538379252 -2.154700538379252
      vertex 18 -19.73205080756888 -1.9999999999999996
    endloop
  endfacet
  facet normal 0.3662004810934765 -0.3662004810933095 -0.8554498321315721
    outer loop
      vertex 18.001999999999995 -18.58989589501823 -2.906751782385942
      vertex 18 -18.593148495775417 -2.9062155697611085
      vertex 18 -18.374066656055025 -3
    endloop
  endfacet
  facet normal -0.3662004810933287 -0.3662004810933324 -0.8554498321316256
    outer loop
      vertex 18 -18.593148495775417 -2.9062155697611085
      vertex 17.650196858875784 -18.024263514930812 -3
      vertex 18 -18.374066656055025 -3
    endloop
  endfacet
  facet normal 0.36620048109333003 -0.36620048109333125 -0.8554498321316255
    outer loop
      vertex 18 -19 -2.732050807568877
      vertex 18.001999999999995 -18.64284975211268 -2.884083325142324
      vertex 18.64284975211268 -18.001999999999995 -2.884083325142325
    endloop
  endfacet
  facet normal 0.3662004810933336 -0.3662004810933329 -0.8554498321316233
    outer loop
      vertex 18.001999999999995 -18.58989589501823 -2.906751782385942
      vertex 18 -18.374066656055025 -3
      vertex 18.58989589501823 -18.001999999999995 -2.9067517823859417
    endloop
  endfacet
  facet normal 0.3662004810933382 -0.3662004810933376 -0.8554498321316195
    outer loop
      vertex 18.001999999999995 -18.64284975211268 -2.884083325142324
      vertex 18.001999999999995 -18.58989589501823 -2.906751782385942
      vertex 18.58989589501823 -18.001999999999995 -2.9067517823859417
    endloop
  endfacet
  facet normal 0.3662004810933343 -0.3662004810933343 -0.8554498321316224
    outer loop
      vertex 18.58989589501823 -18.001999999999995 -2.9067517823859417
      vertex 18 -18.374066656055025 -3
      vertex 18.374066656055025 -18 -3
    endloop
  endfacet
  facet normal 0.3662004810933218 -0.366200481093323 -0.8554498321316327
    outer loop
      vertex 18.001999999999995 -18.64284975211268 -2.884083325142324
      vertex 18.58989589501823 -18.001999999999995 -2.9067517823859417
      vertex 18.64284975211268 -18.001999999999995 -2.884083325142325
    endloop
  endfacet
  facet normal 0.3662004810933318 -0.3662004810933322 -0.8554498321316244
    outer loop
      vertex 18 -19 -2.732050807568877
      vertex 18.64284975211268 -18.001999999999995 -2.884083325142325
      vertex 19 -18 -2.7320508075688776
    endloop
  endfacet
  facet normal 0.37414645276236713 -0.3741464527623675 -0.8485451453933817
    outer loop
      vertex 18 -19 -2.732050807568877
      vertex 19 -18 -2.7320508075688776
      vertex 19.154700538379252 -19.154700538379252 -2.154700538379252
    endloop
  endfacet
  facet normal 0.3662004810933327 0.3662004810933364 -0.8554498321316222
    outer loop
      vertex 18.593148495775417 -18 -2.906215569761108
      vertex 18.374066656055025 -18 -3
      vertex 18.02426351493081 -17.650196858875788 -3
    endloop
  endfacet
  facet normal 0.36620048109331066 -0.3662004810934787 -0.8554498321315707
    outer loop
      vertex 18.58989589501823 -18.001999999999995 -2.9067517823859417
      vertex 18.374066656055025 -18 -3
      vertex 18.593148495775417 -18 -2.906215569761108
    endloop
  endfacet
  facet normal 0.6845503194452962 -0.2505628070857318 -0.6845503194452992
    outer loop
      vertex 19.154700538379252 -19.154700538379252 -2.154700538379252
      vertex 19 -18 -2.7320508075688776
      vertex 19.390262788646247 -18.001999999999995 -2.3410559681150653
    endloop
  endfacet
  facet normal 0.36620048109337905 -0.36620048109301623 -0.8554498321317394
    outer loop
      vertex 18.63998119351473 -18 -2.8861674549578122
      vertex 19 -18 -2.7320508075688776
      vertex 18.64284975211268 -18.001999999999995 -2.884083325142325
    endloop
  endfacet
  facet normal 0.3662004810933303 0.36620048109333037 -0.8554498321316257
    outer loop
      vertex 18.63998119351473 -18 -2.8861674549578122
      vertex 18.85210456062449 -17.85210456062449 -2.7320508075688776
      vertex 19 -18 -2.7320508075688776
    endloop
  endfacet
  facet normal 0.3741464527623666 0.3741464527623666 -0.8485451453933823
    outer loop
      vertex 18.85210456062449 -17.85210456062449 -2.7320508075688776
      vertex 19.035751798501103 -17.73314494306385 -2.598623279100802
      vertex 19 -18 -2.7320508075688776
    endloop
  endfacet
  facet normal 0.6845503194452979 0.25056280708572853 -0.6845503194452986
    outer loop
      vertex 19 -18 -2.7320508075688776
      vertex 19.035751798501103 -17.73314494306385 -2.598623279100802
      vertex 19.392939807497577 -18 -2.3391110000713016
    endloop
  endfacet
  facet normal 0.6845503194453713 -0.25056280708532797 -0.6845503194453719
    outer loop
      vertex 19 -18 -2.7320508075688776
      vertex 19.392939807497577 -18 -2.3391110000713016
      vertex 19.390262788646247 -18.001999999999995 -2.3410559681150653
    endloop
  endfacet
  facet normal 0.6845503194453001 -0.250562807085732 -0.6845503194452954
    outer loop
      vertex 19.154700538379252 -19.154700538379252 -2.154700538379252
      vertex 19.390262788646247 -18.001999999999995 -2.3410559681150653
      vertex 19.648479835380687 -18.001999999999995 -2.082838921380623
    endloop
  endfacet
  facet normal 0.6845503194452929 -0.2505628070857283 -0.6845503194453039
    outer loop
      vertex 19.154700538379252 -19.154700538379252 -2.154700538379252
      vertex 19.648479835380687 -18.001999999999995 -2.082838921380623
      vertex 19.73205080756888 -18 -2.0000000000000004
    endloop
  endfacet
  facet normal 0.6845503194452889 -0.2505628070857508 -0.6845503194452998
    outer loop
      vertex 19.648122002145676 -18 -2.0839288054232012
      vertex 19.73205080756888 -18 -2.0000000000000004
      vertex 19.648479835380687 -18.001999999999995 -2.082838921380623
    endloop
  endfacet
  facet normal 0.6845503194452913 0.25056280708573714 -0.6845503194453022
    outer loop
      vertex 19.648122002145676 -18 -2.0839288054232012
      vertex 19.670239973028156 -17.87637833091856 -2.0165621631986803
      vertex 19.73205080756888 -18 -2.0000000000000004
    endloop
  endfacet
  facet normal 0.848545145393374 0.37414645276237485 -0.37414645276237724
    outer loop
      vertex 19.670239973028156 -17.87637833091856 -2.0165621631986803
      vertex 19.73205080756888 -17.828299487647264 -1.8282994876472658
      vertex 19.73205080756888 -18 -2.0000000000000004
    endloop
  endfacet
  facet normal -0.366200481093332 -0.8554498321316252 -0.36620048109333053
    outer loop
      vertex 18 -19.73205080756888 -1.9999999999999996
      vertex 18 -20 -1.3740666560550234
      vertex 17.828299487647264 -19.73205080756888 -1.8282994876472631
    endloop
  endfacet
  facet normal 0.36620048109332987 -0.855449832131626 -0.36620048109333087
    outer loop
      vertex 18 -19.73205080756888 -1.9999999999999996
      vertex 18.374066656055025 -20 -1
      vertex 18 -20 -1.3740666560550234
    endloop
  endfacet
  facet normal -0.36620048109332676 -0.8554498321316261 -0.3662004810933331
    outer loop
      vertex 17.828299487647264 -19.73205080756888 -1.8282994876472631
      vertex 18 -20 -1.3740666560550234
      vertex 17.638116494484866 -20 -1.0121831505398953
    endloop
  endfacet
  facet normal 0.37414645276236763 -0.8485451453933813 -0.37414645276236774
    outer loop
      vertex 18 -19.73205080756888 -1.9999999999999996
      vertex 19.154700538379252 -19.154700538379252 -2.154700538379252
      vertex 19 -19.73205080756888 -0.9999999999999999
    endloop
  endfacet
  facet normal 0.36620048109333103 -0.8554498321316253 -0.3662004810933312
    outer loop
      vertex 18 -19.73205080756888 -1.9999999999999996
      vertex 19 -19.73205080756888 -0.9999999999999999
      vertex 18.374066656055025 -20 -1
    endloop
  endfacet
  facet normal 0.3662004810933329 -0.8554498321316265 0.36620048109332604
    outer loop
      vertex 18.828299487647264 -19.73205080756888 -0.8282994876472635
      vertex 18.0121831505399 -20 -0.6381164944848695
      vertex 18.374066656055025 -20 -1
    endloop
  endfacet
  facet normal 0.36620048109333114 -0.8554498321316258 0.3662004810933297
    outer loop
      vertex 19 -19.73205080756888 -0.9999999999999999
      vertex 18.828299487647264 -19.73205080756888 -0.8282994876472635
      vertex 18.374066656055025 -20 -1
    endloop
  endfacet
  facet normal 0.6845503194453082 -0.6845503194452895 -0.2505628070857258
    outer loop
      vertex 19.154700538379252 -19.154700538379252 -2.154700538379252
      vertex 19.08283892138062 -19.648479835380687 -1.0019999999999991
      vertex 19 -19.73205080756888 -0.9999999999999999
    endloop
  endfacet
  facet normal 0.6845503194452927 -0.6845503194453028 -0.25056280708573236
    outer loop
      vertex 19.154700538379252 -19.154700538379252 -2.154700538379252
      vertex 19.34105596811507 -19.39026278864624 -1.0019999999999998
      vertex 19.08283892138062 -19.648479835380687 -1.0019999999999991
    endloop
  endfacet
  facet normal 0.684550319445299 -0.6845503194452962 -0.2505628070857321
    outer loop
      vertex 19.154700538379252 -19.154700538379252 -2.154700538379252
      vertex 19.73205080756888 -19 -0.9999999999999999
      vertex 19.34105596811507 -19.39026278864624 -1.0019999999999998
    endloop
  endfacet
  facet normal 0.37414645276236436 -0.8485451453933849 0.3741464527623629
    outer loop
      vertex 19 -19.73205080756888 -0.9999999999999999
      vertex 19.01656216319868 -19.670239973028156 -0.8763783309185544
      vertex 18.828299487647264 -19.73205080756888 -0.8282994876472635
    endloop
  endfacet
  facet normal 0.6845503194451701 -0.6845503194451701 -0.25056280708642964
    outer loop
      vertex 19 -19.73205080756888 -0.9999999999999999
      vertex 19.08283892138062 -19.648479835380687 -1.0019999999999991
      vertex 19.083928805423202 -19.648122002145676 -0.9999999999999999
    endloop
  endfacet
  facet normal 0.6845503194452994 -0.6845503194452994 0.2505628070857225
    outer loop
      vertex 19 -19.73205080756888 -0.9999999999999999
      vertex 19.083928805423202 -19.648122002145676 -0.9999999999999999
      vertex 19.01656216319868 -19.670239973028156 -0.8763783309185544
    endloop
  endfacet
  facet normal 0.6845503194453928 -0.6845503194453927 -0.2505628070852126
    outer loop
      vertex 19.34105596811507 -19.39026278864624 -1.0019999999999998
      vertex 19.73205080756888 -19 -0.9999999999999999
      vertex 19.339111000071302 -19.392939807497577 -0.9999999999999999
    endloop
  endfacet
  facet normal 0.6845503194452985 -0.6845503194452985 0.2505628070857274
    outer loop
      vertex 19.339111000071302 -19.392939807497577 -0.9999999999999999
      vertex 19.73205080756888 -19 -0.9999999999999999
      vertex 19.598623279100803 -19.035751798501103 -0.7331449430638475
    endloop
  endfacet
  facet normal 0.8554498321315737 -0.3662004810933065 -0.36620048109347586
    outer loop
      vertex 19.73205080756888 -19 -0.9999999999999999
      vertex 19.88408332514232 -18.642849752112685 -1.0019999999999998
      vertex 19.886167454957814 -18.639981193514725 -0.9999999999999999
    endloop
  endfacet
  facet normal 0.8485451453933831 -0.3741464527623657 0.3741464527623657
    outer loop
      vertex 19.73205080756888 -19 -0.9999999999999999
      vertex 19.73205080756888 -18.85210456062449 -0.8521045606244896
      vertex 19.598623279100803 -19.035751798501103 -0.7331449430638475
    endloop
  endfacet
  facet normal 0.8554498321316267 -0.3662004810933292 0.3662004810933292
    outer loop
      vertex 19.73205080756888 -19 -0.9999999999999999
      vertex 19.886167454957814 -18.639981193514725 -0.9999999999999999
      vertex 19.73205080756888 -18.85210456062449 -0.8521045606244896
    endloop
  endfacet
  facet normal 0.8485451453933812 -0.3741464527623679 -0.3741464527623677
    outer loop
      vertex 19.154700538379252 -19.154700538379252 -2.154700538379252
      vertex 19.73205080756888 -18 -2.0000000000000004
      vertex 19.73205080756888 -19 -0.9999999999999999
    endloop
  endfacet
  facet normal 0.8554498321316258 -0.36620048109333025 -0.36620048109333053
    outer loop
      vertex 19.73205080756888 -18 -2.0000000000000004
      vertex 20 -18 -1.3740666560550239
      vertex 19.906751782385943 -18.589895895018227 -1.0019999999999998
    endloop
  endfacet
  facet normal 0.8554498321316275 -0.36620048109332853 -0.36620048109332837
    outer loop
      vertex 19.73205080756888 -18 -2.0000000000000004
      vertex 19.88408332514232 -18.642849752112685 -1.0019999999999998
      vertex 19.73205080756888 -19 -0.9999999999999999
    endloop
  endfacet
  facet normal 0.855449832131613 -0.36620048109335046 -0.36620048109334025
    outer loop
      vertex 19.73205080756888 -18 -2.0000000000000004
      vertex 19.906751782385943 -18.589895895018227 -1.0019999999999998
      vertex 19.88408332514232 -18.642849752112685 -1.0019999999999998
    endloop
  endfacet
  facet normal 0.8554498321316206 -0.3662004810933343 -0.3662004810933384
    outer loop
      vertex 19.906751782385943 -18.589895895018227 -1.0019999999999998
      vertex 20 -18 -1.3740666560550239
      vertex 20 -18.374066656055028 -0.9999999999999999
    endloop
  endfacet
  facet normal 0.8554498321316264 0.3662004810933284 -0.36620048109333075
    outer loop
      vertex 19.73205080756888 -18 -2.0000000000000004
      vertex 19.73205080756888 -17.828299487647264 -1.8282994876472658
      vertex 20 -18 -1.3740666560550239
    endloop
  endfacet
  facet normal 0.855449832131627 0.36620048109332615 -0.366200481093332
    outer loop
      vertex 19.73205080756888 -17.828299487647264 -1.8282994876472658
      vertex 20 -17.638116494484866 -1.0121831505398953
      vertex 20 -18 -1.3740666560550239
    endloop
  endfacet
  facet normal 0.8554498321314271 -0.3662004810932457 -0.3662004810938792
    outer loop
      vertex 19.906751782385943 -18.589895895018227 -1.0019999999999998
      vertex 20 -18.374066656055028 -0.9999999999999999
      vertex 19.90621556976111 -18.59314849577542 -0.9999999999999999
    endloop
  endfacet
  facet normal 0.8554498321316252 -0.3662004810933305 0.3662004810933319
    outer loop
      vertex 19.90621556976111 -18.59314849577542 -0.9999999999999999
      vertex 20 -18.374066656055028 -0.9999999999999999
      vertex 20 -18.024263514930823 -0.6501968588757959
    endloop
  endfacet
  facet normal -0.3662004810933329 -0.8554498321316253 0.3662004810933291
    outer loop
      vertex 18 -19.90621556976111 1.5931484957754176
      vertex 17.650196858875784 -20 1.024263514930805
      vertex 18 -20 1.3740666560550248
    endloop
  endfacet
  facet normal 0.36620048109333125 -0.8554498321316256 -0.3662004810933299
    outer loop
      vertex 18.828299487647264 -19.73205080756888 0.8282994876472639
      vertex 18.374066656055025 -20 1
      vertex 18.012183150539894 -20 0.6381164944848678
    endloop
  endfacet
  facet normal 0.36620048109333125 -0.8554498321316255 -0.36620048109333003
    outer loop
      vertex 18.828299487647264 -19.73205080756888 0.8282994876472639
      vertex 19 -19.73205080756888 1.0000000000000002
      vertex 18.374066656055025 -20 1
    endloop
  endfacet
  facet normal 0.3662004810933312 -0.8554498321316247 0.36620048109333186
    outer loop
      vertex 18.001999999999995 -19.906751782385943 1.5898958950182307
      vertex 18 -20 1.3740666560550248
      vertex 19 -19.73205080756888 1.0000000000000002
    endloop
  endfacet
  facet normal 0.3662004810933309 -0.8554498321316255 0.3662004810933307
    outer loop
      vertex 19 -19.73205080756888 1.0000000000000002
      vertex 18 -20 1.3740666560550248
      vertex 18.374066656055025 -20 1
    endloop
  endfacet
  facet normal 0.36620048109361325 -0.8554498321315238 0.3662004810932856
    outer loop
      vertex 18.001999999999995 -19.906751782385943 1.5898958950182307
      vertex 18 -19.90621556976111 1.5931484957754176
      vertex 18 -20 1.3740666560550248
    endloop
  endfacet
  facet normal -0.36620048109332753 -0.8554498321316263 0.366200481093332
    outer loop
      vertex 18 -19.88616745495781 1.6399811935147357
      vertex 18 -19.73205080756888 1.9999999999999998
      vertex 17.85210456062449 -19.73205080756888 1.8521045606244912
    endloop
  endfacet
  facet normal 0.3662004810933895 -0.8554498321316039 0.3662004810933223
    outer loop
      vertex 18 -19.88616745495781 1.6399811935147357
      vertex 18.001999999999995 -19.884083325142324 1.6428497521126844
      vertex 18 -19.73205080756888 1.9999999999999998
    endloop
  endfacet
  facet normal -0.37414645276236336 -0.8485451453933832 0.3741464527623678
    outer loop
      vertex 17.85210456062449 -19.73205080756888 1.8521045606244912
      vertex 18 -19.73205080756888 1.9999999999999998
      vertex 17.733144943063852 -19.598623279100806 2.0357517985011007
    endloop
  endfacet
  facet normal 0.36620048109333 -0.8554498321316264 0.3662004810933293
    outer loop
      vertex 18.001999999999995 -19.906751782385943 1.5898958950182307
      vertex 19 -19.73205080756888 1.0000000000000002
      vertex 18.001999999999995 -19.884083325142324 1.6428497521126844
    endloop
  endfacet
  facet normal 0.3662004810933309 -0.8554498321316252 0.3662004810933311
    outer loop
      vertex 18.001999999999995 -19.884083325142324 1.6428497521126844
      vertex 19 -19.73205080756888 1.0000000000000002
      vertex 18 -19.73205080756888 1.9999999999999998
    endloop
  endfacet
  facet normal 0.37414645276236785 -0.8485451453933811 0.37414645276236796
    outer loop
      vertex 19 -19.73205080756888 1.0000000000000002
      vertex 19.154700538379252 -19.154700538379252 2.154700538379251
      vertex 18 -19.73205080756888 1.9999999999999998
    endloop
  endfacet
  facet normal 0.37414645276236397 -0.8485451453933852 -0.37414645276236275
    outer loop
      vertex 18.828299487647264 -19.73205080756888 0.8282994876472639
      vertex 19.01656216319868 -19.670239973028156 0.8763783309185547
      vertex 19 -19.73205080756888 1.0000000000000002
    endloop
  endfacet
  facet normal 0.6845503194452995 -0.6845503194452995 -0.25056280708572237
    outer loop
      vertex 19 -19.73205080756888 1.0000000000000002
      vertex 19.01656216319868 -19.670239973028156 0.8763783309185547
      vertex 19.083928805423202 -19.648122002145676 1.0000000000000002
    endloop
  endfacet
  facet normal 0.6845503194451772 -0.6845503194451772 0.25056280708639017
    outer loop
      vertex 19 -19.73205080756888 1.0000000000000002
      vertex 19.083928805423202 -19.648122002145676 1.0000000000000002
      vertex 19.08283892138062 -19.648479835380687 1.0019999999999998
    endloop
  endfacet
  facet normal 0.6845503194453856 -0.6845503194453856 0.25056280708525175
    outer loop
      vertex 19.339111000071302 -19.392939807497577 1.0000000000000002
      vertex 19.73205080756888 -19 1.0000000000000002
      vertex 19.34105596811507 -19.39026278864624 1.0019999999999998
    endloop
  endfacet
  facet normal 0.6845503194452985 -0.6845503194452985 -0.2505628070857271
    outer loop
      vertex 19.598623279100803 -19.035751798501103 0.7331449430638475
      vertex 19.73205080756888 -19 1.0000000000000002
      vertex 19.339111000071302 -19.392939807497577 1.0000000000000002
    endloop
  endfacet
  facet normal 0.8485451453933834 -0.3741464527623654 -0.37414645276236547
    outer loop
      vertex 19.598623279100803 -19.035751798501103 0.7331449430638475
      vertex 19.73205080756888 -18.85210456062449 0.8521045606244899
      vertex 19.73205080756888 -19 1.0000000000000002
    endloop
  endfacet
  facet normal 0.8554498321316267 -0.3662004810933292 -0.3662004810933292
    outer loop
      vertex 19.73205080756888 -18.85210456062449 0.8521045606244899
      vertex 19.886167454957814 -18.639981193514725 1.0000000000000002
      vertex 19.73205080756888 -19 1.0000000000000002
    endloop
  endfacet
  facet normal 0.8554498321313513 -0.36620048109321135 0.3662004810940909
    outer loop
      vertex 19.73205080756888 -19 1.0000000000000002
      vertex 19.886167454957814 -18.639981193514725 1.0000000000000002
      vertex 19.88408332514232 -18.64284975211268 1.0019999999999998
    endloop
  endfacet
  facet normal 0.6845503194453071 -0.6845503194452901 0.2505628070857264
    outer loop
      vertex 19 -19.73205080756888 1.0000000000000002
      vertex 19.08283892138062 -19.648479835380687 1.0019999999999998
      vertex 19.154700538379252 -19.154700538379252 2.154700538379251
    endloop
  endfacet
  facet normal 0.6845503194452929 -0.6845503194453023 0.2505628070857325
    outer loop
      vertex 19.08283892138062 -19.648479835380687 1.0019999999999998
      vertex 19.34105596811507 -19.39026278864624 1.0019999999999998
      vertex 19.154700538379252 -19.154700538379252 2.154700538379251
    endloop
  endfacet
  facet normal 0.684550319445299 -0.6845503194452964 0.2505628070857323
    outer loop
      vertex 19.34105596811507 -19.39026278864624 1.0019999999999998
      vertex 19.73205080756888 -19 1.0000000000000002
      vertex 19.154700538379252 -19.154700538379252 2.154700538379251
    endloop
  endfacet
  facet normal 0.855449832131408 -0.36620048109323755 0.366200481093932
    outer loop
      vertex 19.90621556976111 -18.59314849577542 1.0000000000000002
      vertex 20 -18.374066656055028 1.0000000000000002
      vertex 19.906751782385943 -18.589895895018227 1.0019999999999998
    endloop
  endfacet
  facet normal 0.8554498321316244 -0.36620048109333014 -0.36620048109333386
    outer loop
      vertex 19.90621556976111 -18.59314849577542 1.0000000000000002
      vertex 20 -18.024263514930816 0.6501968588757914
      vertex 20 -18.374066656055028 1.0000000000000002
    endloop
  endfacet
  facet normal 0.8554498321316298 -0.36620048109332565 0.3662004810933257
    outer loop
      vertex 19.73205080756888 -19 1.0000000000000002
      vertex 19.88408332514232 -18.64284975211268 1.0019999999999998
      vertex 19.73205080756888 -18 2
    endloop
  endfacet
  facet normal 0.8554498321315945 -0.3662004810933669 0.3662004810933668
    outer loop
      vertex 19.88408332514232 -18.64284975211268 1.0019999999999998
      vertex 19.906751782385943 -18.589895895018227 1.0019999999999998
      vertex 19.906751782385943 -18.001999999999995 1.5898958950182316
    endloop
  endfacet
  facet normal 0.8554498321316216 -0.3662004810933353 0.3662004810933352
    outer loop
      vertex 19.906751782385943 -18.589895895018227 1.0019999999999998
      vertex 20 -18.374066656055028 1.0000000000000002
      vertex 19.906751782385943 -18.001999999999995 1.5898958950182316
    endloop
  endfacet
  facet normal 0.8554498321316272 -0.3662004810933267 0.3662004810933307
    outer loop
      vertex 19.906751782385943 -18.001999999999995 1.5898958950182316
      vertex 20 -18.374066656055028 1.0000000000000002
      vertex 20 -18 1.3740666560550243
    endloop
  endfacet
  facet normal 0.8554498321316273 0.3662004810933264 0.36620048109333064
    outer loop
      vertex 19.90621556976111 -18 1.5931484957754167
      vertex 20 -18 1.3740666560550243
      vertex 20 -17.65019685887579 1.0242635149308195
    endloop
  endfacet
  facet normal 0.8554498321316186 -0.36620048109334047 0.36620048109333697
    outer loop
      vertex 19.88408332514232 -18.64284975211268 1.0019999999999998
      vertex 19.906751782385943 -18.001999999999995 1.5898958950182316
      vertex 19.884083325142324 -18.001999999999995 1.6428497521126837
    endloop
  endfacet
  facet normal 0.8554498321316247 -0.3662004810933335 0.36620048109333
    outer loop
      vertex 19.88408332514232 -18.64284975211268 1.0019999999999998
      vertex 19.884083325142324 -18.001999999999995 1.6428497521126837
      vertex 19.73205080756888 -18 2
    endloop
  endfacet
  facet normal 0.8485451453933811 -0.3741464527623679 0.37414645276236796
    outer loop
      vertex 19.73205080756888 -19 1.0000000000000002
      vertex 19.73205080756888 -18 2
      vertex 19.154700538379252 -19.154700538379252 2.154700538379251
    endloop
  endfacet
  facet normal 0.8554498321316252 -0.36620048109333253 0.3662004810933297
    outer loop
      vertex 19.906751782385943 -18.001999999999995 1.5898958950182316
      vertex 20 -18 1.3740666560550243
      vertex 19.90621556976111 -18 1.5931484957754167
    endloop
  endfacet
  facet normal 0.8554498321317944 -0.3662004810928673 0.3662004810933996
    outer loop
      vertex 19.884083325142324 -18.001999999999995 1.6428497521126837
      vertex 19.88616745495781 -18 1.6399811935147317
      vertex 19.73205080756888 -18 2
    endloop
  endfacet
  facet normal 0.8554498321316282 0.3662004810933268 0.3662004810933284
    outer loop
      vertex 19.88616745495781 -18 1.6399811935147317
      vertex 19.73205080756888 -17.85210456062449 1.8521045606244904
      vertex 19.73205080756888 -18 2
    endloop
  endfacet
  facet normal 0.8485451453933778 0.37414645276237096 0.3741464527623727
    outer loop
      vertex 19.73205080756888 -17.85210456062449 1.8521045606244904
      vertex 19.598623279100803 -17.733144943063852 2.035751798501101
      vertex 19.73205080756888 -18 2
    endloop
  endfacet
  facet normal -0.25056280708572737 -0.684550319445298 0.6845503194452992
    outer loop
      vertex 17.733144943063852 -19.598623279100806 2.0357517985011007
      vertex 18 -19.73205080756888 1.9999999999999998
      vertex 18 -19.33911100007131 2.3929398074975685
    endloop
  endfacet
  facet normal 0.25056280708617346 -0.6845503194452164 0.6845503194452175
    outer loop
      vertex 18 -19.73205080756888 1.9999999999999998
      vertex 18.001999999999995 -19.34105596811507 2.3902627886462375
      vertex 18 -19.33911100007131 2.3929398074975685
    endloop
  endfacet
  facet normal 0.25056280708573075 -0.6845503194452962 0.6845503194452998
    outer loop
      vertex 18 -19.73205080756888 1.9999999999999998
      vertex 19.154700538379252 -19.154700538379252 2.154700538379251
      vertex 18.001999999999995 -19.34105596811507 2.3902627886462375
    endloop
  endfacet
  facet normal 0.25056280708573064 -0.6845503194452984 0.6845503194452973
    outer loop
      vertex 18.001999999999995 -19.34105596811507 2.3902627886462375
      vertex 19.154700538379252 -19.154700538379252 2.154700538379251
      vertex 18.001999999999995 -19.082838921380617 2.6484798353806926
    endloop
  endfacet
  facet normal 0.25056280708573 -0.6845503194453001 0.684550319445296
    outer loop
      vertex 18.001999999999995 -19.082838921380617 2.6484798353806926
      vertex 19.154700538379252 -19.154700538379252 2.154700538379251
      vertex 18 -19 2.732050807568877
    endloop
  endfacet
  facet normal -0.25056280708573775 -0.6845503194452967 0.6845503194452967
    outer loop
      vertex 18 -19.083928805423195 2.648122002145682
      vertex 18 -19 2.732050807568877
      vertex 17.876378330918566 -19.016562163198678 2.67023997302816
    endloop
  endfacet
  facet normal -0.3741464527623712 -0.3741464527623712 0.8485451453933783
    outer loop
      vertex 17.876378330918566 -19.016562163198678 2.67023997302816
      vertex 18 -19 2.732050807568877
      vertex 17.828299487647275 -18.828299487647275 2.732050807568877
    endloop
  endfacet
  facet normal 0.2505628070858895 -0.6845503194452689 0.6845503194452689
    outer loop
      vertex 18.001999999999995 -19.082838921380617 2.6484798353806926
      vertex 18 -19 2.732050807568877
      vertex 18 -19.083928805423195 2.648122002145682
    endloop
  endfacet
  facet normal 0.3741464527623676 -0.374146452762368 0.8485451453933813
    outer loop
      vertex 18 -19 2.732050807568877
      vertex 19.154700538379252 -19.154700538379252 2.154700538379251
      vertex 19 -18 2.7320508075688776
    endloop
  endfacet
  facet normal -0.3662004810933323 -0.3662004810933323 0.8554498321316241
    outer loop
      vertex 17.828299487647275 -18.828299487647275 2.732050807568877
      vertex 18 -19 2.732050807568877
      vertex 18 -18.374066656055025 3
    endloop
  endfacet
  facet normal -0.3662004810933347 -0.36620048109333103 0.8554498321316235
    outer loop
      vertex 17.828299487647275 -18.828299487647275 2.732050807568877
      vertex 18 -18.374066656055025 3
      vertex 17.63811649448487 -18.01218315053989 3
    endloop
  endfacet
  facet normal 0.36620048109333203 -0.3662004810933324 0.8554498321316244
    outer loop
      vertex 18 -19 2.732050807568877
      vertex 19 -18 2.7320508075688776
      vertex 18 -18.374066656055025 3
    endloop
  endfacet
  facet normal 0.36620048109333064 0.36620048109333425 0.8554498321316241
    outer loop
      vertex 18.828299487647275 -17.828299487647275 2.7320508075688776
      vertex 18.012183150539887 -17.638116494484866 3
      vertex 18.374066656055025 -18 3
    endloop
  endfacet
  facet normal 0.36620048109333186 -0.36620048109333186 0.8554498321316245
    outer loop
      vertex 19 -18 2.7320508075688776
      vertex 18.374066656055025 -18 3
      vertex 18 -18.374066656055025 3
    endloop
  endfacet
  facet normal 0.36620048109333186 0.36620048109333186 0.8554498321316244
    outer loop
      vertex 18.828299487647275 -17.828299487647275 2.7320508075688776
      vertex 18.374066656055025 -18 3
      vertex 19 -18 2.7320508075688776
    endloop
  endfacet
  facet normal 0.684550319445298 -0.25056280708573064 0.6845503194452979
    outer loop
      vertex 19.154700538379252 -19.154700538379252 2.154700538379251
      vertex 19.34105596811507 -18.001999999999995 2.3902627886462375
      vertex 19.082838921380617 -18.001999999999995 2.648479835380692
    endloop
  endfacet
  facet normal 0.6845503194453043 -0.250562807085728 0.6845503194452927
    outer loop
      vertex 19.154700538379252 -19.154700538379252 2.154700538379251
      vertex 19.082838921380617 -18.001999999999995 2.648479835380692
      vertex 19 -18 2.7320508075688776
    endloop
  endfacet
  facet normal 0.6845503194452959 -0.2505628070857307 0.6845503194452999
    outer loop
      vertex 19.154700538379252 -19.154700538379252 2.154700538379251
      vertex 19.73205080756888 -18 2
      vertex 19.34105596811507 -18.001999999999995 2.3902627886462375
    endloop
  endfacet
  facet normal 0.6845503194452967 0.2505628070857354 0.6845503194452974
    outer loop
      vertex 19.33911100007131 -18 2.392939807497569
      vertex 19.73205080756888 -18 2
      vertex 19.598623279100803 -17.733144943063852 2.035751798501101
    endloop
  endfacet
  facet normal 0.6845503194451902 -0.2505628070863177 0.6845503194451908
    outer loop
      vertex 19.34105596811507 -18.001999999999995 2.3902627886462375
      vertex 19.73205080756888 -18 2
      vertex 19.33911100007131 -18 2.392939807497569
    endloop
  endfacet
  facet normal 0.6845503194453 -0.25056280708574913 0.6845503194452892
    outer loop
      vertex 19 -18 2.7320508075688776
      vertex 19.082838921380617 -18.001999999999995 2.648479835380692
      vertex 19.083928805423195 -18 2.6481220021456813
    endloop
  endfacet
  facet normal 0.684550319445303 0.2505628070857324 0.6845503194452922
    outer loop
      vertex 19 -18 2.7320508075688776
      vertex 19.083928805423195 -18 2.6481220021456813
      vertex 19.016562163198678 -17.876378330918563 2.6702399730281594
    endloop
  endfacet
  facet normal 0.3741464527623682 0.3741464527623682 0.8485451453933809
    outer loop
      vertex 18.828299487647275 -17.828299487647275 2.7320508075688776
      vertex 19 -18 2.7320508075688776
      vertex 19.016562163198678 -17.876378330918563 2.6702399730281594
    endloop
  endfacet
  facet normal -0.3662004810933343 0.3662004810933307 -0.8554498321316241
    outer loop
      vertex 17.828299487647275 18.828299487647275 -2.7320508075688776
      vertex 18 18.374066656055025 -3
      vertex 17.63811649448487 18.01218315053989 -3
    endloop
  endfacet
  facet normal 0.36620048109333486 0.36620048109333136 -0.8554498321316234
    outer loop
      vertex 18 19 -2.7320508075688776
      vertex 18.37406665605502 18 -3
      vertex 18 18.374066656055025 -3
    endloop
  endfacet
  facet normal -0.36620048109333186 0.36620048109333186 -0.8554498321316244
    outer loop
      vertex 17.828299487647275 18.828299487647275 -2.7320508075688776
      vertex 18 19 -2.7320508075688776
      vertex 18 18.374066656055025 -3
    endloop
  endfacet
  facet normal 0.36620048109333014 -0.3662004810933301 -0.8554498321316261
    outer loop
      vertex 18.593148495775417 18 -2.9062155697611076
      vertex 18.02426351493081 17.650196858875788 -3
      vertex 18.37406665605502 18 -3
    endloop
  endfacet
  facet normal 0.3662004810933334 0.3662004810933088 -0.8554498321316337
    outer loop
      vertex 18.58989589501823 18.001999999999995 -2.9067517823859417
      vertex 18.593148495775417 18 -2.9062155697611076
      vertex 18.37406665605502 18 -3
    endloop
  endfacet
  facet normal 0.36620048109332987 0.36620048109333025 -0.8554498321316261
    outer loop
      vertex 18.58989589501823 18.001999999999995 -2.9067517823859417
      vertex 18.37406665605502 18 -3
      vertex 18 19 -2.7320508075688776
    endloop
  endfacet
  facet normal 0.3662004810933212 0.36620048109332604 -0.8554498321316315
    outer loop
      vertex 18.58989589501823 18.001999999999995 -2.9067517823859417
      vertex 18 19 -2.7320508075688776
      vertex 18.64284975211268 18.001999999999995 -2.884083325142325
    endloop
  endfacet
  facet normal 0.36620048109333186 0.36620048109333186 -0.8554498321316246
    outer loop
      vertex 18.64284975211268 18.001999999999995 -2.884083325142325
      vertex 18 19 -2.7320508075688776
      vertex 19 18 -2.7320508075688776
    endloop
  endfacet
  facet normal 0.37414645276236747 0.37414645276236747 -0.8485451453933817
    outer loop
      vertex 18 19 -2.7320508075688776
      vertex 19.154700538379252 19.154700538379252 -2.154700538379252
      vertex 19 18 -2.7320508075688776
    endloop
  endfacet
  facet normal -0.3741464527623663 0.3741464527623663 -0.8485451453933827
    outer loop
      vertex 17.828299487647275 18.828299487647275 -2.7320508075688776
      vertex 17.876378330918563 19.016562163198678 -2.67023997302816
      vertex 18 19 -2.7320508075688776
    endloop
  endfacet
  facet normal -0.25056280708573225 0.6845503194452994 -0.6845503194452959
    outer loop
      vertex 18 19 -2.7320508075688776
      vertex 17.876378330918563 19.016562163198678 -2.67023997302816
      vertex 18 19.083928805423195 -2.648122002145682
    endloop
  endfacet
  facet normal 0.2505628070858896 0.6845503194452706 -0.6845503194452669
    outer loop
      vertex 18 19 -2.7320508075688776
      vertex 18 19.083928805423195 -2.648122002145682
      vertex 18.001999999999995 19.082838921380617 -2.6484798353806926
    endloop
  endfacet
  facet normal 0.2505628070857286 0.6845503194453022 -0.6845503194452944
    outer loop
      vertex 18 19 -2.7320508075688776
      vertex 18.001999999999995 19.082838921380617 -2.6484798353806926
      vertex 19.154700538379252 19.154700538379252 -2.154700538379252
    endloop
  endfacet
  facet normal 0.25056280708573125 0.684550319445296 -0.6845503194452996
    outer loop
      vertex 18.001999999999995 19.082838921380617 -2.6484798353806926
      vertex 18.001999999999995 19.34105596811507 -2.3902627886462393
      vertex 19.154700538379252 19.154700538379252 -2.154700538379252
    endloop
  endfacet
  facet normal 0.2505628070861736 0.6845503194452173 -0.6845503194452165
    outer loop
      vertex 18 19.33911100007131 -2.3929398074975703
      vertex 18 19.73205080756888 -2.0000000000000004
      vertex 18.001999999999995 19.34105596811507 -2.3902627886462393
    endloop
  endfacet
  facet normal -0.2505628070857359 0.6845503194452974 -0.6845503194452967
    outer loop
      vertex 18 19.33911100007131 -2.3929398074975703
      vertex 17.733144943063852 19.598623279100803 -2.0357517985011016
      vertex 18 19.73205080756888 -2.0000000000000004
    endloop
  endfacet
  facet normal -0.3741464527623707 0.8485451453933774 -0.37414645276237346
    outer loop
      vertex 17.733144943063852 19.598623279100803 -2.0357517985011016
      vertex 17.85210456062449 19.73205080756888 -1.8521045606244912
      vertex 18 19.73205080756888 -2.0000000000000004
    endloop
  endfacet
  facet normal -0.3662004810933281 0.8554498321316265 -0.3662004810933309
    outer loop
      vertex 18 19.73205080756888 -2.0000000000000004
      vertex 17.85210456062449 19.73205080756888 -1.8521045606244912
      vertex 18 19.88616745495781 -1.6399811935147353
    endloop
  endfacet
  facet normal 0.36620048109342407 0.8554498321315919 -0.366200481093316
    outer loop
      vertex 18 19.73205080756888 -2.0000000000000004
      vertex 18 19.88616745495781 -1.6399811935147353
      vertex 18.001999999999995 19.884083325142324 -1.6428497521126837
    endloop
  endfacet
  facet normal 0.2505628070857312 0.684550319445297 -0.6845503194452988
    outer loop
      vertex 18.001999999999995 19.34105596811507 -2.3902627886462393
      vertex 18 19.73205080756888 -2.0000000000000004
      vertex 19.154700538379252 19.154700538379252 -2.154700538379252
    endloop
  endfacet
  facet normal 0.3662004810933319 -0.3662004810933319 -0.8554498321316245
    outer loop
      vertex 18.63998119351473 18 -2.886167454957813
      vertex 19 18 -2.7320508075688776
      vertex 18.85210456062449 17.85210456062449 -2.7320508075688776
    endloop
  endfacet
  facet normal 0.3662004810933303 0.36620048109334224 -0.8554498321316207
    outer loop
      vertex 18.63998119351473 18 -2.886167454957813
      vertex 18.64284975211268 18.001999999999995 -2.884083325142325
      vertex 19 18 -2.7320508075688776
    endloop
  endfacet
  facet normal 0.37414645276236663 -0.37414645276236663 -0.8485451453933823
    outer loop
      vertex 18.85210456062449 17.85210456062449 -2.7320508075688776
      vertex 19 18 -2.7320508075688776
      vertex 19.035751798501103 17.73314494306385 -2.598623279100802
    endloop
  endfacet
  facet normal 0.6845503194452988 -0.2505628070857281 -0.6845503194452981
    outer loop
      vertex 19 18 -2.7320508075688776
      vertex 19.392939807497577 18 -2.3391110000713007
      vertex 19.035751798501103 17.73314494306385 -2.598623279100802
    endloop
  endfacet
  facet normal 0.6845503194454259 0.25056280708503414 -0.684550319445425
    outer loop
      vertex 19 18 -2.7320508075688776
      vertex 19.390262788646247 18.001999999999995 -2.3410559681150653
      vertex 19.392939807497577 18 -2.3391110000713007
    endloop
  endfacet
  facet normal 0.6845503194452963 0.25056280708573186 -0.6845503194452992
    outer loop
      vertex 19 18 -2.7320508075688776
      vertex 19.154700538379252 19.154700538379252 -2.154700538379252
      vertex 19.390262788646247 18.001999999999995 -2.3410559681150653
    endloop
  endfacet
  facet normal 0.6845503194452925 -0.25056280708573037 -0.6845503194453034
    outer loop
      vertex 19.648122002145676 18 -2.0839288054232012
      vertex 19.73205080756888 18 -2.0000000000000004
      vertex 19.670239973028156 17.876378330918556 -2.0165621631986803
    endloop
  endfacet
  facet normal 0.6845503194452627 0.2505628070858932 -0.6845503194452736
    outer loop
      vertex 19.648122002145676 18 -2.0839288054232012
      vertex 19.648479835380687 18.001999999999995 -2.0828389213806227
      vertex 19.73205080756888 18 -2.0000000000000004
    endloop
  endfacet
  facet normal 0.84854514539338 -0.374146452762368 -0.37414645276237046
    outer loop
      vertex 19.670239973028156 17.876378330918556 -2.0165621631986803
      vertex 19.73205080756888 18 -2.0000000000000004
      vertex 19.73205080756888 17.828299487647264 -1.8282994876472658
    endloop
  endfacet
  facet normal 0.6845503194453006 0.25056280708573203 -0.6845503194452948
    outer loop
      vertex 19.390262788646247 18.001999999999995 -2.3410559681150653
      vertex 19.154700538379252 19.154700538379252 -2.154700538379252
      vertex 19.648479835380687 18.001999999999995 -2.0828389213806227
    endloop
  endfacet
  facet normal 0.6845503194452909 0.2505628070857272 -0.6845503194453061
    outer loop
      vertex 19.648479835380687 18.001999999999995 -2.0828389213806227
      vertex 19.154700538379252 19.154700538379252 -2.154700538379252
      vertex 19.73205080756888 18 -2.0000000000000004
    endloop
  endfacet
  facet normal 0.36620048109375264 0.8554498321314737 -0.36620048109326303
    outer loop
      vertex 18.001999999999995 19.906751782385943 -1.5898958950182316
      vertex 18 19.90621556976111 -1.5931484957754194
      vertex 18 20 -1.3740666560550259
    endloop
  endfacet
  facet normal -0.3662004810933332 0.8554498321316256 -0.36620048109332815
    outer loop
      vertex 18 19.90621556976111 -1.5931484957754194
      vertex 17.650196858875784 20 -1.024263514930805
      vertex 18 20 -1.3740666560550259
    endloop
  endfacet
  facet normal 0.366200481093329 0.8554498321316265 -0.36620048109333025
    outer loop
      vertex 18 19.73205080756888 -2.0000000000000004
      vertex 18.001999999999995 19.884083325142324 -1.6428497521126837
      vertex 18.64284975211268 19.884083325142324 -1.0019999999999998
    endloop
  endfacet
  facet normal 0.3741464527623679 0.8485451453933813 -0.37414645276236774
    outer loop
      vertex 18 19.73205080756888 -2.0000000000000004
      vertex 19 19.73205080756888 -0.9999999999999999
      vertex 19.154700538379252 19.154700538379252 -2.154700538379252
    endloop
  endfacet
  facet normal 0.36620048109333997 0.855449832131619 -0.3662004810933369
    outer loop
      vertex 18.001999999999995 19.884083325142324 -1.6428497521126837
      vertex 18.001999999999995 19.906751782385943 -1.5898958950182316
      vertex 18.58989589501823 19.90675178238594 -1.0019999999999998
    endloop
  endfacet
  facet normal 0.36620048109333464 0.8554498321316234 -0.3662004810933316
    outer loop
      vertex 18.001999999999995 19.906751782385943 -1.5898958950182316
      vertex 18 20 -1.3740666560550259
      vertex 18.58989589501823 19.90675178238594 -1.0019999999999998
    endloop
  endfacet
  facet normal 0.3662004810933005 0.8554498321316508 -0.3662004810933018
    outer loop
      vertex 18.001999999999995 19.884083325142324 -1.6428497521126837
      vertex 18.58989589501823 19.90675178238594 -1.0019999999999998
      vertex 18.64284975211268 19.884083325142324 -1.0019999999999998
    endloop
  endfacet
  facet normal 0.3662004810933365 0.8554498321316211 -0.36620048109333514
    outer loop
      vertex 18.58989589501823 19.90675178238594 -1.0019999999999998
      vertex 18 20 -1.3740666560550259
      vertex 18.374066656055025 20 -0.9999999999999999
    endloop
  endfacet
  facet normal 0.36620048109333214 0.8554498321316244 -0.366200481093332
    outer loop
      vertex 18 19.73205080756888 -2.0000000000000004
      vertex 18.64284975211268 19.884083325142324 -1.0019999999999998
      vertex 19 19.73205080756888 -0.9999999999999999
    endloop
  endfacet
  facet normal 0.36620048109333225 0.8554498321316246 0.3662004810933314
    outer loop
      vertex 18.593148495775424 19.906215569761105 -0.9999999999999999
      vertex 18.374066656055025 20 -0.9999999999999999
      vertex 18.02426351493082 20 -0.6501968588757938
    endloop
  endfacet
  facet normal 0.36620048109324693 0.8554498321314254 -0.3662004810938817
    outer loop
      vertex 18.58989589501823 19.90675178238594 -1.0019999999999998
      vertex 18.374066656055025 20 -0.9999999999999999
      vertex 18.593148495775424 19.906215569761105 -0.9999999999999999
    endloop
  endfacet
  facet normal 0.8554498321316264 -0.3662004810933284 -0.36620048109333075
    outer loop
      vertex 19.73205080756888 18 -2.0000000000000004
      vertex 20 18 -1.3740666560550239
      vertex 19.73205080756888 17.828299487647264 -1.8282994876472658
    endloop
  endfacet
  facet normal 0.855449832131626 0.3662004810933299 -0.3662004810933306
    outer loop
      vertex 19.73205080756888 18 -2.0000000000000004
      vertex 20 18.374066656055025 -1
      vertex 20 18 -1.3740666560550239
    endloop
  endfacet
  facet normal 0.8554498321316268 -0.3662004810933265 -0.3662004810933318
    outer loop
      vertex 19.73205080756888 17.828299487647264 -1.8282994876472658
      vertex 20 18 -1.3740666560550239
      vertex 20 17.638116494484866 -1.0121831505398948
    endloop
  endfacet
  facet normal 0.8485451453933813 0.3741464527623679 -0.37414645276236774
    outer loop
      vertex 19.73205080756888 18 -2.0000000000000004
      vertex 19.154700538379252 19.154700538379252 -2.154700538379252
      vertex 19.73205080756888 19 -0.9999999999999999
    endloop
  endfacet
  facet normal 0.8554498321316253 0.36620048109333103 -0.36620048109333087
    outer loop
      vertex 19.73205080756888 18 -2.0000000000000004
      vertex 19.73205080756888 19 -0.9999999999999999
      vertex 20 18.374066656055025 -1
    endloop
  endfacet
  facet normal 0.8554498321316257 0.3662004810933322 0.36620048109332826
    outer loop
      vertex 19.73205080756888 18.828299487647268 -0.8282994876472677
      vertex 20 18.012183150539897 -0.6381164944848688
      vertex 20 18.374066656055025 -1
    endloop
  endfacet
  facet normal 0.8554498321316254 0.366200481093331 0.366200481093331
    outer loop
      vertex 19.73205080756888 19 -0.9999999999999999
      vertex 19.73205080756888 18.828299487647268 -0.8282994876472677
      vertex 20 18.374066656055025 -1
    endloop
  endfacet
  facet normal 0.6845503194452962 0.684550319445299 -0.25056280708573214
    outer loop
      vertex 19.154700538379252 19.154700538379252 -2.154700538379252
      vertex 19 19.73205080756888 -0.9999999999999999
      vertex 19.390262788646243 19.341055968115068 -1.0019999999999998
    endloop
  endfacet
  facet normal 0.6845503194453024 0.6845503194452929 -0.25056280708573236
    outer loop
      vertex 19.154700538379252 19.154700538379252 -2.154700538379252
      vertex 19.390262788646243 19.341055968115068 -1.0019999999999998
      vertex 19.64847983538069 19.082838921380617 -1.0019999999999996
    endloop
  endfacet
  facet normal 0.6845503194452903 0.6845503194453072 -0.25056280708572626
    outer loop
      vertex 19.154700538379252 19.154700538379252 -2.154700538379252
      vertex 19.64847983538069 19.082838921380617 -1.0019999999999996
      vertex 19.73205080756888 19 -0.9999999999999999
    endloop
  endfacet
  facet normal 0.3662004810933121 0.8554498321315754 -0.36620048109346603
    outer loop
      vertex 18.64284975211268 19.884083325142324 -1.0019999999999998
      vertex 18.63998119351472 19.886167454957818 -0.9999999999999999
      vertex 19 19.73205080756888 -0.9999999999999999
    endloop
  endfacet
  facet normal 0.3662004810933325 0.855449832131623 0.3662004810933349
    outer loop
      vertex 18.63998119351472 19.886167454957818 -0.9999999999999999
      vertex 18.852104560624486 19.73205080756888 -0.852104560624487
      vertex 19 19.73205080756888 -0.9999999999999999
    endloop
  endfacet
  facet normal 0.37414645276236824 0.8485451453933798 0.3741464527623708
    outer loop
      vertex 19 19.73205080756888 -0.9999999999999999
      vertex 18.852104560624486 19.73205080756888 -0.852104560624487
      vertex 19.035751798501103 19.5986232791008 -0.7331449430638445
    endloop
  endfacet
  facet normal 0.6845503194453914 0.6845503194453914 -0.25056280708522055
    outer loop
      vertex 19 19.73205080756888 -0.9999999999999999
      vertex 19.39293980749758 19.3391110000713 -0.9999999999999999
      vertex 19.390262788646243 19.341055968115068 -1.0019999999999998
    endloop
  endfacet
  facet normal 0.6845503194452974 0.6845503194452974 0.2505628070857333
    outer loop
      vertex 19 19.73205080756888 -0.9999999999999999
      vertex 19.035751798501103 19.5986232791008 -0.7331449430638445
      vertex 19.39293980749758 19.3391110000713 -0.9999999999999999
    endloop
  endfacet
  facet normal 0.6845503194451794 0.6845503194451794 -0.25056280708637835
    outer loop
      vertex 19.64812200214568 19.0839288054232 -0.9999999999999999
      vertex 19.73205080756888 19 -0.9999999999999999
      vertex 19.64847983538069 19.082838921380617 -1.0019999999999996
    endloop
  endfacet
  facet normal 0.6845503194452984 0.6845503194452985 0.2505628070857278
    outer loop
      vertex 19.670239973028156 19.01656216319868 -0.8763783309185572
      vertex 19.73205080756888 19 -0.9999999999999999
      vertex 19.64812200214568 19.0839288054232 -0.9999999999999999
    endloop
  endfacet
  facet normal 0.8485451453933806 0.37414645276236863 0.37414645276236863
    outer loop
      vertex 19.670239973028156 19.01656216319868 -0.8763783309185572
      vertex 19.73205080756888 18.828299487647268 -0.8282994876472677
      vertex 19.73205080756888 19 -0.9999999999999999
    endloop
  endfacet
  facet normal 0.3662004810933323 0.8554498321316247 -0.3662004810933311
    outer loop
      vertex 18.593148495775424 19.906215569761105 1.0000000000000002
      vertex 18.02426351493082 20 0.6501968588757938
      vertex 18.374066656055025 20 1.0000000000000002
    endloop
  endfacet
  facet normal 0.3662004810932388 0.8554498321314064 0.3662004810939345
    outer loop
      vertex 18.593148495775424 19.906215569761105 1.0000000000000002
      vertex 18.374066656055025 20 1.0000000000000002
      vertex 18.58989589501823 19.90675178238594 1.0019999999999998
    endloop
  endfacet
  facet normal 0.36620048109331815 0.8554498321316341 0.36620048109332326
    outer loop
      vertex 18.58989589501823 19.90675178238594 1.0019999999999998
      vertex 18 19.73205080756888 2
      vertex 18.642849752112678 19.884083325142324 1.0019999999999998
    endloop
  endfacet
  facet normal 0.36620048109333747 0.8554498321316218 0.3662004810933326
    outer loop
      vertex 18.58989589501823 19.90675178238594 1.0019999999999998
      vertex 18.374066656055025 20 1.0000000000000002
      vertex 18 19.73205080756888 2
    endloop
  endfacet
  facet normal 0.36620048109332926 0.8554498321316268 0.3662004810933293
    outer loop
      vertex 18.642849752112678 19.884083325142324 1.0019999999999998
      vertex 18 19.73205080756888 2
      vertex 19 19.73205080756888 1.0000000000000002
    endloop
  endfacet
  facet normal -0.36620048109332637 0.8554498321316266 0.3662004810933325
    outer loop
      vertex 17.828299487647264 19.73205080756888 1.8282994876472647
      vertex 18 20 1.3740666560550236
      vertex 17.638116494484866 20 1.0121831505398953
    endloop
  endfacet
  facet normal 0.36620048109332964 0.855449832131626 0.3662004810933307
    outer loop
      vertex 18 19.73205080756888 2
      vertex 18.374066656055025 20 1.0000000000000002
      vertex 18 20 1.3740666560550236
    endloop
  endfacet
  facet normal -0.36620048109332975 0.8554498321316258 0.3662004810933307
    outer loop
      vertex 17.828299487647264 19.73205080756888 1.8282994876472647
      vertex 18 19.73205080756888 2
      vertex 18 20 1.3740666560550236
    endloop
  endfacet
  facet normal -0.37414645276236747 0.8485451453933811 0.37414645276236846
    outer loop
      vertex 17.828299487647264 19.73205080756888 1.8282994876472647
      vertex 17.876378330918556 19.670239973028156 2.0165621631986803
      vertex 18 19.73205080756888 2
    endloop
  endfacet
  facet normal 0.37414645276236785 0.8485451453933812 0.3741464527623679
    outer loop
      vertex 19 19.73205080756888 1.0000000000000002
      vertex 18 19.73205080756888 2
      vertex 19.154700538379252 19.154700538379252 2.1547005383792515
    endloop
  endfacet
  facet normal 0.8554498321316266 -0.3662004810933293 0.3662004810933299
    outer loop
      vertex 19.90621556976111 18 1.5931484957754174
      vertex 20 17.650196858875795 1.0242635149308201
      vertex 20 18 1.3740666560550248
    endloop
  endfacet
  facet normal 0.8554498321316247 0.3662004810933302 -0.36620048109333275
    outer loop
      vertex 19.73205080756888 18.828299487647268 0.828299487647268
      vertex 20 18.374066656055025 1
      vertex 20 18.01218315053989 0.6381164944848681
    endloop
  endfacet
  facet normal 0.8554498321316252 0.36620048109333103 -0.36620048109333103
    outer loop
      vertex 19.73205080756888 18.828299487647268 0.828299487647268
      vertex 19.73205080756888 19 1.0000000000000002
      vertex 20 18.374066656055025 1
    endloop
  endfacet
  facet normal 0.8554498321316254 0.36620048109333103 0.366200481093331
    outer loop
      vertex 19.906751782385943 18.001999999999995 1.5898958950182314
      vertex 20 18 1.3740666560550248
      vertex 19.73205080756888 19 1.0000000000000002
    endloop
  endfacet
  facet normal 0.8554498321316255 0.366200481093331 0.3662004810933307
    outer loop
      vertex 19.73205080756888 19 1.0000000000000002
      vertex 20 18 1.3740666560550248
      vertex 20 18.374066656055025 1
    endloop
  endfacet
  facet normal 0.8554498321315744 0.36620048109347286 0.3662004810933076
    outer loop
      vertex 19.906751782385943 18.001999999999995 1.5898958950182314
      vertex 19.90621556976111 18 1.5931484957754174
      vertex 20 18 1.3740666560550248
    endloop
  endfacet
  facet normal 0.8554498321316227 -0.36620048109333314 0.36620048109333475
    outer loop
      vertex 19.886167454957814 18 1.639981193514732
      vertex 19.73205080756888 18 2
      vertex 19.73205080756888 17.85210456062449 1.8521045606244904
    endloop
  endfacet
  facet normal 0.8554498321313069 0.36620048109420644 0.3662004810931995
    outer loop
      vertex 19.884083325142324 18.001999999999995 1.6428497521126837
      vertex 19.73205080756888 18 2
      vertex 19.886167454957814 18 1.639981193514732
    endloop
  endfacet
  facet normal 0.8485451453933778 -0.37414645276237096 0.3741464527623727
    outer loop
      vertex 19.73205080756888 17.85210456062449 1.8521045606244904
      vertex 19.73205080756888 18 2
      vertex 19.598623279100803 17.733144943063852 2.035751798501101
    endloop
  endfacet
  facet normal 0.8554498321316218 0.36620048109333364 0.3662004810933365
    outer loop
      vertex 19.906751782385943 18.001999999999995 1.5898958950182314
      vertex 19.73205080756888 19 1.0000000000000002
      vertex 19.884083325142324 18.001999999999995 1.6428497521126837
    endloop
  endfacet
  facet normal 0.8554498321316258 0.36620048109333037 0.3662004810933304
    outer loop
      vertex 19.884083325142324 18.001999999999995 1.6428497521126837
      vertex 19.73205080756888 19 1.0000000000000002
      vertex 19.73205080756888 18 2
    endloop
  endfacet
  facet normal 0.8485451453933812 0.37414645276236785 0.3741464527623679
    outer loop
      vertex 19.73205080756888 19 1.0000000000000002
      vertex 19.154700538379252 19.154700538379252 2.1547005383792515
      vertex 19.73205080756888 18 2
    endloop
  endfacet
  facet normal 0.37414645276236835 0.8485451453933798 -0.3741464527623706
    outer loop
      vertex 19.035751798501103 19.5986232791008 0.7331449430638446
      vertex 18.852104560624486 19.73205080756888 0.8521045606244873
      vertex 19 19.73205080756888 1.0000000000000002
    endloop
  endfacet
  facet normal 0.36620048109333253 0.8554498321316231 -0.3662004810933347
    outer loop
      vertex 18.63998119351472 19.886167454957818 1.0000000000000002
      vertex 19 19.73205080756888 1.0000000000000002
      vertex 18.852104560624486 19.73205080756888 0.8521045606244873
    endloop
  endfacet
  facet normal 0.3662004810932167 0.8554498321313526 0.3662004810940821
    outer loop
      vertex 18.642849752112678 19.884083325142324 1.0019999999999998
      vertex 19 19.73205080756888 1.0000000000000002
      vertex 18.63998119351472 19.886167454957818 1.0000000000000002
    endloop
  endfacet
  facet normal 0.6845503194452974 0.6845503194452974 -0.2505628070857331
    outer loop
      vertex 19.035751798501103 19.5986232791008 0.7331449430638446
      vertex 19 19.73205080756888 1.0000000000000002
      vertex 19.39293980749758 19.3391110000713 1.0000000000000002
    endloop
  endfacet
  facet normal 0.6845503194453876 0.6845503194453876 0.2505628070852404
    outer loop
      vertex 19 19.73205080756888 1.0000000000000002
      vertex 19.390262788646243 19.341055968115068 1.0019999999999998
      vertex 19.39293980749758 19.3391110000713 1.0000000000000002
    endloop
  endfacet
  facet normal 0.6845503194452985 0.6845503194452985 -0.2505628070857276
    outer loop
      vertex 19.670239973028156 19.01656216319868 0.8763783309185574
      vertex 19.64812200214568 19.0839288054232 1.0000000000000002
      vertex 19.73205080756888 19 1.0000000000000002
    endloop
  endfacet
  facet normal 0.6845503194451771 0.6845503194451771 0.25056280708639134
    outer loop
      vertex 19.64812200214568 19.0839288054232 1.0000000000000002
      vertex 19.64847983538069 19.082838921380617 1.0019999999999998
      vertex 19.73205080756888 19 1.0000000000000002
    endloop
  endfacet
  facet normal 0.8485451453933808 0.37414645276236835 -0.3741464527623684
    outer loop
      vertex 19.670239973028156 19.01656216319868 0.8763783309185574
      vertex 19.73205080756888 19 1.0000000000000002
      vertex 19.73205080756888 18.828299487647268 0.828299487647268
    endloop
  endfacet
  facet normal 0.6845503194452963 0.6845503194452989 0.25056280708573214
    outer loop
      vertex 19 19.73205080756888 1.0000000000000002
      vertex 19.154700538379252 19.154700538379252 2.1547005383792515
      vertex 19.390262788646243 19.341055968115068 1.0019999999999998
    endloop
  endfacet
  facet normal 0.6845503194453024 0.6845503194452929 0.2505628070857324
    outer loop
      vertex 19.390262788646243 19.341055968115068 1.0019999999999998
      vertex 19.154700538379252 19.154700538379252 2.1547005383792515
      vertex 19.64847983538069 19.082838921380617 1.0019999999999998
    endloop
  endfacet
  facet normal 0.6845503194452902 0.6845503194453073 0.25056280708572637
    outer loop
      vertex 19.64847983538069 19.082838921380617 1.0019999999999998
      vertex 19.154700538379252 19.154700538379252 2.1547005383792515
      vertex 19.73205080756888 19 1.0000000000000002
    endloop
  endfacet
  facet normal 0.37414645276236763 0.37414645276236763 0.8485451453933813
    outer loop
      vertex 18 19 2.7320508075688776
      vertex 19 18 2.7320508075688776
      vertex 19.154700538379252 19.154700538379252 2.1547005383792515
    endloop
  endfacet
  facet normal -0.3662004810933237 0.36620048109333114 0.8554498321316284
    outer loop
      vertex 18 18.593148495775417 2.9062155697611076
      vertex 17.650196858875784 18.024263514930812 3
      vertex 18 18.37406665605502 3
    endloop
  endfacet
  facet normal 0.3662004810933089 0.3662004810933334 0.8554498321316337
    outer loop
      vertex 18.001999999999995 18.58989589501823 2.9067517823859417
      vertex 18 18.593148495775417 2.9062155697611076
      vertex 18 18.37406665605502 3
    endloop
  endfacet
  facet normal 0.36620048109333186 -0.36620048109333186 0.8554498321316245
    outer loop
      vertex 18.828299487647275 17.828299487647275 2.7320508075688776
      vertex 18.374066656055025 18 3
      vertex 18.01218315053989 17.638116494484866 3
    endloop
  endfacet
  facet normal 0.36620048109333136 0.36620048109333486 0.8554498321316234
    outer loop
      vertex 19 18 2.7320508075688776
      vertex 18 18.37406665605502 3
      vertex 18.374066656055025 18 3
    endloop
  endfacet
  facet normal 0.36620048109333186 -0.36620048109333186 0.8554498321316244
    outer loop
      vertex 18.828299487647275 17.828299487647275 2.7320508075688776
      vertex 19 18 2.7320508075688776
      vertex 18.374066656055025 18 3
    endloop
  endfacet
  facet normal 0.3662004810933261 0.3662004810933212 0.8554498321316315
    outer loop
      vertex 18.001999999999995 18.58989589501823 2.9067517823859417
      vertex 19 18 2.7320508075688776
      vertex 18.001999999999995 18.64284975211268 2.884083325142325
    endloop
  endfacet
  facet normal 0.3662004810933302 0.36620048109332987 0.8554498321316261
    outer loop
      vertex 18.001999999999995 18.58989589501823 2.9067517823859417
      vertex 18 18.37406665605502 3
      vertex 19 18 2.7320508075688776
    endloop
  endfacet
  facet normal 0.36620048109333186 0.36620048109333186 0.8554498321316246
    outer loop
      vertex 18.001999999999995 18.64284975211268 2.884083325142325
      vertex 19 18 2.7320508075688776
      vertex 18 19 2.7320508075688776
    endloop
  endfacet
  facet normal -0.2505628070857283 0.6845503194452984 0.6845503194452984
    outer loop
      vertex 17.73314494306385 19.035751798501103 2.598623279100802
      vertex 18 19 2.7320508075688776
      vertex 18 19.392939807497577 2.339111000071301
    endloop
  endfacet
  facet normal 0.25056280708603196 0.6845503194452429 0.6845503194452428
    outer loop
      vertex 18.001999999999995 19.390262788646243 2.341055968115066
      vertex 18 19.392939807497577 2.339111000071301
      vertex 18 19 2.7320508075688776
    endloop
  endfacet
  facet normal -0.2505628070857281 0.684550319445293 0.6845503194453039
    outer loop
      vertex 17.876378330918556 19.670239973028156 2.0165621631986803
      vertex 18 19.648122002145676 2.083928805423201
      vertex 18 19.73205080756888 2
    endloop
  endfacet
  facet normal 0.2505628070858932 0.6845503194452627 0.6845503194452736
    outer loop
      vertex 18 19.648122002145676 2.083928805423201
      vertex 18.001999999999995 19.648479835380687 2.082838921380622
      vertex 18 19.73205080756888 2
    endloop
  endfacet
  facet normal 0.2505628070857307 0.6845503194452988 0.6845503194452971
    outer loop
      vertex 18.001999999999995 19.390262788646243 2.341055968115066
      vertex 18 19 2.7320508075688776
      vertex 19.154700538379252 19.154700538379252 2.1547005383792515
    endloop
  endfacet
  facet normal 0.2505628070857272 0.684550319445291 0.6845503194453061
    outer loop
      vertex 18.001999999999995 19.648479835380687 2.082838921380622
      vertex 19.154700538379252 19.154700538379252 2.1547005383792515
      vertex 18 19.73205080756888 2
    endloop
  endfacet
  facet normal 0.25056280708573064 0.684550319445298 0.684550319445298
    outer loop
      vertex 18.001999999999995 19.648479835380687 2.082838921380622
      vertex 18.001999999999995 19.390262788646243 2.341055968115066
      vertex 19.154700538379252 19.154700538379252 2.1547005383792515
    endloop
  endfacet
  facet normal -0.37414645276236663 0.37414645276236663 0.8485451453933823
    outer loop
      vertex 17.73314494306385 19.035751798501103 2.598623279100802
      vertex 17.85210456062449 18.85210456062449 2.7320508075688776
      vertex 18 19 2.7320508075688776
    endloop
  endfacet
  facet normal -0.3662004810933308 0.36620048109333075 0.8554498321316254
    outer loop
      vertex 18 18.639981193514725 2.886167454957814
      vertex 18 19 2.7320508075688776
      vertex 17.85210456062449 18.85210456062449 2.7320508075688776
    endloop
  endfacet
  facet normal 0.36620048109311004 0.366200481093365 0.8554498321317053
    outer loop
      vertex 18.001999999999995 18.64284975211268 2.884083325142325
      vertex 18 19 2.7320508075688776
      vertex 18 18.639981193514725 2.886167454957814
    endloop
  endfacet
  facet normal 0.684550319445298 0.2505628070857304 0.684550319445298
    outer loop
      vertex 19.34105596811507 18.001999999999995 2.3902627886462375
      vertex 19.154700538379252 19.154700538379252 2.1547005383792515
      vertex 19.082838921380617 18.001999999999995 2.648479835380692
    endloop
  endfacet
  facet normal 0.6845503194453042 0.25056280708572776 0.6845503194452928
    outer loop
      vertex 19 18 2.7320508075688776
      vertex 19.082838921380617 18.001999999999995 2.648479835380692
      vertex 19.154700538379252 19.154700538379252 2.1547005383792515
    endloop
  endfacet
  facet normal 0.6845503194452971 -0.2505628070857357 0.6845503194452971
    outer loop
      vertex 19.33911100007131 18 2.3929398074975694
      vertex 19.598623279100803 17.733144943063852 2.035751798501101
      vertex 19.73205080756888 18 2
    endloop
  endfacet
  facet normal 0.6845503194451645 0.25056280708645934 0.6845503194451645
    outer loop
      vertex 19.34105596811507 18.001999999999995 2.3902627886462375
      vertex 19.33911100007131 18 2.3929398074975694
      vertex 19.73205080756888 18 2
    endloop
  endfacet
  facet normal 0.684550319445296 0.25056280708573053 0.6845503194453
    outer loop
      vertex 19.34105596811507 18.001999999999995 2.3902627886462375
      vertex 19.73205080756888 18 2
      vertex 19.154700538379252 19.154700538379252 2.1547005383792515
    endloop
  endfacet
  facet normal 0.6845503194453011 -0.2505628070857335 0.6845503194452938
    outer loop
      vertex 19.016562163198678 17.876378330918563 2.6702399730281594
      vertex 19.083928805423195 18 2.6481220021456817
      vertex 19 18 2.7320508075688776
    endloop
  endfacet
  facet normal 0.37414645276236824 -0.37414645276236824 0.8485451453933809
    outer loop
      vertex 18.828299487647275 17.828299487647275 2.7320508075688776
      vertex 19.016562163198678 17.876378330918563 2.6702399730281594
      vertex 19 18 2.7320508075688776
    endloop
  endfacet
  facet normal 0.6845503194452721 0.2505628070858919 0.6845503194452648
    outer loop
      vertex 19 18 2.7320508075688776
      vertex 19.083928805423195 18 2.6481220021456817
      vertex 19.082838921380617 18.001999999999995 2.648479835380692
    endloop
  endfacet
endsolid OpenSCAD_Model
