solid OpenSCAD_Model
  facet normal -1 0 0
    outer loop
      vertex -30 -30 0
      vertex -30 -30 5
      vertex -30 30 5
    endloop
  endfacet
  facet normal 0 0 1
    outer loop
      vertex -30 -30 5
      vertex -9.946929059596965 -0.1663426661539625 5
      vertex -30 30 5
    endloop
  endfacet
  facet normal 0 0 1
    outer loop
      vertex -30 -30 5
      vertex -8.36154807815925 -5.347025381370337 5
      vertex -8.461437555759932 -5.214836026441048 5
    endloop
  endfacet
  facet normal 0 0 1
    outer loop
      vertex -30 -30 5
      vertex -7.362951605230572 -6.668524635344901 5
      vertex -8.36154807815925 -5.347025381370337 5
    endloop
  endfacet
  facet normal 0 0 1
    outer loop
      vertex -30 -30 5
      vertex -9.203478831693062 -3.73264598891736 5
      vertex -9.277706927091302 -3.584379187724775 5
    endloop
  endfacet
  facet normal 0 0 1
    outer loop
      vertex -30 -30 5
      vertex -9.738063991007909 -1.9905281842691067 5
      vertex -9.784115922959803 -1.8310870547743168 5
    endloop
  endfacet
  facet normal 0 0 1
    outer loop
      vertex -30 -30 5
      vertex -9.277706927091302 -3.584379187724775 5
      vertex -9.738063991007909 -1.9905281842691067 5
    endloop
  endfacet
  facet normal 0 0 1
    outer loop
      vertex -30 -30 5
      vertex -8.461437555759932 -5.214836026441048 5
      vertex -9.203478831693062 -3.73264598891736 5
    endloop
  endfacet
  facet normal 0 0 1
    outer loop
      vertex -30 -30 5
      vertex -9.784115922959803 -1.8310870547743168 5
      vertex -9.946929059596965 -0.1663426661539625 5
    endloop
  endfacet
  facet normal 0 -1 0
    outer loop
      vertex -30 -30 0
      vertex 30 -30 5
      vertex -30 -30 5
    endloop
  endfacet
  facet normal 0 0 1
    outer loop
      vertex -30 -30 5
      vertex -5.878697767610132 -7.985041421450714 5
      vertex -6.019121571180267 -7.897424636548118 5
    endloop
  endfacet
  facet normal 0 0 1
    outer loop
      vertex -30 -30 5
      vertex -4.474832179312866 -8.86097706223706 5
      vertex -5.878697767610132 -7.985041421450714 5
    endloop
  endfacet
  facet normal 0 0 1
    outer loop
      vertex -30 -30 5
      vertex -2.7815097496880887 -9.527390902895926 5
      vertex -4.320857932986713 -8.921574236630535 5
    endloop
  endfacet
  facet normal 0 0 1
    outer loop
      vertex -30 -30 5
      vertex -4.320857932986713 -8.921574236630535 5
      vertex -4.474832179312866 -8.86097706223706 5
    endloop
  endfacet
  facet normal 0 0 1
    outer loop
      vertex -30 -30 5
      vertex -2.6191029641055623 -9.55896866393189 5
      vertex -2.7815097496880887 -9.527390902895926 5
    endloop
  endfacet
  facet normal 0 0 1
    outer loop
      vertex -30 -30 5
      vertex -0.9954442697185379 -9.87466673983596 5
      vertex -2.6191029641055623 -9.55896866393189 5
    endloop
  endfacet
  facet normal 0 0 1
    outer loop
      vertex -30 -30 5
      vertex 30 -30 5
      vertex -0.9954442697185379 -9.87466673983596 5
    endloop
  endfacet
  facet normal 0 0 1
    outer loop
      vertex -30 -30 5
      vertex -7.240754198230093 -6.780271176178432 5
      vertex -7.362951605230572 -6.668524635344901 5
    endloop
  endfacet
  facet normal 0 0 1
    outer loop
      vertex -30 -30 5
      vertex -6.019121571180267 -7.897424636548118 5
      vertex -7.240754198230093 -6.780271176178432 5
    endloop
  endfacet
  facet normal -1 0 0
    outer loop
      vertex -30 -30 0
      vertex -30 30 5
      vertex -30 30 0
    endloop
  endfacet
  facet normal 0 0 1
    outer loop
      vertex -30 30 5
      vertex -9.946929059596965 -0.1663426661539625 5
      vertex -9.963216045137676 -6.2902920458197286e-15 5
    endloop
  endfacet
  facet normal 0 0 1
    outer loop
      vertex -30 30 5
      vertex -9.963216045137676 -6.2902920458197286e-15 5
      vertex -9.946929059596966 0.1663426661539478 5
    endloop
  endfacet
  facet normal 0 0 1
    outer loop
      vertex -30 30 5
      vertex -9.946929059596966 0.1663426661539478 5
      vertex -9.784115922959804 1.8310870547743001 5
    endloop
  endfacet
  facet normal 0 0 1
    outer loop
      vertex -30 30 5
      vertex -9.784115922959804 1.8310870547743001 5
      vertex -9.73806399100791 1.9905281842690892 5
    endloop
  endfacet
  facet normal 0 0 1
    outer loop
      vertex -30 30 5
      vertex -9.73806399100791 1.9905281842690892 5
      vertex -9.277706927091307 3.584379187724758 5
    endloop
  endfacet
  facet normal 0 0 1
    outer loop
      vertex -30 30 5
      vertex -9.277706927091307 3.584379187724758 5
      vertex -9.203478831693065 3.7326459889173456 5
    endloop
  endfacet
  facet normal 0 0 1
    outer loop
      vertex -30 30 5
      vertex -9.203478831693065 3.7326459889173456 5
      vertex -8.461437555759938 5.214836026441033 5
    endloop
  endfacet
  facet normal 0 0 1
    outer loop
      vertex -30 30 5
      vertex -8.461437555759938 5.214836026441033 5
      vertex -8.361548078159261 5.347025381370319 5
    endloop
  endfacet
  facet normal 0 0 1
    outer loop
      vertex -30 30 5
      vertex -8.361548078159261 5.347025381370319 5
      vertex -7.362951605230583 6.668524635344887 5
    endloop
  endfacet
  facet normal 0 0 -1
    outer loop
      vertex -30 -30 0
      vertex -30 30 0
      vertex 30 30 0
    endloop
  endfacet
  facet normal 0 0 1
    outer loop
      vertex -30 30 5
      vertex -7.362951605230583 6.668524635344887 5
      vertex -7.240754198230098 6.78027117617842 5
    endloop
  endfacet
  facet normal 0 0 1
    outer loop
      vertex -30 30 5
      vertex -7.240754198230098 6.78027117617842 5
      vertex -6.01912157118028 7.897424636548107 5
    endloop
  endfacet
  facet normal 0 1 0
    outer loop
      vertex -30 30 0
      vertex -30 30 5
      vertex 30 30 0
    endloop
  endfacet
  facet normal 0 0 1
    outer loop
      vertex -30 30 5
      vertex -6.01912157118028 7.897424636548107 5
      vertex -5.878697767610128 7.985041421450708 5
    endloop
  endfacet
  facet normal 0 0 1
    outer loop
      vertex -30 30 5
      vertex -5.878697767610128 7.985041421450708 5
      vertex -4.474832179312882 8.860977062237053 5
    endloop
  endfacet
  facet normal 0 0 1
    outer loop
      vertex -30 30 5
      vertex -4.474832179312882 8.860977062237053 5
      vertex -4.320857932986729 8.921574236630528 5
    endloop
  endfacet
  facet normal 0 0 1
    outer loop
      vertex -30 30 5
      vertex -4.320857932986729 8.921574236630528 5
      vertex -2.781509749688112 9.527390902895919 5
    endloop
  endfacet
  facet normal 0 0 1
    outer loop
      vertex -30 30 5
      vertex -2.781509749688112 9.527390902895919 5
      vertex -2.619102964105583 9.558968663931882 5
    endloop
  endfacet
  facet normal 0 0 1
    outer loop
      vertex -30 30 5
      vertex -2.619102964105583 9.558968663931882 5
      vertex -0.9954442697185543 9.874666739835959 5
    endloop
  endfacet
  facet normal 0 0 1
    outer loop
      vertex -30 30 5
      vertex -0.9954442697185543 9.874666739835959 5
      vertex 0.6585967361566398 9.889792684799772 5
    endloop
  endfacet
  facet normal 0 -1 0
    outer loop
      vertex -30 -30 0
      vertex 30 -30 0
      vertex 30 -30 5
    endloop
  endfacet
  facet normal 0 0 1
    outer loop
      vertex 30 -30 5
      vertex 0.6585967361566613 -9.889792684799776 5
      vertex -0.9954442697185379 -9.87466673983596 5
    endloop
  endfacet
  facet normal 0 0 1
    outer loop
      vertex 30 -30 5
      vertex 0.8240426672512866 -9.89130566627691 5
      vertex 0.6585967361566613 -9.889792684799776 5
    endloop
  endfacet
  facet normal 0 0 1
    outer loop
      vertex 30 -30 5
      vertex 2.4535348361261056 -9.605290371291566 5
      vertex 0.8240426672512866 -9.89130566627691 5
    endloop
  endfacet
  facet normal 0 0 1
    outer loop
      vertex 30 -30 5
      vertex 2.6165262291798697 -9.57668145000482 5
      vertex 2.4535348361261056 -9.605290371291566 5
    endloop
  endfacet
  facet normal 0 0 1
    outer loop
      vertex 30 -30 5
      vertex 4.167320949234203 -8.99886182076504 5
      vertex 2.6165262291798697 -9.57668145000482 5
    endloop
  endfacet
  facet normal 0 0 1
    outer loop
      vertex 30 -30 5
      vertex 4.322442259793674 -8.941064287639286 5
      vertex 4.167320949234203 -8.99886182076504 5
    endloop
  endfacet
  facet normal 0 0 1
    outer loop
      vertex 30 -30 5
      vertex 5.742935009060652 -8.0903872307299 5
      vertex 4.322442259793674 -8.941064287639286 5
    endloop
  endfacet
  facet normal 0 0 1
    outer loop
      vertex 30 -30 5
      vertex 5.885024876415297 -8.005295243776482 5
      vertex 5.742935009060652 -8.0903872307299 5
    endloop
  endfacet
  facet normal 0 0 -1
    outer loop
      vertex -30 -30 0
      vertex 30 30 0
      vertex 30 -30 0
    endloop
  endfacet
  facet normal 0 0 1
    outer loop
      vertex 30 -30 5
      vertex 7.12783727648906 -6.909713033321233 5
      vertex 5.885024876415297 -8.005295243776482 5
    endloop
  endfacet
  facet normal 0 0 1
    outer loop
      vertex 30 -30 5
      vertex 7.252156639188994 -6.800121246327818 5
      vertex 7.12783727648906 -6.909713033321233 5
    endloop
  endfacet
  facet normal 1 0 0
    outer loop
      vertex 30 -30 0
      vertex 30 30 0
      vertex 30 -30 5
    endloop
  endfacet
  facet normal 0 0 1
    outer loop
      vertex 30 -30 5
      vertex 8.27568579828206 -5.495696796831244 5
      vertex 7.252156639188994 -6.800121246327818 5
    endloop
  endfacet
  facet normal 0 0 1
    outer loop
      vertex 30 -30 5
      vertex 8.378072769949432 -5.3652110094960035 5
      vertex 8.27568579828206 -5.495696796831244 5
    endloop
  endfacet
  facet normal 0 0 1
    outer loop
      vertex 30 -30 5
      vertex 8.458908414437094 -5.212374898855638 5
      vertex 8.378072769949432 -5.3652110094960035 5
    endloop
  endfacet
  facet normal 0 0 1
    outer loop
      vertex 30 -30 5
      vertex 8.619652627486884 -4.909115593674624 5
      vertex 8.458908414437094 -5.212374898855638 5
    endloop
  endfacet
  facet normal 0 0 1
    outer loop
      vertex 30 -30 5
      vertex 19.291223750546983 -4.433412235865969 5
      vertex 8.619652627486884 -4.909115593674624 5
    endloop
  endfacet
  facet normal 0 0 1
    outer loop
      vertex 20.576784482929664 -3 5
      vertex 20.524764115085645 -4.388203378451086 5
      vertex 20.57678448292966 -4.383013072608247 5
    endloop
  endfacet
  facet normal 0 0 1
    outer loop
      vertex 20.576784482929664 -3 5
      vertex 20.524764115085645 -3 5
      vertex 20.524764115085645 -4.388203378451086 5
    endloop
  endfacet
  facet normal 0 0 1
    outer loop
      vertex 30 -30 5
      vertex 20.524764115085645 -4.388203378451086 5
      vertex 19.291223750546983 -4.433412235865969 5
    endloop
  endfacet
  facet normal 0 0 1
    outer loop
      vertex 30 -30 5
      vertex 20.57678448292966 -4.383013072608247 5
      vertex 20.524764115085645 -4.388203378451086 5
    endloop
  endfacet
  facet normal 0 0 1
    outer loop
      vertex 30 -30 5
      vertex 21.729728704517175 -3 5
      vertex 20.57678448292966 -4.383013072608247 5
    endloop
  endfacet
  facet normal 0 0 1
    outer loop
      vertex 30 -30 5
      vertex 22 -3 5
      vertex 21.729728704517175 -3 5
    endloop
  endfacet
  facet normal 0 0 1
    outer loop
      vertex 30 -30 5
      vertex 22 3 5
      vertex 22 -3 5
    endloop
  endfacet
  facet normal 0 0 1
    outer loop
      vertex 30 30 5
      vertex 5.885024876415295 8.005295243776485 5
      vertex 7.127837276489043 6.9097130333212435 5
    endloop
  endfacet
  facet normal 0 0 1
    outer loop
      vertex 30 30 5
      vertex 7.127837276489043 6.9097130333212435 5
      vertex 7.252156639188993 6.800121246327819 5
    endloop
  endfacet
  facet normal 0 1 0
    outer loop
      vertex -30 30 5
      vertex 30 30 5
      vertex 30 30 0
    endloop
  endfacet
  facet normal 0 0 1
    outer loop
      vertex -30 30 5
      vertex 0.6585967361566398 9.889792684799772 5
      vertex 30 30 5
    endloop
  endfacet
  facet normal 0 0 1
    outer loop
      vertex 30 30 5
      vertex 0.6585967361566398 9.889792684799772 5
      vertex 0.8240426672512726 9.89130566627691 5
    endloop
  endfacet
  facet normal 0 0 1
    outer loop
      vertex 30 30 5
      vertex 0.8240426672512726 9.89130566627691 5
      vertex 2.453534836126091 9.605290371291572 5
    endloop
  endfacet
  facet normal 0 0 1
    outer loop
      vertex 30 30 5
      vertex 2.453534836126091 9.605290371291572 5
      vertex 2.616526229179858 9.576681450004825 5
    endloop
  endfacet
  facet normal 0 0 1
    outer loop
      vertex 30 30 5
      vertex 2.616526229179858 9.576681450004825 5
      vertex 4.167320949234195 8.998861820765045 5
    endloop
  endfacet
  facet normal 0 0 1
    outer loop
      vertex 30 30 5
      vertex 4.167320949234195 8.998861820765045 5
      vertex 4.3224422597936645 8.941064287639291 5
    endloop
  endfacet
  facet normal 0 0 1
    outer loop
      vertex 30 30 5
      vertex 4.3224422597936645 8.941064287639291 5
      vertex 5.7429350090606475 8.090387230729903 5
    endloop
  endfacet
  facet normal 0 0 1
    outer loop
      vertex 30 30 5
      vertex 5.7429350090606475 8.090387230729903 5
      vertex 5.885024876415295 8.005295243776485 5
    endloop
  endfacet
  facet normal 1 0 0
    outer loop
      vertex 30 -30 5
      vertex 30 30 0
      vertex 30 30 5
    endloop
  endfacet
  facet normal 0 0 1
    outer loop
      vertex 20.576784482929654 3 5
      vertex 20.576784482929654 4.383013072608248 5
      vertex 20.52476411508564 3 5
    endloop
  endfacet
  facet normal 0 0 1
    outer loop
      vertex 20.52476411508564 3 5
      vertex 20.576784482929654 4.383013072608248 5
      vertex 20.524764115085638 4.388203378451088 5
    endloop
  endfacet
  facet normal 0 0 1
    outer loop
      vertex 30 30 5
      vertex 8.458908414437095 5.212374898855636 5
      vertex 8.619652627486882 4.909115593674625 5
    endloop
  endfacet
  facet normal 0 0 1
    outer loop
      vertex 30 30 5
      vertex 8.378072769949434 5.365211009495998 5
      vertex 8.458908414437095 5.212374898855636 5
    endloop
  endfacet
  facet normal 0 0 1
    outer loop
      vertex 30 30 5
      vertex 8.275685798282064 5.49569679683124 5
      vertex 8.378072769949434 5.365211009495998 5
    endloop
  endfacet
  facet normal 0 0 1
    outer loop
      vertex 30 30 5
      vertex 7.252156639188993 6.800121246327819 5
      vertex 8.275685798282064 5.49569679683124 5
    endloop
  endfacet
  facet normal 0 0 1
    outer loop
      vertex 30 30 5
      vertex 8.619652627486882 4.909115593674625 5
      vertex 19.29122375054698 4.433412235865971 5
    endloop
  endfacet
  facet normal 0 0 1
    outer loop
      vertex 30 -30 5
      vertex 30 30 5
      vertex 22 3 5
    endloop
  endfacet
  facet normal 0 0 1
    outer loop
      vertex 30 30 5
      vertex 19.29122375054698 4.433412235865971 5
      vertex 20.524764115085638 4.388203378451088 5
    endloop
  endfacet
  facet normal 0 0 1
    outer loop
      vertex 30 30 5
      vertex 20.524764115085638 4.388203378451088 5
      vertex 20.576784482929654 4.383013072608248 5
    endloop
  endfacet
  facet normal 0 0 1
    outer loop
      vertex 30 30 5
      vertex 20.576784482929654 4.383013072608248 5
      vertex 21.72972870451717 3 5
    endloop
  endfacet
  facet normal 0 0 1
    outer loop
      vertex 22 3 5
      vertex 30 30 5
      vertex 21.72972870451717 3 5
    endloop
  endfacet
  facet normal -0.7730104576412775 -0.6343932789502288 -5.197485346178283e-9
    outer loop
      vertex -5.740727355743421 -5.554654573823473 6.609819355967743
      vertex -5.911295171991746 -5.3468170883730455 6.963216045137656
      vertex -5.769589495442199 -5.519485954844499 6.669618310649769
    endloop
  endfacet
  facet normal -0.9569403357322089 -0.29028467725446216 0
    outer loop
      vertex -7.8462822432258434 -1.560722576129026 20
      vertex -7.8462822432258434 -1.560722576129026 6.794704533502522
      vertex -7.5244759398229055 -2.6215757873000776 6.931287887009288
    endloop
  endfacet
  facet normal -0.9569403357322084 -0.2902846772544641 1.744719114767918e-16
    outer loop
      vertex -7.8462822432258434 -1.560722576129026 20
      vertex -7.5244759398229055 -2.6215757873000776 6.931287887009288
      vertex -7.449249597866583 -2.8695638024045924 6.963216045137672
    endloop
  endfacet
  facet normal -0.9951847266721967 -0.09801714032956202 0
    outer loop
      vertex -7.8462822432258434 -1.560722576129026 20
      vertex -7.856110362560004 -1.4609360059395384 6.963216045137671
      vertex -7.8462822432258434 -1.560722576129026 6.794704533502522
    endloop
  endfacet
  facet normal -0.9951847266721972 -0.09801714032955725 -3.7643103996313756e-16
    outer loop
      vertex -8 0 20
      vertex -7.86975050961933 -1.3224452687341623 6.963194897938646
      vertex -7.856110362560004 -1.4609360059395384 6.963216045137671
    endloop
  endfacet
  facet normal -0.9951847266721969 -0.0980171403295607 -2.6064493283998317e-17
    outer loop
      vertex -8 0 20
      vertex -7.999999999999999 -5.551115123125783e-15 6.963216045137668
      vertex -7.86975050961933 -1.3224452687341623 6.963194897938646
    endloop
  endfacet
  facet normal -0.2902846772544609 -0.9569403357322094 -1.2903825060543338e-16
    outer loop
      vertex -1.560722576129026 -7.8462822432258434 20
      vertex -2.6882907397509843 -7.504238180249901 6.609819355967743
      vertex -2.232385373935478 -7.642535561008827 6.963216045137666
    endloop
  endfacet
  facet normal -0.29028467725446494 -0.9569403357322082 9.604802781629977e-17
    outer loop
      vertex -1.560722576129026 -7.8462822432258434 20
      vertex -2.232385373935478 -7.642535561008827 6.963216045137666
      vertex -1.9536019847505615 -7.727103577562887 6.6879860614861375
    endloop
  endfacet
  facet normal -0.2902846772544633 -0.9569403357322087 0
    outer loop
      vertex -1.560722576129026 -7.8462822432258434 20
      vertex -1.8744260868760616 -7.75112132360475 6.609819355967743
      vertex -1.560722576129026 -7.8462822432258434 6.498796974185387
    endloop
  endfacet
  facet normal -0.09801714032956098 -0.9951847266721969 0
    outer loop
      vertex -1.560722576129026 -7.8462822432258434 20
      vertex -1.560722576129026 -7.8462822432258434 6.498796974185387
      vertex -1.204625790672852 -7.881354715356397 6.609819355967743
    endloop
  endfacet
  facet normal -0.29028467725445734 -0.9569403357322104 -1.4978365415443801e-16
    outer loop
      vertex -1.560722576129026 -7.8462822432258434 20
      vertex -1.9536019847505615 -7.727103577562887 6.6879860614861375
      vertex -1.8744260868760616 -7.75112132360475 6.609819355967743
    endloop
  endfacet
  facet normal -0.09801714032956091 -0.9951847266721969 2.5993803819764653e-17
    outer loop
      vertex 0 -8 20
      vertex -1.204625790672852 -7.881354715356397 6.609819355967743
      vertex -0.7982925615159491 -7.921375045326709 6.96321604513767
    endloop
  endfacet
  facet normal -0.09801714032955991 -0.9951847266721969 0
    outer loop
      vertex 0 -8 20
      vertex -0.36995448193114117 -7.9635626638963295 6.609819355967743
      vertex 0 -8 6.500401936271916
    endloop
  endfacet
  facet normal -0.09801714032956096 -0.9951847266721968 2.9578590868641896e-17
    outer loop
      vertex 0 -8 20
      vertex -0.7982925615159491 -7.921375045326709 6.96321604513767
      vertex -0.36995448193114117 -7.9635626638963295 6.609819355967743
    endloop
  endfacet
  facet normal -0.773010453362737 -0.6343932841636454 0
    outer loop
      vertex -6.651756898420362 -4.444561864156817 20
      vertex -6.651756898420362 -4.444561864156817 6.581556223684332
      vertex -6.516693849489554 -4.609136665455668 6.609819355967743
    endloop
  endfacet
  facet normal -0.8819212643483555 -0.47139673682599664 0
    outer loop
      vertex -6.651756898420362 -4.444561864156817 20
      vertex -6.677621779901241 -4.396172074419565 6.609819355967743
      vertex -6.651756898420362 -4.444561864156817 6.581556223684332
    endloop
  endfacet
  facet normal -0.881921264348354 -0.4713967368259995 -1.2605009055977765e-17
    outer loop
      vertex -6.651756898420362 -4.444561864156817 20
      vertex -6.695806693015072 -4.362150494903763 6.665251068429719
      vertex -6.677621779901241 -4.396172074419565 6.609819355967743
    endloop
  endfacet
  facet normal -0.8819212643483534 -0.47139673682600086 4.0247023870830744e-16
    outer loop
      vertex -7.391036260090294 -3.0614674589207183 20
      vertex -6.793556894860257 -4.179272730025572 6.963216045137672
      vertex -6.695806693015072 -4.362150494903763 6.665251068429719
    endloop
  endfacet
  facet normal -0.7730104533627371 -0.6343932841636455 -8.081869671166669e-19
    outer loop
      vertex -6.651756898420362 -4.444561864156817 20
      vertex -6.516693849489554 -4.609136665455668 6.609819355967743
      vertex -5.911295171991746 -5.3468170883730455 6.963216045137656
    endloop
  endfacet
  facet normal -0.7730104533627401 -0.6343932841636418 -3.834600862257679e-16
    outer loop
      vertex -6.651756898420362 -4.444561864156817 20
      vertex -5.911295171991746 -5.3468170883730455 6.963216045137656
      vertex -5.740727355743421 -5.554654573823473 6.609819355967743
    endloop
  endfacet
  facet normal -0.7730104533627351 -0.6343932841636477 0
    outer loop
      vertex -5.656854249492381 -5.656854249492381 20
      vertex -5.740727355743421 -5.554654573823473 6.609819355967743
      vertex -5.656854249492381 -5.656854249492381 6.547524751358502
    endloop
  endfacet
  facet normal -0.6343932841636456 -0.7730104533627368 0
    outer loop
      vertex -5.656854249492381 -5.656854249492381 20
      vertex -5.656854249492381 -5.656854249492381 6.547524751358502
      vertex -5.384987725114866 -5.87996933998531 6.609819355967743
    endloop
  endfacet
  facet normal -0.6343932841636448 -0.7730104533627375 -1.710060518192779e-17
    outer loop
      vertex -4.444561864156817 -6.651756898420362 20
      vertex -5.384987725114866 -5.87996933998531 6.609819355967743
      vertex -4.832108315555991 -6.33370574529615 6.96321604513767
    endloop
  endfacet
  facet normal -0.6343932841636464 -0.7730104533627363 0
    outer loop
      vertex -4.444561864156817 -6.651756898420362 20
      vertex -4.602829034823475 -6.521870388169776 6.609819355967743
      vertex -4.444561864156817 -6.651756898420362 6.522371166265153
    endloop
  endfacet
  facet normal -0.47139673682599814 -0.8819212643483548 0
    outer loop
      vertex -4.444561864156817 -6.651756898420362 20
      vertex -4.444561864156817 -6.651756898420362 6.522371166265153
      vertex -4.0964093385104405 -6.837848300387744 6.609819355967743
    endloop
  endfacet
  facet normal -0.6343932841636372 -0.7730104533627438 -1.8183558107272715e-16
    outer loop
      vertex -4.444561864156817 -6.651756898420362 20
      vertex -4.644932156417195 -6.487317249250131 6.674714430956342
      vertex -4.602829034823475 -6.521870388169776 6.609819355967743
    endloop
  endfacet
  facet normal -0.6343932841636458 -0.7730104533627367 3.821887713059349e-17
    outer loop
      vertex -4.444561864156817 -6.651756898420362 20
      vertex -4.832108315555991 -6.33370574529615 6.96321604513767
      vertex -4.644932156417195 -6.487317249250131 6.674714430956342
    endloop
  endfacet
  facet normal -0.8819212643483553 -0.4713967368259973 0
    outer loop
      vertex -7.391036260090294 -3.0614674589207183 20
      vertex -7.391036260090294 -3.0614674589207183 6.650573591772837
      vertex -6.793556894860257 -4.179272730025572 6.963216045137672
    endloop
  endfacet
  facet normal -0.9569403357321953 -0.29028467725450735 0
    outer loop
      vertex -7.391036260090294 -3.0614674589207183 20
      vertex -7.393064211768853 -3.0547821981674352 6.661464960885067
      vertex -7.391036260090294 -3.0614674589207183 6.650573591772837
    endloop
  endfacet
  facet normal -0.9569403357322098 -0.2902846772544593 2.6328909308020095e-17
    outer loop
      vertex -7.391036260090294 -3.0614674589207183 20
      vertex -7.449249597866583 -2.8695638024045924 6.963216045137672
      vertex -7.393064211768853 -3.0547821981674352 6.661464960885067
    endloop
  endfacet
  facet normal -0.47139673682599714 -0.8819212643483553 -4.356776425581969e-17
    outer loop
      vertex -3.0614674589207183 -7.391036260090294 20
      vertex -4.0964093385104405 -6.837848300387744 6.609819355967743
      vertex -3.5920457271832187 -7.107436267210501 6.963216045137668
    endloop
  endfacet
  facet normal -0.4713967368259995 -0.881921264348354 7.729399239131623e-17
    outer loop
      vertex -3.0614674589207183 -7.391036260090294 20
      vertex -3.5920457271832187 -7.107436267210501 6.963216045137668
      vertex -3.35883812181975 -7.232088329265693 6.680741937999812
    endloop
  endfacet
  facet normal -0.4713967368259971 -0.8819212643483553 0
    outer loop
      vertex -3.0614674589207183 -7.391036260090294 20
      vertex -3.300285174232367 -7.263385531793892 6.609819355967743
      vertex -3.0614674589207183 -7.391036260090294 6.506122697617211
    endloop
  endfacet
  facet normal -0.2902846772544622 -0.9569403357322089 0
    outer loop
      vertex -3.0614674589207183 -7.391036260090294 20
      vertex -3.0614674589207183 -7.391036260090294 6.506122697617211
      vertex -2.6882907397509843 -7.504238180249901 6.609819355967743
    endloop
  endfacet
  facet normal -0.4713967368259954 -0.8819212643483563 -4.097155259469544e-17
    outer loop
      vertex -3.0614674589207183 -7.391036260090294 20
      vertex -3.35883812181975 -7.232088329265693 6.680741937999812
      vertex -3.300285174232367 -7.263385531793892 6.609819355967743
    endloop
  endfacet
  facet normal -0.9569403357322088 -0.29028467725446233 -2.449700301267229e-17
    outer loop
      vertex -7.8462822432258434 -1.560722576129026 20
      vertex -7.449249597866583 -2.8695638024045924 6.963216045137672
      vertex -7.391036260090294 -3.0614674589207183 20
    endloop
  endfacet
  facet normal -0.9951847266721968 -0.0980171403295607 1.0224407526596317e-17
    outer loop
      vertex -7.8462822432258434 -1.560722576129026 20
      vertex -8 0 20
      vertex -7.856110362560004 -1.4609360059395384 6.963216045137671
    endloop
  endfacet
  facet normal 0 0 1
    outer loop
      vertex -7.8462822432258434 -1.560722576129026 20
      vertex -7.391036260090294 -3.0614674589207183 20
      vertex -7.8462822432258434 1.560722576129026 20
    endloop
  endfacet
  facet normal -0.2902846772544623 -0.9569403357322088 -1.7379450006941157e-18
    outer loop
      vertex -1.560722576129026 -7.8462822432258434 20
      vertex -3.0614674589207183 -7.391036260090294 20
      vertex -2.6882907397509843 -7.504238180249901 6.609819355967743
    endloop
  endfacet
  facet normal -0.09801714032956071 -0.9951847266721969 7.334303419338088e-18
    outer loop
      vertex -1.560722576129026 -7.8462822432258434 20
      vertex -1.204625790672852 -7.881354715356397 6.609819355967743
      vertex 0 -8 20
    endloop
  endfacet
  facet normal -0.8819212643483549 -0.47139673682599764 1.09164068246031e-18
    outer loop
      vertex -6.651756898420362 -4.444561864156817 20
      vertex -7.391036260090294 -3.0614674589207183 20
      vertex -6.695806693015072 -4.362150494903763 6.665251068429719
    endloop
  endfacet
  facet normal -0.7730104533627372 -0.6343932841636452 3.2915264593734886e-17
    outer loop
      vertex -5.656854249492381 -5.656854249492381 20
      vertex -6.651756898420362 -4.444561864156817 20
      vertex -5.740727355743421 -5.554654573823473 6.609819355967743
    endloop
  endfacet
  facet normal -0.6343932841636452 -0.7730104533627372 1.848114501003587e-17
    outer loop
      vertex -5.656854249492381 -5.656854249492381 20
      vertex -5.384987725114866 -5.87996933998531 6.609819355967743
      vertex -4.444561864156817 -6.651756898420362 20
    endloop
  endfacet
  facet normal -0.4713967368259977 -0.8819212643483549 1.5297088955314486e-17
    outer loop
      vertex -4.444561864156817 -6.651756898420362 20
      vertex -4.0964093385104405 -6.837848300387744 6.609819355967743
      vertex -3.0614674589207183 -7.391036260090294 20
    endloop
  endfacet
  facet normal 0 0 1
    outer loop
      vertex -5.656854249492381 -5.656854249492381 20
      vertex -6.651756898420362 4.444561864156817 20
      vertex -6.651756898420362 -4.444561864156817 20
    endloop
  endfacet
  facet normal 0 0 1
    outer loop
      vertex -6.651756898420362 -4.444561864156817 20
      vertex -7.391036260090294 3.0614674589207183 20
      vertex -7.391036260090294 -3.0614674589207183 20
    endloop
  endfacet
  facet normal 0 0 1
    outer loop
      vertex -5.656854249492381 -5.656854249492381 20
      vertex -4.444561864156817 -6.651756898420362 20
      vertex -5.656854249492381 5.656854249492381 20
    endloop
  endfacet
  facet normal 0 0 1
    outer loop
      vertex -4.444561864156817 -6.651756898420362 20
      vertex -3.0614674589207183 -7.391036260090294 20
      vertex -4.444561864156817 6.651756898420362 20
    endloop
  endfacet
  facet normal 0 0 1
    outer loop
      vertex -1.560722576129026 -7.8462822432258434 20
      vertex -3.0614674589207183 7.391036260090294 20
      vertex -3.0614674589207183 -7.391036260090294 20
    endloop
  endfacet
  facet normal 0 0 1
    outer loop
      vertex -1.560722576129026 -7.8462822432258434 20
      vertex 0 -8 20
      vertex -1.560722576129026 7.8462822432258434 20
    endloop
  endfacet
  facet normal -0.9569403357322089 0.2902846772544622 1.3316584034609025e-17
    outer loop
      vertex -7.391036260090294 3.0614674589207183 20
      vertex -7.524475939822915 2.621575787300045 6.931287887009283
      vertex -7.8462822432258434 1.560722576129026 6.7947045335024985
    endloop
  endfacet
  facet normal -0.9951847266721968 0.09801714032955954 3.032507197039865e-17
    outer loop
      vertex -7.8462822432258434 1.560722576129026 20
      vertex -7.869750509619333 1.322445268734131 6.96319489793864
      vertex -7.999999999999999 -5.551115123125783e-15 6.963216045137668
    endloop
  endfacet
  facet normal -0.9951847266721965 0.09801714032956406 -5.3051269620882946e-17
    outer loop
      vertex -7.8462822432258434 1.560722576129026 20
      vertex -7.856110362560005 1.4609360059395244 6.963216045137666
      vertex -7.869750509619333 1.322445268734131 6.96319489793864
    endloop
  endfacet
  facet normal -0.9951847266721973 0.09801714032955719 0
    outer loop
      vertex -7.8462822432258434 1.560722576129026 20
      vertex -7.8462822432258434 1.560722576129026 6.7947045335024985
      vertex -7.856110362560005 1.4609360059395244 6.963216045137666
    endloop
  endfacet
  facet normal -0.9569403357322087 0.2902846772544627 -1.0649166098942163e-17
    outer loop
      vertex -7.391036260090294 3.0614674589207183 20
      vertex -7.3930642117688565 3.054782198167422 6.661464960885066
      vertex -7.449249597866587 2.8695638024045786 6.963216045137673
    endloop
  endfacet
  facet normal -0.9569403357322146 0.29028467725444324 0
    outer loop
      vertex -7.391036260090294 3.0614674589207183 20
      vertex -7.391036260090294 3.0614674589207183 6.650573591772814
      vertex -7.3930642117688565 3.054782198167422 6.661464960885066
    endloop
  endfacet
  facet normal -0.9569403357322087 0.290284677254463 -1.436010179149061e-17
    outer loop
      vertex -7.391036260090294 3.0614674589207183 20
      vertex -7.449249597866587 2.8695638024045786 6.963216045137673
      vertex -7.524475939822915 2.621575787300045 6.931287887009283
    endloop
  endfacet
  facet normal -0.8819212643483553 0.47139673682599725 6.313086241811192e-17
    outer loop
      vertex -6.651756898420362 4.444561864156817 20
      vertex -6.793556894860263 4.17927273002556 6.963216045137671
      vertex -7.391036260090294 3.0614674589207183 6.650573591772814
    endloop
  endfacet
  facet normal -0.881921264348352 0.47139673682600314 0
    outer loop
      vertex -6.651756898420362 4.444561864156817 20
      vertex -6.651756898420362 4.444561864156817 6.581556223684325
      vertex -6.677621779901248 4.396172074419552 6.609819355967743
    endloop
  endfacet
  facet normal -0.8819212643483636 0.47139673682598165 9.971878232969444e-17
    outer loop
      vertex -6.651756898420362 4.444561864156817 20
      vertex -6.677621779901248 4.396172074419552 6.609819355967743
      vertex -6.695806693015078 4.362150494903751 6.665251068429719
    endloop
  endfacet
  facet normal -0.8819212643483527 0.47139673682600197 -6.089618684678697e-17
    outer loop
      vertex -6.651756898420362 4.444561864156817 20
      vertex -6.695806693015078 4.362150494903751 6.665251068429719
      vertex -6.793556894860263 4.17927273002556 6.963216045137671
    endloop
  endfacet
  facet normal -0.7730104533627362 0.6343932841636464 -1.834846372576344e-16
    outer loop
      vertex -5.656854249492381 5.656854249492381 20
      vertex -6.516693849489529 4.609136665455699 6.609819355967743
      vertex -6.651756898420362 4.444561864156817 6.581556223684325
    endloop
  endfacet
  facet normal -0.7730104533627364 0.6343932841636462 -4.188481407194859e-17
    outer loop
      vertex -5.656854249492381 5.656854249492381 20
      vertex -5.656854249492381 5.65685424949238 6.547524751358498
      vertex -5.740727355743427 5.5546545738234645 6.609819355967743
    endloop
  endfacet
  facet normal -0.7730104533627425 0.6343932841636386 5.408070067192402e-17
    outer loop
      vertex -5.656854249492381 5.656854249492381 20
      vertex -5.740727355743427 5.5546545738234645 6.609819355967743
      vertex -5.769589495442205 5.51948595484449 6.669618310649771
    endloop
  endfacet
  facet normal -0.7730104533627372 0.6343932841636452 -2.207697469819341e-17
    outer loop
      vertex -5.656854249492381 5.656854249492381 20
      vertex -5.911295171991756 5.346817088373034 6.963216045137657
      vertex -6.516693849489529 4.609136665455699 6.609819355967743
    endloop
  endfacet
  facet normal -0.773010453362736 0.6343932841636466 -8.686265414361663e-17
    outer loop
      vertex -5.656854249492381 5.656854249492381 20
      vertex -5.769589495442205 5.51948595484449 6.669618310649771
      vertex -5.911295171991756 5.346817088373034 6.963216045137657
    endloop
  endfacet
  facet normal -0.6343932841636445 0.7730104533627379 -5.103679361526626e-17
    outer loop
      vertex -5.656854249492381 5.656854249492381 20
      vertex -5.384987725114855 5.879969339985317 6.609819355967743
      vertex -5.656854249492381 5.65685424949238 6.547524751358498
    endloop
  endfacet
  facet normal -0.634393284163646 0.7730104533627365 -1.0684340858808116e-16
    outer loop
      vertex -5.656854249492381 5.656854249492381 20
      vertex -4.832108315556002 6.333705745296141 6.963216045137669
      vertex -5.384987725114855 5.879969339985317 6.609819355967743
    endloop
  endfacet
  facet normal -0.6343932841636581 0.7730104533627267 -1.609733432653499e-15
    outer loop
      vertex -5.656854249492381 5.656854249492381 20
      vertex -4.6028290348234835 6.52187038816977 6.609819355967743
      vertex -4.6449321564172035 6.487317249250123 6.674714430956342
    endloop
  endfacet
  facet normal -0.6343932841636446 0.7730104533627378 6.091607353803192e-17
    outer loop
      vertex -5.656854249492381 5.656854249492381 20
      vertex -4.6449321564172035 6.487317249250123 6.674714430956342
      vertex -4.832108315556002 6.333705745296141 6.963216045137669
    endloop
  endfacet
  facet normal -0.6343932841636433 0.7730104533627389 0
    outer loop
      vertex -4.444561864156817 6.651756898420362 20
      vertex -4.444561864156817 6.651756898420362 6.52237116626515
      vertex -4.6028290348234835 6.52187038816977 6.609819355967743
    endloop
  endfacet
  facet normal -0.4713967368259984 0.8819212643483547 0
    outer loop
      vertex -4.444561864156817 6.651756898420362 20
      vertex -4.096409338510444 6.837848300387742 6.609819355967743
      vertex -4.444561864156817 6.651756898420362 6.52237116626515
    endloop
  endfacet
  facet normal -0.47139673682599753 0.8819212643483552 2.788863860116853e-17
    outer loop
      vertex -4.444561864156817 6.651756898420362 20
      vertex -3.592045727183231 7.1074362672104945 6.963216045137673
      vertex -4.096409338510444 6.837848300387742 6.609819355967743
    endloop
  endfacet
  facet normal -0.4713967368259987 0.8819212643483544 -7.301522281907163e-17
    outer loop
      vertex -4.444561864156817 6.651756898420362 20
      vertex -3.3588381218197534 7.232088329265691 6.680741937999814
      vertex -3.592045727183231 7.1074362672104945 6.963216045137673
    endloop
  endfacet
  facet normal -0.4713967368259969 0.8819212643483555 6.00910912911581e-17
    outer loop
      vertex -4.444561864156817 6.651756898420362 20
      vertex -3.300285174232369 7.263385531793891 6.609819355967743
      vertex -3.3588381218197534 7.232088329265691 6.680741937999814
    endloop
  endfacet
  facet normal -0.4713967368259962 0.8819212643483557 0
    outer loop
      vertex -3.0614674589207183 7.391036260090294 20
      vertex -3.0614674589207183 7.391036260090294 6.5061226976172115
      vertex -3.300285174232369 7.263385531793891 6.609819355967743
    endloop
  endfacet
  facet normal -0.290284677254462 0.9569403357322089 0
    outer loop
      vertex -3.0614674589207183 7.391036260090294 20
      vertex -2.6882907397509928 7.5042381802498985 6.609819355967743
      vertex -3.0614674589207183 7.391036260090294 6.5061226976172115
    endloop
  endfacet
  facet normal -0.29028467725446183 0.9569403357322092 3.70955502193897e-18
    outer loop
      vertex -3.0614674589207183 7.391036260090294 20
      vertex -2.2323853739354966 7.642535561008821 6.963216045137666
      vertex -2.6882907397509928 7.5042381802498985 6.609819355967743
    endloop
  endfacet
  facet normal -0.290284677254463 0.9569403357322087 -7.236337927883611e-17
    outer loop
      vertex -3.0614674589207183 7.391036260090294 20
      vertex -1.953601984750575 7.7271035775628825 6.687986061486139
      vertex -2.2323853739354966 7.642535561008821 6.963216045137666
    endloop
  endfacet
  facet normal -0.290284677254466 0.9569403357322077 -3.4124669599111895e-16
    outer loop
      vertex -3.0614674589207183 7.391036260090294 20
      vertex -1.8744260868760747 7.751121323604746 6.609819355967743
      vertex -1.953601984750575 7.7271035775628825 6.687986061486139
    endloop
  endfacet
  facet normal -0.290284677254462 0.9569403357322088 0
    outer loop
      vertex -1.560722576129026 7.8462822432258434 20
      vertex -1.560722576129026 7.8462822432258434 6.498796974185385
      vertex -1.8744260868760747 7.751121323604746 6.609819355967743
    endloop
  endfacet
  facet normal -0.09801714032956006 0.9951847266721969 0
    outer loop
      vertex -1.560722576129026 7.8462822432258434 20
      vertex -1.2046257906728486 7.881354715356397 6.609819355967743
      vertex -1.560722576129026 7.8462822432258434 6.498796974185385
    endloop
  endfacet
  facet normal -0.0980171403295625 0.9951847266721967 -6.467989505474707e-17
    outer loop
      vertex -1.560722576129026 7.8462822432258434 20
      vertex -0.7982925615159617 7.921375045326708 6.963216045137662
      vertex -1.2046257906728486 7.881354715356397 6.609819355967743
    endloop
  endfacet
  facet normal -0.09801714032955962 0.995184726672197 1.0490034105175473e-16
    outer loop
      vertex -1.560722576129026 7.8462822432258434 20
      vertex -0.369954481931157 7.963562663896328 6.609819355967743
      vertex -0.7982925615159617 7.921375045326708 6.963216045137662
    endloop
  endfacet
  facet normal -0.09801714032956049 0.9951847266721968 0
    outer loop
      vertex 0 8 20
      vertex 0 8 6.5004019362719125
      vertex -0.369954481931157 7.963562663896328 6.609819355967743
    endloop
  endfacet
  facet normal -0.9951847266721968 0.0980171403295607 -1.0953667965953947e-16
    outer loop
      vertex -8 0 20
      vertex -7.8462822432258434 1.560722576129026 20
      vertex -7.999999999999999 -5.551115123125783e-15 6.963216045137668
    endloop
  endfacet
  facet normal -0.9569403357322088 0.29028467725446233 0
    outer loop
      vertex -7.8462822432258434 1.560722576129026 20
      vertex -7.391036260090294 3.0614674589207183 20
      vertex -7.8462822432258434 1.560722576129026 6.7947045335024985
    endloop
  endfacet
  facet normal 0 0 1
    outer loop
      vertex -7.8462822432258434 -1.560722576129026 20
      vertex -7.8462822432258434 1.560722576129026 20
      vertex -8 0 20
    endloop
  endfacet
  facet normal 0 0 1
    outer loop
      vertex -7.391036260090294 -3.0614674589207183 20
      vertex -7.391036260090294 3.0614674589207183 20
      vertex -7.8462822432258434 1.560722576129026 20
    endloop
  endfacet
  facet normal -0.881921264348355 0.4713967368259978 0
    outer loop
      vertex -7.391036260090294 3.0614674589207183 20
      vertex -6.651756898420362 4.444561864156817 20
      vertex -7.391036260090294 3.0614674589207183 6.650573591772814
    endloop
  endfacet
  facet normal -0.7730104533627373 0.6343932841636452 0
    outer loop
      vertex -6.651756898420362 4.444561864156817 20
      vertex -5.656854249492381 5.656854249492381 20
      vertex -6.651756898420362 4.444561864156817 6.581556223684325
    endloop
  endfacet
  facet normal -0.6343932841636452 0.7730104533627372 3.7861772077715376e-17
    outer loop
      vertex -5.656854249492381 5.656854249492381 20
      vertex -4.444561864156817 6.651756898420362 20
      vertex -4.6028290348234835 6.52187038816977 6.609819355967743
    endloop
  endfacet
  facet normal -0.4713967368259977 0.8819212643483549 3.2250620982919695e-17
    outer loop
      vertex -4.444561864156817 6.651756898420362 20
      vertex -3.0614674589207183 7.391036260090294 20
      vertex -3.300285174232369 7.263385531793891 6.609819355967743
    endloop
  endfacet
  facet normal 0 0 1
    outer loop
      vertex -6.651756898420362 -4.444561864156817 20
      vertex -6.651756898420362 4.444561864156817 20
      vertex -7.391036260090294 3.0614674589207183 20
    endloop
  endfacet
  facet normal 0 0 1
    outer loop
      vertex -5.656854249492381 -5.656854249492381 20
      vertex -5.656854249492381 5.656854249492381 20
      vertex -6.651756898420362 4.444561864156817 20
    endloop
  endfacet
  facet normal 0 0 1
    outer loop
      vertex -4.444561864156817 -6.651756898420362 20
      vertex -4.444561864156817 6.651756898420362 20
      vertex -5.656854249492381 5.656854249492381 20
    endloop
  endfacet
  facet normal 0 0 1
    outer loop
      vertex -3.0614674589207183 -7.391036260090294 20
      vertex -3.0614674589207183 7.391036260090294 20
      vertex -4.444561864156817 6.651756898420362 20
    endloop
  endfacet
  facet normal 0 0 1
    outer loop
      vertex -1.560722576129026 -7.8462822432258434 20
      vertex -1.560722576129026 7.8462822432258434 20
      vertex -3.0614674589207183 7.391036260090294 20
    endloop
  endfacet
  facet normal 0 0 1
    outer loop
      vertex -1.560722576129026 7.8462822432258434 20
      vertex 0 -8 20
      vertex 0 8 20
    endloop
  endfacet
  facet normal -0.2902846772544623 0.9569403357322088 9.153779263510985e-18
    outer loop
      vertex -3.0614674589207183 7.391036260090294 20
      vertex -1.560722576129026 7.8462822432258434 20
      vertex -1.8744260868760747 7.751121323604746 6.609819355967743
    endloop
  endfacet
  facet normal -0.09801714032956071 0.9951847266721969 6.296662153016948e-18
    outer loop
      vertex -1.560722576129026 7.8462822432258434 20
      vertex 0 8 20
      vertex -0.369954481931157 7.963562663896328 6.609819355967743
    endloop
  endfacet
  facet normal 0.9569403357322085 -0.29028467725446383 1.775095211558084e-17
    outer loop
      vertex 7.409682209903664 -3 13
      vertex 7.391036260090294 -3.0614674589207183 6.852730299055662
      vertex 7.407784569787386 -3.0062556811029295 6.951791167835696
    endloop
  endfacet
  facet normal 0.9569403357322132 -0.29028467725444806 0
    outer loop
      vertex 7.409682209903664 -3 13
      vertex 7.407784569787386 -3.0062556811029295 6.951791167835696
      vertex 7.409682209903664 -3 6.963061506330609
    endloop
  endfacet
  facet normal 0.09801714032955991 -0.9951847266721969 0
    outer loop
      vertex 0 -8 20
      vertex 0 -8 6.500401936271916
      vertex 0.30709033739240355 -7.969754241712797 6.609819355967743
    endloop
  endfacet
  facet normal 0.09801714032956407 -0.9951847266721965 -3.251898309737498e-16
    outer loop
      vertex 1.560722576129026 -7.8462822432258434 20
      vertex 0.30709033739240355 -7.969754241712797 6.609819355967743
      vertex 0.3829509860610353 -7.962282619965839 6.68521990091736
    endloop
  endfacet
  facet normal 0.09801714032956012 -0.9951847266721969 5.120702116776348e-17
    outer loop
      vertex 1.560722576129026 -7.8462822432258434 20
      vertex 0.3829509860610353 -7.962282619965839 6.68521990091736
      vertex 0.6626434444235821 -7.934735317233296 6.963216045137678
    endloop
  endfacet
  facet normal 0.09801714032956105 -0.9951847266721968 -1.1692717719386342e-17
    outer loop
      vertex 1.560722576129026 -7.8462822432258434 20
      vertex 0.6626434444235821 -7.934735317233296 6.963216045137678
      vertex 1.1670273632171853 -7.885057837240528 6.609819355967743
    endloop
  endfacet
  facet normal 0.09801714032956063 -0.9951847266721969 0
    outer loop
      vertex 1.560722576129026 -7.8462822432258434 20
      vertex 1.1670273632171853 -7.885057837240528 6.609819355967743
      vertex 1.560722576129026 -7.8462822432258434 6.510935849136311
    endloop
  endfacet
  facet normal 0.2902846772544634 -0.9569403357322085 0
    outer loop
      vertex 1.560722576129026 -7.8462822432258434 20
      vertex 1.560722576129026 -7.8462822432258434 6.510935849136311
      vertex 1.79798270022161 -7.774310171430091 6.609819355967743
    endloop
  endfacet
  facet normal 0.2902846772544556 -0.9569403357322109 6.974582964667127e-16
    outer loop
      vertex 3.0614674589207183 -7.391036260090294 20
      vertex 1.79798270022161 -7.774310171430091 6.609819355967743
      vertex 1.857016211940286 -7.756402551428536 6.678452713427089
    endloop
  endfacet
  facet normal 0.29028467725446094 -0.9569403357322093 1.4082907064114905e-16
    outer loop
      vertex 3.0614674589207183 -7.391036260090294 20
      vertex 1.857016211940286 -7.756402551428536 6.678452713427089
      vertex 2.1019491763400695 -7.682102948971747 6.963216045137655
    endloop
  endfacet
  facet normal 0.2902846772544627 -0.9569403357322088 4.236851791062236e-18
    outer loop
      vertex 3.0614674589207183 -7.391036260090294 20
      vertex 2.1019491763400695 -7.682102948971747 6.963216045137655
      vertex 2.6916943923728613 -7.503205693514904 6.609819355967743
    endloop
  endfacet
  facet normal 0.29028467725446283 -0.9569403357322087 0
    outer loop
      vertex 3.0614674589207183 -7.391036260090294 20
      vertex 2.6916943923728613 -7.503205693514904 6.609819355967743
      vertex 3.0614674589207183 -7.391036260090294 6.5303872820558055
    endloop
  endfacet
  facet normal 0.47139673682599686 -0.8819212643483554 0
    outer loop
      vertex 3.0614674589207183 -7.391036260090294 20
      vertex 3.0614674589207183 -7.391036260090294 6.5303872820558055
      vertex 3.219612370447136 -7.306506043785471 6.609819355967743
    endloop
  endfacet
  facet normal 0.4713967368259999 -0.8819212643483539 -2.984530600429561e-16
    outer loop
      vertex 4.444561864156817 -6.651756898420362 20
      vertex 3.219612370447136 -7.306506043785471 6.609819355967743
      vertex 3.264553516812985 -7.28248450059053 6.672787696556519
    endloop
  endfacet
  facet normal 0.4713967368259983 -0.8819212643483546 -6.311293531106989e-17
    outer loop
      vertex 4.444561864156817 -6.651756898420362 20
      vertex 3.264553516812985 -7.28248450059053 6.672787696556519
      vertex 3.471835039008898 -7.171690218699983 6.963216045137667
    endloop
  endfacet
  facet normal 0.4713967368259977 -0.881921264348355 -1.3253463854655315e-18
    outer loop
      vertex 4.444561864156817 -6.651756898420362 20
      vertex 3.471835039008898 -7.171690218699983 6.963216045137667
      vertex 4.165036599761084 -6.801166265019471 6.609819355967743
    endloop
  endfacet
  facet normal 0.4713967368259976 -0.8819212643483552 0
    outer loop
      vertex 4.444561864156817 -6.651756898420362 20
      vertex 4.165036599761084 -6.801166265019471 6.609819355967743
      vertex 4.444561864156817 -6.651756898420362 6.5587351456736265
    endloop
  endfacet
  facet normal 0.6343932841636463 -0.7730104533627364 0
    outer loop
      vertex 4.444561864156817 -6.651756898420362 20
      vertex 4.444561864156817 -6.651756898420362 6.5587351456736265
      vertex 4.525650135752077 -6.585209473737178 6.609819355967743
    endloop
  endfacet
  facet normal 0.634393284163646 -0.7730104533627364 -2.8131067199080852e-18
    outer loop
      vertex 4.444561864156817 -6.651756898420362 20
      vertex 4.525650135752077 -6.585209473737178 6.609819355967743
      vertex 4.558741513455808 -6.558052081896426 6.667973519944936
    endloop
  endfacet
  facet normal 0.6343932841636445 -0.7730104533627377 -2.1972459933941586e-17
    outer loop
      vertex 4.444561864156817 -6.651756898420362 20
      vertex 4.558741513455808 -6.558052081896426 6.667973519944936
      vertex 4.726742766134365 -6.420177016990488 6.9632160451376715
    endloop
  endfacet
  facet normal 0.6343932841636455 -0.773010453362737 -3.992665436592896e-17
    outer loop
      vertex 5.656854249492381 -5.656854249492381 20
      vertex 4.726742766134365 -6.420177016990488 6.9632160451376715
      vertex 5.565067238350829 -5.732181902809805 6.609819355967743
    endloop
  endfacet
  facet normal 0.6343932841636464 -0.7730104533627362 -5.122117126269083e-17
    outer loop
      vertex 5.656854249492381 -5.656854249492381 20
      vertex 5.565067238350829 -5.732181902809805 6.609819355967743
      vertex 5.656854249492381 -5.65685424949238 6.595948785351451
    endloop
  endfacet
  facet normal 0.7730104533627348 -0.634393284163648 -4.203612889669305e-17
    outer loop
      vertex 5.656854249492381 -5.656854249492381 20
      vertex 5.656854249492381 -5.65685424949238 6.595948785351451
      vertex 5.673430161980945 -5.6366564416852265 6.609819355967743
    endloop
  endfacet
  facet normal 0.7730104533627455 -0.634393284163635 -9.124334421463872e-18
    outer loop
      vertex 5.656854249492381 -5.656854249492381 20
      vertex 5.673430161980945 -5.6366564416852265 6.609819355967743
      vertex 5.696568085897261 -5.608462799818408 6.663829894034897
    endloop
  endfacet
  facet normal 0.7730104533627362 -0.6343932841636464 -7.77379303081892e-17
    outer loop
      vertex 5.656854249492381 -5.656854249492381 20
      vertex 5.696568085897261 -5.608462799818408 6.663829894034897
      vertex 5.824823900297412 -5.452182637794667 6.9632160451376635
    endloop
  endfacet
  facet normal 0.7730104533627364 -0.634393284163646 -1.5584335335011925e-16
    outer loop
      vertex 5.656854249492381 -5.656854249492381 20
      vertex 6.19389331080519 -5.002470259904263 6.8455417664326195
      vertex 6.651756898420362 -4.444561864156817 6.6995563643649065
    endloop
  endfacet
  facet normal 0.8819212643483542 -0.47139673682599936 0
    outer loop
      vertex 6.651756898420362 -4.444561864156817 20
      vertex 6.651756898420362 -4.444561864156817 6.6995563643649065
      vertex 6.729302943370775 -4.29948341819989 6.963216045137664
    endloop
  endfacet
  facet normal 0.7730104533627377 -0.6343932841636445 -3.0985334983990796e-17
    outer loop
      vertex 5.656854249492381 -5.656854249492381 20
      vertex 5.824823900297412 -5.452182637794667 6.9632160451376635
      vertex 6.19389331080519 -5.002470259904263 6.8455417664326195
    endloop
  endfacet
  facet normal 0.8819212643483549 -0.4713967368259977 2.4922649756213757e-17
    outer loop
      vertex 6.651756898420362 -4.444561864156817 20
      vertex 6.729302943370775 -4.29948341819989 6.963216045137664
      vertex 7.260999376035702 -3.304749357665974 6.874112701944288
    endloop
  endfacet
  facet normal 0.8819212643483553 -0.47139673682599714 1.0315972897694427e-16
    outer loop
      vertex 6.651756898420362 -4.444561864156817 20
      vertex 7.260999376035702 -3.304749357665974 6.874112701944288
      vertex 7.391036260090294 -3.0614674589207183 6.852730299055662
    endloop
  endfacet
  facet normal 0.9569403357322089 -0.29028467725446216 9.570749355779866e-20
    outer loop
      vertex 7.409682209903664 -3 13
      vertex 7.391036260090294 -3.0614674589207183 20
      vertex 7.391036260090294 -3.0614674589207183 6.852730299055662
    endloop
  endfacet
  facet normal 0.09801714032956071 -0.9951847266721969 1.854960510704106e-17
    outer loop
      vertex 0 -8 20
      vertex 0.30709033739240355 -7.969754241712797 6.609819355967743
      vertex 1.560722576129026 -7.8462822432258434 20
    endloop
  endfacet
  facet normal 0.2902846772544623 -0.9569403357322088 -2.104168604872768e-17
    outer loop
      vertex 1.560722576129026 -7.8462822432258434 20
      vertex 1.79798270022161 -7.774310171430091 6.609819355967743
      vertex 3.0614674589207183 -7.391036260090294 20
    endloop
  endfacet
  facet normal 0.4713967368259977 -0.8819212643483549 1.189002967353038e-17
    outer loop
      vertex 3.0614674589207183 -7.391036260090294 20
      vertex 3.219612370447136 -7.306506043785471 6.609819355967743
      vertex 4.444561864156817 -6.651756898420362 20
    endloop
  endfacet
  facet normal 0.6343932841636452 -0.7730104533627373 -3.1908892280159384e-18
    outer loop
      vertex 4.444561864156817 -6.651756898420362 20
      vertex 4.726742766134365 -6.420177016990488 6.9632160451376715
      vertex 5.656854249492381 -5.656854249492381 20
    endloop
  endfacet
  facet normal 0.7730104533627372 -0.6343932841636452 5.419573649353139e-19
    outer loop
      vertex 5.656854249492381 -5.656854249492381 20
      vertex 6.651756898420362 -4.444561864156817 6.6995563643649065
      vertex 6.651756898420362 -4.444561864156817 20
    endloop
  endfacet
  facet normal 0.881921264348355 -0.47139673682599775 5.358040719109281e-18
    outer loop
      vertex 6.651756898420362 -4.444561864156817 20
      vertex 7.391036260090294 -3.0614674589207183 6.852730299055662
      vertex 7.391036260090294 -3.0614674589207183 20
    endloop
  endfacet
  facet normal 0 0 1
    outer loop
      vertex 0 -8 20
      vertex 1.560722576129026 -7.8462822432258434 20
      vertex 0 8 20
    endloop
  endfacet
  facet normal 0 0 1
    outer loop
      vertex 1.560722576129026 -7.8462822432258434 20
      vertex 3.0614674589207183 -7.391036260090294 20
      vertex 1.560722576129026 7.8462822432258434 20
    endloop
  endfacet
  facet normal 0 0 1
    outer loop
      vertex 3.0614674589207183 -7.391036260090294 20
      vertex 4.444561864156817 -6.651756898420362 20
      vertex 3.0614674589207183 7.391036260090294 20
    endloop
  endfacet
  facet normal 0 0 1
    outer loop
      vertex 4.444561864156817 -6.651756898420362 20
      vertex 5.656854249492381 -5.656854249492381 20
      vertex 4.444561864156817 6.651756898420362 20
    endloop
  endfacet
  facet normal 0 0 1
    outer loop
      vertex 5.656854249492381 -5.656854249492381 20
      vertex 6.651756898420362 -4.444561864156817 20
      vertex 5.656854249492381 5.656854249492381 20
    endloop
  endfacet
  facet normal 0 0 1
    outer loop
      vertex 6.651756898420362 -4.444561864156817 20
      vertex 7.391036260090294 -3.0614674589207183 20
      vertex 6.651756898420362 4.444561864156817 20
    endloop
  endfacet
  facet normal 0.9569403357322089 -0.29028467725446233 -1.737500451045682e-18
    outer loop
      vertex 7.409682209903664 -3 13
      vertex 7.8462822432258434 -1.560722576129026 13
      vertex 7.391036260090294 -3.0614674589207183 20
    endloop
  endfacet
  facet normal 0.9951847266721969 -0.0980171403295607 0
    outer loop
      vertex 7.8462822432258434 -1.560722576129026 13
      vertex 8 0 13
      vertex 7.8462822432258434 -1.560722576129026 20
    endloop
  endfacet
  facet normal 0.9569403357322088 -0.29028467725446233 0
    outer loop
      vertex 7.8462822432258434 -1.560722576129026 13
      vertex 7.8462822432258434 -1.560722576129026 20
      vertex 7.391036260090294 -3.0614674589207183 20
    endloop
  endfacet
  facet normal 0.9951847266721969 -0.0980171403295607 -9.375290381142067e-19
    outer loop
      vertex 7.8462822432258434 -1.560722576129026 20
      vertex 8 0 13
      vertex 8 0 20
    endloop
  endfacet
  facet normal 0 0 1
    outer loop
      vertex 7.391036260090294 -3.0614674589207183 20
      vertex 7.8462822432258434 -1.560722576129026 20
      vertex 7.391036260090294 3.0614674589207183 20
    endloop
  endfacet
  facet normal 0.8819212643483862 0.47139673682593924 7.674045374572896e-13
    outer loop
      vertex 6.729302943370777 4.299483418199886 6.9632160451376635
      vertex 7.391036260090294 3.0614674589207183 6.852730299055655
      vertex 7.260999376035692 3.304749357665992 6.874112701944282
    endloop
  endfacet
  facet normal 0.9569403357322087 0.2902846772544629 8.059870645203585e-18
    outer loop
      vertex 7.409682209903664 3 13
      vertex 7.4077845697873865 3.0062556811029264 6.951791167835696
      vertex 7.391036260090294 3.0614674589207183 6.852730299055655
    endloop
  endfacet
  facet normal 0.9569403357322109 0.2902846772544557 0
    outer loop
      vertex 7.409682209903664 3 13
      vertex 7.409682209903664 3 6.963061506330605
      vertex 7.4077845697873865 3.0062556811029264 6.951791167835696
    endloop
  endfacet
  facet normal 0.2902846772544626 0.9569403357322089 0
    outer loop
      vertex 3.0614674589207183 7.391036260090294 20
      vertex 3.0614674589207183 7.391036260090294 6.530387282055809
      vertex 2.6916943923728756 7.503205693514899 6.609819355967743
    endloop
  endfacet
  facet normal 0.4713967368259969 0.8819212643483554 0
    outer loop
      vertex 3.0614674589207183 7.391036260090294 20
      vertex 3.2196123704471296 7.3065060437854745 6.609819355967743
      vertex 3.0614674589207183 7.391036260090294 6.530387282055809
    endloop
  endfacet
  facet normal 0.47139673682600486 0.881921264348351 1.222292221620699e-16
    outer loop
      vertex 3.0614674589207183 7.391036260090294 20
      vertex 3.2645535168129762 7.2824845005905345 6.67278769655652
      vertex 3.2196123704471296 7.3065060437854745 6.609819355967743
    endloop
  endfacet
  facet normal 0.47139673682599675 0.8819212643483556 -4.124020373205461e-17
    outer loop
      vertex 3.0614674589207183 7.391036260090294 20
      vertex 3.47183503900889 7.171690218699988 6.963216045137667
      vertex 3.2645535168129762 7.2824845005905345 6.67278769655652
    endloop
  endfacet
  facet normal 0.4713967368259973 0.8819212643483553 -1.543389780288467e-17
    outer loop
      vertex 3.0614674589207183 7.391036260090294 20
      vertex 4.165036599761072 6.801166265019478 6.609819355967743
      vertex 3.47183503900889 7.171690218699988 6.963216045137667
    endloop
  endfacet
  facet normal 0.8819212643483549 0.4713967368259978 0
    outer loop
      vertex 7.391036260090294 3.0614674589207183 20
      vertex 7.391036260090294 3.0614674589207183 6.852730299055655
      vertex 6.729302943370777 4.299483418199886 6.9632160451376635
    endloop
  endfacet
  facet normal 0.6343932841636463 0.7730104533627363 1.7920206229730684e-17
    outer loop
      vertex 4.444561864156817 6.651756898420362 20
      vertex 4.726742766134362 6.42017701699049 6.963216045137664
      vertex 4.558741513455812 6.558052081896423 6.667973519944934
    endloop
  endfacet
  facet normal 0.4713967368259986 0.8819212643483544 0
    outer loop
      vertex 4.444561864156817 6.651756898420362 20
      vertex 4.444561864156817 6.651756898420362 6.558735145673625
      vertex 4.165036599761072 6.801166265019478 6.609819355967743
    endloop
  endfacet
  facet normal 0.6343932841636335 0.7730104533627467 -1.6354211330676874e-16
    outer loop
      vertex 4.444561864156817 6.651756898420362 20
      vertex 4.558741513455812 6.558052081896423 6.667973519944934
      vertex 4.52565013575208 6.585209473737175 6.609819355967743
    endloop
  endfacet
  facet normal 0.6343932841636498 0.7730104533627334 0
    outer loop
      vertex 4.444561864156817 6.651756898420362 20
      vertex 4.52565013575208 6.585209473737175 6.609819355967743
      vertex 4.444561864156817 6.651756898420362 6.558735145673625
    endloop
  endfacet
  facet normal 0.6343932841636448 0.7730104533627375 1.1684586454914625e-17
    outer loop
      vertex 5.656854249492381 5.656854249492381 20
      vertex 5.565067238350815 5.732181902809818 6.609819355967743
      vertex 4.726742766134362 6.42017701699049 6.963216045137664
    endloop
  endfacet
  facet normal 0.7730104533627373 0.6343932841636449 0
    outer loop
      vertex 6.651756898420362 4.444561864156817 20
      vertex 6.651756898420362 4.444561864156817 6.699556364364892
      vertex 6.1938933108052545 5.002470259904186 6.845541766432593
    endloop
  endfacet
  facet normal 0.773010453362739 0.6343932841636432 -2.6871523693551276e-16
    outer loop
      vertex 6.651756898420362 4.444561864156817 20
      vertex 5.82482390029741 5.45218263779467 6.963216045137655
      vertex 5.696568085897261 5.60846279981841 6.663829894034897
    endloop
  endfacet
  facet normal 0.8819212643483555 0.47139673682599653 0
    outer loop
      vertex 6.651756898420362 4.444561864156817 20
      vertex 6.729302943370777 4.299483418199886 6.9632160451376635
      vertex 6.651756898420362 4.444561864156817 6.699556364364892
    endloop
  endfacet
  facet normal 0.6343932841636458 0.7730104533627368 0
    outer loop
      vertex 5.656854249492381 5.656854249492381 20
      vertex 5.656854249492381 5.656854249492381 6.59594878535145
      vertex 5.565067238350815 5.732181902809818 6.609819355967743
    endloop
  endfacet
  facet normal 0.7730104533627425 0.6343932841636388 0
    outer loop
      vertex 5.656854249492381 5.656854249492381 20
      vertex 5.673430161980947 5.636656441685225 6.609819355967743
      vertex 5.656854249492381 5.656854249492381 6.59594878535145
    endloop
  endfacet
  facet normal 0.7730104533627301 0.6343932841636537 -3.787930627192327e-17
    outer loop
      vertex 5.656854249492381 5.656854249492381 20
      vertex 5.696568085897261 5.60846279981841 6.663829894034897
      vertex 5.673430161980947 5.636656441685225 6.609819355967743
    endloop
  endfacet
  facet normal 0.7730104533627368 0.6343932841636457 5.2368901216821393e-17
    outer loop
      vertex 6.651756898420362 4.444561864156817 20
      vertex 6.1938933108052545 5.002470259904186 6.845541766432593
      vertex 5.82482390029741 5.45218263779467 6.963216045137655
    endloop
  endfacet
  facet normal 0.9569403357322089 0.29028467725446216 -9.570749355779861e-20
    outer loop
      vertex 7.409682209903664 3 13
      vertex 7.391036260090294 3.0614674589207183 6.852730299055655
      vertex 7.391036260090294 3.0614674589207183 20
    endloop
  endfacet
  facet normal 0.09801714032956041 0.9951847266721969 -1.9631754497969656e-17
    outer loop
      vertex 0 8 20
      vertex 0.6626434444235711 7.934735317233297 6.9632160451376635
      vertex 0.38295098606104283 7.962282619965838 6.685219900917355
    endloop
  endfacet
  facet normal 0.09801714032955937 0.995184726672197 0
    outer loop
      vertex 0 8 20
      vertex 0.30709033739241426 7.9697542417127964 6.609819355967743
      vertex 0 8 6.5004019362719125
    endloop
  endfacet
  facet normal 0.0980171403295678 0.995184726672196 1.9532565041750003e-16
    outer loop
      vertex 0 8 20
      vertex 0.38295098606104283 7.962282619965838 6.685219900917355
      vertex 0.30709033739241426 7.9697542417127964 6.609819355967743
    endloop
  endfacet
  facet normal 0.09801714032956106 0.9951847266721968 1.4835114020801388e-17
    outer loop
      vertex 0 8 20
      vertex 1.1670273632171653 7.88505783724053 6.609819355967743
      vertex 0.6626434444235711 7.934735317233297 6.9632160451376635
    endloop
  endfacet
  facet normal 0.09801714032956015 0.9951847266721968 0
    outer loop
      vertex 1.560722576129026 7.8462822432258434 20
      vertex 1.560722576129026 7.8462822432258434 6.510935849136312
      vertex 1.1670273632171653 7.88505783724053 6.609819355967743
    endloop
  endfacet
  facet normal 0.29028467725446144 0.956940335732209 0
    outer loop
      vertex 1.560722576129026 7.8462822432258434 20
      vertex 1.7979827002216 7.774310171430095 6.609819355967743
      vertex 1.560722576129026 7.8462822432258434 6.510935849136312
    endloop
  endfacet
  facet normal 0.2902846772544596 0.9569403357322097 -3.644646932223935e-17
    outer loop
      vertex 1.560722576129026 7.8462822432258434 20
      vertex 1.8570162119402722 7.756402551428541 6.678452713427091
      vertex 1.7979827002216 7.774310171430095 6.609819355967743
    endloop
  endfacet
  facet normal 0.2902846772544626 0.9569403357322088 3.687947642057501e-17
    outer loop
      vertex 1.560722576129026 7.8462822432258434 20
      vertex 2.10194917634006 7.68210294897175 6.96321604513767
      vertex 1.8570162119402722 7.756402551428541 6.678452713427091
    endloop
  endfacet
  facet normal 0.2902846772544626 0.9569403357322088 4.0402178251040507e-17
    outer loop
      vertex 1.560722576129026 7.8462822432258434 20
      vertex 2.6916943923728756 7.503205693514899 6.609819355967743
      vertex 2.10194917634006 7.68210294897175 6.96321604513767
    endloop
  endfacet
  facet normal 0.4713967368259977 0.8819212643483549 2.699446333150941e-17
    outer loop
      vertex 3.0614674589207183 7.391036260090294 20
      vertex 4.444561864156817 6.651756898420362 20
      vertex 4.165036599761072 6.801166265019478 6.609819355967743
    endloop
  endfacet
  facet normal 0.634393284163645 0.7730104533627372 -2.6763974074619084e-17
    outer loop
      vertex 4.444561864156817 6.651756898420362 20
      vertex 5.656854249492381 5.656854249492381 20
      vertex 4.726742766134362 6.42017701699049 6.963216045137664
    endloop
  endfacet
  facet normal 0.7730104533627373 0.6343932841636452 1.223807582717864e-17
    outer loop
      vertex 6.651756898420362 4.444561864156817 20
      vertex 5.696568085897261 5.60846279981841 6.663829894034897
      vertex 5.656854249492381 5.656854249492381 20
    endloop
  endfacet
  facet normal 0.8819212643483549 0.47139673682599764 -1.4835861292259116e-17
    outer loop
      vertex 7.391036260090294 3.0614674589207183 20
      vertex 6.729302943370777 4.299483418199886 6.9632160451376635
      vertex 6.651756898420362 4.444561864156817 20
    endloop
  endfacet
  facet normal 0 0 1
    outer loop
      vertex 1.560722576129026 -7.8462822432258434 20
      vertex 1.560722576129026 7.8462822432258434 20
      vertex 0 8 20
    endloop
  endfacet
  facet normal 0 0 1
    outer loop
      vertex 3.0614674589207183 -7.391036260090294 20
      vertex 3.0614674589207183 7.391036260090294 20
      vertex 1.560722576129026 7.8462822432258434 20
    endloop
  endfacet
  facet normal 0 0 1
    outer loop
      vertex 4.444561864156817 -6.651756898420362 20
      vertex 4.444561864156817 6.651756898420362 20
      vertex 3.0614674589207183 7.391036260090294 20
    endloop
  endfacet
  facet normal 0 0 1
    outer loop
      vertex 5.656854249492381 -5.656854249492381 20
      vertex 5.656854249492381 5.656854249492381 20
      vertex 4.444561864156817 6.651756898420362 20
    endloop
  endfacet
  facet normal 0 0 1
    outer loop
      vertex 7.391036260090294 -3.0614674589207183 20
      vertex 7.391036260090294 3.0614674589207183 20
      vertex 6.651756898420362 4.444561864156817 20
    endloop
  endfacet
  facet normal 0 0 1
    outer loop
      vertex 6.651756898420362 -4.444561864156817 20
      vertex 6.651756898420362 4.444561864156817 20
      vertex 5.656854249492381 5.656854249492381 20
    endloop
  endfacet
  facet normal 0.09801714032956071 0.9951847266721969 -1.6875895404196556e-17
    outer loop
      vertex 0 8 20
      vertex 1.560722576129026 7.8462822432258434 20
      vertex 1.1670273632171653 7.88505783724053 6.609819355967743
    endloop
  endfacet
  facet normal 0.2902846772544623 0.9569403357322088 7.356127571169937e-18
    outer loop
      vertex 3.0614674589207183 7.391036260090294 20
      vertex 2.6916943923728756 7.503205693514899 6.609819355967743
      vertex 1.560722576129026 7.8462822432258434 20
    endloop
  endfacet
  facet normal 0.9951847266721969 0.0980171403295607 0
    outer loop
      vertex 8 0 13
      vertex 7.8462822432258434 1.560722576129026 13
      vertex 8 0 20
    endloop
  endfacet
  facet normal 0.9569403357322089 0.29028467725446233 2.343802556996024e-19
    outer loop
      vertex 7.409682209903664 3 13
      vertex 7.8462822432258434 1.560722576129026 20
      vertex 7.8462822432258434 1.560722576129026 13
    endloop
  endfacet
  facet normal 0.9951847266721969 0.0980171403295607 0
    outer loop
      vertex 7.8462822432258434 1.560722576129026 13
      vertex 7.8462822432258434 1.560722576129026 20
      vertex 8 0 20
    endloop
  endfacet
  facet normal 0.9569403357322088 0.29028467725446233 -1.4292964298901555e-18
    outer loop
      vertex 7.409682209903664 3 13
      vertex 7.391036260090294 3.0614674589207183 20
      vertex 7.8462822432258434 1.560722576129026 20
    endloop
  endfacet
  facet normal 0 0 1
    outer loop
      vertex 7.8462822432258434 -1.560722576129026 20
      vertex 8 0 20
      vertex 7.8462822432258434 1.560722576129026 20
    endloop
  endfacet
  facet normal 0 0 1
    outer loop
      vertex 7.8462822432258434 -1.560722576129026 20
      vertex 7.8462822432258434 1.560722576129026 20
      vertex 7.391036260090294 3.0614674589207183 20
    endloop
  endfacet
  facet normal 0 -1 0
    outer loop
      vertex 7.409682209903664 -3 13
      vertex 7.409682209903664 -3 6.963061506330609
      vertex 7.409877740176945 -3 6.961461843401612
    endloop
  endfacet
  facet normal 0 -1 0
    outer loop
      vertex 7.409682209903664 -3 13
      vertex 7.409877740176945 -3 6.961461843401612
      vertex 8.750261767545517 -3 6.94971680601449
    endloop
  endfacet
  facet normal 0 -1 0
    outer loop
      vertex 7.409682209903664 -3 13
      vertex 8.750261767545517 -3 6.94971680601449
      vertex 19.136560736634557 -3 6.9632160451376635
    endloop
  endfacet
  facet normal 0 -1 0
    outer loop
      vertex 20.009578198861455 -3 5.152240934977426
      vertex 21.33646925739475 -3 5.337060775394909
      vertex 19.765079340620552 -3 5.337060775394909
    endloop
  endfacet
  facet normal 0 -1 0
    outer loop
      vertex 21.33646925739475 -3 5.337060775394909
      vertex 20.009578198861455 -3 5.152240934977426
      vertex 20.27487491972471 -3 5.038429439193539
    endloop
  endfacet
  facet normal 0 -1 0
    outer loop
      vertex 21.33646925739475 -3 5.337060775394909
      vertex 19.374898696588293 -3 5.888859533960796
      vertex 19.550774299007653 -3 5.585786437626904
    endloop
  endfacet
  facet normal 0 -1 0
    outer loop
      vertex 21.33646925739475 -3 5.337060775394909
      vertex 19.550774299007653 -3 5.585786437626904
      vertex 19.765079340620552 -3 5.337060775394909
    endloop
  endfacet
  facet normal 0 -1 0
    outer loop
      vertex 21.33646925739475 -3 5.337060775394909
      vertex 19.244211334131275 -3 6.234633135269819
      vertex 19.374898696588293 -3 5.888859533960796
    endloop
  endfacet
  facet normal 0 -1 0
    outer loop
      vertex 19.163734453685507 -3 6.609819355967742
      vertex 21.33646925739475 -3 5.337060775394909
      vertex 21.34176218043715 -3 5.343203821675835
    endloop
  endfacet
  facet normal 0 -1 0
    outer loop
      vertex 19.163734453685507 -3 6.609819355967742
      vertex 19.244211334131275 -3 6.234633135269819
      vertex 21.33646925739475 -3 5.337060775394909
    endloop
  endfacet
  facet normal 0 -1 0
    outer loop
      vertex 20.576784482929664 -3 5
      vertex 20.826673678290597 -3 5.038429439193539
      vertex 20.524764115085645 -3 5
    endloop
  endfacet
  facet normal 0 -1 0
    outer loop
      vertex 20.27487491972471 -3 5.038429439193539
      vertex 20.524764115085645 -3 5
      vertex 21.09197039915385 -3 5.152240934977426
    endloop
  endfacet
  facet normal 0 -1 0
    outer loop
      vertex 20.524764115085645 -3 5
      vertex 20.826673678290597 -3 5.038429439193539
      vertex 21.09197039915385 -3 5.152240934977426
    endloop
  endfacet
  facet normal 0 -1 0
    outer loop
      vertex 20.27487491972471 -3 5.038429439193539
      vertex 21.09197039915385 -3 5.152240934977426
      vertex 21.33646925739475 -3 5.337060775394909
    endloop
  endfacet
  facet normal 0 -1 0
    outer loop
      vertex 22 -3 5
      vertex 21.34176218043715 -3 5.343203821675835
      vertex 21.729728704517175 -3 5
    endloop
  endfacet
  facet normal 0 -1 0
    outer loop
      vertex 22 -3 5
      vertex 19.163734453685507 -3 6.609819355967742
      vertex 21.34176218043715 -3 5.343203821675835
    endloop
  endfacet
  facet normal 0 -1 0
    outer loop
      vertex 22 -3 5
      vertex 22 -3 13
      vertex 19.163734453685507 -3 6.609819355967742
    endloop
  endfacet
  facet normal 1 0 0
    outer loop
      vertex 22 -3 5
      vertex 22 3 5
      vertex 22 -3 13
    endloop
  endfacet
  facet normal 0 -1 0
    outer loop
      vertex 22 -3 13
      vertex 19.136560736634557 -3 6.9632160451376635
      vertex 19.163734453685507 -3 6.609819355967742
    endloop
  endfacet
  facet normal 0 0 1
    outer loop
      vertex 7.409682209903664 -3 13
      vertex 22 -3 13
      vertex 7.8462822432258434 -1.560722576129026 13
    endloop
  endfacet
  facet normal 0 0 1
    outer loop
      vertex 7.8462822432258434 -1.560722576129026 13
      vertex 22 -3 13
      vertex 8 0 13
    endloop
  endfacet
  facet normal 0 0 1
    outer loop
      vertex 22 -3 13
      vertex 7.8462822432258434 1.560722576129026 13
      vertex 8 0 13
    endloop
  endfacet
  facet normal 0 -1 0
    outer loop
      vertex 7.409682209903664 -3 13
      vertex 19.136560736634557 -3 6.9632160451376635
      vertex 22 -3 13
    endloop
  endfacet
  facet normal 0 1 0
    outer loop
      vertex 7.409682209903664 3 13
      vertex 7.4098777401769444 3 6.9614618434016124
      vertex 7.409682209903664 3 6.963061506330605
    endloop
  endfacet
  facet normal 0 1 0
    outer loop
      vertex 7.409682209903664 3 13
      vertex 8.750261767545503 3 6.949716806014491
      vertex 7.4098777401769444 3 6.9614618434016124
    endloop
  endfacet
  facet normal 0 1 0
    outer loop
      vertex 20.576784482929654 3 5
      vertex 20.52476411508564 3 5
      vertex 20.274874919724702 3 5.038429439193539
    endloop
  endfacet
  facet normal 0 1 0
    outer loop
      vertex 20.274874919724702 3 5.038429439193539
      vertex 20.82667367829059 3 5.038429439193539
      vertex 20.576784482929654 3 5
    endloop
  endfacet
  facet normal 0 1 0
    outer loop
      vertex 20.274874919724702 3 5.038429439193539
      vertex 20.009578198861448 3 5.152240934977426
      vertex 21.091970399153844 3 5.152240934977426
    endloop
  endfacet
  facet normal 0 1 0
    outer loop
      vertex 19.765079340620545 3 5.337060775394909
      vertex 21.091970399153844 3 5.152240934977426
      vertex 20.009578198861448 3 5.152240934977426
    endloop
  endfacet
  facet normal 0 1 0
    outer loop
      vertex 19.765079340620545 3 5.337060775394909
      vertex 19.550774299007646 3 5.585786437626904
      vertex 21.091970399153844 3 5.152240934977426
    endloop
  endfacet
  facet normal 0 1 0
    outer loop
      vertex 19.550774299007646 3 5.585786437626904
      vertex 19.37489869658829 3 5.888859533960796
      vertex 21.091970399153844 3 5.152240934977426
    endloop
  endfacet
  facet normal 0 1 0
    outer loop
      vertex 19.37489869658829 3 5.888859533960796
      vertex 19.244211334131272 3 6.234633135269819
      vertex 21.091970399153844 3 5.152240934977426
    endloop
  endfacet
  facet normal 0 1 0
    outer loop
      vertex 21.33646925739475 3 5.337060775394909
      vertex 21.091970399153844 3 5.152240934977426
      vertex 19.13656073663455 3 6.963216045137675
    endloop
  endfacet
  facet normal 0 1 0
    outer loop
      vertex 21.33646925739475 3 5.337060775394909
      vertex 19.13656073663455 3 6.963216045137675
      vertex 21.341762180437147 3 5.343203821675834
    endloop
  endfacet
  facet normal 0 1 0
    outer loop
      vertex 19.1637344536855 3 6.609819355967742
      vertex 21.091970399153844 3 5.152240934977426
      vertex 19.244211334131272 3 6.234633135269819
    endloop
  endfacet
  facet normal 0 1 0
    outer loop
      vertex 21.091970399153844 3 5.152240934977426
      vertex 19.1637344536855 3 6.609819355967742
      vertex 19.13656073663455 3 6.963216045137675
    endloop
  endfacet
  facet normal 0 1 0
    outer loop
      vertex 20.274874919724702 3 5.038429439193539
      vertex 21.091970399153844 3 5.152240934977426
      vertex 20.82667367829059 3 5.038429439193539
    endloop
  endfacet
  facet normal 0 1 0
    outer loop
      vertex 22 3 13
      vertex 19.13656073663455 3 6.963216045137675
      vertex 8.750261767545503 3 6.949716806014491
    endloop
  endfacet
  facet normal 0 1 0
    outer loop
      vertex 22 3 13
      vertex 21.72972870451717 3 5
      vertex 21.341762180437147 3 5.343203821675834
    endloop
  endfacet
  facet normal 0 1 0
    outer loop
      vertex 22 3 5
      vertex 21.72972870451717 3 5
      vertex 22 3 13
    endloop
  endfacet
  facet normal 0 1 0
    outer loop
      vertex 22 3 13
      vertex 21.341762180437147 3 5.343203821675834
      vertex 19.13656073663455 3 6.963216045137675
    endloop
  endfacet
  facet normal 0 1 0
    outer loop
      vertex 7.409682209903664 3 13
      vertex 22 3 13
      vertex 8.750261767545503 3 6.949716806014491
    endloop
  endfacet
  facet normal 0 0 1
    outer loop
      vertex 7.409682209903664 3 13
      vertex 7.8462822432258434 1.560722576129026 13
      vertex 22 3 13
    endloop
  endfacet
  facet normal 1 0 0
    outer loop
      vertex 22 -3 13
      vertex 22 3 5
      vertex 22 3 13
    endloop
  endfacet
  facet normal 0 0 1
    outer loop
      vertex 22 -3 13
      vertex 22 3 13
      vertex 7.8462822432258434 1.560722576129026 13
    endloop
  endfacet
  facet normal 0.6856138327877749 -0.3597941866805889 0.6328363260124301
    outer loop
      vertex 7.221264592507821 -4.617476321086068 5.585786437626905
      vertex 7.653989504387933 -3.396482799701737 5.811159381197572
      vertex 7.012377054124266 -4.482456132370442 5.8888595339607965
    endloop
  endfacet
  facet normal 0.7808261215867708 -0.4097593804561301 0.4716013337300584
    outer loop
      vertex 7.012377054124266 -4.482456132370442 5.8888595339607965
      vertex 7.614340021521743 -3.3353721811778763 5.888859533960796
      vertex 7.197539937340691 -4.011885595293381 5.991150753937523
    endloop
  endfacet
  facet normal 0.7818511441602106 -0.4097875484272999 0.4698754659793519
    outer loop
      vertex 7.012377054124266 -4.482456132370442 5.8888595339607965
      vertex 7.197539937340691 -4.011885595293381 5.991150753937523
      vertex 6.85715961028351 -4.382127081046882 6.234633135269821
    endloop
  endfacet
  facet normal 0.7818511441602105 -0.40978754842729964 0.4698754659793523
    outer loop
      vertex 7.197539937340691 -4.011885595293381 5.991150753937523
      vertex 7.200968552347866 -3.7261593344494837 6.234633135269821
      vertex 6.85715961028351 -4.382127081046882 6.234633135269821
    endloop
  endfacet
  facet normal 0.8480181077357652 -0.44412066499341074 0.28917490188130535
    outer loop
      vertex 6.85715961028351 -4.382127081046882 6.234633135269821
      vertex 7.442710893521591 -3.053566656567404 6.557908244561008
      vertex 6.761577180305409 -4.32034475629257 6.609819355967743
    endloop
  endfacet
  facet normal 0.8475377252753675 -0.4442155124212175 0.2904348167135111
    outer loop
      vertex 6.85715961028351 -4.382127081046882 6.234633135269821
      vertex 7.200968552347866 -3.7261593344494837 6.234633135269821
      vertex 7.201470094194618 -3.6843629600448176 6.297096453004506
    endloop
  endfacet
  facet normal 0.8807725273922348 -0.46113918832956796 0.10765873851129076
    outer loop
      vertex 6.761577180305409 -4.32034475629257 6.609819355967743
      vertex 7.260999376035702 -3.304749357665974 6.874112701944288
      vertex 6.729302943370775 -4.29948341819989 6.963216045137664
    endloop
  endfacet
  facet normal 0.685613832787778 -0.35979418668059104 0.6328363260124252
    outer loop
      vertex 7.012377054124266 -4.482456132370442 5.8888595339607965
      vertex 7.653989504387933 -3.396482799701737 5.811159381197572
      vertex 7.620643425014931 -3.3412816366338736 5.878670661920663
    endloop
  endfacet
  facet normal 0.6856138327877824 -0.35979418668059343 0.6328363260124192
    outer loop
      vertex 7.012377054124266 -4.482456132370442 5.8888595339607965
      vertex 7.620643425014931 -3.3412816366338736 5.878670661920663
      vertex 7.614340021521743 -3.3353721811778763 5.888859533960796
    endloop
  endfacet
  facet normal 0.780826121586769 -0.4097593804561283 0.47160133373006263
    outer loop
      vertex 7.197539937340691 -4.011885595293381 5.991150753937523
      vertex 7.614340021521743 -3.3353721811778763 5.888859533960796
      vertex 7.523070303321636 -3.1845869677628444 6.170986462353988
    endloop
  endfacet
  facet normal 0.7818511441602107 -0.40978754842729825 0.4698754659793528
    outer loop
      vertex 7.197539937340691 -4.011885595293381 5.991150753937523
      vertex 7.523070303321636 -3.1845869677628444 6.170986462353988
      vertex 7.200968552347865 -3.726159334449484 6.234633135269821
    endloop
  endfacet
  facet normal 0.7818511441602124 -0.4097875484272997 0.4698754659793488
    outer loop
      vertex 7.523070303321636 -3.1845869677628444 6.170986462353988
      vertex 7.505362431434193 -3.155088117113843 6.226178068348281
      vertex 7.200968552347865 -3.726159334449484 6.234633135269821
    endloop
  endfacet
  facet normal 0.7818511441601952 -0.4097875484272901 0.4698754659793858
    outer loop
      vertex 7.200968552347865 -3.726159334449484 6.234633135269821
      vertex 7.505362431434193 -3.155088117113843 6.226178068348281
      vertex 7.501955621598382 -3.1518932656680043 6.234633135269819
    endloop
  endfacet
  facet normal 0.8475377252753679 -0.4442155124212175 0.2904348167135099
    outer loop
      vertex 6.85715961028351 -4.382127081046882 6.234633135269821
      vertex 7.201470094194618 -3.6843629600448176 6.297096453004506
      vertex 7.442710893521591 -3.053566656567404 6.557908244561008
    endloop
  endfacet
  facet normal 0.8475377252753704 -0.4442155124212179 0.2904348167135025
    outer loop
      vertex 7.200968552347865 -3.726159334449484 6.234633135269821
      vertex 7.501955621598382 -3.1518932656680043 6.234633135269819
      vertex 7.201470094194618 -3.6843629600448176 6.297096453004506
    endloop
  endfacet
  facet normal 0.8475377252753693 -0.4442155124212168 0.2904348167135068
    outer loop
      vertex 7.201470094194618 -3.6843629600448176 6.297096453004506
      vertex 7.501955621598382 -3.1518932656680043 6.234633135269819
      vertex 7.442710893521591 -3.053566656567404 6.557908244561008
    endloop
  endfacet
  facet normal 0.8806680183912873 -0.4612199461290724 0.10816655063123204
    outer loop
      vertex 6.761577180305409 -4.32034475629257 6.609819355967743
      vertex 7.432948431495154 -3.0384071593771735 6.609819355967742
      vertex 7.260999376035702 -3.304749357665974 6.874112701944288
    endloop
  endfacet
  facet normal 0.8480181077357637 -0.44412066499340974 0.28917490188131145
    outer loop
      vertex 7.442710893521591 -3.053566656567404 6.557908244561008
      vertex 7.434554795812935 -3.0399138651886792 6.602794592743692
      vertex 6.761577180305409 -4.32034475629257 6.609819355967743
    endloop
  endfacet
  facet normal 0.8480181077357624 -0.44412066499340896 0.2891749018813165
    outer loop
      vertex 6.761577180305409 -4.32034475629257 6.609819355967743
      vertex 7.434554795812935 -3.0399138651886792 6.602794592743692
      vertex 7.432948431495154 -3.0384071593771735 6.609819355967742
    endloop
  endfacet
  facet normal 0.8806680183912875 -0.4612199461290714 0.1081665506312333
    outer loop
      vertex 7.432948431495154 -3.0384071593771735 6.609819355967742
      vertex 7.391036260090294 -3.0614674589207183 6.852730299055662
      vertex 7.260999376035702 -3.304749357665974 6.874112701944288
    endloop
  endfacet
  facet normal 0.8806680183912875 -0.4612199461290717 0.10816655063123329
    outer loop
      vertex 7.432948431495154 -3.0384071593771735 6.609819355967742
      vertex 7.407784569787386 -3.0062556811029295 6.951791167835696
      vertex 7.391036260090294 -3.0614674589207183 6.852730299055662
    endloop
  endfacet
  facet normal 0.8806680183912955 -0.4612199461290568 0.10816655063123248
    outer loop
      vertex 7.432948431495154 -3.0384071593771735 6.609819355967742
      vertex 7.410416202912131 -3.0009041478406626 6.953183823448257
      vertex 7.407784569787386 -3.0062556811029295 6.951791167835696
    endloop
  endfacet
  facet normal 0.8807725273922407 -0.4611391883295538 0.10765873851130198
    outer loop
      vertex 7.410416202912131 -3.0009041478406626 6.953183823448257
      vertex 7.409682209903664 -3 6.963061506330609
      vertex 7.407784569787386 -3.0062556811029295 6.951791167835696
    endloop
  endfacet
  facet normal 0.8807725273915811 -0.46113918833079853 0.10765873851136691
    outer loop
      vertex 7.410416202912131 -3.0009041478406626 6.953183823448257
      vertex 7.409877740176945 -3 6.961461843401612
      vertex 7.409682209903664 -3 6.963061506330609
    endloop
  endfacet
  facet normal 0.09592382514578345 -0.05073450374320957 0.9940948797269461
    outer loop
      vertex 8.081279251294523 -5.173370379803775 5.038429439193539
      vertex 8.378072769949432 -5.3652110094960035 5
      vertex 8.458908414437094 -5.212374898855638 5
    endloop
  endfacet
  facet normal 0.2576438314655519 -0.1359713202661955 0.9566250342599331
    outer loop
      vertex 8.081279251294523 -5.173370379803775 5.038429439193539
      vertex 8.301647399697735 -4.418235481005776 5.086410825251014
      vertex 7.76618620711994 -4.969701349967659 5.152240934977427
    endloop
  endfacet
  facet normal 0.09592382514578332 -0.050734503743210584 0.994094879726946
    outer loop
      vertex 8.081279251294523 -5.173370379803775 5.038429439193539
      vertex 8.458908414437094 -5.212374898855638 5
      vertex 8.569571580815074 -4.829479773467703 5.008863097607898
    endloop
  endfacet
  facet normal 0.09592382514579778 -0.05073450374321867 0.9940948797269443
    outer loop
      vertex 8.081279251294523 -5.173370379803775 5.038429439193539
      vertex 8.425710510893795 -4.599029599357697 5.034506001376221
      vertex 8.398511320919265 -4.573579087247953 5.038429439193539
    endloop
  endfacet
  facet normal 0.25648424141639165 -0.13565556509488902 0.9569814008453061
    outer loop
      vertex 8.081279251294523 -5.173370379803775 5.038429439193539
      vertex 8.398511320919265 -4.573579087247953 5.038429439193539
      vertex 8.301647399697735 -4.418235481005776 5.086410825251014
    endloop
  endfacet
  facet normal 0.0959238251457826 -0.050734503743209564 0.9940948797269462
    outer loop
      vertex 8.081279251294523 -5.173370379803775 5.038429439193539
      vertex 8.569571580815074 -4.829479773467703 5.008863097607898
      vertex 8.425710510893795 -4.599029599357697 5.034506001376221
    endloop
  endfacet
  facet normal 0.4183817601145572 -0.22033679656367577 0.8811403968060383
    outer loop
      vertex 7.76618620711994 -4.969701349967659 5.152240934977427
      vertex 8.05171964794212 -4.028812230408531 5.251941858123122
      vertex 7.475794794479578 -4.781998897061613 5.33706077539491
    endloop
  endfacet
  facet normal 0.41838176011455386 -0.2203367965636729 0.8811403968060404
    outer loop
      vertex 7.475794794479578 -4.781998897061613 5.33706077539491
      vertex 8.05171964794212 -4.028812230408531 5.251941858123122
      vertex 7.9678222862861805 -3.8920823252397043 5.325968375774987
    endloop
  endfacet
  facet normal 0.2576438314655506 -0.13597132026619413 0.9566250342599337
    outer loop
      vertex 7.76618620711994 -4.969701349967659 5.152240934977427
      vertex 8.301647399697735 -4.418235481005776 5.086410825251014
      vertex 8.187022020018643 -4.233026028724838 5.143607421405809
    endloop
  endfacet
  facet normal 0.25764383146555736 -0.135971320266198 0.9566250342599312
    outer loop
      vertex 7.76618620711994 -4.969701349967659 5.152240934977427
      vertex 8.187022020018643 -4.233026028724838 5.143607421405809
      vertex 8.165566741228334 -4.212939329719581 5.152240934977426
    endloop
  endfacet
  facet normal 0.4167310825325777 -0.21992948624307224 0.8820239372783962
    outer loop
      vertex 7.76618620711994 -4.969701349967659 5.152240934977427
      vertex 8.165566741228334 -4.212939329719581 5.152240934977426
      vertex 8.05171964794212 -4.028812230408531 5.251941858123122
    endloop
  endfacet
  facet normal 0.5629010687353039 -0.29587870161907137 0.7717500766082666
    outer loop
      vertex 7.475794794479578 -4.781998897061613 5.33706077539491
      vertex 7.832450436178174 -3.68223394326288 5.498557597372908
      vertex 7.221264592507821 -4.617476321086068 5.585786437626905
    endloop
  endfacet
  facet normal 0.4183817601145566 -0.22033679656367444 0.8811403968060387
    outer loop
      vertex 7.475794794479578 -4.781998897061613 5.33706077539491
      vertex 7.9678222862861805 -3.8920823252397043 5.325968375774987
      vertex 7.952178192928461 -3.877428585425994 5.337060775394909
    endloop
  endfacet
  facet normal 0.5611307882535993 -0.2955142219947511 0.7731775883150852
    outer loop
      vertex 7.475794794479578 -4.781998897061613 5.33706077539491
      vertex 7.952178192928461 -3.877428585425994 5.337060775394909
      vertex 7.832450436178174 -3.68223394326288 5.498557597372908
    endloop
  endfacet
  facet normal 0.562901068735305 -0.29587870161907237 0.7717500766082652
    outer loop
      vertex 7.221264592507821 -4.617476321086068 5.585786437626905
      vertex 7.832450436178174 -3.68223394326288 5.498557597372908
      vertex 7.776641355588044 -3.5905314634310472 5.574421278572035
    endloop
  endfacet
  facet normal 0.5629010687353035 -0.29587870161907154 0.7717500766082667
    outer loop
      vertex 7.221264592507821 -4.617476321086068 5.585786437626905
      vertex 7.776641355588044 -3.5905314634310472 5.574421278572035
      vertex 7.766201833827262 -3.5807482502454033 5.585786437626904
    endloop
  endfacet
  facet normal 0.095470501805563 -0.050604648958895604 0.994145136682135
    outer loop
      vertex 8.569571580815074 -4.829479773467703 5.008863097607898
      vertex 8.458908414437094 -5.212374898855638 5
      vertex 8.619652627486884 -4.909115593674624 5
    endloop
  endfacet
  facet normal 0.6840926775216326 -0.3595808650123469 0.634601300091842
    outer loop
      vertex 7.221264592507821 -4.617476321086068 5.585786437626905
      vertex 7.766201833827262 -3.5807482502454033 5.585786437626904
      vertex 7.653989504387933 -3.396482799701737 5.811159381197572
    endloop
  endfacet
  facet normal 0.37206721127790965 -0.2919463790074295 0.8810977823580817
    outer loop
      vertex 6.722449150893501 -6.299878271969159 5.152240934977427
      vertex 7.76618620711994 -4.969701349967659 5.152240934977427
      vertex 6.471058590687376 -6.062471090945791 5.337060775394909
    endloop
  endfacet
  facet normal 0.22925076688181004 -0.17988389580809808 0.9566012073549789
    outer loop
      vertex 6.995223804151591 -6.557480074644372 5.038429439193539
      vertex 8.081279251294523 -5.173370379803775 5.038429439193539
      vertex 6.722449150893501 -6.299878271969159 5.152240934977427
    endloop
  endfacet
  facet normal 0.37206746418425385 -0.2919467156761181 0.8810975640083377
    outer loop
      vertex 6.471058590687376 -6.062471090945791 5.337060775394909
      vertex 7.76618620711994 -4.969701349967659 5.152240934977427
      vertex 7.475794794479578 -4.781998897061613 5.33706077539491
    endloop
  endfacet
  facet normal 0.5003395173783004 -0.3925967543059105 0.7717047076817104
    outer loop
      vertex 6.250712921780484 -5.854381956401514 5.585786437626905
      vertex 6.471058590687376 -6.062471090945791 5.337060775394909
      vertex 7.475794794479578 -4.781998897061613 5.33706077539491
    endloop
  endfacet
  facet normal 0.5003397746359259 -0.39259713137323865 0.7717043490578336
    outer loop
      vertex 6.250712921780484 -5.854381956401514 5.585786437626905
      vertex 7.475794794479578 -4.781998897061613 5.33706077539491
      vertex 7.221264592507821 -4.617476321086068 5.585786437626905
    endloop
  endfacet
  facet normal 0.6091671802351702 -0.47798975738252303 0.6328041864287312
    outer loop
      vertex 6.250712921780484 -5.854381956401514 5.585786437626905
      vertex 7.221264592507821 -4.617476321086068 5.585786437626905
      vertex 6.069879904657643 -5.683607617079134 5.888859533960796
    endloop
  endfacet
  facet normal 0.6944698534030259 -0.544923654972292 0.4698615040264717
    outer loop
      vertex 6.069879904657643 -5.683607617079134 5.888859533960796
      vertex 7.012377054124266 -4.482456132370442 5.8888595339607965
      vertex 5.9355088507545615 -5.556710835067458 6.234633135269821
    endloop
  endfacet
  facet normal 0.6091673789633063 -0.47799009994165126 0.6328037363707215
    outer loop
      vertex 6.069879904657643 -5.683607617079134 5.888859533960796
      vertex 7.221264592507821 -4.617476321086068 5.585786437626905
      vertex 7.012377054124266 -4.482456132370442 5.8888595339607965
    endloop
  endfacet
  facet normal 0.6944699591747365 -0.5449239044491514 0.46986105836058795
    outer loop
      vertex 5.9355088507545615 -5.556710835067458 6.234633135269821
      vertex 7.012377054124266 -4.482456132370442 5.8888595339607965
      vertex 6.85715961028351 -4.382127081046882 6.234633135269821
    endloop
  endfacet
  facet normal 0.7531094296199697 -0.5909360447407477 0.2891725748470018
    outer loop
      vertex 5.9355088507545615 -5.556710835067458 6.234633135269821
      vertex 6.85715961028351 -4.382127081046882 6.234633135269821
      vertex 5.852763564316578 -5.478568182534659 6.609819355967743
    endloop
  endfacet
  facet normal 0.7531094516870008 -0.5909361773519941 0.2891722463797619
    outer loop
      vertex 5.852763564316578 -5.478568182534659 6.609819355967743
      vertex 6.85715961028351 -4.382127081046882 6.234633135269821
      vertex 6.761577180305409 -4.32034475629257 6.609819355967743
    endloop
  endfacet
  facet normal 0.7821479320598507 -0.6137215620649368 0.1076589830486663
    outer loop
      vertex 5.852763564316578 -5.478568182534659 6.609819355967743
      vertex 6.19389331080519 -5.002470259904263 6.8455417664326195
      vertex 5.824823900297412 -5.452182637794667 6.9632160451376635
    endloop
  endfacet
  facet normal 0.7821479320598498 -0.6137215620649377 0.10765898304866914
    outer loop
      vertex 5.852763564316578 -5.478568182534659 6.609819355967743
      vertex 6.761577180305409 -4.32034475629257 6.609819355967743
      vertex 6.19389331080519 -5.002470259904263 6.8455417664326195
    endloop
  endfacet
  facet normal 0.7821479213034095 -0.6137215991352346 0.10765884987146111
    outer loop
      vertex 6.761577180305409 -4.32034475629257 6.609819355967743
      vertex 6.651756898420362 -4.444561864156817 6.6995563643649065
      vertex 6.19389331080519 -5.002470259904263 6.8455417664326195
    endloop
  endfacet
  facet normal 0.782147921303411 -0.6137215991352317 0.10765884987146683
    outer loop
      vertex 6.761577180305409 -4.32034475629257 6.609819355967743
      vertex 6.729302943370775 -4.29948341819989 6.963216045137664
      vertex 6.651756898420362 -4.444561864156817 6.6995563643649065
    endloop
  endfacet
  facet normal 0.08540203220074 -0.06701152392305879 0.9940905132619932
    outer loop
      vertex 6.995223804151591 -6.557480074644372 5.038429439193539
      vertex 7.252156639188994 -6.800121246327818 5
      vertex 8.27568579828206 -5.495696796831244 5
    endloop
  endfacet
  facet normal 0.08540210378102091 -0.06701161067983534 0.9940905012642811
    outer loop
      vertex 6.995223804151591 -6.557480074644372 5.038429439193539
      vertex 8.27568579828206 -5.495696796831244 5
      vertex 8.081279251294523 -5.173370379803775 5.038429439193539
    endloop
  endfacet
  facet normal 0.22925094892917597 -0.17988412414524357 0.9566011207894182
    outer loop
      vertex 6.722449150893501 -6.299878271969159 5.152240934977427
      vertex 8.081279251294523 -5.173370379803775 5.038429439193539
      vertex 7.76618620711994 -4.969701349967659 5.152240934977427
    endloop
  endfacet
  facet normal 0.08540210378101885 -0.06701161067983656 0.9940905012642812
    outer loop
      vertex 8.081279251294523 -5.173370379803775 5.038429439193539
      vertex 8.27568579828206 -5.495696796831244 5
      vertex 8.378072769949432 -5.3652110094960035 5
    endloop
  endfacet
  facet normal 0.07178437280679666 -0.08143114026900201 0.9940905256641495
    outer loop
      vertex 5.676523594087329 -7.719959590231635 5.038429439193539
      vertex 5.885024876415297 -8.005295243776482 5
      vertex 7.12783727648906 -6.909713033321233 5
    endloop
  endfacet
  facet normal 0.4205587256884982 -0.47707619681075575 0.7717050347664264
    outer loop
      vertex 5.251162938478278 -7.137850169582797 5.337060775394909
      vertex 6.471058590687376 -6.062471090945791 5.337060775394909
      vertex 5.072352182290526 -6.8931462358322815 5.585786437626905
    endloop
  endfacet
  facet normal 0.5120335458641649 -0.5808442200946666 0.6328045827049522
    outer loop
      vertex 5.072352182290526 -6.8931462358322815 5.585786437626905
      vertex 6.250712921780484 -5.854381956401514 5.585786437626905
      vertex 4.925605987115204 -6.692322907370893 5.888859533960796
    endloop
  endfacet
  facet normal 0.5837345307549823 -0.6621810978185964 0.4698618853408084
    outer loop
      vertex 4.925605987115204 -6.692322907370893 5.888859533960796
      vertex 6.069879904657643 -5.683607617079134 5.888859533960796
      vertex 4.816563726936684 -6.543097712088381 6.234633135269821
    endloop
  endfacet
  facet normal 0.5837345791498174 -0.6621813166414565 0.469861516827855
    outer loop
      vertex 6.069879904657643 -5.683607617079134 5.888859533960796
      vertex 5.9355088507545615 -5.556710835067458 6.234633135269821
      vertex 4.816563726936684 -6.543097712088381 6.234633135269821
    endloop
  endfacet
  facet normal 0.19269592136506 -0.21859150942049968 0.9566012930675655
    outer loop
      vertex 5.676523594087329 -7.719959590231635 5.038429439193539
      vertex 6.995223804151591 -6.557480074644372 5.038429439193539
      vertex 5.45516665859639 -7.417030873679951 5.152240934977426
    endloop
  endfacet
  facet normal 0.31273981419543584 -0.35476772874824297 0.8810979895878875
    outer loop
      vertex 5.45516665859639 -7.417030873679951 5.152240934977426
      vertex 6.722449150893501 -6.299878271969159 5.152240934977427
      vertex 5.251162938478278 -7.137850169582797 5.337060775394909
    endloop
  endfacet
  facet normal 0.1926960349872253 -0.21859172247409892 0.9566012214951476
    outer loop
      vertex 5.45516665859639 -7.417030873679951 5.152240934977426
      vertex 6.995223804151591 -6.557480074644372 5.038429439193539
      vertex 6.722449150893501 -6.299878271969159 5.152240934977427
    endloop
  endfacet
  facet normal 0.31273996911129603 -0.3547680405633557 0.8810978090513578
    outer loop
      vertex 5.251162938478278 -7.137850169582797 5.337060775394909
      vertex 6.722449150893501 -6.299878271969159 5.152240934977427
      vertex 6.471058590687376 -6.062471090945791 5.337060775394909
    endloop
  endfacet
  facet normal 0.4205588780514506 -0.47707654215000694 0.7717047382401494
    outer loop
      vertex 5.072352182290526 -6.8931462358322815 5.585786437626905
      vertex 6.471058590687376 -6.062471090945791 5.337060775394909
      vertex 6.250712921780484 -5.854381956401514 5.585786437626905
    endloop
  endfacet
  facet normal 0.07178441793792235 -0.08143122157834964 0.9940905157447041
    outer loop
      vertex 5.676523594087329 -7.719959590231635 5.038429439193539
      vertex 7.12783727648906 -6.909713033321233 5
      vertex 6.995223804151591 -6.557480074644372 5.038429439193539
    endloop
  endfacet
  facet normal 0.07178441793792166 -0.08143122157834991 0.9940905157447039
    outer loop
      vertex 6.995223804151591 -6.557480074644372 5.038429439193539
      vertex 7.12783727648906 -6.909713033321233 5
      vertex 7.252156639188994 -6.800121246327818 5
    endloop
  endfacet
  facet normal 0.5120336558270557 -0.5808445285857969 0.6328042105677896
    outer loop
      vertex 6.250712921780484 -5.854381956401514 5.585786437626905
      vertex 6.069879904657643 -5.683607617079134 5.888859533960796
      vertex 4.925605987115204 -6.692322907370893 5.888859533960796
    endloop
  endfacet
  facet normal 0.6330239249033568 -0.7180945433600298 0.2891728502064115
    outer loop
      vertex 4.816563726936684 -6.543097712088381 6.234633135269821
      vertex 5.9355088507545615 -5.556710835067458 6.234633135269821
      vertex 4.749415834662024 -6.451205290552999 6.609819355967743
    endloop
  endfacet
  facet normal 0.6330239228431072 -0.7180946545510491 0.2891725785988935
    outer loop
      vertex 5.9355088507545615 -5.556710835067458 6.234633135269821
      vertex 5.656854249492381 -5.65685424949238 6.595948785351451
      vertex 4.749415834662024 -6.451205290552999 6.609819355967743
    endloop
  endfacet
  facet normal 0.6574321926756002 -0.7457830995861622 0.1076590934636231
    outer loop
      vertex 4.749415834662024 -6.451205290552999 6.609819355967743
      vertex 5.565067238350829 -5.732181902809805 6.609819355967743
      vertex 4.726742766134365 -6.420177016990488 6.9632160451376715
    endloop
  endfacet
  facet normal 0.633023922843108 -0.7180946545510505 0.28917257859888856
    outer loop
      vertex 4.749415834662024 -6.451205290552999 6.609819355967743
      vertex 5.656854249492381 -5.65685424949238 6.595948785351451
      vertex 5.565067238350829 -5.732181902809805 6.609819355967743
    endloop
  endfacet
  facet normal 0.6330239228431072 -0.7180946545510491 0.28917257859889356
    outer loop
      vertex 5.9355088507545615 -5.556710835067458 6.234633135269821
      vertex 5.673430161980945 -5.6366564416852265 6.609819355967743
      vertex 5.656854249492381 -5.65685424949238 6.595948785351451
    endloop
  endfacet
  facet normal 0.6330239228431075 -0.7180946545510486 0.28917257859889395
    outer loop
      vertex 5.9355088507545615 -5.556710835067458 6.234633135269821
      vertex 5.852763564316578 -5.478568182534659 6.609819355967743
      vertex 5.673430161980945 -5.6366564416852265 6.609819355967743
    endloop
  endfacet
  facet normal 0.6574321926755997 -0.7457830995861604 0.10765909346363707
    outer loop
      vertex 5.852763564316578 -5.478568182534659 6.609819355967743
      vertex 5.696568085897261 -5.608462799818408 6.663829894034897
      vertex 5.673430161980945 -5.6366564416852265 6.609819355967743
    endloop
  endfacet
  facet normal 0.65743217833174 -0.7457831281279563 0.1076589833393557
    outer loop
      vertex 5.852763564316578 -5.478568182534659 6.609819355967743
      vertex 5.824823900297412 -5.452182637794667 6.9632160451376635
      vertex 5.696568085897261 -5.608462799818408 6.663829894034897
    endloop
  endfacet
  facet normal 0.14971440661514365 -0.24999886521241146 0.9566013609881505
    outer loop
      vertex 4.169325247351827 -8.622560911806069 5.038429439193539
      vertex 5.676523594087329 -7.719959590231635 5.038429439193539
      vertex 4.006767433475451 -8.28441943645984 5.152240934977427
    endloop
  endfacet
  facet normal 0.24298210000506065 -0.40574097984145946 0.8810981536437488
    outer loop
      vertex 4.006767433475451 -8.28441943645984 5.152240934977427
      vertex 5.45516665859639 -7.417030873679951 5.152240934977426
      vertex 3.8569532941917712 -7.9727864679970954 5.337060775394909
    endloop
  endfacet
  facet normal 0.3267516630337106 -0.5456228466212921 0.7717052934570179
    outer loop
      vertex 3.8569532941917712 -7.9727864679970954 5.337060775394909
      vertex 5.251162938478278 -7.137850169582797 5.337060775394909
      vertex 3.725640102856719 -7.699637886630075 5.585786437626905
    endloop
  endfacet
  facet normal 0.05577260986644468 -0.09313121504747443 0.9940905355009001
    outer loop
      vertex 4.169325247351827 -8.622560911806069 5.038429439193539
      vertex 4.322442259793674 -8.941064287639286 5
      vertex 5.742935009060652 -8.0903872307299 5
    endloop
  endfacet
  facet normal 0.14971446412694026 -0.2499990467200609 0.9566013045518201
    outer loop
      vertex 4.006767433475451 -8.28441943645984 5.152240934977427
      vertex 5.676523594087329 -7.719959590231635 5.038429439193539
      vertex 5.45516665859639 -7.417030873679951 5.152240934977426
    endloop
  endfacet
  facet normal 0.24298217535251695 -0.40574124386444665 0.8810980112838132
    outer loop
      vertex 3.8569532941917712 -7.9727864679970954 5.337060775394909
      vertex 5.45516665859639 -7.417030873679951 5.152240934977426
      vertex 5.251162938478278 -7.137850169582797 5.337060775394909
    endloop
  endfacet
  facet normal 0.05577263318680484 -0.09313128456936984 0.9940905276793806
    outer loop
      vertex 4.169325247351827 -8.622560911806069 5.038429439193539
      vertex 5.742935009060652 -8.0903872307299 5
      vertex 5.676523594087329 -7.719959590231635 5.038429439193539
    endloop
  endfacet
  facet normal 0.05577263318680206 -0.09313128456937034 0.9940905276793807
    outer loop
      vertex 5.676523594087329 -7.719959590231635 5.038429439193539
      vertex 5.742935009060652 -8.0903872307299 5
      vertex 5.885024876415297 -8.005295243776482 5
    endloop
  endfacet
  facet normal 0.5107898896986652 -0.8529379751336782 0.10765918054901924
    outer loop
      vertex 3.488485452268148 -7.206325252048113 6.609819355967743
      vertex 4.165036599761084 -6.801166265019471 6.609819355967743
      vertex 3.471835039008898 -7.171690218699983 6.963216045137667
    endloop
  endfacet
  facet normal 0.32675173158145393 -0.5456231362858652 0.7717050596297121
    outer loop
      vertex 5.251162938478278 -7.137850169582797 5.337060775394909
      vertex 5.072352182290526 -6.8931462358322815 5.585786437626905
      vertex 3.725640102856719 -7.699637886630075 5.585786437626905
    endloop
  endfacet
  facet normal 0.39782276339519795 -0.6643003934486809 0.6328048958316744
    outer loop
      vertex 3.725640102856719 -7.699637886630075 5.585786437626905
      vertex 5.072352182290526 -6.8931462358322815 5.585786437626905
      vertex 3.6178741517720163 -7.4754706391572245 5.888859533960796
    endloop
  endfacet
  facet normal 0.3978228043477623 -0.6643006484669396 0.63280460237524
    outer loop
      vertex 3.6178741517720163 -7.4754706391572245 5.888859533960796
      vertex 5.072352182290526 -6.8931462358322815 5.585786437626905
      vertex 4.925605987115204 -6.692322907370893 5.888859533960796
    endloop
  endfacet
  facet normal 0.45353066004995507 -0.757323884599274 0.4698621864016271
    outer loop
      vertex 3.6178741517720163 -7.4754706391572245 5.888859533960796
      vertex 4.925605987115204 -6.692322907370893 5.888859533960796
      vertex 3.537796826002006 -7.308899347184485 6.234633135269821
    endloop
  endfacet
  facet normal 0.45353066613065784 -0.7573240612550522 0.46986189579836696
    outer loop
      vertex 4.925605987115204 -6.692322907370893 5.888859533960796
      vertex 4.816563726936684 -6.543097712088381 6.234633135269821
      vertex 3.537796826002006 -7.308899347184485 6.234633135269821
    endloop
  endfacet
  facet normal 0.4918259402716579 -0.8212710767606864 0.2891730674738614
    outer loop
      vertex 3.537796826002006 -7.308899347184485 6.234633135269821
      vertex 4.816563726936684 -6.543097712088381 6.234633135269821
      vertex 3.488485452268148 -7.206325252048113 6.609819355967743
    endloop
  endfacet
  facet normal 0.49182592268468817 -0.8212711627092081 0.28917285328609377
    outer loop
      vertex 4.816563726936684 -6.543097712088381 6.234633135269821
      vertex 4.444561864156817 -6.651756898420362 6.5587351456736265
      vertex 3.488485452268148 -7.206325252048113 6.609819355967743
    endloop
  endfacet
  facet normal 0.4918259226846885 -0.8212711627092079 0.2891728532860941
    outer loop
      vertex 4.816563726936684 -6.543097712088381 6.234633135269821
      vertex 4.525650135752077 -6.585209473737178 6.609819355967743
      vertex 4.444561864156817 -6.651756898420362 6.5587351456736265
    endloop
  endfacet
  facet normal 0.49182592268468805 -0.8212711627092079 0.28917285328609454
    outer loop
      vertex 3.488485452268148 -7.206325252048113 6.609819355967743
      vertex 4.444561864156817 -6.651756898420362 6.5587351456736265
      vertex 4.165036599761084 -6.801166265019471 6.609819355967743
    endloop
  endfacet
  facet normal 0.5107898896986638 -0.8529379751336793 0.10765918054901769
    outer loop
      vertex 4.749415834662024 -6.451205290552999 6.609819355967743
      vertex 4.558741513455808 -6.558052081896426 6.667973519944936
      vertex 4.525650135752077 -6.585209473737178 6.609819355967743
    endloop
  endfacet
  facet normal 0.5107898744661495 -0.852937995217366 0.10765909370524862
    outer loop
      vertex 4.749415834662024 -6.451205290552999 6.609819355967743
      vertex 4.726742766134365 -6.420177016990488 6.9632160451376715
      vertex 4.558741513455808 -6.558052081896426 6.667973519944936
    endloop
  endfacet
  facet normal 0.49182592268468683 -0.8212711627092092 0.2891728532860927
    outer loop
      vertex 4.816563726936684 -6.543097712088381 6.234633135269821
      vertex 4.749415834662024 -6.451205290552999 6.609819355967743
      vertex 4.525650135752077 -6.585209473737178 6.609819355967743
    endloop
  endfacet
  facet normal 0.10174143062069572 -0.2730612052548746 0.9566014109753389
    outer loop
      vertex 2.523897693850404 -9.235640141130087 5.038429439193539
      vertex 4.169325247351827 -8.622560911806069 5.038429439193539
      vertex 2.4255579211132163 -8.873571101719662 5.152240934977427
    endloop
  endfacet
  facet normal 0.037901396452586764 -0.10172254891840402 0.9940905427517589
    outer loop
      vertex 2.523897693850404 -9.235640141130087 5.038429439193539
      vertex 2.6165262291798697 -9.57668145000482 5
      vertex 4.167320949234203 -8.99886182076504 5
    endloop
  endfacet
  facet normal 0.1651233714334052 -0.4431705128231751 0.881098274184276
    outer loop
      vertex 2.4255579211132163 -8.873571101719662 5.152240934977427
      vertex 4.006767433475451 -8.28441943645984 5.152240934977427
      vertex 2.334927467500087 -8.539886363920507 5.337060775394909
    endloop
  endfacet
  facet normal 0.03790140395332721 -0.10172260190571934 0.9940905370437328
    outer loop
      vertex 2.523897693850404 -9.235640141130087 5.038429439193539
      vertex 4.167320949234203 -8.99886182076504 5
      vertex 4.169325247351827 -8.622560911806069 5.038429439193539
    endloop
  endfacet
  facet normal 0.101741447781987 -0.27306134314911285 0.9566013697882874
    outer loop
      vertex 2.4255579211132163 -8.873571101719662 5.152240934977427
      vertex 4.169325247351827 -8.622560911806069 5.038429439193539
      vertex 4.006767433475451 -8.28441943645984 5.152240934977427
    endloop
  endfacet
  facet normal 0.16512339043018107 -0.44317071230704613 0.881098170288707
    outer loop
      vertex 4.006767433475451 -8.28441943645984 5.152240934977427
      vertex 3.8569532941917712 -7.9727864679970954 5.337060775394909
      vertex 2.334927467500087 -8.539886363920507 5.337060775394909
    endloop
  endfacet
  facet normal 0.2220506776358438 -0.5959564948355892 0.7717054832154175
    outer loop
      vertex 2.334927467500087 -8.539886363920507 5.337060775394909
      vertex 3.8569532941917712 -7.9727864679970954 5.337060775394909
      vertex 2.255489210517224 -8.247409245073689 5.585786437626905
    endloop
  endfacet
  facet normal 0.2220506883413847 -0.5959567118244823 0.7717053125633309
    outer loop
      vertex 3.8569532941917712 -7.9727864679970954 5.337060775394909
      vertex 3.725640102856719 -7.699637886630075 5.585786437626905
      vertex 2.255489210517224 -8.247409245073689 5.585786437626905
    endloop
  endfacet
  facet normal 0.27034849752935936 -0.7255820859541026 0.6328051251579048
    outer loop
      vertex 2.255489210517224 -8.247409245073689 5.585786437626905
      vertex 3.725640102856719 -7.699637886630075 5.585786437626905
      vertex 2.190295917830992 -8.00737947683343 5.888859533960796
    endloop
  endfacet
  facet normal 0.30820594698173476 -0.8271870484508562 0.4698624065833029
    outer loop
      vertex 2.190295917830992 -8.00737947683343 5.888859533960796
      vertex 3.6178741517720163 -7.4754706391572245 5.888859533960796
      vertex 2.1418529311185024 -7.829021268582962 6.234633135269821
    endloop
  endfacet
  facet normal 0.27034849302768565 -0.7255822744197766 0.632804910984012
    outer loop
      vertex 2.190295917830992 -8.00737947683343 5.888859533960796
      vertex 3.725640102856719 -7.699637886630075 5.585786437626905
      vertex 3.6178741517720163 -7.4754706391572245 5.888859533960796
    endloop
  endfacet
  facet normal 0.3082059278602017 -0.8271871760500917 0.46986219448909344
    outer loop
      vertex 3.6178741517720163 -7.4754706391572245 5.888859533960796
      vertex 3.537796826002006 -7.308899347184485 6.234633135269821
      vertex 2.1418529311185024 -7.829021268582962 6.234633135269821
    endloop
  endfacet
  facet normal 0.3342302986235504 -0.8970334178458674 0.2891732261980246
    outer loop
      vertex 2.1418529311185024 -7.829021268582962 6.234633135269821
      vertex 3.537796826002006 -7.308899347184485 6.234633135269821
      vertex 2.112021887191977 -7.719188826240913 6.609819355967743
    endloop
  endfacet
  facet normal 0.3342302745682794 -0.8970334772024448 0.2891730698735687
    outer loop
      vertex 2.112021887191977 -7.719188826240913 6.609819355967743
      vertex 3.537796826002006 -7.308899347184485 6.234633135269821
      vertex 2.6916943923728613 -7.503205693514904 6.609819355967743
    endloop
  endfacet
  facet normal 0.3471176440533934 -0.9316216122125268 0.1076592441240134
    outer loop
      vertex 2.112021887191977 -7.719188826240913 6.609819355967743
      vertex 2.6916943923728613 -7.503205693514904 6.609819355967743
      vertex 2.1019491763400695 -7.682102948971747 6.963216045137655
    endloop
  endfacet
  facet normal 0.03790140395332516 -0.10172260190571936 0.994090537043733
    outer loop
      vertex 4.169325247351827 -8.622560911806069 5.038429439193539
      vertex 4.167320949234203 -8.99886182076504 5
      vertex 4.322442259793674 -8.941064287639286 5
    endloop
  endfacet
  facet normal 0.3342302745682798 -0.897033477202444 0.2891730698735702
    outer loop
      vertex 3.537796826002006 -7.308899347184485 6.234633135269821
      vertex 3.0614674589207183 -7.391036260090294 6.5303872820558055
      vertex 2.6916943923728613 -7.503205693514904 6.609819355967743
    endloop
  endfacet
  facet normal 0.33423027456827914 -0.8970334772024446 0.2891730698735688
    outer loop
      vertex 3.537796826002006 -7.308899347184485 6.234633135269821
      vertex 3.219612370447136 -7.306506043785471 6.609819355967743
      vertex 3.0614674589207183 -7.391036260090294 6.5303872820558055
    endloop
  endfacet
  facet normal 0.3342302745682799 -0.8970334772024442 0.2891730698735695
    outer loop
      vertex 3.537796826002006 -7.308899347184485 6.234633135269821
      vertex 3.488485452268148 -7.206325252048113 6.609819355967743
      vertex 3.219612370447136 -7.306506043785471 6.609819355967743
    endloop
  endfacet
  facet normal 0.34711764405339374 -0.9316216122125259 0.10765924412402039
    outer loop
      vertex 3.488485452268148 -7.206325252048113 6.609819355967743
      vertex 3.264553516812985 -7.28248450059053 6.672787696556519
      vertex 3.219612370447136 -7.306506043785471 6.609819355967743
    endloop
  endfacet
  facet normal 0.3471176304458921 -0.9316216246072286 0.10765918074097106
    outer loop
      vertex 3.488485452268148 -7.206325252048113 6.609819355967743
      vertex 3.471835039008898 -7.171690218699983 6.963216045137667
      vertex 3.264553516812985 -7.28248450059053 6.672787696556519
    endloop
  endfacet
  facet normal 0.018766963016113608 -0.10691952425092346 0.9940905474015473
    outer loop
      vertex 0.7949893436890745 -9.539105262662344 5.038429439193539
      vertex 0.8240426672512866 -9.89130566627691 5
      vertex 2.4535348361261056 -9.605290371291566 5
    endloop
  endfacet
  facet normal 0.050377498608937796 -0.2870118238480171 0.9566014429245553
    outer loop
      vertex 0.7949893436890745 -9.539105262662344 5.038429439193539
      vertex 2.523897693850404 -9.235640141130087 5.038429439193539
      vertex 0.764144666871011 -9.165189087412356 5.152240934977427
    endloop
  endfacet
  facet normal 0.08176120607005417 -0.4658119804406131 0.8810983509574649
    outer loop
      vertex 0.764144666871011 -9.165189087412356 5.152240934977427
      vertex 2.4255579211132163 -8.873571101719662 5.152240934977427
      vertex 0.7357180499106248 -8.820585966691723 5.33706077539491
    endloop
  endfacet
  facet normal 0.08176119500774949 -0.46581210574897375 0.8810982857369611
    outer loop
      vertex 0.7357180499106248 -8.820585966691723 5.33706077539491
      vertex 2.4255579211132163 -8.873571101719662 5.152240934977427
      vertex 2.334927467500087 -8.539886363920507 5.337060775394909
    endloop
  endfacet
  facet normal 0.10994888606468396 -0.6264037865113179 0.7717056036452103
    outer loop
      vertex 0.7357180499106248 -8.820585966691723 5.33706077539491
      vertex 2.334927467500087 -8.539886363920507 5.337060775394909
      vertex 0.710801911755873 -8.51853880517408 5.585786437626905
    endloop
  endfacet
  facet normal 0.10994886788194129 -0.6264039216806134 0.7717054965170504
    outer loop
      vertex 2.334927467500087 -8.539886363920507 5.337060775394909
      vertex 2.255489210517224 -8.247409245073689 5.585786437626905
      vertex 0.710801911755873 -8.51853880517408 5.585786437626905
    endloop
  endfacet
  facet normal 0.13386365672140718 -0.7626519595530038 0.6328052702049318
    outer loop
      vertex 0.710801911755873 -8.51853880517408 5.585786437626905
      vertex 2.255489210517224 -8.247409245073689 5.585786437626905
      vertex 0.6903537656229115 -8.27065510588655 5.8888595339607965
    endloop
  endfacet
  facet normal 0.13386363240665508 -0.762652075380347 0.6328051357542427
    outer loop
      vertex 2.255489210517224 -8.247409245073689 5.585786437626905
      vertex 2.190295917830992 -8.00737947683343 5.888859533960796
      vertex 0.6903537656229115 -8.27065510588655 5.8888595339607965
    endloop
  endfacet
  facet normal 0.15260885482984787 -0.8694479431413923 0.46986254542655853
    outer loop
      vertex 0.6903537656229115 -8.27065510588655 5.8888595339607965
      vertex 2.190295917830992 -8.00737947683343 5.888859533960796
      vertex 0.6751594223001773 -8.086460900377977 6.234633135269821
    endloop
  endfacet
  facet normal 0.15260882844150445 -0.8694480197273885 0.4698624122802697
    outer loop
      vertex 2.190295917830992 -8.00737947683343 5.888859533960796
      vertex 2.1418529311185024 -7.829021268582962 6.234633135269821
      vertex 0.6751594223001773 -8.086460900377977 6.234633135269821
    endloop
  endfacet
  facet normal 0.018766961593698818 -0.10691955781499565 0.9940905438184122
    outer loop
      vertex 0.7949893436890745 -9.539105262662344 5.038429439193539
      vertex 2.4535348361261056 -9.605290371291566 5
      vertex 2.523897693850404 -9.235640141130087 5.038429439193539
    endloop
  endfacet
  facet normal 0.018766961593695695 -0.10691955781499507 0.9940905438184123
    outer loop
      vertex 2.523897693850404 -9.235640141130087 5.038429439193539
      vertex 2.4535348361261056 -9.605290371291566 5
      vertex 2.6165262291798697 -9.57668145000482 5
    endloop
  endfacet
  facet normal 0.05037749345060633 -0.28701191092698136 0.9566014170696574
    outer loop
      vertex 0.764144666871011 -9.165189087412356 5.152240934977427
      vertex 2.523897693850404 -9.235640141130087 5.038429439193539
      vertex 2.4255579211132163 -8.873571101719662 5.152240934977427
    endloop
  endfacet
  facet normal 0.17187606333135813 -0.9792181051278804 0.10765928405612836
    outer loop
      vertex 0.6658027918804776 -7.9730346686687525 6.609819355967743
      vertex 1.1670273632171853 -7.885057837240528 6.609819355967743
      vertex 0.6626434444235821 -7.934735317233296 6.963216045137678
    endloop
  endfacet
  facet normal 0.1654948681486055 -0.9428627875352806 0.28917332604802265
    outer loop
      vertex 0.6751594223001773 -8.086460900377977 6.234633135269821
      vertex 2.1418529311185024 -7.829021268582962 6.234633135269821
      vertex 0.6658027918804776 -7.9730346686687525 6.609819355967743
    endloop
  endfacet
  facet normal 0.16549484651118102 -0.942862821431294 0.2891732279116798
    outer loop
      vertex 2.1418529311185024 -7.829021268582962 6.234633135269821
      vertex 1.1670273632171853 -7.885057837240528 6.609819355967743
      vertex 0.6658027918804776 -7.9730346686687525 6.609819355967743
    endloop
  endfacet
  facet normal 0.16549484651118126 -0.9428628214312939 0.2891732279116806
    outer loop
      vertex 2.1418529311185024 -7.829021268582962 6.234633135269821
      vertex 1.560722576129026 -7.8462822432258434 6.510935849136311
      vertex 1.1670273632171853 -7.885057837240528 6.609819355967743
    endloop
  endfacet
  facet normal 0.16549484651118257 -0.9428628214312927 0.28917322791168343
    outer loop
      vertex 2.1418529311185024 -7.829021268582962 6.234633135269821
      vertex 1.79798270022161 -7.774310171430091 6.609819355967743
      vertex 1.560722576129026 -7.8462822432258434 6.510935849136311
    endloop
  endfacet
  facet normal 0.16549484651118082 -0.9428628214312935 0.28917322791168193
    outer loop
      vertex 2.1418529311185024 -7.829021268582962 6.234633135269821
      vertex 2.112021887191977 -7.719188826240913 6.609819355967743
      vertex 1.79798270022161 -7.774310171430091 6.609819355967743
    endloop
  endfacet
  facet normal 0.1718760633313581 -0.9792181051278809 0.10765928405612532
    outer loop
      vertex 2.112021887191977 -7.719188826240913 6.609819355967743
      vertex 1.857016211940286 -7.756402551428536 6.678452713427089
      vertex 1.79798270022161 -7.774310171430091 6.609819355967743
    endloop
  endfacet
  facet normal 0.17187605351195023 -0.9792181112261319 0.10765924426580362
    outer loop
      vertex 2.112021887191977 -7.719188826240913 6.609819355967743
      vertex 2.1019491763400695 -7.682102948971747 6.963216045137655
      vertex 1.857016211940286 -7.756402551428536 6.678452713427089
    endloop
  endfacet
  facet normal -0.0009926681195106184 -0.10854950079637628 0.9940905494404733
    outer loop
      vertex -0.9599551746107674 -9.523056523766087 5.038429439193539
      vertex -0.9954442697185379 -9.87466673983596 5
      vertex 0.6585967361566613 -9.889792684799776 5
    endloop
  endfacet
  facet normal -0.0026646987826567754 -0.29138728916789 0.9566014567685888
    outer loop
      vertex -0.9599551746107674 -9.523056523766087 5.038429439193539
      vertex 0.7949893436890745 -9.539105262662344 5.038429439193539
      vertex -0.922277913115341 -9.14976692550785 5.152240934977427
    endloop
  endfacet
  facet normal -0.004324743201795437 -0.47291324221016007 0.8810983838020094
    outer loop
      vertex -0.922277913115341 -9.14976692550785 5.152240934977427
      vertex 0.764144666871011 -9.165189087412356 5.152240934977427
      vertex -0.8875543500524412 -8.805741261450022 5.337060775394909
    endloop
  endfacet
  facet normal -0.005815745293941022 -0.6359532686677147 0.7717056544936841
    outer loop
      vertex -0.8875543500524412 -8.805741261450022 5.337060775394909
      vertex 0.7357180499106248 -8.820585966691723 5.33706077539491
      vertex -0.8571188924773764 -8.50420024493053 5.585786437626905
    endloop
  endfacet
  facet normal -0.007080740071748326 -0.7742785523293061 0.6328053306688167
    outer loop
      vertex -0.8571188924773764 -8.50420024493053 5.585786437626905
      vertex 0.710801911755873 -8.51853880517408 5.585786437626905
      vertex -0.8321411579563552 -8.256731928108069 5.888859533960796
    endloop
  endfacet
  facet normal -0.008072293553065395 -0.882702652491978 0.46986260264083546
    outer loop
      vertex -0.8321411579563552 -8.256731928108069 5.888859533960796
      vertex 0.6903537656229115 -8.27065510588655 5.8888595339607965
      vertex -0.8135810268193456 -8.072846379616294 6.234633135269821
    endloop
  endfacet
  facet normal -0.008753922933905822 -0.957236717201164 0.2891733668151441
    outer loop
      vertex -0.8135810268193456 -8.072846379616294 6.234633135269821
      vertex 0.6751594223001773 -8.086460900377977 6.234633135269821
      vertex -0.8021517544973015 -7.959610217959542 6.609819355967743
    endloop
  endfacet
  facet normal -0.008753934049686139 -0.9572367291058083 0.28917332707126925
    outer loop
      vertex 0.6751594223001773 -8.086460900377977 6.234633135269821
      vertex -0.36995448193114117 -7.9635626638963295 6.609819355967743
      vertex -0.8021517544973015 -7.959610217959542 6.609819355967743
    endloop
  endfacet
  facet normal -0.009091472026259644 -0.9941462770656546 0.10765930026195855
    outer loop
      vertex -0.8021517544973015 -7.959610217959542 6.609819355967743
      vertex -0.36995448193114117 -7.9635626638963295 6.609819355967743
      vertex -0.7982925615159491 -7.921375045326709 6.96321604513767
    endloop
  endfacet
  facet normal -0.0009926711586934838 -0.10854951405743911 0.9940905479893993
    outer loop
      vertex -0.9599551746107674 -9.523056523766087 5.038429439193539
      vertex 0.6585967361566613 -9.889792684799776 5
      vertex 0.7949893436890745 -9.539105262662344 5.038429439193539
    endloop
  endfacet
  facet normal -0.0009926711586934667 -0.10854951405743914 0.9940905479893996
    outer loop
      vertex 0.7949893436890745 -9.539105262662344 5.038429439193539
      vertex 0.6585967361566613 -9.889792684799776 5
      vertex 0.8240426672512866 -9.89130566627691 5
    endloop
  endfacet
  facet normal -0.002664707252335537 -0.2913873234646067 0.9566014462979826
    outer loop
      vertex -0.922277913115341 -9.14976692550785 5.152240934977427
      vertex 0.7949893436890745 -9.539105262662344 5.038429439193539
      vertex 0.764144666871011 -9.165189087412356 5.152240934977427
    endloop
  endfacet
  facet normal -0.004324756839538135 -0.4729132912960607 0.8810983573891205
    outer loop
      vertex -0.8875543500524412 -8.805741261450022 5.337060775394909
      vertex 0.764144666871011 -9.165189087412356 5.152240934977427
      vertex 0.7357180499106248 -8.820585966691723 5.33706077539491
    endloop
  endfacet
  facet normal -0.005815762494422954 -0.6359533211563038 0.7717056111088448
    outer loop
      vertex 0.7357180499106248 -8.820585966691723 5.33706077539491
      vertex 0.710801911755873 -8.51853880517408 5.585786437626905
      vertex -0.8571188924773764 -8.50420024493053 5.585786437626905
    endloop
  endfacet
  facet normal -0.0070807582898752665 -0.7742785966640024 0.6328052762185721
    outer loop
      vertex 0.710801911755873 -8.51853880517408 5.585786437626905
      vertex 0.6903537656229115 -8.27065510588655 5.8888595339607965
      vertex -0.8321411579563552 -8.256731928108069 5.888859533960796
    endloop
  endfacet
  facet normal -0.008072309706246013 -0.8827026810470605 0.46986254871859917
    outer loop
      vertex 0.6903537656229115 -8.27065510588655 5.8888595339607965
      vertex 0.6751594223001773 -8.086460900377977 6.234633135269821
      vertex -0.8135810268193456 -8.072846379616294 6.234633135269821
    endloop
  endfacet
  facet normal -0.008753934049682928 -0.9572367291058057 0.28917332707127774
    outer loop
      vertex 0.6751594223001773 -8.086460900377977 6.234633135269821
      vertex 0 -8 6.500401936271916
      vertex -0.36995448193114117 -7.9635626638963295 6.609819355967743
    endloop
  endfacet
  facet normal -0.008753934049686253 -0.9572367291058081 0.2891733270712695
    outer loop
      vertex 0.6751594223001773 -8.086460900377977 6.234633135269821
      vertex 0.30709033739240355 -7.969754241712797 6.609819355967743
      vertex 0 -8 6.500401936271916
    endloop
  endfacet
  facet normal -0.008753934049684588 -0.9572367291058077 0.2891733270712711
    outer loop
      vertex 0.6751594223001773 -8.086460900377977 6.234633135269821
      vertex 0.6658027918804776 -7.9730346686687525 6.609819355967743
      vertex 0.30709033739240355 -7.969754241712797 6.609819355967743
    endloop
  endfacet
  facet normal -0.00909147202625804 -0.9941462770656544 0.10765930026196101
    outer loop
      vertex 0.6658027918804776 -7.9730346686687525 6.609819355967743
      vertex 0.3829509860610353 -7.962282619965839 6.68521990091736
      vertex 0.30709033739240355 -7.969754241712797 6.609819355967743
    endloop
  endfacet
  facet normal -0.009091476386780508 -0.9941462787708754 0.10765928414739531
    outer loop
      vertex 0.6658027918804776 -7.9730346686687525 6.609819355967743
      vertex 0.6626434444235821 -7.934735317233296 6.963216045137678
      vertex 0.3829509860610353 -7.962282619965839 6.68521990091736
    endloop
  endfacet
  facet normal -0.020718828818476854 -0.10655848543572224 0.994090548850574
    outer loop
      vertex -2.6826623829837932 -9.188099850830152 5.038429439193539
      vertex -2.7815097496880887 -9.527390902895926 5
      vertex -2.6191029641055623 -9.55896866393189 5
    endloop
  endfacet
  facet normal -0.020718828818479796 -0.10655848543572273 0.9940905488505739
    outer loop
      vertex -2.6826623829837932 -9.188099850830152 5.038429439193539
      vertex -2.6191029641055623 -9.55896866393189 5
      vertex -0.9599551746107674 -9.523056523766087 5.038429439193539
    endloop
  endfacet
  facet normal -0.05561704945509571 -0.28604266310287946 0.9566014523796847
    outer loop
      vertex -2.6826623829837932 -9.188099850830152 5.038429439193539
      vertex -0.922277913115341 -9.14976692550785 5.152240934977427
      vertex -2.5777203417133023 -8.827888984564886 5.152240934977427
    endloop
  endfacet
  facet normal -0.09026487518971074 -0.4642390660450491 0.8810983724105989
    outer loop
      vertex -2.5777203417133023 -8.827888984564886 5.152240934977427
      vertex -0.8875543500524412 -8.805741261450022 5.337060775394909
      vertex -2.481005202571683 -8.495916748944152 5.337060775394909
    endloop
  endfacet
  facet normal -0.12138429035580796 -0.6242886083402147 0.7717056352984958
    outer loop
      vertex -2.481005202571683 -8.495916748944152 5.337060775394909
      vertex -0.8571188924773764 -8.50420024493053 5.585786437626905
      vertex -2.3962336741176724 -8.204940650810675 5.585786437626905
    endloop
  endfacet
  facet normal -0.020718828973067444 -0.10655847902557603 0.994090549534468
    outer loop
      vertex -0.9599551746107674 -9.523056523766087 5.038429439193539
      vertex -2.6191029641055623 -9.55896866393189 5
      vertex -0.9954442697185379 -9.87466673983596 5
    endloop
  endfacet
  facet normal -0.055617050136389186 -0.2860426464670763 0.9566014573145065
    outer loop
      vertex -2.6826623829837932 -9.188099850830152 5.038429439193539
      vertex -0.9599551746107674 -9.523056523766087 5.038429439193539
      vertex -0.922277913115341 -9.14976692550785 5.152240934977427
    endloop
  endfacet
  facet normal -0.09026487686481856 -0.4642390420928841 0.8810983848590692
    outer loop
      vertex -2.5777203417133023 -8.827888984564886 5.152240934977427
      vertex -0.922277913115341 -9.14976692550785 5.152240934977427
      vertex -0.8875543500524412 -8.805741261450022 5.337060775394909
    endloop
  endfacet
  facet normal -0.12138429335576796 -0.6242885824811227 0.7717056557459142
    outer loop
      vertex -2.481005202571683 -8.495916748944152 5.337060775394909
      vertex -0.8875543500524412 -8.805741261450022 5.337060775394909
      vertex -0.8571188924773764 -8.50420024493053 5.585786437626905
    endloop
  endfacet
  facet normal -0.147786403538029 -0.7600767221609338 0.6328053060447466
    outer loop
      vertex -2.3962336741176724 -8.204940650810675 5.585786437626905
      vertex -0.8321411579563552 -8.256731928108069 5.888859533960796
      vertex -2.326663478649338 -7.966142738434452 5.888859533960796
    endloop
  endfacet
  facet normal -0.14778640777589913 -0.7600766999714231 0.6328053317073481
    outer loop
      vertex -2.3962336741176724 -8.204940650810675 5.585786437626905
      vertex -0.8571188924773764 -8.50420024493053 5.585786437626905
      vertex -0.8321411579563552 -8.256731928108069 5.888859533960796
    endloop
  endfacet
  facet normal -0.16848128223306313 -0.8665120977231447 0.4698625778209392
    outer loop
      vertex -2.326663478649338 -7.966142738434452 5.888859533960796
      vertex -0.8135810268193456 -8.072846379616294 6.234633135269821
      vertex -2.2749681597631124 -7.788699881668688 6.234633135269821
    endloop
  endfacet
  facet normal -0.16848128700346235 -0.8665120830150972 0.46986260323470574
    outer loop
      vertex -2.326663478649338 -7.966142738434452 5.888859533960796
      vertex -0.8321411579563552 -8.256731928108069 5.888859533960796
      vertex -0.8135810268193456 -8.072846379616294 6.234633135269821
    endloop
  endfacet
  facet normal -0.18270757782419705 -0.9396790492763267 0.2891733482822264
    outer loop
      vertex -2.2749681597631124 -7.788699881668688 6.234633135269821
      vertex -1.8744260868760616 -7.75112132360475 6.609819355967743
      vertex -2.243134339572724 -7.679431109987792 6.609819355967743
    endloop
  endfacet
  facet normal -0.1827075778241991 -0.9396790492763255 0.2891733482822285
    outer loop
      vertex -2.2749681597631124 -7.788699881668688 6.234633135269821
      vertex -1.560722576129026 -7.8462822432258434 6.498796974185387
      vertex -1.8744260868760616 -7.75112132360475 6.609819355967743
    endloop
  endfacet
  facet normal -0.18975249693004065 -0.9759116071507328 0.1076593002823664
    outer loop
      vertex -2.243134339572724 -7.679431109987792 6.609819355967743
      vertex -1.8744260868760616 -7.75112132360475 6.609819355967743
      vertex -1.9536019847505615 -7.727103577562887 6.6879860614861375
    endloop
  endfacet
  facet normal -0.189752495076894 -0.9759116083488908 0.10765929268750789
    outer loop
      vertex -2.243134339572724 -7.679431109987792 6.609819355967743
      vertex -1.9536019847505615 -7.727103577562887 6.6879860614861375
      vertex -2.232385373935478 -7.642535561008827 6.963216045137666
    endloop
  endfacet
  facet normal -0.18270757782419805 -0.9396790492763265 0.28917334828222596
    outer loop
      vertex -2.2749681597631124 -7.788699881668688 6.234633135269821
      vertex -1.204625790672852 -7.881354715356397 6.609819355967743
      vertex -1.560722576129026 -7.8462822432258434 6.498796974185387
    endloop
  endfacet
  facet normal -0.1827075778241988 -0.9396790492763261 0.2891733482822276
    outer loop
      vertex -2.2749681597631124 -7.788699881668688 6.234633135269821
      vertex -0.8021517544973015 -7.959610217959542 6.609819355967743
      vertex -1.204625790672852 -7.881354715356397 6.609819355967743
    endloop
  endfacet
  facet normal -0.18270758183642105 -0.9396790427318555 0.2891733670136844
    outer loop
      vertex -2.2749681597631124 -7.788699881668688 6.234633135269821
      vertex -0.8135810268193456 -8.072846379616294 6.234633135269821
      vertex -0.8021517544973015 -7.959610217959542 6.609819355967743
    endloop
  endfacet
  facet normal -0.1897524969300425 -0.9759116071507322 0.10765930028236854
    outer loop
      vertex -0.8021517544973015 -7.959610217959542 6.609819355967743
      vertex -0.7982925615159491 -7.921375045326709 6.96321604513767
      vertex -1.204625790672852 -7.881354715356397 6.609819355967743
    endloop
  endfacet
  facet normal -0.039754024283332905 -0.1010128935668139 0.9940905456177217
    outer loop
      vertex -2.6826623829837932 -9.188099850830152 5.038429439193539
      vertex -4.474832179312866 -8.86097706223706 5
      vertex -4.320857932986713 -8.921574236630535 5
    endloop
  endfacet
  facet normal -0.03975402428333096 -0.10101289356680301 0.9940905456177229
    outer loop
      vertex -4.315922613450586 -8.54532381927299 5.038429439193539
      vertex -4.474832179312866 -8.86097706223706 5
      vertex -2.6826623829837932 -9.188099850830152 5.038429439193539
    endloop
  endfacet
  facet normal -0.10671459095105289 -0.2711562296127494 0.9566014296562322
    outer loop
      vertex -4.315922613450586 -8.54532381927299 5.038429439193539
      vertex -2.5777203417133023 -8.827888984564886 5.152240934977427
      vertex -4.147215092198322 -8.210208208662998 5.152240934977427
    endloop
  endfacet
  facet normal -0.03975402010578277 -0.10101286748332186 0.9940905484352146
    outer loop
      vertex -2.6826623829837932 -9.188099850830152 5.038429439193539
      vertex -4.320857932986713 -8.921574236630535 5
      vertex -2.7815097496880887 -9.527390902895926 5
    endloop
  endfacet
  facet normal -0.10671458124391899 -0.2711561617105983 0.9566014499865192
    outer loop
      vertex -4.315922613450586 -8.54532381927299 5.038429439193539
      vertex -2.6826623829837932 -9.188099850830152 5.038429439193539
      vertex -2.5777203417133023 -8.827888984564886 5.152240934977427
    endloop
  endfacet
  facet normal -0.1731946891608991 -0.4400787041704738 0.8810983678239882
    outer loop
      vertex -4.147215092198322 -8.210208208662998 5.152240934977427
      vertex -2.5777203417133023 -8.827888984564886 5.152240934977427
      vertex -2.481005202571683 -8.495916748944152 5.337060775394909
    endloop
  endfacet
  facet normal -0.17319470032540688 -0.44007880245526937 0.8810983165394929
    outer loop
      vertex -4.147215092198322 -8.210208208662998 5.152240934977427
      vertex -2.481005202571683 -8.495916748944152 5.337060775394909
      vertex -3.9917333501375403 -7.901363893112337 5.337060775394909
    endloop
  endfacet
  facet normal -0.23290469662987787 -0.5917989126575954 0.7717055457005817
    outer loop
      vertex -3.9917333501375403 -7.901363893112337 5.337060775394909
      vertex -2.3962336741176724 -8.204940650810675 5.585786437626905
      vertex -3.85545246342047 -7.630659586465729 5.585786437626905
    endloop
  endfacet
  facet normal -0.23290468940259082 -0.5917988056559076 0.7717056299383361
    outer loop
      vertex -3.9917333501375403 -7.901363893112337 5.337060775394909
      vertex -2.481005202571683 -8.495916748944152 5.337060775394909
      vertex -2.3962336741176724 -8.204940650810675 5.585786437626905
    endloop
  endfacet
  facet normal -0.28356341261097023 -0.720520211371284 0.6328051959599422
    outer loop
      vertex -3.85545246342047 -7.630659586465729 5.585786437626905
      vertex -2.326663478649338 -7.966142738434452 5.888859533960796
      vertex -3.743609630096447 -7.408498303414879 5.888859533960796
    endloop
  endfacet
  facet normal -0.28356341314766714 -0.7205201183080748 0.6328053016824078
    outer loop
      vertex -3.85545246342047 -7.630659586465729 5.585786437626905
      vertex -2.3962336741176724 -8.204940650810675 5.585786437626905
      vertex -2.326663478649338 -7.966142738434452 5.888859533960796
    endloop
  endfacet
  facet normal -0.3232714431846327 -0.821416297783265 0.4698625753955716
    outer loop
      vertex -2.326663478649338 -7.966142738434452 5.888859533960796
      vertex -2.2749681597631124 -7.788699881668688 6.234633135269821
      vertex -3.743609630096447 -7.408498303414879 5.888859533960796
    endloop
  endfacet
  facet normal -0.3505679557403803 -0.8907754394341615 0.2891733475078357
    outer loop
      vertex -2.2749681597631124 -7.788699881668688 6.234633135269821
      vertex -2.243134339572724 -7.679431109987792 6.609819355967743
      vertex -3.6605029075279307 -7.243417577477951 6.234633135269821
    endloop
  endfacet
  facet normal -0.3640852886559322 -0.9251223590953146 0.10765929261446244
    outer loop
      vertex -2.243134339572724 -7.679431109987792 6.609819355967743
      vertex -2.232385373935478 -7.642535561008827 6.963216045137666
      vertex -2.6882907397509843 -7.504238180249901 6.609819355967743
    endloop
  endfacet
  facet normal -0.3232714348845114 -0.8214163609380729 0.46986247069856785
    outer loop
      vertex -3.743609630096447 -7.408498303414879 5.888859533960796
      vertex -2.2749681597631124 -7.788699881668688 6.234633135269821
      vertex -3.6605029075279307 -7.243417577477951 6.234633135269821
    endloop
  endfacet
  facet normal -0.35056794439356176 -0.8907754689507783 0.28917327034010826
    outer loop
      vertex -3.6605029075279307 -7.243417577477951 6.234633135269821
      vertex -3.300285174232367 -7.263385531793892 6.609819355967743
      vertex -3.6093260404564416 -7.14176136837436 6.609819355967743
    endloop
  endfacet
  facet normal -0.3505679443935616 -0.8907754689507787 0.2891732703401081
    outer loop
      vertex -3.6605029075279307 -7.243417577477951 6.234633135269821
      vertex -3.0614674589207183 -7.391036260090294 6.506122697617211
      vertex -3.300285174232367 -7.263385531793892 6.609819355967743
    endloop
  endfacet
  facet normal -0.3505679443935622 -0.890775468950778 0.2891732703401094
    outer loop
      vertex -3.6605029075279307 -7.243417577477951 6.234633135269821
      vertex -2.6882907397509843 -7.504238180249901 6.609819355967743
      vertex -3.0614674589207183 -7.391036260090294 6.506122697617211
    endloop
  endfacet
  facet normal -0.35056794439356215 -0.8907754689507777 0.28917327034010987
    outer loop
      vertex -2.243134339572724 -7.679431109987792 6.609819355967743
      vertex -2.6882907397509843 -7.504238180249901 6.609819355967743
      vertex -3.6605029075279307 -7.243417577477951 6.234633135269821
    endloop
  endfacet
  facet normal -0.3640852886559319 -0.9251223590953153 0.10765929261445706
    outer loop
      vertex -3.6093260404564416 -7.14176136837436 6.609819355967743
      vertex -3.300285174232367 -7.263385531793892 6.609819355967743
      vertex -3.35883812181975 -7.232088329265693 6.680741937999812
    endloop
  endfacet
  facet normal -0.3640852820478097 -0.9251223653370938 0.10765926132603516
    outer loop
      vertex -3.6093260404564416 -7.14176136837436 6.609819355967743
      vertex -3.35883812181975 -7.232088329265693 6.680741937999812
      vertex -3.5920457271832187 -7.107436267210501 6.963216045137668
    endloop
  endfacet
  facet normal -0.05746369675271746 -0.09209729880961236 0.9940905447229064
    outer loop
      vertex -4.315922613450586 -8.54532381927299 5.038429439193539
      vertex -5.878697767610132 -7.985041421450714 5
      vertex -4.474832179312866 -8.86097706223706 5
    endloop
  endfacet
  facet normal -0.05746371229279856 -0.0920973424941961 0.9940905397774578
    outer loop
      vertex -4.315922613450586 -8.54532381927299 5.038429439193539
      vertex -6.019121571180267 -7.897424636548118 5
      vertex -5.878697767610132 -7.985041421450714 5
    endloop
  endfacet
  facet normal -0.0574637122927982 -0.09209734249419538 0.9940905397774578
    outer loop
      vertex -5.805448422176929 -7.615941057433333 5.038429439193539
      vertex -6.019121571180267 -7.897424636548118 5
      vertex -4.315922613450586 -8.54532381927299 5.038429439193539
    endloop
  endfacet
  facet normal -0.15425397477378228 -0.24722357110465104 0.9566013888536609
    outer loop
      vertex -5.805448422176929 -7.615941057433333 5.038429439193539
      vertex -4.147215092198322 -8.210208208662998 5.152240934977427
      vertex -5.57860073600453 -7.317101924320181 5.152240934977427
    endloop
  endfacet
  facet normal -0.1542539363347311 -0.24722345701076456 0.9566014245383954
    outer loop
      vertex -5.805448422176929 -7.615941057433333 5.038429439193539
      vertex -4.315922613450586 -8.54532381927299 5.038429439193539
      vertex -4.147215092198322 -8.210208208662998 5.152240934977427
    endloop
  endfacet
  facet normal -0.25034967677904457 -0.4012366048199235 0.8810983068246178
    outer loop
      vertex -4.147215092198322 -8.210208208662998 5.152240934977427
      vertex -3.9917333501375403 -7.901363893112337 5.337060775394909
      vertex -5.57860073600453 -7.317101924320181 5.152240934977427
    endloop
  endfacet
  facet normal -0.33665933837202844 -0.5395656196592147 0.7717055344940036
    outer loop
      vertex -3.9917333501375403 -7.901363893112337 5.337060775394909
      vertex -3.85545246342047 -7.630659586465729 5.585786437626905
      vertex -5.369536711077019 -7.041690201905684 5.337060775394909
    endloop
  endfacet
  facet normal -0.25034972743730893 -0.40123677088367465 0.88109821680838
    outer loop
      vertex -3.9917333501375403 -7.901363893112337 5.337060775394909
      vertex -5.369536711077019 -7.041690201905684 5.337060775394909
      vertex -5.57860073600453 -7.317101924320181 5.152240934977427
    endloop
  endfacet
  facet normal -0.33665938502072446 -0.5395658020210027 0.771705386638515
    outer loop
      vertex -5.369536711077019 -7.041690201905684 5.337060775394909
      vertex -3.85545246342047 -7.630659586465729 5.585786437626905
      vertex -5.1862905606279 -6.800289808229553 5.585786437626905
    endloop
  endfacet
  facet normal -0.4098855379424803 -0.6569257500518814 0.6328051870081158
    outer loop
      vertex -3.85545246342047 -7.630659586465729 5.585786437626905
      vertex -3.743609630096447 -7.408498303414879 5.888859533960796
      vertex -5.1862905606279 -6.800289808229553 5.585786437626905
    endloop
  endfacet
  facet normal -0.40988556674232446 -0.6569259108331057 0.6328050014439028
    outer loop
      vertex -5.1862905606279 -6.800289808229553 5.585786437626905
      vertex -3.743609630096447 -7.408498303414879 5.888859533960796
      vertex -5.035904331453311 -6.602177625041863 5.888859533960796
    endloop
  endfacet
  facet normal -0.4672827170765445 -0.7489167498326219 0.46986228210157904
    outer loop
      vertex -5.035904331453311 -6.602177625041863 5.888859533960796
      vertex -3.6605029075279307 -7.243417577477951 6.234633135269821
      vertex -4.924157282002862 -6.4549669924399256 6.234633135269821
    endloop
  endfacet
  facet normal -0.46728271122536374 -0.7489166381924902 0.4698624658645678
    outer loop
      vertex -5.035904331453311 -6.602177625041863 5.888859533960796
      vertex -3.743609630096447 -7.408498303414879 5.888859533960796
      vertex -3.6605029075279307 -7.243417577477951 6.234633135269821
    endloop
  endfacet
  facet normal -0.5067392641459816 -0.8121540599384552 0.2891731334309485
    outer loop
      vertex -4.924157282002862 -6.4549669924399256 6.234633135269821
      vertex -4.602829034823475 -6.521870388169776 6.609819355967743
      vertex -4.855343788718466 -6.364315132477958 6.609819355967743
    endloop
  endfacet
  facet normal -0.5262783060198595 -0.8434693996169804 0.10765926120235955
    outer loop
      vertex -4.855343788718466 -6.364315132477958 6.609819355967743
      vertex -4.602829034823475 -6.521870388169776 6.609819355967743
      vertex -4.644932156417195 -6.487317249250131 6.674714430956342
    endloop
  endfacet
  facet normal -0.5262782966116698 -0.8434694124966525 0.10765920628571947
    outer loop
      vertex -4.855343788718466 -6.364315132477958 6.609819355967743
      vertex -4.644932156417195 -6.487317249250131 6.674714430956342
      vertex -4.832108315555991 -6.33370574529615 6.96321604513767
    endloop
  endfacet
  facet normal -0.5067392641459826 -0.812154059938455 0.28917313343094764
    outer loop
      vertex -4.924157282002862 -6.4549669924399256 6.234633135269821
      vertex -4.0964093385104405 -6.837848300387744 6.609819355967743
      vertex -4.444561864156817 -6.651756898420362 6.522371166265153
    endloop
  endfacet
  facet normal -0.5067392742962016 -0.81215400537976 0.2891732688741679
    outer loop
      vertex -4.924157282002862 -6.4549669924399256 6.234633135269821
      vertex -3.6605029075279307 -7.243417577477951 6.234633135269821
      vertex -3.6093260404564416 -7.14176136837436 6.609819355967743
    endloop
  endfacet
  facet normal -0.5067392641459826 -0.8121540599384547 0.28917313343094836
    outer loop
      vertex -4.924157282002862 -6.4549669924399256 6.234633135269821
      vertex -3.6093260404564416 -7.14176136837436 6.609819355967743
      vertex -4.0964093385104405 -6.837848300387744 6.609819355967743
    endloop
  endfacet
  facet normal -0.5262783060198599 -0.843469399616979 0.10765926120236759
    outer loop
      vertex -3.6093260404564416 -7.14176136837436 6.609819355967743
      vertex -3.5920457271832187 -7.107436267210501 6.963216045137668
      vertex -4.0964093385104405 -6.837848300387744 6.609819355967743
    endloop
  endfacet
  facet normal -0.5067392641459835 -0.8121540599384532 0.2891731334309506
    outer loop
      vertex -4.924157282002862 -6.4549669924399256 6.234633135269821
      vertex -4.444561864156817 -6.651756898420362 6.522371166265153
      vertex -4.602829034823475 -6.521870388169776 6.609819355967743
    endloop
  endfacet
  facet normal -0.0732573171021078 -0.08010855751700657 0.9940905313418621
    outer loop
      vertex -5.805448422176929 -7.615941057433333 5.038429439193539
      vertex -7.362951605230572 -6.668524635344901 5
      vertex -7.240754198230093 -6.780271176178432 5
    endloop
  endfacet
  facet normal -0.07325731710210122 -0.08010855751699582 0.9940905313418633
    outer loop
      vertex -7.101640284660725 -6.430605292587076 5.038429439193539
      vertex -7.362951605230572 -6.668524635344901 5
      vertex -5.805448422176929 -7.615941057433333 5.038429439193539
    endloop
  endfacet
  facet normal -0.07325728392291325 -0.08010850020521662 0.9940905384053851
    outer loop
      vertex -5.805448422176929 -7.615941057433333 5.038429439193539
      vertex -7.240754198230093 -6.780271176178432 5
      vertex -6.019121571180267 -7.897424636548118 5
    endloop
  endfacet
  facet normal -0.19664979124251797 -0.21504105986437533 0.9566013810238203
    outer loop
      vertex -7.101640284660725 -6.430605292587076 5.038429439193539
      vertex -5.805448422176929 -7.615941057433333 5.038429439193539
      vertex -5.57860073600453 -7.317101924320181 5.152240934977427
    endloop
  endfacet
  facet normal -0.19664987488202804 -0.21504121010403007 0.9566013300565064
    outer loop
      vertex -7.101640284660725 -6.430605292587076 5.038429439193539
      vertex -5.57860073600453 -7.317101924320181 5.152240934977427
      vertex -6.824217179706167 -6.178016454672645 5.152240934977427
    endloop
  endfacet
  facet normal -0.31915689958257876 -0.3490054897846287 0.8810982019894418
    outer loop
      vertex -6.824217179706167 -6.178016454672645 5.152240934977427
      vertex -5.57860073600453 -7.317101924320181 5.152240934977427
      vertex -5.369536711077019 -7.041690201905684 5.337060775394909
    endloop
  endfacet
  facet normal -0.42918825334438315 -0.4693274610554053 0.771705369613614
    outer loop
      vertex -6.5685425818810455 -5.945229248432323 5.337060775394909
      vertex -5.369536711077019 -7.041690201905684 5.337060775394909
      vertex -5.1862905606279 -6.800289808229553 5.585786437626905
    endloop
  endfacet
  facet normal -0.3191570138918185 -0.3490057098270119 0.8810980734241797
    outer loop
      vertex -6.824217179706167 -6.178016454672645 5.152240934977427
      vertex -5.369536711077019 -7.041690201905684 5.337060775394909
      vertex -6.5685425818810455 -5.945229248432323 5.337060775394909
    endloop
  endfacet
  facet normal -0.42918836626163215 -0.46932770501905885 0.7717051584427919
    outer loop
      vertex -6.5685425818810455 -5.945229248432323 5.337060775394909
      vertex -5.1862905606279 -6.800289808229553 5.585786437626905
      vertex -6.344441922595812 -5.741189555653356 5.585786437626905
    endloop
  endfacet
  facet normal -0.522540289302577 -0.5714103855630536 0.6328047229013556
    outer loop
      vertex -6.344441922595812 -5.741189555653356 5.585786437626905
      vertex -5.035904331453311 -6.602177625041863 5.888859533960796
      vertex -6.1605272645097005 -5.573738507302461 5.888859533960796
    endloop
  endfacet
  facet normal -0.5957126440286317 -0.6514262314540228 0.46986201242282466
    outer loop
      vertex -6.1605272645097005 -5.573738507302461 5.888859533960796
      vertex -4.924157282002862 -6.4549669924399256 6.234633135269821
      vertex -6.023866344792433 -5.449311153260135 6.234633135269821
    endloop
  endfacet
  facet normal -0.5225402070570333 -0.5714101672755081 0.6328049879251655
    outer loop
      vertex -6.344441922595812 -5.741189555653356 5.585786437626905
      vertex -5.1862905606279 -6.800289808229553 5.585786437626905
      vertex -5.035904331453311 -6.602177625041863 5.888859533960796
    endloop
  endfacet
  facet normal -0.5957126067809981 -0.6514260762166709 0.46986227487120114
    outer loop
      vertex -6.1605272645097005 -5.573738507302461 5.888859533960796
      vertex -5.035904331453311 -6.602177625041863 5.888859533960796
      vertex -4.924157282002862 -6.4549669924399256 6.234633135269821
    endloop
  endfacet
  facet normal -0.6460135286056343 -0.7064315486155672 0.2891729378401594
    outer loop
      vertex -6.023866344792433 -5.449311153260135 6.234633135269821
      vertex -5.384987725114866 -5.87996933998531 6.609819355967743
      vertex -5.656854249492381 -5.656854249492381 6.547524751358502
    endloop
  endfacet
  facet normal -0.6460135286056348 -0.7064315486155672 0.2891729378401581
    outer loop
      vertex -6.023866344792433 -5.449311153260135 6.234633135269821
      vertex -5.740727355743421 -5.554654573823473 6.609819355967743
      vertex -5.939710965948416 -5.37268916696256 6.609819355967743
    endloop
  endfacet
  facet normal -0.6460135286056329 -0.7064315486155701 0.2891729378401559
    outer loop
      vertex -6.023866344792433 -5.449311153260135 6.234633135269821
      vertex -5.656854249492381 -5.656854249492381 6.547524751358502
      vertex -5.740727355743421 -5.554654573823473 6.609819355967743
    endloop
  endfacet
  facet normal -0.6709227222199962 -0.7336703593224253 0.10765920611175366
    outer loop
      vertex -5.939710965948416 -5.37268916696256 6.609819355967743
      vertex -5.740727355743421 -5.554654573823473 6.609819355967743
      vertex -5.769589495442199 -5.519485954844499 6.669618310649769
    endloop
  endfacet
  facet normal -0.6709227123614365 -0.7336703798467443 0.10765912768133978
    outer loop
      vertex -5.939710965948416 -5.37268916696256 6.609819355967743
      vertex -5.769589495442199 -5.519485954844499 6.669618310649769
      vertex -5.911295171991746 -5.3468170883730455 6.963216045137656
    endloop
  endfacet
  facet normal -0.6460135286669305 -0.7064314693773522 0.28917313127719146
    outer loop
      vertex -6.023866344792433 -5.449311153260135 6.234633135269821
      vertex -4.924157282002862 -6.4549669924399256 6.234633135269821
      vertex -4.855343788718466 -6.364315132477958 6.609819355967743
    endloop
  endfacet
  facet normal -0.6460135286056339 -0.7064315486155687 0.28917293784015685
    outer loop
      vertex -6.023866344792433 -5.449311153260135 6.234633135269821
      vertex -4.855343788718466 -6.364315132477958 6.609819355967743
      vertex -5.384987725114866 -5.87996933998531 6.609819355967743
    endloop
  endfacet
  facet normal -0.6709227222199956 -0.7336703593224271 0.10765920611174536
    outer loop
      vertex -4.855343788718466 -6.364315132477958 6.609819355967743
      vertex -4.832108315555991 -6.33370574529615 6.96321604513767
      vertex -5.384987725114866 -5.87996933998531 6.609819355967743
    endloop
  endfacet
  facet normal -0.08660781295382908 -0.06544558142918 0.9940905203283809
    outer loop
      vertex -7.101640284660725 -6.430605292587076 5.038429439193539
      vertex -8.461437555759932 -5.214836026441048 5
      vertex -8.36154807815925 -5.347025381370337 5
    endloop
  endfacet
  facet normal -0.08660775707249213 -0.06544551612930316 0.9940905294959012
    outer loop
      vertex -7.101640284660725 -6.430605292587076 5.038429439193539
      vertex -8.36154807815925 -5.347025381370337 5
      vertex -7.362951605230572 -6.668524635344901 5
    endloop
  endfacet
  facet normal -0.08660781295381584 -0.06544558142916501 0.994090520328383
    outer loop
      vertex -8.161203913643803 -5.028425243335682 5.038429439193539
      vertex -8.461437555759932 -5.214836026441048 5
      vertex -7.101640284660725 -6.430605292587076 5.038429439193539
    endloop
  endfacet
  facet normal -0.23248755762066164 -0.17568032778612996 0.9566012533864553
    outer loop
      vertex -8.161203913643803 -5.028425243335682 5.038429439193539
      vertex -6.824217179706167 -6.178016454672645 5.152240934977427
      vertex -7.8424586368374385 -4.83052085047078 5.152240934977427
    endloop
  endfacet
  facet normal -0.23248741539181145 -0.17568015582375396 0.9566013195339931
    outer loop
      vertex -8.161203913643803 -5.028425243335682 5.038429439193539
      vertex -7.101640284660725 -6.430605292587076 5.038429439193539
      vertex -6.824217179706167 -6.178016454672645 5.152240934977427
    endloop
  endfacet
  facet normal -0.377320287794879 -0.285123868642982 0.8810980535379983
    outer loop
      vertex -6.824217179706167 -6.178016454672645 5.152240934977427
      vertex -6.5685425818810455 -5.945229248432323 5.337060775394909
      vertex -7.8424586368374385 -4.83052085047078 5.152240934977427
    endloop
  endfacet
  facet normal -0.3773204856524747 -0.28512412242407037 0.8810978866839282
    outer loop
      vertex -6.5685425818810455 -5.945229248432323 5.337060775394909
      vertex -7.548701307326355 -4.648131117424404 5.337060775394909
      vertex -7.8424586368374385 -4.83052085047078 5.152240934977427
    endloop
  endfacet
  facet normal -0.507403975742194 -0.3834224980417317 0.7717048615866388
    outer loop
      vertex -7.548701307326355 -4.648131117424404 5.337060775394909
      vertex -6.344441922595812 -5.741189555653356 5.585786437626905
      vertex -7.291220854542651 -4.488265179352183 5.585786437626905
    endloop
  endfacet
  facet normal -0.507403774007904 -0.38342221342287214 0.7717051356421321
    outer loop
      vertex -6.5685425818810455 -5.945229248432323 5.337060775394909
      vertex -6.344441922595812 -5.741189555653356 5.585786437626905
      vertex -7.548701307326355 -4.648131117424404 5.337060775394909
    endloop
  endfacet
  facet normal -0.6177681606368288 -0.46681977809800923 0.6328047048496991
    outer loop
      vertex -6.344441922595812 -5.741189555653356 5.585786437626905
      vertex -6.1605272645097005 -5.573738507302461 5.888859533960796
      vertex -7.291220854542651 -4.488265179352183 5.585786437626905
    endloop
  endfacet
  facet normal -0.6177683171691537 -0.46682003718204945 0.6328043609104965
    outer loop
      vertex -6.1605272645097005 -5.573738507302461 5.888859533960796
      vertex -7.079912107890106 -4.357066594600384 5.888859533960796
      vertex -7.291220854542651 -4.488265179352183 5.585786437626905
    endloop
  endfacet
  facet normal -0.7042755284452598 -0.5321898142642306 0.46986166222256737
    outer loop
      vertex -6.023866344792433 -5.449311153260135 6.234633135269821
      vertex -6.922895543999266 -4.2595772512040035 6.234633135269821
      vertex -7.079912107890106 -4.357066594600384 5.888859533960796
    endloop
  endfacet
  facet normal -0.7042754442254014 -0.532189625013878 0.4698620028143385
    outer loop
      vertex -6.1605272645097005 -5.573738507302461 5.888859533960796
      vertex -6.023866344792433 -5.449311153260135 6.234633135269821
      vertex -7.079912107890106 -4.357066594600384 5.888859533960796
    endloop
  endfacet
  facet normal -0.7637431688992876 -0.5771269624638651 0.289172683974311
    outer loop
      vertex -6.922895543999266 -4.2595772512040035 6.234633135269821
      vertex -6.677621779901241 -4.396172074419565 6.609819355967743
      vertex -6.8262052213645505 -4.199543609957111 6.609819355967743
    endloop
  endfacet
  facet normal -0.7637431688992873 -0.5771269624638655 0.2891726839743108
    outer loop
      vertex -6.922895543999266 -4.2595772512040035 6.234633135269821
      vertex -6.651756898420362 -4.444561864156817 6.581556223684332
      vertex -6.677621779901241 -4.396172074419565 6.609819355967743
    endloop
  endfacet
  facet normal -0.793191762409977 -0.5993799632287052 0.10765912745750096
    outer loop
      vertex -6.8262052213645505 -4.199543609957111 6.609819355967743
      vertex -6.677621779901241 -4.396172074419565 6.609819355967743
      vertex -6.695806693015072 -4.362150494903763 6.665251068429719
    endloop
  endfacet
  facet normal -0.7931917546863202 -0.5993799917315089 0.10765902567631211
    outer loop
      vertex -6.8262052213645505 -4.199543609957111 6.609819355967743
      vertex -6.695806693015072 -4.362150494903763 6.665251068429719
      vertex -6.793556894860257 -4.179272730025572 6.963216045137672
    endloop
  endfacet
  facet normal -0.7637431502429296 -0.5771268613729139 0.28917293500404756
    outer loop
      vertex -6.023866344792433 -5.449311153260135 6.234633135269821
      vertex -5.939710965948416 -5.37268916696256 6.609819355967743
      vertex -6.922895543999266 -4.2595772512040035 6.234633135269821
    endloop
  endfacet
  facet normal -0.7637431688992878 -0.5771269624638643 0.2891726839743118
    outer loop
      vertex -5.939710965948416 -5.37268916696256 6.609819355967743
      vertex -6.651756898420362 -4.444561864156817 6.581556223684332
      vertex -6.922895543999266 -4.2595772512040035 6.234633135269821
    endloop
  endfacet
  facet normal -0.7637431688992874 -0.577126962463864 0.28917268397431384
    outer loop
      vertex -5.939710965948416 -5.37268916696256 6.609819355967743
      vertex -6.516693849489554 -4.609136665455668 6.609819355967743
      vertex -6.651756898420362 -4.444561864156817 6.581556223684332
    endloop
  endfacet
  facet normal -0.7931917624099775 -0.5993799632287046 0.10765912745750236
    outer loop
      vertex -5.939710965948416 -5.37268916696256 6.609819355967743
      vertex -5.911295171991746 -5.3468170883730455 6.963216045137656
      vertex -6.516693849489554 -4.609136665455668 6.609819355967743
    endloop
  endfacet
  facet normal -0.09706914118281201 -0.04859654130273815 0.9940905180130443
    outer loop
      vertex -8.161203913643803 -5.028425243335682 5.038429439193539
      vertex -9.203478831693062 -3.73264598891736 5
      vertex -8.461437555759932 -5.214836026441048 5
    endloop
  endfacet
  facet normal -0.09706922322400166 -0.04859660762725478 0.9940905067597273
    outer loop
      vertex -8.161203913643803 -5.028425243335682 5.038429439193539
      vertex -9.277706927091302 -3.584379187724775 5
      vertex -9.203478831693062 -3.73264598891736 5
    endloop
  endfacet
  facet normal -0.09706922322399056 -0.04859660762724628 0.994090506759729
    outer loop
      vertex -8.161203913643803 -5.028425243335682 5.038429439193539
      vertex -8.948568028681777 -3.4557059369302254 5.038429439193539
      vertex -9.277706927091302 -3.584379187724775 5
    endloop
  endfacet
  facet normal -0.26056985606982863 -0.13045141894330228 0.9566011590017168
    outer loop
      vertex -8.948568028681777 -3.4557059369302254 5.038429439193539
      vertex -7.8424586368374385 -4.83052085047078 5.152240934977427
      vertex -8.599135271773388 -3.3190990242171616 5.152240934977426
    endloop
  endfacet
  facet normal -0.2605696459750349 -0.1304512431896091 0.9566012401971526
    outer loop
      vertex -8.161203913643803 -5.028425243335682 5.038429439193539
      vertex -7.8424586368374385 -4.83052085047078 5.152240934977427
      vertex -8.948568028681777 -3.4557059369302254 5.038429439193539
    endloop
  endfacet
  facet normal -0.422896880236515 -0.21171864975342827 0.8810978617797276
    outer loop
      vertex -8.599135271773388 -3.3190990242171616 5.152240934977426
      vertex -7.8424586368374385 -4.83052085047078 5.152240934977427
      vertex -7.548701307326355 -4.648131117424404 5.337060775394909
    endloop
  endfacet
  facet normal -0.568693089442638 -0.2847100641726857 0.7717048330670045
    outer loop
      vertex -8.27709619862514 -3.1932013724200443 5.337060775394909
      vertex -7.548701307326355 -4.648131117424404 5.337060775394909
      vertex -7.291220854542651 -4.488265179352183 5.585786437626905
    endloop
  endfacet
  facet normal -0.42289717575398295 -0.2117189118042002 0.8810976569732497
    outer loop
      vertex -8.599135271773388 -3.3190990242171616 5.152240934977426
      vertex -7.548701307326355 -4.648131117424404 5.337060775394909
      vertex -8.27709619862514 -3.1932013724200443 5.337060775394909
    endloop
  endfacet
  facet normal -0.5686933965290233 -0.2847103625487887 0.771704496683556
    outer loop
      vertex -8.27709619862514 -3.1932013724200443 5.337060775394909
      vertex -7.291220854542651 -4.488265179352183 5.585786437626905
      vertex -7.99482659021652 -3.082851157693219 5.585786437626905
    endloop
  endfacet
  facet normal -0.6923885244789052 -0.34663718032913327 0.6328039162200186
    outer loop
      vertex -7.99482659021652 -3.082851157693219 5.585786437626905
      vertex -7.079912107890106 -4.357066594600384 5.888859533960796
      vertex -7.763173909300054 -2.9922890769035257 5.888859533960796
    endloop
  endfacet
  facet normal -0.6923882776520673 -0.34663690269312086 0.6328043383711297
    outer loop
      vertex -7.99482659021652 -3.082851157693219 5.585786437626905
      vertex -7.291220854542651 -4.488265179352183 5.585786437626905
      vertex -7.079912107890106 -4.357066594600384 5.888859533960796
    endloop
  endfacet
  facet normal -0.7893446408548281 -0.39517726094573113 0.46986165026015037
    outer loop
      vertex -7.079912107890106 -4.357066594600384 5.888859533960796
      vertex -6.922895543999266 -4.2595772512040035 6.234633135269821
      vertex -7.763173909300054 -2.9922890769035257 5.888859533960796
    endloop
  endfacet
  facet normal -0.855995331855859 -0.4285453916620926 0.2891726804630088
    outer loop
      vertex -6.922895543999266 -4.2595772512040035 6.234633135269821
      vertex -6.8262052213645505 -4.199543609957111 6.609819355967743
      vertex -7.591040438491043 -2.9249953800279114 6.234633135269821
    endloop
  endfacet
  facet normal -0.8890009758653665 -0.44506943184144176 0.10765902540317844
    outer loop
      vertex -6.8262052213645505 -4.199543609957111 6.609819355967743
      vertex -6.793556894860257 -4.179272730025572 6.963216045137672
      vertex -7.391036260090294 -3.0614674589207183 6.650573591772837
    endloop
  endfacet
  facet normal -0.7893447848052689 -0.39517747045116536 0.46986123222558174
    outer loop
      vertex -7.763173909300054 -2.9922890769035257 5.888859533960796
      vertex -6.922895543999266 -4.2595772512040035 6.234633135269821
      vertex -7.591040438491043 -2.9249953800279114 6.234633135269821
    endloop
  endfacet
  facet normal -0.8559953769778006 -0.42854550943497177 0.28917237235903714
    outer loop
      vertex -7.591040438491043 -2.9249953800279114 6.234633135269821
      vertex -6.8262052213645505 -4.199543609957111 6.609819355967743
      vertex -7.485041170539113 -2.883556126098566 6.609819355967743
    endloop
  endfacet
  facet normal -0.8890009758653663 -0.44506943184144176 0.10765902540318113
    outer loop
      vertex -6.8262052213645505 -4.199543609957111 6.609819355967743
      vertex -7.391036260090294 -3.0614674589207183 6.650573591772837
      vertex -7.485041170539113 -2.883556126098566 6.609819355967743
    endloop
  endfacet
  facet normal -0.8890009758653663 -0.44506943184144754 0.10765902540315685
    outer loop
      vertex -7.485041170539113 -2.883556126098566 6.609819355967743
      vertex -7.391036260090294 -3.0614674589207183 6.650573591772837
      vertex -7.393064211768853 -3.0547821981674352 6.661464960885067
    endloop
  endfacet
  facet normal -0.8890009729215117 -0.44506946793914454 0.10765890048190341
    outer loop
      vertex -7.485041170539113 -2.883556126098566 6.609819355967743
      vertex -7.393064211768853 -3.0547821981674352 6.661464960885067
      vertex -7.449249597866583 -2.8695638024045924 6.963216045137672
    endloop
  endfacet
  facet normal -0.10429146397519234 -0.030122863638556218 0.9940904906637645
    outer loop
      vertex -8.948568028681777 -3.4557059369302254 5.038429439193539
      vertex -9.784115922959803 -1.8310870547743168 5
      vertex -9.738063991007909 -1.9905281842691067 5
    endloop
  endfacet
  facet normal -0.10429146397518764 -0.0301228636385537 0.9940904906637652
    outer loop
      vertex -8.948568028681777 -3.4557059369302254 5.038429439193539
      vertex -9.437057440306289 -1.7644565097179186 5.038429439193539
      vertex -9.784115922959803 -1.8310870547743168 5
    endloop
  endfacet
  facet normal -0.1042913542227974 -0.030122804150324867 0.9940905039806466
    outer loop
      vertex -8.948568028681777 -3.4557059369302254 5.038429439193539
      vertex -9.738063991007909 -1.9905281842691067 5
      vertex -9.277706927091302 -3.584379187724775 5
    endloop
  endfacet
  facet normal -0.27995673341055527 -0.08086086994835393 0.9566011431779113
    outer loop
      vertex -8.948568028681777 -3.4557059369302254 5.038429439193539
      vertex -8.599135271773388 -3.3190990242171616 5.152240934977426
      vertex -9.437057440306289 -1.7644565097179186 5.038429439193539
    endloop
  endfacet
  facet normal -0.2799570157350757 -0.08086102914969727 0.9566010470962084
    outer loop
      vertex -8.599135271773388 -3.3190990242171616 5.152240934977426
      vertex -9.068600223647664 -1.6937176965120833 5.152240934977427
      vertex -9.437057440306289 -1.7644565097179186 5.038429439193539
    endloop
  endfacet
  facet normal -0.45436149266193565 -0.1312349247836102 0.8810976271123752
    outer loop
      vertex -8.599135271773388 -3.3190990242171616 5.152240934977426
      vertex -8.27709619862514 -3.1932013724200443 5.337060775394909
      vertex -9.068600223647664 -1.6937176965120833 5.152240934977427
    endloop
  endfacet
  facet normal -0.4543618929644811 -0.13123516595448748 0.8810973847643809
    outer loop
      vertex -8.27709619862514 -3.1932013724200443 5.337060775394909
      vertex -8.729028107978392 -1.6285244328868678 5.337060775394909
      vertex -9.068600223647664 -1.6937176965120833 5.152240934977427
    endloop
  endfacet
  facet normal -0.6110052018558336 -0.1764790804559699 0.7717044625156234
    outer loop
      vertex -8.27709619862514 -3.1932013724200443 5.337060775394909
      vertex -7.99482659021652 -3.082851157693219 5.585786437626905
      vertex -8.729028107978392 -1.6285244328868678 5.337060775394909
    endloop
  endfacet
  facet normal -0.6110056234376742 -0.17647936136029124 0.7717040644841798
    outer loop
      vertex -8.729028107978392 -1.6285244328868678 5.337060775394909
      vertex -7.99482659021652 -3.082851157693219 5.585786437626905
      vertex -8.431390659269406 -1.5713820594025851 5.585786437626905
    endloop
  endfacet
  facet normal -0.7439034557391396 -0.2148648093350137 0.6328038892491055
    outer loop
      vertex -7.99482659021652 -3.082851157693219 5.585786437626905
      vertex -7.763173909300054 -2.9922890769035257 5.888859533960796
      vertex -8.431390659269406 -1.5713820594025851 5.585786437626905
    endloop
  endfacet
  facet normal -0.7439038027371995 -0.21486507906138658 0.6328033897452495
    outer loop
      vertex -7.763173909300054 -2.9922890769035257 5.888859533960796
      vertex -8.187125917757587 -1.5244865254264244 5.888859533960796
      vertex -8.431390659269406 -1.5713820594025851 5.585786437626905
    endloop
  endfacet
  facet normal -0.8480734241370644 -0.2449528590344428 0.4698612179391779
    outer loop
      vertex -7.763173909300054 -2.9922890769035257 5.888859533960796
      vertex -7.591040438491043 -2.9249953800279114 6.234633135269821
      vertex -8.187125917757587 -1.5244865254264244 5.888859533960796
    endloop
  endfacet
  facet normal -0.8480736367631543 -0.2449530716503566 0.46986072331742373
    outer loop
      vertex -8.187125917757587 -1.5244865254264244 5.888859533960796
      vertex -7.591040438491043 -2.9249953800279114 6.234633135269821
      vertex -8.005620840473991 -1.489640000029771 6.234633135269821
    endloop
  endfacet
  facet normal -0.9196829280254336 -0.2656363178839606 0.2891723681813611
    outer loop
      vertex -7.591040438491043 -2.9249953800279114 6.234633135269821
      vertex -7.485041170539113 -2.883556126098566 6.609819355967743
      vertex -8.005620840473991 -1.489640000029771 6.234633135269821
    endloop
  endfacet
  facet normal -0.919683005906152 -0.26563644509060275 0.2891720036363337
    outer loop
      vertex -7.485041170539113 -2.883556126098566 6.609819355967743
      vertex -7.893850565749405 -1.4681816156414618 6.609819355967743
      vertex -8.005620840473991 -1.489640000029771 6.234633135269821
    endloop
  endfacet
  facet normal -0.9551441838932975 -0.2758788668802163 0.10765890016015661
    outer loop
      vertex -7.485041170539113 -2.883556126098566 6.609819355967743
      vertex -7.5244759398229055 -2.6215757873000776 6.931287887009288
      vertex -7.893850565749405 -1.4681816156414618 6.609819355967743
    endloop
  endfacet
  facet normal -0.9551441882512648 -0.27587890947110894 0.10765875235606322
    outer loop
      vertex -7.893850565749405 -1.4681816156414618 6.609819355967743
      vertex -7.5244759398229055 -2.6215757873000776 6.931287887009288
      vertex -7.8462822432258434 -1.560722576129026 6.794704533502522
    endloop
  endfacet
  facet normal -0.9551441882512648 -0.2758789094711089 0.10765875235606323
    outer loop
      vertex -7.893850565749405 -1.4681816156414618 6.609819355967743
      vertex -7.8462822432258434 -1.560722576129026 6.794704533502522
      vertex -7.856110362560004 -1.4609360059395384 6.963216045137671
    endloop
  endfacet
  facet normal -0.9551441838932963 -0.2758788668802195 0.10765890016015942
    outer loop
      vertex -7.485041170539113 -2.883556126098566 6.609819355967743
      vertex -7.449249597866583 -2.8695638024045924 6.963216045137672
      vertex -7.5244759398229055 -2.6215757873000776 6.931287887009288
    endloop
  endfacet
  facet normal -0.10804585205255955 -0.010566958022841343 0.9940897511051907
    outer loop
      vertex -9.437057440306289 -1.7644565097179186 5.038429439193539
      vertex -9.946929059596965 -0.1663426661539625 5
      vertex -9.784115922959803 -1.8310870547743168 5
    endloop
  endfacet
  facet normal -0.10809970981063591 -0.01058428634906859 0.9940837115763124
    outer loop
      vertex -9.437057440306289 -1.7644565097179186 5.038429439193539
      vertex -9.60981935596774 -6.157233497404827e-15 5.038429439193539
      vertex -9.946929059596965 -0.1663426661539625 5
    endloop
  endfacet
  facet normal -0.10809970981063616 -0.010584286349068132 0.9940837115763126
    outer loop
      vertex -9.60981935596774 -6.157233497404827e-15 5.038429439193539
      vertex -9.963216045137676 -6.2902920458197286e-15 5
      vertex -9.946929059596965 -0.1663426661539625 5
    endloop
  endfacet
  facet normal -0.29002801707135767 -0.02839729715568369 0.9565967503749466
    outer loop
      vertex -9.437057440306289 -1.7644565097179186 5.038429439193539
      vertex -9.068600223647664 -1.6937176965120833 5.152240934977427
      vertex -9.60981935596774 -6.157233497404827e-15 5.038429439193539
    endloop
  endfacet
  facet normal -0.47069419291799025 -0.0461415308435116 0.8810890624021496
    outer loop
      vertex -9.068600223647664 -1.6937176965120833 5.152240934977427
      vertex -8.729028107978392 -1.6285244328868678 5.337060775394909
      vertex -9.234633135269817 -6.015970900891557e-15 5.152240934977427
    endloop
  endfacet
  facet normal -0.6329526261962295 -0.06212109488889553 0.7716942027520365
    outer loop
      vertex -8.729028107978392 -1.6285244328868678 5.337060775394909
      vertex -8.431390659269406 -1.5713820594025851 5.585786437626905
      vertex -8.888859533960794 -5.8857825463304655e-15 5.337060775394909
    endloop
  endfacet
  facet normal -0.29016721860546646 -0.028444709683071973 0.9565531264586475
    outer loop
      vertex -9.068600223647664 -1.6937176965120833 5.152240934977427
      vertex -9.234633135269817 -6.015970900891557e-15 5.152240934977427
      vertex -9.60981935596774 -6.157233497404827e-15 5.038429439193539
    endloop
  endfacet
  facet normal -0.47089304025019385 -0.04621576722368144 0.8809789143355566
    outer loop
      vertex -8.729028107978392 -1.6285244328868678 5.337060775394909
      vertex -8.888859533960794 -5.8857825463304655e-15 5.337060775394909
      vertex -9.234633135269817 -6.015970900891557e-15 5.152240934977427
    endloop
  endfacet
  facet normal -0.6331644600601967 -0.06221142659377479 0.7715131268603582
    outer loop
      vertex -8.888859533960794 -5.8857825463304655e-15 5.337060775394909
      vertex -8.431390659269406 -1.5713820594025851 5.585786437626905
      vertex -8.585786437626902 -5.771671499176865e-15 5.585786437626905
    endloop
  endfacet
  facet normal -0.7706084077522412 -0.07571594967106393 0.6327952092636011
    outer loop
      vertex -8.431390659269406 -1.5713820594025851 5.585786437626905
      vertex -8.187125917757587 -1.5244865254264244 5.888859533960796
      vertex -8.585786437626902 -5.771671499176865e-15 5.585786437626905
    endloop
  endfacet
  facet normal -0.8785044220456208 -0.08640183645855602 0.46985604508495865
    outer loop
      vertex -8.187125917757587 -1.5244865254264244 5.888859533960796
      vertex -8.005620840473991 -1.489640000029771 6.234633135269821
      vertex -8.337060775394907 -5.678022982978655e-15 5.888859533960796
    endloop
  endfacet
  facet normal -0.7707860863458875 -0.07580762453296949 0.6325677933298993
    outer loop
      vertex -8.585786437626902 -5.771671499176865e-15 5.585786437626905
      vertex -8.187125917757587 -1.5244865254264244 5.888859533960796
      vertex -8.337060775394907 -5.678022982978655e-15 5.888859533960796
    endloop
  endfacet
  facet normal -0.8786172805354748 -0.0864792491487115 0.46963072068500994
    outer loop
      vertex -8.337060775394907 -5.678022982978655e-15 5.888859533960796
      vertex -8.005620840473991 -1.489640000029771 6.234633135269821
      vertex -8.152240934977424 -5.608435857694642e-15 6.234633135269821
    endloop
  endfacet
  facet normal -0.9526741011109724 -0.09376840493882606 0.28917043989251245
    outer loop
      vertex -8.005620840473991 -1.489640000029771 6.234633135269821
      vertex -7.893850565749405 -1.4681816156414618 6.609819355967743
      vertex -8.152240934977424 -5.608435857694642e-15 6.234633135269821
    endloop
  endfacet
  facet normal -0.9894022405401945 -0.0974311759501915 0.10765859170082846
    outer loop
      vertex -7.893850565749405 -1.4681816156414618 6.609819355967743
      vertex -7.856110362560004 -1.4609360059395384 6.963216045137671
      vertex -7.86975050961933 -1.3224452687341623 6.963194897938646
    endloop
  endfacet
  facet normal -0.9527195436835164 -0.09381885515150647 0.2890043139842946
    outer loop
      vertex -8.152240934977424 -5.608435857694642e-15 6.234633135269821
      vertex -7.893850565749405 -1.4681816156414618 6.609819355967743
      vertex -8.038429439193537 -5.56558431752458e-15 6.609819355967743
    endloop
  endfacet
  facet normal -0.9894077264449631 -0.0974498759594332 0.1075912288548669
    outer loop
      vertex -8.038429439193537 -5.56558431752458e-15 6.609819355967743
      vertex -7.86975050961933 -1.3224452687341623 6.963194897938646
      vertex -7.999999999999999 -5.551115123125783e-15 6.963216045137668
    endloop
  endfacet
  facet normal -0.9894022405401943 -0.0974311759501932 0.10765859170082916
    outer loop
      vertex -8.038429439193537 -5.56558431752458e-15 6.609819355967743
      vertex -7.893850565749405 -1.4681816156414618 6.609819355967743
      vertex -7.86975050961933 -1.3224452687341623 6.963194897938646
    endloop
  endfacet
  facet normal -0.10809970981063616 0.01058428634906712 0.9940837115763125
    outer loop
      vertex -9.60981935596774 -6.157233497404827e-15 5.038429439193539
      vertex -9.946929059596966 0.1663426661539478 5
      vertex -9.963216045137676 -6.2902920458197286e-15 5
    endloop
  endfacet
  facet normal -0.10809970981063548 0.010584286349068462 0.9940837115763124
    outer loop
      vertex -9.60981935596774 -6.157233497404827e-15 5.038429439193539
      vertex -9.43705744030629 1.7644565097179026 5.038429439193539
      vertex -9.946929059596966 0.1663426661539478 5
    endloop
  endfacet
  facet normal -0.10804585205255955 0.010566958022841355 0.9940897511051907
    outer loop
      vertex -9.43705744030629 1.7644565097179026 5.038429439193539
      vertex -9.784115922959804 1.8310870547743001 5
      vertex -9.946929059596966 0.1663426661539478 5
    endloop
  endfacet
  facet normal -0.29016721860546646 0.028444709683072233 0.9565531264586474
    outer loop
      vertex -9.60981935596774 -6.157233497404827e-15 5.038429439193539
      vertex -9.234633135269817 -6.015970900891557e-15 5.152240934977427
      vertex -9.068600223647666 1.6937176965120677 5.152240934977426
    endloop
  endfacet
  facet normal -0.47089304025019385 0.046215767223681016 0.8809789143355565
    outer loop
      vertex -9.234633135269817 -6.015970900891557e-15 5.152240934977427
      vertex -8.888859533960794 -5.8857825463304655e-15 5.337060775394909
      vertex -8.729028107978394 1.6285244328868527 5.337060775394909
    endloop
  endfacet
  facet normal -0.6331644600601967 0.0622114265937742 0.7715131268603582
    outer loop
      vertex -8.888859533960794 -5.8857825463304655e-15 5.337060775394909
      vertex -8.585786437626902 -5.771671499176865e-15 5.585786437626905
      vertex -8.431390659269407 1.5713820594025703 5.585786437626905
    endloop
  endfacet
  facet normal -0.2900280170713557 0.028397297155683263 0.9565967503749473
    outer loop
      vertex -9.60981935596774 -6.157233497404827e-15 5.038429439193539
      vertex -9.068600223647666 1.6937176965120677 5.152240934977426
      vertex -9.43705744030629 1.7644565097179026 5.038429439193539
    endloop
  endfacet
  facet normal -0.470694192917992 0.046141530843511844 0.8810890624021487
    outer loop
      vertex -9.234633135269817 -6.015970900891557e-15 5.152240934977427
      vertex -8.729028107978394 1.6285244328868527 5.337060775394909
      vertex -9.068600223647666 1.6937176965120677 5.152240934977426
    endloop
  endfacet
  facet normal -0.6329526261962296 0.06212109488889496 0.7716942027520363
    outer loop
      vertex -8.888859533960794 -5.8857825463304655e-15 5.337060775394909
      vertex -8.431390659269407 1.5713820594025703 5.585786437626905
      vertex -8.729028107978394 1.6285244328868527 5.337060775394909
    endloop
  endfacet
  facet normal -0.7707860863458875 0.07580762453296877 0.6325677933298993
    outer loop
      vertex -8.585786437626902 -5.771671499176865e-15 5.585786437626905
      vertex -8.337060775394907 -5.678022982978655e-15 5.888859533960796
      vertex -8.187125917757589 1.52448652542641 5.888859533960796
    endloop
  endfacet
  facet normal -0.8786172805354748 0.08647924914871166 0.4696307206850099
    outer loop
      vertex -8.337060775394907 -5.678022982978655e-15 5.888859533960796
      vertex -8.152240934977424 -5.608435857694642e-15 6.234633135269821
      vertex -8.005620840473991 1.4896400000297567 6.234633135269821
    endloop
  endfacet
  facet normal -0.7706084077522413 0.07571594967106324 0.632795209263601
    outer loop
      vertex -8.585786437626902 -5.771671499176865e-15 5.585786437626905
      vertex -8.187125917757589 1.52448652542641 5.888859533960796
      vertex -8.431390659269407 1.5713820594025703 5.585786437626905
    endloop
  endfacet
  facet normal -0.878504422045619 0.08640183645855497 0.469856045084962
    outer loop
      vertex -8.337060775394907 -5.678022982978655e-15 5.888859533960796
      vertex -8.005620840473991 1.4896400000297567 6.234633135269821
      vertex -8.187125917757589 1.52448652542641 5.888859533960796
    endloop
  endfacet
  facet normal -0.9527195436835165 0.09381885515150552 0.2890043139842946
    outer loop
      vertex -8.152240934977424 -5.608435857694642e-15 6.234633135269821
      vertex -8.038429439193537 -5.56558431752458e-15 6.609819355967743
      vertex -7.893850565749407 1.4681816156414476 6.609819355967743
    endloop
  endfacet
  facet normal -0.9894077264449631 0.09744987595943246 0.1075912288548669
    outer loop
      vertex -8.038429439193537 -5.56558431752458e-15 6.609819355967743
      vertex -7.999999999999999 -5.551115123125783e-15 6.963216045137668
      vertex -7.869750509619333 1.322445268734131 6.96319489793864
    endloop
  endfacet
  facet normal -0.9894022405401944 0.0974311759501922 0.1076585917008301
    outer loop
      vertex -8.038429439193537 -5.56558431752458e-15 6.609819355967743
      vertex -7.869750509619333 1.322445268734131 6.96319489793864
      vertex -7.893850565749407 1.4681816156414476 6.609819355967743
    endloop
  endfacet
  facet normal -0.9526741011109736 0.09376840493882638 0.28917043989250835
    outer loop
      vertex -8.152240934977424 -5.608435857694642e-15 6.234633135269821
      vertex -7.893850565749407 1.4681816156414476 6.609819355967743
      vertex -8.005620840473991 1.4896400000297567 6.234633135269821
    endloop
  endfacet
  facet normal -0.9894022405401937 0.09743117595019755 0.10765859170083227
    outer loop
      vertex -7.893850565749407 1.4681816156414476 6.609819355967743
      vertex -7.869750509619333 1.322445268734131 6.96319489793864
      vertex -7.856110362560005 1.4609360059395244 6.963216045137666
    endloop
  endfacet
  facet normal -0.10429146397518746 0.03012286363855492 0.9940904906637651
    outer loop
      vertex -9.43705744030629 1.7644565097179026 5.038429439193539
      vertex -9.73806399100791 1.9905281842690892 5
      vertex -9.784115922959804 1.8310870547743001 5
    endloop
  endfacet
  facet normal -0.27995701573507403 0.08086102914969565 0.9566010470962091
    outer loop
      vertex -9.43705744030629 1.7644565097179026 5.038429439193539
      vertex -9.068600223647666 1.6937176965120677 5.152240934977426
      vertex -8.599135271773394 3.319099024217146 5.152240934977426
    endloop
  endfacet
  facet normal -0.10429146397518836 0.030122863638553703 0.994090490663765
    outer loop
      vertex -9.43705744030629 1.7644565097179026 5.038429439193539
      vertex -8.948568028681782 3.455705936930209 5.038429439193539
      vertex -9.73806399100791 1.9905281842690892 5
    endloop
  endfacet
  facet normal -0.45436189296448304 0.13123516595448706 0.8810973847643799
    outer loop
      vertex -9.068600223647666 1.6937176965120677 5.152240934977426
      vertex -8.729028107978394 1.6285244328868527 5.337060775394909
      vertex -8.277096198625145 3.193201372420029 5.337060775394909
    endloop
  endfacet
  facet normal -0.45436149266193626 0.13123492478360893 0.881097627112375
    outer loop
      vertex -9.068600223647666 1.6937176965120677 5.152240934977426
      vertex -8.277096198625145 3.193201372420029 5.337060775394909
      vertex -8.599135271773394 3.319099024217146 5.152240934977426
    endloop
  endfacet
  facet normal -0.1042913542227975 0.03012280415032466 0.9940905039806466
    outer loop
      vertex -8.948568028681782 3.455705936930209 5.038429439193539
      vertex -9.277706927091307 3.584379187724758 5
      vertex -9.73806399100791 1.9905281842690892 5
    endloop
  endfacet
  facet normal -0.27995673341055555 0.08086086994835347 0.9566011431779112
    outer loop
      vertex -9.43705744030629 1.7644565097179026 5.038429439193539
      vertex -8.599135271773394 3.319099024217146 5.152240934977426
      vertex -8.948568028681782 3.455705936930209 5.038429439193539
    endloop
  endfacet
  facet normal -0.6110056234376744 0.17647936136029013 0.7717040644841797
    outer loop
      vertex -8.729028107978394 1.6285244328868527 5.337060775394909
      vertex -8.431390659269407 1.5713820594025703 5.585786437626905
      vertex -7.994826590216524 3.082851157693205 5.585786437626905
    endloop
  endfacet
  facet normal -0.6110052018558334 0.17647908045596847 0.7717044625156241
    outer loop
      vertex -8.729028107978394 1.6285244328868527 5.337060775394909
      vertex -7.994826590216524 3.082851157693205 5.585786437626905
      vertex -8.277096198625145 3.193201372420029 5.337060775394909
    endloop
  endfacet
  facet normal -0.7439038027371999 0.21486507906138533 0.6328033897452493
    outer loop
      vertex -8.431390659269407 1.5713820594025703 5.585786437626905
      vertex -8.187125917757589 1.52448652542641 5.888859533960796
      vertex -7.7631739093000585 2.9922890769035115 5.888859533960796
    endloop
  endfacet
  facet normal -0.7439034557391401 0.21486480933501237 0.6328038892491056
    outer loop
      vertex -8.431390659269407 1.5713820594025703 5.585786437626905
      vertex -7.7631739093000585 2.9922890769035115 5.888859533960796
      vertex -7.994826590216524 3.082851157693205 5.585786437626905
    endloop
  endfacet
  facet normal -0.8480736367631534 0.24495307165035363 0.4698607233174273
    outer loop
      vertex -8.187125917757589 1.52448652542641 5.888859533960796
      vertex -8.005620840473991 1.4896400000297567 6.234633135269821
      vertex -7.5910404384910475 2.9249953800278976 6.234633135269821
    endloop
  endfacet
  facet normal -0.8480734241370649 0.24495285903444136 0.4698612179391775
    outer loop
      vertex -8.187125917757589 1.52448652542641 5.888859533960796
      vertex -7.5910404384910475 2.9249953800278976 6.234633135269821
      vertex -7.7631739093000585 2.9922890769035115 5.888859533960796
    endloop
  endfacet
  facet normal -0.9551441882512656 0.27587890947110494 0.1076587523560668
    outer loop
      vertex -7.893850565749407 1.4681816156414476 6.609819355967743
      vertex -7.856110362560005 1.4609360059395244 6.963216045137666
      vertex -7.8462822432258434 1.560722576129026 6.7947045335024985
    endloop
  endfacet
  facet normal -0.9196830059061535 0.26563644509060186 0.2891720036363298
    outer loop
      vertex -8.005620840473991 1.4896400000297567 6.234633135269821
      vertex -7.893850565749407 1.4681816156414476 6.609819355967743
      vertex -7.485041170539117 2.8835561260985525 6.609819355967743
    endloop
  endfacet
  facet normal -0.9196829280254338 0.26563631788395775 0.28917236818136277
    outer loop
      vertex -8.005620840473991 1.4896400000297567 6.234633135269821
      vertex -7.485041170539117 2.8835561260985525 6.609819355967743
      vertex -7.5910404384910475 2.9249953800278976 6.234633135269821
    endloop
  endfacet
  facet normal -0.9551441838932979 0.275878866880215 0.10765890016015531
    outer loop
      vertex -7.893850565749407 1.4681816156414476 6.609819355967743
      vertex -7.524475939822915 2.621575787300045 6.931287887009283
      vertex -7.485041170539117 2.8835561260985525 6.609819355967743
    endloop
  endfacet
  facet normal -0.9551441882512653 0.27587890947110655 0.10765875235606596
    outer loop
      vertex -7.893850565749407 1.4681816156414476 6.609819355967743
      vertex -7.8462822432258434 1.560722576129026 6.7947045335024985
      vertex -7.524475939822915 2.621575787300045 6.931287887009283
    endloop
  endfacet
  facet normal -0.9551441838932972 0.27587886688021723 0.10765890016015711
    outer loop
      vertex -7.485041170539117 2.8835561260985525 6.609819355967743
      vertex -7.524475939822915 2.621575787300045 6.931287887009283
      vertex -7.449249597866587 2.8695638024045786 6.963216045137673
    endloop
  endfacet
  facet normal -0.09706922322398949 0.048596607627249204 0.9940905067597288
    outer loop
      vertex -8.948568028681782 3.455705936930209 5.038429439193539
      vertex -9.203478831693065 3.7326459889173456 5
      vertex -9.277706927091307 3.584379187724758 5
    endloop
  endfacet
  facet normal -0.4228971757539832 0.21171891180419983 0.8810976569732496
    outer loop
      vertex -8.599135271773394 3.319099024217146 5.152240934977426
      vertex -8.277096198625145 3.193201372420029 5.337060775394909
      vertex -7.548701307326361 4.6481311174243904 5.337060775394909
    endloop
  endfacet
  facet normal -0.5686933965290233 0.2847103625487875 0.7717044966835563
    outer loop
      vertex -8.277096198625145 3.193201372420029 5.337060775394909
      vertex -7.994826590216524 3.082851157693205 5.585786437626905
      vertex -7.291220854542657 4.488265179352171 5.585786437626905
    endloop
  endfacet
  facet normal -0.6923885244789055 0.3466371803291326 0.6328039162200187
    outer loop
      vertex -7.994826590216524 3.082851157693205 5.585786437626905
      vertex -7.7631739093000585 2.9922890769035115 5.888859533960796
      vertex -7.079912107890111 4.357066594600371 5.888859533960796
    endloop
  endfacet
  facet normal -0.09706922322399195 0.04859660762724691 0.9940905067597287
    outer loop
      vertex -8.948568028681782 3.455705936930209 5.038429439193539
      vertex -8.161203913643808 5.0284252433356675 5.038429439193539
      vertex -9.203478831693065 3.7326459889173456 5
    endloop
  endfacet
  facet normal -0.2605698560698288 0.1304514189433026 0.9566011590017167
    outer loop
      vertex -8.948568028681782 3.455705936930209 5.038429439193539
      vertex -8.599135271773394 3.319099024217146 5.152240934977426
      vertex -7.842458636837445 4.830520850470767 5.152240934977426
    endloop
  endfacet
  facet normal -0.09706914118281207 0.04859654130273805 0.9940905180130443
    outer loop
      vertex -8.161203913643808 5.0284252433356675 5.038429439193539
      vertex -8.461437555759938 5.214836026441033 5
      vertex -9.203478831693065 3.7326459889173456 5
    endloop
  endfacet
  facet normal -0.2605696459750339 0.13045124318960843 0.9566012401971531
    outer loop
      vertex -8.948568028681782 3.455705936930209 5.038429439193539
      vertex -7.842458636837445 4.830520850470767 5.152240934977426
      vertex -8.161203913643808 5.0284252433356675 5.038429439193539
    endloop
  endfacet
  facet normal -0.42289688023651656 0.21171864975342902 0.8810978617797265
    outer loop
      vertex -8.599135271773394 3.319099024217146 5.152240934977426
      vertex -7.548701307326361 4.6481311174243904 5.337060775394909
      vertex -7.842458636837445 4.830520850470767 5.152240934977426
    endloop
  endfacet
  facet normal -0.5686930894426385 0.28471006417268524 0.771704833067004
    outer loop
      vertex -8.277096198625145 3.193201372420029 5.337060775394909
      vertex -7.291220854542657 4.488265179352171 5.585786437626905
      vertex -7.548701307326361 4.6481311174243904 5.337060775394909
    endloop
  endfacet
  facet normal -0.7893447848052695 0.39517747045116475 0.46986123222558146
    outer loop
      vertex -7.7631739093000585 2.9922890769035115 5.888859533960796
      vertex -7.5910404384910475 2.9249953800278976 6.234633135269821
      vertex -6.922895543999271 4.259577251203991 6.234633135269821
    endloop
  endfacet
  facet normal -0.8559953769778009 0.4285455094349702 0.2891723723590386
    outer loop
      vertex -7.5910404384910475 2.9249953800278976 6.234633135269821
      vertex -7.485041170539117 2.8835561260985525 6.609819355967743
      vertex -6.826205221364556 4.199543609957099 6.609819355967743
    endloop
  endfacet
  facet normal -0.8890009758653669 0.44506943184143727 0.10765902540319336
    outer loop
      vertex -7.485041170539117 2.8835561260985525 6.609819355967743
      vertex -7.3930642117688565 3.054782198167422 6.661464960885066
      vertex -7.391036260090294 3.0614674589207183 6.650573591772814
    endloop
  endfacet
  facet normal -0.8890009729215115 0.4450694679391456 0.10765890048190149
    outer loop
      vertex -7.485041170539117 2.8835561260985525 6.609819355967743
      vertex -7.449249597866587 2.8695638024045786 6.963216045137673
      vertex -7.3930642117688565 3.054782198167422 6.661464960885066
    endloop
  endfacet
  facet normal -0.8890009758653671 0.4450694318414404 0.10765902540317997
    outer loop
      vertex -7.485041170539117 2.8835561260985525 6.609819355967743
      vertex -7.391036260090294 3.0614674589207183 6.650573591772814
      vertex -6.826205221364556 4.199543609957099 6.609819355967743
    endloop
  endfacet
  facet normal -0.6923882776520671 0.3466369026931194 0.632804338371131
    outer loop
      vertex -7.994826590216524 3.082851157693205 5.585786437626905
      vertex -7.079912107890111 4.357066594600371 5.888859533960796
      vertex -7.291220854542657 4.488265179352171 5.585786437626905
    endloop
  endfacet
  facet normal -0.7893446408548286 0.3951772609457303 0.46986165026015037
    outer loop
      vertex -7.7631739093000585 2.9922890769035115 5.888859533960796
      vertex -6.922895543999271 4.259577251203991 6.234633135269821
      vertex -7.079912107890111 4.357066594600371 5.888859533960796
    endloop
  endfacet
  facet normal -0.8559953318558596 0.4285453916620919 0.28917268046300787
    outer loop
      vertex -7.5910404384910475 2.9249953800278976 6.234633135269821
      vertex -6.826205221364556 4.199543609957099 6.609819355967743
      vertex -6.922895543999271 4.259577251203991 6.234633135269821
    endloop
  endfacet
  facet normal -0.8890009758653674 0.4450694318414404 0.10765902540317676
    outer loop
      vertex -6.826205221364556 4.199543609957099 6.609819355967743
      vertex -7.391036260090294 3.0614674589207183 6.650573591772814
      vertex -6.793556894860263 4.17927273002556 6.963216045137671
    endloop
  endfacet
  facet normal -0.0866078129538145 0.06544558142916719 0.994090520328383
    outer loop
      vertex -8.161203913643808 5.0284252433356675 5.038429439193539
      vertex -8.361548078159261 5.347025381370319 5
      vertex -8.461437555759938 5.214836026441033 5
    endloop
  endfacet
  facet normal -0.08660781295381707 0.06544558142916557 0.9940905203283831
    outer loop
      vertex -8.161203913643808 5.0284252433356675 5.038429439193539
      vertex -7.101640284660736 6.430605292587063 5.038429439193539
      vertex -8.361548078159261 5.347025381370319 5
    endloop
  endfacet
  facet normal -0.2324875576206612 0.17568032778612844 0.9566012533864557
    outer loop
      vertex -7.842458636837445 4.830520850470767 5.152240934977426
      vertex -6.824217179706177 6.1780164546726315 5.152240934977427
      vertex -8.161203913643808 5.0284252433356675 5.038429439193539
    endloop
  endfacet
  facet normal -0.08660775707249237 0.06544551612930317 0.9940905294959012
    outer loop
      vertex -7.101640284660736 6.430605292587063 5.038429439193539
      vertex -7.362951605230583 6.668524635344887 5
      vertex -8.361548078159261 5.347025381370319 5
    endloop
  endfacet
  facet normal -0.37732048565247656 0.2851241224240707 0.8810978866839274
    outer loop
      vertex -7.842458636837445 4.830520850470767 5.152240934977426
      vertex -7.548701307326361 4.6481311174243904 5.337060775394909
      vertex -6.568542581881055 5.94522924843231 5.337060775394909
    endloop
  endfacet
  facet normal -0.507403975742195 0.38342249804173156 0.7717048615866382
    outer loop
      vertex -7.548701307326361 4.6481311174243904 5.337060775394909
      vertex -7.291220854542657 4.488265179352171 5.585786437626905
      vertex -6.344441922595821 5.741189555653342 5.585786437626905
    endloop
  endfacet
  facet normal -0.507403774007904 0.3834222134228708 0.7717051356421327
    outer loop
      vertex -7.548701307326361 4.6481311174243904 5.337060775394909
      vertex -6.344441922595821 5.741189555653342 5.585786437626905
      vertex -6.568542581881055 5.94522924843231 5.337060775394909
    endloop
  endfacet
  facet normal -0.6177683171691538 0.46682003718204784 0.6328043609104977
    outer loop
      vertex -7.291220854542657 4.488265179352171 5.585786437626905
      vertex -7.079912107890111 4.357066594600371 5.888859533960796
      vertex -6.160527264509709 5.573738507302449 5.888859533960796
    endloop
  endfacet
  facet normal -0.6177681606368298 0.46681977809800895 0.6328047048496982
    outer loop
      vertex -7.291220854542657 4.488265179352171 5.585786437626905
      vertex -6.160527264509709 5.573738507302449 5.888859533960796
      vertex -6.344441922595821 5.741189555653342 5.585786437626905
    endloop
  endfacet
  facet normal -0.7042755284452606 0.5321898142642292 0.46986166222256726
    outer loop
      vertex -7.079912107890111 4.357066594600371 5.888859533960796
      vertex -6.922895543999271 4.259577251203991 6.234633135269821
      vertex -6.023866344792442 5.449311153260123 6.234633135269821
    endloop
  endfacet
  facet normal -0.7042754442254024 0.5321896250138767 0.46986200281433843
    outer loop
      vertex -7.079912107890111 4.357066594600371 5.888859533960796
      vertex -6.023866344792442 5.449311153260123 6.234633135269821
      vertex -6.160527264509709 5.573738507302449 5.888859533960796
    endloop
  endfacet
  facet normal -0.23248741539181156 0.17568015582375307 0.9566013195339933
    outer loop
      vertex -8.161203913643808 5.0284252433356675 5.038429439193539
      vertex -6.824217179706177 6.1780164546726315 5.152240934977427
      vertex -7.101640284660736 6.430605292587063 5.038429439193539
    endloop
  endfacet
  facet normal -0.37732028779487975 0.285123868642981 0.8810980535379982
    outer loop
      vertex -7.842458636837445 4.830520850470767 5.152240934977426
      vertex -6.568542581881055 5.94522924843231 5.337060775394909
      vertex -6.824217179706177 6.1780164546726315 5.152240934977427
    endloop
  endfacet
  facet normal -0.76374316889929 0.5771269624638626 0.28917268397430984
    outer loop
      vertex -6.922895543999271 4.259577251203991 6.234633135269821
      vertex -6.826205221364556 4.199543609957099 6.609819355967743
      vertex -6.677621779901248 4.396172074419552 6.609819355967743
    endloop
  endfacet
  facet normal -0.7637431688992868 0.5771269624638687 0.28917268397430557
    outer loop
      vertex -6.922895543999271 4.259577251203991 6.234633135269821
      vertex -6.677621779901248 4.396172074419552 6.609819355967743
      vertex -6.651756898420362 4.444561864156817 6.581556223684325
    endloop
  endfacet
  facet normal -0.7931917624099784 0.5993799632287018 0.10765912745751088
    outer loop
      vertex -6.826205221364556 4.199543609957099 6.609819355967743
      vertex -6.695806693015078 4.362150494903751 6.665251068429719
      vertex -6.677621779901248 4.396172074419552 6.609819355967743
    endloop
  endfacet
  facet normal -0.7931917546863205 0.5993799917315086 0.10765902567631068
    outer loop
      vertex -6.826205221364556 4.199543609957099 6.609819355967743
      vertex -6.793556894860263 4.17927273002556 6.963216045137671
      vertex -6.695806693015078 4.362150494903751 6.665251068429719
    endloop
  endfacet
  facet normal -0.7637431502429312 0.5771268613729127 0.28917293500404645
    outer loop
      vertex -6.922895543999271 4.259577251203991 6.234633135269821
      vertex -5.939710965948425 5.372689166962548 6.609819355967743
      vertex -6.023866344792442 5.449311153260123 6.234633135269821
    endloop
  endfacet
  facet normal -0.7637431688992893 0.5771269624638631 0.2891726839743104
    outer loop
      vertex -6.922895543999271 4.259577251203991 6.234633135269821
      vertex -6.651756898420362 4.444561864156817 6.581556223684325
      vertex -5.939710965948425 5.372689166962548 6.609819355967743
    endloop
  endfacet
  facet normal -0.7637431688992877 0.5771269624638617 0.28917268397431745
    outer loop
      vertex -5.939710965948425 5.372689166962548 6.609819355967743
      vertex -6.651756898420362 4.444561864156817 6.581556223684325
      vertex -6.516693849489529 4.609136665455699 6.609819355967743
    endloop
  endfacet
  facet normal -0.7931917624099789 0.599379963228703 0.10765912745750011
    outer loop
      vertex -5.939710965948425 5.372689166962548 6.609819355967743
      vertex -6.516693849489529 4.609136665455699 6.609819355967743
      vertex -5.911295171991756 5.346817088373034 6.963216045137657
    endloop
  endfacet
  facet normal -0.07325731710209896 0.0801085575169986 0.9940905313418633
    outer loop
      vertex -7.101640284660736 6.430605292587063 5.038429439193539
      vertex -7.240754198230098 6.78027117617842 5
      vertex -7.362951605230583 6.668524635344887 5
    endloop
  endfacet
  facet normal -0.0732573171021026 0.08010855751699712 0.9940905313418632
    outer loop
      vertex -7.101640284660736 6.430605292587063 5.038429439193539
      vertex -5.805448422176942 7.6159410574333215 5.038429439193539
      vertex -7.240754198230098 6.78027117617842 5
    endloop
  endfacet
  facet normal -0.3191570138918191 0.34900570982701123 0.8810980734241798
    outer loop
      vertex -6.824217179706177 6.1780164546726315 5.152240934977427
      vertex -6.568542581881055 5.94522924843231 5.337060775394909
      vertex -5.36953671107703 7.0416902019056735 5.337060775394909
    endloop
  endfacet
  facet normal -0.4291883662616329 0.469327705019057 0.7717051584427925
    outer loop
      vertex -6.568542581881055 5.94522924843231 5.337060775394909
      vertex -6.344441922595821 5.741189555653342 5.585786437626905
      vertex -5.186290560627912 6.800289808229543 5.585786437626905
    endloop
  endfacet
  facet normal -0.19664987488202787 0.2150412101040297 0.9566013300565066
    outer loop
      vertex -6.824217179706177 6.1780164546726315 5.152240934977427
      vertex -5.578600736004542 7.317101924320171 5.152240934977426
      vertex -7.101640284660736 6.430605292587063 5.038429439193539
    endloop
  endfacet
  facet normal -0.07325728392291339 0.08010850020521627 0.9940905384053851
    outer loop
      vertex -5.805448422176942 7.6159410574333215 5.038429439193539
      vertex -6.01912157118028 7.897424636548107 5
      vertex -7.240754198230098 6.78027117617842 5
    endloop
  endfacet
  facet normal -0.19664979124251722 0.21504105986437386 0.9566013810238209
    outer loop
      vertex -7.101640284660736 6.430605292587063 5.038429439193539
      vertex -5.578600736004542 7.317101924320171 5.152240934977426
      vertex -5.805448422176942 7.6159410574333215 5.038429439193539
    endloop
  endfacet
  facet normal -0.31915689958258 0.34900548978462914 0.8810982019894412
    outer loop
      vertex -6.824217179706177 6.1780164546726315 5.152240934977427
      vertex -5.36953671107703 7.0416902019056735 5.337060775394909
      vertex -5.578600736004542 7.317101924320171 5.152240934977426
    endloop
  endfacet
  facet normal -0.4291882533443846 0.46932746105540496 0.7717053696136132
    outer loop
      vertex -6.568542581881055 5.94522924843231 5.337060775394909
      vertex -5.186290560627912 6.800289808229543 5.585786437626905
      vertex -5.36953671107703 7.0416902019056735 5.337060775394909
    endloop
  endfacet
  facet normal -0.5225402893025787 0.571410385563053 0.6328047229013548
    outer loop
      vertex -6.344441922595821 5.741189555653342 5.585786437626905
      vertex -6.160527264509709 5.573738507302449 5.888859533960796
      vertex -5.035904331453322 6.602177625041853 5.888859533960796
    endloop
  endfacet
  facet normal -0.5957126440286328 0.6514262314540218 0.4698620124228247
    outer loop
      vertex -6.160527264509709 5.573738507302449 5.888859533960796
      vertex -6.023866344792442 5.449311153260123 6.234633135269821
      vertex -4.924157282002872 6.454966992439916 6.234633135269821
    endloop
  endfacet
  facet normal -0.5225402070570344 0.5714101672755061 0.632804987925166
    outer loop
      vertex -6.344441922595821 5.741189555653342 5.585786437626905
      vertex -5.035904331453322 6.602177625041853 5.888859533960796
      vertex -5.186290560627912 6.800289808229543 5.585786437626905
    endloop
  endfacet
  facet normal -0.5957126067809991 0.6514260762166694 0.46986227487120225
    outer loop
      vertex -6.160527264509709 5.573738507302449 5.888859533960796
      vertex -4.924157282002872 6.454966992439916 6.234633135269821
      vertex -5.035904331453322 6.602177625041853 5.888859533960796
    endloop
  endfacet
  facet normal -0.6460135286056358 0.7064315486155672 0.2891729378401566
    outer loop
      vertex -6.023866344792442 5.449311153260123 6.234633135269821
      vertex -5.939710965948425 5.372689166962548 6.609819355967743
      vertex -5.740727355743427 5.5546545738234645 6.609819355967743
    endloop
  endfacet
  facet normal -0.6460135286056358 0.706431548615567 0.2891729378401568
    outer loop
      vertex -6.023866344792442 5.449311153260123 6.234633135269821
      vertex -5.740727355743427 5.5546545738234645 6.609819355967743
      vertex -5.656854249492381 5.65685424949238 6.547524751358498
    endloop
  endfacet
  facet normal -0.6709227222199969 0.7336703593224252 0.10765920611175
    outer loop
      vertex -5.939710965948425 5.372689166962548 6.609819355967743
      vertex -5.769589495442205 5.51948595484449 6.669618310649771
      vertex -5.740727355743427 5.5546545738234645 6.609819355967743
    endloop
  endfacet
  facet normal -0.6709227123614374 0.7336703798467438 0.10765912768133785
    outer loop
      vertex -5.939710965948425 5.372689166962548 6.609819355967743
      vertex -5.911295171991756 5.346817088373034 6.963216045137657
      vertex -5.769589495442205 5.51948595484449 6.669618310649771
    endloop
  endfacet
  facet normal -0.6460135286056344 0.7064315486155698 0.28917293784015297
    outer loop
      vertex -6.023866344792442 5.449311153260123 6.234633135269821
      vertex -5.656854249492381 5.65685424949238 6.547524751358498
      vertex -5.384987725114855 5.879969339985317 6.609819355967743
    endloop
  endfacet
  facet normal -0.6460135286669321 0.7064314693773516 0.28917313127718974
    outer loop
      vertex -6.023866344792442 5.449311153260123 6.234633135269821
      vertex -4.855343788718476 6.364315132477949 6.609819355967743
      vertex -4.924157282002872 6.454966992439916 6.234633135269821
    endloop
  endfacet
  facet normal -0.6460135286056353 0.7064315486155665 0.2891729378401589
    outer loop
      vertex -6.023866344792442 5.449311153260123 6.234633135269821
      vertex -5.384987725114855 5.879969339985317 6.609819355967743
      vertex -4.855343788718476 6.364315132477949 6.609819355967743
    endloop
  endfacet
  facet normal -0.6709227222199978 0.7336703593224255 0.10765920611174394
    outer loop
      vertex -4.855343788718476 6.364315132477949 6.609819355967743
      vertex -5.384987725114855 5.879969339985317 6.609819355967743
      vertex -4.832108315556002 6.333705745296141 6.963216045137669
    endloop
  endfacet
  facet normal -0.2503497274373107 0.4012367708836749 0.8810982168083792
    outer loop
      vertex -5.578600736004542 7.317101924320171 5.152240934977426
      vertex -5.36953671107703 7.0416902019056735 5.337060775394909
      vertex -3.991733350137554 7.901363893112331 5.337060775394909
    endloop
  endfacet
  facet normal -0.33665938502072623 0.5395658020210026 0.7717053866385143
    outer loop
      vertex -5.36953671107703 7.0416902019056735 5.337060775394909
      vertex -5.186290560627912 6.800289808229543 5.585786437626905
      vertex -3.8554524634204834 7.630659586465723 5.585786437626905
    endloop
  endfacet
  facet normal -0.4098855667423262 0.6569259108331037 0.6328050014439036
    outer loop
      vertex -5.186290560627912 6.800289808229543 5.585786437626905
      vertex -5.035904331453322 6.602177625041853 5.888859533960796
      vertex -3.74360963009646 7.4084983034148735 5.888859533960796
    endloop
  endfacet
  facet normal -0.4098855379424824 0.656925750051881 0.632805187008115
    outer loop
      vertex -5.186290560627912 6.800289808229543 5.585786437626905
      vertex -3.74360963009646 7.4084983034148735 5.888859533960796
      vertex -3.8554524634204834 7.630659586465723 5.585786437626905
    endloop
  endfacet
  facet normal -0.4672827170765466 0.7489167498326201 0.4698622821015801
    outer loop
      vertex -5.035904331453322 6.602177625041853 5.888859533960796
      vertex -4.924157282002872 6.454966992439916 6.234633135269821
      vertex -3.6605029075279436 7.243417577477945 6.234633135269821
    endloop
  endfacet
  facet normal -0.46728271122536574 0.748916638192488 0.4698624658645691
    outer loop
      vertex -5.035904331453322 6.602177625041853 5.888859533960796
      vertex -3.6605029075279436 7.243417577477945 6.234633135269821
      vertex -3.74360963009646 7.4084983034148735 5.888859533960796
    endloop
  endfacet
  facet normal -0.5067392641459868 0.8121540599384526 0.2891731334309469
    outer loop
      vertex -4.924157282002872 6.454966992439916 6.234633135269821
      vertex -4.855343788718476 6.364315132477949 6.609819355967743
      vertex -4.6028290348234835 6.52187038816977 6.609819355967743
    endloop
  endfacet
  facet normal -0.5262783060198634 0.8434693996169755 0.10765926120237727
    outer loop
      vertex -4.855343788718476 6.364315132477949 6.609819355967743
      vertex -4.6449321564172035 6.487317249250123 6.674714430956342
      vertex -4.6028290348234835 6.52187038816977 6.609819355967743
    endloop
  endfacet
  facet normal -0.5262782966116706 0.8434694124966523 0.10765920628571843
    outer loop
      vertex -4.855343788718476 6.364315132477949 6.609819355967743
      vertex -4.832108315556002 6.333705745296141 6.963216045137669
      vertex -4.6449321564172035 6.487317249250123 6.674714430956342
    endloop
  endfacet
  facet normal -0.5067392641459847 0.8121540599384546 0.2891731334309448
    outer loop
      vertex -4.924157282002872 6.454966992439916 6.234633135269821
      vertex -4.6028290348234835 6.52187038816977 6.609819355967743
      vertex -4.444561864156817 6.651756898420362 6.52237116626515
    endloop
  endfacet
  facet normal -0.5067392641459855 0.8121540599384535 0.2891731334309469
    outer loop
      vertex -4.924157282002872 6.454966992439916 6.234633135269821
      vertex -4.444561864156817 6.651756898420362 6.52237116626515
      vertex -4.096409338510444 6.837848300387742 6.609819355967743
    endloop
  endfacet
  facet normal -0.5067392742962042 0.8121540053797587 0.28917326887416694
    outer loop
      vertex -4.924157282002872 6.454966992439916 6.234633135269821
      vertex -3.6093260404564536 7.141761368374355 6.609819355967743
      vertex -3.6605029075279436 7.243417577477945 6.234633135269821
    endloop
  endfacet
  facet normal -0.5067392641459852 0.812154059938454 0.2891731334309455
    outer loop
      vertex -4.924157282002872 6.454966992439916 6.234633135269821
      vertex -4.096409338510444 6.837848300387742 6.609819355967743
      vertex -3.6093260404564536 7.141761368374355 6.609819355967743
    endloop
  endfacet
  facet normal -0.526278306019862 0.8434693996169776 0.1076592612023674
    outer loop
      vertex -3.6093260404564536 7.141761368374355 6.609819355967743
      vertex -4.096409338510444 6.837848300387742 6.609819355967743
      vertex -3.592045727183231 7.1074362672104945 6.963216045137673
    endloop
  endfacet
  facet normal -0.057463712292795704 0.09209734249419714 0.9940905397774578
    outer loop
      vertex -5.805448422176942 7.6159410574333215 5.038429439193539
      vertex -5.878697767610128 7.985041421450708 5
      vertex -6.01912157118028 7.897424636548107 5
    endloop
  endfacet
  facet normal -0.1542539747737824 0.24722357110464896 0.9566013888536613
    outer loop
      vertex -5.578600736004542 7.317101924320171 5.152240934977426
      vertex -4.147215092198336 8.21020820866299 5.152240934977427
      vertex -5.805448422176942 7.6159410574333215 5.038429439193539
    endloop
  endfacet
  facet normal -0.05746371229279922 0.0920973424941964 0.9940905397774576
    outer loop
      vertex -5.805448422176942 7.6159410574333215 5.038429439193539
      vertex -4.315922613450601 8.545323819272983 5.038429439193539
      vertex -5.878697767610128 7.985041421450708 5
    endloop
  endfacet
  facet normal -0.15425393633473167 0.24722345701076381 0.9566014245383955
    outer loop
      vertex -5.805448422176942 7.6159410574333215 5.038429439193539
      vertex -4.147215092198336 8.21020820866299 5.152240934977427
      vertex -4.315922613450601 8.545323819272983 5.038429439193539
    endloop
  endfacet
  facet normal -0.05746369675271796 0.09209729880961197 0.9940905447229065
    outer loop
      vertex -4.315922613450601 8.545323819272983 5.038429439193539
      vertex -4.474832179312882 8.860977062237053 5
      vertex -5.878697767610128 7.985041421450708 5
    endloop
  endfacet
  facet normal -0.2503496767790463 0.4012366048199233 0.8810983068246174
    outer loop
      vertex -5.578600736004542 7.317101924320171 5.152240934977426
      vertex -3.991733350137554 7.901363893112331 5.337060775394909
      vertex -4.147215092198336 8.21020820866299 5.152240934977427
    endloop
  endfacet
  facet normal -0.33665933837203005 0.5395656196592136 0.7717055344940037
    outer loop
      vertex -5.36953671107703 7.0416902019056735 5.337060775394909
      vertex -3.8554524634204834 7.630659586465723 5.585786437626905
      vertex -3.991733350137554 7.901363893112331 5.337060775394909
    endloop
  endfacet
  facet normal -0.32327143488451276 0.8214163609380714 0.46986247069856957
    outer loop
      vertex -3.74360963009646 7.4084983034148735 5.888859533960796
      vertex -3.6605029075279436 7.243417577477945 6.234633135269821
      vertex -2.2749681597631315 7.788699881668682 6.234633135269821
    endloop
  endfacet
  facet normal -0.3505679443935635 0.8907754689507781 0.28917327034010715
    outer loop
      vertex -3.6605029075279436 7.243417577477945 6.234633135269821
      vertex -3.6093260404564536 7.141761368374355 6.609819355967743
      vertex -3.300285174232369 7.263385531793891 6.609819355967743
    endloop
  endfacet
  facet normal -0.35056794439356315 0.8907754689507784 0.2891732703401068
    outer loop
      vertex -3.6605029075279436 7.243417577477945 6.234633135269821
      vertex -3.300285174232369 7.263385531793891 6.609819355967743
      vertex -3.0614674589207183 7.391036260090294 6.5061226976172115
    endloop
  endfacet
  facet normal -0.3505679443935619 0.89077546895078 0.2891732703401031
    outer loop
      vertex -3.6605029075279436 7.243417577477945 6.234633135269821
      vertex -3.0614674589207183 7.391036260090294 6.5061226976172115
      vertex -2.6882907397509928 7.5042381802498985 6.609819355967743
    endloop
  endfacet
  facet normal -0.3505679443935632 0.890775468950778 0.28917327034010815
    outer loop
      vertex -3.6605029075279436 7.243417577477945 6.234633135269821
      vertex -2.6882907397509928 7.5042381802498985 6.609819355967743
      vertex -2.2431343395727428 7.679431109987786 6.609819355967743
    endloop
  endfacet
  facet normal -0.3640852886559334 0.9251223590953146 0.10765929261445743
    outer loop
      vertex -3.6093260404564536 7.141761368374355 6.609819355967743
      vertex -3.3588381218197534 7.232088329265691 6.680741937999814
      vertex -3.300285174232369 7.263385531793891 6.609819355967743
    endloop
  endfacet
  facet normal -0.3640852820478112 0.9251223653370932 0.10765926132603545
    outer loop
      vertex -3.6093260404564536 7.141761368374355 6.609819355967743
      vertex -3.592045727183231 7.1074362672104945 6.963216045137673
      vertex -3.3588381218197534 7.232088329265691 6.680741937999814
    endloop
  endfacet
  facet normal -0.039754024283328984 0.1010128935668039 0.9940905456177229
    outer loop
      vertex -4.315922613450601 8.545323819272983 5.038429439193539
      vertex -4.320857932986729 8.921574236630528 5
      vertex -4.474832179312882 8.860977062237053 5
    endloop
  endfacet
  facet normal -0.03975402428333157 0.10101289356680387 0.9940905456177229
    outer loop
      vertex -4.315922613450601 8.545323819272983 5.038429439193539
      vertex -2.6826623829838154 9.188099850830147 5.038429439193539
      vertex -4.320857932986729 8.921574236630528 5
    endloop
  endfacet
  facet normal -0.17319470032540804 0.44007880245526954 0.8810983165394926
    outer loop
      vertex -4.147215092198336 8.21020820866299 5.152240934977427
      vertex -3.991733350137554 7.901363893112331 5.337060775394909
      vertex -2.481005202571704 8.495916748944145 5.33706077539491
    endloop
  endfacet
  facet normal -0.23290469662987848 0.5917989126575949 0.7717055457005817
    outer loop
      vertex -3.991733350137554 7.901363893112331 5.337060775394909
      vertex -3.8554524634204834 7.630659586465723 5.585786437626905
      vertex -2.396233674117693 8.204940650810668 5.585786437626905
    endloop
  endfacet
  facet normal -0.23290468940259126 0.5917988056559057 0.7717056299383372
    outer loop
      vertex -3.991733350137554 7.901363893112331 5.337060775394909
      vertex -2.396233674117693 8.204940650810668 5.585786437626905
      vertex -2.481005202571704 8.495916748944145 5.33706077539491
    endloop
  endfacet
  facet normal -0.10671459095105346 0.2711562296127488 0.9566014296562323
    outer loop
      vertex -4.315922613450601 8.545323819272983 5.038429439193539
      vertex -4.147215092198336 8.21020820866299 5.152240934977427
      vertex -2.5777203417133236 8.827888984564881 5.152240934977427
    endloop
  endfacet
  facet normal -0.10671458124391958 0.27115616171059786 0.9566014499865192
    outer loop
      vertex -4.315922613450601 8.545323819272983 5.038429439193539
      vertex -2.5777203417133236 8.827888984564881 5.152240934977427
      vertex -2.6826623829838154 9.188099850830147 5.038429439193539
    endloop
  endfacet
  facet normal -0.17319468916090022 0.4400787041704733 0.8810983678239883
    outer loop
      vertex -4.147215092198336 8.21020820866299 5.152240934977427
      vertex -2.481005202571704 8.495916748944145 5.33706077539491
      vertex -2.5777203417133236 8.827888984564881 5.152240934977427
    endloop
  endfacet
  facet normal -0.03975402010578309 0.1010128674833222 0.9940905484352146
    outer loop
      vertex -2.6826623829838154 9.188099850830147 5.038429439193539
      vertex -2.781509749688112 9.527390902895919 5
      vertex -4.320857932986729 8.921574236630528 5
    endloop
  endfacet
  facet normal -0.2835634126109717 0.7205202113712843 0.6328051959599413
    outer loop
      vertex -3.74360963009646 7.4084983034148735 5.888859533960796
      vertex -2.3266634786493574 7.966142738434446 5.8888595339607965
      vertex -3.8554524634204834 7.630659586465723 5.585786437626905
    endloop
  endfacet
  facet normal -0.28356341314766853 0.720520118308076 0.6328053016824059
    outer loop
      vertex -3.8554524634204834 7.630659586465723 5.585786437626905
      vertex -2.3266634786493574 7.966142738434446 5.8888595339607965
      vertex -2.396233674117693 8.204940650810668 5.585786437626905
    endloop
  endfacet
  facet normal -0.32327144318463397 0.8214162977832649 0.4698625753955711
    outer loop
      vertex -3.74360963009646 7.4084983034148735 5.888859533960796
      vertex -2.2749681597631315 7.788699881668682 6.234633135269821
      vertex -2.3266634786493574 7.966142738434446 5.8888595339607965
    endloop
  endfacet
  facet normal -0.35056795574038185 0.89077543943416 0.28917334750783796
    outer loop
      vertex -3.6605029075279436 7.243417577477945 6.234633135269821
      vertex -2.2431343395727428 7.679431109987786 6.609819355967743
      vertex -2.2749681597631315 7.788699881668682 6.234633135269821
    endloop
  endfacet
  facet normal -0.36408528865593315 0.9251223590953145 0.10765929261446014
    outer loop
      vertex -2.2431343395727428 7.679431109987786 6.609819355967743
      vertex -2.6882907397509928 7.5042381802498985 6.609819355967743
      vertex -2.2323853739354966 7.642535561008821 6.963216045137666
    endloop
  endfacet
  facet normal -0.12138429035580993 0.6242886083402127 0.7717056352984972
    outer loop
      vertex -2.481005202571704 8.495916748944145 5.33706077539491
      vertex -2.396233674117693 8.204940650810668 5.585786437626905
      vertex -0.85711889247739 8.50420024493053 5.585786437626905
    endloop
  endfacet
  facet normal -0.09026487518971137 0.46423906604504883 0.881098372410599
    outer loop
      vertex -2.481005202571704 8.495916748944145 5.33706077539491
      vertex -0.8875543500524554 8.80574126145002 5.337060775394909
      vertex -2.5777203417133236 8.827888984564881 5.152240934977427
    endloop
  endfacet
  facet normal -0.05561704945509606 0.2860426631028792 0.9566014523796846
    outer loop
      vertex -2.6826623829838154 9.188099850830147 5.038429439193539
      vertex -2.5777203417133236 8.827888984564881 5.152240934977427
      vertex -0.9222779131153559 9.149766925507848 5.152240934977427
    endloop
  endfacet
  facet normal -0.020718828818476684 0.10655848543572279 0.994090548850574
    outer loop
      vertex -2.6826623829838154 9.188099850830147 5.038429439193539
      vertex -2.619102964105583 9.558968663931882 5
      vertex -2.781509749688112 9.527390902895919 5
    endloop
  endfacet
  facet normal -0.020718828818480063 0.10655848543572338 0.994090548850574
    outer loop
      vertex -2.6826623829838154 9.188099850830147 5.038429439193539
      vertex -0.959955174610783 9.523056523766085 5.038429439193539
      vertex -2.619102964105583 9.558968663931882 5
    endloop
  endfacet
  facet normal -0.05561705013638954 0.28604264646707617 0.9566014573145065
    outer loop
      vertex -2.6826623829838154 9.188099850830147 5.038429439193539
      vertex -0.9222779131153559 9.149766925507848 5.152240934977427
      vertex -0.959955174610783 9.523056523766085 5.038429439193539
    endloop
  endfacet
  facet normal -0.09026487686481918 0.4642390420928838 0.8810983848590694
    outer loop
      vertex -2.5777203417133236 8.827888984564881 5.152240934977427
      vertex -0.8875543500524554 8.80574126145002 5.337060775394909
      vertex -0.9222779131153559 9.149766925507848 5.152240934977427
    endloop
  endfacet
  facet normal -0.12138429335576947 0.6242885824811245 0.7717056557459124
    outer loop
      vertex -2.481005202571704 8.495916748944145 5.33706077539491
      vertex -0.85711889247739 8.50420024493053 5.585786437626905
      vertex -0.8875543500524554 8.80574126145002 5.337060775394909
    endloop
  endfacet
  facet normal -0.14778640353803055 0.7600767221609352 0.6328053060447445
    outer loop
      vertex -2.396233674117693 8.204940650810668 5.585786437626905
      vertex -2.3266634786493574 7.966142738434446 5.8888595339607965
      vertex -0.8321411579563684 8.256731928108067 5.888859533960796
    endloop
  endfacet
  facet normal -0.14778640777590146 0.7600766999714204 0.6328053317073508
    outer loop
      vertex -2.396233674117693 8.204940650810668 5.585786437626905
      vertex -0.8321411579563684 8.256731928108067 5.888859533960796
      vertex -0.85711889247739 8.50420024493053 5.585786437626905
    endloop
  endfacet
  facet normal -0.16848128223306552 0.8665120977231446 0.46986257782093865
    outer loop
      vertex -2.3266634786493574 7.966142738434446 5.8888595339607965
      vertex -2.2749681597631315 7.788699881668682 6.234633135269821
      vertex -0.8135810268193585 8.072846379616294 6.234633135269821
    endloop
  endfacet
  facet normal -0.16848128700346426 0.8665120830150986 0.4698626032347024
    outer loop
      vertex -2.3266634786493574 7.966142738434446 5.8888595339607965
      vertex -0.8135810268193585 8.072846379616294 6.234633135269821
      vertex -0.8321411579563684 8.256731928108067 5.888859533960796
    endloop
  endfacet
  facet normal -0.020718828973067722 0.10655847902557597 0.9940905495344682
    outer loop
      vertex -0.959955174610783 9.523056523766085 5.038429439193539
      vertex -0.9954442697185543 9.874666739835959 5
      vertex -2.619102964105583 9.558968663931882 5
    endloop
  endfacet
  facet normal -0.1827075778242008 0.9396790492763253 0.28917334828222874
    outer loop
      vertex -2.2749681597631315 7.788699881668682 6.234633135269821
      vertex -2.2431343395727428 7.679431109987786 6.609819355967743
      vertex -1.8744260868760747 7.751121323604746 6.609819355967743
    endloop
  endfacet
  facet normal -0.1827075778242005 0.9396790492763255 0.2891733482822285
    outer loop
      vertex -2.2749681597631315 7.788699881668682 6.234633135269821
      vertex -1.8744260868760747 7.751121323604746 6.609819355967743
      vertex -1.560722576129026 7.8462822432258434 6.498796974185385
    endloop
  endfacet
  facet normal -0.18975249693004462 0.9759116071507316 0.10765930028236957
    outer loop
      vertex -2.2431343395727428 7.679431109987786 6.609819355967743
      vertex -1.953601984750575 7.7271035775628825 6.687986061486139
      vertex -1.8744260868760747 7.751121323604746 6.609819355967743
    endloop
  endfacet
  facet normal -0.18975249507689662 0.9759116083488906 0.10765929268750549
    outer loop
      vertex -2.2431343395727428 7.679431109987786 6.609819355967743
      vertex -2.2323853739354966 7.642535561008821 6.963216045137666
      vertex -1.953601984750575 7.7271035775628825 6.687986061486139
    endloop
  endfacet
  facet normal -0.18270757782419086 0.939679049276336 0.28917334828219987
    outer loop
      vertex -2.2749681597631315 7.788699881668682 6.234633135269821
      vertex -1.560722576129026 7.8462822432258434 6.498796974185385
      vertex -1.2046257906728486 7.881354715356397 6.609819355967743
    endloop
  endfacet
  facet normal -0.18270757782420144 0.9396790492763236 0.2891733482822335
    outer loop
      vertex -2.2749681597631315 7.788699881668682 6.234633135269821
      vertex -1.2046257906728486 7.881354715356397 6.609819355967743
      vertex -0.8021517544973141 7.95961021795954 6.609819355967743
    endloop
  endfacet
  facet normal -0.18270758183642338 0.9396790427318539 0.2891733670136884
    outer loop
      vertex -2.2749681597631315 7.788699881668682 6.234633135269821
      vertex -0.8021517544973141 7.95961021795954 6.609819355967743
      vertex -0.8135810268193585 8.072846379616294 6.234633135269821
    endloop
  endfacet
  facet normal -0.18975249693004562 0.9759116071507314 0.10765930028236849
    outer loop
      vertex -0.8021517544973141 7.95961021795954 6.609819355967743
      vertex -1.2046257906728486 7.881354715356397 6.609819355967743
      vertex -0.7982925615159617 7.921375045326708 6.963216045137662
    endloop
  endfacet
  facet normal -0.00432474320179593 0.47291324221016 0.8810983838020094
    outer loop
      vertex -0.9222779131153559 9.149766925507848 5.152240934977427
      vertex -0.8875543500524554 8.80574126145002 5.337060775394909
      vertex 0.7641446668709981 9.165189087412356 5.152240934977427
    endloop
  endfacet
  facet normal -0.00581574529394131 0.635953268667717 0.7717056544936824
    outer loop
      vertex -0.8875543500524554 8.80574126145002 5.337060775394909
      vertex -0.85711889247739 8.50420024493053 5.585786437626905
      vertex 0.7357180499106125 8.820585966691723 5.337060775394909
    endloop
  endfacet
  facet normal -0.007080740071748298 0.7742785523293039 0.6328053306688195
    outer loop
      vertex -0.85711889247739 8.50420024493053 5.585786437626905
      vertex -0.8321411579563684 8.256731928108067 5.888859533960796
      vertex 0.710801911755861 8.51853880517408 5.585786437626905
    endloop
  endfacet
  facet normal -0.00807229355306616 0.8827026524919799 0.4698626026408319
    outer loop
      vertex -0.8321411579563684 8.256731928108067 5.888859533960796
      vertex -0.8135810268193585 8.072846379616294 6.234633135269821
      vertex 0.6903537656228999 8.27065510588655 5.888859533960796
    endloop
  endfacet
  facet normal -0.0026646987826570686 0.29138728916789 0.9566014567685889
    outer loop
      vertex -0.9222779131153559 9.149766925507848 5.152240934977427
      vertex 0.794989343689061 9.539105262662344 5.038429439193539
      vertex -0.959955174610783 9.523056523766085 5.038429439193539
    endloop
  endfacet
  facet normal -0.0009926681195105034 0.10854950079637628 0.9940905494404733
    outer loop
      vertex -0.959955174610783 9.523056523766085 5.038429439193539
      vertex 0.6585967361566398 9.889792684799772 5
      vertex -0.9954442697185543 9.874666739835959 5
    endloop
  endfacet
  facet normal -0.0087539229339058 0.957236717201163 0.2891733668151483
    outer loop
      vertex -0.8135810268193585 8.072846379616294 6.234633135269821
      vertex -0.8021517544973141 7.95961021795954 6.609819355967743
      vertex 0.675159422300166 8.086460900377977 6.234633135269821
    endloop
  endfacet
  facet normal -0.008753934049686182 0.957236729105807 0.28917332707127313
    outer loop
      vertex 0.675159422300166 8.086460900377977 6.234633135269821
      vertex -0.8021517544973141 7.95961021795954 6.609819355967743
      vertex -0.369954481931157 7.963562663896328 6.609819355967743
    endloop
  endfacet
  facet normal -0.00909147202625971 0.9941462770656546 0.10765930026195848
    outer loop
      vertex -0.8021517544973141 7.95961021795954 6.609819355967743
      vertex -0.7982925615159617 7.921375045326708 6.963216045137662
      vertex -0.369954481931157 7.963562663896328 6.609819355967743
    endloop
  endfacet
  facet normal -0.002664707252335841 0.2913873234646067 0.9566014462979825
    outer loop
      vertex -0.9222779131153559 9.149766925507848 5.152240934977427
      vertex 0.7641446668709981 9.165189087412356 5.152240934977427
      vertex 0.794989343689061 9.539105262662344 5.038429439193539
    endloop
  endfacet
  facet normal -0.004324756839538148 0.4729132912960589 0.8810983573891213
    outer loop
      vertex -0.8875543500524554 8.80574126145002 5.337060775394909
      vertex 0.7357180499106125 8.820585966691723 5.337060775394909
      vertex 0.7641446668709981 9.165189087412356 5.152240934977427
    endloop
  endfacet
  facet normal -0.005815762494422944 0.6359533211563051 0.7717056111088437
    outer loop
      vertex 0.7357180499106125 8.820585966691723 5.337060775394909
      vertex -0.85711889247739 8.50420024493053 5.585786437626905
      vertex 0.710801911755861 8.51853880517408 5.585786437626905
    endloop
  endfacet
  facet normal -0.007080758289875789 0.7742785966640017 0.6328052762185731
    outer loop
      vertex 0.710801911755861 8.51853880517408 5.585786437626905
      vertex -0.8321411579563684 8.256731928108067 5.888859533960796
      vertex 0.6903537656228999 8.27065510588655 5.888859533960796
    endloop
  endfacet
  facet normal -0.008072309706245995 0.8827026810470608 0.46986254871859834
    outer loop
      vertex 0.6903537656228999 8.27065510588655 5.888859533960796
      vertex -0.8135810268193585 8.072846379616294 6.234633135269821
      vertex 0.675159422300166 8.086460900377977 6.234633135269821
    endloop
  endfacet
  facet normal -0.0009926711586935926 0.10854951405743915 0.9940905479893996
    outer loop
      vertex -0.959955174610783 9.523056523766085 5.038429439193539
      vertex 0.794989343689061 9.539105262662344 5.038429439193539
      vertex 0.8240426672512726 9.89130566627691 5
    endloop
  endfacet
  facet normal -0.0009926711586958677 0.1085495140574499 0.9940905479893982
    outer loop
      vertex -0.959955174610783 9.523056523766085 5.038429439193539
      vertex 0.8240426672512726 9.89130566627691 5
      vertex 0.6585967361566398 9.889792684799772 5
    endloop
  endfacet
  facet normal -0.008753934049683765 0.9572367291058052 0.28917332707127935
    outer loop
      vertex 0.675159422300166 8.086460900377977 6.234633135269821
      vertex -0.369954481931157 7.963562663896328 6.609819355967743
      vertex 0 8 6.5004019362719125
    endloop
  endfacet
  facet normal -0.0087539340496872 0.9572367291058077 0.2891733270712713
    outer loop
      vertex 0.675159422300166 8.086460900377977 6.234633135269821
      vertex 0 8 6.5004019362719125
      vertex 0.30709033739241426 7.9697542417127964 6.609819355967743
    endloop
  endfacet
  facet normal -0.008753934049685112 0.957236729105807 0.2891733270712731
    outer loop
      vertex 0.675159422300166 8.086460900377977 6.234633135269821
      vertex 0.30709033739241426 7.9697542417127964 6.609819355967743
      vertex 0.6658027918804664 7.973034668668752 6.609819355967743
    endloop
  endfacet
  facet normal -0.009091472026258589 0.9941462770656534 0.10765930026196868
    outer loop
      vertex 0.6658027918804664 7.973034668668752 6.609819355967743
      vertex 0.30709033739241426 7.9697542417127964 6.609819355967743
      vertex 0.38295098606104283 7.962282619965838 6.685219900917355
    endloop
  endfacet
  facet normal -0.009091476386783323 0.9941462787708755 0.10765928414739465
    outer loop
      vertex 0.6658027918804664 7.973034668668752 6.609819355967743
      vertex 0.38295098606104283 7.962282619965838 6.685219900917355
      vertex 0.6626434444235711 7.934735317233297 6.9632160451376635
    endloop
  endfacet
  facet normal 0.10994886788193942 0.6264039216806117 0.7717054965170521
    outer loop
      vertex 2.334927467500077 8.539886363920512 5.337060775394909
      vertex 0.710801911755861 8.51853880517408 5.585786437626905
      vertex 2.255489210517214 8.247409245073692 5.585786437626905
    endloop
  endfacet
  facet normal 0.05037749860893686 0.2870118238480172 0.9566014429245553
    outer loop
      vertex 0.7641446668709981 9.165189087412356 5.152240934977427
      vertex 2.523897693850393 9.235640141130093 5.038429439193539
      vertex 0.794989343689061 9.539105262662344 5.038429439193539
    endloop
  endfacet
  facet normal 0.0817612060700528 0.46581198044061156 0.8810983509574658
    outer loop
      vertex 0.7641446668709981 9.165189087412356 5.152240934977427
      vertex 0.7357180499106125 8.820585966691723 5.337060775394909
      vertex 2.4255579211132057 8.873571101719666 5.152240934977427
    endloop
  endfacet
  facet normal 0.08176119500774777 0.4658121057489762 0.88109828573696
    outer loop
      vertex 0.7357180499106125 8.820585966691723 5.337060775394909
      vertex 2.334927467500077 8.539886363920512 5.337060775394909
      vertex 2.4255579211132057 8.873571101719666 5.152240934977427
    endloop
  endfacet
  facet normal 0.1099488860646816 0.6264037865113194 0.7717056036452093
    outer loop
      vertex 0.7357180499106125 8.820585966691723 5.337060775394909
      vertex 0.710801911755861 8.51853880517408 5.585786437626905
      vertex 2.334927467500077 8.539886363920512 5.337060775394909
    endloop
  endfacet
  facet normal 0.13386365672140513 0.7626519595530032 0.6328052702049328
    outer loop
      vertex 0.710801911755861 8.51853880517408 5.585786437626905
      vertex 0.6903537656228999 8.27065510588655 5.888859533960796
      vertex 2.255489210517214 8.247409245073692 5.585786437626905
    endloop
  endfacet
  facet normal 0.13386363240665228 0.7626520753803498 0.6328051357542398
    outer loop
      vertex 2.255489210517214 8.247409245073692 5.585786437626905
      vertex 0.6903537656228999 8.27065510588655 5.888859533960796
      vertex 2.1902959178309827 8.007379476833435 5.888859533960796
    endloop
  endfacet
  facet normal 0.15260885482984443 0.8694479431413933 0.4698625454265575
    outer loop
      vertex 0.6903537656228999 8.27065510588655 5.888859533960796
      vertex 0.675159422300166 8.086460900377977 6.234633135269821
      vertex 2.1902959178309827 8.007379476833435 5.888859533960796
    endloop
  endfacet
  facet normal 0.15260882844150153 0.8694480197273882 0.4698624122802712
    outer loop
      vertex 2.1902959178309827 8.007379476833435 5.888859533960796
      vertex 0.675159422300166 8.086460900377977 6.234633135269821
      vertex 2.1418529311184935 7.8290212685829665 6.234633135269821
    endloop
  endfacet
  facet normal 0.01876696301611327 0.10691952425092352 0.9940905474015473
    outer loop
      vertex 0.794989343689061 9.539105262662344 5.038429439193539
      vertex 2.453534836126091 9.605290371291572 5
      vertex 0.8240426672512726 9.89130566627691 5
    endloop
  endfacet
  facet normal 0.050377493450605486 0.2870119109269804 0.9566014170696577
    outer loop
      vertex 0.7641446668709981 9.165189087412356 5.152240934977427
      vertex 2.4255579211132057 8.873571101719666 5.152240934977427
      vertex 2.523897693850393 9.235640141130093 5.038429439193539
    endloop
  endfacet
  facet normal 0.018766961593698242 0.10691955781499442 0.9940905438184122
    outer loop
      vertex 0.794989343689061 9.539105262662344 5.038429439193539
      vertex 2.523897693850393 9.235640141130093 5.038429439193539
      vertex 2.616526229179858 9.576681450004825 5
    endloop
  endfacet
  facet normal 0.018766961593697895 0.10691955781500953 0.9940905438184107
    outer loop
      vertex 0.794989343689061 9.539105262662344 5.038429439193539
      vertex 2.616526229179858 9.576681450004825 5
      vertex 2.453534836126091 9.605290371291572 5
    endloop
  endfacet
  facet normal 0.17187606333135602 0.9792181051278811 0.1076592840561277
    outer loop
      vertex 0.6658027918804664 7.973034668668752 6.609819355967743
      vertex 0.6626434444235711 7.934735317233297 6.9632160451376635
      vertex 1.1670273632171653 7.88505783724053 6.609819355967743
    endloop
  endfacet
  facet normal 0.16549486814860237 0.9428627875352805 0.2891733260480247
    outer loop
      vertex 0.675159422300166 8.086460900377977 6.234633135269821
      vertex 0.6658027918804664 7.973034668668752 6.609819355967743
      vertex 2.1418529311184935 7.8290212685829665 6.234633135269821
    endloop
  endfacet
  facet normal 0.16549484651117863 0.9428628214312927 0.2891732279116855
    outer loop
      vertex 2.1418529311184935 7.8290212685829665 6.234633135269821
      vertex 0.6658027918804664 7.973034668668752 6.609819355967743
      vertex 1.1670273632171653 7.88505783724053 6.609819355967743
    endloop
  endfacet
  facet normal 0.16549484651117616 0.9428628214312953 0.28917322791167865
    outer loop
      vertex 2.1418529311184935 7.8290212685829665 6.234633135269821
      vertex 1.1670273632171653 7.88505783724053 6.609819355967743
      vertex 1.560722576129026 7.8462822432258434 6.510935849136312
    endloop
  endfacet
  facet normal 0.1654948465111776 0.942862821431294 0.28917322791168176
    outer loop
      vertex 2.1418529311184935 7.8290212685829665 6.234633135269821
      vertex 1.560722576129026 7.8462822432258434 6.510935849136312
      vertex 1.7979827002216 7.774310171430095 6.609819355967743
    endloop
  endfacet
  facet normal 0.1654948465111779 0.942862821431294 0.28917322791168204
    outer loop
      vertex 2.1418529311184935 7.8290212685829665 6.234633135269821
      vertex 1.7979827002216 7.774310171430095 6.609819355967743
      vertex 2.112021887191968 7.719188826240917 6.609819355967743
    endloop
  endfacet
  facet normal 0.17187606333135513 0.9792181051278818 0.10765928405612205
    outer loop
      vertex 2.112021887191968 7.719188826240917 6.609819355967743
      vertex 1.7979827002216 7.774310171430095 6.609819355967743
      vertex 1.8570162119402722 7.756402551428541 6.678452713427091
    endloop
  endfacet
  facet normal 0.17187605351194812 0.9792181112261322 0.1076592442658039
    outer loop
      vertex 2.112021887191968 7.719188826240917 6.609819355967743
      vertex 1.8570162119402722 7.756402551428541 6.678452713427091
      vertex 2.10194917634006 7.68210294897175 6.96321604513767
    endloop
  endfacet
  facet normal 0.33423027456827914 0.8970334772024443 0.2891730698735699
    outer loop
      vertex 3.537796826001998 7.308899347184489 6.234633135269821
      vertex 2.6916943923728756 7.503205693514899 6.609819355967743
      vertex 3.0614674589207183 7.391036260090294 6.530387282055809
    endloop
  endfacet
  facet normal 0.33423027456827903 0.8970334772024445 0.28917306987356967
    outer loop
      vertex 3.537796826001998 7.308899347184489 6.234633135269821
      vertex 3.0614674589207183 7.391036260090294 6.530387282055809
      vertex 3.2196123704471296 7.3065060437854745 6.609819355967743
    endloop
  endfacet
  facet normal 0.33423027456827875 0.8970334772024446 0.2891730698735694
    outer loop
      vertex 3.537796826001998 7.308899347184489 6.234633135269821
      vertex 3.2196123704471296 7.3065060437854745 6.609819355967743
      vertex 3.48848545226814 7.206325252048117 6.609819355967743
    endloop
  endfacet
  facet normal 0.34711764405339257 0.9316216122125265 0.10765924412401891
    outer loop
      vertex 3.48848545226814 7.206325252048117 6.609819355967743
      vertex 3.2196123704471296 7.3065060437854745 6.609819355967743
      vertex 3.2645535168129762 7.2824845005905345 6.67278769655652
    endloop
  endfacet
  facet normal 0.3471176304458912 0.931621624607229 0.10765918074097101
    outer loop
      vertex 3.48848545226814 7.206325252048117 6.609819355967743
      vertex 3.2645535168129762 7.2824845005905345 6.67278769655652
      vertex 3.47183503900889 7.171690218699988 6.963216045137667
    endloop
  endfacet
  facet normal 0.16512339043018145 0.44317071230704674 0.8810981702887066
    outer loop
      vertex 4.006767433475442 8.284419436459844 5.152240934977427
      vertex 2.334927467500077 8.539886363920512 5.337060775394909
      vertex 3.8569532941917624 7.9727864679971 5.337060775394909
    endloop
  endfacet
  facet normal 0.22205067763584327 0.5959564948355873 0.771705483215419
    outer loop
      vertex 2.334927467500077 8.539886363920512 5.337060775394909
      vertex 2.255489210517214 8.247409245073692 5.585786437626905
      vertex 3.8569532941917624 7.9727864679971 5.337060775394909
    endloop
  endfacet
  facet normal 0.22205068834138425 0.595956711824483 0.7717053125633305
    outer loop
      vertex 3.8569532941917624 7.9727864679971 5.337060775394909
      vertex 2.255489210517214 8.247409245073692 5.585786437626905
      vertex 3.725640102856711 7.69963788663008 5.585786437626905
    endloop
  endfacet
  facet normal 0.16512337143340572 0.44317051282317704 0.8810982741842751
    outer loop
      vertex 4.006767433475442 8.284419436459844 5.152240934977427
      vertex 2.4255579211132057 8.873571101719666 5.152240934977427
      vertex 2.334927467500077 8.539886363920512 5.337060775394909
    endloop
  endfacet
  facet normal 0.10174143062069527 0.2730612052548736 0.9566014109753392
    outer loop
      vertex 4.169325247351817 8.622560911806074 5.038429439193539
      vertex 2.523897693850393 9.235640141130093 5.038429439193539
      vertex 2.4255579211132057 8.873571101719666 5.152240934977427
    endloop
  endfacet
  facet normal 0.03790139645258671 0.1017225489184041 0.9940905427517589
    outer loop
      vertex 2.523897693850393 9.235640141130093 5.038429439193539
      vertex 4.167320949234195 8.998861820765045 5
      vertex 2.616526229179858 9.576681450004825 5
    endloop
  endfacet
  facet normal 0.10174144778198657 0.27306134314911196 0.9566013697882877
    outer loop
      vertex 4.169325247351817 8.622560911806074 5.038429439193539
      vertex 2.4255579211132057 8.873571101719666 5.152240934977427
      vertex 4.006767433475442 8.284419436459844 5.152240934977427
    endloop
  endfacet
  facet normal 0.037901403953326876 0.10172260190571852 0.9940905370437328
    outer loop
      vertex 4.169325247351817 8.622560911806074 5.038429439193539
      vertex 4.3224422597936645 8.941064287639291 5
      vertex 2.523897693850393 9.235640141130093 5.038429439193539
    endloop
  endfacet
  facet normal 0.0379014039533281 0.1017226019057259 0.9940905370437321
    outer loop
      vertex 2.523897693850393 9.235640141130093 5.038429439193539
      vertex 4.3224422597936645 8.941064287639291 5
      vertex 4.167320949234195 8.998861820765045 5
    endloop
  endfacet
  facet normal 0.27034849752935947 0.7255820859541048 0.632805125157902
    outer loop
      vertex 2.255489210517214 8.247409245073692 5.585786437626905
      vertex 2.1902959178309827 8.007379476833435 5.888859533960796
      vertex 3.725640102856711 7.69963788663008 5.585786437626905
    endloop
  endfacet
  facet normal 0.3082059469817347 0.8271870484508553 0.46986240658330414
    outer loop
      vertex 2.1902959178309827 8.007379476833435 5.888859533960796
      vertex 2.1418529311184935 7.8290212685829665 6.234633135269821
      vertex 3.6178741517720083 7.475470639157229 5.888859533960796
    endloop
  endfacet
  facet normal 0.2703484930276858 0.7255822744197765 0.6328049109840121
    outer loop
      vertex 2.1902959178309827 8.007379476833435 5.888859533960796
      vertex 3.6178741517720083 7.475470639157229 5.888859533960796
      vertex 3.725640102856711 7.69963788663008 5.585786437626905
    endloop
  endfacet
  facet normal 0.3082059278602015 0.8271871760500918 0.4698621944890934
    outer loop
      vertex 3.6178741517720083 7.475470639157229 5.888859533960796
      vertex 2.1418529311184935 7.8290212685829665 6.234633135269821
      vertex 3.537796826001998 7.308899347184489 6.234633135269821
    endloop
  endfacet
  facet normal 0.3342302986235502 0.8970334178458673 0.28917322619802494
    outer loop
      vertex 2.1418529311184935 7.8290212685829665 6.234633135269821
      vertex 2.112021887191968 7.719188826240917 6.609819355967743
      vertex 3.537796826001998 7.308899347184489 6.234633135269821
    endloop
  endfacet
  facet normal 0.33423027456827936 0.8970334772024442 0.28917306987357033
    outer loop
      vertex 2.112021887191968 7.719188826240917 6.609819355967743
      vertex 2.6916943923728756 7.503205693514899 6.609819355967743
      vertex 3.537796826001998 7.308899347184489 6.234633135269821
    endloop
  endfacet
  facet normal 0.34711764405339357 0.9316216122125267 0.10765924412401348
    outer loop
      vertex 2.112021887191968 7.719188826240917 6.609819355967743
      vertex 2.10194917634006 7.68210294897175 6.96321604513767
      vertex 2.6916943923728756 7.503205693514899 6.609819355967743
    endloop
  endfacet
  facet normal 0.5107898896986651 0.8529379751336782 0.10765918054901924
    outer loop
      vertex 3.48848545226814 7.206325252048117 6.609819355967743
      vertex 3.47183503900889 7.171690218699988 6.963216045137667
      vertex 4.165036599761072 6.801166265019478 6.609819355967743
    endloop
  endfacet
  facet normal 0.32675173158145454 0.5456231362858667 0.7717050596297108
    outer loop
      vertex 5.2511629384782745 7.137850169582798 5.337060775394909
      vertex 3.725640102856711 7.69963788663008 5.585786437626905
      vertex 5.0723521822905235 6.893146235832283 5.585786437626905
    endloop
  endfacet
  facet normal 0.39782276339519773 0.664300393448681 0.6328048958316744
    outer loop
      vertex 5.0723521822905235 6.893146235832283 5.585786437626905
      vertex 3.725640102856711 7.69963788663008 5.585786437626905
      vertex 3.6178741517720083 7.475470639157229 5.888859533960796
    endloop
  endfacet
  facet normal 0.3978228043477619 0.6643006484669387 0.632804602375241
    outer loop
      vertex 5.0723521822905235 6.893146235832283 5.585786437626905
      vertex 3.6178741517720083 7.475470639157229 5.888859533960796
      vertex 4.925605987115201 6.692322907370894 5.888859533960796
    endloop
  endfacet
  facet normal 0.4535306600499552 0.7573238845992739 0.4698621864016272
    outer loop
      vertex 4.925605987115201 6.692322907370894 5.888859533960796
      vertex 3.6178741517720083 7.475470639157229 5.888859533960796
      vertex 3.537796826001998 7.308899347184489 6.234633135269821
    endloop
  endfacet
  facet normal 0.4535306661306581 0.7573240612550531 0.4698618957983655
    outer loop
      vertex 4.925605987115201 6.692322907370894 5.888859533960796
      vertex 3.537796826001998 7.308899347184489 6.234633135269821
      vertex 4.816563726936681 6.543097712088382 6.234633135269821
    endloop
  endfacet
  facet normal 0.5107898896986637 0.8529379751336804 0.10765918054900857
    outer loop
      vertex 4.74941583466202 6.451205290553 6.609819355967743
      vertex 4.52565013575208 6.585209473737175 6.609819355967743
      vertex 4.558741513455812 6.558052081896423 6.667973519944934
    endloop
  endfacet
  facet normal 0.510789874466151 0.8529379952173655 0.10765909370524739
    outer loop
      vertex 4.74941583466202 6.451205290553 6.609819355967743
      vertex 4.558741513455812 6.558052081896423 6.667973519944934
      vertex 4.726742766134362 6.42017701699049 6.963216045137664
    endloop
  endfacet
  facet normal 0.4918259402716576 0.8212710767606866 0.28917306747386134
    outer loop
      vertex 3.537796826001998 7.308899347184489 6.234633135269821
      vertex 3.48848545226814 7.206325252048117 6.609819355967743
      vertex 4.816563726936681 6.543097712088382 6.234633135269821
    endloop
  endfacet
  facet normal 0.491825922684688 0.8212711627092074 0.28917285328609593
    outer loop
      vertex 4.816563726936681 6.543097712088382 6.234633135269821
      vertex 3.48848545226814 7.206325252048117 6.609819355967743
      vertex 4.444561864156817 6.651756898420362 6.558735145673625
    endloop
  endfacet
  facet normal 0.4918259226846904 0.8212711627092046 0.28917285328609954
    outer loop
      vertex 4.816563726936681 6.543097712088382 6.234633135269821
      vertex 4.444561864156817 6.651756898420362 6.558735145673625
      vertex 4.52565013575208 6.585209473737175 6.609819355967743
    endloop
  endfacet
  facet normal 0.4918259226846888 0.821271162709209 0.2891728532860897
    outer loop
      vertex 3.48848545226814 7.206325252048117 6.609819355967743
      vertex 4.165036599761072 6.801166265019478 6.609819355967743
      vertex 4.444561864156817 6.651756898420362 6.558735145673625
    endloop
  endfacet
  facet normal 0.4918259226846858 0.8212711627092087 0.28917285328609554
    outer loop
      vertex 4.816563726936681 6.543097712088382 6.234633135269821
      vertex 4.52565013575208 6.585209473737175 6.609819355967743
      vertex 4.74941583466202 6.451205290553 6.609819355967743
    endloop
  endfacet
  facet normal 0.242982100005061 0.40574097984146024 0.8810981536437483
    outer loop
      vertex 5.4551666585963865 7.417030873679952 5.152240934977426
      vertex 4.006767433475442 8.284419436459844 5.152240934977427
      vertex 3.8569532941917624 7.9727864679971 5.337060775394909
    endloop
  endfacet
  facet normal 0.14971440661514315 0.24999886521241083 0.9566013609881509
    outer loop
      vertex 4.169325247351817 8.622560911806074 5.038429439193539
      vertex 4.006767433475442 8.284419436459844 5.152240934977427
      vertex 5.676523594087326 7.719959590231637 5.038429439193539
    endloop
  endfacet
  facet normal 0.3267516630337111 0.5456228466212928 0.7717052934570174
    outer loop
      vertex 5.2511629384782745 7.137850169582798 5.337060775394909
      vertex 3.8569532941917624 7.9727864679971 5.337060775394909
      vertex 3.725640102856711 7.69963788663008 5.585786437626905
    endloop
  endfacet
  facet normal 0.14971446412693973 0.24999904672006018 0.9566013045518202
    outer loop
      vertex 5.4551666585963865 7.417030873679952 5.152240934977426
      vertex 5.676523594087326 7.719959590231637 5.038429439193539
      vertex 4.006767433475442 8.284419436459844 5.152240934977427
    endloop
  endfacet
  facet normal 0.24298217535251698 0.4057412438644465 0.8810980112838132
    outer loop
      vertex 5.4551666585963865 7.417030873679952 5.152240934977426
      vertex 3.8569532941917624 7.9727864679971 5.337060775394909
      vertex 5.2511629384782745 7.137850169582798 5.337060775394909
    endloop
  endfacet
  facet normal 0.055772633186803935 0.09313128456936842 0.9940905276793808
    outer loop
      vertex 4.169325247351817 8.622560911806074 5.038429439193539
      vertex 5.676523594087326 7.719959590231637 5.038429439193539
      vertex 5.885024876415295 8.005295243776485 5
    endloop
  endfacet
  facet normal 0.055772633186811214 0.09313128456938871 0.9940905276793784
    outer loop
      vertex 4.169325247351817 8.622560911806074 5.038429439193539
      vertex 5.885024876415295 8.005295243776485 5
      vertex 5.7429350090606475 8.090387230729903 5
    endloop
  endfacet
  facet normal 0.055772609866444715 0.09313121504747444 0.9940905355009003
    outer loop
      vertex 4.169325247351817 8.622560911806074 5.038429439193539
      vertex 5.7429350090606475 8.090387230729903 5
      vertex 4.3224422597936645 8.941064287639291 5
    endloop
  endfacet
  facet normal 0.42055872568849856 0.4770761968107575 0.7717050347664252
    outer loop
      vertex 5.2511629384782745 7.137850169582798 5.337060775394909
      vertex 5.0723521822905235 6.893146235832283 5.585786437626905
      vertex 6.471058590687375 6.062471090945793 5.337060775394909
    endloop
  endfacet
  facet normal 0.5120335458641639 0.5808442200946663 0.6328045827049532
    outer loop
      vertex 6.250712921780483 5.854381956401515 5.585786437626905
      vertex 5.0723521822905235 6.893146235832283 5.585786437626905
      vertex 4.925605987115201 6.692322907370894 5.888859533960796
    endloop
  endfacet
  facet normal 0.5837345791498169 0.662181316641457 0.46986151682785493
    outer loop
      vertex 6.069879904657642 5.683607617079136 5.888859533960796
      vertex 4.816563726936681 6.543097712088382 6.234633135269821
      vertex 5.935508850754561 5.556710835067459 6.234633135269821
    endloop
  endfacet
  facet normal 0.583734530754982 0.6621810978185977 0.46986188534080714
    outer loop
      vertex 6.069879904657642 5.683607617079136 5.888859533960796
      vertex 4.925605987115201 6.692322907370894 5.888859533960796
      vertex 4.816563726936681 6.543097712088382 6.234633135269821
    endloop
  endfacet
  facet normal 0.3127399691112959 0.3547680405633567 0.8810978090513575
    outer loop
      vertex 5.2511629384782745 7.137850169582798 5.337060775394909
      vertex 6.471058590687375 6.062471090945793 5.337060775394909
      vertex 6.7224491508935 6.299878271969161 5.152240934977427
    endloop
  endfacet
  facet normal 0.42055887805145026 0.47707654215000733 0.7717047382401494
    outer loop
      vertex 6.250712921780483 5.854381956401515 5.585786437626905
      vertex 6.471058590687375 6.062471090945793 5.337060775394909
      vertex 5.0723521822905235 6.893146235832283 5.585786437626905
    endloop
  endfacet
  facet normal 0.31273981419543545 0.3547677287482433 0.8810979895878877
    outer loop
      vertex 5.4551666585963865 7.417030873679952 5.152240934977426
      vertex 5.2511629384782745 7.137850169582798 5.337060775394909
      vertex 6.7224491508935 6.299878271969161 5.152240934977427
    endloop
  endfacet
  facet normal 0.19269592136505928 0.21859150942049912 0.9566012930675658
    outer loop
      vertex 5.4551666585963865 7.417030873679952 5.152240934977426
      vertex 6.99522380415159 6.557480074644374 5.038429439193539
      vertex 5.676523594087326 7.719959590231637 5.038429439193539
    endloop
  endfacet
  facet normal 0.19269603498722476 0.2185917224740988 0.9566012214951479
    outer loop
      vertex 5.4551666585963865 7.417030873679952 5.152240934977426
      vertex 6.7224491508935 6.299878271969161 5.152240934977427
      vertex 6.99522380415159 6.557480074644374 5.038429439193539
    endloop
  endfacet
  facet normal 0.07178441793792209 0.08143122157834946 0.9940905157447039
    outer loop
      vertex 5.676523594087326 7.719959590231637 5.038429439193539
      vertex 6.99522380415159 6.557480074644374 5.038429439193539
      vertex 7.252156639188993 6.800121246327819 5
    endloop
  endfacet
  facet normal 0.07178441793793026 0.08143122157836354 0.9940905157447023
    outer loop
      vertex 5.676523594087326 7.719959590231637 5.038429439193539
      vertex 7.252156639188993 6.800121246327819 5
      vertex 7.127837276489043 6.9097130333212435 5
    endloop
  endfacet
  facet normal 0.5120336558270551 0.5808445285857976 0.6328042105677896
    outer loop
      vertex 6.250712921780483 5.854381956401515 5.585786437626905
      vertex 4.925605987115201 6.692322907370894 5.888859533960796
      vertex 6.069879904657642 5.683607617079136 5.888859533960796
    endloop
  endfacet
  facet normal 0.6330239228431059 0.7180946545510501 0.289172578598894
    outer loop
      vertex 5.935508850754561 5.556710835067459 6.234633135269821
      vertex 4.74941583466202 6.451205290553 6.609819355967743
      vertex 5.656854249492381 5.656854249492381 6.59594878535145
    endloop
  endfacet
  facet normal 0.6330239249033557 0.7180945433600295 0.2891728502064145
    outer loop
      vertex 5.935508850754561 5.556710835067459 6.234633135269821
      vertex 4.816563726936681 6.543097712088382 6.234633135269821
      vertex 4.74941583466202 6.451205290553 6.609819355967743
    endloop
  endfacet
  facet normal 0.657432192675599 0.7457830995861632 0.10765909346362175
    outer loop
      vertex 4.74941583466202 6.451205290553 6.609819355967743
      vertex 4.726742766134362 6.42017701699049 6.963216045137664
      vertex 5.565067238350815 5.732181902809818 6.609819355967743
    endloop
  endfacet
  facet normal 0.633023922843106 0.7180946545510504 0.289172578598893
    outer loop
      vertex 4.74941583466202 6.451205290553 6.609819355967743
      vertex 5.565067238350815 5.732181902809818 6.609819355967743
      vertex 5.656854249492381 5.656854249492381 6.59594878535145
    endloop
  endfacet
  facet normal 0.6330239228431107 0.7180946545510434 0.2891725785988997
    outer loop
      vertex 5.935508850754561 5.556710835067459 6.234633135269821
      vertex 5.656854249492381 5.656854249492381 6.59594878535145
      vertex 5.673430161980947 5.636656441685225 6.609819355967743
    endloop
  endfacet
  facet normal 0.6330239228431047 0.7180946545510514 0.2891725785988937
    outer loop
      vertex 5.935508850754561 5.556710835067459 6.234633135269821
      vertex 5.673430161980947 5.636656441685225 6.609819355967743
      vertex 5.852763564316576 5.478568182534661 6.609819355967743
    endloop
  endfacet
  facet normal 0.6574321926755985 0.7457830995861653 0.10765909346361276
    outer loop
      vertex 5.852763564316576 5.478568182534661 6.609819355967743
      vertex 5.673430161980947 5.636656441685225 6.609819355967743
      vertex 5.696568085897261 5.60846279981841 6.663829894034897
    endloop
  endfacet
  facet normal 0.6574321783317421 0.7457831281279539 0.10765898333935839
    outer loop
      vertex 5.852763564316576 5.478568182534661 6.609819355967743
      vertex 5.696568085897261 5.60846279981841 6.663829894034897
      vertex 5.82482390029741 5.45218263779467 6.963216045137655
    endloop
  endfacet
  facet normal 0.0717843728067966 0.08143114026900154 0.9940905256641495
    outer loop
      vertex 5.676523594087326 7.719959590231637 5.038429439193539
      vertex 7.127837276489043 6.9097130333212435 5
      vertex 5.885024876415295 8.005295243776485 5
    endloop
  endfacet
  facet normal 0.37206746418425296 0.29194671567611585 0.8810975640083388
    outer loop
      vertex 7.766186207119942 4.969701349967654 5.152240934977427
      vertex 6.471058590687375 6.062471090945793 5.337060775394909
      vertex 7.475794794479579 4.781998897061609 5.337060775394909
    endloop
  endfacet
  facet normal 0.5003397746359276 0.3925971313732387 0.7717043490578326
    outer loop
      vertex 6.250712921780483 5.854381956401515 5.585786437626905
      vertex 7.221264592507822 4.617476321086063 5.585786437626905
      vertex 7.475794794479579 4.781998897061609 5.337060775394909
    endloop
  endfacet
  facet normal 0.5003395173783013 0.3925967543059095 0.7717047076817102
    outer loop
      vertex 6.250712921780483 5.854381956401515 5.585786437626905
      vertex 7.475794794479579 4.781998897061609 5.337060775394909
      vertex 6.471058590687375 6.062471090945793 5.337060775394909
    endloop
  endfacet
  facet normal 0.609167180235171 0.47798975738252214 0.6328041864287312
    outer loop
      vertex 6.250712921780483 5.854381956401515 5.585786437626905
      vertex 6.069879904657642 5.683607617079136 5.888859533960796
      vertex 7.221264592507822 4.617476321086063 5.585786437626905
    endloop
  endfacet
  facet normal 0.694469853403027 0.5449236549722907 0.46986150402647153
    outer loop
      vertex 6.069879904657642 5.683607617079136 5.888859533960796
      vertex 5.935508850754561 5.556710835067459 6.234633135269821
      vertex 7.012377054124267 4.482456132370437 5.888859533960796
    endloop
  endfacet
  facet normal 0.6091673789633065 0.47799009994164937 0.632803736370723
    outer loop
      vertex 6.069879904657642 5.683607617079136 5.888859533960796
      vertex 7.012377054124267 4.482456132370437 5.888859533960796
      vertex 7.221264592507822 4.617476321086063 5.585786437626905
    endloop
  endfacet
  facet normal 0.6944699591747375 0.54492390444915 0.4698610583605884
    outer loop
      vertex 5.935508850754561 5.556710835067459 6.234633135269821
      vertex 6.857159610283511 4.382127081046876 6.234633135269821
      vertex 7.012377054124267 4.482456132370437 5.888859533960796
    endloop
  endfacet
  facet normal 0.37206721127791054 0.2919463790074296 0.8810977823580813
    outer loop
      vertex 7.766186207119942 4.969701349967654 5.152240934977427
      vertex 6.7224491508935 6.299878271969161 5.152240934977427
      vertex 6.471058590687375 6.062471090945793 5.337060775394909
    endloop
  endfacet
  facet normal 0.22925076688180981 0.1798838958080975 0.956601207354979
    outer loop
      vertex 8.081279251294525 5.173370379803771 5.038429439193539
      vertex 6.99522380415159 6.557480074644374 5.038429439193539
      vertex 6.7224491508935 6.299878271969161 5.152240934977427
    endloop
  endfacet
  facet normal 0.7821479213034113 0.6137215991352326 0.10765884987146009
    outer loop
      vertex 6.76157718030541 4.320344756292566 6.609819355967743
      vertex 6.1938933108052545 5.002470259904186 6.845541766432593
      vertex 6.651756898420362 4.444561864156817 6.699556364364892
    endloop
  endfacet
  facet normal 0.7531094296199708 0.5909360447407461 0.28917257484700215
    outer loop
      vertex 5.935508850754561 5.556710835067459 6.234633135269821
      vertex 5.852763564316576 5.478568182534661 6.609819355967743
      vertex 6.857159610283511 4.382127081046876 6.234633135269821
    endloop
  endfacet
  facet normal 0.7531094516870019 0.5909361773519931 0.28917224637976074
    outer loop
      vertex 5.852763564316576 5.478568182534661 6.609819355967743
      vertex 6.76157718030541 4.320344756292566 6.609819355967743
      vertex 6.857159610283511 4.382127081046876 6.234633135269821
    endloop
  endfacet
  facet normal 0.7821479320598497 0.6137215620649379 0.107658983048669
    outer loop
      vertex 5.852763564316576 5.478568182534661 6.609819355967743
      vertex 5.82482390029741 5.45218263779467 6.963216045137655
      vertex 6.1938933108052545 5.002470259904186 6.845541766432593
    endloop
  endfacet
  facet normal 0.782147932059851 0.6137215620649368 0.10765898304866471
    outer loop
      vertex 5.852763564316576 5.478568182534661 6.609819355967743
      vertex 6.1938933108052545 5.002470259904186 6.845541766432593
      vertex 6.76157718030541 4.320344756292566 6.609819355967743
    endloop
  endfacet
  facet normal 0.7821479213034126 0.6137215991352301 0.10765884987146519
    outer loop
      vertex 6.76157718030541 4.320344756292566 6.609819355967743
      vertex 6.651756898420362 4.444561864156817 6.699556364364892
      vertex 6.729302943370777 4.299483418199886 6.9632160451376635
    endloop
  endfacet
  facet normal 0.22925094892917586 0.1798841241452431 0.9566011207894182
    outer loop
      vertex 7.766186207119942 4.969701349967654 5.152240934977427
      vertex 8.081279251294525 5.173370379803771 5.038429439193539
      vertex 6.7224491508935 6.299878271969161 5.152240934977427
    endloop
  endfacet
  facet normal 0.08540210378102028 0.06701161067983472 0.9940905012642814
    outer loop
      vertex 8.081279251294525 5.173370379803771 5.038429439193539
      vertex 8.378072769949434 5.365211009495998 5
      vertex 6.99522380415159 6.557480074644374 5.038429439193539
    endloop
  endfacet
  facet normal 0.0854021037810238 0.06701161067983881 0.9940905012642807
    outer loop
      vertex 6.99522380415159 6.557480074644374 5.038429439193539
      vertex 8.378072769949434 5.365211009495998 5
      vertex 8.275685798282064 5.49569679683124 5
    endloop
  endfacet
  facet normal 0.08540203220074001 0.06701152392305876 0.9940905132619932
    outer loop
      vertex 6.99522380415159 6.557480074644374 5.038429439193539
      vertex 8.275685798282064 5.49569679683124 5
      vertex 7.252156639188993 6.800121246327819 5
    endloop
  endfacet
  facet normal 0.6856138327877725 0.359794186680589 0.6328363260124326
    outer loop
      vertex 7.653989504387933 3.3964827997017375 5.811159381197572
      vertex 7.012377054124267 4.482456132370437 5.888859533960796
      vertex 7.62064342501493 3.3412816366338736 5.878670661920663
    endloop
  endfacet
  facet normal 0.6856138327877809 0.35979418668059354 0.6328363260124208
    outer loop
      vertex 7.62064342501493 3.3412816366338736 5.878670661920663
      vertex 7.012377054124267 4.482456132370437 5.888859533960796
      vertex 7.614340021521742 3.3353721811778763 5.888859533960796
    endloop
  endfacet
  facet normal 0.7808261215867686 0.40975938045612925 0.47160133373006297
    outer loop
      vertex 7.614340021521742 3.3353721811778763 5.888859533960796
      vertex 7.197539937340691 4.011885595293379 5.9911507539375215
      vertex 7.523070303321635 3.1845869677628444 6.170986462353988
    endloop
  endfacet
  facet normal 0.781851144160208 0.4097875484272972 0.46987546597935864
    outer loop
      vertex 7.523070303321635 3.1845869677628444 6.170986462353988
      vertex 7.200968552347865 3.7261593344494806 6.234633135269821
      vertex 7.505362431434191 3.155088117113843 6.226178068348281
    endloop
  endfacet
  facet normal 0.7818511441602233 0.409787548427306 0.4698754659793254
    outer loop
      vertex 7.200968552347865 3.7261593344494806 6.234633135269821
      vertex 7.5019556215983805 3.151893265668004 6.234633135269821
      vertex 7.505362431434191 3.155088117113843 6.226178068348281
    endloop
  endfacet
  facet normal 0.78185114416021 0.4097875484272992 0.4698754659793535
    outer loop
      vertex 7.523070303321635 3.1845869677628444 6.170986462353988
      vertex 7.197539937340691 4.011885595293379 5.9911507539375215
      vertex 7.200968552347865 3.7261593344494806 6.234633135269821
    endloop
  endfacet
  facet normal 0.8475377252753724 0.44421551242121754 0.29043481671349697
    outer loop
      vertex 7.2016331812629195 3.6707719741450733 6.317407737958648
      vertex 6.857159610283511 4.382127081046876 6.234633135269821
      vertex 7.442710893521591 3.053566656567404 6.557908244561008
    endloop
  endfacet
  facet normal 0.8475377252753693 0.4442155124212189 0.2904348167135037
    outer loop
      vertex 7.2016331812629195 3.6707719741450733 6.317407737958648
      vertex 7.442710893521591 3.053566656567404 6.557908244561008
      vertex 7.5019556215983805 3.151893265668004 6.234633135269821
    endloop
  endfacet
  facet normal 0.8475377252753682 0.44421551242121743 0.29043481671350974
    outer loop
      vertex 7.200968552347865 3.7261593344494806 6.234633135269821
      vertex 7.2016331812629195 3.6707719741450733 6.317407737958648
      vertex 7.5019556215983805 3.151893265668004 6.234633135269821
    endloop
  endfacet
  facet normal 0.8806680183912873 0.46121994612907197 0.10816655063123354
    outer loop
      vertex 7.432948431495153 3.0384071593771735 6.609819355967743
      vertex 7.391036260090294 3.0614674589207183 6.852730299055655
      vertex 7.41041620291213 3.000904147840663 6.953183823448256
    endloop
  endfacet
  facet normal 0.8806680183912873 0.4612199461290718 0.1081665506312336
    outer loop
      vertex 7.432948431495153 3.0384071593771735 6.609819355967743
      vertex 7.260999376035692 3.304749357665992 6.874112701944282
      vertex 7.391036260090294 3.0614674589207183 6.852730299055655
    endloop
  endfacet
  facet normal 0.8480181077357595 0.44412066499340774 0.28917490188132683
    outer loop
      vertex 7.442710893521591 3.053566656567404 6.557908244561008
      vertex 6.76157718030541 4.320344756292566 6.609819355967743
      vertex 7.434554795812934 3.0399138651886792 6.602794592743692
    endloop
  endfacet
  facet normal 0.8480181077357719 0.44412066499341446 0.28917490188128053
    outer loop
      vertex 7.434554795812934 3.0399138651886792 6.602794592743692
      vertex 6.76157718030541 4.320344756292566 6.609819355967743
      vertex 7.432948431495153 3.0384071593771735 6.609819355967743
    endloop
  endfacet
  facet normal 0.880668018391287 0.4612199461290728 0.10816655063123234
    outer loop
      vertex 7.432948431495153 3.0384071593771735 6.609819355967743
      vertex 6.76157718030541 4.320344756292566 6.609819355967743
      vertex 7.260999376035692 3.304749357665992 6.874112701944282
    endloop
  endfacet
  facet normal 0.8806680183913 0.4612199461290512 0.10816655063121854
    outer loop
      vertex 7.41041620291213 3.000904147840663 6.953183823448256
      vertex 7.391036260090294 3.0614674589207183 6.852730299055655
      vertex 7.4077845697873865 3.0062556811029264 6.951791167835696
    endloop
  endfacet
  facet normal 0.8807725273922465 0.46113918832954737 0.10765873851128208
    outer loop
      vertex 7.41041620291213 3.000904147840663 6.953183823448256
      vertex 7.4077845697873865 3.0062556811029264 6.951791167835696
      vertex 7.409682209903664 3 6.963061506330605
    endloop
  endfacet
  facet normal 0.8807725273920843 0.46113918832985334 0.10765873851129801
    outer loop
      vertex 7.41041620291213 3.000904147840663 6.953183823448256
      vertex 7.409682209903664 3 6.963061506330605
      vertex 7.4098777401769444 3 6.9614618434016124
    endloop
  endfacet
  facet normal 0.6856138327877734 0.3597941866805895 0.6328363260124311
    outer loop
      vertex 7.221264592507822 4.617476321086063 5.585786437626905
      vertex 7.012377054124267 4.482456132370437 5.888859533960796
      vertex 7.653989504387933 3.3964827997017375 5.811159381197572
    endloop
  endfacet
  facet normal 0.7808261215867692 0.40975938045613 0.47160133373006086
    outer loop
      vertex 7.614340021521742 3.3353721811778763 5.888859533960796
      vertex 7.012377054124267 4.482456132370437 5.888859533960796
      vertex 7.197539937340691 4.011885595293379 5.9911507539375215
    endloop
  endfacet
  facet normal 0.7818511441602106 0.4097875484273 0.4698754659793518
    outer loop
      vertex 7.012377054124267 4.482456132370437 5.888859533960796
      vertex 6.857159610283511 4.382127081046876 6.234633135269821
      vertex 7.197539937340691 4.011885595293379 5.9911507539375215
    endloop
  endfacet
  facet normal 0.7818511441602105 0.40978754842729914 0.4698754659793527
    outer loop
      vertex 7.197539937340691 4.011885595293379 5.9911507539375215
      vertex 6.857159610283511 4.382127081046876 6.234633135269821
      vertex 7.200968552347865 3.726159334449481 6.234633135269821
    endloop
  endfacet
  facet normal 0.8480181077357651 0.44412066499341174 0.2891749018813044
    outer loop
      vertex 7.442710893521591 3.053566656567404 6.557908244561008
      vertex 6.857159610283511 4.382127081046876 6.234633135269821
      vertex 6.76157718030541 4.320344756292566 6.609819355967743
    endloop
  endfacet
  facet normal 0.8475377252753674 0.44421551242121693 0.2904348167135118
    outer loop
      vertex 7.200968552347865 3.726159334449481 6.234633135269821
      vertex 6.857159610283511 4.382127081046876 6.234633135269821
      vertex 7.2016331812629195 3.6707719741450733 6.317407737958648
    endloop
  endfacet
  facet normal 0.880772527392235 0.4611391883295679 0.1076587385112888
    outer loop
      vertex 6.76157718030541 4.320344756292566 6.609819355967743
      vertex 6.729302943370777 4.299483418199886 6.9632160451376635
      vertex 7.260999376035692 3.304749357665992 6.874112701944282
    endloop
  endfacet
  facet normal 0.4183817601145556 0.22033679656367544 0.8811403968060392
    outer loop
      vertex 8.05171964794212 4.028812230408532 5.251941858123121
      vertex 7.475794794479579 4.781998897061609 5.337060775394909
      vertex 7.9678222862861805 3.8920823252397043 5.325968375774987
    endloop
  endfacet
  facet normal 0.4183817601145551 0.22033679656367502 0.8811403968060393
    outer loop
      vertex 7.766186207119942 4.969701349967654 5.152240934977427
      vertex 7.475794794479579 4.781998897061609 5.337060775394909
      vertex 8.05171964794212 4.028812230408532 5.251941858123121
    endloop
  endfacet
  facet normal 0.2576438314655611 0.1359713202662005 0.9566250342599298
    outer loop
      vertex 8.187022020018643 4.233026028724838 5.143607421405809
      vertex 7.766186207119942 4.969701349967654 5.152240934977427
      vertex 8.165566741228332 4.212939329719579 5.152240934977427
    endloop
  endfacet
  facet normal 0.2576438314655542 0.13597132026619657 0.9566250342599323
    outer loop
      vertex 8.187022020018643 4.233026028724838 5.143607421405809
      vertex 8.301647399697734 4.4182354810057785 5.086410825251013
      vertex 7.766186207119942 4.969701349967654 5.152240934977427
    endloop
  endfacet
  facet normal 0.41673108253257674 0.21992948624307182 0.8820239372783969
    outer loop
      vertex 8.165566741228332 4.212939329719579 5.152240934977427
      vertex 7.766186207119942 4.969701349967654 5.152240934977427
      vertex 8.05171964794212 4.028812230408532 5.251941858123121
    endloop
  endfacet
  facet normal 0.4183817601145435 0.22033679656366864 0.8811403968060465
    outer loop
      vertex 7.9678222862861805 3.8920823252397043 5.325968375774987
      vertex 7.475794794479579 4.781998897061609 5.337060775394909
      vertex 7.95217819292846 3.877428585425994 5.337060775394909
    endloop
  endfacet
  facet normal 0.5611307882536002 0.29551422199475263 0.773177588315084
    outer loop
      vertex 7.95217819292846 3.877428585425994 5.337060775394909
      vertex 7.475794794479579 4.781998897061609 5.337060775394909
      vertex 7.832450436178174 3.6822339432628803 5.498557597372908
    endloop
  endfacet
  facet normal 0.5629010687353014 0.2958787016190706 0.7717500766082686
    outer loop
      vertex 7.832450436178174 3.6822339432628803 5.498557597372908
      vertex 7.221264592507822 4.617476321086063 5.585786437626905
      vertex 7.776641355588043 3.5905314634310472 5.574421278572035
    endloop
  endfacet
  facet normal 0.5629010687353198 0.2958787016190807 0.7717500766082513
    outer loop
      vertex 7.776641355588043 3.5905314634310472 5.574421278572035
      vertex 7.221264592507822 4.617476321086063 5.585786437626905
      vertex 7.766201833827261 3.5807482502454024 5.585786437626905
    endloop
  endfacet
  facet normal 0.5629010687353044 0.2958787016190729 0.7717500766082654
    outer loop
      vertex 7.475794794479579 4.781998897061609 5.337060775394909
      vertex 7.221264592507822 4.617476321086063 5.585786437626905
      vertex 7.832450436178174 3.6822339432628803 5.498557597372908
    endloop
  endfacet
  facet normal 0.2576438314655522 0.13597132026619452 0.956625034259933
    outer loop
      vertex 7.766186207119942 4.969701349967654 5.152240934977427
      vertex 8.301647399697734 4.4182354810057785 5.086410825251013
      vertex 8.081279251294525 5.173370379803771 5.038429439193539
    endloop
  endfacet
  facet normal 0.0959238251457937 0.05073450374321632 0.9940948797269448
    outer loop
      vertex 8.398511320919264 4.573579087247953 5.038429439193539
      vertex 8.425710510893795 4.599029599357697 5.034506001376221
      vertex 8.081279251294525 5.173370379803771 5.038429439193539
    endloop
  endfacet
  facet normal 0.2564842414163896 0.1356555650948874 0.9569814008453069
    outer loop
      vertex 8.398511320919264 4.573579087247953 5.038429439193539
      vertex 8.081279251294525 5.173370379803771 5.038429439193539
      vertex 8.301647399697734 4.4182354810057785 5.086410825251013
    endloop
  endfacet
  facet normal 0.09592382514578254 0.05073450374320961 0.9940948797269462
    outer loop
      vertex 8.425710510893795 4.599029599357697 5.034506001376221
      vertex 8.569571580815074 4.829479773467703 5.008863097607898
      vertex 8.081279251294525 5.173370379803771 5.038429439193539
    endloop
  endfacet
  facet normal 0.09592382514578313 0.05073450374321044 0.9940948797269462
    outer loop
      vertex 8.569571580815074 4.829479773467703 5.008863097607898
      vertex 8.458908414437095 5.212374898855636 5
      vertex 8.081279251294525 5.173370379803771 5.038429439193539
    endloop
  endfacet
  facet normal 0.09592382514578313 0.050734503743210285 0.9940948797269461
    outer loop
      vertex 8.081279251294525 5.173370379803771 5.038429439193539
      vertex 8.458908414437095 5.212374898855636 5
      vertex 8.378072769949434 5.365211009495998 5
    endloop
  endfacet
  facet normal 0.09547050180556478 0.05060464895889603 0.9941451366821349
    outer loop
      vertex 8.569571580815074 4.829479773467703 5.008863097607898
      vertex 8.619652627486882 4.909115593674625 5
      vertex 8.458908414437095 5.212374898855636 5
    endloop
  endfacet
  facet normal 0.6840926775216333 0.3595808650123478 0.6346013000918408
    outer loop
      vertex 7.766201833827261 3.5807482502454024 5.585786437626905
      vertex 7.221264592507822 4.617476321086063 5.585786437626905
      vertex 7.653989504387933 3.3964827997017375 5.811159381197572
    endloop
  endfacet
  facet normal -0.9999280119790852 0.011998785753336384 -8.914451660693609e-15
    outer loop
      vertex 7.197539937340691 -4.011885595293381 5.991150753937523
      vertex 7.201470094194618 -3.6843629600448176 6.297096453004506
      vertex 7.200968552347866 -3.7261593344494837 6.234633135269821
    endloop
  endfacet
  facet normal 0.5799826273862153 -0.48350057718904466 0.6556274428271313
    outer loop
      vertex 20.826673678290597 -4.03114836953451 5.038429439193539
      vertex 20.57678448292966 -4.383013072608247 5
      vertex 21.729728704517175 -3 5
    endloop
  endfacet
  facet normal 0.5799826273862131 -0.4835005771890426 0.6556274428271346
    outer loop
      vertex 20.826673678290597 -4.03114836953451 5.038429439193539
      vertex 21.729728704517175 -3 5
      vertex 21.09197039915385 -3.558583413197336 5.152240934977426
    endloop
  endfacet
  facet normal 0.5799826273862114 -0.48350057718903966 0.6556274428271384
    outer loop
      vertex 21.09197039915385 -3.558583413197336 5.152240934977426
      vertex 21.729728704517175 -3 5
      vertex 21.33646925739475 -3.0146790996161337 5.337060775394909
    endloop
  endfacet
  facet normal 0.5799826273862035 -0.4835005771890631 0.655627442827128
    outer loop
      vertex 21.33646925739475 -3.0146790996161337 5.337060775394909
      vertex 21.729728704517175 -3 5
      vertex 21.34176218043715 -3 5.343203821675835
    endloop
  endfacet
  facet normal 0.5799826273862285 0.4835005771889924 0.655627442827158
    outer loop
      vertex 21.33646925739475 3.014679099616131 5.337060775394909
      vertex 21.341762180437147 3 5.343203821675834
      vertex 21.72972870451717 3 5
    endloop
  endfacet
  facet normal 0.5799826273862112 0.48350057718904377 0.6556274428271356
    outer loop
      vertex 21.091970399153844 3.558583413197336 5.152240934977426
      vertex 21.33646925739475 3.014679099616131 5.337060775394909
      vertex 21.72972870451717 3 5
    endloop
  endfacet
  facet normal 0.5799826273862089 0.4835005771890398 0.6556274428271404
    outer loop
      vertex 21.091970399153844 3.558583413197336 5.152240934977426
      vertex 21.72972870451717 3 5
      vertex 20.82667367829059 4.031148369534511 5.038429439193539
    endloop
  endfacet
  facet normal 0.579982627386212 0.4835005771890428 0.6556274428271355
    outer loop
      vertex 20.82667367829059 4.031148369534511 5.038429439193539
      vertex 21.72972870451717 3 5
      vertex 20.576784482929654 4.383013072608248 5
    endloop
  endfacet
  facet normal -0.9999280119790823 -0.011998785753576722 -2.5344248702667487e-13
    outer loop
      vertex 7.197437269455243 4.020441502257689 5.983886785146265
      vertex 7.197539937340691 4.011885595293379 5.9911507539375215
      vertex 7.201972589141117 3.6424871583417686 6.359678472244913
    endloop
  endfacet
  facet normal -0.9999280119790852 -0.011998785753334747 -1.067668499336206e-14
    outer loop
      vertex 7.197539937340691 4.011885595293379 5.9911507539375215
      vertex 7.200968552347865 3.726159334449481 6.234633135269821
      vertex 7.2016331812629195 3.6707719741450733 6.317407737958648
    endloop
  endfacet
  facet normal -0.9999280119790851 -0.011998785753338872 -1.5000812875935086e-14
    outer loop
      vertex 7.197539937340691 4.011885595293379 5.9911507539375215
      vertex 7.2016331812629195 3.6707719741450733 6.317407737958648
      vertex 7.201972589141117 3.6424871583417686 6.359678472244913
    endloop
  endfacet
  facet normal 0.9999280119790855 -0.011998785753301171 -2.880179375752859e-14
    outer loop
      vertex 7.197539937340691 -4.011885595293381 5.991150753937523
      vertex 7.200968552347865 -3.726159334449484 6.234633135269821
      vertex 7.201470094194618 -3.6843629600448176 6.297096453004506
    endloop
  endfacet
  facet normal 0.004797804503830739 -0.10763033550018299 0.9941794063206404
    outer loop
      vertex 8.425710510893795 -4.599029599357697 5.034506001376221
      vertex 8.569571580815074 -4.829479773467703 5.008863097607898
      vertex 8.619652627486884 -4.909115593674624 5
    endloop
  endfacet
  facet normal 0.0009519354038560962 -0.994080906394965 0.10863813952729351
    outer loop
      vertex 7.410416202912131 -3.0009041478406626 6.953183823448257
      vertex 8.750261767545517 -3 6.94971680601449
      vertex 7.409877740176945 -3 6.961461843401612
    endloop
  endfacet
  facet normal 0.005378007604363752 -0.14674092291028223 0.9891603401762761
    outer loop
      vertex 8.425710510893795 -4.599029599357697 5.034506001376221
      vertex 19.291223750546983 -4.433412235865969 5
      vertex 8.398511320919265 -4.573579087247953 5.038429439193539
    endloop
  endfacet
  facet normal 0.004797804504044162 -0.10763033550004894 0.9941794063206538
    outer loop
      vertex 8.425710510893795 -4.599029599357697 5.034506001376221
      vertex 8.619652627486884 -4.909115593674624 5
      vertex 19.291223750546983 -4.433412235865969 5
    endloop
  endfacet
  facet normal 0.011045908890523039 -0.38487630238187726 0.9229020640141812
    outer loop
      vertex 8.187022020018643 -4.233026028724838 5.143607421405809
      vertex 20.009578198861455 -3.8730174622268976 5.152240934977426
      vertex 8.165566741228334 -4.212939329719581 5.152240934977426
    endloop
  endfacet
  facet normal 0.013479041381220925 -0.46965475253082356 0.8827472621700133
    outer loop
      vertex 8.165566741228334 -4.212939329719581 5.152240934977426
      vertex 20.009578198861455 -3.8730174622268976 5.152240934977426
      vertex 8.05171964794212 -4.028812230408531 5.251941858123122
    endloop
  endfacet
  facet normal 0.01347904138122091 -0.4696547525308216 0.8827472621700143
    outer loop
      vertex 8.05171964794212 -4.028812230408531 5.251941858123122
      vertex 20.009578198861455 -3.8730174622268976 5.152240934977426
      vertex 7.9678222862861805 -3.8920823252397043 5.325968375774987
    endloop
  endfacet
  facet normal 0.012536401734122068 -0.5949591638559355 0.8036581561680357
    outer loop
      vertex 7.9678222862861805 -3.8920823252397043 5.325968375774987
      vertex 19.765079340620552 -3.6285186039859925 5.337060775394909
      vertex 7.952178192928461 -3.877428585425994 5.337060775394909
    endloop
  endfacet
  facet normal 0.010594061702096012 -0.2890628846029295 0.9572514897359448
    outer loop
      vertex 8.398511320919265 -4.573579087247953 5.038429439193539
      vertex 20.27487491972471 -4.138314183090151 5.038429439193539
      vertex 8.301647399697735 -4.418235481005776 5.086410825251014
    endloop
  endfacet
  facet normal 0.010594061702096005 -0.2890628846029291 0.9572514897359449
    outer loop
      vertex 8.301647399697735 -4.418235481005776 5.086410825251014
      vertex 20.27487491972471 -4.138314183090151 5.038429439193539
      vertex 8.187022020018643 -4.233026028724838 5.143607421405809
    endloop
  endfacet
  facet normal 0.010640887977747926 -0.7529861620408291 0.6579503106451636
    outer loop
      vertex 7.776641355588044 -3.5905314634310472 5.574421278572035
      vertex 19.550774299007653 -3.4142135623730945 5.585786437626904
      vertex 7.766201833827262 -3.5807482502454033 5.585786437626904
    endloop
  endfacet
  facet normal 0.013328336167147655 -0.6325432057600157 0.774410387521925
    outer loop
      vertex 7.952178192928461 -3.877428585425994 5.337060775394909
      vertex 19.765079340620552 -3.6285186039859925 5.337060775394909
      vertex 7.832450436178174 -3.68223394326288 5.498557597372908
    endloop
  endfacet
  facet normal 0.013328336167147656 -0.6325432057600155 0.774410387521925
    outer loop
      vertex 19.765079340620552 -3.6285186039859925 5.337060775394909
      vertex 7.776641355588044 -3.5905314634310472 5.574421278572035
      vertex 7.832450436178174 -3.68223394326288 5.498557597372908
    endloop
  endfacet
  facet normal 0.010902014056299045 -0.7714643495857181 0.636179144115713
    outer loop
      vertex 7.766201833827262 -3.5807482502454033 5.585786437626904
      vertex 19.550774299007653 -3.4142135623730945 5.585786437626904
      vertex 7.653989504387933 -3.396482799701737 5.811159381197572
    endloop
  endfacet
  facet normal 0.010902014056299038 -0.7714643495857183 0.6361791441157126
    outer loop
      vertex 7.653989504387933 -3.396482799701737 5.811159381197572
      vertex 19.550774299007653 -3.4142135623730945 5.585786437626904
      vertex 7.620643425014931 -3.3412816366338736 5.878670661920663
    endloop
  endfacet
  facet normal 0.007121233247527877 -0.8630942814796422 0.5049926230294601
    outer loop
      vertex 7.620643425014931 -3.3412816366338736 5.878670661920663
      vertex 19.374898696588293 -3.2383379599537356 5.888859533960796
      vertex 7.614340021521743 -3.3353721811778763 5.888859533960796
    endloop
  endfacet
  facet normal 0.007268456583299479 -0.8809377665598338 0.4731763106786607
    outer loop
      vertex 7.614340021521743 -3.3353721811778763 5.888859533960796
      vertex 19.374898696588293 -3.2383379599537356 5.888859533960796
      vertex 7.523070303321636 -3.1845869677628444 6.170986462353988
    endloop
  endfacet
  facet normal 0.0072684565832995115 -0.8809377665598331 0.473176310678662
    outer loop
      vertex 7.523070303321636 -3.1845869677628444 6.170986462353988
      vertex 19.374898696588293 -3.2383379599537356 5.888859533960796
      vertex 7.505362431434193 -3.155088117113843 6.226178068348281
    endloop
  endfacet
  facet normal 0.003522795532072778 -0.9349699661064675 0.35470939146082686
    outer loop
      vertex 7.505362431434193 -3.155088117113843 6.226178068348281
      vertex 19.244211334131275 -3.1076505974967183 6.234633135269819
      vertex 7.501955621598382 -3.1518932656680043 6.234633135269819
    endloop
  endfacet
  facet normal 0.0036040458024146522 -0.956534249873736 0.2915977360549
    outer loop
      vertex 7.501955621598382 -3.1518932656680043 6.234633135269819
      vertex 19.244211334131275 -3.1076505974967183 6.234633135269819
      vertex 7.442710893521591 -3.053566656567404 6.557908244561008
    endloop
  endfacet
  facet normal 0.0036040458024144 -0.9565342498737386 0.29159773605489125
    outer loop
      vertex 7.442710893521591 -3.053566656567404 6.557908244561008
      vertex 19.244211334131275 -3.1076505974967183 6.234633135269819
      vertex 7.434554795812935 -3.0399138651886792 6.602794592743692
    endloop
  endfacet
  facet normal 0.0009362663597547725 -0.9777181390264101 0.2099198990663748
    outer loop
      vertex 7.434554795812935 -3.0399138651886792 6.602794592743692
      vertex 19.163734453685507 -3.0271737170509474 6.609819355967742
      vertex 7.432948431495154 -3.0384071593771735 6.609819355967742
    endloop
  endfacet
  facet normal 0.0009519354038567094 -0.9940809063949623 0.10863813952731813
    outer loop
      vertex 7.432948431495154 -3.0384071593771735 6.609819355967742
      vertex 19.163734453685507 -3.0271737170509474 6.609819355967742
      vertex 7.410416202912131 -3.0009041478406626 6.953183823448257
    endloop
  endfacet
  facet normal 0.0009519354038561067 -0.9940809063949646 0.10863813952729769
    outer loop
      vertex 7.410416202912131 -3.0009041478406626 6.953183823448257
      vertex 19.163734453685507 -3.0271737170509474 6.609819355967742
      vertex 8.750261767545517 -3 6.94971680601449
    endloop
  endfacet
  facet normal 0.012536401734122262 -0.5949591638559438 0.8036581561680294
    outer loop
      vertex 7.9678222862861805 -3.8920823252397043 5.325968375774987
      vertex 20.009578198861455 -3.8730174622268976 5.152240934977426
      vertex 19.765079340620552 -3.6285186039859925 5.337060775394909
    endloop
  endfacet
  facet normal 0.0053780076043634575 -0.1467409229102584 0.9891603401762795
    outer loop
      vertex 8.398511320919265 -4.573579087247953 5.038429439193539
      vertex 19.291223750546983 -4.433412235865969 5
      vertex 20.27487491972471 -4.138314183090151 5.038429439193539
    endloop
  endfacet
  facet normal 0.011045908890522503 -0.38487630238185977 0.9229020640141886
    outer loop
      vertex 8.187022020018643 -4.233026028724838 5.143607421405809
      vertex 20.27487491972471 -4.138314183090151 5.038429439193539
      vertex 20.009578198861455 -3.8730174622268976 5.152240934977426
    endloop
  endfacet
  facet normal 0.010640887977747905 -0.7529861620408278 0.6579503106451651
    outer loop
      vertex 19.765079340620552 -3.6285186039859925 5.337060775394909
      vertex 19.550774299007653 -3.4142135623730945 5.585786437626904
      vertex 7.776641355588044 -3.5905314634310472 5.574421278572035
    endloop
  endfacet
  facet normal 0.007121233247527856 -0.8630942814796403 0.5049926230294636
    outer loop
      vertex 7.620643425014931 -3.3412816366338736 5.878670661920663
      vertex 19.550774299007653 -3.4142135623730945 5.585786437626904
      vertex 19.374898696588293 -3.2383379599537356 5.888859533960796
    endloop
  endfacet
  facet normal 0.003522795532072774 -0.9349699661064668 0.35470939146082886
    outer loop
      vertex 7.505362431434193 -3.155088117113843 6.226178068348281
      vertex 19.374898696588293 -3.2383379599537356 5.888859533960796
      vertex 19.244211334131275 -3.1076505974967183 6.234633135269819
    endloop
  endfacet
  facet normal 0.0009362663597548005 -0.9777181390264174 0.2099198990663411
    outer loop
      vertex 7.434554795812935 -3.0399138651886792 6.602794592743692
      vertex 19.244211334131275 -3.1076505974967183 6.234633135269819
      vertex 19.163734453685507 -3.0271737170509474 6.609819355967742
    endloop
  endfacet
  facet normal -0.00009963496833965885 -0.9970573620824638 0.0766590294096639
    outer loop
      vertex 19.163734453685507 -3.0271737170509474 6.609819355967742
      vertex 19.136560736634557 -3 6.9632160451376635
      vertex 8.750261767545517 -3 6.94971680601449
    endloop
  endfacet
  facet normal 0.005378007604363441 -0.14674092291025834 0.9891603401762795
    outer loop
      vertex 20.27487491972471 -4.138314183090151 5.038429439193539
      vertex 19.291223750546983 -4.433412235865969 5
      vertex 20.524764115085645 -4.388203378451086 5
    endloop
  endfacet
  facet normal 0.15199902416205735 0 0.9883806436053785
    outer loop
      vertex 20.27487491972471 -4.138314183090151 5.038429439193539
      vertex 20.524764115085645 -4.388203378451086 5
      vertex 20.27487491972471 -3 5.038429439193539
    endloop
  endfacet
  facet normal -0.15199902416205793 3.898919985861799e-16 0.9883806436053785
    outer loop
      vertex 20.826673678290597 -4.03114836953451 5.038429439193539
      vertex 20.576784482929664 -3 5
      vertex 20.57678448292966 -4.383013072608247 5
    endloop
  endfacet
  facet normal 0.7575811009815937 0 0.6527410477635955
    outer loop
      vertex 19.550774299007653 -3.4142135623730945 5.585786437626904
      vertex 19.765079340620552 -3 5.337060775394909
      vertex 19.550774299007653 -3 5.585786437626904
    endloop
  endfacet
  facet normal 0.39424968191483284 0 0.919003366865461
    outer loop
      vertex 20.009578198861455 -3.8730174622268976 5.152240934977426
      vertex 20.27487491972471 -3 5.038429439193539
      vertex 20.009578198861455 -3 5.152240934977426
    endloop
  endfacet
  facet normal 0.603014542252139 0 0.7977301936321849
    outer loop
      vertex 20.009578198861455 -3.8730174622268976 5.152240934977426
      vertex 20.009578198861455 -3 5.152240934977426
      vertex 19.765079340620552 -3.6285186039859925 5.337060775394909
    endloop
  endfacet
  facet normal 0.603014542252139 0 0.7977301936321849
    outer loop
      vertex 19.765079340620552 -3.6285186039859925 5.337060775394909
      vertex 20.009578198861455 -3 5.152240934977426
      vertex 19.765079340620552 -3 5.337060775394909
    endloop
  endfacet
  facet normal 0.3942496819148328 0 0.919003366865461
    outer loop
      vertex 20.27487491972471 -4.138314183090151 5.038429439193539
      vertex 20.27487491972471 -3 5.038429439193539
      vertex 20.009578198861455 -3.8730174622268976 5.152240934977426
    endloop
  endfacet
  facet normal 0.15199902416205738 2.0297588942992467e-18 0.9883806436053786
    outer loop
      vertex 20.27487491972471 -3 5.038429439193539
      vertex 20.524764115085645 -4.388203378451086 5
      vertex 20.524764115085645 -3 5
    endloop
  endfacet
  facet normal 0.7575811009815937 0 0.6527410477635955
    outer loop
      vertex 19.765079340620552 -3.6285186039859925 5.337060775394909
      vertex 19.765079340620552 -3 5.337060775394909
      vertex 19.550774299007653 -3.4142135623730945 5.585786437626904
    endloop
  endfacet
  facet normal 0.8649157242290776 0 0.5019171146526987
    outer loop
      vertex 19.550774299007653 -3.4142135623730945 5.585786437626904
      vertex 19.550774299007653 -3 5.585786437626904
      vertex 19.374898696588293 -3.2383379599537356 5.888859533960796
    endloop
  endfacet
  facet normal 0.8649157242290775 0 0.5019171146526987
    outer loop
      vertex 19.374898696588293 -3.2383379599537356 5.888859533960796
      vertex 19.550774299007653 -3 5.585786437626904
      vertex 19.374898696588293 -3 5.888859533960796
    endloop
  endfacet
  facet normal 0.9354168290244663 0 0.3535468228931103
    outer loop
      vertex 19.374898696588293 -3.2383379599537356 5.888859533960796
      vertex 19.374898696588293 -3 5.888859533960796
      vertex 19.244211334131275 -3.1076505974967183 6.234633135269819
    endloop
  endfacet
  facet normal 0.9354168290244664 0 0.3535468228931103
    outer loop
      vertex 19.244211334131275 -3.1076505974967183 6.234633135269819
      vertex 19.374898696588293 -3 5.888859533960796
      vertex 19.244211334131275 -3 6.234633135269819
    endloop
  endfacet
  facet normal -0.1519990241620595 0 0.9883806436053781
    outer loop
      vertex 20.826673678290597 -4.03114836953451 5.038429439193539
      vertex 20.826673678290597 -3 5.038429439193539
      vertex 20.576784482929664 -3 5
    endloop
  endfacet
  facet normal -0.3942496819148328 1.0435066314202037e-17 0.919003366865461
    outer loop
      vertex 20.826673678290597 -4.03114836953451 5.038429439193539
      vertex 21.09197039915385 -3.558583413197336 5.152240934977426
      vertex 21.09197039915385 -3 5.152240934977426
    endloop
  endfacet
  facet normal -0.39424968191483284 0 0.9190033668654611
    outer loop
      vertex 20.826673678290597 -4.03114836953451 5.038429439193539
      vertex 21.09197039915385 -3 5.152240934977426
      vertex 20.826673678290597 -3 5.038429439193539
    endloop
  endfacet
  facet normal -0.6030145422521446 0 0.7977301936321808
    outer loop
      vertex 21.09197039915385 -3.558583413197336 5.152240934977426
      vertex 21.33646925739475 -3 5.337060775394909
      vertex 21.09197039915385 -3 5.152240934977426
    endloop
  endfacet
  facet normal -0.6030145422521427 -2.4344371190894995e-16 0.7977301936321822
    outer loop
      vertex 21.09197039915385 -3.558583413197336 5.152240934977426
      vertex 21.33646925739475 -3.0146790996161337 5.337060775394909
      vertex 21.33646925739475 -3 5.337060775394909
    endloop
  endfacet
  facet normal -0.7575811009815063 0 0.6527410477636967
    outer loop
      vertex 21.33646925739475 -3.0146790996161337 5.337060775394909
      vertex 21.34176218043715 -3 5.343203821675835
      vertex 21.33646925739475 -3 5.337060775394909
    endloop
  endfacet
  facet normal 0.9777597688831537 0 0.2097280008810504
    outer loop
      vertex 19.244211334131275 -3.1076505974967183 6.234633135269819
      vertex 19.244211334131275 -3 6.234633135269819
      vertex 19.163734453685507 -3 6.609819355967742
    endloop
  endfacet
  facet normal 0.9777597688831536 -1.0286185405154061e-16 0.20972800088105037
    outer loop
      vertex 19.244211334131275 -3.1076505974967183 6.234633135269819
      vertex 19.163734453685507 -3 6.609819355967742
      vertex 19.163734453685507 -3.0271737170509474 6.609819355967742
    endloop
  endfacet
  facet normal 0.99705678142862 0 0.076666645988991
    outer loop
      vertex 19.163734453685507 -3.0271737170509474 6.609819355967742
      vertex 19.163734453685507 -3 6.609819355967742
      vertex 19.136560736634557 -3 6.9632160451376635
    endloop
  endfacet
  facet normal 0.7575811009815936 1.4790344504030267e-17 0.6527410477635955
    outer loop
      vertex 19.765079340620545 3.6285186039859934 5.337060775394909
      vertex 19.550774299007646 3.4142135623730954 5.585786437626904
      vertex 19.550774299007646 3 5.585786437626904
    endloop
  endfacet
  facet normal 0.603014542252139 0 0.7977301936321849
    outer loop
      vertex 19.765079340620545 3.6285186039859934 5.337060775394909
      vertex 19.765079340620545 3 5.337060775394909
      vertex 20.009578198861448 3 5.152240934977426
    endloop
  endfacet
  facet normal 0.39424968191483284 -6.676676253255277e-18 0.919003366865461
    outer loop
      vertex 20.274874919724702 4.138314183090152 5.038429439193539
      vertex 20.009578198861448 3.8730174622268985 5.152240934977426
      vertex 20.009578198861448 3 5.152240934977426
    endloop
  endfacet
  facet normal 0.6030145422521389 -1.2186107714753797e-17 0.7977301936321849
    outer loop
      vertex 19.765079340620545 3.6285186039859934 5.337060775394909
      vertex 20.009578198861448 3 5.152240934977426
      vertex 20.009578198861448 3.8730174622268985 5.152240934977426
    endloop
  endfacet
  facet normal 0.39424968191483284 0 0.919003366865461
    outer loop
      vertex 20.274874919724702 4.138314183090152 5.038429439193539
      vertex 20.009578198861448 3 5.152240934977426
      vertex 20.274874919724702 3 5.038429439193539
    endloop
  endfacet
  facet normal 0.15199902416205524 0 0.9883806436053788
    outer loop
      vertex 20.274874919724702 4.138314183090152 5.038429439193539
      vertex 20.274874919724702 3 5.038429439193539
      vertex 20.52476411508564 3 5
    endloop
  endfacet
  facet normal 0.7575811009815936 0 0.6527410477635954
    outer loop
      vertex 19.765079340620545 3.6285186039859934 5.337060775394909
      vertex 19.550774299007646 3 5.585786437626904
      vertex 19.765079340620545 3 5.337060775394909
    endloop
  endfacet
  facet normal 0.8649157242290819 0 0.5019171146526912
    outer loop
      vertex 19.550774299007646 3.4142135623730954 5.585786437626904
      vertex 19.37489869658829 3 5.888859533960796
      vertex 19.550774299007646 3 5.585786437626904
    endloop
  endfacet
  facet normal 0.8649157242290818 -1.295301969089911e-17 0.5019171146526912
    outer loop
      vertex 19.550774299007646 3.4142135623730954 5.585786437626904
      vertex 19.37489869658829 3.2383379599537365 5.888859533960796
      vertex 19.37489869658829 3 5.888859533960796
    endloop
  endfacet
  facet normal 0.9354168290244664 0 0.35354682289311035
    outer loop
      vertex 19.37489869658829 3.2383379599537365 5.888859533960796
      vertex 19.244211334131272 3 6.234633135269819
      vertex 19.37489869658829 3 5.888859533960796
    endloop
  endfacet
  facet normal 0.9354168290244662 -8.3935379673058e-17 0.35354682289311024
    outer loop
      vertex 19.37489869658829 3.2383379599537365 5.888859533960796
      vertex 19.244211334131272 3.1076505974967192 6.234633135269819
      vertex 19.244211334131272 3 6.234633135269819
    endloop
  endfacet
  facet normal -0.3942496819148328 0 0.919003366865461
    outer loop
      vertex 21.091970399153844 3.558583413197336 5.152240934977426
      vertex 20.82667367829059 3 5.038429439193539
      vertex 21.091970399153844 3 5.152240934977426
    endloop
  endfacet
  facet normal -0.15199902416205738 0 0.9883806436053786
    outer loop
      vertex 20.576784482929654 3 5
      vertex 20.82667367829059 3 5.038429439193539
      vertex 20.576784482929654 4.383013072608248 5
    endloop
  endfacet
  facet normal -0.39424968191483284 5.6527800760222545e-18 0.919003366865461
    outer loop
      vertex 21.091970399153844 3.558583413197336 5.152240934977426
      vertex 20.82667367829059 4.031148369534511 5.038429439193539
      vertex 20.82667367829059 3 5.038429439193539
    endloop
  endfacet
  facet normal -0.6030145422521335 0 0.7977301936321891
    outer loop
      vertex 21.33646925739475 3.014679099616131 5.337060775394909
      vertex 21.091970399153844 3 5.152240934977426
      vertex 21.33646925739475 3 5.337060775394909
    endloop
  endfacet
  facet normal -0.6030145422521335 0 0.7977301936321892
    outer loop
      vertex 21.091970399153844 3.558583413197336 5.152240934977426
      vertex 21.091970399153844 3 5.152240934977426
      vertex 21.33646925739475 3.014679099616131 5.337060775394909
    endloop
  endfacet
  facet normal -0.7575811009816763 0 0.6527410477634995
    outer loop
      vertex 21.33646925739475 3.014679099616131 5.337060775394909
      vertex 21.33646925739475 3 5.337060775394909
      vertex 21.341762180437147 3 5.343203821675834
    endloop
  endfacet
  facet normal 0.977759768883152 0 0.20972800088105925
    outer loop
      vertex 19.244211334131272 3.1076505974967192 6.234633135269819
      vertex 19.1637344536855 3.027173717050948 6.609819355967742
      vertex 19.244211334131272 3 6.234633135269819
    endloop
  endfacet
  facet normal 0.9777597688831519 0 0.20972800088105925
    outer loop
      vertex 19.1637344536855 3.027173717050948 6.609819355967742
      vertex 19.1637344536855 3 6.609819355967742
      vertex 19.244211334131272 3 6.234633135269819
    endloop
  endfacet
  facet normal 0.9970567814286201 0 0.07666664598898851
    outer loop
      vertex 19.1637344536855 3.027173717050948 6.609819355967742
      vertex 19.13656073663455 3 6.963216045137675
      vertex 19.1637344536855 3 6.609819355967742
    endloop
  endfacet
  facet normal 0.15199902416205702 3.875511802723033e-16 0.9883806436053786
    outer loop
      vertex 20.274874919724702 4.138314183090152 5.038429439193539
      vertex 20.52476411508564 3 5
      vertex 20.524764115085638 4.388203378451088 5
    endloop
  endfacet
  facet normal -0.1519990241620574 0 0.9883806436053786
    outer loop
      vertex 20.82667367829059 4.031148369534511 5.038429439193539
      vertex 20.576784482929654 4.383013072608248 5
      vertex 20.82667367829059 3 5.038429439193539
    endloop
  endfacet
  facet normal 0.9999280119789686 0.011998785763045526 1.140783330060376e-11
    outer loop
      vertex 7.197437269455243 4.020441502257689 5.983886785146265
      vertex 7.200968552347865 3.7261593344494806 6.234633135269821
      vertex 7.197539937340691 4.011885595293379 5.9911507539375215
    endloop
  endfacet
  facet normal 0.9999280119790852 0.011998785753336991 1.2114521010339234e-14
    outer loop
      vertex 7.197437269455243 4.020441502257689 5.983886785146265
      vertex 7.2016331812629195 3.6707719741450733 6.317407737958648
      vertex 7.200968552347865 3.7261593344494806 6.234633135269821
    endloop
  endfacet
  facet normal 0.9999280119790852 0.011998785753341266 1.6584870683845215e-14
    outer loop
      vertex 7.197437269455243 4.020441502257689 5.983886785146265
      vertex 7.201972589141117 3.6424871583417686 6.359678472244913
      vertex 7.2016331812629195 3.6707719741450733 6.317407737958648
    endloop
  endfacet
  facet normal 0.010640887977747817 0.7529861620408255 0.6579503106451677
    outer loop
      vertex 7.776641355588043 3.5905314634310472 5.574421278572035
      vertex 7.766201833827261 3.5807482502454024 5.585786437626905
      vertex 19.550774299007646 3.4142135623730954 5.585786437626904
    endloop
  endfacet
  facet normal 0.013328336167147637 0.6325432057600165 0.7744103875219243
    outer loop
      vertex 7.95217819292846 3.877428585425994 5.337060775394909
      vertex 7.832450436178174 3.6822339432628803 5.498557597372908
      vertex 19.765079340620545 3.6285186039859934 5.337060775394909
    endloop
  endfacet
  facet normal 0.013328336167147655 0.6325432057600138 0.7744103875219266
    outer loop
      vertex 19.765079340620545 3.6285186039859934 5.337060775394909
      vertex 7.832450436178174 3.6822339432628803 5.498557597372908
      vertex 7.776641355588043 3.5905314634310472 5.574421278572035
    endloop
  endfacet
  facet normal 0.010902014056299 0.7714643495857192 0.6361791441157119
    outer loop
      vertex 7.766201833827261 3.5807482502454024 5.585786437626905
      vertex 7.653989504387933 3.3964827997017375 5.811159381197572
      vertex 19.550774299007646 3.4142135623730954 5.585786437626904
    endloop
  endfacet
  facet normal 0.010902014056299078 0.7714643495857157 0.6361791441157157
    outer loop
      vertex 7.653989504387933 3.3964827997017375 5.811159381197572
      vertex 7.62064342501493 3.3412816366338736 5.878670661920663
      vertex 19.550774299007646 3.4142135623730954 5.585786437626904
    endloop
  endfacet
  facet normal 0.007121233247527813 0.8630942814796423 0.5049926230294601
    outer loop
      vertex 7.62064342501493 3.3412816366338736 5.878670661920663
      vertex 7.614340021521742 3.3353721811778763 5.888859533960796
      vertex 19.37489869658829 3.2383379599537365 5.888859533960796
    endloop
  endfacet
  facet normal 0.0072684565832994135 0.8809377665598338 0.4731763106786606
    outer loop
      vertex 7.614340021521742 3.3353721811778763 5.888859533960796
      vertex 7.523070303321635 3.1845869677628444 6.170986462353988
      vertex 19.37489869658829 3.2383379599537365 5.888859533960796
    endloop
  endfacet
  facet normal 0.007268456583299452 0.8809377665598331 0.4731763106786621
    outer loop
      vertex 7.523070303321635 3.1845869677628444 6.170986462353988
      vertex 7.505362431434191 3.155088117113843 6.226178068348281
      vertex 19.37489869658829 3.2383379599537365 5.888859533960796
    endloop
  endfacet
  facet normal 0.0035227955320727583 0.934969966106476 0.3547093914608046
    outer loop
      vertex 7.505362431434191 3.155088117113843 6.226178068348281
      vertex 7.5019556215983805 3.151893265668004 6.234633135269821
      vertex 19.244211334131272 3.1076505974967192 6.234633135269819
    endloop
  endfacet
  facet normal 0.0036040458024145885 0.956534249873736 0.29159773605490025
    outer loop
      vertex 7.5019556215983805 3.151893265668004 6.234633135269821
      vertex 7.442710893521591 3.053566656567404 6.557908244561008
      vertex 19.244211334131272 3.1076505974967192 6.234633135269819
    endloop
  endfacet
  facet normal 0.0036040458024143313 0.9565342498737388 0.29159773605489137
    outer loop
      vertex 7.442710893521591 3.053566656567404 6.557908244561008
      vertex 7.434554795812934 3.0399138651886792 6.602794592743692
      vertex 19.244211334131272 3.1076505974967192 6.234633135269819
    endloop
  endfacet
  facet normal 0.000936266359754757 0.9777181390264156 0.20991989906634945
    outer loop
      vertex 7.434554795812934 3.0399138651886792 6.602794592743692
      vertex 7.432948431495153 3.0384071593771735 6.609819355967743
      vertex 19.1637344536855 3.027173717050948 6.609819355967742
    endloop
  endfacet
  facet normal 0.0009519354038566806 0.9940809063949625 0.10863813952731743
    outer loop
      vertex 7.432948431495153 3.0384071593771735 6.609819355967743
      vertex 7.41041620291213 3.000904147840663 6.953183823448256
      vertex 19.1637344536855 3.027173717050948 6.609819355967742
    endloop
  endfacet
  facet normal 0.0009519354038568515 0.9940809063949618 0.10863813952732324
    outer loop
      vertex 7.41041620291213 3.000904147840663 6.953183823448256
      vertex 7.4098777401769444 3 6.9614618434016124
      vertex 19.1637344536855 3.027173717050948 6.609819355967742
    endloop
  endfacet
  facet normal 0.0009519354038561666 0.9940809063949642 0.10863813952730048
    outer loop
      vertex 19.1637344536855 3.027173717050948 6.609819355967742
      vertex 7.4098777401769444 3 6.9614618434016124
      vertex 8.750261767545503 3 6.949716806014491
    endloop
  endfacet
  facet normal 0.011045908890523166 0.3848763023818821 0.9229020640141793
    outer loop
      vertex 8.187022020018643 4.233026028724838 5.143607421405809
      vertex 8.165566741228332 4.212939329719579 5.152240934977427
      vertex 20.009578198861448 3.8730174622268985 5.152240934977426
    endloop
  endfacet
  facet normal 0.013479041381220868 0.4696547525308236 0.8827472621700132
    outer loop
      vertex 8.05171964794212 4.028812230408532 5.251941858123121
      vertex 7.9678222862861805 3.8920823252397043 5.325968375774987
      vertex 20.009578198861448 3.8730174622268985 5.152240934977426
    endloop
  endfacet
  facet normal 0.01347904138122086 0.4696547525308223 0.882747262170014
    outer loop
      vertex 8.165566741228332 4.212939329719579 5.152240934977427
      vertex 8.05171964794212 4.028812230408532 5.251941858123121
      vertex 20.009578198861448 3.8730174622268985 5.152240934977426
    endloop
  endfacet
  facet normal 0.005378007604363725 0.14674092291028185 0.9891603401762759
    outer loop
      vertex 8.398511320919264 4.573579087247953 5.038429439193539
      vertex 19.29122375054698 4.433412235865971 5
      vertex 8.425710510893795 4.599029599357697 5.034506001376221
    endloop
  endfacet
  facet normal 0.004797804504044149 0.1076303355000492 0.9941794063206539
    outer loop
      vertex 8.425710510893795 4.599029599357697 5.034506001376221
      vertex 19.29122375054698 4.433412235865971 5
      vertex 8.569571580815074 4.829479773467703 5.008863097607898
    endloop
  endfacet
  facet normal 0.012536401734122021 0.594959163855935 0.8036581561680362
    outer loop
      vertex 7.9678222862861805 3.8920823252397043 5.325968375774987
      vertex 7.95217819292846 3.877428585425994 5.337060775394909
      vertex 19.765079340620545 3.6285186039859934 5.337060775394909
    endloop
  endfacet
  facet normal 0.004797804504044075 0.10763033550004718 0.994179406320654
    outer loop
      vertex 8.569571580815074 4.829479773467703 5.008863097607898
      vertex 19.29122375054698 4.433412235865971 5
      vertex 8.619652627486882 4.909115593674625 5
    endloop
  endfacet
  facet normal 0.010594061702095982 0.28906288460292917 0.957251489735945
    outer loop
      vertex 8.398511320919264 4.573579087247953 5.038429439193539
      vertex 8.301647399697734 4.4182354810057785 5.086410825251013
      vertex 20.274874919724702 4.138314183090152 5.038429439193539
    endloop
  endfacet
  facet normal 0.01059406170209599 0.2890628846029296 0.9572514897359448
    outer loop
      vertex 8.187022020018643 4.233026028724838 5.143607421405809
      vertex 20.274874919724702 4.138314183090152 5.038429439193539
      vertex 8.301647399697734 4.4182354810057785 5.086410825251013
    endloop
  endfacet
  facet normal 0.010640887977747853 0.7529861620408278 0.657950310645165
    outer loop
      vertex 19.765079340620545 3.6285186039859934 5.337060775394909
      vertex 7.776641355588043 3.5905314634310472 5.574421278572035
      vertex 19.550774299007646 3.4142135623730954 5.585786437626904
    endloop
  endfacet
  facet normal 0.007121233247527792 0.8630942814796402 0.5049926230294635
    outer loop
      vertex 7.62064342501493 3.3412816366338736 5.878670661920663
      vertex 19.37489869658829 3.2383379599537365 5.888859533960796
      vertex 19.550774299007646 3.4142135623730954 5.585786437626904
    endloop
  endfacet
  facet normal 0.0035227955320727036 0.9349699661064668 0.3547093914608289
    outer loop
      vertex 7.505362431434191 3.155088117113843 6.226178068348281
      vertex 19.244211334131272 3.1076505974967192 6.234633135269819
      vertex 19.37489869658829 3.2383379599537365 5.888859533960796
    endloop
  endfacet
  facet normal 0.0009362663597547629 0.9777181390264171 0.2099198990663422
    outer loop
      vertex 7.434554795812934 3.0399138651886792 6.602794592743692
      vertex 19.1637344536855 3.027173717050948 6.609819355967742
      vertex 19.244211334131272 3.1076505974967192 6.234633135269819
    endloop
  endfacet
  facet normal -0.00009963496833973597 0.9970573620824639 0.07665902940966264
    outer loop
      vertex 19.1637344536855 3.027173717050948 6.609819355967742
      vertex 8.750261767545503 3 6.949716806014491
      vertex 19.13656073663455 3 6.963216045137675
    endloop
  endfacet
  facet normal 0.012536401734122226 0.5949591638559437 0.8036581561680295
    outer loop
      vertex 7.9678222862861805 3.8920823252397043 5.325968375774987
      vertex 19.765079340620545 3.6285186039859934 5.337060775394909
      vertex 20.009578198861448 3.8730174622268985 5.152240934977426
    endloop
  endfacet
  facet normal 0.01104590889052248 0.3848763023818598 0.9229020640141886
    outer loop
      vertex 8.187022020018643 4.233026028724838 5.143607421405809
      vertex 20.009578198861448 3.8730174622268985 5.152240934977426
      vertex 20.274874919724702 4.138314183090152 5.038429439193539
    endloop
  endfacet
  facet normal 0.005378007604363424 0.1467409229102574 0.9891603401762795
    outer loop
      vertex 8.398511320919264 4.573579087247953 5.038429439193539
      vertex 20.524764115085638 4.388203378451088 5
      vertex 19.29122375054698 4.433412235865971 5
    endloop
  endfacet
  facet normal 0.005378007604363428 0.1467409229102578 0.9891603401762797
    outer loop
      vertex 8.398511320919264 4.573579087247953 5.038429439193539
      vertex 20.274874919724702 4.138314183090152 5.038429439193539
      vertex 20.524764115085638 4.388203378451088 5
    endloop
  endfacet
endsolid OpenSCAD_Model
